1756990645.702,latency_s,0.219365
1756990645.702,latency_s,0.119569
1756990645.808,latency_s,0.124160
1756990645.829,latency_s,0.218245
1756990645.829,latency_s,0.112349
1756990645.917,latency_s,0.132441
1756990645.938,latency_s,0.120834
1756990646.007,latency_s,0.217360
1756990646.007,latency_s,0.115893
1756990646.024,latency_s,0.139027
1756990646.045,latency_s,0.127706
1756990646.114,latency_s,0.120144
1756990646.133,latency_s,0.146610
1756990646.154,latency_s,0.135675
1756990646.159,latency_s,0.215640
1756990646.159,latency_s,0.115465
1756990646.223,latency_s,0.128192
1756990646.240,latency_s,0.153283
1756990646.261,latency_s,0.142469
1756990646.268,latency_s,0.123828
1756990646.333,latency_s,0.137095
1756990646.342,latency_s,0.213140
1756990646.342,latency_s,0.112852
1756990646.348,latency_s,0.161635
1756990646.369,latency_s,0.150054
1756990646.376,latency_s,0.131063
1756990646.440,latency_s,0.143974
1756990646.451,latency_s,0.121643
1756990646.457,latency_s,0.169878
1756990646.477,latency_s,0.157748
1756990646.484,latency_s,0.138904
1756990646.501,latency_s,0.215080
1756990646.502,latency_s,0.115038
1756990646.548,latency_s,0.151182
1756990646.558,latency_s,0.128387
1756990646.564,latency_s,0.176465
1756990646.587,latency_s,0.167162
1756990646.591,latency_s,0.146044
1756990646.611,latency_s,0.123960
1756990646.657,latency_s,0.159997
1756990646.667,latency_s,0.217907
1756990646.667,latency_s,0.117712
1756990646.667,latency_s,0.136527
1756990646.673,latency_s,0.184503
1756990646.695,latency_s,0.174675
1756990646.698,latency_s,0.152647
1756990646.719,latency_s,0.130945
1756990646.766,latency_s,0.168954
1756990646.775,latency_s,0.125773
1756990646.775,latency_s,0.144842
1756990646.781,latency_s,0.192464
1756990646.803,latency_s,0.182264
1756990646.806,latency_s,0.159982
1756990646.828,latency_s,0.215852
1756990646.828,latency_s,0.139827
1756990646.828,latency_s,0.115300
1756990646.874,latency_s,0.176104
1756990646.884,latency_s,0.133893
1756990646.884,latency_s,0.153022
1756990646.887,latency_s,0.198577
1756990646.911,latency_s,0.189567
1756990647.072,latency_s,0.325875
1756990647.072,latency_s,0.284262
1756990647.073,latency_s,0.259624
1756990647.073,latency_s,0.274689
1756990647.073,latency_s,0.222515
1756990647.073,latency_s,0.241332
1756990647.073,latency_s,0.283886
1756990647.073,latency_s,0.288171
1756990647.073,latency_s,0.187671
1756990647.073,latency_s,0.251328
1756990647.073,latency_s,0.226289
1756990647.073,latency_s,0.159506
1756990647.073,latency_s,0.184301
1756990647.089,latency_s,0.190796
1756990647.100,latency_s,0.149947
1756990647.107,latency_s,0.217856
1756990647.107,latency_s,0.117211
1756990647.124,latency_s,0.138084
1756990647.125,latency_s,0.203354
1756990647.287,latency_s,0.340051
1756990647.287,latency_s,0.273379
1756990647.287,latency_s,0.297186
1756990647.287,latency_s,0.332766
1756990647.287,latency_s,0.232396
1756990647.287,latency_s,0.288386
1756990647.287,latency_s,0.236002
1756990647.287,latency_s,0.196621
1756990647.287,latency_s,0.201275
1756990647.287,latency_s,0.265044
1756990647.287,latency_s,0.164871
1756990647.287,latency_s,0.240422
1756990647.287,latency_s,0.173037
1756990647.288,latency_s,0.197029
1756990647.317,latency_s,0.161944
1756990647.317,latency_s,0.218065
1756990647.317,latency_s,0.384931
1756990647.317,latency_s,0.284606
1756990647.317,latency_s,0.184389
1756990647.341,latency_s,0.188561
1756990647.341,latency_s,0.149709
1756990647.341,latency_s,0.154362
1756990647.386,latency_s,0.163020
1756990647.386,latency_s,0.258789
1756990647.386,latency_s,0.157338
1756990647.386,latency_s,0.238875
1756990647.386,latency_s,0.171160
1756990647.386,latency_s,0.194994
1756990647.393,latency_s,0.137427
1756990647.426,latency_s,0.227290
1756990647.426,latency_s,0.127197
1756990647.426,latency_s,0.193094
1756990647.448,latency_s,0.195188
1756990647.501,latency_s,0.209220
1756990647.501,latency_s,0.213151
1756990647.501,latency_s,0.176756
1756990647.501,latency_s,0.169828
1756990647.501,latency_s,0.253258
1756990647.501,latency_s,0.185550
1756990647.501,latency_s,0.209461
1756990647.501,latency_s,0.144418
1756990647.522,latency_s,0.188486
1756990647.522,latency_s,0.122763
1756990647.522,latency_s,0.215598
1756990647.533,latency_s,0.140790
1756990647.556,latency_s,0.168141
1756990647.556,latency_s,0.131500
1756990647.629,latency_s,0.197925
1756990647.629,latency_s,0.281291
1756990647.629,latency_s,0.180962
1756990647.630,latency_s,0.212068
1756990647.630,latency_s,0.237408
1756990647.630,latency_s,0.172133
1756990647.630,latency_s,0.195890
1756990647.630,latency_s,0.222466
1756990647.665,latency_s,0.148978
1756990647.665,latency_s,0.149324
1756990647.665,latency_s,0.149201
1756990647.665,latency_s,0.176984
1756990647.665,latency_s,0.133426
1756990647.703,latency_s,0.178560
1756990647.704,latency_s,0.154351
1756990647.704,latency_s,0.246407
1756990647.704,latency_s,0.145848
1756990647.704,latency_s,0.187820
1756990647.704,latency_s,0.185789
1756990647.738,latency_s,0.180464
1756990647.738,latency_s,0.122364
1756990647.738,latency_s,0.204515
1756990647.738,latency_s,0.122213
1756990647.739,latency_s,0.385842
1756990647.771,latency_s,0.318197
1756990647.772,latency_s,0.216888
1756990647.772,latency_s,0.155123
1756990647.772,latency_s,0.183209
1756990647.810,latency_s,0.178521
1756990647.811,latency_s,0.185164
1756990647.811,latency_s,0.160809
1756990647.811,latency_s,0.152510
1756990647.811,latency_s,0.194619
1756990647.811,latency_s,0.191908
1756990647.816,latency_s,0.158112
1756990647.846,latency_s,0.221041
1756990647.846,latency_s,0.120533
1756990647.846,latency_s,0.129930
1756990647.846,latency_s,0.212147
1756990647.846,latency_s,0.112086
1756990647.879,latency_s,0.161480
1756990647.879,latency_s,0.223531
1756990647.879,latency_s,0.161703
1756990647.923,latency_s,0.234612
1756990647.924,latency_s,0.191358
1756990647.924,latency_s,0.197882
1756990647.924,latency_s,0.173349
1756990647.924,latency_s,0.165165
1756990647.924,latency_s,0.207524
1756990647.924,latency_s,0.204455
1756990647.924,latency_s,0.165568
1756990647.986,latency_s,0.160104
1756990647.986,latency_s,0.169629
1756990647.986,latency_s,0.151308
1756990647.986,latency_s,0.229870
1756990647.987,latency_s,0.169456
1756990647.987,latency_s,0.169461
1756990648.030,latency_s,0.241199
1756990648.031,latency_s,0.198097
1756990648.031,latency_s,0.203185
1756990648.031,latency_s,0.179011
1756990648.031,latency_s,0.171391
1756990648.031,latency_s,0.214318
1756990648.031,latency_s,0.211287
1756990648.031,latency_s,0.227322
1756990648.031,latency_s,0.126528
1756990648.032,latency_s,0.172659
1756990648.055,latency_s,0.129411
1756990648.088,latency_s,0.165219
1756990648.089,latency_s,0.153542
1756990648.089,latency_s,0.165570
1756990648.089,latency_s,0.232188
1756990648.093,latency_s,0.169853
1756990648.134,latency_s,0.244465
1756990648.134,latency_s,0.206489
1756990648.134,latency_s,0.201075
1756990648.134,latency_s,0.181846
1756990648.134,latency_s,0.174828
1756990648.135,latency_s,0.217744
1756990648.135,latency_s,0.211478
1756990648.135,latency_s,0.129786
1756990648.139,latency_s,0.178888
1756990648.163,latency_s,0.136619
1756990648.197,latency_s,0.172964
1756990648.197,latency_s,0.161551
1756990648.197,latency_s,0.173152
1756990648.242,latency_s,0.284870
1756990648.242,latency_s,0.184130
1756990648.242,latency_s,0.218030
1756990648.242,latency_s,0.251352
1756990648.242,latency_s,0.260258
1756990648.242,latency_s,0.159651
1756990648.242,latency_s,0.213550
1756990648.242,latency_s,0.208020
1756990648.242,latency_s,0.189149
1756990648.242,latency_s,0.181255
1756990648.242,latency_s,0.225216
1756990648.242,latency_s,0.125093
1756990648.242,latency_s,0.218550
1756990648.242,latency_s,0.135745
1756990648.270,latency_s,0.209247
1756990648.270,latency_s,0.142766
1756990648.303,latency_s,0.179090
1756990648.304,latency_s,0.168100
1756990648.304,latency_s,0.179770
1756990648.304,latency_s,0.145399
1756990648.304,latency_s,0.179955
1756990648.304,latency_s,0.213319
1756990648.304,latency_s,0.121109
1756990648.348,latency_s,0.214036
1756990648.348,latency_s,0.219062
1756990648.348,latency_s,0.194484
1756990648.348,latency_s,0.187322
1756990648.349,latency_s,0.131271
1756990648.349,latency_s,0.224730
1756990648.410,latency_s,0.185462
1756990648.410,latency_s,0.203140
1756990648.410,latency_s,0.248802
1756990648.410,latency_s,0.247088
1756990648.410,latency_s,0.146333
1756990648.411,latency_s,0.181853
1756990648.411,latency_s,0.186113
1756990648.411,latency_s,0.150871
1756990648.411,latency_s,0.175067
1756990648.411,latency_s,0.186472
1756990648.411,latency_s,0.186470
1756990648.411,latency_s,0.220261
1756990648.411,latency_s,0.127434
1756990648.416,latency_s,0.181466
1756990648.499,latency_s,0.269443
1756990648.499,latency_s,0.244349
1756990648.499,latency_s,0.237792
1756990648.499,latency_s,0.181409
1756990648.499,latency_s,0.174207
1756990648.518,latency_s,0.209959
1756990648.518,latency_s,0.256148
1756990648.518,latency_s,0.187795
1756990648.519,latency_s,0.153823
1756990648.519,latency_s,0.193278
1756990648.526,latency_s,0.164375
1756990648.526,latency_s,0.189287
1756990648.526,latency_s,0.200745
1756990648.526,latency_s,0.200398
1756990648.526,latency_s,0.233956
1756990648.526,latency_s,0.133812
1756990648.526,latency_s,0.141695
1756990648.526,latency_s,0.190648
1756990648.626,latency_s,0.295905
1756990648.626,latency_s,0.270770
1756990648.626,latency_s,0.264641
1756990648.626,latency_s,0.207674
1756990648.626,latency_s,0.199927
1756990648.626,latency_s,0.217059
1756990648.626,latency_s,0.264110
1756990648.627,latency_s,0.195500
1756990648.672,latency_s,0.207188
1756990648.672,latency_s,0.235522
1756990648.672,latency_s,0.210081
1756990648.672,latency_s,0.245996
1756990648.672,latency_s,0.246370
1756990648.672,latency_s,0.179287
1756990648.673,latency_s,0.187819
1756990648.673,latency_s,0.241534
1756990648.673,latency_s,0.236790
1756990648.673,latency_s,0.217025
1756990648.673,latency_s,0.210650
1756990648.733,latency_s,0.205600
1756990648.734,latency_s,0.214193
1756990648.734,latency_s,0.223662
1756990648.734,latency_s,0.271100
1756990648.734,latency_s,0.170852
1756990648.734,latency_s,0.202366
1756990648.734,latency_s,0.168141
1756990648.734,latency_s,0.196339
1756990648.734,latency_s,0.171220
1756990648.734,latency_s,0.206535
1756990648.734,latency_s,0.206747
1756990648.734,latency_s,0.140106
1756990648.734,latency_s,0.148712
1756990648.841,latency_s,0.309234
1756990648.841,latency_s,0.284368
1756990648.841,latency_s,0.303252
1756990648.841,latency_s,0.278101
1756990648.841,latency_s,0.221223
1756990648.841,latency_s,0.213014
1756990648.841,latency_s,0.230705
1756990648.841,latency_s,0.177822
1756990648.841,latency_s,0.414913
1756990648.841,latency_s,0.314073
1756990648.948,latency_s,0.319572
1756990648.948,latency_s,0.315943
1756990648.948,latency_s,0.281518
1756990648.948,latency_s,0.310304
1756990648.948,latency_s,0.284727
1756990648.948,latency_s,0.320032
1756990648.948,latency_s,0.320299
1756990648.948,latency_s,0.254115
1756990648.948,latency_s,0.262105
1756990648.948,latency_s,0.316294
1756990648.948,latency_s,0.215805
1756990648.948,latency_s,0.310664
1756990648.948,latency_s,0.289909
1756990648.949,latency_s,0.285495
1756990648.949,latency_s,0.228662
1756990648.949,latency_s,0.219822
1756990648.949,latency_s,0.236634
1756990648.949,latency_s,0.184942
1756990648.949,latency_s,0.219236
1756990648.949,latency_s,0.216350
1756990648.949,latency_s,0.182182
1756990648.949,latency_s,0.185258
1756990649.055,latency_s,0.326196
1756990649.055,latency_s,0.317124
1756990649.055,latency_s,0.326208
1756990649.055,latency_s,0.260429
1756990649.055,latency_s,0.268921
1756990649.055,latency_s,0.222047
1756990649.056,latency_s,0.295662
1756990649.056,latency_s,0.317192
1756990649.056,latency_s,0.216249
1756990649.056,latency_s,0.292480
1756990649.056,latency_s,0.234796
1756990649.163,latency_s,0.334120
1756990649.163,latency_s,0.350865
1756990649.163,latency_s,0.298764
1756990649.163,latency_s,0.333723
1756990649.163,latency_s,0.329977
1756990649.163,latency_s,0.295942
1756990649.163,latency_s,0.298892
1756990649.163,latency_s,0.325180
1756990649.164,latency_s,0.334521
1756990649.164,latency_s,0.334390
1756990649.164,latency_s,0.233853
1756990649.164,latency_s,0.267974
1756990649.164,latency_s,0.276955
1756990649.164,latency_s,0.230105
1756990649.164,latency_s,0.303672
1756990649.164,latency_s,0.224237
1756990649.164,latency_s,0.300239
1756990649.164,latency_s,0.242504
1756990649.164,latency_s,0.234003
1756990649.164,latency_s,0.199180
1756990649.164,latency_s,0.233932
1756990649.164,latency_s,0.195960
1756990649.164,latency_s,0.230549
1756990649.164,latency_s,0.199369
1756990649.164,latency_s,0.234373
1756990649.164,latency_s,0.225207
1756990649.378,latency_s,0.347302
1756990649.378,latency_s,0.381477
1756990649.378,latency_s,0.391032
1756990649.378,latency_s,0.343454
1756990649.378,latency_s,0.417282
1756990649.378,latency_s,0.337836
1756990649.378,latency_s,0.414378
1756990649.378,latency_s,0.313763
1756990649.378,latency_s,0.347517
1756990649.378,latency_s,0.311683
1756990649.378,latency_s,0.347891
1756990649.378,latency_s,0.309374
1756990649.378,latency_s,0.312906
1756990649.378,latency_s,0.338578
1756990649.378,latency_s,0.347765
1756990649.378,latency_s,0.247304
1756990649.379,latency_s,0.247261
1756990649.379,latency_s,0.281995
1756990649.379,latency_s,0.291316
1756990649.379,latency_s,0.243535
1756990649.379,latency_s,0.316138
1756990649.379,latency_s,0.237213
1756990649.379,latency_s,0.215469
1756990649.379,latency_s,0.213653
1756990649.379,latency_s,0.465365
1756990649.381,latency_s,0.366298
1756990649.381,latency_s,0.265686
1756990649.381,latency_s,0.248744
1756990649.381,latency_s,0.213986
1756990649.381,latency_s,0.250057
1756990649.381,latency_s,0.211173
1756990649.381,latency_s,0.241346
1756990649.485,latency_s,0.244783
1756990649.488,latency_s,0.322197
1756990649.488,latency_s,0.256813
1756990649.488,latency_s,0.291765
1756990649.489,latency_s,0.256917
1756990649.489,latency_s,0.300719
1756990649.489,latency_s,0.252908
1756990649.596,latency_s,0.332433
1756990649.596,latency_s,0.353430
1756990649.596,latency_s,0.329268
1756990649.596,latency_s,0.574147
1756990649.596,latency_s,0.473485
1756990649.596,latency_s,0.373349
1756990649.596,latency_s,0.380134
1756990649.596,latency_s,0.363062
1756990649.596,latency_s,0.328840
1756990649.596,latency_s,0.561869
1756990649.596,latency_s,0.461215
1756990649.596,latency_s,0.360627
1756990649.596,latency_s,0.364675
1756990649.597,latency_s,0.263486
1756990649.597,latency_s,0.325692
1756990649.597,latency_s,0.255193
1756990649.597,latency_s,0.263613
1756990649.597,latency_s,0.329750
1756990649.597,latency_s,0.299666
1756990649.597,latency_s,0.264805
1756990649.597,latency_s,0.308968
1756990649.597,latency_s,0.232814
1756990649.597,latency_s,0.260846
1756990649.597,latency_s,0.253674
1756990649.597,latency_s,0.230053
1756990649.597,latency_s,0.273499
1756990649.703,latency_s,0.385320
1756990649.703,latency_s,0.369710
1756990649.703,latency_s,0.335208
1756990649.703,latency_s,0.367099
1756990649.703,latency_s,0.266600
1756990649.704,latency_s,0.270305
1756990649.704,latency_s,0.332229
1756990649.704,latency_s,0.270472
1756990649.704,latency_s,0.334295
1756990649.811,latency_s,0.368737
1756990649.811,latency_s,0.413775
1756990649.811,latency_s,0.378229
1756990649.811,latency_s,0.422287
1756990649.811,latency_s,0.346243
1756990649.811,latency_s,0.374487
1756990649.811,latency_s,0.367010
1756990649.811,latency_s,0.343516
1756990649.811,latency_s,0.387051
1756990649.811,latency_s,0.393470
1756990649.812,latency_s,0.377819
1756990649.812,latency_s,0.343366
1756990649.812,latency_s,0.274092
1756990649.812,latency_s,0.278125
1756990649.812,latency_s,0.339986
1756990649.812,latency_s,0.277833
1756990649.812,latency_s,0.269495
1756990649.812,latency_s,0.341118
1756990649.812,latency_s,0.278623
1756990649.812,latency_s,0.314047
1756990649.812,latency_s,0.322054
1756990649.812,latency_s,0.221856
1756990649.918,latency_s,0.351659
1756990649.918,latency_s,0.380937
1756990649.919,latency_s,0.372615
1756990649.919,latency_s,0.350024
1756990649.919,latency_s,0.393343
1756990649.919,latency_s,0.399964
1756990649.919,latency_s,0.384726
1756990649.919,latency_s,0.350029
1756990649.919,latency_s,0.280778
1756990649.919,latency_s,0.284209
1756990649.919,latency_s,0.345466
1756990649.919,latency_s,0.284280
1756990649.919,latency_s,0.345416
1756990649.919,latency_s,0.275993
1756990649.919,latency_s,0.282160
1756990649.919,latency_s,0.321054
1756990650.045,latency_s,0.354232
1756990650.045,latency_s,0.407136
1756990650.045,latency_s,0.397890
1756990650.045,latency_s,0.376207
1756990650.045,latency_s,0.419282
1756990650.045,latency_s,0.425490
1756990650.045,latency_s,0.324817
1756990650.045,latency_s,0.408017
1756990650.045,latency_s,0.376158
1756990650.045,latency_s,0.306640
1756990650.045,latency_s,0.309824
1756990650.045,latency_s,0.369864
1756990650.045,latency_s,0.301469
1756990650.045,latency_s,0.370047
1756990650.045,latency_s,0.309955
1756990650.045,latency_s,0.267545
1756990650.045,latency_s,0.346532
1756990650.045,latency_s,0.308063
1756990650.045,latency_s,0.254683
1756990650.046,latency_s,0.307137
1756990650.262,latency_s,0.514383
1756990650.262,latency_s,0.493332
1756990650.262,latency_s,0.536337
1756990650.262,latency_s,0.434740
1756990650.262,latency_s,0.442084
1756990650.263,latency_s,0.524993
1756990650.263,latency_s,0.424469
1756990650.263,latency_s,0.493525
1756990650.263,latency_s,0.424014
1756990650.263,latency_s,0.426226
1756990650.263,latency_s,0.484809
1756990650.263,latency_s,0.384061
1756990650.263,latency_s,0.418858
1756990650.263,latency_s,0.384248
1756990650.263,latency_s,0.424634
1756990650.263,latency_s,0.463114
1756990650.263,latency_s,0.595208
1756990650.263,latency_s,0.494539
1756990650.263,latency_s,0.388943
1756990650.263,latency_s,0.372097
1756990650.263,latency_s,0.424182
1756990650.263,latency_s,0.415127
1756990650.263,latency_s,0.393989
1756990650.263,latency_s,0.335176
1756990650.263,latency_s,0.342108
1756990650.263,latency_s,0.324917
1756990650.263,latency_s,0.393578
1756990650.263,latency_s,0.324509
1756990650.263,latency_s,0.326037
1756990650.263,latency_s,0.284526
1756990650.263,latency_s,0.319446
1756990650.264,latency_s,0.284775
1756990650.373,latency_s,0.434190
1756990650.479,latency_s,0.577699
1756990650.479,latency_s,0.476714
1756990650.479,latency_s,0.504014
1756990650.479,latency_s,0.487718
1756990650.479,latency_s,0.539805
1756990650.479,latency_s,0.509554
1756990650.479,latency_s,0.530334
1756990650.479,latency_s,0.439499
1756990650.479,latency_s,0.455325
1756990650.479,latency_s,0.440146
1756990650.479,latency_s,0.508233
1756990650.479,latency_s,0.406144
1756990650.479,latency_s,0.440031
1756990650.479,latency_s,0.441238
1756990650.479,latency_s,0.643106
1756990650.479,latency_s,0.541780
1756990650.479,latency_s,0.441125
1756990650.479,latency_s,0.399704
1756990650.479,latency_s,0.399866
1756990650.480,latency_s,0.432824
1756990650.480,latency_s,0.440682
1756990650.480,latency_s,0.375956
1756990650.480,latency_s,0.404628
1756990650.480,latency_s,0.409712
1756990650.480,latency_s,0.339329
1756990650.481,latency_s,0.389284
1756990650.481,latency_s,0.431587
1756990650.481,latency_s,0.330951
1756990650.481,latency_s,0.355916
1756990650.481,latency_s,0.340476
1756990650.481,latency_s,0.307567
1756990650.586,latency_s,0.446174
1756990650.588,latency_s,0.448157
1756990650.589,latency_s,0.449593
1756990650.589,latency_s,0.407927
1756990650.630,latency_s,0.449259
1756990650.630,latency_s,0.482648
1756990650.630,latency_s,0.423228
1756990650.630,latency_s,0.490201
1756990650.630,latency_s,0.454465
1756990650.630,latency_s,0.459948
1756990650.630,latency_s,0.389079
1756990650.630,latency_s,0.378944
1756990650.630,latency_s,0.438614
1756990650.630,latency_s,0.404684
1756990650.630,latency_s,0.389121
1756990650.695,latency_s,0.418073
1756990650.695,latency_s,0.454045
1756990650.695,latency_s,0.453770
1756990650.695,latency_s,0.455516
1756990650.696,latency_s,0.667866
1756990650.697,latency_s,0.566990
1756990650.697,latency_s,0.464209
1756990650.697,latency_s,0.415631
1756990650.778,latency_s,0.497114
1756990650.778,latency_s,0.530509
1756990650.778,latency_s,0.470381
1756990650.778,latency_s,0.537395
1756990650.778,latency_s,0.501858
1756990650.778,latency_s,0.436894
1756990650.778,latency_s,0.507790
1756990650.778,latency_s,0.485629
1756990650.778,latency_s,0.451565
1756990650.778,latency_s,0.424635
1756990650.804,latency_s,0.462213
1756990650.805,latency_s,0.426825
1756990650.805,latency_s,0.464002
1756990650.805,latency_s,0.463561
1756990650.805,latency_s,0.465369
1756990650.805,latency_s,0.472569
1756990650.911,latency_s,0.529452
1756990650.911,latency_s,0.529758
1756990650.911,latency_s,0.563670
1756990650.911,latency_s,0.502494
1756990650.912,latency_s,0.570162
1756990650.912,latency_s,0.534742
1756990650.912,latency_s,0.469807
1756990650.912,latency_s,0.540877
1756990650.912,latency_s,0.518521
1756990650.912,latency_s,0.483868
1756990650.912,latency_s,0.440402
1756990650.912,latency_s,0.456744
1756990650.913,latency_s,0.471043
1756990650.913,latency_s,0.433275
1756990650.913,latency_s,0.471753
1756990650.913,latency_s,0.471229
1756990650.913,latency_s,0.472833
1756990650.913,latency_s,0.479852
1756990650.913,latency_s,0.431020
1756990650.913,latency_s,0.431372
1756990650.913,latency_s,0.464730
1756990650.913,latency_s,0.471896
1756990650.913,latency_s,0.403912
1756990650.913,latency_s,0.370815
1756990650.914,latency_s,0.436522
1756990650.914,latency_s,0.371006
1756990651.019,latency_s,0.462491
1756990651.019,latency_s,0.488130
1756990651.019,latency_s,0.525396
1756990651.019,latency_s,0.446924
1756990651.019,latency_s,0.476629
1756990651.020,latency_s,0.439468
1756990651.021,latency_s,0.478502
1756990651.127,latency_s,0.584381
1756990651.127,latency_s,0.586391
1756990651.127,latency_s,0.593366
1756990651.127,latency_s,0.544583
1756990651.127,latency_s,0.482437
1756990651.127,latency_s,0.516547
1756990651.127,latency_s,0.468793
1756990651.127,latency_s,0.482485
1756990651.127,latency_s,0.533155
1756990651.127,latency_s,0.455081
1756990651.127,latency_s,0.432308
1756990651.127,latency_s,0.496681
1756990651.127,latency_s,0.484881
1756990651.128,latency_s,0.445856
1756990651.128,latency_s,0.485376
1756990651.128,latency_s,0.484839
1756990651.128,latency_s,0.486562
1756990651.128,latency_s,0.492058
1756990651.129,latency_s,0.392294
1756990651.129,latency_s,0.445353
1756990651.129,latency_s,0.384044
1756990651.129,latency_s,0.415384
1756990651.129,latency_s,0.370414
1756990651.129,latency_s,0.384341
1756990651.234,latency_s,0.437998
1756990651.234,latency_s,0.461420
1756990651.234,latency_s,0.502332
1756990651.234,latency_s,0.491563
1756990651.235,latency_s,0.451252
1756990651.235,latency_s,0.491675
1756990651.235,latency_s,0.492162
1756990651.236,latency_s,0.493896
1756990651.237,latency_s,0.654575
1756990651.237,latency_s,0.395376
1756990651.237,latency_s,0.553805
1756990651.238,latency_s,0.688774
1756990651.238,latency_s,0.450756
1756990651.238,latency_s,0.588563
1756990651.238,latency_s,0.487606
1756990651.238,latency_s,0.400146
1756990651.238,latency_s,0.451041
1756990651.238,latency_s,0.423969
1756990651.238,latency_s,0.392334
1756990651.238,latency_s,0.365062
1756990651.238,latency_s,0.376794
1756990651.238,latency_s,0.341836
1756990651.238,latency_s,0.392879
1756990651.238,latency_s,0.403177
1756990651.238,latency_s,0.394738
1756990651.342,latency_s,0.764593
1756990651.343,latency_s,0.665175
1756990651.343,latency_s,0.565007
1756990651.343,latency_s,0.464055
1756990651.343,latency_s,0.457121
1756990651.343,latency_s,0.499929
1756990651.344,latency_s,0.399983
1756990651.345,latency_s,0.500781
1756990651.345,latency_s,0.400066
1756990651.345,latency_s,0.401328
1756990651.345,latency_s,0.457921
1756990651.345,latency_s,0.494877
1756990651.345,latency_s,0.394972
1756990651.345,latency_s,0.407346
1756990651.451,latency_s,0.563887
1756990651.451,latency_s,0.536214
1756990651.451,latency_s,0.503526
1756990651.451,latency_s,0.477493
1756990651.452,latency_s,0.488610
1756990651.452,latency_s,0.454173
1756990651.453,latency_s,0.507130
1756990651.453,latency_s,0.515755
1756990651.453,latency_s,0.506800
1756990651.453,latency_s,0.473657
1756990651.453,latency_s,0.465465
1756990651.453,latency_s,0.407972
1756990651.454,latency_s,0.408016
1756990651.454,latency_s,0.409620
1756990651.454,latency_s,0.466034
1756990651.454,latency_s,0.402130
1756990651.454,latency_s,0.415450
1756990651.454,latency_s,0.466299
1756990651.454,latency_s,0.438488
1756990651.454,latency_s,0.405849
1756990651.454,latency_s,0.355865
1756990651.455,latency_s,0.380449
1756990651.455,latency_s,0.416644
1756990651.669,latency_s,0.604681
1756990651.669,latency_s,0.622963
1756990651.669,latency_s,0.622471
1756990651.669,latency_s,0.587964
1756990651.669,latency_s,0.580935
1756990651.670,latency_s,0.523740
1756990651.670,latency_s,0.524605
1756990651.670,latency_s,0.517205
1756990651.670,latency_s,0.582063
1756990651.670,latency_s,0.530848
1756990651.670,latency_s,0.581977
1756990651.670,latency_s,0.553098
1756990651.670,latency_s,0.520720
1756990651.670,latency_s,0.495487
1756990651.670,latency_s,0.471303
1756990651.670,latency_s,0.530481
1756990651.670,latency_s,0.505996
1756990651.670,latency_s,0.524214
1756990651.670,latency_s,0.523383
1756990651.670,latency_s,0.487786
1756990651.670,latency_s,0.481587
1756990651.670,latency_s,0.424329
1756990651.671,latency_s,0.481720
1756990651.671,latency_s,0.424713
1756990651.671,latency_s,0.417107
1756990651.671,latency_s,0.430165
1756990651.671,latency_s,0.482189
1756990651.671,latency_s,0.453153
1756990651.671,latency_s,0.420852
1756990651.671,latency_s,0.395133
1756990651.671,latency_s,0.429508
1756990651.671,latency_s,0.371733
1756990651.776,latency_s,0.510661
1756990651.778,latency_s,0.531377
1756990651.778,latency_s,0.530420
1756990651.778,latency_s,0.494780
1756990651.778,latency_s,0.488825
1756990651.885,latency_s,0.738903
1756990651.886,latency_s,0.639827
1756990651.886,latency_s,0.539145
1756990651.886,latency_s,0.539207
1756990651.886,latency_s,0.596626
1756990651.886,latency_s,0.539166
1756990651.886,latency_s,0.531002
1756990651.886,latency_s,0.545494
1756990651.886,latency_s,0.597461
1756990651.887,latency_s,0.497029
1756990651.887,latency_s,0.566385
1756990651.887,latency_s,0.535099
1756990651.887,latency_s,0.510016
1756990651.887,latency_s,0.539601
1756990651.887,latency_s,0.544879
1756990651.887,latency_s,0.520530
1756990651.887,latency_s,0.486874
1756990651.887,latency_s,0.444293
1756990651.887,latency_s,0.539059
1756990651.887,latency_s,0.438560
1756990651.887,latency_s,0.502901
1756990651.887,latency_s,0.496100
1756990651.887,latency_s,0.438470
1756990651.887,latency_s,0.440059
1756990651.887,latency_s,0.496054
1756990651.887,latency_s,0.431805
1756990651.887,latency_s,0.438731
1756990651.887,latency_s,0.444868
1756990651.992,latency_s,0.502205
1756990651.993,latency_s,0.571101
1756990651.993,latency_s,0.540943
1756990651.993,latency_s,0.515402
1756990651.994,latency_s,0.526581
1756990651.994,latency_s,0.451116
1756990651.994,latency_s,0.493824
1756990652.101,latency_s,0.653119
1756990652.101,latency_s,0.553206
1756990652.101,latency_s,0.552170
1756990652.101,latency_s,0.614562
1756990652.101,latency_s,0.609782
1756990652.101,latency_s,0.552065
1756990652.101,latency_s,0.553806
1756990652.101,latency_s,0.609867
1756990652.101,latency_s,0.544766
1756990652.101,latency_s,0.508245
1756990652.101,latency_s,0.556848
1756990652.101,latency_s,0.552503
1756990652.101,latency_s,0.510942
1756990652.101,latency_s,0.576709
1756990652.101,latency_s,0.549130
1756990652.101,latency_s,0.500456
1756990652.102,latency_s,0.453164
1756990652.102,latency_s,0.523070
1756990652.102,latency_s,0.457280
1756990652.102,latency_s,0.452721
1756990652.208,latency_s,0.619763
1756990652.208,latency_s,0.616414
1756990652.208,latency_s,0.559170
1756990652.208,latency_s,0.560161
1756990652.209,latency_s,0.552084
1756990652.209,latency_s,0.514487
1756990652.209,latency_s,0.559786
1756990652.209,latency_s,0.563986
1756990652.209,latency_s,0.518073
1756990652.209,latency_s,0.581110
1756990652.209,latency_s,0.554581
1756990652.209,latency_s,0.479992
1756990652.209,latency_s,0.507833
1756990652.209,latency_s,0.529602
1756990652.209,latency_s,0.458380
1756990652.316,latency_s,0.565155
1756990652.316,latency_s,0.569630
1756990652.316,latency_s,0.626278
1756990652.316,latency_s,0.623394
1756990652.316,latency_s,0.522326
1756990652.316,latency_s,0.565403
1756990652.316,latency_s,0.567492
1756990652.316,latency_s,0.557951
1756990652.316,latency_s,0.569765
1756990652.316,latency_s,0.565451
1756990652.316,latency_s,0.521324
1756990652.316,latency_s,0.525515
1756990652.317,latency_s,0.561337
1756990652.317,latency_s,0.484447
1756990652.317,latency_s,0.745755
1756990652.317,latency_s,0.645559
1756990652.317,latency_s,0.545556
1756990652.424,latency_s,0.622588
1756990652.425,latency_s,0.644458
1756990652.425,latency_s,0.571657
1756990652.425,latency_s,0.572728
1756990652.425,latency_s,0.576493
1756990652.425,latency_s,0.634160
1756990652.425,latency_s,0.533748
1756990652.425,latency_s,0.530324
1756990652.425,latency_s,0.572041
1756990652.425,latency_s,0.575917
1756990652.425,latency_s,0.565492
1756990652.425,latency_s,0.572148
1756990652.425,latency_s,0.577081
1756990652.425,latency_s,0.529326
1756990652.425,latency_s,0.533699
1756990652.531,latency_s,0.674719
1756990652.531,latency_s,0.594306
1756990652.531,latency_s,0.658540
1756990652.532,latency_s,0.557959
1756990652.532,latency_s,0.629369
1756990652.532,latency_s,0.649863
1756990652.532,latency_s,0.549743
1756990652.532,latency_s,0.581844
1756990652.532,latency_s,0.577289
1756990652.532,latency_s,0.579129
1756990652.532,latency_s,0.539940
1756990652.532,latency_s,0.536064
1756990652.532,latency_s,0.577461
1756990652.532,latency_s,0.581944
1756990652.532,latency_s,0.582079
1756990652.532,latency_s,0.535729
1756990652.532,latency_s,0.577670
1756990652.639,latency_s,0.678476
1756990652.639,latency_s,0.682082
1756990652.639,latency_s,0.599988
1756990652.639,latency_s,0.561851
1756990652.639,latency_s,0.636253
1756990652.639,latency_s,0.556695
1756990652.639,latency_s,0.588825
1756990652.639,latency_s,0.584888
1756990652.639,latency_s,0.584091
1756990652.745,latency_s,0.652524
1756990652.746,latency_s,0.649277
1756990652.746,latency_s,0.690626
1756990652.746,latency_s,0.695434
1756990652.746,latency_s,0.695495
1756990652.746,latency_s,0.690891
1756990652.747,latency_s,0.650599
1756990652.747,latency_s,0.685716
1756990652.747,latency_s,0.688946
1756990652.747,latency_s,0.607659
1756990652.747,latency_s,0.587826
1756990652.748,latency_s,0.568029
1756990652.748,latency_s,0.644592
1756990652.748,latency_s,0.564761
1756990652.748,latency_s,0.597016
1756990652.748,latency_s,0.591613
1756990652.748,latency_s,0.544135
1756990652.748,latency_s,0.592582
1756990652.748,latency_s,0.554278
1756990652.748,latency_s,0.551090
1756990652.748,latency_s,0.592487
1756990652.748,latency_s,0.597763
1756990652.748,latency_s,0.755917
1756990652.857,latency_s,0.763408
1756990652.857,latency_s,0.706409
1756990652.962,latency_s,0.768115
1756990652.962,latency_s,0.806819
1756990652.962,latency_s,0.797900
1756990652.962,latency_s,0.721569
1756990652.962,latency_s,0.702140
1756990652.962,latency_s,0.682592
1756990652.962,latency_s,0.679185
1756990652.962,latency_s,0.658412
1756990652.963,latency_s,0.711087
1756990652.963,latency_s,0.704888
1756990652.963,latency_s,0.705291
1756990652.963,latency_s,0.668799
1756990652.963,latency_s,0.663880
1756990652.963,latency_s,0.705245
1756990652.963,latency_s,0.711432
1756990652.963,latency_s,0.668720
1756990652.963,latency_s,0.711620
1756990652.963,latency_s,0.705476
1756990652.963,latency_s,0.696991
1756990652.963,latency_s,0.600044
1756990652.963,latency_s,0.621900
1756990652.963,latency_s,0.582870
1756990652.963,latency_s,0.605246
1756990652.963,latency_s,0.611653
1756990652.963,latency_s,0.579682
1756990652.963,latency_s,0.558921
1756990652.964,latency_s,0.605499
1756990652.964,latency_s,0.566893
1756990652.964,latency_s,0.564007
1756990653.069,latency_s,0.710676
1756990653.069,latency_s,0.717175
1756990653.070,latency_s,0.671284
1756990653.071,latency_s,0.719191
1756990653.071,latency_s,0.617576
1756990653.071,latency_s,0.712593
1756990653.071,latency_s,0.702422
1756990653.071,latency_s,0.611906
1756990653.177,latency_s,0.980286
1756990653.177,latency_s,0.878446
1756990653.177,latency_s,0.777715
1756990653.177,latency_s,0.712387
1756990653.177,latency_s,0.732647
1756990653.177,latency_s,0.695705
1756990653.177,latency_s,0.724249
1756990653.178,latency_s,0.693334
1756990653.178,latency_s,0.718370
1756990653.178,latency_s,0.672621
1756990653.178,latency_s,0.718511
1756990653.178,latency_s,0.680501
1756990653.178,latency_s,0.677083
1756990653.178,latency_s,0.718627
1756990653.178,latency_s,0.724542
1756990653.178,latency_s,0.623708
1756990653.178,latency_s,0.624422
1756990653.178,latency_s,0.618337
1756990653.178,latency_s,0.677314
1756990653.178,latency_s,0.706763
1756990653.286,latency_s,0.785315
1756990653.286,latency_s,0.720352
1756990653.286,latency_s,0.703868
1756990653.286,latency_s,0.726727
1756990653.286,latency_s,0.701663
1756990653.286,latency_s,0.732201
1756990653.286,latency_s,0.726722
1756990653.286,latency_s,0.680940
1756990653.286,latency_s,0.686295
1756990653.287,latency_s,0.685637
1756990653.287,latency_s,0.727232
1756990653.425,latency_s,0.765339
1756990653.425,latency_s,0.770153
1756990653.425,latency_s,0.765399
1756990653.425,latency_s,0.771252
1756990653.425,latency_s,0.824220
1756990653.425,latency_s,0.851983
1756990653.425,latency_s,0.750527
1756990653.425,latency_s,0.824217
1756990653.425,latency_s,0.758522
1756990653.425,latency_s,0.741953
1756990653.425,latency_s,0.765684
1756990653.426,latency_s,0.740333
1756990653.426,latency_s,0.770510
1756990653.426,latency_s,0.765661
1756990653.426,latency_s,0.719642
1756990653.426,latency_s,0.722466
1756990653.426,latency_s,0.722407
1756990653.426,latency_s,0.665229
1756990653.502,latency_s,0.746124
1756990653.502,latency_s,0.741828
1756990653.502,latency_s,0.727120
1756990653.503,latency_s,0.799187
1756990653.503,latency_s,0.748025
1756990653.503,latency_s,0.799458
1756990653.503,latency_s,0.954547
1756990653.503,latency_s,0.852081
1756990653.503,latency_s,0.750749
1756990653.503,latency_s,0.735303
1756990653.503,latency_s,0.716954
1756990653.503,latency_s,0.742004
1756990653.503,latency_s,0.717231
1756990653.503,latency_s,0.746917
1756990653.610,latency_s,0.803368
1756990653.610,latency_s,0.849483
1756990653.610,latency_s,0.805861
1756990653.610,latency_s,0.806098
1756990653.649,latency_s,0.788333
1756990653.649,latency_s,0.792525
1756990653.650,latency_s,0.788510
1756990653.650,latency_s,0.773784
1756990653.650,latency_s,0.845448
1756990653.650,latency_s,0.794781
1756990653.650,latency_s,0.845545
1756990653.650,latency_s,0.797525
1756990653.650,latency_s,0.780929
1756990653.650,latency_s,0.762481
1756990653.650,latency_s,0.788227
1756990653.717,latency_s,0.830983
1756990653.717,latency_s,0.810358
1756990653.717,latency_s,0.860282
1756990653.721,latency_s,0.859658
1756990653.721,latency_s,0.762720
1756990653.721,latency_s,0.816015
1756990653.721,latency_s,0.816204
1756990653.798,latency_s,0.835491
1756990653.798,latency_s,0.840107
1756990653.798,latency_s,0.821970
1756990653.798,latency_s,0.893818
1756990653.798,latency_s,0.837001
1756990653.798,latency_s,0.842707
1756990653.798,latency_s,0.893681
1756990653.798,latency_s,0.792825
1756990653.798,latency_s,0.844788
1756990653.798,latency_s,0.828950
1756990653.824,latency_s,0.836677
1756990653.828,latency_s,0.841599
1756990653.828,latency_s,0.865853
1756990653.828,latency_s,0.867152
1756990653.828,latency_s,0.821405
1756990653.828,latency_s,0.769901
1756990653.828,latency_s,0.765872
1756990653.829,latency_s,0.766678
1756990653.829,latency_s,0.822880
1756990653.829,latency_s,0.822161
1756990653.829,latency_s,0.770175
1756990653.829,latency_s,0.765888
1756990653.829,latency_s,0.750422
1756990653.829,latency_s,0.772843
1756990653.829,latency_s,0.823130
1756990653.932,latency_s,0.869826
1756990653.932,latency_s,0.826294
1756990653.932,latency_s,0.877673
1756990653.932,latency_s,0.862180
1756990653.936,latency_s,0.848203
1756990653.936,latency_s,0.849041
1756990653.936,latency_s,0.773840
1756990653.936,latency_s,0.772658
1756990653.936,latency_s,0.828347
1756990653.936,latency_s,0.776503
1756990653.936,latency_s,0.829804
1756990653.936,latency_s,0.829571
1756990653.936,latency_s,0.776441
1756990653.936,latency_s,0.773095
1756990653.936,latency_s,0.757627
1756990653.937,latency_s,0.780112
1756990653.937,latency_s,0.830076
1756990654.041,latency_s,0.834273
1756990654.041,latency_s,0.878596
1756990654.041,latency_s,0.835202
1756990654.041,latency_s,0.885786
1756990654.044,latency_s,0.873286
1756990654.044,latency_s,0.855303
1756990654.044,latency_s,0.783373
1756990654.044,latency_s,0.835917
1756990654.044,latency_s,0.780089
1756990654.044,latency_s,0.856797
1756990654.044,latency_s,0.781521
1756990654.044,latency_s,0.837369
1756990654.044,latency_s,0.837144
1756990654.044,latency_s,0.780383
1756990654.044,latency_s,0.737075
1756990654.149,latency_s,0.888945
1756990654.149,latency_s,0.869172
1756990654.149,latency_s,0.892538
1756990654.150,latency_s,0.842252
1756990654.150,latency_s,0.886750
1756990654.150,latency_s,0.842705
1756990654.194,latency_s,0.937270
1756990654.195,latency_s,0.923784
1756990654.195,latency_s,0.905528
1756990654.195,latency_s,0.885834
1756990654.195,latency_s,0.830522
1756990654.195,latency_s,0.907108
1756990654.195,latency_s,0.806300
1756990654.195,latency_s,0.831571
1756990654.195,latency_s,0.887861
1756990654.195,latency_s,0.787017
1756990654.195,latency_s,0.830917
1756990654.258,latency_s,0.896883
1756990654.258,latency_s,0.900560
1756990654.258,latency_s,0.894367
1756990654.258,latency_s,0.849841
1756990654.258,latency_s,0.850151
1756990654.258,latency_s,0.899193
1756990654.258,latency_s,0.886615
1756990654.258,latency_s,0.868111
1756990654.258,latency_s,0.848807
1756990654.258,latency_s,0.793214
1756990654.344,latency_s,0.855439
1756990654.345,latency_s,0.880760
1756990654.345,latency_s,0.936679
1756990654.345,latency_s,0.835751
1756990654.345,latency_s,0.879813
1756990654.367,latency_s,0.857809
1756990654.367,latency_s,0.908931
1756990654.367,latency_s,0.902847
1756990654.367,latency_s,0.857774
1756990654.367,latency_s,0.857781
1756990654.367,latency_s,0.905393
1756990654.367,latency_s,0.893712
1756990654.367,latency_s,0.876728
1756990654.367,latency_s,1.006392
1756990654.367,latency_s,0.906006
1756990654.367,latency_s,0.805581
1756990654.367,latency_s,0.857689
1756990654.367,latency_s,0.777978
1756990654.367,latency_s,0.802039
1756990654.367,latency_s,0.803551
1756990654.368,latency_s,0.758466
1756990654.368,latency_s,0.802318
1756990654.474,latency_s,1.089752
1756990654.474,latency_s,0.864900
1756990654.474,latency_s,0.988342
1756990654.474,latency_s,0.885557
1756990654.474,latency_s,0.909945
1756990654.474,latency_s,0.915931
1756990654.474,latency_s,0.863452
1756990654.474,latency_s,0.898603
1756990654.474,latency_s,0.883623
1756990654.474,latency_s,0.783521
1756990654.474,latency_s,0.812142
1756990654.474,latency_s,0.784466
1756990654.474,latency_s,0.808838
1756990654.475,latency_s,0.809778
1756990654.475,latency_s,0.863576
1756990654.582,latency_s,0.871067
1756990654.582,latency_s,0.873162
1756990654.582,latency_s,1.120333
1756990654.583,latency_s,1.019721
1756990654.583,latency_s,0.919318
1756990654.583,latency_s,0.873080
1756990654.583,latency_s,0.917132
1756990654.583,latency_s,0.892151
1756990654.583,latency_s,0.917794
1756990654.583,latency_s,0.923946
1756990654.583,latency_s,0.871592
1756990654.583,latency_s,0.902993
1756990654.583,latency_s,0.791838
1756990654.583,latency_s,0.820084
1756990654.583,latency_s,0.792389
1756990654.583,latency_s,0.817688
1756990654.583,latency_s,0.771797
1756990654.689,latency_s,0.922499
1756990654.689,latency_s,0.878770
1756990654.689,latency_s,0.924799
1756990654.689,latency_s,0.878687
1756990654.689,latency_s,0.923145
1756990654.689,latency_s,0.898579
1756990654.690,latency_s,0.924375
1756990654.690,latency_s,0.930488
1756990654.690,latency_s,1.080960
1756990654.796,latency_s,1.084922
1756990654.796,latency_s,0.984349
1756990654.796,latency_s,0.984329
1756990654.796,latency_s,1.012119
1756990654.796,latency_s,0.904480
1756990654.796,latency_s,1.234124
1756990654.797,latency_s,1.134872
1756990654.797,latency_s,1.034558
1756990654.797,latency_s,0.934075
1756990654.797,latency_s,0.934096
1756990654.797,latency_s,0.906798
1756990654.797,latency_s,0.930641
1756990654.798,latency_s,0.885601
1756990654.798,latency_s,0.930737
1756990654.798,latency_s,0.886710
1756990654.798,latency_s,0.932534
1756990654.903,latency_s,1.035867
1756990654.903,latency_s,1.011114
1756990654.903,latency_s,1.036164
1756990654.903,latency_s,1.043196
1756990654.903,latency_s,0.942783
1756990654.903,latency_s,0.990811
1756990654.903,latency_s,0.990907
1756990654.905,latency_s,1.015628
1756990654.905,latency_s,0.913066
1756990654.905,latency_s,0.940641
1756990654.905,latency_s,0.940305
1756990654.905,latency_s,0.892833
1756990654.905,latency_s,0.937325
1756990654.905,latency_s,0.913442
1756990654.905,latency_s,0.937758
1756990654.905,latency_s,0.894032
1756990655.010,latency_s,1.043355
1756990655.010,latency_s,1.015896
1756990655.010,latency_s,1.042827
1756990655.010,latency_s,0.949249
1756990655.010,latency_s,0.942126
1756990655.010,latency_s,0.997517
1756990655.010,latency_s,0.997577
1756990655.010,latency_s,1.017180
1756990655.010,latency_s,0.918343
1756990655.053,latency_s,0.988241
1756990655.053,latency_s,0.988163
1756990655.053,latency_s,0.940639
1756990655.053,latency_s,0.960929
1756990655.053,latency_s,0.985265
1756990655.053,latency_s,0.985060
1756990655.053,latency_s,0.941058
1756990655.117,latency_s,1.204784
1756990655.117,latency_s,1.105286
1756990655.117,latency_s,1.005098
1756990655.118,latency_s,1.050376
1756990655.118,latency_s,1.016064
1756990655.118,latency_s,0.956232
1756990655.118,latency_s,0.947732
1756990655.118,latency_s,1.004787
1756990655.118,latency_s,1.004817
1756990655.118,latency_s,1.016224
1756990655.118,latency_s,0.925180
1756990655.118,latency_s,0.952963
1756990655.203,latency_s,1.037895
1756990655.203,latency_s,0.990306
1756990655.203,latency_s,1.007975
1756990655.203,latency_s,1.033256
1756990655.224,latency_s,1.055754
1756990655.224,latency_s,1.011544
1756990655.225,latency_s,1.056579
1756990655.225,latency_s,0.956110
1756990655.225,latency_s,1.257872
1756990655.225,latency_s,1.157130
1756990655.225,latency_s,1.055323
1756990655.225,latency_s,0.954108
1756990655.225,latency_s,1.021455
1756990655.225,latency_s,1.012342
1756990655.225,latency_s,0.963587
1756990655.226,latency_s,0.954335
1756990655.226,latency_s,1.012475
1756990655.226,latency_s,1.019136
1756990655.226,latency_s,0.917450
1756990655.226,latency_s,0.932608
1756990655.331,latency_s,1.065878
1756990655.331,latency_s,1.065980
1756990655.331,latency_s,1.017494
1756990655.331,latency_s,1.034914
1756990655.331,latency_s,1.062717
1756990655.332,latency_s,1.060184
1756990655.332,latency_s,1.017204
1756990655.332,latency_s,0.962082
1756990655.332,latency_s,0.960143
1756990655.332,latency_s,1.026053
1756990655.332,latency_s,0.960178
1756990655.332,latency_s,0.969753
1756990655.332,latency_s,1.017998
1756990655.332,latency_s,1.017956
1756990655.332,latency_s,0.921275
1756990655.332,latency_s,0.938651
1756990655.439,latency_s,1.073199
1756990655.439,latency_s,1.072762
1756990655.439,latency_s,1.226455
1756990655.439,latency_s,1.125036
1756990655.439,latency_s,1.024724
1756990655.439,latency_s,1.023758
1756990655.439,latency_s,1.037608
1756990655.439,latency_s,1.069864
1756990655.439,latency_s,0.967842
1756990655.439,latency_s,1.067089
1756990655.439,latency_s,0.966926
1756990655.439,latency_s,0.969521
1756990655.439,latency_s,1.023891
1756990655.439,latency_s,0.964793
1756990655.439,latency_s,0.964299
1756990655.440,latency_s,0.976697
1756990655.547,latency_s,1.131766
1756990655.547,latency_s,1.035785
1756990655.547,latency_s,1.053319
1756990655.547,latency_s,1.081101
1756990655.547,latency_s,1.080614
1756990655.547,latency_s,0.979629
1756990655.547,latency_s,1.033067
1756990655.548,latency_s,0.975329
1756990655.548,latency_s,1.031940
1756990655.548,latency_s,1.043081
1756990655.548,latency_s,0.975062
1756990655.548,latency_s,1.031989
1756990655.548,latency_s,0.977397
1756990655.548,latency_s,0.972498
1756990655.548,latency_s,0.971978
1756990655.548,latency_s,0.984518
1756990655.656,latency_s,1.139956
1756990655.656,latency_s,1.039925
1756990655.656,latency_s,1.043195
1756990655.656,latency_s,1.061531
1756990655.656,latency_s,1.089336
1756990655.656,latency_s,0.987333
1756990655.656,latency_s,1.040819
1756990655.656,latency_s,0.983990
1756990655.656,latency_s,1.040579
1756990655.656,latency_s,1.049908
1756990655.657,latency_s,0.983885
1756990655.695,latency_s,1.023529
1756990655.695,latency_s,1.079404
1756990655.696,latency_s,1.020090
1756990655.696,latency_s,1.019411
1756990655.696,latency_s,1.032078
1756990655.766,latency_s,1.049175
1756990655.766,latency_s,1.052495
1756990655.766,latency_s,1.357471
1756990655.766,latency_s,1.257080
1756990655.766,latency_s,1.156311
1756990655.766,latency_s,1.055535
1756990655.766,latency_s,1.071037
1756990655.766,latency_s,1.099167
1756990655.766,latency_s,0.998338
1756990655.766,latency_s,0.997102
1756990655.766,latency_s,1.050318
1756990655.766,latency_s,0.993139
1756990655.766,latency_s,1.058869
1756990655.767,latency_s,1.050457
1756990655.903,latency_s,1.129541
1756990655.903,latency_s,1.487486
1756990655.903,latency_s,1.387048
1756990655.903,latency_s,1.286826
1756990655.903,latency_s,1.186414
1756990655.903,latency_s,1.130303
1756990655.903,latency_s,1.186608
1756990655.903,latency_s,1.127440
1756990655.903,latency_s,1.125916
1756990655.903,latency_s,1.139451
1756990655.903,latency_s,1.086452
1756990655.903,latency_s,1.088823
1756990655.903,latency_s,1.091999
1756990655.903,latency_s,1.107874
1756990655.982,latency_s,1.113475
1756990655.982,latency_s,1.112713
1756990655.982,latency_s,1.165604
1756990655.982,latency_s,1.174148
1756990655.982,latency_s,1.108310
1756990655.984,latency_s,1.110406
1756990655.984,latency_s,1.168043
1756990655.984,latency_s,1.167427
1756990655.984,latency_s,1.167529
1756990655.985,latency_s,1.110790
1756990655.985,latency_s,1.107686
1756990655.985,latency_s,1.107093
1756990655.985,latency_s,1.120024
1756990655.985,latency_s,1.067710
1756990655.985,latency_s,1.069604
1756990655.985,latency_s,1.072367
1756990655.985,latency_s,1.089394
1756990655.985,latency_s,1.014767
1756990656.090,latency_s,1.119298
1756990656.090,latency_s,1.172993
1756990656.090,latency_s,1.115069
1756990656.090,latency_s,1.181718
1756990656.090,latency_s,1.172995
1756990656.090,latency_s,1.115435
1756990656.091,latency_s,1.173844
1756990656.091,latency_s,1.073710
1756990656.092,latency_s,1.174070
1756990656.092,latency_s,1.073616
1756990656.092,latency_s,1.116759
1756990656.092,latency_s,1.113907
1756990656.092,latency_s,1.126313
1756990656.092,latency_s,1.113881
1756990656.199,latency_s,1.181522
1756990656.199,latency_s,1.182796
1756990656.199,latency_s,1.186149
1756990656.199,latency_s,1.202837
1756990656.199,latency_s,1.128905
1756990656.199,latency_s,1.128715
1756990656.200,latency_s,1.182232
1756990656.200,latency_s,1.124150
1756990656.200,latency_s,1.186943
1756990656.200,latency_s,1.124589
1756990656.200,latency_s,1.182234
1756990656.200,latency_s,1.081932
1756990656.200,latency_s,1.087047
1756990656.200,latency_s,1.082016
1756990656.200,latency_s,1.124784
1756990656.200,latency_s,1.081808
1756990656.200,latency_s,1.121369
1756990656.200,latency_s,1.134295
1756990656.307,latency_s,1.227772
1756990656.307,latency_s,1.188925
1756990656.307,latency_s,1.189959
1756990656.307,latency_s,1.192018
1756990656.307,latency_s,1.209978
1756990656.307,latency_s,1.109495
1756990656.307,latency_s,1.136269
1756990656.307,latency_s,1.136058
1756990656.307,latency_s,1.189531
1756990656.307,latency_s,1.088802
1756990656.307,latency_s,1.130490
1756990656.415,latency_s,1.200825
1756990656.415,latency_s,1.236740
1756990656.415,latency_s,1.196438
1756990656.415,latency_s,1.196409
1756990656.415,latency_s,1.236831
1756990656.415,latency_s,1.196430
1756990656.415,latency_s,1.235971
1756990656.415,latency_s,1.248976
1756990656.415,latency_s,1.236042
1756990656.415,latency_s,1.196850
1756990656.416,latency_s,1.197005
1756990656.416,latency_s,1.199695
1756990656.416,latency_s,1.117965
1756990656.522,latency_s,1.250256
1756990656.522,latency_s,1.250421
1756990656.522,latency_s,1.203573
1756990656.522,latency_s,1.244245
1756990656.522,latency_s,1.208069
1756990656.523,latency_s,1.244015
1756990656.523,latency_s,1.203522
1756990656.523,latency_s,1.203696
1756990656.523,latency_s,1.243957
1756990656.523,latency_s,1.203862
1756990656.523,latency_s,1.242249
1756990656.523,latency_s,1.242301
1756990656.523,latency_s,1.256288
1756990656.523,latency_s,1.204248
1756990656.523,latency_s,1.204198
1756990656.523,latency_s,1.205399
1756990656.523,latency_s,1.150562
1756990656.523,latency_s,1.124839
1756990656.523,latency_s,1.150694
1756990656.630,latency_s,1.210976
1756990656.631,latency_s,1.251871
1756990656.631,latency_s,1.214808
1756990656.631,latency_s,1.211104
1756990656.631,latency_s,1.251979
1756990656.631,latency_s,1.211490
1756990656.631,latency_s,1.251873
1756990656.631,latency_s,1.211004
1756990656.631,latency_s,1.249691
1756990656.631,latency_s,1.249747
1756990656.631,latency_s,1.263823
1756990656.631,latency_s,1.163234
1756990656.631,latency_s,1.211364
1756990656.739,latency_s,1.319304
1756990656.739,latency_s,1.320152
1756990656.739,latency_s,1.265793
1756990656.740,latency_s,1.240649
1756990656.740,latency_s,1.262964
1756990656.740,latency_s,1.219612
1756990656.741,latency_s,1.259959
1756990656.741,latency_s,1.224242
1756990656.741,latency_s,1.261210
1756990656.741,latency_s,1.221092
1756990656.741,latency_s,1.221281
1756990656.741,latency_s,1.260390
1756990656.847,latency_s,1.326880
1756990656.847,latency_s,1.365380
1756990656.847,latency_s,1.364411
1756990656.847,latency_s,1.278914
1756990656.847,latency_s,1.327182
1756990656.847,latency_s,1.326921
1756990656.847,latency_s,1.327490
1756990656.847,latency_s,1.227391
1756990656.847,latency_s,1.247892
1756990656.847,latency_s,1.273158
1756990656.847,latency_s,1.226758
1756990656.847,latency_s,1.265089
1756990656.850,latency_s,1.233408
1756990656.850,latency_s,1.230007
1756990656.850,latency_s,1.270456
1756990656.850,latency_s,1.230287
1756990656.850,latency_s,1.230008
1756990656.850,latency_s,1.268196
1756990656.851,latency_s,1.268465
1756990656.851,latency_s,1.267679
1756990656.955,latency_s,1.286302
1756990656.955,latency_s,1.271283
1756990656.955,latency_s,1.335171
1756990656.955,latency_s,1.334615
1756990656.956,latency_s,1.234835
1756990656.956,latency_s,1.255715
1756990656.956,latency_s,1.281285
1756990656.956,latency_s,1.234723
1756990656.956,latency_s,1.237050
1756990656.956,latency_s,1.272270
1756990656.956,latency_s,1.234991
1756990656.956,latency_s,1.275788
1756990656.958,latency_s,1.237516
1756990656.958,latency_s,1.236971
1756990656.958,latency_s,1.274925
1756990656.958,latency_s,1.275959
1756990656.959,latency_s,1.175564
1756990657.063,latency_s,1.294160
1756990657.064,latency_s,1.279229
1756990657.064,latency_s,1.342783
1756990657.064,latency_s,1.342520
1756990657.064,latency_s,1.263425
1756990657.064,latency_s,1.288640
1756990657.064,latency_s,1.484150
1756990657.064,latency_s,1.383750
1756990657.064,latency_s,1.282308
1756990657.064,latency_s,1.242274
1756990657.064,latency_s,1.242535
1756990657.064,latency_s,1.279939
1756990657.064,latency_s,1.242712
1756990657.064,latency_s,1.283003
1756990657.066,latency_s,1.244864
1756990657.067,latency_s,1.282515
1756990657.067,latency_s,1.245324
1756990657.067,latency_s,1.182392
1756990657.067,latency_s,1.183507
1756990657.067,latency_s,1.197543
1756990657.067,latency_s,1.181641
1756990657.067,latency_s,1.246032
1756990657.067,latency_s,1.245616
1756990657.067,latency_s,1.143633
1756990657.068,latency_s,1.191765
1756990657.171,latency_s,1.269896
1756990657.171,latency_s,1.287490
1756990657.175,latency_s,1.252726
1756990657.175,latency_s,1.252102
1756990657.175,latency_s,1.290625
1756990657.175,latency_s,1.253144
1756990657.175,latency_s,1.293005
1756990657.175,latency_s,1.192006
1756990657.175,latency_s,1.251400
1756990657.175,latency_s,1.187346
1756990657.175,latency_s,1.252308
1756990657.175,latency_s,1.189219
1756990657.175,latency_s,1.205162
1756990657.175,latency_s,1.187475
1756990657.175,latency_s,1.252667
1756990657.175,latency_s,1.150757
1756990657.175,latency_s,1.199400
1756990657.175,latency_s,1.174120
1756990657.175,latency_s,1.191167
1756990657.175,latency_s,1.354340
1756990657.176,latency_s,1.253945
1756990657.282,latency_s,1.259502
1756990657.282,latency_s,1.259340
1756990657.282,latency_s,1.258860
1756990657.282,latency_s,1.297209
1756990657.282,latency_s,1.259509
1756990657.282,latency_s,1.197085
1756990657.282,latency_s,1.198803
1756990657.282,latency_s,1.257343
1756990657.282,latency_s,1.259041
1756990657.282,latency_s,1.194197
1756990657.282,latency_s,1.195363
1756990657.282,latency_s,1.211710
1756990657.282,latency_s,1.194224
1756990657.283,latency_s,1.260095
1756990657.283,latency_s,1.156836
1756990657.390,latency_s,1.264810
1756990657.390,latency_s,1.313769
1756990657.390,latency_s,1.288774
1756990657.390,latency_s,1.305962
1756990657.391,latency_s,1.267954
1756990657.391,latency_s,1.267440
1756990657.391,latency_s,1.267154
1756990657.391,latency_s,1.207232
1756990657.391,latency_s,1.205707
1756990657.391,latency_s,1.267915
1756990657.391,latency_s,1.264544
1756990657.391,latency_s,1.264616
1756990657.391,latency_s,1.202281
1756990657.391,latency_s,1.203432
1756990657.391,latency_s,1.219760
1756990657.391,latency_s,1.202389
1756990657.391,latency_s,1.164086
1756990657.391,latency_s,1.164443
1756990657.391,latency_s,1.188775
1756990657.391,latency_s,1.214144
1756990657.391,latency_s,1.206186
1756990657.391,latency_s,1.114075
1756990657.497,latency_s,1.273821
1756990657.497,latency_s,1.273578
1756990657.497,latency_s,1.211529
1756990657.548,latency_s,1.324162
1756990657.548,latency_s,1.263674
1756990657.548,latency_s,1.324774
1756990657.548,latency_s,1.321101
1756990657.549,latency_s,1.259760
1756990657.549,latency_s,1.322042
1756990657.549,latency_s,1.259668
1756990657.605,latency_s,1.315329
1756990657.605,latency_s,1.333308
1756990657.605,latency_s,1.277792
1756990657.605,latency_s,1.277812
1756990657.605,latency_s,1.302436
1756990657.605,latency_s,1.226975
1756990657.605,latency_s,1.319539
1756990657.605,latency_s,1.216578
1756990657.605,latency_s,1.281564
1756990657.605,latency_s,1.281521
1756990657.605,latency_s,1.216687
1756990657.605,latency_s,1.281211
1756990657.605,latency_s,1.220374
1756990657.606,latency_s,1.281159
1756990657.606,latency_s,1.277737
1756990657.606,latency_s,1.216747
1756990657.606,latency_s,1.278575
1756990657.606,latency_s,1.216668
1756990657.647,latency_s,1.256371
1756990657.647,latency_s,1.273248
1756990657.657,latency_s,1.229679
1756990657.657,latency_s,1.229766
1756990657.657,latency_s,1.252567
1756990657.657,latency_s,1.166036
1756990657.657,latency_s,1.178817
1756990657.712,latency_s,1.287251
1756990657.712,latency_s,1.287811
1756990657.712,latency_s,1.221972
1756990657.712,latency_s,1.287351
1756990657.712,latency_s,1.287731
1756990657.713,latency_s,1.226320
1756990657.755,latency_s,1.264687
1756990657.755,latency_s,1.327622
1756990657.755,latency_s,1.227266
1756990657.755,latency_s,1.264668
1756990657.755,latency_s,1.280933
1756990657.755,latency_s,1.263841
1756990657.755,latency_s,1.227345
1756990657.755,latency_s,1.227499
1756990657.755,latency_s,1.249842
1756990657.756,latency_s,1.163590
1756990657.756,latency_s,1.175630
1756990657.756,latency_s,1.230863
1756990657.756,latency_s,1.230265
1756990657.819,latency_s,1.294101
1756990657.819,latency_s,1.232432
1756990657.819,latency_s,1.228246
1756990657.820,latency_s,1.194954
1756990657.820,latency_s,1.194466
1756990657.820,latency_s,1.194875
1756990657.820,latency_s,1.229475
1756990657.820,latency_s,1.191854
1756990657.820,latency_s,1.229388
1756990657.820,latency_s,1.228569
1756990657.820,latency_s,1.244901
1756990657.820,latency_s,1.191612
1756990657.820,latency_s,1.191794
1756990657.927,latency_s,1.321505
1756990657.927,latency_s,1.247197
1756990657.928,latency_s,1.235365
1756990657.928,latency_s,1.221557
1756990657.928,latency_s,1.202306
1756990657.928,latency_s,1.200499
1756990657.928,latency_s,1.202163
1756990657.928,latency_s,1.240522
1756990657.928,latency_s,1.236084
1756990657.928,latency_s,1.236585
1756990657.968,latency_s,1.238860
1756990657.968,latency_s,1.539430
1756990657.968,latency_s,1.439138
1756990657.968,latency_s,1.338877
1756990657.968,latency_s,1.238205
1756990657.968,latency_s,1.276812
1756990657.968,latency_s,1.276196
1756990657.968,latency_s,1.292256
1756990657.968,latency_s,1.238228
1756990658.035,latency_s,1.305694
1756990658.035,latency_s,1.254535
1756990658.035,latency_s,1.229160
1756990658.035,latency_s,1.243024
1756990658.036,latency_s,1.209734
1756990658.036,latency_s,1.207781
1756990658.036,latency_s,1.209720
1756990658.036,latency_s,1.248013
1756990658.036,latency_s,1.243778
1756990658.036,latency_s,1.243987
1756990658.036,latency_s,1.206360
1756990658.036,latency_s,1.205120
1756990658.036,latency_s,1.244544
1756990658.142,latency_s,1.310677
1756990658.142,latency_s,1.364468
1756990658.142,latency_s,1.349693
1756990658.142,latency_s,1.264101
1756990658.142,latency_s,1.312549
1756990658.142,latency_s,1.260875
1756990658.142,latency_s,1.235794
1756990658.143,latency_s,1.249388
1756990658.143,latency_s,1.617293
1756990658.143,latency_s,1.516733
1756990658.143,latency_s,1.415794
1756990658.143,latency_s,1.314963
1756990658.143,latency_s,1.211995
1756990658.143,latency_s,1.216419
1756990658.143,latency_s,1.216567
1756990658.143,latency_s,1.213403
1756990658.143,latency_s,1.250797
1756990658.143,latency_s,1.254834
1756990658.143,latency_s,1.212061
1756990658.250,latency_s,1.357744
1756990658.250,latency_s,1.358313
1756990658.250,latency_s,1.319914
1756990658.250,latency_s,1.271919
1756990658.250,latency_s,1.357892
1756990658.250,latency_s,1.319031
1756990658.250,latency_s,1.319108
1756990658.250,latency_s,1.256646
1756990658.250,latency_s,1.266692
1756990658.250,latency_s,1.219334
1756990658.250,latency_s,1.257539
1756990658.250,latency_s,1.223689
1756990658.250,latency_s,1.261700
1756990658.465,latency_s,1.435287
1756990658.466,latency_s,1.438918
1756990658.466,latency_s,1.473037
1756990658.466,latency_s,1.473702
1756990658.466,latency_s,1.435432
1756990658.466,latency_s,1.473490
1756990658.467,latency_s,1.388299
1756990658.467,latency_s,1.435656
1756990658.467,latency_s,1.435719
1756990658.467,latency_s,1.436007
1756990658.467,latency_s,1.378124
1756990658.467,latency_s,1.372210
1756990658.467,latency_s,1.334727
1756990658.467,latency_s,1.340253
1756990658.467,latency_s,1.374501
1756990658.468,latency_s,1.378561
1756990658.468,latency_s,1.335545
1756990658.468,latency_s,1.339596
1756990658.468,latency_s,1.374790
1756990658.468,latency_s,1.375401
1756990658.468,latency_s,1.335686
1756990658.468,latency_s,1.375213
1756990658.468,latency_s,1.288707
1756990658.468,latency_s,1.274437
1756990658.468,latency_s,1.335477
1756990658.468,latency_s,1.335156
1756990658.468,latency_s,1.335790
1756990658.468,latency_s,1.460748
1756990658.468,latency_s,1.358329
1756990658.468,latency_s,1.258003
1756990658.468,latency_s,1.275395
1756990658.468,latency_s,1.272903
1756990658.573,latency_s,1.339838
1756990658.575,latency_s,1.347453
1756990658.575,latency_s,1.345097
1756990658.575,latency_s,1.342087
1756990658.575,latency_s,1.385341
1756990658.575,latency_s,1.382141
1756990658.575,latency_s,1.381913
1756990658.576,latency_s,1.382645
1756990658.789,latency_s,1.556463
1756990658.790,latency_s,1.555992
1756990658.790,latency_s,1.510444
1756990658.790,latency_s,1.496262
1756990658.790,latency_s,1.556207
1756990658.790,latency_s,1.556553
1756990658.790,latency_s,1.479252
1756990658.790,latency_s,1.493104
1756990658.790,latency_s,1.496654
1756990658.790,latency_s,1.455604
1756990658.790,latency_s,1.459610
1756990658.790,latency_s,1.461922
1756990658.790,latency_s,1.496453
1756990658.790,latency_s,1.499274
1756990658.790,latency_s,1.496384
1756990658.790,latency_s,1.395846
1756990658.790,latency_s,1.496923
1756990658.790,latency_s,1.456328
1756990658.790,latency_s,1.396531
1756990658.790,latency_s,1.456178
1756990658.790,latency_s,1.396507
1756990658.791,latency_s,1.410473
1756990658.791,latency_s,1.456232
1756990658.791,latency_s,1.456109
1756990658.791,latency_s,1.379451
1756990658.791,latency_s,1.396104
1756990658.791,latency_s,1.393010
1756990658.791,latency_s,1.355154
1756990658.791,latency_s,1.358932
1756990658.896,latency_s,1.502037
1756990658.896,latency_s,1.464461
1756990658.897,latency_s,1.504559
1756990658.897,latency_s,1.404315
1756990658.898,latency_s,1.402521
1756990658.898,latency_s,1.462157
1756990658.898,latency_s,1.403414
1756990658.898,latency_s,1.459775
1756990658.898,latency_s,1.403486
1756990659.005,latency_s,1.524798
1756990659.005,latency_s,1.569893
1756990659.005,latency_s,1.469582
1756990659.006,latency_s,1.567577
1756990659.006,latency_s,1.466013
1756990659.006,latency_s,1.493956
1756990659.006,latency_s,1.510811
1756990659.006,latency_s,1.507789
1756990659.006,latency_s,1.469719
1756990659.006,latency_s,1.671401
1756990659.006,latency_s,1.570046
1756990659.006,latency_s,1.469895
1756990659.006,latency_s,1.473446
1756990659.006,latency_s,1.473010
1756990659.006,latency_s,1.511003
1756990659.006,latency_s,1.410727
1756990659.006,latency_s,1.412915
1756990659.006,latency_s,1.410589
1756990659.006,latency_s,1.470155
1756990659.006,latency_s,1.411428
1756990659.006,latency_s,1.466870
1756990659.006,latency_s,1.425401
1756990659.006,latency_s,1.411472
1756990659.006,latency_s,1.370046
1756990659.006,latency_s,1.365098
1756990659.006,latency_s,1.394629
1756990659.006,latency_s,1.408233
1756990659.112,latency_s,1.517147
1756990659.112,latency_s,1.475975
1756990659.112,latency_s,1.476081
1756990659.113,latency_s,1.479645
1756990659.113,latency_s,1.416904
1756990659.113,latency_s,1.480219
1756990659.113,latency_s,1.420111
1756990659.114,latency_s,1.418358
1756990659.221,latency_s,1.525141
1756990659.221,latency_s,1.584976
1756990659.221,latency_s,1.580040
1756990659.221,latency_s,1.540073
1756990659.221,latency_s,1.525998
1756990659.221,latency_s,1.484570
1756990659.222,latency_s,1.479905
1756990659.222,latency_s,1.508943
1756990659.222,latency_s,1.522676
1756990659.222,latency_s,1.526282
1756990659.222,latency_s,1.484765
1756990659.222,latency_s,1.484589
1756990659.222,latency_s,1.486817
1756990659.222,latency_s,1.488405
1756990659.222,latency_s,1.424449
1756990659.222,latency_s,1.427598
1756990659.222,latency_s,1.424584
1756990659.222,latency_s,1.484870
1756990659.222,latency_s,1.424386
1756990659.222,latency_s,1.480187
1756990659.222,latency_s,1.440663
1756990659.328,latency_s,1.484350
1756990659.328,latency_s,1.530708
1756990659.328,latency_s,1.490424
1756990659.328,latency_s,1.484902
1756990659.328,latency_s,1.515156
1756990659.328,latency_s,1.530962
1756990659.328,latency_s,1.528717
1756990659.328,latency_s,1.430691
1756990659.328,latency_s,1.491117
1756990659.436,latency_s,1.598296
1756990659.436,latency_s,1.600492
1756990659.436,latency_s,1.541239
1756990659.437,latency_s,1.602731
1756990659.437,latency_s,1.539011
1756990659.437,latency_s,1.539131
1756990659.543,latency_s,1.645065
1756990659.543,latency_s,1.705855
1756990659.543,latency_s,1.599521
1756990659.543,latency_s,1.645644
1756990659.543,latency_s,1.605307
1756990659.543,latency_s,1.599691
1756990659.543,latency_s,1.629736
1756990659.543,latency_s,1.545515
1756990659.544,latency_s,1.643687
1756990659.544,latency_s,1.543352
1756990659.544,latency_s,1.605860
1756990659.544,latency_s,1.605145
1756990659.544,latency_s,1.606842
1756990659.544,latency_s,1.609567
1756990659.544,latency_s,1.545784
1756990659.544,latency_s,1.547987
1756990659.544,latency_s,1.545978
1756990659.544,latency_s,1.544530
1756990659.544,latency_s,1.606040
1756990659.544,latency_s,1.505732
1756990659.544,latency_s,1.498812
1756990659.544,latency_s,1.546170
1756990659.544,latency_s,1.505591
1756990659.544,latency_s,1.498928
1756990659.544,latency_s,1.530208
1756990659.544,latency_s,1.445596
1756990659.545,latency_s,1.443803
1756990659.650,latency_s,1.611930
1756990659.650,latency_s,1.611639
1756990659.650,latency_s,1.612961
1756990659.650,latency_s,1.511569
1756990659.651,latency_s,1.554661
1756990659.651,latency_s,1.616173
1756990659.758,latency_s,1.623490
1756990659.758,latency_s,1.658695
1756990659.758,latency_s,1.658800
1756990659.758,latency_s,1.619491
1756990659.758,latency_s,1.658551
1756990659.759,latency_s,1.876949
1756990659.759,latency_s,1.775830
1756990659.759,latency_s,1.675424
1756990659.759,latency_s,1.613213
1756990659.759,latency_s,1.659958
1756990659.759,latency_s,1.619886
1756990659.759,latency_s,1.613245
1756990659.759,latency_s,1.644619
1756990659.759,latency_s,1.559195
1756990659.759,latency_s,1.557723
1756990659.759,latency_s,1.620093
1756990659.759,latency_s,1.619878
1756990659.759,latency_s,1.562175
1756990659.759,latency_s,1.558941
1756990659.759,latency_s,1.524339
1756990659.759,latency_s,1.519743
1756990659.759,latency_s,1.559171
1756990659.866,latency_s,1.626103
1756990659.866,latency_s,1.665729
1756990659.866,latency_s,1.682216
1756990659.866,latency_s,1.620422
1756990659.866,latency_s,1.666355
1756990659.866,latency_s,1.626447
1756990659.866,latency_s,1.651124
1756990659.866,latency_s,1.550698
1756990659.866,latency_s,1.565531
1756990659.867,latency_s,1.565231
1756990659.867,latency_s,1.627640
1756990659.867,latency_s,1.627379
1756990659.867,latency_s,1.526073
1756990659.867,latency_s,1.569850
1756990659.867,latency_s,1.530884
1756990659.974,latency_s,1.673228
1756990659.974,latency_s,1.673214
1756990659.974,latency_s,1.673177
1756990659.974,latency_s,1.634075
1756990659.974,latency_s,1.689809
1756990659.974,latency_s,1.627445
1756990659.974,latency_s,1.673667
1756990659.974,latency_s,1.633648
1756990659.975,latency_s,1.558467
1756990659.975,latency_s,1.573339
1756990659.975,latency_s,1.572603
1756990659.975,latency_s,1.634785
1756990659.975,latency_s,1.634574
1756990659.975,latency_s,1.532795
1756990659.975,latency_s,1.532872
1756990659.975,latency_s,1.576035
1756990659.975,latency_s,1.573476
1756990660.082,latency_s,1.645408
1756990660.082,latency_s,1.680551
1756990660.082,latency_s,1.680503
1756990660.082,latency_s,1.641680
1756990660.082,latency_s,1.697379
1756990660.083,latency_s,1.635275
1756990660.083,latency_s,1.681041
1756990660.083,latency_s,1.640665
1756990660.083,latency_s,1.836674
1756990660.083,latency_s,1.735887
1756990660.083,latency_s,1.635315
1756990660.083,latency_s,1.566248
1756990660.083,latency_s,1.581445
1756990660.083,latency_s,1.580030
1756990660.083,latency_s,1.642570
1756990660.188,latency_s,1.647157
1756990660.188,latency_s,1.645308
1756990660.188,latency_s,1.688935
1756990660.188,latency_s,1.645406
1756990660.190,latency_s,1.653771
1756990660.190,latency_s,1.687765
1756990660.191,latency_s,1.687372
1756990660.191,latency_s,1.687737
1756990660.191,latency_s,1.649787
1756990660.191,latency_s,1.705298
1756990660.191,latency_s,1.604845
1756990660.191,latency_s,1.642860
1756990660.191,latency_s,1.687928
1756990660.191,latency_s,1.648015
1756990660.191,latency_s,1.642912
1756990660.191,latency_s,1.573710
1756990660.191,latency_s,1.588478
1756990660.296,latency_s,1.692919
1756990660.296,latency_s,1.654770
1756990660.296,latency_s,1.652291
1756990660.296,latency_s,1.658319
1756990660.404,latency_s,1.804641
1756990660.405,latency_s,1.760674
1756990660.405,latency_s,1.801741
1756990660.405,latency_s,1.801194
1756990660.405,latency_s,1.763165
1756990660.405,latency_s,1.801619
1756990660.405,latency_s,1.718563
1756990660.405,latency_s,1.756102
1756990660.405,latency_s,1.801723
1756990660.405,latency_s,1.701351
1756990660.405,latency_s,1.761069
1756990660.405,latency_s,1.755216
1756990660.405,latency_s,1.687501
1756990660.405,latency_s,1.701869
1756990660.405,latency_s,1.663269
1756990660.405,latency_s,1.702389
1756990660.405,latency_s,1.702419
1756990660.405,latency_s,1.660859
1756990660.512,latency_s,1.773172
1756990660.512,latency_s,1.808405
1756990660.512,latency_s,1.808069
1756990660.512,latency_s,1.769871
1756990660.512,latency_s,1.724886
1756990660.512,latency_s,1.767267
1756990660.512,latency_s,1.763140
1756990660.512,latency_s,1.708358
1756990660.512,latency_s,1.767469
1756990660.512,latency_s,1.762103
1756990660.512,latency_s,1.694053
1756990660.512,latency_s,1.708767
1756990660.512,latency_s,1.669901
1756990660.512,latency_s,1.709285
1756990660.620,latency_s,1.817153
1756990660.621,latency_s,1.772889
1756990660.621,latency_s,1.816897
1756990660.621,latency_s,1.781780
1756990660.621,latency_s,1.816653
1756990660.621,latency_s,1.773395
1756990660.660,latency_s,1.772537
1756990660.660,latency_s,1.812657
1756990660.660,latency_s,1.810944
1756990660.660,latency_s,1.756314
1756990660.660,latency_s,1.814318
1756990660.660,latency_s,1.808404
1756990660.660,latency_s,1.708008
1756990660.660,latency_s,1.741711
1756990660.660,latency_s,1.717513
1756990660.660,latency_s,1.756565
1756990660.660,latency_s,1.756414
1756990660.726,latency_s,2.022938
1756990660.730,latency_s,1.925951
1756990660.730,latency_s,1.825642
1756990660.730,latency_s,1.826491
1756990660.730,latency_s,1.782135
1756990660.730,latency_s,1.826385
1756990660.731,latency_s,1.791256
1756990660.827,latency_s,1.922452
1756990660.827,latency_s,1.878617
1756990660.827,latency_s,1.835427
1756990660.827,latency_s,1.878776
1756990660.827,latency_s,1.877320
1756990660.827,latency_s,1.823038
1756990660.827,latency_s,1.880858
1756990660.827,latency_s,1.774641
1756990660.834,latency_s,1.814532
1756990660.840,latency_s,1.836109
1756990660.840,latency_s,1.835378
1756990660.840,latency_s,1.797034
1756990660.840,latency_s,1.835394
1756990660.840,latency_s,1.836409
1756990660.840,latency_s,1.791081
1756990660.841,latency_s,1.736126
1756990660.841,latency_s,1.800705
1756990660.841,latency_s,1.836308
1756990660.841,latency_s,1.735712
1756990660.841,latency_s,1.835741
1756990660.841,latency_s,1.735057
1756990660.841,latency_s,1.791361
1756990660.841,latency_s,1.748856
1756990660.841,latency_s,1.791484
1756990660.841,latency_s,1.790801
1756990660.942,latency_s,1.836922
1756990660.942,latency_s,1.788742
1756990660.942,latency_s,1.822354
1756990660.942,latency_s,1.837485
1756990660.942,latency_s,1.797312
1756990660.942,latency_s,1.836609
1756990660.949,latency_s,1.843647
1756990660.949,latency_s,1.743410
1756990660.949,latency_s,1.743805
1756990660.949,latency_s,1.799240
1756990660.949,latency_s,1.743698
1756990660.949,latency_s,1.743396
1756990660.949,latency_s,1.799597
1756990660.949,latency_s,1.756070
1756990660.949,latency_s,1.799222
1756990661.049,latency_s,1.898845
1756990661.049,latency_s,1.843498
1756990661.049,latency_s,1.795161
1756990661.049,latency_s,1.829448
1756990661.050,latency_s,1.844283
1756990661.050,latency_s,1.843691
1756990661.050,latency_s,1.804474
1756990661.050,latency_s,1.742974
1756990661.050,latency_s,1.744062
1756990661.050,latency_s,1.798494
1756990661.050,latency_s,1.742023
1756990661.050,latency_s,1.741859
1756990661.050,latency_s,1.798684
1756990661.050,latency_s,1.755444
1756990661.050,latency_s,1.798727
1756990661.050,latency_s,1.798508
1756990661.050,latency_s,1.743333
1756990661.156,latency_s,2.109375
1756990661.156,latency_s,2.008856
1756990661.156,latency_s,1.908630
1756990661.157,latency_s,1.808207
1756990661.264,latency_s,1.909456
1756990661.264,latency_s,1.943452
1756990661.264,latency_s,1.957342
1756990661.264,latency_s,1.917925
1756990661.264,latency_s,1.856918
1756990661.264,latency_s,1.957586
1756990661.264,latency_s,1.857092
1756990661.264,latency_s,2.123648
1756990661.264,latency_s,2.023538
1756990661.264,latency_s,1.923145
1756990661.264,latency_s,1.857188
1756990661.267,latency_s,1.859440
1756990661.267,latency_s,1.915014
1756990661.267,latency_s,1.858953
1756990661.267,latency_s,1.858722
1756990661.267,latency_s,1.915172
1756990661.267,latency_s,1.871854
1756990661.267,latency_s,1.915448
1756990661.267,latency_s,1.815269
1756990661.267,latency_s,1.915326
1756990661.267,latency_s,1.815311
1756990661.267,latency_s,1.859749
1756990661.371,latency_s,1.921842
1756990661.371,latency_s,1.915330
1756990661.371,latency_s,1.949952
1756990661.371,latency_s,1.863270
1756990661.371,latency_s,1.924585
1756990661.371,latency_s,1.863381
1756990661.372,latency_s,1.930440
1756990661.372,latency_s,1.864381
1756990661.372,latency_s,1.864402
1756990661.373,latency_s,1.864349
1756990661.376,latency_s,1.923701
1756990661.484,latency_s,1.975219
1756990661.484,latency_s,2.031848
1756990661.484,latency_s,1.987504
1756990661.484,latency_s,1.931104
1756990661.484,latency_s,1.931285
1756990661.484,latency_s,1.975822
1756990661.484,latency_s,1.934901
1756990661.484,latency_s,1.927877
1756990661.484,latency_s,1.962716
1756990661.484,latency_s,1.876093
1756990661.484,latency_s,1.876157
1756990661.484,latency_s,1.936069
1756990661.484,latency_s,1.942040
1756990661.484,latency_s,1.875963
1756990661.484,latency_s,1.876073
1756990661.484,latency_s,1.875678
1756990661.484,latency_s,1.931020
1756990661.485,latency_s,1.875605
1756990661.485,latency_s,1.931625
1756990661.485,latency_s,1.887796
1756990661.485,latency_s,1.831578
1756990661.485,latency_s,1.831480
1756990661.485,latency_s,1.876291
1756990661.592,latency_s,1.942286
1756990661.592,latency_s,1.934078
1756990661.592,latency_s,1.970300
1756990661.592,latency_s,1.869906
1756990661.592,latency_s,1.881952
1756990661.592,latency_s,1.943660
1756990661.592,latency_s,1.882314
1756990661.592,latency_s,1.949758
1756990661.592,latency_s,1.849279
1756990661.593,latency_s,1.882392
1756990661.593,latency_s,1.882401
1756990661.593,latency_s,1.882073
1756990661.593,latency_s,1.882237
1756990661.593,latency_s,1.937412
1756990661.593,latency_s,1.836777
1756990661.699,latency_s,2.046054
1756990661.699,latency_s,1.945733
1756990661.699,latency_s,2.001219
1756990661.699,latency_s,1.945578
1756990661.699,latency_s,1.988861
1756990661.700,latency_s,1.947828
1756990661.700,latency_s,1.940499
1756990661.700,latency_s,1.874208
1756990661.700,latency_s,1.888848
1756990661.700,latency_s,1.949543
1756990661.700,latency_s,1.889417
1756990661.700,latency_s,1.856059
1756990661.700,latency_s,1.888061
1756990661.700,latency_s,1.888205
1756990661.700,latency_s,1.845383
1756990661.700,latency_s,1.843348
1756990661.700,latency_s,1.889494
1756990661.806,latency_s,1.995222
1756990661.807,latency_s,2.007896
1756990661.807,latency_s,1.952535
1756990661.807,latency_s,1.995200
1756990661.807,latency_s,1.954209
1756990661.807,latency_s,1.947256
1756990661.807,latency_s,1.881685
1756990661.807,latency_s,1.896408
1756990661.807,latency_s,1.896924
1756990661.808,latency_s,1.863691
1756990661.808,latency_s,1.895614
1756990661.808,latency_s,1.895739
1756990661.808,latency_s,1.852804
1756990661.808,latency_s,1.849633
1756990661.808,latency_s,1.896651
1756990661.915,latency_s,2.003767
1756990661.916,latency_s,2.015345
1756990661.916,latency_s,2.161958
1756990661.916,latency_s,2.061684
1756990661.916,latency_s,1.961207
1756990661.916,latency_s,1.961305
1756990661.916,latency_s,1.962308
1756990661.916,latency_s,2.004343
1756990661.916,latency_s,1.955187
1756990661.916,latency_s,1.889689
1756990661.916,latency_s,1.902961
1756990661.916,latency_s,1.904547
1756990661.916,latency_s,1.871544
1756990661.916,latency_s,1.903403
1756990661.916,latency_s,1.903776
1756990661.916,latency_s,1.857641
1756990661.916,latency_s,1.860844
1756990662.022,latency_s,2.009471
1756990662.023,latency_s,2.010940
1756990662.023,latency_s,2.019545
1756990662.023,latency_s,1.967627
1756990662.023,latency_s,1.967758
1756990662.023,latency_s,1.967646
1756990662.023,latency_s,2.009671
1756990662.023,latency_s,1.960526
1756990662.023,latency_s,2.172223
1756990662.129,latency_s,2.178294
1756990662.130,latency_s,2.078004
1756990662.130,latency_s,1.977628
1756990662.130,latency_s,2.002884
1756990662.130,latency_s,2.015741
1756990662.130,latency_s,2.018095
1756990662.131,latency_s,1.985873
1756990662.131,latency_s,2.017302
1756990662.131,latency_s,2.018602
1756990662.131,latency_s,2.018830
1756990662.131,latency_s,2.017422
1756990662.131,latency_s,1.971311
1756990662.131,latency_s,1.975571
1756990662.131,latency_s,2.025465
1756990662.132,latency_s,1.976040
1756990662.132,latency_s,1.975879
1756990662.132,latency_s,1.976084
1756990662.132,latency_s,2.017732
1756990662.132,latency_s,1.917147
1756990662.132,latency_s,1.968370
1756990662.132,latency_s,1.879452
1756990662.132,latency_s,1.905033
1756990662.132,latency_s,1.917467
1756990662.237,latency_s,2.024745
1756990662.237,latency_s,1.991198
1756990662.237,latency_s,2.021821
1756990662.237,latency_s,2.023317
1756990662.237,latency_s,2.021990
1756990662.237,latency_s,2.022142
1756990662.237,latency_s,1.980733
1756990662.238,latency_s,1.976183
1756990662.238,latency_s,1.982009
1756990662.239,latency_s,2.029709
1756990662.345,latency_s,2.088675
1756990662.345,latency_s,2.089074
1756990662.345,latency_s,2.030003
1756990662.345,latency_s,2.078610
1756990662.345,latency_s,1.992146
1756990662.345,latency_s,2.017471
1756990662.345,latency_s,2.032227
1756990662.345,latency_s,2.030417
1756990662.345,latency_s,1.999302
1756990662.345,latency_s,2.030011
1756990662.345,latency_s,1.986458
1756990662.345,latency_s,2.029861
1756990662.345,latency_s,2.030141
1756990662.345,latency_s,2.031472
1756990662.345,latency_s,1.982061
1756990662.346,latency_s,2.035603
1756990662.346,latency_s,1.986565
1756990662.346,latency_s,1.934738
1756990662.347,latency_s,1.989093
1756990662.347,latency_s,1.990253
1756990662.347,latency_s,1.931204
1756990662.347,latency_s,1.979810
1756990662.347,latency_s,1.893412
1756990662.347,latency_s,1.918667
1756990662.347,latency_s,1.933212
1756990662.452,latency_s,2.037140
1756990662.453,latency_s,2.005857
1756990662.453,latency_s,2.036707
1756990662.453,latency_s,1.993300
1756990662.453,latency_s,2.037098
1756990662.453,latency_s,1.987862
1756990662.454,latency_s,2.037627
1756990662.454,latency_s,2.037766
1756990662.454,latency_s,1.942160
1756990662.564,latency_s,2.104758
1756990662.564,latency_s,2.105973
1756990662.564,latency_s,2.107511
1756990662.564,latency_s,2.048563
1756990662.564,latency_s,2.096880
1756990662.671,latency_s,2.103095
1756990662.671,latency_s,2.117389
1756990662.671,latency_s,2.141729
1756990662.671,latency_s,2.156495
1756990662.671,latency_s,2.155844
1756990662.671,latency_s,2.124182
1756990662.671,latency_s,2.155265
1756990662.671,latency_s,2.155689
1756990662.672,latency_s,2.112029
1756990662.672,latency_s,2.055264
1756990662.672,latency_s,2.155478
1756990662.672,latency_s,2.155156
1756990662.672,latency_s,2.103806
1756990662.672,latency_s,2.055177
1756990662.672,latency_s,2.054725
1756990662.672,latency_s,2.058816
1756990662.672,latency_s,2.111057
1756990662.672,latency_s,2.112565
1756990662.672,latency_s,2.055669
1756990662.672,latency_s,2.114791
1756990662.672,latency_s,2.003831
1756990662.672,latency_s,2.017878
1756990662.672,latency_s,2.042387
1756990662.672,latency_s,2.057219
1756990662.672,latency_s,2.056551
1756990662.672,latency_s,2.024070
1756990662.672,latency_s,2.054991
1756990662.778,latency_s,2.117851
1756990662.778,latency_s,2.059796
1756990662.778,latency_s,2.059835
1756990662.778,latency_s,2.110220
1756990662.779,latency_s,2.060004
1756990662.780,latency_s,2.066304
1756990662.780,latency_s,2.118391
1756990662.887,latency_s,2.226305
1756990662.887,latency_s,2.229062
1756990662.887,latency_s,2.168310
1756990662.887,latency_s,2.113896
1756990662.887,latency_s,2.156532
1756990662.887,latency_s,2.132358
1756990662.887,latency_s,2.170499
1756990662.887,latency_s,2.168982
1756990662.887,latency_s,2.137806
1756990662.887,latency_s,2.168475
1756990662.887,latency_s,2.068250
1756990662.887,latency_s,2.126642
1756990662.887,latency_s,2.068306
1756990662.887,latency_s,2.114258
1756990662.887,latency_s,2.068247
1756990662.887,latency_s,2.068742
1756990662.887,latency_s,2.073156
1756990662.888,latency_s,2.125862
1756990662.888,latency_s,2.126870
1756990662.888,latency_s,2.068593
1756990662.888,latency_s,2.129449
1756990662.928,latency_s,2.069353
1756990662.928,latency_s,2.049760
1756990662.928,latency_s,2.097390
1756990662.928,latency_s,2.072997
1756990662.928,latency_s,2.110220
1756990662.928,latency_s,2.110039
1756990662.928,latency_s,2.009961
1756990662.929,latency_s,2.009691
1756990662.929,latency_s,2.079106
1756990662.994,latency_s,2.074930
1756990662.994,latency_s,2.074887
1756990662.996,latency_s,2.076894
1756990662.996,latency_s,2.135043
1756990662.996,latency_s,2.076614
1756990662.996,latency_s,2.118986
1756990662.996,latency_s,2.080199
1756990662.996,latency_s,2.134017
1756990663.079,latency_s,2.217628
1756990663.079,latency_s,2.159194
1756990663.079,latency_s,2.119816
1756990663.079,latency_s,2.097864
1756990663.079,latency_s,2.146984
1756990663.079,latency_s,2.123291
1756990663.079,latency_s,2.059402
1756990663.079,latency_s,2.058397
1756990663.079,latency_s,2.129292
1756990663.079,latency_s,2.058352
1756990663.101,latency_s,2.080077
1756990663.101,latency_s,2.079743
1756990663.103,latency_s,2.081237
1756990663.103,latency_s,2.123746
1756990663.104,latency_s,2.142220
1756990663.104,latency_s,2.141325
1756990663.104,latency_s,2.083168
1756990663.104,latency_s,2.040945
1756990663.104,latency_s,2.142032
1756990663.104,latency_s,2.041877
1756990663.104,latency_s,2.082927
1756990663.104,latency_s,2.044516
1756990663.104,latency_s,2.022255
1756990663.104,latency_s,2.072172
1756990663.104,latency_s,2.048430
1756990663.104,latency_s,1.984537
1756990663.209,latency_s,2.086861
1756990663.209,latency_s,2.159122
1756990663.209,latency_s,2.086972
1756990663.209,latency_s,2.086770
1756990663.209,latency_s,2.086625
1756990663.210,latency_s,2.087419
1756990663.211,latency_s,2.130258
1756990663.211,latency_s,2.149010
1756990663.211,latency_s,2.048277
1756990663.211,latency_s,2.047386
1756990663.211,latency_s,2.047970
1756990663.211,latency_s,2.088877
1756990663.211,latency_s,2.088273
1756990663.211,latency_s,2.050983
1756990663.211,latency_s,2.028266
1756990663.211,latency_s,2.054518
1756990663.211,latency_s,2.078806
1756990663.211,latency_s,1.988261
1756990663.316,latency_s,2.095666
1756990663.316,latency_s,2.165885
1756990663.316,latency_s,2.093546
1756990663.316,latency_s,2.065968
1756990663.316,latency_s,2.093403
1756990663.316,latency_s,2.091840
1756990663.316,latency_s,2.093487
1756990663.316,latency_s,2.132030
1756990663.316,latency_s,2.053283
1756990663.317,latency_s,2.053281
1756990663.317,latency_s,2.093492
1756990663.317,latency_s,2.052856
1756990663.317,latency_s,2.093562
1756990663.317,latency_s,2.056060
1756990663.423,latency_s,2.139510
1756990663.424,latency_s,2.166429
1756990663.424,latency_s,2.190742
1756990663.424,latency_s,2.090330
1756990663.424,latency_s,2.103252
1756990663.531,latency_s,2.180118
1756990663.531,latency_s,2.207834
1756990663.531,latency_s,2.207529
1756990663.531,latency_s,2.206224
1756990663.531,latency_s,2.207935
1756990663.531,latency_s,2.167373
1756990663.531,latency_s,2.246403
1756990663.531,latency_s,2.165510
1756990663.531,latency_s,2.165657
1756990663.531,latency_s,2.207949
1756990663.531,latency_s,2.207962
1756990663.531,latency_s,2.170485
1756990663.531,latency_s,2.146772
1756990663.573,latency_s,2.215816
1756990663.574,latency_s,2.139913
1756990663.574,latency_s,2.122679
1756990663.574,latency_s,2.152897
1756990663.574,latency_s,2.149872
1756990663.574,latency_s,2.149772
1756990663.574,latency_s,2.150554
1756990663.574,latency_s,2.149267
1756990663.574,latency_s,2.189022
1756990663.574,latency_s,2.109363
1756990663.637,latency_s,2.171480
1756990663.637,latency_s,2.214044
1756990663.637,latency_s,2.171516
1756990663.637,latency_s,2.213864
1756990663.638,latency_s,2.176166
1756990663.638,latency_s,2.150252
1756990663.638,latency_s,2.103583
1756990663.638,latency_s,2.179837
1756990663.638,latency_s,2.314220
1756990663.681,latency_s,2.256779
1756990663.746,latency_s,2.221042
1756990663.746,latency_s,2.194108
1756990663.746,latency_s,2.221579
1756990663.746,latency_s,2.224357
1756990663.746,latency_s,2.221497
1756990663.746,latency_s,2.221835
1756990663.746,latency_s,2.258297
1756990663.746,latency_s,2.156694
1756990663.746,latency_s,2.220166
1756990663.746,latency_s,2.179430
1756990663.746,latency_s,2.179653
1756990663.746,latency_s,2.179483
1756990663.746,latency_s,2.222261
1756990663.746,latency_s,2.222135
1756990663.746,latency_s,2.184263
1756990663.746,latency_s,2.156934
1756990663.746,latency_s,2.111537
1756990663.746,latency_s,2.187754
1756990663.789,latency_s,2.129654
1756990663.789,latency_s,2.163843
1756990663.789,latency_s,2.135216
1756990663.789,latency_s,2.166273
1756990663.789,latency_s,2.164423
1756990663.789,latency_s,2.164626
1756990663.853,latency_s,2.228586
1756990663.853,latency_s,2.162336
1756990663.853,latency_s,2.226558
1756990663.854,latency_s,2.186623
1756990663.854,latency_s,2.186718
1756990663.854,latency_s,2.186735
1756990663.854,latency_s,2.229290
1756990663.854,latency_s,2.229344
1756990663.897,latency_s,2.171869
1756990663.897,latency_s,2.234366
1756990663.897,latency_s,2.205383
1756990663.897,latency_s,2.161748
1756990663.897,latency_s,2.137529
1756990663.897,latency_s,2.171495
1756990663.897,latency_s,2.143262
1756990663.897,latency_s,2.172057
1756990663.897,latency_s,2.172202
1756990663.897,latency_s,2.171862
1756990663.897,latency_s,2.171375
1756990663.897,latency_s,2.097785
1756990663.897,latency_s,2.170017
1756990663.897,latency_s,2.130065
1756990663.897,latency_s,2.130288
1756990663.897,latency_s,2.171967
1756990663.897,latency_s,2.130355
1756990663.960,latency_s,2.134894
1756990663.960,latency_s,2.197362
1756990663.960,latency_s,2.166071
1756990663.960,latency_s,2.100387
1756990663.960,latency_s,2.124723
1756990663.960,latency_s,2.134686
1756990663.961,latency_s,2.106725
1756990664.005,latency_s,2.179250
1756990664.005,latency_s,2.179402
1756990664.069,latency_s,2.242703
1756990664.069,latency_s,2.242694
1756990664.069,latency_s,2.167296
1756990664.069,latency_s,2.240162
1756990664.069,latency_s,2.201174
1756990664.069,latency_s,2.243206
1756990664.069,latency_s,2.142832
1756990664.069,latency_s,2.201090
1756990664.069,latency_s,2.201372
1756990664.069,latency_s,2.143487
1756990664.069,latency_s,2.205899
1756990664.069,latency_s,2.108937
1756990664.069,latency_s,2.133199
1756990664.069,latency_s,2.143388
1756990664.069,latency_s,2.114369
1756990664.069,latency_s,2.143477
1756990664.069,latency_s,2.143100
1756990664.112,latency_s,2.185476
1756990664.112,latency_s,2.185935
1756990664.112,latency_s,2.105354
1756990664.112,latency_s,2.183066
1756990664.112,latency_s,2.144125
1756990664.113,latency_s,2.086006
1756990664.154,latency_s,2.185861
1756990664.154,latency_s,2.186144
1756990664.154,latency_s,2.128291
1756990664.154,latency_s,2.190727
1756990664.155,latency_s,2.093718
1756990664.155,latency_s,2.118017
1756990664.155,latency_s,2.128055
1756990664.220,latency_s,2.193195
1756990664.220,latency_s,2.164232
1756990664.220,latency_s,2.193491
1756990664.220,latency_s,2.112376
1756990664.220,latency_s,2.193514
1756990664.221,latency_s,2.190901
1756990664.221,latency_s,2.090469
1756990664.221,latency_s,2.194184
1756990664.221,latency_s,2.093089
1756990664.221,latency_s,2.093078
1756990664.221,latency_s,2.090659
1756990664.221,latency_s,2.151585
1756990664.221,latency_s,2.151644
1756990664.221,latency_s,2.093315
1756990664.221,latency_s,2.156708
1756990664.221,latency_s,2.325427
1756990664.221,latency_s,2.224448
1756990664.221,latency_s,2.123630
1756990664.221,latency_s,2.084060
1756990664.327,latency_s,2.165974
1756990664.327,latency_s,2.199768
1756990664.328,latency_s,2.199755
1756990664.328,latency_s,2.170774
1756990664.328,latency_s,2.199888
1756990664.328,latency_s,2.096896
1756990664.328,latency_s,2.099787
1756990664.328,latency_s,2.099817
1756990664.328,latency_s,2.118984
1756990664.328,latency_s,2.097236
1756990664.328,latency_s,2.155743
1756990664.328,latency_s,2.157635
1756990664.328,latency_s,2.100219
1756990664.434,latency_s,2.268896
1756990664.434,latency_s,2.236132
1756990664.434,latency_s,2.196359
1756990664.434,latency_s,2.172046
1756990664.434,latency_s,2.206328
1756990664.435,latency_s,2.207409
1756990664.435,latency_s,2.178228
1756990664.436,latency_s,2.207573
1756990664.436,latency_s,2.366432
1756990664.436,latency_s,2.265329
1756990664.436,latency_s,2.164597
1756990664.436,latency_s,2.104604
1756990664.436,latency_s,2.107506
1756990664.436,latency_s,2.107702
1756990664.436,latency_s,2.126594
1756990664.436,latency_s,2.104811
1756990664.436,latency_s,2.162840
1756990664.436,latency_s,2.164869
1756990664.436,latency_s,2.108076
1756990664.541,latency_s,2.276248
1756990664.541,latency_s,2.175483
1756990664.541,latency_s,2.241245
1756990664.541,latency_s,2.203271
1756990664.542,latency_s,2.179743
1756990664.542,latency_s,2.213584
1756990664.542,latency_s,2.184536
1756990664.542,latency_s,2.213698
1756990664.542,latency_s,2.213422
1756990664.542,latency_s,2.113371
1756990664.542,latency_s,2.113297
1756990664.542,latency_s,2.170727
1756990664.543,latency_s,2.110924
1756990664.650,latency_s,2.221048
1756990664.650,latency_s,2.237557
1756990664.650,latency_s,2.276269
1756990664.650,latency_s,2.218397
1756990664.650,latency_s,2.278313
1756990664.650,latency_s,2.183719
1756990664.650,latency_s,2.221923
1756990664.650,latency_s,2.245215
1756990664.650,latency_s,2.221586
1756990664.650,latency_s,2.211641
1756990664.650,latency_s,2.221536
1756990664.650,latency_s,2.120562
1756990664.651,latency_s,2.192136
1756990664.757,latency_s,2.226996
1756990664.757,latency_s,2.226783
1756990664.757,latency_s,2.284997
1756990664.757,latency_s,2.224812
1756990664.757,latency_s,2.242251
1756990664.757,latency_s,2.227366
1756990664.760,latency_s,2.227669
1756990664.760,latency_s,2.285248
1756990664.760,latency_s,2.288095
1756990664.760,latency_s,2.184397
1756990664.760,latency_s,2.187413
1756990664.760,latency_s,2.193391
1756990664.760,latency_s,2.230528
1756990664.760,latency_s,2.230589
1756990664.760,latency_s,2.254290
1756990664.760,latency_s,2.221219
1756990664.760,latency_s,2.129490
1756990664.760,latency_s,2.200898
1756990664.760,latency_s,2.128789
1756990664.864,latency_s,2.233530
1756990664.865,latency_s,2.291191
1756990664.972,latency_s,2.336987
1756990664.972,latency_s,2.356044
1756990664.972,latency_s,2.339735
1756990664.972,latency_s,2.339662
1756990664.972,latency_s,2.299300
1756990664.972,latency_s,2.294878
1756990664.972,latency_s,2.305359
1756990665.078,latency_s,2.471755
1756990665.079,latency_s,2.370805
1756990665.079,latency_s,2.615956
1756990665.079,latency_s,2.515553
1756990665.079,latency_s,2.415081
1756990665.079,latency_s,2.439382
1756990665.079,latency_s,2.347823
1756990665.079,latency_s,2.418555
1756990665.079,latency_s,2.404810
1756990665.079,latency_s,2.343366
1756990665.079,latency_s,2.345302
1756990665.079,latency_s,2.362516
1756990665.079,latency_s,2.305799
1756990665.079,latency_s,2.345366
1756990665.079,latency_s,2.301297
1756990665.079,latency_s,2.311757
1756990665.079,latency_s,2.271212
1756990665.080,latency_s,2.315105
1756990665.080,latency_s,2.339624
1756990665.080,latency_s,2.239388
1756990665.080,latency_s,2.248553
1756990665.080,latency_s,2.318698
1756990665.080,latency_s,2.218508
1756990665.080,latency_s,2.305384
1756990665.080,latency_s,2.204956
1756990665.186,latency_s,2.348939
1756990665.186,latency_s,2.352176
1756990665.186,latency_s,2.368468
1756990665.186,latency_s,2.555450
1756990665.186,latency_s,2.450930
1756990665.187,latency_s,2.349707
1756990665.187,latency_s,2.312636
1756990665.187,latency_s,2.352551
1756990665.295,latency_s,2.414190
1756990665.295,latency_s,2.426713
1756990665.295,latency_s,2.662151
1756990665.295,latency_s,2.561789
1756990665.295,latency_s,2.461247
1756990665.295,latency_s,2.385361
1756990665.295,latency_s,2.430456
1756990665.295,latency_s,2.354146
1756990665.295,latency_s,2.363064
1756990665.295,latency_s,2.562179
1756990665.295,latency_s,2.564431
1756990665.295,latency_s,2.464164
1756990665.295,latency_s,2.461539
1756990665.295,latency_s,2.363316
1756990665.295,latency_s,2.361431
1756990665.295,latency_s,2.331244
1756990665.295,latency_s,2.319909
1756990665.295,latency_s,2.357735
1756990665.295,latency_s,2.361259
1756990665.296,latency_s,2.377136
1756990665.296,latency_s,2.358460
1756990665.296,latency_s,2.321316
1756990665.296,latency_s,2.314941
1756990665.296,latency_s,2.361306
1756990665.296,latency_s,2.327423
1756990665.402,latency_s,2.467677
1756990665.402,latency_s,2.391518
1756990665.402,latency_s,2.436673
1756990665.402,latency_s,2.360455
1756990665.402,latency_s,2.368727
1756990665.403,latency_s,2.369659
1756990665.403,latency_s,2.368202
1756990665.404,latency_s,2.337790
1756990665.404,latency_s,2.327511
1756990665.404,latency_s,2.365115
1756990665.405,latency_s,2.370308
1756990665.405,latency_s,2.385291
1756990665.405,latency_s,2.367170
1756990665.510,latency_s,2.434011
1756990665.510,latency_s,2.475369
1756990665.510,latency_s,2.429155
1756990665.510,latency_s,2.441204
1756990665.510,latency_s,2.475649
1756990665.510,latency_s,2.399600
1756990665.510,latency_s,2.375331
1756990665.510,latency_s,2.444710
1756990665.511,latency_s,2.368554
1756990665.511,latency_s,2.376271
1756990665.511,latency_s,2.376523
1756990665.511,latency_s,2.375926
1756990665.511,latency_s,2.344100
1756990665.511,latency_s,2.332119
1756990665.513,latency_s,2.373008
1756990665.513,latency_s,2.378376
1756990665.513,latency_s,2.392945
1756990665.513,latency_s,2.374118
1756990665.513,latency_s,2.336711
1756990665.513,latency_s,2.331712
1756990665.514,latency_s,2.378404
1756990665.514,latency_s,2.343933
1756990665.514,latency_s,2.276908
1756990665.514,latency_s,2.302083
1756990665.618,latency_s,2.452106
1756990665.618,latency_s,2.375904
1756990665.619,latency_s,2.381806
1756990665.619,latency_s,2.381928
1756990665.619,latency_s,2.384222
1756990665.619,latency_s,2.351745
1756990665.619,latency_s,2.339330
1756990665.619,latency_s,2.377978
1756990665.620,latency_s,2.384488
1756990665.620,latency_s,2.398442
1756990665.726,latency_s,2.487126
1756990665.727,latency_s,2.449453
1756990665.727,latency_s,2.444872
1756990665.727,latency_s,2.490088
1756990665.727,latency_s,2.456518
1756990665.727,latency_s,2.389763
1756990665.727,latency_s,2.415004
1756990665.727,latency_s,2.460090
1756990665.727,latency_s,2.359582
1756990665.727,latency_s,2.383919
1756990665.727,latency_s,2.390071
1756990665.727,latency_s,2.389979
1756990665.727,latency_s,2.392266
1756990665.727,latency_s,2.359484
1756990665.727,latency_s,2.385018
1756990665.727,latency_s,2.346897
1756990665.727,latency_s,2.391076
1756990665.728,latency_s,2.405441
1756990665.729,latency_s,2.389558
1756990665.729,latency_s,2.351697
1756990665.729,latency_s,2.347084
1756990665.729,latency_s,2.392675
1756990665.730,latency_s,2.358649
1756990665.730,latency_s,2.291697
1756990665.768,latency_s,2.355423
1756990665.768,latency_s,2.300134
1756990665.768,latency_s,2.324423
1756990665.768,latency_s,2.330402
1756990665.768,latency_s,2.332366
1756990665.768,latency_s,2.328102
1756990665.834,latency_s,2.366328
1756990665.835,latency_s,2.391968
1756990665.835,latency_s,2.353879
1756990665.838,latency_s,2.401222
1756990665.838,latency_s,2.414983
1756990665.838,latency_s,2.314492
1756990665.838,latency_s,2.397915
1756990665.838,latency_s,2.297748
1756990665.838,latency_s,2.360289
1756990665.838,latency_s,2.354882
1756990665.838,latency_s,2.398436
1756990665.838,latency_s,2.298105
1756990665.838,latency_s,2.366747
1756990665.838,latency_s,2.300001
1756990665.838,latency_s,2.323779
1756990665.838,latency_s,2.270151
1756990665.838,latency_s,2.294352
1756990665.838,latency_s,2.300355
1756990665.839,latency_s,2.298175
1756990665.943,latency_s,2.406446
1756990665.944,latency_s,2.374622
1756990665.944,latency_s,2.399799
1756990665.944,latency_s,2.362405
1756990665.944,latency_s,2.407287
1756990665.944,latency_s,2.317791
1756990665.945,latency_s,2.303570
1756990665.945,latency_s,2.365953
1756990665.945,latency_s,2.303655
1756990665.945,latency_s,2.360871
1756990665.945,latency_s,2.372507
1756990665.945,latency_s,2.305737
1756990665.945,latency_s,2.329199
1756990666.051,latency_s,2.382071
1756990666.159,latency_s,2.513683
1756990666.159,latency_s,2.517501
1756990666.159,latency_s,2.522274
1756990666.159,latency_s,2.519759
1756990666.159,latency_s,2.488685
1756990666.159,latency_s,2.512903
1756990666.159,latency_s,2.477098
1756990666.159,latency_s,2.522020
1756990666.159,latency_s,2.421600
1756990666.159,latency_s,2.432086
1756990666.160,latency_s,2.481421
1756990666.160,latency_s,2.476050
1756990666.160,latency_s,2.419329
1756990666.161,latency_s,2.418724
1756990666.161,latency_s,2.487555
1756990666.161,latency_s,2.421125
1756990666.161,latency_s,2.444154
1756990666.161,latency_s,2.391396
1756990666.161,latency_s,2.415002
1756990666.161,latency_s,2.419116
1756990666.161,latency_s,2.423701
1756990666.161,latency_s,2.421799
1756990666.161,latency_s,2.390737
1756990666.161,latency_s,2.414392
1756990666.161,latency_s,2.313289
1756990666.161,latency_s,2.331521
1756990666.161,latency_s,2.323316
1756990666.161,latency_s,2.378814
1756990666.161,latency_s,2.381810
1756990666.162,latency_s,2.319189
1756990666.162,latency_s,2.376436
1756990666.264,latency_s,2.490449
1756990666.268,latency_s,2.450881
1756990666.268,latency_s,2.428056
1756990666.268,latency_s,2.426487
1756990666.268,latency_s,2.422122
1756990666.269,latency_s,2.426319
1756990666.269,latency_s,2.430914
1756990666.376,latency_s,2.535700
1756990666.376,latency_s,2.504662
1756990666.376,latency_s,2.427076
1756990666.376,latency_s,2.437340
1756990666.376,latency_s,2.443377
1756990666.376,latency_s,2.492372
1756990666.376,latency_s,2.496479
1756990666.376,latency_s,2.491029
1756990666.376,latency_s,2.433738
1756990666.376,latency_s,2.502479
1756990666.377,latency_s,2.401838
1756990666.377,latency_s,2.457681
1756990666.377,latency_s,2.435714
1756990666.377,latency_s,2.434631
1756990666.377,latency_s,2.430203
1756990666.377,latency_s,2.434455
1756990666.377,latency_s,2.438654
1756990666.377,latency_s,2.436183
1756990666.377,latency_s,2.337982
1756990666.377,latency_s,2.405770
1756990666.377,latency_s,2.328046
1756990666.377,latency_s,2.337967
1756990666.378,latency_s,2.344196
1756990666.378,latency_s,2.393379
1756990666.378,latency_s,2.397603
1756990666.378,latency_s,2.334147
1756990666.482,latency_s,2.406697
1756990666.482,latency_s,2.495796
1756990666.482,latency_s,2.401366
1756990666.482,latency_s,2.462795
1756990666.482,latency_s,2.440102
1756990666.482,latency_s,2.440176
1756990666.484,latency_s,2.613926
1756990666.484,latency_s,2.513213
1756990666.484,latency_s,2.413332
1756990666.589,latency_s,2.541930
1756990666.589,latency_s,2.546795
1756990666.589,latency_s,2.446697
1756990666.590,latency_s,2.450087
1756990666.590,latency_s,2.549034
1756990666.590,latency_s,2.448258
1756990666.590,latency_s,2.517950
1756990666.590,latency_s,2.440487
1756990666.590,latency_s,2.450063
1756990666.590,latency_s,2.505824
1756990666.590,latency_s,2.456525
1756990666.590,latency_s,2.409323
1756990666.590,latency_s,2.415128
1756990666.590,latency_s,2.446372
1756990666.590,latency_s,2.504062
1756990666.591,latency_s,2.404621
1756990666.591,latency_s,2.470962
1756990666.591,latency_s,2.448720
1756990666.591,latency_s,2.448893
1756990666.591,latency_s,2.419904
1756990666.591,latency_s,2.443877
1756990666.592,latency_s,2.348271
1756990666.592,latency_s,2.348610
1756990666.592,latency_s,2.350975
1756990666.592,latency_s,2.419320
1756990666.592,latency_s,2.340680
1756990666.592,latency_s,2.350117
1756990666.592,latency_s,2.357538
1756990666.592,latency_s,2.406576
1756990666.699,latency_s,2.417815
1756990666.805,latency_s,2.529501
1756990666.805,latency_s,2.560760
1756990666.805,latency_s,2.518395
1756990666.805,latency_s,2.584562
1756990666.805,latency_s,2.481864
1756990666.805,latency_s,2.562756
1756990666.806,latency_s,2.533752
1756990666.806,latency_s,2.557042
1756990666.806,latency_s,2.456419
1756990666.806,latency_s,2.464774
1756990666.806,latency_s,2.462255
1756990666.806,latency_s,2.462845
1756990666.806,latency_s,2.533349
1756990666.806,latency_s,2.433041
1756990666.806,latency_s,2.454684
1756990666.806,latency_s,2.464297
1756990666.806,latency_s,2.471253
1756990666.808,latency_s,2.522236
1756990666.808,latency_s,2.421919
1756990666.808,latency_s,2.431918
1756990666.808,latency_s,2.426569
1756990666.808,latency_s,2.462748
1756990666.808,latency_s,2.420436
1756990666.808,latency_s,2.383346
1756990666.808,latency_s,2.465203
1756990666.808,latency_s,2.365065
1756990666.808,latency_s,2.436156
1756990666.808,latency_s,2.358299
1756990666.808,latency_s,2.366713
1756990666.808,latency_s,2.364368
1756990666.808,latency_s,2.364507
1756990666.912,latency_s,2.438437
1756990666.915,latency_s,2.462913
1756990666.915,latency_s,2.472520
1756990666.915,latency_s,2.476477
1756990666.915,latency_s,2.429161
1756990666.915,latency_s,2.433232
1756990666.915,latency_s,2.439390
1756990667.024,latency_s,2.578839
1756990667.024,latency_s,2.536481
1756990667.024,latency_s,2.496843
1756990667.025,latency_s,2.481216
1756990667.025,latency_s,2.781233
1756990667.025,latency_s,2.681038
1756990667.025,latency_s,2.580820
1756990667.025,latency_s,2.480634
1756990667.025,latency_s,2.552293
1756990667.025,latency_s,2.474846
1756990667.025,latency_s,2.482024
1756990667.025,latency_s,2.480298
1756990667.025,latency_s,2.480444
1756990667.025,latency_s,2.449780
1756990667.025,latency_s,2.472510
1756990667.025,latency_s,2.481667
1756990667.025,latency_s,2.438571
1756990667.025,latency_s,2.449157
1756990667.025,latency_s,2.436695
1756990667.026,latency_s,2.442836
1756990667.026,latency_s,2.479431
1756990667.026,latency_s,2.397451
1756990667.026,latency_s,2.382176
1756990667.026,latency_s,2.380755
1756990667.026,latency_s,2.452411
1756990667.026,latency_s,2.374811
1756990667.132,latency_s,2.488440
1756990667.132,latency_s,2.486970
1756990667.133,latency_s,2.487346
1756990667.133,latency_s,2.456320
1756990667.133,latency_s,2.477187
1756990667.133,latency_s,2.487063
1756990667.133,latency_s,2.445781
1756990667.133,latency_s,2.456447
1756990667.240,latency_s,2.551411
1756990667.241,latency_s,2.557804
1756990667.241,latency_s,2.593876
1756990667.241,latency_s,2.511976
1756990667.241,latency_s,2.497211
1756990667.241,latency_s,2.495795
1756990667.241,latency_s,2.567333
1756990667.241,latency_s,2.489345
1756990667.241,latency_s,2.497035
1756990667.241,latency_s,2.495561
1756990667.241,latency_s,2.495573
1756990667.241,latency_s,2.463900
1756990667.241,latency_s,2.700063
1756990667.241,latency_s,2.597355
1756990667.241,latency_s,2.497057
1756990667.242,latency_s,2.485963
1756990667.348,latency_s,2.601805
1756990667.348,latency_s,2.560082
1756990667.348,latency_s,2.570496
1756990667.348,latency_s,2.564027
1756990667.348,latency_s,2.558850
1756990667.348,latency_s,2.600654
1756990667.348,latency_s,2.515259
1756990667.348,latency_s,2.503965
1756990667.348,latency_s,2.502172
1756990667.348,latency_s,2.573856
1756990667.348,latency_s,2.473627
1756990667.348,latency_s,2.494849
1756990667.348,latency_s,2.504078
1756990667.348,latency_s,2.502313
1756990667.348,latency_s,2.502308
1756990667.348,latency_s,2.470293
1756990667.455,latency_s,2.610745
1756990667.455,latency_s,2.598976
1756990667.455,latency_s,2.609103
1756990667.456,latency_s,2.567181
1756990667.499,latency_s,2.621209
1756990667.499,latency_s,2.614909
1756990667.499,latency_s,2.610051
1756990667.500,latency_s,2.651490
1756990667.500,latency_s,2.564172
1756990667.500,latency_s,2.555362
1756990667.500,latency_s,2.553377
1756990667.500,latency_s,2.524353
1756990667.500,latency_s,2.545107
1756990667.500,latency_s,2.555127
1756990667.500,latency_s,2.553473
1756990667.562,latency_s,2.615137
1756990667.563,latency_s,2.584212
1756990667.563,latency_s,2.618299
1756990667.563,latency_s,2.606067
1756990667.563,latency_s,2.616397
1756990667.563,latency_s,2.574620
1756990667.563,latency_s,2.584595
1756990667.563,latency_s,2.573274
1756990667.563,latency_s,2.614791
1756990667.563,latency_s,2.578771
1756990667.564,latency_s,2.527005
1756990667.564,latency_s,2.518634
1756990667.564,latency_s,2.516867
1756990667.564,latency_s,2.487603
1756990667.564,latency_s,2.508355
1756990667.564,latency_s,2.517177
1756990667.564,latency_s,2.516929
1756990667.669,latency_s,2.622196
1756990667.669,latency_s,2.588722
1756990667.669,latency_s,2.622868
1756990667.669,latency_s,2.611833
1756990667.670,latency_s,2.620543
1756990667.670,latency_s,2.580725
1756990667.670,latency_s,2.590368
1756990667.670,latency_s,2.620063
1756990667.670,latency_s,2.579303
1756990667.670,latency_s,2.584780
1756990667.670,latency_s,2.519327
1756990667.670,latency_s,2.532681
1756990667.670,latency_s,2.524466
1756990667.670,latency_s,2.523415
1756990667.670,latency_s,2.493562
1756990667.778,latency_s,2.620452
1756990667.778,latency_s,2.631201
1756990667.778,latency_s,2.631131
1756990667.778,latency_s,2.631140
1756990667.778,latency_s,2.597525
1756990667.778,latency_s,2.631480
1756990667.993,latency_s,2.834815
1756990667.993,latency_s,2.842099
1756990667.993,latency_s,2.802783
1756990667.993,latency_s,2.813114
1756990667.993,latency_s,2.806878
1756990667.993,latency_s,2.801978
1756990667.993,latency_s,2.741598
1756990667.993,latency_s,2.755102
1756990667.993,latency_s,2.746737
1756990667.993,latency_s,2.746003
1756990667.993,latency_s,2.715740
1756990667.993,latency_s,2.735461
1756990667.993,latency_s,2.745334
1756990667.993,latency_s,2.745325
1756990667.993,latency_s,2.746002
1756990667.993,latency_s,2.711895
1756990667.993,latency_s,2.745737
1756990667.993,latency_s,2.735400
1756990667.994,latency_s,2.742162
1756990667.994,latency_s,2.701694
1756990667.994,latency_s,2.641505
1756990667.994,latency_s,2.713073
1756990667.994,latency_s,2.707324
1756990667.994,latency_s,2.701701
1756990667.994,latency_s,2.641654
1756990667.994,latency_s,2.655457
1756990667.994,latency_s,2.646998
1756990667.994,latency_s,2.616122
1756990667.994,latency_s,2.646325
1756990667.994,latency_s,2.635039
1756990667.994,latency_s,2.645763
1756990667.994,latency_s,2.646309
1756990668.101,latency_s,2.752336
1756990668.101,latency_s,2.718535
1756990668.101,latency_s,2.752794
1756990668.101,latency_s,2.652588
1756990668.209,latency_s,2.850022
1756990668.209,latency_s,2.756619
1756990668.209,latency_s,2.816666
1756990668.209,latency_s,2.822238
1756990668.209,latency_s,2.815194
1756990668.209,latency_s,2.756932
1756990668.209,latency_s,2.828235
1756990668.209,latency_s,2.769222
1756990668.209,latency_s,2.731029
1756990668.209,latency_s,2.761675
1756990668.210,latency_s,2.749781
1756990668.210,latency_s,2.760259
1756990668.210,latency_s,2.761597
1756990668.210,latency_s,2.726832
1756990668.210,latency_s,2.661233
1756990668.210,latency_s,2.748053
1756990668.210,latency_s,2.647867
1756990668.210,latency_s,2.656527
1756990668.210,latency_s,2.717006
1756990668.210,latency_s,2.722156
1756990668.210,latency_s,2.621495
1756990668.210,latency_s,2.715772
1756990668.210,latency_s,2.657142
1756990668.250,latency_s,2.769097
1756990668.251,latency_s,2.668405
1756990668.251,latency_s,2.709908
1756990668.251,latency_s,2.671474
1756990668.251,latency_s,2.702595
1756990668.317,latency_s,2.767718
1756990668.317,latency_s,2.666549
1756990668.317,latency_s,2.769142
1756990668.317,latency_s,2.668936
1756990668.400,latency_s,2.817018
1756990668.400,latency_s,2.751488
1756990668.400,latency_s,2.736162
1756990668.400,latency_s,2.746595
1756990668.400,latency_s,2.807417
1756990668.400,latency_s,2.711663
1756990668.400,latency_s,2.746742
1756990668.400,latency_s,2.717251
1756990668.401,latency_s,2.805019
1756990668.401,latency_s,2.704062
1756990668.425,latency_s,2.978095
1756990668.425,latency_s,2.877836
1756990668.425,latency_s,2.777739
1756990668.425,latency_s,2.745923
1756990668.425,latency_s,2.777066
1756990668.425,latency_s,2.976058
1756990668.425,latency_s,2.875980
1756990668.425,latency_s,2.774725
1756990668.426,latency_s,2.674465
1756990668.426,latency_s,2.676172
1756990668.426,latency_s,2.741678
1756990668.532,latency_s,2.782391
1756990668.532,latency_s,2.766740
1756990668.532,latency_s,2.838506
1756990668.532,latency_s,2.777161
1756990668.532,latency_s,2.742902
1756990668.532,latency_s,2.747720
1756990668.532,latency_s,2.734793
1756990668.532,latency_s,2.777323
1756990668.533,latency_s,2.784755
1756990668.533,latency_s,2.784340
1756990668.533,latency_s,2.752884
1756990668.533,latency_s,2.972310
1756990668.533,latency_s,2.870018
1756990668.533,latency_s,2.769633
1756990668.533,latency_s,2.782016
1756990668.533,latency_s,2.680489
1756990668.533,latency_s,2.681510
1756990668.533,latency_s,2.683556
1756990668.533,latency_s,2.747702
1756990668.533,latency_s,2.683997
1756990668.534,latency_s,2.665500
1756990668.640,latency_s,2.846204
1756990668.640,latency_s,2.784051
1756990668.640,latency_s,2.750508
1756990668.640,latency_s,2.742597
1756990668.640,latency_s,2.755060
1756990668.640,latency_s,2.784003
1756990668.640,latency_s,2.997496
1756990668.640,latency_s,2.895862
1756990668.640,latency_s,2.795649
1756990668.640,latency_s,2.791188
1756990668.640,latency_s,2.791098
1756990668.640,latency_s,2.759214
1756990668.640,latency_s,2.772956
1756990668.748,latency_s,2.794701
1756990668.748,latency_s,2.795323
1756990668.748,latency_s,2.797347
1756990668.748,latency_s,2.861984
1756990668.748,latency_s,2.761386
1756990668.748,latency_s,2.798232
1756990668.748,latency_s,2.779225
1756990668.748,latency_s,2.854400
1756990668.748,latency_s,2.791654
1756990668.748,latency_s,2.754157
1756990668.748,latency_s,2.758672
1756990668.748,latency_s,2.749891
1756990668.748,latency_s,2.762666
1756990668.748,latency_s,2.791828
1756990668.748,latency_s,2.801748
1756990668.748,latency_s,2.799073
1756990668.748,latency_s,2.698193
1756990668.748,latency_s,2.767287
1756990668.748,latency_s,2.799223
1756990668.749,latency_s,2.698386
1756990668.789,latency_s,2.820793
1756990668.789,latency_s,2.734956
1756990668.789,latency_s,2.735968
1756990668.789,latency_s,2.737947
1756990668.789,latency_s,2.701328
1756990668.789,latency_s,2.738262
1756990668.789,latency_s,2.719028
1756990668.789,latency_s,2.694728
1756990668.855,latency_s,2.798271
1756990668.855,latency_s,2.765401
1756990668.855,latency_s,2.756514
1756990668.856,latency_s,2.798638
1756990668.856,latency_s,2.769154
1756990668.856,latency_s,2.807774
1756990668.938,latency_s,2.787359
1756990668.938,latency_s,2.787543
1756990668.938,latency_s,2.856326
1756990668.938,latency_s,2.869485
1756990668.938,latency_s,2.784367
1756990668.938,latency_s,2.784844
1756990668.938,latency_s,2.787275
1756990668.939,latency_s,2.787609
1756990668.939,latency_s,2.749789
1756990668.939,latency_s,2.767915
1756990668.939,latency_s,2.743507
1756990668.962,latency_s,2.804262
1756990668.962,latency_s,2.771787
1756990668.962,latency_s,2.762929
1756990668.962,latency_s,2.813408
1756990668.962,latency_s,2.711258
1756990668.963,latency_s,2.711301
1756990668.963,latency_s,2.780836
1756990668.963,latency_s,2.792422
1756990668.963,latency_s,2.691015
1756990668.963,latency_s,2.708675
1756990669.070,latency_s,2.815235
1756990669.070,latency_s,2.818078
1756990669.070,latency_s,2.818336
1756990669.070,latency_s,2.780929
1756990669.070,latency_s,2.798295
1756990669.070,latency_s,2.772065
1756990669.070,latency_s,2.811627
1756990669.070,latency_s,2.778457
1756990669.070,latency_s,2.770191
1756990669.070,latency_s,2.718362
1756990669.070,latency_s,2.718048
1756990669.070,latency_s,2.786759
1756990669.070,latency_s,2.695813
1756990669.070,latency_s,2.715642
1756990669.071,latency_s,2.716606
1756990669.178,latency_s,2.825784
1756990669.178,latency_s,2.825332
1756990669.178,latency_s,2.788778
1756990669.178,latency_s,3.020491
1756990669.178,latency_s,2.919809
1756990669.178,latency_s,2.817820
1756990669.178,latency_s,2.805569
1756990669.178,latency_s,2.779563
1756990669.178,latency_s,2.991584
1756990669.178,latency_s,2.890844
1756990669.178,latency_s,2.790713
1756990669.178,latency_s,2.817834
1756990669.178,latency_s,2.786455
1756990669.178,latency_s,2.776807
1756990669.178,latency_s,2.726406
1756990669.179,latency_s,2.725862
1756990669.179,latency_s,2.794731
1756990669.285,latency_s,2.801497
1756990669.286,latency_s,2.810255
1756990669.286,latency_s,2.830234
1756990669.286,latency_s,2.830283
1756990669.286,latency_s,2.833344
1756990669.286,latency_s,2.796167
1756990669.286,latency_s,2.832950
1756990669.286,latency_s,2.823843
1756990669.327,latency_s,2.853704
1756990669.327,latency_s,2.828200
1756990669.327,latency_s,2.838636
1756990669.327,latency_s,2.835089
1756990669.327,latency_s,2.866010
1756990669.327,latency_s,2.823846
1756990669.327,latency_s,2.773497
1756990669.393,latency_s,3.142151
1756990669.393,latency_s,3.041554
1756990669.393,latency_s,2.941358
1756990669.393,latency_s,2.840087
1756990669.394,latency_s,2.839668
1756990669.394,latency_s,2.809174
1756990669.394,latency_s,2.816624
1756990669.394,latency_s,2.837065
1756990669.394,latency_s,2.837188
1756990669.394,latency_s,2.840061
1756990669.394,latency_s,2.802943
1756990669.394,latency_s,2.829114
1756990669.394,latency_s,2.839666
1756990669.394,latency_s,2.819801
1756990669.394,latency_s,2.794162
1756990669.394,latency_s,2.804641
1756990669.394,latency_s,2.800716
1756990669.501,latency_s,2.936966
1756990669.501,latency_s,2.895566
1756990669.501,latency_s,2.846248
1756990669.501,latency_s,2.846319
1756990669.501,latency_s,2.845870
1756990669.501,latency_s,2.816225
1756990669.501,latency_s,2.823192
1756990669.501,latency_s,2.846321
1756990669.501,latency_s,2.843652
1756990669.608,latency_s,2.916398
1756990669.608,latency_s,2.953132
1756990669.608,latency_s,2.942973
1756990669.608,latency_s,2.933383
1756990669.608,latency_s,2.907487
1756990669.608,latency_s,2.917896
1756990669.608,latency_s,2.943606
1756990669.609,latency_s,2.842966
1756990669.609,latency_s,2.902300
1756990669.609,latency_s,2.914685
1756990669.609,latency_s,2.853541
1756990669.609,latency_s,2.853414
1756990669.609,latency_s,2.829940
1756990669.609,latency_s,2.823514
1756990669.609,latency_s,2.853977
1756990669.609,latency_s,2.851226
1756990669.609,latency_s,2.854254
1756990669.609,latency_s,2.817156
1756990669.609,latency_s,2.854117
1756990669.609,latency_s,2.842412
1756990669.609,latency_s,2.808415
1756990669.609,latency_s,2.832309
1756990669.609,latency_s,2.819077
1756990669.716,latency_s,2.849663
1756990669.716,latency_s,2.909064
1756990669.716,latency_s,2.921036
1756990669.716,latency_s,2.859806
1756990669.716,latency_s,2.859877
1756990669.716,latency_s,2.836185
1756990669.716,latency_s,2.860666
1756990669.716,latency_s,2.857987
1756990669.716,latency_s,2.861095
1756990669.716,latency_s,2.823206
1756990669.824,latency_s,2.968144
1756990669.824,latency_s,3.166765
1756990669.824,latency_s,2.956502
1756990669.824,latency_s,3.066343
1756990669.824,latency_s,2.965915
1756990669.824,latency_s,2.922502
1756990669.824,latency_s,2.946242
1756990669.824,latency_s,2.933005
1756990669.824,latency_s,2.857431
1756990669.824,latency_s,2.928564
1756990669.824,latency_s,2.917142
1756990669.824,latency_s,2.867646
1756990669.824,latency_s,2.842579
1756990669.824,latency_s,2.868696
1756990669.824,latency_s,2.865457
1756990669.824,latency_s,2.869033
1756990669.824,latency_s,2.830460
1756990669.824,latency_s,2.865625
1756990669.824,latency_s,2.765268
1756990669.825,latency_s,2.855448
1756990669.825,latency_s,2.868454
1756990669.825,latency_s,2.768230
1756990669.825,latency_s,2.822572
1756990669.825,latency_s,2.844259
1756990669.825,latency_s,2.833022
1756990669.825,latency_s,2.758089
1756990669.932,latency_s,2.935963
1756990669.932,latency_s,2.924616
1756990669.932,latency_s,2.875009
1756990669.932,latency_s,3.045806
1756990669.932,latency_s,2.945641
1756990669.932,latency_s,2.844945
1756990669.932,latency_s,2.849802
1756990669.932,latency_s,2.875618
1756990669.932,latency_s,2.872902
1756990669.932,latency_s,2.876115
1756990669.932,latency_s,2.775419
1756990669.932,latency_s,2.837632
1756990669.932,latency_s,2.772530
1756990669.932,latency_s,2.862961
1756990670.040,latency_s,2.869187
1756990670.040,latency_s,2.882681
1756990670.040,latency_s,2.937112
1756990670.040,latency_s,2.959357
1756990670.040,latency_s,2.948083
1756990670.040,latency_s,2.943836
1756990670.040,latency_s,2.873284
1756990670.040,latency_s,2.843702
1756990670.040,latency_s,2.932297
1756990670.041,latency_s,2.883140
1756990670.041,latency_s,3.084253
1756990670.041,latency_s,2.983728
1756990670.041,latency_s,2.883472
1756990670.041,latency_s,2.853372
1756990670.041,latency_s,2.858222
1756990670.041,latency_s,2.883476
1756990670.041,latency_s,2.880952
1756990670.041,latency_s,2.781328
1756990670.147,latency_s,2.887018
1756990670.148,latency_s,2.890728
1756990670.148,latency_s,2.953037
1756990670.148,latency_s,2.889163
1756990670.148,latency_s,2.887827
1756990670.148,latency_s,2.876128
1756990670.148,latency_s,2.944847
1756990670.148,latency_s,2.966544
1756990670.148,latency_s,2.865875
1756990670.148,latency_s,2.955346
1756990670.148,latency_s,2.854609
1756990670.148,latency_s,2.939492
1756990670.148,latency_s,2.850781
1756990670.148,latency_s,2.889668
1756990670.256,latency_s,2.996707
1756990670.256,latency_s,2.968314
1756990670.256,latency_s,2.973755
1756990670.256,latency_s,2.895818
1756990670.257,latency_s,2.898484
1756990670.257,latency_s,2.895772
1756990670.257,latency_s,2.961079
1756990670.257,latency_s,2.897699
1756990670.257,latency_s,2.895983
1756990670.257,latency_s,2.880086
1756990670.257,latency_s,2.951784
1756990670.257,latency_s,2.873018
1756990670.363,latency_s,2.969664
1756990670.364,latency_s,2.965276
1756990670.364,latency_s,3.054599
1756990670.364,latency_s,2.953571
1756990670.364,latency_s,3.004899
1756990670.364,latency_s,3.003907
1756990670.364,latency_s,2.975317
1756990670.364,latency_s,2.981195
1756990670.364,latency_s,2.902888
1756990670.364,latency_s,2.902769
1756990670.364,latency_s,2.905831
1756990670.364,latency_s,2.885224
1756990670.364,latency_s,2.968145
1756990670.364,latency_s,2.903055
1756990670.365,latency_s,2.905387
1756990670.365,latency_s,2.867574
1756990670.365,latency_s,2.877913
1756990670.365,latency_s,2.956983
1756990670.365,latency_s,2.870215
1756990670.365,latency_s,3.097350
1756990670.472,latency_s,3.103728
1756990670.472,latency_s,3.003493
1756990670.472,latency_s,2.961755
1756990670.472,latency_s,2.973526
1756990670.472,latency_s,3.013249
1756990670.472,latency_s,3.011820
1756990670.472,latency_s,2.982726
1756990670.472,latency_s,2.987249
1756990670.472,latency_s,2.910176
1756990670.472,latency_s,2.913161
1756990670.472,latency_s,2.910354
1756990670.473,latency_s,2.875312
1756990670.473,latency_s,2.910752
1756990670.579,latency_s,3.019463
1756990670.579,latency_s,2.997252
1756990670.579,latency_s,2.990684
1756990670.579,latency_s,3.070736
1756990670.579,latency_s,2.984674
1756990670.579,latency_s,3.009768
1756990670.579,latency_s,2.968258
1756990670.579,latency_s,2.980658
1756990670.580,latency_s,3.019916
1756990670.580,latency_s,3.018462
1756990670.580,latency_s,2.918042
1756990670.580,latency_s,2.991767
1756990670.580,latency_s,2.916457
1756990670.580,latency_s,2.920236
1756990670.580,latency_s,2.916829
1756990670.580,latency_s,2.916814
1756990670.580,latency_s,2.895120
1756990670.580,latency_s,2.919085
1756990670.580,latency_s,2.882237
1756990670.687,latency_s,2.998476
1756990670.688,latency_s,3.078796
1756990670.688,latency_s,2.978076
1756990670.688,latency_s,2.992645
1756990670.688,latency_s,3.017915
1756990670.688,latency_s,2.976114
1756990670.688,latency_s,2.988694
1756990670.688,latency_s,3.027546
1756990670.688,latency_s,2.925763
1756990670.688,latency_s,2.999454
1756990670.688,latency_s,2.924671
1756990670.688,latency_s,2.927950
1756990670.688,latency_s,2.925046
1756990670.795,latency_s,3.032279
1756990670.796,latency_s,2.996813
1756990670.796,latency_s,3.009879
1756990670.796,latency_s,3.006419
1756990670.796,latency_s,3.034657
1756990670.796,latency_s,2.986143
1756990670.796,latency_s,3.000649
1756990670.796,latency_s,3.025368
1756990670.796,latency_s,2.996710
1756990670.796,latency_s,2.983529
1756990670.796,latency_s,3.035368
1756990670.796,latency_s,2.935070
1756990670.796,latency_s,2.933543
1756990670.796,latency_s,3.006813
1756990670.796,latency_s,2.932108
1756990670.796,latency_s,2.935205
1756990670.796,latency_s,2.932228
1756990670.796,latency_s,2.909651
1756990670.796,latency_s,2.932169
1756990670.908,latency_s,2.997143
1756990670.908,latency_s,3.045856
1756990670.908,latency_s,3.016772
1756990670.908,latency_s,3.007797
1756990670.908,latency_s,3.011991
1756990670.908,latency_s,3.037314
1756990670.908,latency_s,3.008162
1756990670.908,latency_s,2.995404
1756990670.908,latency_s,3.318028
1756990671.016,latency_s,3.325090
1756990671.016,latency_s,3.054132
1756990671.016,latency_s,3.225161
1756990671.016,latency_s,3.124747
1756990671.016,latency_s,3.052278
1756990671.016,latency_s,3.124814
1756990671.016,latency_s,3.024672
1756990671.016,latency_s,3.051844
1756990671.016,latency_s,3.054880
1756990671.016,latency_s,3.051688
1756990671.016,latency_s,3.028817
1756990671.016,latency_s,3.053958
1756990671.016,latency_s,3.015277
1756990671.016,latency_s,3.024896
1756990671.016,latency_s,3.005219
1756990671.016,latency_s,3.019566
1756990671.016,latency_s,3.044826
1756990671.016,latency_s,3.015675
1756990671.016,latency_s,3.003389
1756990671.017,latency_s,3.025297
1756990671.017,latency_s,2.954719
1756990671.017,latency_s,2.952717
1756990671.017,latency_s,2.924403
1756990671.123,latency_s,3.056762
1756990671.123,latency_s,3.057177
1756990671.123,latency_s,3.060964
1756990671.123,latency_s,3.021498
1756990671.123,latency_s,3.032934
1756990671.123,latency_s,3.030829
1756990671.123,latency_s,3.060145
1756990671.123,latency_s,3.011324
1756990671.123,latency_s,3.026324
1756990671.230,latency_s,3.158117
1756990671.230,latency_s,3.129556
1756990671.230,latency_s,3.116739
1756990671.231,latency_s,3.067926
1756990671.231,latency_s,3.066419
1756990671.231,latency_s,3.038024
1756990671.231,latency_s,3.138694
1756990671.231,latency_s,3.038475
1756990671.231,latency_s,3.064173
1756990671.231,latency_s,3.068139
1756990671.231,latency_s,3.067143
1756990671.231,latency_s,3.040556
1756990671.231,latency_s,3.038281
1756990671.231,latency_s,3.017426
1756990671.231,latency_s,3.028780
1756990671.231,latency_s,3.033325
1756990671.231,latency_s,3.058246
1756990671.231,latency_s,3.029826
1756990671.271,latency_s,3.056093
1756990671.271,latency_s,3.306253
1756990671.271,latency_s,3.205096
1756990671.271,latency_s,3.104993
1756990671.271,latency_s,3.004538
1756990671.271,latency_s,3.007988
1756990671.271,latency_s,3.006306
1756990671.271,latency_s,2.977763
1756990671.271,latency_s,2.978631
1756990671.337,latency_s,3.069741
1756990671.337,latency_s,3.074297
1756990671.337,latency_s,3.023302
1756990671.337,latency_s,3.044930
1756990671.337,latency_s,3.072693
1756990671.377,latency_s,3.075081
1756990671.378,latency_s,3.084823
1756990671.378,latency_s,3.079295
1756990671.378,latency_s,3.104513
1756990671.378,latency_s,3.003713
1756990671.378,latency_s,3.076345
1756990671.378,latency_s,3.062882
1756990671.378,latency_s,3.011080
1756990671.378,latency_s,3.014313
1756990671.378,latency_s,3.012759
1756990671.484,latency_s,3.090641
1756990671.484,latency_s,3.091759
1756990671.485,latency_s,3.318805
1756990671.485,latency_s,3.218296
1756990671.485,latency_s,3.118108
1756990671.485,latency_s,3.116564
1756990671.485,latency_s,3.121168
1756990671.485,latency_s,3.070277
1756990671.485,latency_s,3.091993
1756990671.485,latency_s,3.119778
1756990671.485,latency_s,3.091712
1756990671.485,latency_s,3.082133
1756990671.485,latency_s,3.018898
1756990671.485,latency_s,3.085820
1756990671.486,latency_s,3.010648
1756990671.486,latency_s,3.083914
1756990671.486,latency_s,3.070076
1756990671.486,latency_s,3.018777
1756990671.486,latency_s,3.021993
1756990671.486,latency_s,3.019468
1756990671.486,latency_s,2.990066
1756990671.486,latency_s,2.992569
1756990671.592,latency_s,3.125854
1756990671.593,latency_s,3.124322
1756990671.593,latency_s,3.128952
1756990671.593,latency_s,3.078066
1756990671.593,latency_s,3.098317
1756990671.593,latency_s,3.098175
1756990671.593,latency_s,3.025761
1756990671.593,latency_s,3.088017
1756990671.593,latency_s,3.092570
1756990671.593,latency_s,3.017269
1756990671.593,latency_s,3.091116
1756990671.593,latency_s,3.076726
1756990671.701,latency_s,3.133751
1756990671.701,latency_s,3.136578
1756990671.701,latency_s,3.133826
1756990671.701,latency_s,3.104829
1756990671.701,latency_s,3.107409
1756990671.701,latency_s,3.134036
1756990671.701,latency_s,3.132069
1756990671.701,latency_s,3.137048
1756990671.701,latency_s,3.031471
1756990671.701,latency_s,3.036964
1756990671.701,latency_s,3.094528
1756990671.701,latency_s,3.106353
1756990671.701,latency_s,3.085903
1756990671.701,latency_s,3.106684
1756990671.701,latency_s,3.034034
1756990671.701,latency_s,3.100376
1756990671.702,latency_s,3.024929
1756990671.702,latency_s,3.099535
1756990671.702,latency_s,2.999299
1756990671.702,latency_s,3.084918
1756990671.808,latency_s,3.141020
1756990671.808,latency_s,3.143867
1756990671.808,latency_s,3.140815
1756990671.808,latency_s,3.111939
1756990671.808,latency_s,3.114712
1756990671.808,latency_s,3.141125
1756990671.808,latency_s,3.038606
1756990671.809,latency_s,3.043548
1756990671.809,latency_s,3.113235
1756990671.809,latency_s,3.100987
1756990671.809,latency_s,3.113538
1756990671.809,latency_s,3.092657
1756990671.809,latency_s,3.040890
1756990671.809,latency_s,3.106721
1756990671.917,latency_s,3.139395
1756990671.917,latency_s,3.114340
1756990671.917,latency_s,3.199769
1756990671.917,latency_s,3.148984
1756990671.917,latency_s,3.151748
1756990671.917,latency_s,3.148922
1756990671.917,latency_s,3.120252
1756990671.917,latency_s,3.149017
1756990671.917,latency_s,3.123017
1756990671.917,latency_s,3.048148
1756990671.917,latency_s,3.046541
1756990671.917,latency_s,3.051440
1756990671.917,latency_s,3.108744
1756990671.917,latency_s,3.047962
1756990671.917,latency_s,3.100409
1756990671.917,latency_s,3.120756
1756990671.917,latency_s,3.121275
1756990671.917,latency_s,3.019472
1756990671.917,latency_s,3.019660
1756990671.918,latency_s,3.113157
1756990671.918,latency_s,3.012993
1756990671.918,latency_s,3.040240
1756990671.918,latency_s,3.014731
1756990671.918,latency_s,3.100013
1756990671.918,latency_s,2.999885
1756990671.918,latency_s,3.049293
1756990671.918,latency_s,3.050388
1756990672.025,latency_s,3.155851
1756990672.025,latency_s,3.126976
1756990672.025,latency_s,3.130492
1756990672.025,latency_s,3.055063
1756990672.025,latency_s,3.059009
1756990672.025,latency_s,3.054158
1756990672.025,latency_s,3.116076
1756990672.025,latency_s,3.024786
1756990672.025,latency_s,3.026370
1756990672.025,latency_s,3.054704
1756990672.026,latency_s,3.107777
1756990672.026,latency_s,3.019818
1756990672.026,latency_s,3.047372
1756990672.026,latency_s,3.021043
1756990672.026,latency_s,3.007430
1756990672.026,latency_s,3.056357
1756990672.026,latency_s,3.056380
1756990672.026,latency_s,3.056237
1756990672.132,latency_s,3.132488
1756990672.132,latency_s,3.137079
1756990672.132,latency_s,3.061943
1756990672.132,latency_s,3.065423
1756990672.132,latency_s,3.060632
1756990672.133,latency_s,3.121709
1756990672.133,latency_s,3.021625
1756990672.133,latency_s,3.033150
1756990672.133,latency_s,3.032179
1756990672.133,latency_s,3.114374
1756990672.133,latency_s,3.061287
1756990672.133,latency_s,3.027187
1756990672.133,latency_s,3.054008
1756990672.133,latency_s,3.028012
1756990672.242,latency_s,3.123914
1756990672.243,latency_s,3.172726
1756990672.350,latency_s,3.279696
1756990672.350,latency_s,3.279481
1756990672.350,latency_s,3.178433
1756990672.350,latency_s,3.250080
1756990672.350,latency_s,3.254250
1756990672.350,latency_s,3.179458
1756990672.350,latency_s,3.182756
1756990672.350,latency_s,3.178435
1756990672.350,latency_s,3.150059
1756990672.350,latency_s,3.148785
1756990672.350,latency_s,3.230735
1756990672.350,latency_s,3.178442
1756990672.350,latency_s,3.130147
1756990672.350,latency_s,3.137963
1756990672.351,latency_s,3.143926
1756990672.351,latency_s,3.144141
1756990672.351,latency_s,3.131949
1756990672.457,latency_s,3.286578
1756990672.457,latency_s,3.286411
1756990672.457,latency_s,3.184904
1756990672.457,latency_s,3.257035
1756990672.457,latency_s,3.261124
1756990672.457,latency_s,3.160455
1756990672.457,latency_s,3.186382
1756990672.457,latency_s,3.188625
1756990672.457,latency_s,3.184792
1756990672.457,latency_s,3.155595
1756990672.457,latency_s,3.185068
1756990672.457,latency_s,3.136958
1756990672.458,latency_s,3.155957
1756990672.458,latency_s,3.144803
1756990672.458,latency_s,3.150877
1756990672.564,latency_s,3.256750
1756990672.564,latency_s,3.244576
1756990672.564,latency_s,3.293532
1756990672.564,latency_s,3.293312
1756990672.564,latency_s,3.191751
1756990672.564,latency_s,3.262821
1756990672.564,latency_s,3.166732
1756990672.565,latency_s,3.193089
1756990672.565,latency_s,3.196586
1756990672.566,latency_s,3.192847
1756990672.566,latency_s,3.161663
1756990672.566,latency_s,3.163042
1756990672.566,latency_s,3.152761
1756990672.566,latency_s,3.144516
1756990672.566,latency_s,3.193169
1756990672.566,latency_s,3.157841
1756990672.566,latency_s,3.386048
1756990672.672,latency_s,3.390665
1756990672.673,latency_s,3.289894
1756990672.673,latency_s,3.264766
1756990672.673,latency_s,3.252380
1756990672.673,latency_s,3.301924
1756990672.673,latency_s,3.201535
1756990672.673,latency_s,3.301333
1756990672.673,latency_s,3.200810
1756990672.673,latency_s,3.199605
1756990672.673,latency_s,3.270503
1756990672.714,latency_s,3.215337
1756990672.714,latency_s,3.241848
1756990672.714,latency_s,3.244750
1756990672.714,latency_s,3.240971
1756990672.714,latency_s,3.208308
1756990672.780,latency_s,3.276106
1756990672.781,latency_s,3.257508
1756990672.781,latency_s,3.266991
1756990672.781,latency_s,3.307365
1756990672.781,latency_s,3.272365
1756990672.781,latency_s,3.297178
1756990672.781,latency_s,3.272659
1756990672.781,latency_s,3.259792
1756990672.781,latency_s,3.208962
1756990672.781,latency_s,3.208054
1756990672.781,latency_s,3.206806
1756990672.861,latency_s,3.356888
1756990672.861,latency_s,3.255455
1756990672.861,latency_s,3.262835
1756990672.861,latency_s,3.288710
1756990672.862,latency_s,3.292019
1756990672.862,latency_s,3.287747
1756990672.888,latency_s,3.282188
1756990672.888,latency_s,3.314503
1756990672.888,latency_s,3.264529
1756990672.888,latency_s,3.274734
1756990672.889,latency_s,3.282482
1756990672.889,latency_s,3.304344
1756990672.889,latency_s,3.280310
1756990672.889,latency_s,3.267488
1756990672.889,latency_s,3.280205
1756990672.889,latency_s,3.216777
1756990672.889,latency_s,3.215867
1756990672.996,latency_s,3.321255
1756990672.996,latency_s,3.288130
1756990672.996,latency_s,3.296773
1756990672.996,latency_s,3.322986
1756990672.997,latency_s,3.326482
1756990672.997,latency_s,3.322688
1756990672.997,latency_s,3.269331
1756990672.997,latency_s,3.282085
1756990672.997,latency_s,3.322606
1756990672.997,latency_s,3.289014
1756990672.997,latency_s,3.289098
1756990672.997,latency_s,3.311076
1756990672.997,latency_s,3.205348
1756990672.997,latency_s,3.288390
1756990672.997,latency_s,3.288248
1756990672.997,latency_s,3.275129
1756990672.997,latency_s,3.224886
1756990673.104,latency_s,3.330496
1756990673.104,latency_s,3.329707
1756990673.105,latency_s,3.295149
1756990673.105,latency_s,3.305186
1756990673.105,latency_s,3.330842
1756990673.105,latency_s,3.332826
1756990673.105,latency_s,3.330531
1756990673.105,latency_s,3.277143
1756990673.105,latency_s,3.295402
1756990673.105,latency_s,3.289558
1756990673.105,latency_s,3.295487
1756990673.105,latency_s,3.330420
1756990673.105,latency_s,3.295379
1756990673.105,latency_s,3.212380
1756990673.105,latency_s,3.232548
1756990673.213,latency_s,3.390913
1756990673.213,latency_s,3.404082
1756990673.214,latency_s,3.339013
1756990673.214,latency_s,3.338066
1756990673.214,latency_s,3.303679
1756990673.214,latency_s,3.313465
1756990673.214,latency_s,3.338371
1756990673.214,latency_s,3.339226
1756990673.214,latency_s,3.285338
1756990673.214,latency_s,3.297687
1756990673.214,latency_s,3.339120
1756990673.214,latency_s,3.238478
1756990673.214,latency_s,3.303650
1756990673.214,latency_s,3.303804
1756990673.214,latency_s,3.220303
1756990673.214,latency_s,3.303979
1756990673.214,latency_s,3.241006
1756990673.321,latency_s,3.397341
1756990673.321,latency_s,3.345609
1756990673.321,latency_s,3.411203
1756990673.321,latency_s,3.311119
1756990673.322,latency_s,3.345940
1756990673.322,latency_s,3.310871
1756990673.322,latency_s,3.320781
1756990673.322,latency_s,3.346136
1756990673.322,latency_s,3.346476
1756990673.322,latency_s,3.304969
1756990673.322,latency_s,3.290741
1756990673.322,latency_s,3.246406
1756990673.322,latency_s,3.311053
1756990673.322,latency_s,3.311584
1756990673.429,latency_s,3.417897
1756990673.429,latency_s,3.353665
1756990673.430,latency_s,3.319230
1756990673.430,latency_s,3.335710
1756990673.430,latency_s,3.318353
1756990673.430,latency_s,3.356353
1756990673.430,latency_s,3.406014
1756990673.430,latency_s,3.353805
1756990673.430,latency_s,3.318419
1756990673.430,latency_s,3.328676
1756990673.430,latency_s,3.353900
1756990673.430,latency_s,3.557264
1756990673.430,latency_s,3.457085
1756990673.536,latency_s,3.462896
1756990673.536,latency_s,3.460560
1756990673.536,latency_s,3.359830
1756990673.536,latency_s,3.418265
1756990673.536,latency_s,3.404270
1756990673.536,latency_s,3.359819
1756990673.536,latency_s,3.425086
1756990673.536,latency_s,3.425173
1756990673.536,latency_s,3.341186
1756990673.536,latency_s,3.411906
1756990673.644,latency_s,3.433701
1756990673.644,latency_s,3.470695
1756990673.644,latency_s,3.467962
1756990673.644,latency_s,3.432664
1756990673.644,latency_s,3.419863
1756990673.645,latency_s,3.468069
1756990673.645,latency_s,3.468035
1756990673.645,latency_s,3.442628
1756990673.645,latency_s,3.471274
1756990673.645,latency_s,3.371013
1756990673.645,latency_s,3.368131
1756990673.645,latency_s,3.410018
1756990673.645,latency_s,3.433360
1756990673.645,latency_s,3.367939
1756990673.645,latency_s,3.425980
1756990673.645,latency_s,3.433125
1756990673.750,latency_s,3.473405
1756990673.750,latency_s,3.424611
1756990673.750,latency_s,3.476264
1756990673.750,latency_s,3.437768
1756990673.750,latency_s,3.439627
1756990673.750,latency_s,3.454808
1756990673.750,latency_s,3.473541
1756990673.751,latency_s,3.474265
1756990673.751,latency_s,3.448342
1756990673.751,latency_s,3.373713
1756990673.751,latency_s,3.376850
1756990673.751,latency_s,3.373885
1756990673.751,latency_s,3.373868
1756990673.751,latency_s,3.431767
1756990673.751,latency_s,3.438914
1756990673.752,latency_s,3.439113
1756990673.857,latency_s,3.444054
1756990673.857,latency_s,3.522181
1756990673.857,latency_s,3.444352
1756990673.857,latency_s,3.482726
1756990673.857,latency_s,3.459188
1756990673.857,latency_s,3.446398
1756990673.857,latency_s,3.480034
1756990673.858,latency_s,3.431405
1756990673.859,latency_s,3.446130
1756990673.859,latency_s,3.647708
1756990673.859,latency_s,3.547089
1756990673.859,latency_s,3.446283
1756990673.859,latency_s,3.482004
1756990673.859,latency_s,3.381225
1756990673.860,latency_s,3.455994
1756990673.860,latency_s,3.384884
1756990673.965,latency_s,3.486912
1756990673.965,latency_s,3.486932
1756990673.965,latency_s,3.545439
1756990673.965,latency_s,3.452100
1756990673.965,latency_s,3.451581
1756990673.965,latency_s,3.444793
1756990673.966,latency_s,3.529758
1756990673.966,latency_s,3.454335
1756990673.966,latency_s,3.452334
1756990673.966,latency_s,3.490788
1756990674.008,latency_s,3.481389
1756990674.009,latency_s,3.530296
1756990674.009,latency_s,3.509755
1756990674.009,latency_s,3.495247
1756990674.009,latency_s,3.530269
1756990674.009,latency_s,3.429163
1756990674.072,latency_s,3.567934
1756990674.073,latency_s,3.494037
1756990674.074,latency_s,3.493739
1756990674.074,latency_s,3.452312
1756990674.074,latency_s,3.458966
1756990674.074,latency_s,3.459656
1756990674.180,latency_s,3.642435
1756990674.180,latency_s,3.604567
1756990674.180,latency_s,3.568082
1756990674.180,latency_s,3.552865
1756990674.180,latency_s,3.604660
1756990674.180,latency_s,3.600436
1756990674.180,latency_s,3.565795
1756990674.180,latency_s,3.579360
1756990674.180,latency_s,3.566077
1756990674.180,latency_s,3.600561
1756990674.183,latency_s,3.502098
1756990674.183,latency_s,3.578408
1756990674.183,latency_s,3.502245
1756990674.183,latency_s,3.502406
1756990674.183,latency_s,3.460886
1756990674.183,latency_s,3.467422
1756990674.183,latency_s,3.545542
1756990674.183,latency_s,3.468496
1756990674.183,latency_s,3.507081
1756990674.183,latency_s,3.471159
1756990674.264,latency_s,3.535964
1756990674.264,latency_s,3.562493
1756990674.264,latency_s,3.549353
1756990674.264,latency_s,3.583512
1756990674.264,latency_s,3.588105
1756990674.264,latency_s,3.549554
1756990674.287,latency_s,3.605965
1756990674.287,latency_s,3.505811
1756990674.287,latency_s,3.582479
1756990674.287,latency_s,3.506171
1756990674.287,latency_s,3.482155
1756990674.287,latency_s,3.506504
1756990674.290,latency_s,3.468013
1756990674.394,latency_s,3.578556
1756990674.395,latency_s,3.578984
1756990674.395,latency_s,3.656638
1756990674.395,latency_s,3.556397
1756990674.395,latency_s,3.617794
1756990674.395,latency_s,3.565901
1756990674.395,latency_s,3.581761
1756990674.395,latency_s,3.613187
1756990674.395,latency_s,3.592233
1756990674.395,latency_s,3.579262
1756990674.395,latency_s,3.617724
1756990674.395,latency_s,3.579313
1756990674.395,latency_s,3.512905
1756990674.395,latency_s,3.513234
1756990674.395,latency_s,3.489660
1756990674.395,latency_s,3.471865
1756990674.395,latency_s,3.513397
1756990674.395,latency_s,3.478868
1756990674.505,latency_s,3.588702
1756990674.505,latency_s,3.564426
1756990674.505,latency_s,3.627033
1756990674.505,latency_s,3.600400
1756990674.505,latency_s,3.622785
1756990674.505,latency_s,3.591806
1756990674.505,latency_s,3.589294
1756990674.505,latency_s,3.575451
1756990674.505,latency_s,3.627288
1756990674.505,latency_s,3.589321
1756990674.505,latency_s,3.522462
1756990674.505,latency_s,3.522319
1756990674.505,latency_s,3.499612
1756990674.505,latency_s,3.724007
1756990674.505,latency_s,3.623277
1756990674.505,latency_s,3.522609
1756990674.505,latency_s,3.481020
1756990674.505,latency_s,3.522926
1756990674.505,latency_s,3.488848
1756990674.506,latency_s,3.464394
1756990674.506,latency_s,3.488915
1756990674.506,latency_s,3.527740
1756990674.506,latency_s,3.527285
1756990674.506,latency_s,3.476000
1756990674.506,latency_s,3.426054
1756990674.506,latency_s,3.523103
1756990674.506,latency_s,3.488351
1756990674.506,latency_s,3.500790
1756990674.506,latency_s,3.491412
1756990674.506,latency_s,3.422847
1756990674.506,latency_s,3.423029
1756990674.609,latency_s,3.592164
1756990674.613,latency_s,3.528977
1756990674.613,latency_s,3.506593
1756990674.613,latency_s,3.529745
1756990674.613,latency_s,3.487394
1756990674.613,latency_s,3.530076
1756990674.720,latency_s,3.603056
1756990674.720,latency_s,3.577781
1756990674.720,latency_s,3.601347
1756990674.720,latency_s,3.641220
1756990674.720,latency_s,3.539409
1756990674.720,latency_s,3.538503
1756990674.720,latency_s,3.590114
1756990674.720,latency_s,3.613691
1756990674.720,latency_s,3.536561
1756990674.720,latency_s,3.605314
1756990674.720,latency_s,3.601873
1756990674.720,latency_s,3.536797
1756990674.720,latency_s,3.601611
1756990674.720,latency_s,3.513085
1756990674.720,latency_s,3.537297
1756990674.720,latency_s,3.494913
1756990674.721,latency_s,3.537608
1756990674.721,latency_s,3.502896
1756990674.721,latency_s,3.478068
1756990674.721,latency_s,3.501692
1756990674.721,latency_s,3.439914
1756990674.827,latency_s,3.544054
1756990674.827,latency_s,3.611233
1756990674.827,latency_s,3.596433
1756990674.827,latency_s,3.619497
1756990674.827,latency_s,3.542616
1756990674.827,latency_s,3.608352
1756990674.827,latency_s,3.542811
1756990674.827,latency_s,3.608224
1756990674.827,latency_s,3.507732
1756990674.827,latency_s,3.519226
1756990674.827,latency_s,3.543999
1756990674.827,latency_s,3.508832
1756990674.827,latency_s,3.501503
1756990674.827,latency_s,3.544302
1756990674.828,latency_s,3.484234
1756990674.934,latency_s,3.614681
1756990674.934,latency_s,3.550631
1756990674.934,latency_s,3.552649
1756990674.934,latency_s,3.549932
1756990674.934,latency_s,3.617960
1756990674.935,latency_s,3.549623
1756990674.935,latency_s,3.625968
1756990674.935,latency_s,3.615156
1756990674.935,latency_s,3.603897
1756990674.935,latency_s,3.549937
1756990674.935,latency_s,3.514632
1756990674.935,latency_s,3.751070
1756990674.935,latency_s,3.650422
1756990674.935,latency_s,3.550023
1756990674.935,latency_s,3.525991
1756990674.935,latency_s,3.550275
1756990674.935,latency_s,3.516276
1756990674.935,latency_s,3.450468
1756990674.935,latency_s,3.508856
1756990674.935,latency_s,3.490104
1756990674.935,latency_s,3.515505
1756990674.935,latency_s,3.452778
1756990675.042,latency_s,3.557177
1756990675.042,latency_s,3.624663
1756990675.042,latency_s,3.557011
1756990675.042,latency_s,3.622570
1756990675.042,latency_s,3.610533
1756990675.042,latency_s,3.632014
1756990675.042,latency_s,3.531706
1756990675.150,latency_s,3.664168
1756990675.150,latency_s,3.629272
1756990675.150,latency_s,3.664509
1756990675.150,latency_s,3.640549
1756990675.150,latency_s,3.664511
1756990675.150,latency_s,3.623180
1756990675.150,latency_s,3.630216
1756990675.150,latency_s,3.604029
1756990675.150,latency_s,3.629852
1756990675.150,latency_s,3.565276
1756990675.150,latency_s,3.566610
1756990675.150,latency_s,3.564722
1756990675.150,latency_s,3.630014
1756990675.150,latency_s,3.565205
1756990675.150,latency_s,3.538452
1756990675.150,latency_s,3.632514
1756990675.150,latency_s,3.617646
1756990675.150,latency_s,3.532428
1756990675.150,latency_s,3.529953
1756990675.150,latency_s,3.563825
1756990675.150,latency_s,3.529652
1756990675.150,latency_s,3.563936
1756990675.150,latency_s,3.539841
1756990675.151,latency_s,3.565017
1756990675.151,latency_s,3.523402
1756990675.257,latency_s,3.637488
1756990675.257,latency_s,3.637120
1756990675.258,latency_s,3.608841
1756990675.258,latency_s,3.572711
1756990675.258,latency_s,3.573934
1756990675.258,latency_s,3.572173
1756990675.258,latency_s,3.545857
1756990675.258,latency_s,3.572991
1756990675.258,latency_s,3.537517
1756990675.365,latency_s,3.646990
1756990675.366,latency_s,3.732709
1756990675.366,latency_s,3.632411
1756990675.366,latency_s,3.644661
1756990675.366,latency_s,3.679056
1756990675.366,latency_s,3.679097
1756990675.366,latency_s,3.654990
1756990675.366,latency_s,3.680011
1756990675.366,latency_s,3.637127
1756990675.366,latency_s,3.645619
1756990675.366,latency_s,3.645133
1756990675.366,latency_s,3.614074
1756990675.366,latency_s,3.581105
1756990675.366,latency_s,3.581516
1756990675.366,latency_s,3.579629
1756990675.366,latency_s,3.553407
1756990675.366,latency_s,3.545120
1756990675.366,latency_s,3.532739
1756990675.366,latency_s,3.581131
1756990675.366,latency_s,3.547607
1756990675.366,latency_s,3.545140
1756990675.366,latency_s,3.579387
1756990675.367,latency_s,3.579437
1756990675.473,latency_s,3.661698
1756990675.473,latency_s,3.686122
1756990675.473,latency_s,3.643872
1756990675.473,latency_s,3.619681
1756990675.473,latency_s,3.652351
1756990675.473,latency_s,3.651955
1756990675.473,latency_s,3.550353
1756990675.473,latency_s,3.588015
1756990675.473,latency_s,3.551840
1756990675.581,latency_s,3.695747
1756990675.581,latency_s,3.666484
1756990675.581,latency_s,3.658959
1756990675.581,latency_s,3.646988
1756990675.581,latency_s,3.661281
1756990675.581,latency_s,3.695549
1756990675.581,latency_s,3.659087
1756990675.581,latency_s,3.693413
1756990675.581,latency_s,3.693628
1756990675.581,latency_s,3.669740
1756990675.581,latency_s,3.693498
1756990675.581,latency_s,3.592535
1756990675.581,latency_s,3.627507
1756990675.581,latency_s,3.650259
1756990675.581,latency_s,3.559549
1756990675.581,latency_s,3.595529
1756990675.581,latency_s,3.557925
1756990675.581,latency_s,3.595515
1756990675.621,latency_s,3.604877
1756990675.621,latency_s,3.598443
1756990675.621,latency_s,3.635242
1756990675.621,latency_s,3.586340
1756990675.621,latency_s,3.601358
1756990675.621,latency_s,3.598583
1756990675.621,latency_s,3.632880
1756990675.621,latency_s,3.632831
1756990675.621,latency_s,3.532609
1756990675.688,latency_s,3.676162
1756990675.688,latency_s,3.599053
1756990675.688,latency_s,3.633512
1756990675.688,latency_s,3.656768
1756990675.688,latency_s,3.566210
1756990675.728,latency_s,3.642326
1756990675.729,latency_s,3.605018
1756990675.729,latency_s,3.597313
1756990675.729,latency_s,3.642732
1756990675.729,latency_s,3.842086
1756990675.729,latency_s,3.740721
1756990675.729,latency_s,3.640401
1756990675.729,latency_s,3.605897
1756990675.729,latency_s,3.593631
1756990675.729,latency_s,3.612329
1756990675.729,latency_s,3.608515
1756990675.729,latency_s,3.641603
1756990675.729,latency_s,3.605870
1756990675.729,latency_s,3.640671
1756990675.729,latency_s,3.540347
1756990675.729,latency_s,3.540290
1756990675.729,latency_s,3.497549
1756990675.729,latency_s,3.574197
1756990675.835,latency_s,3.610448
1756990675.835,latency_s,3.612765
1756990675.942,latency_s,3.755321
1756990675.942,latency_s,3.754228
1756990675.942,latency_s,3.753059
1756990675.942,latency_s,3.717497
1756990675.942,latency_s,3.754011
1756990675.942,latency_s,3.720556
1756990675.942,latency_s,3.706162
1756990675.942,latency_s,3.724538
1756990675.942,latency_s,3.717680
1756990675.942,latency_s,3.753301
1756990675.942,latency_s,3.652842
1756990675.942,latency_s,3.652797
1756990675.944,latency_s,3.621547
1756990675.944,latency_s,3.688889
1756990675.944,latency_s,3.619576
1756990675.944,latency_s,3.657878
1756990675.944,latency_s,3.610894
1756990675.944,latency_s,3.656410
1756990675.945,latency_s,3.655356
1756990675.945,latency_s,3.620129
1756990675.945,latency_s,3.608469
1756990675.945,latency_s,3.626282
1756990675.945,latency_s,3.622901
1756990675.945,latency_s,3.657084
1756990675.945,latency_s,3.620662
1756990675.945,latency_s,3.655923
1756990675.945,latency_s,3.555640
1756990675.945,latency_s,3.832444
1756990675.945,latency_s,3.732273
1756990675.945,latency_s,3.631481
1756990676.049,latency_s,3.659105
1756990676.049,latency_s,3.659437
1756990676.054,latency_s,3.629695
1756990676.054,latency_s,3.628531
1756990676.054,latency_s,3.698224
1756990676.054,latency_s,3.666589
1756990676.054,latency_s,3.597998
1756990676.156,latency_s,3.722079
1756990676.157,latency_s,3.768096
1756990676.157,latency_s,3.767372
1756990676.157,latency_s,3.734381
1756990676.157,latency_s,3.731849
1756990676.157,latency_s,3.768519
1756990676.157,latency_s,3.720129
1756990676.157,latency_s,3.737512
1756990676.157,latency_s,3.732096
1756990676.157,latency_s,3.667307
1756990676.157,latency_s,3.742502
1756990676.157,latency_s,3.642349
1756990676.157,latency_s,3.667160
1756990676.157,latency_s,3.667383
1756990676.161,latency_s,3.636707
1756990676.161,latency_s,3.604825
1756990676.161,latency_s,3.635634
1756990676.161,latency_s,3.673042
1756990676.161,latency_s,3.626383
1756990676.161,latency_s,3.672215
1756990676.161,latency_s,3.671673
1756990676.161,latency_s,3.636036
1756990676.161,latency_s,3.672759
1756990676.263,latency_s,3.740280
1756990676.264,latency_s,3.743646
1756990676.264,latency_s,3.673908
1756990676.264,latency_s,3.725768
1756990676.268,latency_s,3.678298
1756990676.269,latency_s,3.743420
1756990676.269,latency_s,3.653104
1756990676.269,latency_s,3.678470
1756990676.269,latency_s,3.678548
1756990676.269,latency_s,3.633470
1756990676.269,latency_s,3.642645
1756990676.269,latency_s,3.644005
1756990676.377,latency_s,3.719848
1756990676.377,latency_s,3.788749
1756990676.377,latency_s,3.787162
1756990676.377,latency_s,3.787108
1756990676.377,latency_s,3.750974
1756990676.377,latency_s,3.739069
1756990676.377,latency_s,3.687141
1756990676.377,latency_s,3.756387
1756990676.377,latency_s,3.753496
1756990676.377,latency_s,3.751564
1756990676.377,latency_s,3.686044
1756990676.377,latency_s,3.661267
1756990676.377,latency_s,3.685299
1756990676.378,latency_s,3.687241
1756990676.378,latency_s,3.651004
1756990676.378,latency_s,3.652536
1756990676.378,latency_s,3.688638
1756990676.378,latency_s,3.641283
1756990676.378,latency_s,3.620053
1756990676.378,latency_s,3.685713
1756990676.378,latency_s,3.585150
1756990676.378,latency_s,3.685539
1756990676.378,latency_s,3.585109
1756990676.378,latency_s,3.651151
1756990676.592,latency_s,3.853064
1756990676.592,latency_s,3.867625
1756990676.592,latency_s,3.801287
1756990676.592,latency_s,3.869147
1756990676.592,latency_s,3.865806
1756990676.592,latency_s,3.800842
1756990676.592,latency_s,3.776017
1756990676.592,latency_s,3.799561
1756990676.593,latency_s,3.801544
1756990676.593,latency_s,3.765848
1756990676.593,latency_s,3.766829
1756990676.593,latency_s,3.802930
1756990676.593,latency_s,3.755525
1756990676.593,latency_s,3.702190
1756990676.593,latency_s,3.733186
1756990676.593,latency_s,3.699227
1756990676.593,latency_s,3.699145
1756990676.593,latency_s,3.765860
1756990676.593,latency_s,3.767091
1756990676.593,latency_s,3.699367
1756990676.593,latency_s,3.753893
1756990676.593,latency_s,3.768145
1756990676.593,latency_s,3.766331
1756990676.593,latency_s,3.665568
1756990676.593,latency_s,3.699456
1756990676.593,latency_s,3.676005
1756990676.594,latency_s,3.700140
1756990676.594,latency_s,3.700408
1756990676.594,latency_s,3.666849
1756990676.594,latency_s,3.656430
1756990676.595,latency_s,3.634767
1756990676.595,latency_s,3.603885
1756990676.701,latency_s,3.774703
1756990676.701,latency_s,3.707020
1756990676.702,latency_s,3.706978
1756990676.702,latency_s,3.707091
1756990676.702,latency_s,3.762494
1756990676.702,latency_s,3.776522
1756990676.702,latency_s,3.771542
1756990676.702,latency_s,3.774636
1756990676.702,latency_s,3.676536
1756990676.702,latency_s,3.674445
1756990676.702,latency_s,3.674685
1756990676.703,latency_s,3.707926
1756990676.703,latency_s,3.684654
1756990676.703,latency_s,3.707952
1756990676.703,latency_s,3.708352
1756990676.703,latency_s,3.607382
1756990676.808,latency_s,3.780253
1756990676.808,latency_s,3.769639
1756990676.808,latency_s,3.747962
1756990676.808,latency_s,3.781072
1756990676.808,latency_s,3.716805
1756990676.808,latency_s,3.713001
1756990676.808,latency_s,3.712794
1756990676.808,latency_s,3.679344
1756990676.809,latency_s,3.682009
1756990676.809,latency_s,3.710518
1756990676.809,latency_s,3.777393
1756990676.809,latency_s,3.768915
1756990676.809,latency_s,3.676467
1756990676.809,latency_s,3.713156
1756990676.809,latency_s,3.679824
1756990676.811,latency_s,3.692427
1756990676.915,latency_s,3.817067
1756990676.915,latency_s,3.719522
1756990676.916,latency_s,3.786448
1756990676.917,latency_s,3.777580
1756990676.917,latency_s,3.756065
1756990676.917,latency_s,3.789696
1756990676.917,latency_s,3.724017
1756990676.917,latency_s,3.721110
1756990676.917,latency_s,3.721044
1756990676.917,latency_s,3.687815
1756990676.917,latency_s,3.777033
1756990676.917,latency_s,3.690796
1756990676.917,latency_s,3.684667
1756990676.918,latency_s,3.676888
1756990676.918,latency_s,3.719384
1756990676.918,latency_s,3.721570
1756990677.024,latency_s,3.794324
1756990677.024,latency_s,3.804828
1756990677.024,latency_s,3.825692
1756990677.024,latency_s,3.727865
1756990677.160,latency_s,3.931119
1756990677.161,latency_s,3.920851
1756990677.161,latency_s,3.899325
1756990677.161,latency_s,3.932875
1756990677.161,latency_s,3.865775
1756990677.161,latency_s,3.863666
1756990677.161,latency_s,3.863807
1756990677.161,latency_s,3.826810
1756990677.161,latency_s,3.830494
1756990677.161,latency_s,3.833819
1756990677.161,latency_s,3.820130
1756990677.161,latency_s,3.862101
1756990677.161,latency_s,3.831029
1756990677.161,latency_s,3.864124
1756990677.161,latency_s,3.841472
1756990677.161,latency_s,3.765027
1756990677.161,latency_s,3.830966
1756990677.161,latency_s,3.820868
1756990677.161,latency_s,3.833237
1756990677.162,latency_s,3.732889
1756990677.162,latency_s,3.799537
1756990677.162,latency_s,3.766473
1756990677.162,latency_s,3.764136
1756990677.162,latency_s,3.764444
1756990677.162,latency_s,3.726289
1756990677.162,latency_s,3.734477
1756990677.162,latency_s,3.762745
1756990677.162,latency_s,3.730953
1756990677.236,latency_s,3.795064
1756990677.236,latency_s,3.805747
1756990677.236,latency_s,3.838885
1756990677.238,latency_s,3.817947
1756990677.269,latency_s,3.770401
1756990677.269,latency_s,3.838161
1756990677.269,latency_s,3.737833
1756990677.344,latency_s,3.903070
1756990677.344,latency_s,3.814321
1756990677.344,latency_s,3.880975
1756990677.344,latency_s,3.847953
1756990677.344,latency_s,3.846051
1756990677.344,latency_s,3.845536
1756990677.344,latency_s,3.807517
1756990677.344,latency_s,3.816612
1756990677.344,latency_s,3.812757
1756990677.344,latency_s,3.844024
1756990677.344,latency_s,3.802578
1756990677.344,latency_s,3.813178
1756990677.344,latency_s,3.845799
1756990677.344,latency_s,4.045402
1756990677.344,latency_s,3.945306
1756990677.376,latency_s,3.876276
1756990677.376,latency_s,3.855568
1756990677.376,latency_s,3.777911
1756990677.376,latency_s,3.744330
1756990677.376,latency_s,3.834800
1756990677.376,latency_s,3.734272
1756990677.377,latency_s,3.746660
1756990677.377,latency_s,3.813392
1756990677.377,latency_s,3.779686
1756990677.377,latency_s,3.778501
1756990677.377,latency_s,3.777872
1756990677.377,latency_s,3.739255
1756990677.451,latency_s,3.849285
1756990677.451,latency_s,3.808694
1756990677.485,latency_s,3.852822
1756990677.485,latency_s,3.857134
1756990677.485,latency_s,3.853225
1756990677.485,latency_s,3.886348
1756990677.485,latency_s,3.884570
1756990677.485,latency_s,3.784456
1756990677.485,latency_s,3.863892
1756990677.594,latency_s,3.892663
1756990677.594,latency_s,3.861592
1756990677.594,latency_s,3.851158
1756990677.594,latency_s,3.897438
1756990677.595,latency_s,3.863778
1756990677.595,latency_s,3.930630
1756990677.595,latency_s,3.892700
1756990677.595,latency_s,3.855987
1756990677.595,latency_s,3.892965
1756990677.595,latency_s,3.866607
1756990677.595,latency_s,3.862005
1756990677.595,latency_s,3.851778
1756990677.595,latency_s,3.862239
1756990677.595,latency_s,3.893192
1756990677.595,latency_s,3.794004
1756990677.595,latency_s,3.872711
1756990677.595,latency_s,3.793194
1756990677.595,latency_s,3.762028
1756990677.595,latency_s,3.751553
1756990677.595,latency_s,3.797442
1756990677.595,latency_s,3.763371
1756990677.595,latency_s,3.830622
1756990677.595,latency_s,3.793211
1756990677.595,latency_s,3.755942
1756990677.595,latency_s,3.793488
1756990677.702,latency_s,3.869226
1756990677.702,latency_s,3.873446
1756990677.702,latency_s,3.859208
1756990677.702,latency_s,3.869752
1756990677.703,latency_s,3.900538
1756990677.703,latency_s,3.800958
1756990677.703,latency_s,3.878563
1756990677.703,latency_s,3.799996
1756990677.810,latency_s,3.876599
1756990677.810,latency_s,3.866139
1756990677.810,latency_s,3.911469
1756990677.810,latency_s,3.877376
1756990677.810,latency_s,3.944651
1756990677.810,latency_s,3.844243
1756990677.810,latency_s,4.110729
1756990677.810,latency_s,4.009564
1756990677.810,latency_s,3.908385
1756990677.810,latency_s,3.906863
1756990677.811,latency_s,3.870747
1756990677.811,latency_s,3.877445
1756990677.811,latency_s,3.880886
1756990677.811,latency_s,3.867302
1756990677.811,latency_s,3.877796
1756990677.811,latency_s,3.908244
1756990677.811,latency_s,3.807521
1756990677.811,latency_s,3.809078
1756990677.811,latency_s,3.886770
1756990677.811,latency_s,3.786014
1756990677.811,latency_s,3.807594
1756990677.811,latency_s,3.776216
1756990677.811,latency_s,3.812397
1756990677.811,latency_s,3.766337
1756990677.919,latency_s,3.883809
1756990677.919,latency_s,3.852073
1756990677.919,latency_s,3.916541
1756990677.919,latency_s,3.914746
1756990677.919,latency_s,3.884159
1756990677.919,latency_s,3.878440
1756990677.919,latency_s,3.875029
1756990677.919,latency_s,3.888909
1756990677.919,latency_s,3.885386
1756990677.919,latency_s,3.814828
1756990677.919,latency_s,3.816411
1756990677.919,latency_s,3.793243
1756990677.919,latency_s,3.814812
1756990677.919,latency_s,3.783790
1756990678.026,latency_s,3.889831
1756990678.026,latency_s,3.926605
1756990678.026,latency_s,3.880628
1756990678.026,latency_s,3.859579
1756990678.026,latency_s,3.923774
1756990678.026,latency_s,3.921542
1756990678.026,latency_s,4.122869
1756990678.026,latency_s,4.022757
1756990678.026,latency_s,3.922430
1756990678.027,latency_s,3.890213
1756990678.027,latency_s,3.885347
1756990678.027,latency_s,3.882544
1756990678.027,latency_s,3.895869
1756990678.027,latency_s,3.892633
1756990678.027,latency_s,3.822089
1756990678.027,latency_s,3.824054
1756990678.027,latency_s,3.800819
1756990678.240,latency_s,4.035189
1756990678.240,latency_s,4.002549
1756990678.240,latency_s,4.002634
1756990678.240,latency_s,4.039784
1756990678.240,latency_s,3.973269
1756990678.240,latency_s,4.037409
1756990678.240,latency_s,4.034842
1756990678.240,latency_s,4.035976
1756990678.240,latency_s,3.935697
1756990678.241,latency_s,4.002719
1756990678.241,latency_s,3.997896
1756990678.241,latency_s,4.008930
1756990678.241,latency_s,4.006006
1756990678.241,latency_s,3.935652
1756990678.241,latency_s,3.937468
1756990678.242,latency_s,3.914977
1756990678.242,latency_s,3.937058
1756990678.242,latency_s,3.903774
1756990678.243,latency_s,3.941383
1756990678.243,latency_s,3.904386
1756990678.243,latency_s,3.875256
1756990678.243,latency_s,3.938369
1756990678.243,latency_s,3.835610
1756990678.243,latency_s,3.936677
1756990678.243,latency_s,3.835944
1756990678.243,latency_s,3.837762
1756990678.243,latency_s,3.904353
1756990678.243,latency_s,3.899178
1756990678.243,latency_s,3.910589
1756990678.347,latency_s,4.011798
1756990678.347,latency_s,3.939993
1756990678.347,latency_s,3.911255
1756990678.349,latency_s,3.943949
1756990678.349,latency_s,3.921946
1756990678.349,latency_s,3.943583
1756990678.349,latency_s,4.103352
1756990678.350,latency_s,4.003576
1756990678.392,latency_s,3.944858
1756990678.392,latency_s,3.952601
1756990678.392,latency_s,3.952706
1756990678.392,latency_s,3.990398
1756990678.392,latency_s,3.890204
1756990678.392,latency_s,3.924182
1756990678.392,latency_s,3.884541
1756990678.392,latency_s,3.884862
1756990678.392,latency_s,4.147085
1756990678.392,latency_s,4.046427
1756990678.456,latency_s,4.009610
1756990678.456,latency_s,3.950028
1756990678.456,latency_s,4.017157
1756990678.456,latency_s,4.011301
1756990678.456,latency_s,4.023794
1756990678.456,latency_s,3.923765
1756990678.498,latency_s,3.961156
1756990678.499,latency_s,3.990911
1756990678.499,latency_s,3.992474
1756990678.499,latency_s,3.970757
1756990678.499,latency_s,3.992295
1756990678.499,latency_s,3.951493
1756990678.499,latency_s,3.958771
1756990678.499,latency_s,3.958790
1756990678.499,latency_s,3.896858
1756990678.499,latency_s,3.930534
1756990678.499,latency_s,3.891172
1756990678.564,latency_s,3.955716
1756990678.671,latency_s,4.124638
1756990678.671,latency_s,4.064185
1756990678.671,latency_s,4.131634
1756990678.672,latency_s,4.125857
1756990678.672,latency_s,4.038737
1756990678.672,latency_s,4.061277
1756990678.672,latency_s,4.033674
1756990678.672,latency_s,4.064906
1756990678.672,latency_s,4.043919
1756990678.672,latency_s,4.024505
1756990678.672,latency_s,4.031653
1756990678.672,latency_s,4.030856
1756990678.672,latency_s,3.969876
1756990678.672,latency_s,4.003111
1756990678.672,latency_s,3.964181
1756990678.672,latency_s,4.025558
1756990678.672,latency_s,3.964687
1756990678.672,latency_s,4.032240
1756990678.672,latency_s,3.931576
1756990678.673,latency_s,4.026170
1756990678.673,latency_s,3.925182
1756990678.673,latency_s,3.939346
1756990678.673,latency_s,3.934498
1756990678.673,latency_s,3.962125
1756990678.673,latency_s,3.965801
1756990678.673,latency_s,3.944307
1756990678.673,latency_s,3.924673
1756990678.673,latency_s,3.931048
1756990678.673,latency_s,3.931070
1756990678.673,latency_s,3.869988
1756990678.673,latency_s,3.903078
1756990678.778,latency_s,3.969661
1756990678.779,latency_s,4.032071
1756990678.779,latency_s,3.971590
1756990678.779,latency_s,3.936251
1756990678.780,latency_s,3.931921
1756990678.780,latency_s,3.945693
1756990678.886,latency_s,4.047343
1756990678.887,latency_s,4.075126
1756990678.887,latency_s,4.079373
1756990678.887,latency_s,4.057947
1756990678.887,latency_s,4.279280
1756990678.887,latency_s,4.179013
1756990678.887,latency_s,4.078708
1756990678.887,latency_s,3.978600
1756990678.887,latency_s,4.037746
1756990678.887,latency_s,4.044336
1756990678.887,latency_s,4.043358
1756990678.887,latency_s,3.983236
1756990678.887,latency_s,4.016904
1756990678.887,latency_s,3.977430
1756990678.887,latency_s,3.979123
1756990678.887,latency_s,4.039712
1756990678.887,latency_s,3.939003
1756990679.102,latency_s,4.157359
1756990679.102,latency_s,4.167112
1756990679.102,latency_s,4.153869
1756990679.102,latency_s,4.190588
1756990679.102,latency_s,4.162512
1756990679.102,latency_s,4.194650
1756990679.102,latency_s,4.172974
1756990679.102,latency_s,4.394567
1756990679.103,latency_s,4.294394
1756990679.103,latency_s,4.194315
1756990679.103,latency_s,4.094146
1756990679.103,latency_s,4.153024
1756990679.103,latency_s,4.158407
1756990679.103,latency_s,4.157481
1756990679.103,latency_s,4.098785
1756990679.103,latency_s,4.131900
1756990679.103,latency_s,4.092424
1756990679.103,latency_s,4.094682
1756990679.103,latency_s,4.052867
1756990679.103,latency_s,4.056313
1756990679.103,latency_s,4.054041
1756990679.103,latency_s,4.067928
1756990679.103,latency_s,4.090659
1756990679.103,latency_s,4.062538
1756990679.103,latency_s,4.095274
1756990679.103,latency_s,4.072976
1756990679.103,latency_s,4.094723
1756990679.210,latency_s,4.101373
1756990679.210,latency_s,4.101341
1756990679.210,latency_s,4.160179
1756990679.210,latency_s,4.164861
1756990679.210,latency_s,4.064135
1756990679.211,latency_s,4.164065
1756990679.211,latency_s,4.106273
1756990679.211,latency_s,4.063839
1756990679.320,latency_s,4.247817
1756990679.320,latency_s,4.208451
1756990679.320,latency_s,4.211307
1756990679.320,latency_s,4.169298
1756990679.320,latency_s,4.172646
1756990679.320,latency_s,4.184668
1756990679.320,latency_s,4.206764
1756990679.320,latency_s,4.178646
1756990679.320,latency_s,4.212025
1756990679.320,latency_s,4.111634
1756990679.320,latency_s,4.188779
1756990679.320,latency_s,4.111281
1756990679.320,latency_s,4.110590
1756990679.320,latency_s,4.169723
1756990679.320,latency_s,4.072934
1756990679.320,latency_s,4.147695
1756990679.320,latency_s,4.072808
1756990679.320,latency_s,4.114805
1756990679.320,latency_s,4.108950
1756990679.321,latency_s,4.111884
1756990679.321,latency_s,4.069519
1756990679.321,latency_s,4.073137
1756990679.321,latency_s,4.085013
1756990679.321,latency_s,4.106072
1756990679.360,latency_s,4.118010
1756990679.360,latency_s,4.050659
1756990679.360,latency_s,4.127745
1756990679.360,latency_s,4.050591
1756990679.360,latency_s,4.050270
1756990679.360,latency_s,4.108881
1756990679.428,latency_s,4.155163
1756990679.428,latency_s,4.080441
1756990679.428,latency_s,4.122414
1756990679.428,latency_s,4.115801
1756990679.428,latency_s,4.279027
1756990679.508,latency_s,4.258389
1756990679.508,latency_s,4.158383
1756990679.508,latency_s,4.198903
1756990679.508,latency_s,4.156514
1756990679.508,latency_s,4.160585
1756990679.508,latency_s,4.172466
1756990679.508,latency_s,4.166058
1756990679.508,latency_s,4.192239
1756990679.508,latency_s,4.097431
1756990679.508,latency_s,4.175450
1756990679.508,latency_s,4.097329
1756990679.535,latency_s,4.124019
1756990679.535,latency_s,4.183271
1756990679.535,latency_s,4.082931
1756990679.535,latency_s,4.162015
1756990679.536,latency_s,4.129840
1756990679.536,latency_s,4.088330
1756990679.537,latency_s,4.122667
1756990679.537,latency_s,4.086659
1756990679.537,latency_s,4.125545
1756990679.537,latency_s,4.084212
1756990679.537,latency_s,4.088674
1756990679.537,latency_s,4.100727
1756990679.537,latency_s,4.093711
1756990679.537,latency_s,4.119910
1756990679.537,latency_s,4.025726
1756990679.537,latency_s,4.103210
1756990679.644,latency_s,4.109823
1756990679.644,latency_s,4.132757
1756990679.645,latency_s,4.132959
1756990679.645,latency_s,4.091861
1756990679.645,latency_s,4.296912
1756990679.645,latency_s,4.196021
1756990679.752,latency_s,4.202212
1756990679.752,latency_s,4.277698
1756990679.752,latency_s,4.177593
1756990679.752,latency_s,4.203095
1756990679.752,latency_s,4.245283
1756990679.753,latency_s,4.237786
1756990679.753,latency_s,4.241835
1756990679.753,latency_s,4.200346
1756990679.753,latency_s,4.202487
1756990679.753,latency_s,4.204237
1756990679.753,latency_s,4.216933
1756990679.753,latency_s,4.210091
1756990679.753,latency_s,4.235852
1756990679.753,latency_s,4.135046
1756990679.753,latency_s,4.141501
1756990679.753,latency_s,4.118830
1756990679.754,latency_s,4.141535
1756990679.754,latency_s,4.141086
1756990679.754,latency_s,4.100092
1756990679.754,latency_s,4.102200
1756990679.754,latency_s,4.078692
1756990679.754,latency_s,4.146934
1756990679.754,latency_s,4.100389
1756990679.754,latency_s,4.137106
1756990679.754,latency_s,4.102820
1756990679.754,latency_s,4.100421
1756990679.859,latency_s,4.246766
1756990679.859,latency_s,4.205819
1756990679.859,latency_s,4.222872
1756990679.860,latency_s,4.215498
1756990679.860,latency_s,4.140029
1756990679.860,latency_s,4.147063
1756990679.861,latency_s,4.125715
1756990679.968,latency_s,4.253752
1756990679.968,latency_s,4.253850
1756990679.968,latency_s,4.213970
1756990679.968,latency_s,4.216158
1756990679.968,latency_s,4.192125
1756990679.968,latency_s,4.260879
1756990679.968,latency_s,4.214465
1756990679.969,latency_s,4.251002
1756990679.969,latency_s,4.217290
1756990679.969,latency_s,4.255017
1756990679.969,latency_s,4.214939
1756990679.969,latency_s,4.214957
1756990679.969,latency_s,4.231408
1756990679.969,latency_s,4.224020
1756990679.969,latency_s,4.148993
1756990679.969,latency_s,4.155966
1756990679.969,latency_s,4.132696
1756990679.969,latency_s,4.153200
1756990679.969,latency_s,4.153558
1756990679.969,latency_s,4.114802
1756990679.969,latency_s,4.116601
1756990679.969,latency_s,4.161777
1756990680.075,latency_s,4.221395
1756990680.075,latency_s,4.199318
1756990680.075,latency_s,4.257808
1756990680.076,latency_s,4.261667
1756990680.076,latency_s,4.221639
1756990680.076,latency_s,4.223030
1756990680.076,latency_s,4.161011
1756990680.076,latency_s,4.221480
1756990680.076,latency_s,4.237561
1756990680.076,latency_s,4.230735
1756990680.076,latency_s,4.129992
1756990680.076,latency_s,4.155185
1756990680.076,latency_s,4.162710
1756990680.076,latency_s,4.139438
1756990680.076,latency_s,4.159326
1756990680.076,latency_s,4.160234
1756990680.076,latency_s,4.121494
1756990680.184,latency_s,4.231082
1756990680.184,latency_s,4.275434
1756990680.184,latency_s,4.207346
1756990680.184,latency_s,4.230090
1756990680.184,latency_s,4.265215
1756990680.184,latency_s,4.165085
1756990680.184,latency_s,4.230178
1756990680.184,latency_s,4.231669
1756990680.184,latency_s,4.169103
1756990680.184,latency_s,4.229983
1756990680.185,latency_s,4.246228
1756990680.185,latency_s,4.138428
1756990680.185,latency_s,4.163204
1756990680.185,latency_s,4.171321
1756990680.185,latency_s,4.147970
1756990680.291,latency_s,4.274314
1756990680.291,latency_s,4.274849
1756990680.292,latency_s,4.236919
1756990680.292,latency_s,4.237653
1756990680.292,latency_s,4.282486
1756990680.292,latency_s,4.213444
1756990680.292,latency_s,4.237565
1756990680.292,latency_s,4.182098
1756990680.292,latency_s,4.171573
1756990680.292,latency_s,4.237487
1756990680.292,latency_s,4.238314
1756990680.292,latency_s,4.175802
1756990680.292,latency_s,4.237613
1756990680.292,latency_s,4.253797
1756990680.292,latency_s,4.153527
1756990680.292,latency_s,4.145142
1756990680.292,latency_s,4.167332
1756990680.401,latency_s,4.287426
1756990680.401,latency_s,4.264216
1756990680.401,latency_s,4.283912
1756990680.401,latency_s,4.284061
1756990680.401,latency_s,4.245990
1756990680.401,latency_s,4.246237
1756990680.401,latency_s,4.190833
1756990680.401,latency_s,4.222484
1756990680.401,latency_s,4.246521
1756990680.401,latency_s,4.180607
1756990680.401,latency_s,4.184139
1756990680.402,latency_s,4.247356
1756990680.402,latency_s,4.246576
1756990680.402,latency_s,4.162496
1756990680.402,latency_s,4.154144
1756990680.509,latency_s,4.283037
1756990680.509,latency_s,4.295178
1756990680.509,latency_s,4.271854
1756990680.509,latency_s,4.290701
1756990680.509,latency_s,4.291496
1756990680.509,latency_s,4.253447
1756990680.509,latency_s,4.253632
1756990680.509,latency_s,4.197745
1756990680.615,latency_s,4.360022
1756990680.616,latency_s,4.336468
1756990680.616,latency_s,4.297532
1756990680.616,latency_s,4.360450
1756990680.616,latency_s,4.259999
1756990680.616,latency_s,4.276345
1756990680.616,latency_s,4.268227
1756990680.617,latency_s,4.290480
1756990680.617,latency_s,4.302778
1756990680.617,latency_s,4.279037
1756990680.617,latency_s,4.298248
1756990680.617,latency_s,4.298663
1756990680.617,latency_s,4.261022
1756990680.617,latency_s,4.198151
1756990680.617,latency_s,4.260929
1756990680.617,latency_s,4.204681
1756990680.617,latency_s,4.236720
1756990680.617,latency_s,4.261462
1756990680.617,latency_s,4.462298
1756990680.617,latency_s,4.362162
1756990680.618,latency_s,4.261675
1756990680.618,latency_s,4.161422
1756990680.618,latency_s,4.157562
1756990680.618,latency_s,4.177088
1756990680.723,latency_s,4.274010
1756990680.724,latency_s,4.296757
1756990680.724,latency_s,4.309839
1756990680.724,latency_s,4.285767
1756990680.724,latency_s,4.305362
1756990680.724,latency_s,4.268024
1756990680.724,latency_s,4.203137
1756990680.725,latency_s,4.268299
1756990680.725,latency_s,4.268355
1756990680.940,latency_s,4.427361
1756990680.940,latency_s,4.459448
1756990680.940,latency_s,4.619133
1756990680.940,latency_s,4.518917
1756990680.940,latency_s,4.418784
1756990680.940,latency_s,4.383231
1756990680.940,latency_s,4.379651
1756990680.940,latency_s,4.398903
1756990680.940,latency_s,4.685495
1756990680.940,latency_s,4.584749
1756990680.941,latency_s,4.484568
1756990680.941,latency_s,4.383749
1756990680.941,latency_s,4.412952
1756990680.941,latency_s,4.391164
1756990680.941,latency_s,4.426204
1756990680.941,latency_s,4.401841
1756990680.941,latency_s,4.419813
1756990680.941,latency_s,4.383851
1756990680.941,latency_s,4.318954
1756990680.941,latency_s,4.383573
1756990680.941,latency_s,4.384042
1756990680.941,latency_s,4.359601
1756990680.941,latency_s,4.326988
1756990680.941,latency_s,4.319162
1756990680.941,latency_s,4.522071
1756990680.941,latency_s,4.420264
1756990680.941,latency_s,4.319031
1756990680.941,latency_s,4.283638
1756990680.941,latency_s,4.280514
1756990680.942,latency_s,4.298820
1756990680.947,latency_s,4.288911
1756990680.947,latency_s,4.318480
1756990681.048,latency_s,4.397549
1756990681.048,latency_s,4.433189
1756990681.048,latency_s,4.333178
1756990681.048,latency_s,4.408266
1756990681.048,latency_s,4.425768
1756990681.048,latency_s,4.324853
1756990681.096,latency_s,4.438354
1756990681.096,latency_s,4.372525
1756990681.096,latency_s,4.438479
1756990681.096,latency_s,4.414052
1756990681.096,latency_s,4.338183
1756990681.096,latency_s,4.382077
1756990681.096,latency_s,4.373335
1756990681.097,latency_s,4.338716
1756990681.097,latency_s,4.335298
1756990681.097,latency_s,4.353087
1756990681.155,latency_s,4.432033
1756990681.155,latency_s,4.396765
1756990681.155,latency_s,4.403962
1756990681.155,latency_s,4.425840
1756990681.155,latency_s,4.340119
1756990681.155,latency_s,4.331463
1756990681.155,latency_s,4.396811
1756990681.155,latency_s,4.296171
1756990681.155,latency_s,4.372103
1756990681.155,latency_s,4.340502
1756990681.155,latency_s,4.331780
1756990681.155,latency_s,4.296708
1756990681.155,latency_s,4.293814
1756990681.155,latency_s,4.311654
1756990681.155,latency_s,4.332396
1756990681.155,latency_s,4.296825
1756990681.156,latency_s,4.302870
1756990681.246,latency_s,4.416301
1756990681.262,latency_s,4.347251
1756990681.401,latency_s,4.477426
1756990681.402,latency_s,4.542816
1756990681.402,latency_s,4.442633
1756990681.402,latency_s,4.442186
1756990681.402,latency_s,4.517849
1756990681.402,latency_s,4.486776
1756990681.402,latency_s,4.477721
1756990681.402,latency_s,4.744054
1756990681.402,latency_s,4.643728
1756990681.402,latency_s,4.541386
1756990681.402,latency_s,4.440631
1756990681.402,latency_s,4.443180
1756990681.402,latency_s,4.440354
1756990681.402,latency_s,4.457579
1756990681.402,latency_s,4.478277
1756990681.402,latency_s,4.443327
1756990681.402,latency_s,4.661635
1756990681.402,latency_s,4.561450
1756990681.402,latency_s,4.460670
1756990681.402,latency_s,4.449252
1756990681.402,latency_s,4.472262
1756990681.403,latency_s,4.387159
1756990681.403,latency_s,4.578688
1756990681.403,latency_s,4.478134
1756990681.403,latency_s,4.377673
1756990681.403,latency_s,4.342566
1756990681.403,latency_s,4.378072
1756990681.403,latency_s,4.342552
1756990681.403,latency_s,4.418740
1756990681.403,latency_s,4.387637
1756990681.403,latency_s,4.318150
1756990681.477,latency_s,4.452597
1756990681.509,latency_s,4.447440
1756990681.510,latency_s,4.449359
1756990681.510,latency_s,4.447607
1756990681.510,latency_s,4.465000
1756990681.510,latency_s,4.485366
1756990681.617,latency_s,4.492252
1756990681.617,latency_s,4.556794
1756990681.617,latency_s,4.575407
1756990681.617,latency_s,4.563707
1756990681.617,latency_s,4.585469
1756990681.617,latency_s,4.484659
1756990681.617,latency_s,4.501612
1756990681.617,latency_s,4.491243
1756990681.617,latency_s,4.457239
1756990681.618,latency_s,4.492751
1756990681.618,latency_s,4.432137
1756990681.618,latency_s,4.501659
1756990681.618,latency_s,4.456864
1756990681.618,latency_s,4.455411
1756990681.618,latency_s,4.492718
1756990681.618,latency_s,4.457297
1756990681.618,latency_s,4.455539
1756990681.618,latency_s,4.472830
1756990681.618,latency_s,4.391778
1756990681.618,latency_s,4.457555
1756990681.618,latency_s,4.475279
1756990681.618,latency_s,4.375133
1756990681.618,latency_s,4.383476
1756990681.618,latency_s,4.462079
1756990681.618,latency_s,4.401896
1756990681.618,latency_s,4.391957
1756990681.619,latency_s,4.392057
1756990681.724,latency_s,4.438560
1756990681.724,latency_s,4.462878
1756990681.724,latency_s,4.507835
1756990681.725,latency_s,4.461742
1756990681.725,latency_s,4.498376
1756990681.725,latency_s,4.463841
1756990681.725,latency_s,4.463810
1756990681.832,latency_s,4.569007
1756990681.833,latency_s,4.587349
1756990681.833,latency_s,4.506432
1756990681.833,latency_s,4.571242
1756990681.833,latency_s,4.488798
1756990681.833,latency_s,4.497244
1756990681.833,latency_s,4.575667
1756990681.833,latency_s,4.516124
1756990681.833,latency_s,4.506249
1756990681.833,latency_s,4.506315
1756990681.833,latency_s,4.446586
1756990681.833,latency_s,4.516089
1756990681.833,latency_s,4.471275
1756990681.833,latency_s,4.469272
1756990681.833,latency_s,4.506490
1756990681.833,latency_s,4.471436
1756990681.833,latency_s,4.469472
1756990681.833,latency_s,4.472001
1756990681.833,latency_s,4.487737
1756990681.834,latency_s,4.406581
1756990681.872,latency_s,4.509694
1756990681.872,latency_s,4.435744
1756990681.872,latency_s,4.427816
1756990681.872,latency_s,4.514032
1756990681.872,latency_s,4.454686
1756990681.872,latency_s,4.445312
1756990681.872,latency_s,4.445103
1756990681.939,latency_s,4.521389
1756990681.939,latency_s,4.452005
1756990681.940,latency_s,4.477379
1756990681.941,latency_s,4.476235
1756990681.941,latency_s,4.513566
1756990681.941,latency_s,4.413403
1756990681.941,latency_s,4.478790
1756990681.941,latency_s,4.476472
1756990682.021,latency_s,4.559464
1756990682.022,latency_s,4.575336
1756990682.022,latency_s,4.494490
1756990682.022,latency_s,4.558523
1756990682.022,latency_s,4.483659
1756990682.022,latency_s,4.563101
1756990682.022,latency_s,4.476923
1756990682.022,latency_s,4.462092
1756990682.022,latency_s,4.503639
1756990682.022,latency_s,4.494553
1756990682.022,latency_s,4.494557
1756990682.047,latency_s,4.482991
1756990682.047,latency_s,4.528620
1756990682.047,latency_s,4.459547
1756990682.047,latency_s,4.428463
1756990682.048,latency_s,4.419877
1756990682.048,latency_s,4.483419
1756990682.048,latency_s,4.485412
1756990682.048,latency_s,4.483546
1756990682.048,latency_s,4.485509
1756990682.048,latency_s,4.498795
1756990682.048,latency_s,4.420414
1756990682.048,latency_s,4.484514
1756990682.048,latency_s,4.382866
1756990682.048,latency_s,4.410213
1756990682.048,latency_s,4.385024
1756990682.154,latency_s,4.508281
1756990682.155,latency_s,4.536652
1756990682.155,latency_s,4.527070
1756990682.155,latency_s,4.489892
1756990682.155,latency_s,4.527422
1756990682.155,latency_s,4.467320
1756990682.156,latency_s,4.436404
1756990682.196,latency_s,4.467532
1756990682.196,latency_s,4.467219
1756990682.196,latency_s,4.531344
1756990682.197,latency_s,4.532831
1756990682.197,latency_s,4.531734
1756990682.197,latency_s,4.533156
1756990682.197,latency_s,4.546794
1756990682.197,latency_s,4.446242
1756990682.197,latency_s,4.468008
1756990682.197,latency_s,4.430864
1756990682.261,latency_s,4.522349
1756990682.262,latency_s,4.515091
1756990682.262,latency_s,4.497419
1756990682.263,latency_s,4.543374
1756990682.263,latency_s,4.530806
1756990682.263,latency_s,4.431356
1756990682.263,latency_s,4.474003
1756990682.263,latency_s,4.497337
1756990682.263,latency_s,4.443011
1756990682.263,latency_s,4.433561
1756990682.263,latency_s,4.497822
1756990682.264,latency_s,4.412295
1756990682.264,latency_s,4.498352
1756990682.265,latency_s,4.500961
1756990682.265,latency_s,4.501269
1756990682.369,latency_s,4.539596
1756990682.476,latency_s,4.609964
1756990682.476,latency_s,4.636569
1756990682.476,latency_s,4.629735
1756990682.477,latency_s,4.610957
1756990682.477,latency_s,4.655469
1756990682.477,latency_s,4.644055
1756990682.477,latency_s,4.543491
1756990682.477,latency_s,4.586935
1756990682.477,latency_s,4.610678
1756990682.477,latency_s,4.546958
1756990682.477,latency_s,4.610802
1756990682.477,latency_s,4.524861
1756990682.477,latency_s,4.612132
1756990682.477,latency_s,4.612335
1756990682.477,latency_s,4.511673
1756990682.477,latency_s,4.610918
1756990682.479,latency_s,4.513629
1756990682.479,latency_s,4.511784
1756990682.479,latency_s,4.549245
1756990682.479,latency_s,4.511905
1756990682.479,latency_s,4.535665
1756990682.479,latency_s,4.513066
1756990682.479,latency_s,4.531901
1756990682.479,latency_s,4.557596
1756990682.479,latency_s,4.546236
1756990682.479,latency_s,4.444550
1756990682.479,latency_s,4.489558
1756990682.480,latency_s,4.512244
1756990682.480,latency_s,4.449125
1756990682.480,latency_s,4.512401
1756990682.480,latency_s,4.413578
1756990682.584,latency_s,4.517675
1756990682.587,latency_s,4.519142
1756990682.587,latency_s,4.533552
1756990682.587,latency_s,4.556173
1756990682.587,latency_s,4.519615
1756990682.587,latency_s,4.543576
1756990682.832,latency_s,4.764553
1756990682.832,latency_s,4.784205
1756990682.832,latency_s,4.806577
1756990682.832,latency_s,4.797276
1756990682.832,latency_s,4.911377
1756990682.832,latency_s,4.811213
1756990682.832,latency_s,4.710490
1756990682.832,latency_s,4.695899
1756990682.832,latency_s,4.741661
1756990682.832,latency_s,4.764788
1756990682.832,latency_s,4.701651
1756990682.909,latency_s,4.841885
1756990682.910,latency_s,4.741331
1756990682.910,latency_s,4.755366
1756990682.910,latency_s,4.743318
1756990682.910,latency_s,4.741481
1756990682.910,latency_s,4.743448
1756990682.910,latency_s,4.741494
1756990682.910,latency_s,4.778847
1756990682.910,latency_s,4.765311
1756990682.910,latency_s,4.741379
1756990682.910,latency_s,4.762080
1756990682.910,latency_s,4.783227
1756990682.910,latency_s,4.771348
1756990682.910,latency_s,4.670931
1756990682.910,latency_s,4.687987
1756990682.910,latency_s,4.718669
1756990682.910,latency_s,4.671508
1756990682.910,latency_s,4.741839
1756990682.910,latency_s,4.641267
1756990682.910,latency_s,4.679465
1756990682.910,latency_s,4.641368
1756990682.941,latency_s,4.673587
1756990683.018,latency_s,4.762288
1756990683.018,latency_s,4.749309
1756990683.018,latency_s,4.749026
1756990683.101,latency_s,4.869729
1756990683.101,latency_s,4.855787
1756990683.101,latency_s,4.831542
1756990683.101,latency_s,4.851944
1756990683.101,latency_s,4.874250
1756990683.101,latency_s,4.773494
1756990683.101,latency_s,4.834228
1756990683.101,latency_s,4.761716
1756990683.101,latency_s,4.778935
1756990683.101,latency_s,4.808739
1756990683.101,latency_s,4.731122
1756990683.126,latency_s,4.794513
1756990683.126,latency_s,4.756041
1756990683.126,latency_s,4.769411
1756990683.126,latency_s,4.757833
1756990683.126,latency_s,4.756259
1756990683.126,latency_s,4.794671
1756990683.126,latency_s,4.756263
1756990683.126,latency_s,4.780111
1756990683.127,latency_s,4.777781
1756990683.127,latency_s,4.756978
1756990683.127,latency_s,4.698181
1756990683.128,latency_s,4.760380
1756990683.128,latency_s,4.686862
1756990683.128,latency_s,4.704722
1756990683.128,latency_s,4.735531
1756990683.128,latency_s,4.657334
1756990683.128,latency_s,4.697068
1756990683.129,latency_s,4.671120
1756990683.233,latency_s,4.764268
1756990683.233,latency_s,4.762835
1756990683.235,latency_s,4.764276
1756990683.235,latency_s,4.788582
1756990683.277,latency_s,4.827220
1756990683.277,latency_s,4.806278
1756990683.278,latency_s,4.748508
1756990683.278,latency_s,4.809788
1756990683.278,latency_s,4.734681
1756990683.278,latency_s,4.753601
1756990683.278,latency_s,4.937343
1756990683.278,latency_s,4.837539
1756990683.279,latency_s,4.737016
1756990683.279,latency_s,4.785480
1756990683.342,latency_s,4.770481
1756990683.343,latency_s,4.809959
1756990683.343,latency_s,4.784822
1756990683.343,latency_s,4.771573
1756990683.343,latency_s,4.773590
1756990683.343,latency_s,4.771164
1756990683.343,latency_s,4.795937
1756990683.343,latency_s,4.792959
1756990683.343,latency_s,4.771060
1756990683.343,latency_s,4.713686
1756990683.343,latency_s,4.774775
1756990683.343,latency_s,4.699822
1756990683.343,latency_s,4.718478
1756990683.345,latency_s,4.701526
1756990683.345,latency_s,4.672219
1756990683.345,latency_s,4.751386
1756990683.345,latency_s,4.650983
1756990683.345,latency_s,4.712099
1756990683.449,latency_s,4.978302
1756990683.449,latency_s,4.877789
1756990683.449,latency_s,4.777179
1756990683.450,latency_s,4.780774
1756990683.450,latency_s,4.778064
1756990683.450,latency_s,4.791852
1756990683.450,latency_s,5.018511
1756990683.450,latency_s,4.917833
1756990683.451,latency_s,4.817611
1756990683.451,latency_s,4.717236
1756990683.451,latency_s,4.778282
1756990683.451,latency_s,4.799086
1756990683.451,latency_s,4.778252
1756990683.451,latency_s,4.801739
1756990683.558,latency_s,4.827415
1756990683.558,latency_s,4.889018
1756990683.558,latency_s,4.788810
1756990683.558,latency_s,4.810519
1756990683.558,latency_s,4.832807
1756990683.558,latency_s,4.811491
1756990683.558,latency_s,4.785068
1756990683.558,latency_s,4.763566
1756990683.558,latency_s,4.825011
1756990683.558,latency_s,4.785401
1756990683.558,latency_s,4.787894
1756990683.558,latency_s,4.785515
1756990683.558,latency_s,4.723732
1756990683.558,latency_s,4.785523
1756990683.558,latency_s,4.806362
1756990683.558,latency_s,4.785537
1756990683.558,latency_s,4.706297
1756990683.558,latency_s,4.808981
1756990683.665,latency_s,4.815531
1756990683.665,latency_s,4.834303
1756990683.665,latency_s,4.795643
1756990683.665,latency_s,4.817637
1756990683.665,latency_s,4.817866
1756990683.666,latency_s,4.792454
1756990683.772,latency_s,4.877497
1756990683.773,latency_s,4.938455
1756990683.773,latency_s,4.899475
1756990683.773,latency_s,4.901891
1756990683.773,latency_s,4.899856
1756990683.773,latency_s,4.836219
1756990683.773,latency_s,4.899769
1756990683.773,latency_s,4.820010
1756990683.773,latency_s,4.899846
1756990683.773,latency_s,4.822565
1756990683.773,latency_s,4.840904
1756990683.773,latency_s,4.803060
1756990683.773,latency_s,4.824297
1756990683.773,latency_s,4.824331
1756990683.773,latency_s,4.799105
1756990683.773,latency_s,4.777947
1756990683.773,latency_s,4.838178
1756990683.773,latency_s,4.799290
1756990683.773,latency_s,5.014295
1756990683.880,latency_s,5.020557
1756990683.880,latency_s,4.919948
1756990683.880,latency_s,4.908979
1756990683.880,latency_s,4.906501
1756990683.880,latency_s,4.842173
1756990683.880,latency_s,4.906071
1756990683.880,latency_s,4.826902
1756990683.990,latency_s,5.016158
1756990683.990,latency_s,4.939163
1756990683.990,latency_s,4.957599
1756990683.990,latency_s,4.920115
1756990683.990,latency_s,4.940835
1756990683.990,latency_s,4.940877
1756990683.990,latency_s,4.915584
1756990683.990,latency_s,4.894428
1756990683.990,latency_s,4.954399
1756990683.990,latency_s,4.853890
1756990683.990,latency_s,4.928947
1756990683.990,latency_s,4.916002
1756990683.991,latency_s,4.918864
1756990683.991,latency_s,4.916261
1756990683.991,latency_s,5.164416
1756990683.991,latency_s,5.062981
1756990683.991,latency_s,4.852155
1756990683.991,latency_s,4.962652
1756990683.991,latency_s,4.862503
1756990683.991,latency_s,4.916314
1756990683.991,latency_s,4.916842
1756990683.991,latency_s,4.816602
1756990683.991,latency_s,4.839691
1756990683.991,latency_s,4.858358
1756990683.991,latency_s,4.819397
1756990683.991,latency_s,4.840380
1756990683.991,latency_s,4.840163
1756990683.991,latency_s,4.816182
1756990683.991,latency_s,4.794988
1756990683.992,latency_s,4.754835
1756990683.992,latency_s,4.816604
1756990683.992,latency_s,4.828633
1756990684.098,latency_s,4.924572
1756990684.098,latency_s,4.923664
1756990684.098,latency_s,4.923253
1756990684.098,latency_s,4.822216
1756990684.099,latency_s,4.858986
1756990684.206,latency_s,4.976533
1756990684.206,latency_s,4.929650
1756990684.206,latency_s,4.953004
1756990684.206,latency_s,4.972335
1756990684.206,latency_s,4.933246
1756990684.206,latency_s,4.954098
1756990684.206,latency_s,4.909118
1756990684.206,latency_s,4.928896
1756990684.206,latency_s,4.868531
1756990684.206,latency_s,4.942697
1756990684.206,latency_s,4.841607
1756990684.206,latency_s,4.929808
1756990684.206,latency_s,4.931090
1756990684.206,latency_s,4.929992
1756990684.206,latency_s,4.829248
1756990684.207,latency_s,4.866025
1756990684.450,latency_s,5.296155
1756990684.450,latency_s,5.195379
1756990684.450,latency_s,5.095078
1756990684.450,latency_s,5.073173
1756990684.450,latency_s,5.096141
1756990684.450,latency_s,5.116008
1756990684.450,latency_s,5.075414
1756990684.450,latency_s,5.120097
1756990684.450,latency_s,5.096272
1756990684.450,latency_s,5.072867
1756990684.450,latency_s,5.052894
1756990684.450,latency_s,5.012330
1756990684.450,latency_s,4.983616
1756990684.450,latency_s,5.073374
1756990684.450,latency_s,5.073285
1756990684.451,latency_s,5.073751
1756990684.451,latency_s,4.973422
1756990684.451,latency_s,4.972772
1756990684.451,latency_s,4.973068
1756990684.451,latency_s,4.994196
1756990684.531,latency_s,5.077089
1756990684.532,latency_s,5.089013
1756990684.532,latency_s,5.054289
1756990684.532,latency_s,5.096019
1756990684.532,latency_s,5.056048
1756990684.532,latency_s,5.278687
1756990684.532,latency_s,5.177654
1756990684.532,latency_s,5.077247
1756990684.532,latency_s,5.100710
1756990684.532,latency_s,5.000304
1756990684.532,latency_s,5.077816
1756990684.532,latency_s,5.054097
1756990684.558,latency_s,5.060123
1756990684.639,latency_s,5.100857
1756990684.639,latency_s,5.071770
1756990684.639,latency_s,5.161575
1756990684.713,latency_s,5.134522
1756990684.713,latency_s,5.134516
1756990684.713,latency_s,5.135108
1756990684.713,latency_s,5.134995
1756990684.713,latency_s,5.156038
1756990684.713,latency_s,5.158319
1756990684.713,latency_s,5.135200
1756990684.713,latency_s,5.170031
1756990684.713,latency_s,5.176230
1756990684.713,latency_s,5.136445
1756990684.713,latency_s,5.158480
1756990684.746,latency_s,5.114364
1756990684.746,latency_s,5.191887
1756990684.746,latency_s,5.090804
1756990684.746,latency_s,5.168175
1756990684.747,latency_s,5.148011
1756990684.747,latency_s,5.107456
1756990684.747,latency_s,5.068231
1756990684.747,latency_s,5.078724
1756990684.747,latency_s,5.068115
1756990684.747,latency_s,5.068733
1756990684.747,latency_s,5.068344
1756990684.747,latency_s,5.089333
1756990684.747,latency_s,5.090617
1756990684.747,latency_s,5.103183
1756990684.854,latency_s,5.176035
1756990684.854,latency_s,5.216714
1756990684.854,latency_s,5.176872
1756990684.854,latency_s,5.198651
1756990684.854,latency_s,5.121715
1756990684.855,latency_s,5.097662
1756990684.900,latency_s,5.221327
1756990684.900,latency_s,5.199939
1756990684.900,latency_s,5.160354
1756990684.900,latency_s,5.120960
1756990684.900,latency_s,5.131740
1756990684.900,latency_s,5.120657
1756990684.900,latency_s,5.121388
1756990684.900,latency_s,5.120831
1756990684.900,latency_s,5.142226
1756990684.900,latency_s,5.155128
1756990684.900,latency_s,5.143646
1756990684.961,latency_s,5.181993
1756990684.963,latency_s,5.223825
1756990684.963,latency_s,5.183612
1756990684.963,latency_s,5.205851
1756990684.963,latency_s,5.129636
1756990684.963,latency_s,5.105394
1756990684.963,latency_s,5.184127
1756990684.963,latency_s,5.161928
1756990684.963,latency_s,5.083746
1756990684.963,latency_s,5.123243
1756990684.963,latency_s,5.083856
1756990684.963,latency_s,5.083259
1756990684.963,latency_s,5.083440
1756990684.963,latency_s,5.094386
1756990684.963,latency_s,5.083537
1756990685.070,latency_s,5.211388
1756990685.070,latency_s,5.212444
1756990685.070,latency_s,5.190481
1756990685.070,latency_s,5.223080
1756990685.070,latency_s,5.230628
1756990685.070,latency_s,5.129677
1756990685.070,latency_s,5.212777
1756990685.070,latency_s,5.190697
1756990685.070,latency_s,5.137002
1756990685.070,latency_s,5.112316
1756990685.070,latency_s,5.090739
1756990685.071,latency_s,5.168363
1756990685.071,latency_s,5.129818
1756990685.071,latency_s,5.090359
1756990685.071,latency_s,5.090812
1756990685.071,latency_s,5.090578
1756990685.071,latency_s,5.101402
1756990685.178,latency_s,5.197619
1756990685.178,latency_s,5.197967
1756990685.178,latency_s,5.219249
1756990685.178,latency_s,5.230023
1756990685.178,latency_s,5.219762
1756990685.178,latency_s,5.136816
1756990685.178,latency_s,5.220070
1756990685.178,latency_s,5.119939
1756990685.178,latency_s,5.198087
1756990685.178,latency_s,5.143886
1756990685.178,latency_s,5.119752
1756990685.178,latency_s,5.097337
1756990685.178,latency_s,5.175195
1756990685.178,latency_s,5.136958
1756990685.178,latency_s,5.097765
1756990685.286,latency_s,5.205258
1756990685.286,latency_s,5.214992
1756990685.286,latency_s,5.206187
1756990685.287,latency_s,5.205595
1756990685.287,latency_s,5.227721
1756990685.287,latency_s,5.205762
1756990685.287,latency_s,5.228432
1756990685.395,latency_s,5.344007
1756990685.395,latency_s,5.253396
1756990685.395,latency_s,5.236307
1756990685.395,latency_s,5.313896
1756990685.395,latency_s,5.259992
1756990685.395,latency_s,5.235976
1756990685.395,latency_s,5.291302
1756990685.395,latency_s,5.190033
1756990685.395,latency_s,5.253439
1756990685.395,latency_s,5.213813
1756990685.395,latency_s,5.213214
1756990685.395,latency_s,5.213784
1756990685.395,latency_s,5.213130
1756990685.395,latency_s,5.236174
1756990685.395,latency_s,5.213508
1756990685.395,latency_s,5.213510
1756990685.395,latency_s,5.244557
1756990685.395,latency_s,5.236467
1756990685.530,latency_s,5.279279
1756990685.531,latency_s,5.288414
1756990685.531,latency_s,5.271874
1756990685.531,latency_s,5.348603
1756990685.531,latency_s,5.294493
1756990685.531,latency_s,5.271532
1756990685.531,latency_s,5.225162
1756990685.531,latency_s,5.288542
1756990685.531,latency_s,5.249411
1756990685.531,latency_s,5.248830
1756990685.531,latency_s,5.249264
1756990685.531,latency_s,5.248741
1756990685.609,latency_s,5.349473
1756990685.609,latency_s,5.249406
1756990685.611,latency_s,5.328743
1756990685.611,latency_s,5.258695
1756990685.611,latency_s,5.328907
1756990685.611,latency_s,5.351856
1756990685.611,latency_s,5.251316
1756990685.611,latency_s,5.268300
1756990685.611,latency_s,5.252199
1756990685.611,latency_s,5.328622
1756990685.611,latency_s,5.228342
1756990685.611,latency_s,5.274465
1756990685.611,latency_s,5.251711
1756990685.611,latency_s,5.205195
1756990685.611,latency_s,5.268472
1756990685.611,latency_s,5.229528
1756990685.611,latency_s,5.228671
1756990685.611,latency_s,5.439227
1756990685.611,latency_s,5.338016
1756990685.611,latency_s,5.237556
1756990685.716,latency_s,5.256662
1756990685.717,latency_s,5.334512
1756990685.718,latency_s,5.335778
1756990685.718,latency_s,5.258219
1756990685.718,latency_s,5.335927
1756990685.718,latency_s,5.266068
1756990685.719,latency_s,5.275653
1756990685.719,latency_s,5.259620
1756990685.719,latency_s,5.235744
1756990685.719,latency_s,5.281555
1756990685.719,latency_s,5.259228
1756990685.719,latency_s,5.209877
1756990685.719,latency_s,5.276047
1756990685.719,latency_s,5.175213
1756990685.825,latency_s,5.342299
1756990685.825,latency_s,5.341458
1756990685.825,latency_s,5.350684
1756990685.825,latency_s,5.264665
1756990685.825,latency_s,5.342227
1756990685.825,latency_s,5.341826
1756990685.825,latency_s,5.264717
1756990685.825,latency_s,5.272342
1756990685.825,latency_s,5.342254
1756990685.825,latency_s,5.281281
1756990685.825,latency_s,5.264784
1756990685.825,latency_s,5.241604
1756990685.825,latency_s,5.287449
1756990685.825,latency_s,5.265135
1756990685.825,latency_s,5.214595
1756990685.825,latency_s,5.443340
1756990685.825,latency_s,5.342980
1756990685.826,latency_s,5.242639
1756990685.826,latency_s,5.181371
1756990685.867,latency_s,5.283364
1756990685.867,latency_s,5.284516
1756990685.867,latency_s,5.291468
1756990685.867,latency_s,5.284405
1756990685.867,latency_s,5.282125
1756990685.867,latency_s,5.206477
1756990685.932,latency_s,5.270743
1756990685.932,latency_s,5.348948
1756990685.932,latency_s,5.248606
1756990685.933,latency_s,5.279314
1756990685.933,latency_s,5.288864
1756990685.933,latency_s,5.249344
1756990685.933,latency_s,5.271862
1756990685.933,latency_s,5.294944
1756990685.933,latency_s,5.271959
1756990685.933,latency_s,5.221254
1756990685.933,latency_s,5.249147
1756990685.933,latency_s,5.187611
1756990685.933,latency_s,5.249167
1756990685.933,latency_s,5.250104
1756990685.933,latency_s,5.257034
1756990685.933,latency_s,5.156582
1756990685.933,latency_s,5.249962
1756990685.934,latency_s,5.171452
1756990686.041,latency_s,5.255968
1756990686.041,latency_s,5.355099
1756990686.041,latency_s,5.257200
1756990686.041,latency_s,5.253751
1756990686.041,latency_s,5.287294
1756990686.041,latency_s,5.295396
1756990686.041,latency_s,5.257071
1756990686.041,latency_s,5.278703
1756990686.041,latency_s,5.302425
1756990686.041,latency_s,5.278691
1756990686.041,latency_s,5.228770
1756990686.041,latency_s,5.194752
1756990686.041,latency_s,5.256548
1756990686.041,latency_s,5.256455
1756990686.148,latency_s,5.364083
1756990686.148,latency_s,5.270856
1756990686.148,latency_s,5.263797
1756990686.148,latency_s,5.260392
1756990686.148,latency_s,5.285800
1756990686.148,latency_s,5.263087
1756990686.149,latency_s,5.294467
1756990686.256,latency_s,5.409981
1756990686.256,latency_s,5.371647
1756990686.256,latency_s,5.392655
1756990686.256,latency_s,5.417107
1756990686.256,latency_s,5.392737
1756990686.256,latency_s,5.343676
1756990686.256,latency_s,5.309613
1756990686.256,latency_s,5.371249
1756990686.257,latency_s,5.371159
1756990686.257,latency_s,5.270248
1756990686.257,latency_s,5.372333
1756990686.257,latency_s,5.271866
1756990686.257,latency_s,5.278690
1756990686.257,latency_s,5.494569
1756990686.257,latency_s,5.393177
1756990686.257,latency_s,5.292680
1756990686.257,latency_s,5.272010
1756990686.257,latency_s,5.268285
1756990686.257,latency_s,5.294356
1756990686.364,latency_s,5.408828
1756990686.364,latency_s,5.377903
1756990686.364,latency_s,5.417630
1756990686.364,latency_s,5.379418
1756990686.364,latency_s,5.400191
1756990686.364,latency_s,5.400323
1756990686.364,latency_s,5.350860
1756990686.364,latency_s,5.317340
1756990686.364,latency_s,5.378205
1756990686.365,latency_s,5.277343
1756990686.365,latency_s,5.279344
1756990686.365,latency_s,5.299827
1756990686.365,latency_s,5.278984
1756990686.365,latency_s,5.277453
1756990686.365,latency_s,5.301208
1756990686.365,latency_s,5.275966
1756990686.365,latency_s,5.308908
1756990686.578,latency_s,5.530760
1756990686.578,latency_s,5.492917
1756990686.578,latency_s,5.513865
1756990686.578,latency_s,5.513642
1756990686.578,latency_s,5.464476
1756990686.578,latency_s,5.430793
1756990686.578,latency_s,5.491301
1756990686.579,latency_s,5.390311
1756990686.579,latency_s,5.392814
1756990686.579,latency_s,5.390359
1756990686.579,latency_s,5.412654
1756990686.579,latency_s,5.392753
1756990686.579,latency_s,5.389487
1756990686.579,latency_s,5.390098
1756990686.579,latency_s,5.415049
1756990686.579,latency_s,5.421624
1756990686.579,latency_s,5.430998
1756990686.686,latency_s,5.499646
1756990686.686,latency_s,5.517144
1756990686.686,latency_s,5.746379
1756990686.686,latency_s,5.645720
1756990686.686,latency_s,5.545270
1756990686.686,latency_s,5.444795
1756990686.686,latency_s,5.517635
1756990686.686,latency_s,5.470065
1756990686.686,latency_s,5.438238
1756990686.686,latency_s,5.397418
1756990686.686,latency_s,5.399958
1756990686.686,latency_s,5.397480
1756990686.686,latency_s,5.419301
1756990686.686,latency_s,5.399791
1756990686.686,latency_s,5.422403
1756990686.686,latency_s,5.397009
1756990686.726,latency_s,5.436292
1756990686.726,latency_s,5.467129
1756990686.726,latency_s,5.477620
1756990686.793,latency_s,5.506948
1756990686.793,latency_s,5.521724
1756990686.793,latency_s,5.451811
1756990686.794,latency_s,5.521980
1756990686.874,latency_s,5.502186
1756990686.874,latency_s,5.558074
1756990686.874,latency_s,5.525689
1756990686.874,latency_s,5.485543
1756990686.875,latency_s,5.796246
1756990686.875,latency_s,5.695771
1756990686.875,latency_s,5.595362
1756990686.875,latency_s,5.494886
1756990686.875,latency_s,5.487996
1756990686.901,latency_s,5.512135
1756990686.902,latency_s,5.534252
1756990686.902,latency_s,5.541945
1756990686.902,latency_s,5.512995
1756990686.902,latency_s,5.511923
1756990686.902,latency_s,5.536750
1756990686.902,latency_s,5.512212
1756990686.902,latency_s,5.553214
1756990686.902,latency_s,5.529807
1756990686.902,latency_s,5.515096
1756990686.902,latency_s,5.459775
1756990686.902,latency_s,5.428936
1756990686.902,latency_s,5.485017
1756990686.902,latency_s,5.452898
1756990686.902,latency_s,5.412464
1756990686.902,latency_s,5.422128
1756990686.902,latency_s,5.415034
1756990686.902,latency_s,5.412058
1756990686.902,latency_s,5.434793
1756990687.010,latency_s,5.519569
1756990687.010,latency_s,5.519695
1756990687.010,latency_s,5.544318
1756990687.010,latency_s,5.519585
1756990687.010,latency_s,5.548398
1756990687.010,latency_s,5.560842
1756990687.010,latency_s,5.460388
1756990687.010,latency_s,5.536772
1756990687.010,latency_s,5.522695
1756990687.010,latency_s,5.467429
1756990687.010,latency_s,5.436172
1756990687.010,latency_s,5.492588
1756990687.010,latency_s,5.460415
1756990687.010,latency_s,5.419983
1756990687.117,latency_s,5.536622
1756990687.117,latency_s,5.529618
1756990687.117,latency_s,5.526655
1756990687.117,latency_s,5.548929
1756990687.117,latency_s,5.526642
1756990687.117,latency_s,5.526805
1756990687.118,latency_s,5.527174
1756990687.118,latency_s,5.551879
1756990687.118,latency_s,5.554050
1756990687.118,latency_s,5.467525
1756990687.118,latency_s,5.543872
1756990687.118,latency_s,5.443381
1756990687.118,latency_s,5.529961
1756990687.118,latency_s,5.474977
1756990687.118,latency_s,5.443368
1756990687.118,latency_s,5.499002
1756990687.118,latency_s,5.467660
1756990687.118,latency_s,5.426250
1756990687.225,latency_s,5.543962
1756990687.226,latency_s,5.537450
1756990687.226,latency_s,5.532379
1756990687.226,latency_s,5.556285
1756990687.226,latency_s,5.532390
1756990687.226,latency_s,5.559473
1756990687.333,latency_s,5.639758
1756990687.333,latency_s,5.641273
1756990687.333,latency_s,5.582526
1756990687.333,latency_s,5.644989
1756990687.334,latency_s,5.558690
1756990687.334,latency_s,5.590087
1756990687.334,latency_s,5.558660
1756990687.334,latency_s,5.613317
1756990687.334,latency_s,5.512878
1756990687.334,latency_s,5.541794
1756990687.334,latency_s,5.583276
1756990687.334,latency_s,5.552216
1756990687.334,latency_s,5.545163
1756990687.334,latency_s,5.539942
1756990687.334,latency_s,5.563483
1756990687.334,latency_s,5.540009
1756990687.334,latency_s,5.539923
1756990687.334,latency_s,5.567280
1756990687.334,latency_s,5.541988
1756990687.336,latency_s,5.468591
1756990687.336,latency_s,5.484996
1756990687.336,latency_s,5.459594
1756990687.336,latency_s,5.547125
1756990687.336,latency_s,5.446637
1756990687.336,latency_s,5.492075
1756990687.336,latency_s,5.412405
1756990687.443,latency_s,5.550401
1756990687.443,latency_s,5.592456
1756990687.443,latency_s,5.561037
1756990687.443,latency_s,5.554129
1756990687.443,latency_s,5.548209
1756990687.443,latency_s,5.571495
1756990687.444,latency_s,5.776147
1756990687.552,latency_s,5.781277
1756990687.552,latency_s,5.679889
1756990687.552,latency_s,5.656669
1756990687.552,latency_s,5.659078
1756990687.552,latency_s,5.656632
1756990687.552,latency_s,5.583940
1756990687.552,latency_s,5.600383
1756990687.552,latency_s,5.575458
1756990687.552,latency_s,5.562311
1756990687.552,latency_s,5.607688
1756990687.552,latency_s,5.527652
1756990687.553,latency_s,5.559259
1756990687.553,latency_s,5.600320
1756990687.553,latency_s,5.569750
1756990687.553,latency_s,5.556731
1756990687.553,latency_s,5.577468
1756990687.553,latency_s,5.578679
1756990687.553,latency_s,5.559094
1756990687.553,latency_s,5.556959
1756990687.553,latency_s,5.556982
1756990687.553,latency_s,5.484371
1756990687.553,latency_s,5.500798
1756990687.659,latency_s,5.579946
1756990687.659,latency_s,5.568324
1756990687.659,latency_s,5.613841
1756990687.659,latency_s,5.782577
1756990687.661,latency_s,5.683954
1756990687.661,latency_s,5.582593
1756990687.661,latency_s,5.535970
1756990687.661,latency_s,5.567342
1756990687.661,latency_s,5.608422
1756990687.661,latency_s,5.508168
1756990687.661,latency_s,5.577885
1756990687.661,latency_s,5.565212
1756990687.661,latency_s,5.583367
1756990687.661,latency_s,5.586497
1756990687.767,latency_s,5.590987
1756990687.767,latency_s,5.673403
1756990687.768,latency_s,5.671618
1756990687.768,latency_s,5.671612
1756990687.768,latency_s,5.614873
1756990687.768,latency_s,5.587227
1756990687.768,latency_s,5.576521
1756990687.768,latency_s,5.621924
1756990687.768,latency_s,5.589000
1756990687.768,latency_s,5.541246
1756990687.768,latency_s,5.573545
1756990687.768,latency_s,5.513108
1756990687.768,latency_s,5.778209
1756990687.768,latency_s,5.677619
1756990687.768,latency_s,5.577191
1756990687.768,latency_s,5.571321
1756990687.768,latency_s,5.584252
1756990687.768,latency_s,5.589615
1756990687.768,latency_s,5.488243
1756990687.768,latency_s,5.491893
1756990687.769,latency_s,5.574125
1756990687.769,latency_s,5.571710
1756990687.876,latency_s,5.578412
1756990687.876,latency_s,5.580965
1756990687.876,latency_s,5.679122
1756990687.876,latency_s,5.578518
1756990687.876,latency_s,5.622851
1756990687.876,latency_s,5.595134
1756990687.876,latency_s,5.584620
1756990687.876,latency_s,5.629895
1756990687.876,latency_s,5.596232
1756990687.876,latency_s,5.549251
1756990687.984,latency_s,5.689075
1756990687.984,latency_s,5.629063
1756990687.984,latency_s,5.692742
1756990687.984,latency_s,5.686685
1756990687.984,latency_s,5.699621
1756990687.984,latency_s,5.603591
1756990687.984,latency_s,5.607300
1756990687.984,latency_s,5.815594
1756990687.984,latency_s,5.714672
1756990687.984,latency_s,5.614301
1756990687.984,latency_s,5.589005
1756990687.984,latency_s,5.585420
1756990687.985,latency_s,5.585518
1756990687.985,latency_s,5.630954
1756990687.985,latency_s,5.602310
1756990687.985,latency_s,5.592564
1756990687.985,latency_s,5.637968
1756990687.985,latency_s,5.603356
1756990687.985,latency_s,5.555853
1756990687.985,latency_s,5.529776
1756990687.985,latency_s,5.593178
1756990687.985,latency_s,5.589774
1756990688.091,latency_s,5.706347
1756990688.091,latency_s,5.692584
1756990688.091,latency_s,5.606377
1756990688.092,latency_s,5.607187
1756990688.092,latency_s,5.612631
1756990688.092,latency_s,5.621930
1756990688.092,latency_s,5.592539
1756990688.092,latency_s,5.596393
1756990688.093,latency_s,5.592756
1756990688.093,latency_s,5.638317
1756990688.093,latency_s,5.609126
1756990688.093,latency_s,5.600244
1756990688.093,latency_s,5.645352
1756990688.093,latency_s,5.544916
1756990688.200,latency_s,5.718276
1756990688.200,latency_s,5.669363
1756990688.201,latency_s,5.644192
1756990688.201,latency_s,5.708517
1756990688.201,latency_s,5.704775
1756990688.201,latency_s,5.701009
1756990688.201,latency_s,5.614330
1756990688.201,latency_s,5.614637
1756990688.201,latency_s,5.620833
1756990688.201,latency_s,5.629755
1756990688.201,latency_s,5.600840
1756990688.201,latency_s,5.600892
1756990688.201,latency_s,5.603117
1756990688.201,latency_s,5.646235
1756990688.201,latency_s,5.617300
1756990688.201,latency_s,5.608414
1756990688.201,latency_s,5.552803
1756990688.201,latency_s,5.618682
1756990688.201,latency_s,5.567624
1756990688.201,latency_s,5.544173
1756990688.201,latency_s,5.609045
1756990688.201,latency_s,5.508936
1756990688.307,latency_s,5.710995
1756990688.307,latency_s,5.610573
1756990688.307,latency_s,5.707239
1756990688.307,latency_s,5.606953
1756990688.308,latency_s,5.621021
1756990688.308,latency_s,5.621154
1756990688.308,latency_s,5.626703
1756990688.308,latency_s,5.636785
1756990688.308,latency_s,5.607612
1756990688.308,latency_s,5.609346
1756990688.308,latency_s,5.607556
1756990688.308,latency_s,5.653078
1756990688.415,latency_s,5.731513
1756990688.416,latency_s,5.722558
1756990688.416,latency_s,5.666812
1756990688.416,latency_s,5.732583
1756990688.416,latency_s,5.681919
1756990688.416,latency_s,5.657262
1756990688.416,latency_s,5.623095
1756990688.416,latency_s,5.618465
1756990688.416,latency_s,5.628937
1756990688.416,latency_s,5.614856
1756990688.416,latency_s,5.628777
1756990688.416,latency_s,5.632483
1756990688.416,latency_s,5.644448
1756990688.416,latency_s,5.614985
1756990688.416,latency_s,5.614869
1756990688.416,latency_s,5.660315
1756990688.416,latency_s,5.631950
1756990688.416,latency_s,5.567145
1756990688.416,latency_s,5.632671
1756990688.416,latency_s,5.582106
1756990688.416,latency_s,5.557618
1756990688.416,latency_s,5.517027
1756990688.416,latency_s,5.523101
1756990688.417,latency_s,5.529101
1756990688.417,latency_s,5.515181
1756990688.417,latency_s,5.531578
1756990688.523,latency_s,5.634913
1756990688.523,latency_s,5.650314
1756990688.523,latency_s,5.621332
1756990688.523,latency_s,5.621424
1756990688.523,latency_s,5.665272
1756990688.523,latency_s,5.638041
1756990688.523,latency_s,5.573287
1756990688.523,latency_s,5.639217
1756990688.523,latency_s,5.538767
1756990688.523,latency_s,5.588403
1756990688.524,latency_s,5.529675
1756990688.631,latency_s,5.670614
1756990688.631,latency_s,5.631286
1756990688.631,latency_s,5.643344
1756990688.631,latency_s,5.629086
1756990688.631,latency_s,5.642847
1756990688.631,latency_s,5.645697
1756990688.631,latency_s,5.831343
1756990688.631,latency_s,5.730714
1756990688.631,latency_s,5.629385
1756990688.631,latency_s,5.658190
1756990688.631,latency_s,5.627801
1756990688.631,latency_s,5.629481
1756990688.631,latency_s,5.672619
1756990688.631,latency_s,5.572214
1756990688.631,latency_s,5.837568
1756990688.631,latency_s,5.736138
1756990688.631,latency_s,5.634101
1756990688.632,latency_s,5.646079
1756990688.632,latency_s,5.581247
1756990688.632,latency_s,5.546786
1756990688.632,latency_s,5.595343
1756990688.738,latency_s,5.643682
1756990688.738,latency_s,5.637952
1756990688.738,latency_s,5.677083
1756990688.738,latency_s,5.650047
1756990688.738,latency_s,5.635590
1756990688.738,latency_s,5.649682
1756990688.739,latency_s,5.652791
1756990688.739,latency_s,5.637146
1756990688.739,latency_s,5.666269
1756990688.740,latency_s,5.635265
1756990688.740,latency_s,5.580232
1756990688.740,latency_s,5.637335
1756990688.740,latency_s,5.640831
1756990688.740,latency_s,5.653096
1756990688.740,latency_s,5.589076
1756990688.845,latency_s,5.659857
1756990688.845,latency_s,5.708515
1756990688.846,latency_s,5.684138
1756990688.846,latency_s,5.645545
1756990688.846,latency_s,5.650671
1756990688.846,latency_s,5.656692
1756990688.846,latency_s,5.642759
1756990688.846,latency_s,5.656488
1756990688.846,latency_s,5.659068
1756990688.846,latency_s,5.671657
1756990688.846,latency_s,5.642986
1756990688.846,latency_s,5.640550
1756990688.846,latency_s,5.643088
1756990688.846,latency_s,5.585829
1756990688.848,latency_s,5.647923
1756990688.848,latency_s,5.660730
1756990688.848,latency_s,5.560484
1756990688.848,latency_s,5.596340
1756990688.848,latency_s,5.561830
1756990688.848,latency_s,5.604460
1756990688.848,latency_s,5.552631
1756990688.848,latency_s,5.585614
1756990688.848,latency_s,5.547328
1756990688.953,latency_s,5.649763
1756990688.953,latency_s,5.666291
1756990688.953,latency_s,5.663676
1756990688.956,latency_s,5.680901
1756990688.956,latency_s,5.652364
1756990688.956,latency_s,5.649016
1756990688.956,latency_s,5.594667
1756990688.956,latency_s,5.655118
1756990688.956,latency_s,5.566919
1756990688.956,latency_s,5.604188
1756990688.956,latency_s,5.569527
1756990688.956,latency_s,5.612185
1756990688.956,latency_s,5.560551
1756990688.956,latency_s,5.592954
1756990688.956,latency_s,5.554885
1756990688.956,latency_s,5.552430
1756990688.956,latency_s,5.566324
1756990688.956,latency_s,5.568256
1756990688.956,latency_s,5.580246
1756990689.060,latency_s,5.656294
1756990689.061,latency_s,5.583924
1756990689.061,latency_s,5.598809
1756990689.061,latency_s,5.653097
1756990689.061,latency_s,5.659329
1756990689.061,latency_s,5.570133
1756990689.061,latency_s,5.608232
1756990689.061,latency_s,5.573936
1756990689.274,latency_s,5.828184
1756990689.274,latency_s,5.778406
1756990689.274,latency_s,5.808998
1756990689.274,latency_s,5.771955
1756990689.274,latency_s,5.769871
1756990689.274,latency_s,5.984914
1756990689.274,latency_s,5.884769
1756990689.275,latency_s,5.783978
1756990689.275,latency_s,5.783708
1756990689.275,latency_s,5.786391
1756990689.275,latency_s,5.697492
1756990689.275,latency_s,5.770168
1756990689.275,latency_s,5.971343
1756990689.275,latency_s,5.870709
1756990689.275,latency_s,5.770184
1756990689.275,latency_s,5.712848
1756990689.275,latency_s,5.766772
1756990689.275,latency_s,5.771477
1756990689.275,latency_s,5.671338
1756990689.275,latency_s,5.683616
1756990689.275,latency_s,5.722087
1756990689.275,latency_s,5.687449
1756990689.275,latency_s,5.723488
1756990689.275,latency_s,5.622654
1756990689.275,latency_s,5.679103
1756990689.275,latency_s,5.709284
1756990689.275,latency_s,5.672590
1756990689.275,latency_s,5.670364
1756990689.275,latency_s,5.684344
1756990689.275,latency_s,5.684050
1756990689.275,latency_s,5.686900
1756990689.275,latency_s,5.597815
1756990689.381,latency_s,5.776266
1756990689.383,latency_s,5.777755
1756990689.383,latency_s,5.720012
1756990689.383,latency_s,5.773498
1756990689.383,latency_s,5.678409
1756990689.383,latency_s,5.690456
1756990689.383,latency_s,5.729620
1756990689.383,latency_s,5.695003
1756990689.383,latency_s,5.629119
1756990689.491,latency_s,5.794741
1756990689.491,latency_s,5.788159
1756990689.491,latency_s,5.824929
1756990689.491,latency_s,5.724213
1756990689.491,latency_s,5.786073
1756990689.491,latency_s,5.799683
1756990689.491,latency_s,5.797065
1756990689.491,latency_s,5.801690
1756990689.491,latency_s,5.700773
1756990689.491,latency_s,5.713205
1756990689.491,latency_s,5.786290
1756990689.491,latency_s,5.786106
1756990689.491,latency_s,5.728036
1756990689.491,latency_s,5.781816
1756990689.491,latency_s,5.681190
1756990689.492,latency_s,5.686578
1756990689.492,latency_s,5.698048
1756990689.492,latency_s,5.737706
1756990689.492,latency_s,5.703109
1756990689.492,latency_s,5.637401
1756990689.492,latency_s,5.695466
1756990689.492,latency_s,5.624636
1756990689.492,latency_s,5.688034
1756990689.492,latency_s,5.699992
1756990689.598,latency_s,5.792569
1756990689.598,latency_s,5.705514
1756990689.598,latency_s,5.803595
1756990689.598,latency_s,5.700620
1756990689.598,latency_s,5.706579
1756990689.598,latency_s,5.792566
1756990689.598,latency_s,5.719554
1756990689.598,latency_s,5.793114
1756990689.599,latency_s,5.692087
1756990689.599,latency_s,5.692331
1756990689.599,latency_s,5.687912
1756990689.706,latency_s,5.841015
1756990689.706,latency_s,5.799514
1756990689.706,latency_s,5.811550
1756990689.706,latency_s,5.851658
1756990689.706,latency_s,5.817027
1756990689.706,latency_s,5.751087
1756990689.706,latency_s,5.809641
1756990689.706,latency_s,5.802133
1756990689.706,latency_s,5.737526
1756990689.706,latency_s,5.799905
1756990689.706,latency_s,5.713247
1756990689.706,latency_s,5.714358
1756990689.706,latency_s,5.708737
1756990689.706,latency_s,5.724870
1756990689.706,latency_s,5.699462
1756990689.707,latency_s,5.699572
1756990689.707,latency_s,5.741348
1756990689.707,latency_s,5.695521
1756990689.707,latency_s,5.699736
1756990689.707,latency_s,5.711285
1756990689.707,latency_s,5.752037
1756990689.707,latency_s,5.717637
1756990689.707,latency_s,5.650614
1756990689.707,latency_s,5.709482
1756990689.707,latency_s,5.702763
1756990689.707,latency_s,5.637803
1756990689.813,latency_s,5.805663
1756990689.813,latency_s,5.704247
1756990689.813,latency_s,5.719269
1756990689.813,latency_s,5.720731
1756990689.813,latency_s,5.715021
1756990689.813,latency_s,5.705398
1756990689.814,latency_s,5.731971
1756990689.814,latency_s,5.706507
1756990689.814,latency_s,5.748173
1756990689.814,latency_s,5.702183
1756990689.814,latency_s,5.706398
1756990689.814,latency_s,5.718073
1756990689.814,latency_s,5.758737
1756990689.814,latency_s,5.658300
1756990689.920,latency_s,5.830238
1756990689.920,latency_s,5.762861
1756990689.920,latency_s,5.749733
1756990689.920,latency_s,5.815100
1756990689.921,latency_s,5.822783
1756990689.921,latency_s,5.722636
1756990689.921,latency_s,5.726741
1756990689.921,latency_s,5.711233
1756990689.921,latency_s,5.728246
1756990689.921,latency_s,5.722458
1756990689.921,latency_s,5.712629
1756990689.921,latency_s,5.712885
1756990689.921,latency_s,5.738193
1756990689.921,latency_s,5.708367
1756990689.921,latency_s,5.712966
1756990689.921,latency_s,5.724826
1756990689.921,latency_s,5.664678
1756990689.921,latency_s,5.730617
1756990689.921,latency_s,5.649320
1756990689.921,latency_s,5.715788
1756990689.921,latency_s,5.623282
1756990689.921,latency_s,5.615516
1756990689.921,latency_s,5.611816
1756990689.921,latency_s,5.626914
1756990690.028,latency_s,5.727752
1756990690.028,latency_s,5.734275
1756990690.028,latency_s,5.719224
1756990690.028,latency_s,5.744783
1756990690.028,latency_s,5.719332
1756990690.028,latency_s,5.715236
1756990690.028,latency_s,5.719598
1756990690.028,latency_s,5.731185
1756990690.028,latency_s,5.671448
1756990690.028,latency_s,5.737720
1756990690.028,latency_s,5.656266
1756990690.028,latency_s,5.629933
1756990690.136,latency_s,5.728740
1756990690.136,latency_s,5.723938
1756990690.136,latency_s,5.740812
1756990690.136,latency_s,5.742201
1756990690.136,latency_s,5.734959
1756990690.136,latency_s,5.727023
1756990690.136,latency_s,5.752714
1756990690.136,latency_s,5.727085
1756990690.136,latency_s,5.969816
1756990690.136,latency_s,5.869299
1756990690.136,latency_s,5.768857
1756990690.136,latency_s,5.723205
1756990690.136,latency_s,5.727320
1756990690.136,latency_s,5.738742
1756990690.136,latency_s,5.678870
1756990690.136,latency_s,5.744776
1756990690.136,latency_s,5.877975
1756990690.136,latency_s,5.776664
1756990690.136,latency_s,5.675435
1756990690.137,latency_s,5.637572
1756990690.137,latency_s,5.628869
1756990690.137,latency_s,5.664255
1756990690.137,latency_s,5.624671
1756990690.137,latency_s,5.641350
1756990690.137,latency_s,5.642370
1756990690.137,latency_s,5.635480
1756990690.243,latency_s,5.732480
1756990690.244,latency_s,5.758459
1756990690.244,latency_s,5.733997
1756990690.244,latency_s,5.776000
1756990690.244,latency_s,5.729888
1756990690.244,latency_s,5.734374
1756990690.244,latency_s,5.744779
1756990690.244,latency_s,5.685906
1756990690.244,latency_s,5.751802
1756990690.244,latency_s,5.651325
1756990690.244,latency_s,5.682363
1756990690.244,latency_s,5.670364
1756990690.244,latency_s,5.635049
1756990690.244,latency_s,5.644519
1756990690.244,latency_s,5.630854
1756990690.350,latency_s,5.754758
1756990690.351,latency_s,5.755516
1756990690.351,latency_s,5.747661
1756990690.351,latency_s,5.765002
1756990690.351,latency_s,5.739527
1756990690.351,latency_s,5.739844
1756990690.351,latency_s,5.782498
1756990690.351,latency_s,5.735919
1756990690.351,latency_s,5.740957
1756990690.351,latency_s,5.751315
1756990690.351,latency_s,5.692472
1756990690.351,latency_s,5.657899
1756990690.351,latency_s,5.688966
1756990690.351,latency_s,5.676710
1756990690.351,latency_s,5.651040
1756990690.351,latency_s,5.641694
1756990690.351,latency_s,5.637347
1756990690.458,latency_s,5.761402
1756990690.458,latency_s,5.762846
1756990690.565,latency_s,5.861754
1756990690.565,latency_s,5.879234
1756990690.565,latency_s,5.853981
1756990690.565,latency_s,5.854347
1756990690.565,latency_s,5.896679
1756990690.566,latency_s,5.796232
1756990690.566,latency_s,5.849744
1756990690.566,latency_s,5.855230
1756990690.566,latency_s,5.864632
1756990690.566,latency_s,5.806354
1756990690.566,latency_s,5.763654
1756990690.566,latency_s,5.772111
1756990690.566,latency_s,5.803373
1756990690.566,latency_s,5.756651
1756990690.566,latency_s,5.791584
1756990690.566,latency_s,5.765713
1756990690.566,latency_s,5.752267
1756990690.566,latency_s,5.769670
1756990690.566,latency_s,5.770343
1756990690.566,latency_s,5.762384
1756990690.567,latency_s,5.779941
1756990690.567,latency_s,5.754168
1756990690.567,latency_s,5.755423
1756990690.567,latency_s,5.696893
1756990690.567,latency_s,5.755761
1756990690.567,latency_s,5.705447
1756990690.567,latency_s,5.663908
1756990690.567,latency_s,5.672825
1756990690.567,latency_s,5.701379
1756990690.567,latency_s,5.656553
1756990690.674,latency_s,5.798924
1756990690.674,latency_s,5.772842
1756990690.674,latency_s,5.759845
1756990690.674,latency_s,5.777203
1756990690.674,latency_s,5.777517
1756990690.674,latency_s,5.768152
1756990690.674,latency_s,5.787009
1756990690.674,latency_s,5.760844
1756990690.674,latency_s,5.762759
1756990690.782,latency_s,5.811331
1756990690.782,latency_s,5.870379
1756990690.782,latency_s,5.820020
1756990690.782,latency_s,5.776918
1756990690.782,latency_s,5.787303
1756990690.782,latency_s,5.815018
1756990690.782,latency_s,5.771070
1756990690.782,latency_s,5.779347
1756990690.782,latency_s,5.806297
1756990690.782,latency_s,5.767709
1756990690.782,latency_s,5.785169
1756990690.782,latency_s,5.785465
1756990690.782,latency_s,5.776047
1756990690.782,latency_s,5.766769
1756990690.782,latency_s,5.770286
1756990690.782,latency_s,5.794691
1756990690.782,latency_s,5.711516
1756990690.782,latency_s,5.965478
1756990690.782,latency_s,5.865076
1756990690.783,latency_s,5.765141
1756990690.783,latency_s,5.770764
1756990690.783,latency_s,5.676250
1756990690.783,latency_s,5.719762
1756990690.888,latency_s,5.793286
1756990690.889,latency_s,5.815232
1756990690.889,latency_s,5.811871
1756990690.889,latency_s,5.777653
1756990690.889,latency_s,5.785108
1756990690.889,latency_s,5.774239
1756990690.889,latency_s,5.791139
1756990690.889,latency_s,5.791336
1756990690.889,latency_s,5.782647
1756990690.890,latency_s,5.773569
1756990690.890,latency_s,5.801487
1756990690.999,latency_s,5.885866
1756990690.999,latency_s,5.810186
1756990690.999,latency_s,5.827289
1756990690.999,latency_s,5.880397
1756990690.999,latency_s,5.886204
1756990690.999,latency_s,5.785856
1756990690.999,latency_s,5.789340
1756990690.999,latency_s,5.835779
1756990690.999,latency_s,5.803281
1756990690.999,latency_s,5.821994
1756990690.999,latency_s,5.821585
1756990690.999,latency_s,5.720090
1756990690.999,latency_s,5.787097
1756990690.999,latency_s,5.784513
1756990690.999,latency_s,5.801338
1756990690.999,latency_s,5.801546
1756990690.999,latency_s,5.789572
1756990690.999,latency_s,5.785297
1756990690.999,latency_s,5.781312
1756990691.000,latency_s,5.710227
1756990691.000,latency_s,5.780828
1756990691.000,latency_s,5.727689
1756990691.000,latency_s,5.686124
1756990691.000,latency_s,5.688083
1756990691.000,latency_s,5.735693
1756990691.000,latency_s,5.703894
1756990691.106,latency_s,5.826752
1756990691.106,latency_s,5.725462
1756990691.106,latency_s,5.807692
1756990691.106,latency_s,5.706686
1756990691.106,latency_s,5.791272
1756990691.106,latency_s,5.807916
1756990691.107,latency_s,5.707817
1756990691.107,latency_s,5.795452
1756990691.107,latency_s,5.792584
1756990691.107,latency_s,5.786507
1756990691.107,latency_s,5.786632
1756990691.107,latency_s,5.734758
1756990691.107,latency_s,5.693360
1756990691.321,latency_s,5.908755
1756990691.321,latency_s,5.955081
1756990691.321,latency_s,5.924094
1756990691.321,latency_s,5.939324
1756990691.321,latency_s,6.116360
1756990691.321,latency_s,6.015235
1756990691.321,latency_s,5.914865
1756990691.321,latency_s,5.835634
1756990691.321,latency_s,5.821541
1756990691.321,latency_s,5.905545
1756990691.321,latency_s,5.821795
1756990691.321,latency_s,5.908471
1756990691.321,latency_s,5.905621
1756990691.321,latency_s,5.805422
1756990691.322,latency_s,5.900241
1756990691.322,latency_s,5.900358
1756990691.322,latency_s,5.799994
1756990691.322,latency_s,5.848594
1756990691.322,latency_s,5.807086
1756990691.322,latency_s,5.809738
1756990691.322,latency_s,5.855676
1756990691.322,latency_s,5.824523
1756990691.322,latency_s,5.839258
1756990691.322,latency_s,6.009275
1756990691.322,latency_s,5.909174
1756990691.322,latency_s,5.809046
1756990691.322,latency_s,5.815512
1756990691.322,latency_s,5.735556
1756990691.322,latency_s,5.932399
1756990691.322,latency_s,5.722363
1756990691.322,latency_s,5.831955
1756990691.322,latency_s,5.722612
1756990691.428,latency_s,5.912100
1756990691.430,latency_s,5.813450
1756990691.430,latency_s,5.916709
1756990691.430,latency_s,5.838847
1756990691.430,latency_s,5.814361
1756990691.430,latency_s,5.813205
1756990691.430,latency_s,5.908235
1756990691.430,latency_s,5.808053
1756990691.430,latency_s,5.807854
1756990691.537,latency_s,5.962663
1756990691.537,latency_s,5.922203
1756990691.537,latency_s,5.924178
1756990691.537,latency_s,5.970812
1756990691.537,latency_s,5.938570
1756990691.538,latency_s,5.953083
1756990691.538,latency_s,5.852807
1756990691.538,latency_s,5.924235
1756990691.538,latency_s,5.930341
1756990691.538,latency_s,5.850435
1756990691.538,latency_s,5.836809
1756990691.538,latency_s,5.846258
1756990691.538,latency_s,5.836659
1756990691.538,latency_s,5.821357
1756990691.538,latency_s,5.822044
1756990691.538,latency_s,5.820771
1756990691.538,latency_s,5.815783
1756990691.750,latency_s,6.027569
1756990691.750,latency_s,6.074622
1756990691.750,latency_s,6.034824
1756990691.751,latency_s,6.037119
1756990691.751,latency_s,6.083026
1756990691.751,latency_s,5.982876
1756990691.751,latency_s,6.050838
1756990691.751,latency_s,5.964451
1756990691.751,latency_s,6.037246
1756990691.751,latency_s,6.042938
1756990691.751,latency_s,5.942739
1756990691.751,latency_s,5.960787
1756990691.751,latency_s,5.958882
1756990691.751,latency_s,5.949979
1756990691.751,latency_s,5.949690
1756990691.751,latency_s,5.934146
1756990691.751,latency_s,5.934640
1756990691.752,latency_s,5.934814
1756990691.752,latency_s,5.928973
1756990691.752,latency_s,5.976335
1756990691.752,latency_s,5.935985
1756990691.752,latency_s,5.938473
1756990691.752,latency_s,5.884092
1756990691.752,latency_s,5.952278
1756990691.753,latency_s,5.864228
1756990691.753,latency_s,5.938832
1756990691.753,latency_s,5.837681
1756990691.753,latency_s,5.843713
1756990691.753,latency_s,5.860167
1756990691.753,latency_s,5.834677
1756990691.753,latency_s,5.835869
1756990691.753,latency_s,5.849684
1756990691.858,latency_s,5.956717
1756990691.859,latency_s,5.966833
1756990691.860,latency_s,5.941555
1756990691.860,latency_s,5.983397
1756990691.860,latency_s,5.935795
1756990691.860,latency_s,5.942865
1756990691.860,latency_s,5.944918
1756990691.967,latency_s,5.998139
1756990691.967,latency_s,6.066514
1756990691.967,latency_s,5.977522
1756990691.967,latency_s,5.952283
1756990691.967,latency_s,5.974332
1756990691.967,latency_s,5.947586
1756990691.967,latency_s,5.948507
1756990691.967,latency_s,5.964005
1756990691.968,latency_s,5.965939
1756990691.968,latency_s,5.974778
1756990691.968,latency_s,6.144310
1756990691.968,latency_s,6.043758
1756990691.968,latency_s,5.942437
1756990691.968,latency_s,5.948806
1756990691.968,latency_s,5.990379
1756990691.968,latency_s,5.943526
1756990691.968,latency_s,5.948947
1756990691.968,latency_s,5.952549
1756990691.968,latency_s,5.897073
1756990691.968,latency_s,5.966685
1756990691.968,latency_s,5.864964
1756990691.968,latency_s,5.876412
1756990691.968,latency_s,5.852708
1756990691.968,latency_s,5.873536
1756990691.968,latency_s,5.848049
1756990691.968,latency_s,5.848317
1756990692.074,latency_s,5.981493
1756990692.075,latency_s,5.970978
1756990692.075,latency_s,5.970907
1756990692.075,latency_s,5.948967
1756990692.075,latency_s,5.954990
1756990692.075,latency_s,5.996753
1756990692.076,latency_s,5.950949
1756990692.076,latency_s,5.956136
1756990692.182,latency_s,6.066511
1756990692.182,latency_s,6.011328
1756990692.182,latency_s,5.977745
1756990692.182,latency_s,5.989749
1756990692.182,latency_s,5.966108
1756990692.182,latency_s,5.986864
1756990692.183,latency_s,5.961017
1756990692.183,latency_s,5.988542
1756990692.183,latency_s,5.977827
1756990692.183,latency_s,5.961823
1756990692.183,latency_s,5.977659
1756990692.183,latency_s,5.955947
1756990692.183,latency_s,5.961214
1756990692.183,latency_s,6.003546
1756990692.183,latency_s,5.903086
1756990692.183,latency_s,5.955694
1756990692.183,latency_s,5.961736
1756990692.183,latency_s,5.966395
1756990692.183,latency_s,5.911794
1756990692.183,latency_s,5.877978
1756990692.183,latency_s,6.170258
1756990692.224,latency_s,6.110631
1756990692.224,latency_s,6.009316
1756990692.224,latency_s,5.908768
1756990692.224,latency_s,5.926234
1756990692.224,latency_s,5.907534
1756990692.224,latency_s,5.927822
1756990692.224,latency_s,5.902708
1756990692.224,latency_s,5.918439
1756990692.224,latency_s,5.929891
1756990692.291,latency_s,5.985928
1756990692.291,latency_s,5.969664
1756990692.291,latency_s,5.963563
1756990692.291,latency_s,5.969067
1756990692.291,latency_s,5.911489
1756990692.291,latency_s,5.963675
1756990692.292,latency_s,5.970360
1756990692.371,latency_s,6.054480
1756990692.371,latency_s,5.998043
1756990692.371,latency_s,5.965937
1756990692.371,latency_s,5.954292
1756990692.371,latency_s,5.971969
1756990692.372,latency_s,5.954562
1756990692.372,latency_s,5.973992
1756990692.372,latency_s,5.949829
1756990692.398,latency_s,5.991819
1756990692.399,latency_s,6.003933
1756990692.399,latency_s,5.993573
1756990692.399,latency_s,5.970359
1756990692.399,latency_s,5.977362
1756990692.399,latency_s,5.976804
1756990692.399,latency_s,5.918683
1756990692.508,latency_s,6.078916
1756990692.508,latency_s,6.086473
1756990692.508,latency_s,6.090748
1756990692.508,latency_s,5.989834
1756990692.508,latency_s,6.033184
1756990692.508,latency_s,6.001969
1756990692.508,latency_s,5.989953
1756990692.508,latency_s,6.006490
1756990692.508,latency_s,5.990259
1756990692.508,latency_s,6.010307
1756990692.508,latency_s,5.985806
1756990692.508,latency_s,6.000587
1756990692.508,latency_s,5.978753
1756990692.508,latency_s,6.002255
1756990692.508,latency_s,6.012766
1756990692.508,latency_s,5.985749
1756990692.508,latency_s,5.985538
1756990692.508,latency_s,5.927222
1756990692.508,latency_s,5.979208
1756990692.509,latency_s,5.986372
1756990692.509,latency_s,5.890354
1756990692.509,latency_s,5.933558
1756990692.509,latency_s,5.902169
1756990692.509,latency_s,5.890353
1756990692.509,latency_s,5.906907
1756990692.616,latency_s,5.997765
1756990692.616,latency_s,6.017824
1756990692.616,latency_s,6.008291
1756990692.616,latency_s,5.993242
1756990692.616,latency_s,6.020251
1756990692.616,latency_s,5.993199
1756990692.616,latency_s,5.993227
1756990692.616,latency_s,6.008990
1756990692.616,latency_s,5.986302
1756990692.724,latency_s,6.027850
1756990692.725,latency_s,6.041780
1756990692.725,latency_s,6.094779
1756990692.725,latency_s,6.101824
1756990692.725,latency_s,6.001735
1756990692.725,latency_s,6.005978
1756990692.725,latency_s,6.048935
1756990692.725,latency_s,6.016210
1756990692.725,latency_s,6.006109
1756990692.725,latency_s,6.021290
1756990692.725,latency_s,6.006560
1756990692.725,latency_s,6.025926
1756990692.725,latency_s,5.927868
1756990692.725,latency_s,6.001703
1756990692.725,latency_s,5.994756
1756990692.725,latency_s,6.001880
1756990692.725,latency_s,6.016716
1756990692.725,latency_s,6.016883
1756990692.725,latency_s,6.001698
1756990692.725,latency_s,5.942249
1756990692.726,latency_s,5.993093
1756990692.726,latency_s,5.901717
1756990692.726,latency_s,5.906216
1756990692.831,latency_s,6.054905
1756990692.939,latency_s,6.129920
1756990692.939,latency_s,6.119721
1756990692.939,latency_s,6.135216
1756990692.939,latency_s,6.119843
1756990692.939,latency_s,6.139807
1756990692.939,latency_s,6.041829
1756990692.939,latency_s,6.115391
1756990692.939,latency_s,6.108704
1756990692.939,latency_s,6.115564
1756990692.940,latency_s,6.115615
1756990692.940,latency_s,6.130187
1756990692.940,latency_s,6.129616
1756990692.940,latency_s,6.029496
1756990692.940,latency_s,6.029217
1756990692.940,latency_s,6.105486
1756990692.940,latency_s,6.056046
1756990692.940,latency_s,6.015500
1756990692.940,latency_s,6.019888
1756990692.940,latency_s,6.062787
1756990692.940,latency_s,6.030030
1756990692.940,latency_s,6.020195
1756990692.940,latency_s,6.035532
1756990692.940,latency_s,6.020304
1756990692.940,latency_s,6.038806
1756990692.940,latency_s,5.938607
1756990692.940,latency_s,5.942104
1756990692.940,latency_s,6.015911
1756990692.941,latency_s,5.915862
1756990692.941,latency_s,6.009692
1756990692.941,latency_s,6.016259
1756990692.941,latency_s,5.929472
1756990692.941,latency_s,5.929744
1756990693.047,latency_s,6.122859
1756990693.048,latency_s,6.022786
1756990693.185,latency_s,6.249803
1756990693.186,latency_s,6.149390
1756990693.186,latency_s,6.201513
1756990693.186,latency_s,6.161331
1756990693.186,latency_s,6.165597
1756990693.186,latency_s,6.208598
1756990693.186,latency_s,6.175015
1756990693.186,latency_s,6.165850
1756990693.186,latency_s,6.181053
1756990693.186,latency_s,6.166142
1756990693.186,latency_s,6.081386
1756990693.186,latency_s,6.081198
1756990693.186,latency_s,6.154478
1756990693.186,latency_s,6.160724
1756990693.186,latency_s,6.060945
1756990693.186,latency_s,6.054260
1756990693.186,latency_s,6.060012
1756990693.186,latency_s,6.074766
1756990693.186,latency_s,6.074915
1756990693.187,latency_s,6.060965
1756990693.187,latency_s,6.049900
1756990693.187,latency_s,6.102011
1756990693.187,latency_s,6.061484
1756990693.187,latency_s,6.065784
1756990693.187,latency_s,6.109071
1756990693.187,latency_s,6.071292
1756990693.187,latency_s,6.065932
1756990693.187,latency_s,6.071622
1756990693.187,latency_s,6.066027
1756990693.187,latency_s,5.981031
1756990693.263,latency_s,6.058223
1756990693.264,latency_s,6.035817
1756990693.294,latency_s,6.061379
1756990693.294,latency_s,6.081237
1756990693.294,latency_s,6.067931
1756990693.294,latency_s,6.081198
1756990693.371,latency_s,6.134138
1756990693.372,latency_s,6.186720
1756990693.372,latency_s,6.145792
1756990693.372,latency_s,6.149728
1756990693.372,latency_s,6.193487
1756990693.372,latency_s,6.092993
1756990693.372,latency_s,6.155379
1756990693.372,latency_s,6.149768
1756990693.372,latency_s,6.155165
1756990693.372,latency_s,6.150028
1756990693.372,latency_s,6.065218
1756990693.372,latency_s,6.058608
1756990693.372,latency_s,6.044042
1756990693.372,latency_s,6.065493
1756990693.404,latency_s,6.075603
1756990693.404,latency_s,6.071214
1756990693.404,latency_s,6.077710
1756990693.404,latency_s,6.090380
1756990693.404,latency_s,6.066154
1756990693.479,latency_s,6.193101
1756990693.479,latency_s,6.152886
1756990693.479,latency_s,6.099714
1756990693.479,latency_s,6.162067
1756990693.479,latency_s,6.156137
1756990693.479,latency_s,6.156044
1756990693.479,latency_s,6.055592
1756990693.479,latency_s,6.072152
1756990693.479,latency_s,6.062728
1756990693.512,latency_s,6.103746
1756990693.512,latency_s,6.096979
1756990693.512,latency_s,6.083772
1756990693.512,latency_s,6.072865
1756990693.512,latency_s,6.125971
1756990693.727,latency_s,6.299981
1756990693.727,latency_s,6.247097
1756990693.727,latency_s,6.309592
1756990693.727,latency_s,6.303516
1756990693.727,latency_s,6.203355
1756990693.727,latency_s,6.219305
1756990693.727,latency_s,6.198723
1756990693.727,latency_s,6.211217
1756990693.727,latency_s,6.193431
1756990693.727,latency_s,6.210400
1756990693.727,latency_s,6.198803
1756990693.727,latency_s,6.218857
1756990693.727,latency_s,6.240631
1756990693.727,latency_s,6.187670
1756990693.727,latency_s,6.404438
1756990693.727,latency_s,6.304066
1756990693.727,latency_s,6.203787
1756990693.727,latency_s,6.199583
1756990693.728,latency_s,6.147296
1756990693.728,latency_s,6.410638
1756990693.728,latency_s,6.310253
1756990693.728,latency_s,6.209992
1756990693.728,latency_s,6.210046
1756990693.728,latency_s,6.109895
1756990693.728,latency_s,6.203838
1756990693.728,latency_s,6.103510
1756990693.728,latency_s,6.117940
1756990693.728,latency_s,6.118808
1756990693.728,latency_s,6.141267
1756990693.768,latency_s,6.125677
1756990693.768,latency_s,6.144159
1756990693.768,latency_s,6.140440
1756990693.836,latency_s,6.100561
1756990693.836,latency_s,6.117990
1756990693.836,latency_s,6.107049
1756990694.050,latency_s,6.331649
1756990694.050,latency_s,6.340078
1756990694.050,latency_s,6.362048
1756990694.050,latency_s,6.306538
1756990694.050,latency_s,6.261697
1756990694.050,latency_s,6.324853
1756990694.050,latency_s,6.321441
1756990694.050,latency_s,6.268477
1756990694.050,latency_s,6.231375
1756990694.050,latency_s,6.231534
1756990694.050,latency_s,6.223738
1756990694.050,latency_s,6.223786
1756990694.050,latency_s,6.236595
1756990694.050,latency_s,6.221502
1756990694.050,latency_s,6.221187
1756990694.050,latency_s,6.231815
1756990694.050,latency_s,6.231763
1756990694.050,latency_s,6.221285
1756990694.050,latency_s,6.215036
1756990694.050,latency_s,6.240344
1756990694.050,latency_s,6.161626
1756990694.050,latency_s,6.223939
1756990694.051,latency_s,6.221814
1756990694.051,latency_s,6.168861
1756990694.051,latency_s,6.130758
1756990694.051,latency_s,6.130620
1756990694.051,latency_s,6.122969
1756990694.051,latency_s,6.122560
1756990694.051,latency_s,6.136765
1756990694.156,latency_s,6.236547
1756990694.156,latency_s,6.220311
1756990694.157,latency_s,6.246238
1756990694.157,latency_s,6.146387
1756990694.159,latency_s,6.313059
1756990694.159,latency_s,6.210095
1756990694.159,latency_s,6.107163
1756990694.265,latency_s,6.234579
1756990694.265,latency_s,6.182745
1756990694.265,latency_s,6.141949
1756990694.266,latency_s,6.142281
1756990694.266,latency_s,6.135352
1756990694.266,latency_s,6.149830
1756990694.266,latency_s,6.135423
1756990694.266,latency_s,6.134670
1756990694.266,latency_s,6.142173
1756990694.266,latency_s,6.134864
1756990694.266,latency_s,6.145015
1756990694.266,latency_s,6.134935
1756990694.266,latency_s,6.127762
1756990694.266,latency_s,6.154539
1756990694.266,latency_s,6.053521
1756990694.266,latency_s,6.114021
1756990694.266,latency_s,6.135131
1756990694.266,latency_s,6.034970
1756990694.266,latency_s,6.082846
1756990694.266,latency_s,6.041218
1756990694.266,latency_s,6.042261
1756990694.266,latency_s,6.035478
1756990694.266,latency_s,6.048268
1756990694.266,latency_s,6.034966
1756990694.266,latency_s,6.042109
1756990694.373,latency_s,6.141622
1756990694.373,latency_s,6.152158
1756990694.373,latency_s,6.134869
1756990694.374,latency_s,6.060252
1756990694.374,latency_s,6.183515
1756990694.374,latency_s,6.083048
1756990694.374,latency_s,6.042210
1756990694.482,latency_s,6.156061
1756990694.482,latency_s,6.156510
1756990694.482,latency_s,6.150194
1756990694.482,latency_s,6.159649
1756990694.482,latency_s,6.150217
1756990694.482,latency_s,6.453015
1756990694.482,latency_s,6.351633
1756990694.482,latency_s,6.251228
1756990694.482,latency_s,6.150461
1756990694.482,latency_s,6.067518
1756990694.482,latency_s,6.129116
1756990694.482,latency_s,6.156625
1756990694.482,latency_s,6.143036
1756990694.482,latency_s,6.150017
1756990694.482,latency_s,6.150570
1756990694.482,latency_s,6.160603
1756990694.482,latency_s,6.055672
1756990694.482,latency_s,6.060112
1756990694.524,latency_s,5.990846
1756990694.524,latency_s,6.009541
1756990694.589,latency_s,6.065835
1756990694.589,latency_s,6.156630
1756990694.589,latency_s,6.135590
1756990694.589,latency_s,6.061359
1756990694.589,latency_s,6.149614
1756990694.589,latency_s,6.097689
1756990694.589,latency_s,6.055890
1756990694.589,latency_s,6.156787
1756990694.589,latency_s,6.055876
1756990694.589,latency_s,6.056125
1756990694.589,latency_s,6.104829
1756990694.589,latency_s,6.061376
1756990694.631,latency_s,5.997492
1756990694.632,latency_s,6.016736
1756990694.632,latency_s,6.039733
1756990694.632,latency_s,5.997980
1756990694.632,latency_s,6.008672
1756990694.632,latency_s,5.998070
1756990694.632,latency_s,6.004030
1756990694.632,latency_s,6.078049
1756990694.632,latency_s,6.091928
1756990694.632,latency_s,5.991446
1756990694.632,latency_s,5.998379
1756990694.632,latency_s,6.047017
1756990694.632,latency_s,6.003423
1756990694.632,latency_s,6.003337
1756990694.632,latency_s,5.998694
1756990694.632,latency_s,6.004466
1756990694.632,latency_s,5.902668
1756990694.696,latency_s,5.961264
1756990694.742,latency_s,6.012888
1756990694.742,latency_s,6.000891
1756990694.742,latency_s,6.049197
1756990694.742,latency_s,6.006977
1756990694.742,latency_s,6.018092
1756990694.742,latency_s,6.086435
1756990694.742,latency_s,6.026067
1756990694.742,latency_s,6.007025
1756990694.742,latency_s,6.006989
1756990694.742,latency_s,6.056387
1756990694.742,latency_s,5.956250
1756990694.742,latency_s,6.009804
1756990694.742,latency_s,6.012406
1756990694.742,latency_s,6.008057
1756990694.848,latency_s,6.018257
1756990694.849,latency_s,6.012362
1756990694.849,latency_s,6.020023
1756990694.849,latency_s,6.007940
1756990694.849,latency_s,6.012986
1756990694.956,latency_s,6.139693
1756990694.956,latency_s,6.131942
1756990694.956,latency_s,6.163172
1756990694.956,latency_s,6.119686
1756990694.956,latency_s,6.200546
1756990694.956,latency_s,6.099208
1756990694.956,latency_s,6.119772
1756990694.956,latency_s,6.069732
1756990694.956,latency_s,6.123902
1756990694.956,latency_s,6.125278
1756990694.956,latency_s,6.120242
1756990694.957,latency_s,6.019120
1756990694.957,latency_s,6.025782
1756990694.957,latency_s,6.019033
1756990694.957,latency_s,6.026779
1756990694.957,latency_s,6.015661
1756990694.957,latency_s,6.019561
1756990694.957,latency_s,5.999048
1756990694.957,latency_s,6.040461
1756990694.957,latency_s,6.019977
1756990694.957,latency_s,6.032335
1756990694.957,latency_s,6.063563
1756990694.957,latency_s,6.323776
1756990694.957,latency_s,6.222743
1756990694.957,latency_s,6.120274
1756990694.957,latency_s,6.020012
1756990694.957,latency_s,6.019774
1756990695.065,latency_s,6.132217
1756990695.065,latency_s,6.133278
1756990695.065,latency_s,6.027342
1756990695.065,latency_s,6.032101
1756990695.065,latency_s,6.027332
1756990695.065,latency_s,6.032185
1756990695.065,latency_s,6.021076
1756990695.173,latency_s,6.155187
1756990695.173,latency_s,6.135141
1756990695.173,latency_s,6.147660
1756990695.173,latency_s,6.135085
1756990695.173,latency_s,6.178693
1756990695.173,latency_s,6.135307
1756990695.173,latency_s,6.539264
1756990695.173,latency_s,6.438801
1756990695.173,latency_s,6.338310
1756990695.173,latency_s,6.237815
1756990695.173,latency_s,6.136837
1756990695.173,latency_s,6.135154
1756990695.173,latency_s,6.085402
1756990695.173,latency_s,6.140002
1756990695.173,latency_s,6.140210
1756990695.173,latency_s,6.034972
1756990695.173,latency_s,6.039577
1756990695.173,latency_s,6.035407
1756990695.174,latency_s,6.039881
1756990695.320,latency_s,6.192587
1756990695.320,latency_s,6.182242
1756990695.320,latency_s,6.173332
1756990695.320,latency_s,6.223978
1756990695.320,latency_s,6.202614
1756990695.320,latency_s,6.182145
1756990695.320,latency_s,6.082026
1756990695.320,latency_s,6.102437
1756990695.320,latency_s,6.071155
1756990695.320,latency_s,6.086076
1756990695.320,latency_s,6.082299
1756990695.320,latency_s,6.091644
1756990695.320,latency_s,6.123398
1756990695.320,latency_s,6.082597
1756990695.320,latency_s,6.083732
1756990695.387,latency_s,6.148776
1756990695.387,latency_s,6.328376
1756990695.387,latency_s,6.228006
1756990695.387,latency_s,6.127910
1756990695.387,latency_s,6.098854
1756990695.388,latency_s,6.151875
1756990695.388,latency_s,6.153078
1756990695.388,latency_s,6.048815
1756990695.388,latency_s,6.052518
1756990695.388,latency_s,6.048947
1756990695.388,latency_s,6.049264
1756990695.388,latency_s,6.037962
1756990695.388,latency_s,6.057948
1756990695.388,latency_s,6.069392
1756990695.388,latency_s,6.049948
1756990695.388,latency_s,6.090258
1756990695.390,latency_s,6.054465
1756990695.495,latency_s,6.056907
1756990695.495,latency_s,6.159399
1756990695.498,latency_s,6.062113
1756990695.498,latency_s,6.058089
1756990695.498,latency_s,6.061784
1756990695.498,latency_s,6.058477
1756990695.498,latency_s,6.062587
1756990695.498,latency_s,5.997983
1756990695.498,latency_s,6.078711
1756990695.498,latency_s,6.046532
1756990695.498,latency_s,6.058779
1756990695.498,latency_s,6.067398
1756990695.498,latency_s,6.058667
1756990695.498,latency_s,6.059049
1756990695.498,latency_s,6.060522
1756990695.498,latency_s,6.059066
1756990695.498,latency_s,6.008740
1756990695.498,latency_s,6.037459
1756990695.498,latency_s,5.959288
1756990695.603,latency_s,6.065989
1756990695.603,latency_s,6.062955
1756990695.605,latency_s,6.067418
1756990695.605,latency_s,6.065118
1756990695.605,latency_s,6.067508
1756990695.605,latency_s,6.065207
1756990695.605,latency_s,6.004562
1756990695.605,latency_s,6.073824
1756990695.605,latency_s,6.085367
1756990695.605,latency_s,6.051634
1756990695.605,latency_s,6.065077
1756990695.605,latency_s,6.065565
1756990695.605,latency_s,6.066056
1756990695.710,latency_s,6.070140
1756990695.711,latency_s,6.072571
1756990695.711,latency_s,6.009588
1756990695.711,latency_s,6.070789
1756990695.712,latency_s,6.080569
1756990695.712,latency_s,6.058273
1756990695.712,latency_s,6.072004
1756990695.712,latency_s,6.092140
1756990695.712,latency_s,5.991681
1756990695.713,latency_s,6.072646
1756990695.713,latency_s,6.073077
1756990695.713,latency_s,6.072707
1756990695.713,latency_s,5.972346
1756990695.713,latency_s,6.022041
1756990695.713,latency_s,6.050780
1756990695.713,latency_s,5.972613
1756990695.713,latency_s,5.974785
1756990695.713,latency_s,5.971771
1756990695.713,latency_s,5.973651
1756990695.818,latency_s,6.077849
1756990695.819,latency_s,6.080249
1756990695.819,latency_s,6.086337
1756990695.819,latency_s,6.062630
1756990695.819,latency_s,6.077883
1756990695.819,latency_s,5.985958
1756990695.819,latency_s,5.997784
1756990695.819,latency_s,6.017307
1756990695.819,latency_s,6.078493
1756990695.819,latency_s,6.078848
1756990695.819,latency_s,5.978776
1756990695.819,latency_s,6.079234
1756990695.819,latency_s,5.979104
1756990695.927,latency_s,6.087923
1756990695.927,latency_s,6.085515
1756990695.927,latency_s,6.087583
1756990695.927,latency_s,6.086022
1756990695.927,latency_s,6.087994
1756990695.927,latency_s,5.987610
1756990695.927,latency_s,6.070876
1756990696.034,latency_s,6.193736
1756990696.034,latency_s,6.132398
1756990696.034,latency_s,6.093734
1756990696.035,latency_s,6.101329
1756990696.035,latency_s,6.193497
1756990696.035,latency_s,6.112731
1756990696.035,latency_s,6.093086
1756990696.035,latency_s,6.094498
1756990696.035,latency_s,6.094745
1756990696.035,latency_s,6.093743
1756990696.035,latency_s,6.143317
1756990696.035,latency_s,6.171967
1756990696.035,latency_s,6.071314
1756990696.035,latency_s,6.094132
1756990696.035,latency_s,6.095860
1756990696.035,latency_s,6.093585
1756990696.035,latency_s,6.095519
1756990696.142,latency_s,6.201189
1756990696.143,latency_s,6.101826
1756990696.143,latency_s,6.185269
1756990696.143,latency_s,6.101875
1756990696.143,latency_s,6.140337
1756990696.143,latency_s,6.100699
1756990696.143,latency_s,6.120577
1756990696.143,latency_s,6.109194
1756990696.144,latency_s,6.151841
1756990696.144,latency_s,6.080079
1756990696.144,latency_s,6.102968
1756990696.144,latency_s,6.104596
1756990696.144,latency_s,6.102472
1756990696.144,latency_s,6.103568
1756990696.249,latency_s,6.207793
1756990696.252,latency_s,6.111354
1756990696.253,latency_s,6.010580
1756990696.253,latency_s,6.011263
1756990696.253,latency_s,6.008447
1756990696.253,latency_s,6.094102
1756990696.253,latency_s,6.049252
1756990696.253,latency_s,6.029433
1756990696.253,latency_s,6.018044
1756990696.253,latency_s,6.011044
1756990696.253,latency_s,5.991328
1756990696.253,latency_s,6.011996
1756990696.253,latency_s,6.011604
1756990696.253,latency_s,6.011255
1756990696.253,latency_s,6.059924
1756990696.253,latency_s,5.988168
1756990696.253,latency_s,6.011040
1756990696.253,latency_s,6.012394
1756990696.357,latency_s,6.114877
1756990696.357,latency_s,6.115993
1756990696.357,latency_s,6.014819
1756990696.357,latency_s,6.014903
1756990696.357,latency_s,5.991773
1756990696.361,latency_s,6.017726
1756990696.361,latency_s,6.056690
1756990696.361,latency_s,6.036929
1756990696.361,latency_s,6.016149
1756990696.361,latency_s,6.025631
1756990696.361,latency_s,6.018718
1756990696.361,latency_s,6.018705
1756990696.361,latency_s,6.018552
1756990696.361,latency_s,6.018502
1756990696.466,latency_s,6.171996
1756990696.466,latency_s,6.071878
1756990696.466,latency_s,6.123181
1756990696.466,latency_s,6.123037
1756990696.466,latency_s,6.122964
1756990696.466,latency_s,6.019536
1756990696.466,latency_s,5.998983
1756990696.466,latency_s,6.022429
1756990696.466,latency_s,6.040778
1756990696.466,latency_s,6.023403
1756990696.466,latency_s,6.019716
1756990696.466,latency_s,6.030459
1756990696.466,latency_s,6.061734
1756990696.466,latency_s,6.019582
1756990696.466,latency_s,6.019431
1756990696.466,latency_s,6.020235
1756990696.466,latency_s,5.971775
1756990696.466,latency_s,6.000741
1756990696.573,latency_s,6.125943
1756990696.573,latency_s,6.126869
1756990696.573,latency_s,6.126740
1756990696.573,latency_s,6.026571
1756990696.573,latency_s,6.025806
1756990696.573,latency_s,6.068240
1756990696.573,latency_s,6.005903
1756990696.573,latency_s,6.028947
1756990696.680,latency_s,6.143569
1756990696.680,latency_s,6.132921
1756990696.680,latency_s,6.154077
1756990696.680,latency_s,6.135879
1756990696.680,latency_s,6.132722
1756990696.680,latency_s,6.132838
1756990696.681,latency_s,6.114652
1756990696.681,latency_s,6.133876
1756990696.681,latency_s,6.134515
1756990696.681,latency_s,6.034130
1756990696.681,latency_s,6.033274
1756990696.681,latency_s,6.234423
1756990696.682,latency_s,6.134328
1756990696.787,latency_s,6.139094
1756990696.787,latency_s,6.181505
1756990696.787,latency_s,6.139546
1756990696.787,latency_s,6.117609
1756990696.787,latency_s,6.150452
1756990696.787,latency_s,6.142037
1756990696.787,latency_s,6.160958
1756990696.787,latency_s,6.140145
1756990696.787,latency_s,6.139573
1756990696.787,latency_s,6.139669
1756990696.787,latency_s,6.139753
1756990696.790,latency_s,6.141998
1756990696.790,latency_s,6.041798
1756990696.790,latency_s,6.041076
1756990696.790,latency_s,6.041321
1756990696.790,latency_s,6.052707
1756990696.790,latency_s,6.083927
1756990696.790,latency_s,6.018981
1756990696.790,latency_s,6.063144
1756990696.894,latency_s,6.146192
1756990696.894,latency_s,6.045730
1756990696.894,latency_s,6.045107
1756990696.894,latency_s,6.045199
1756990696.894,latency_s,6.056433
1756990696.894,latency_s,5.987180
1756990696.894,latency_s,6.066389
1756990696.894,latency_s,6.047199
1756990696.938,latency_s,6.089557
1756990696.939,latency_s,6.089903
1756990696.939,latency_s,6.066339
1756990696.939,latency_s,6.089840
1756990696.939,latency_s,6.090128
1756990697.001,latency_s,6.052130
1756990697.002,latency_s,6.051895
1756990697.002,latency_s,6.052607
1756990697.002,latency_s,6.052478
1756990697.002,latency_s,6.028692
1756990697.002,latency_s,6.063677
1756990697.002,latency_s,6.054312
1756990697.002,latency_s,5.994192
1756990697.002,latency_s,6.052984
1756990697.002,latency_s,6.074031
1756990697.002,latency_s,6.052745
1756990697.002,latency_s,6.053268
1756990697.002,latency_s,6.053057
1756990697.002,latency_s,6.004774
1756990697.002,latency_s,6.032849
1756990697.002,latency_s,6.053592
1756990697.002,latency_s,5.953194
1756990697.002,latency_s,5.952188
1756990697.002,latency_s,5.952847
1756990697.108,latency_s,6.057771
1756990697.108,latency_s,6.058649
1756990697.108,latency_s,6.000035
1756990697.108,latency_s,6.080039
1756990697.108,latency_s,6.069679
1756990697.108,latency_s,6.034855
1756990697.108,latency_s,6.060473
1756990697.108,latency_s,6.058542
1756990697.108,latency_s,5.979723
1756990697.109,latency_s,6.059450
1756990697.109,latency_s,6.059304
1756990697.109,latency_s,6.059776
1756990697.109,latency_s,6.038832
1756990697.109,latency_s,5.957440
1756990697.216,latency_s,6.066695
1756990697.216,latency_s,6.064661
1756990697.216,latency_s,6.064457
1756990697.216,latency_s,6.064501
1756990697.216,latency_s,6.064667
1756990697.216,latency_s,6.066813
1756990697.216,latency_s,6.008330
1756990697.216,latency_s,6.077449
1756990697.217,latency_s,6.064866
1756990697.217,latency_s,6.040983
1756990697.217,latency_s,6.068093
1756990697.217,latency_s,5.987716
1756990697.217,latency_s,6.067126
1756990697.217,latency_s,5.966556
1756990697.217,latency_s,6.046515
1756990697.217,latency_s,5.964208
1756990697.217,latency_s,5.966839
1756990697.217,latency_s,6.267746
1756990697.217,latency_s,6.167162
1756990697.217,latency_s,6.065174
1756990697.323,latency_s,6.070008
1756990697.323,latency_s,6.069934
1756990697.323,latency_s,6.070563
1756990697.323,latency_s,6.070517
1756990697.323,latency_s,6.074249
1756990697.323,latency_s,6.073213
1756990697.323,latency_s,6.043149
1756990697.323,latency_s,6.070663
1756990697.323,latency_s,6.014496
1756990697.323,latency_s,6.084181
1756990697.323,latency_s,6.070363
1756990697.324,latency_s,5.994381
1756990697.430,latency_s,6.088533
1756990697.430,latency_s,6.079736
1756990697.430,latency_s,6.332693
1756990697.430,latency_s,6.232350
1756990697.431,latency_s,6.132089
1756990697.431,latency_s,6.160163
1756990697.431,latency_s,6.059736
1756990697.431,latency_s,6.078081
1756990697.431,latency_s,6.080465
1756990697.431,latency_s,6.077759
1756990697.431,latency_s,6.078099
1756990697.431,latency_s,6.078127
1756990697.431,latency_s,5.988885
1756990697.431,latency_s,6.077899
1756990697.431,latency_s,6.080809
1756990697.431,latency_s,6.048254
1756990697.432,latency_s,5.977399
1756990697.432,latency_s,6.082406
1756990697.432,latency_s,6.078598
1756990697.432,latency_s,6.022325
1756990697.433,latency_s,6.002467
1756990697.433,latency_s,5.982698
1756990697.433,latency_s,5.978618
1756990697.538,latency_s,6.086856
1756990697.538,latency_s,6.138921
1756990697.538,latency_s,6.066327
1756990697.538,latency_s,6.083873
1756990697.538,latency_s,6.084963
1756990697.538,latency_s,6.084426
1756990697.538,latency_s,6.084552
1756990697.538,latency_s,6.084889
1756990697.538,latency_s,5.994658
1756990697.538,latency_s,6.083828
1756990697.540,latency_s,5.989750
1756990697.540,latency_s,5.985345
1756990697.540,latency_s,5.985615
1756990697.540,latency_s,6.054715
1756990697.540,latency_s,6.029593
1756990697.540,latency_s,5.985401
1756990697.541,latency_s,5.989240
1756990697.646,latency_s,6.146148
1756990697.646,latency_s,6.073704
1756990697.646,latency_s,6.091583
1756990697.646,latency_s,6.092080
1756990697.646,latency_s,6.091394
1756990697.646,latency_s,6.292267
1756990697.646,latency_s,6.192063
1756990697.646,latency_s,6.091943
1756990697.646,latency_s,6.091555
1756990697.646,latency_s,6.092175
1756990697.646,latency_s,5.990926
1756990697.646,latency_s,5.990911
1756990697.646,latency_s,6.058665
1756990697.647,latency_s,6.002533
1756990697.648,latency_s,6.035789
1756990697.648,latency_s,5.992676
1756990697.648,latency_s,5.997038
1756990697.648,latency_s,6.047869
1756990697.648,latency_s,5.994335
1756990697.648,latency_s,5.975136
1756990697.648,latency_s,5.993275
1756990697.648,latency_s,5.992879
1756990697.648,latency_s,5.993557
1756990697.648,latency_s,5.993774
1756990697.648,latency_s,5.893782
1756990697.754,latency_s,6.222923
1756990697.754,latency_s,6.122642
1756990697.754,latency_s,6.022286
1756990697.754,latency_s,5.998660
1756990697.756,latency_s,6.000285
1756990697.756,latency_s,6.011940
1756990697.756,latency_s,6.004739
1756990697.756,latency_s,6.044247
1756990697.756,latency_s,6.001038
1756990697.756,latency_s,6.055848
1756990697.756,latency_s,6.002696
1756990697.756,latency_s,5.983147
1756990697.756,latency_s,6.001575
1756990697.756,latency_s,6.001084
1756990697.756,latency_s,6.001829
1756990697.756,latency_s,5.901802
1756990697.756,latency_s,5.924348
1756990697.757,latency_s,5.901101
1756990697.757,latency_s,5.911511
1756990697.860,latency_s,6.004213
1756990697.860,latency_s,6.004630
1756990697.860,latency_s,6.007538
1756990697.861,latency_s,6.048512
1756990697.861,latency_s,6.059972
1756990697.861,latency_s,6.007101
1756990697.861,latency_s,6.207063
1756990697.861,latency_s,6.106963
1756990697.861,latency_s,6.006830
1756990697.861,latency_s,6.006198
1756990697.861,latency_s,6.005632
1756990697.861,latency_s,6.006454
1756990697.861,latency_s,6.206258
1756990697.968,latency_s,6.078314
1756990697.968,latency_s,6.035562
1756990697.968,latency_s,6.012490
1756990697.968,latency_s,6.022795
1756990697.968,latency_s,6.012306
1756990697.968,latency_s,6.014973
1756990697.969,latency_s,6.012324
1756990697.969,latency_s,6.054585
1756990697.969,latency_s,6.067207
1756990698.010,latency_s,6.008085
1756990698.010,latency_s,6.055249
1756990698.010,latency_s,6.055103
1756990698.010,latency_s,6.055098
1756990698.010,latency_s,6.054640
1756990698.011,latency_s,6.055274
1756990698.011,latency_s,6.054814
1756990698.011,latency_s,5.954703
1756990698.011,latency_s,6.020096
1756990698.011,latency_s,5.977605
1756990698.076,latency_s,6.019149
1756990698.076,latency_s,6.019410
1756990698.076,latency_s,6.061400
1756990698.076,latency_s,6.019623
1756990698.076,latency_s,6.028958
1756990698.076,latency_s,6.022106
1756990698.076,latency_s,5.972708
1756990698.076,latency_s,6.020344
1756990698.076,latency_s,6.020123
1756990698.159,latency_s,6.284842
1756990698.159,latency_s,6.184286
1756990698.159,latency_s,6.084028
1756990698.159,latency_s,6.102631
1756990698.182,latency_s,6.126194
1756990698.183,latency_s,6.127360
1756990698.184,latency_s,6.026478
1756990698.184,latency_s,6.127348
1756990698.184,latency_s,6.026394
1756990698.184,latency_s,6.026649
1756990698.184,latency_s,6.092594
1756990698.184,latency_s,5.992429
1756990698.184,latency_s,6.049999
1756990698.184,latency_s,6.026092
1756990698.184,latency_s,6.026498
1756990698.184,latency_s,6.026619
1756990698.184,latency_s,6.029418
1756990698.184,latency_s,6.036300
1756990698.184,latency_s,6.068603
1756990698.184,latency_s,5.980232
1756990698.184,latency_s,6.026707
1756990698.184,latency_s,6.026943
1756990698.184,latency_s,6.008837
1756990698.290,latency_s,6.132383
1756990698.290,latency_s,6.132677
1756990698.290,latency_s,6.032274
1756990698.290,latency_s,6.031822
1756990698.290,latency_s,6.032706
1756990698.290,latency_s,5.997867
1756990698.290,latency_s,6.056127
1756990698.290,latency_s,6.032224
1756990698.290,latency_s,6.042086
1756990698.291,latency_s,6.033997
1756990698.398,latency_s,6.140210
1756990698.398,latency_s,6.140419
1756990698.398,latency_s,6.182369
1756990698.398,latency_s,6.082239
1756990698.398,latency_s,6.093775
1756990698.398,latency_s,6.140768
1756990698.398,latency_s,6.140243
1756990698.398,latency_s,6.122617
1756990698.398,latency_s,6.140641
1756990698.398,latency_s,6.140244
1756990698.399,latency_s,6.039568
1756990698.399,latency_s,6.039260
1756990698.399,latency_s,6.040921
1756990698.399,latency_s,6.005998
1756990698.399,latency_s,6.063921
1756990698.399,latency_s,6.038952
1756990698.399,latency_s,6.042009
1756990698.399,latency_s,6.039655
1756990698.399,latency_s,6.050271
1756990698.399,latency_s,5.982180
1756990698.399,latency_s,6.039501
1756990698.441,latency_s,6.035977
1756990698.441,latency_s,6.081617
1756990698.441,latency_s,6.081609
1756990698.441,latency_s,6.065036
1756990698.441,latency_s,6.081634
1756990698.441,latency_s,6.082247
1756990698.580,latency_s,6.120013
1756990698.580,latency_s,6.120469
1756990698.580,latency_s,6.119402
1756990698.580,latency_s,6.120528
1756990698.580,latency_s,6.087209
1756990698.580,latency_s,6.144927
1756990698.580,latency_s,6.123174
1756990698.580,latency_s,6.120202
1756990698.580,latency_s,6.062766
1756990698.580,latency_s,6.120046
1756990698.580,latency_s,6.120312
1756990698.580,latency_s,6.131557
1756990698.580,latency_s,6.074241
1756990698.580,latency_s,6.120190
1756990698.580,latency_s,6.120600
1756990698.580,latency_s,6.103640
1756990698.580,latency_s,6.119785
1756990698.580,latency_s,6.020472
1756990698.580,latency_s,6.020811
1756990698.581,latency_s,6.019938
1756990698.581,latency_s,6.020854
1756990698.581,latency_s,5.987224
1756990698.581,latency_s,6.045007
1756990698.614,latency_s,6.064615
1756990698.614,latency_s,5.996669
1756990698.657,latency_s,6.096519
1756990698.657,latency_s,6.097170
1756990698.657,latency_s,6.100336
1756990698.657,latency_s,6.097257
1756990698.658,latency_s,6.050994
1756990698.658,latency_s,6.096697
1756990698.658,latency_s,6.097669
1756990698.688,latency_s,6.027132
1756990698.688,latency_s,6.027457
1756990698.688,latency_s,6.027866
1756990698.689,latency_s,6.027575
1756990698.723,latency_s,6.061625
1756990698.723,latency_s,6.028659
1756990698.723,latency_s,6.086655
1756990698.723,latency_s,5.986127
1756990698.723,latency_s,6.073214
1756990698.723,latency_s,5.972386
1756990698.723,latency_s,6.004624
1756990698.723,latency_s,6.061867
1756990698.723,latency_s,6.061961
1756990698.723,latency_s,6.062524
1756990698.723,latency_s,6.065826
1756990698.723,latency_s,6.015131
1756990698.723,latency_s,6.062121
1756990698.723,latency_s,6.062119
1756990698.797,latency_s,6.035347
1756990698.797,latency_s,6.119131
1756990698.797,latency_s,6.035093
1756990698.797,latency_s,6.035991
1756990698.797,latency_s,6.035253
1756990698.797,latency_s,6.035697
1756990698.797,latency_s,6.035025
1756990698.797,latency_s,6.002849
1756990698.797,latency_s,5.960202
1756990698.797,latency_s,5.946361
1756990698.797,latency_s,6.036301
1756990698.797,latency_s,5.978628
1756990698.797,latency_s,5.936117
1756990698.798,latency_s,6.035619
1756990698.904,latency_s,6.141746
1756990698.904,latency_s,6.041548
1756990698.904,latency_s,6.146334
1756990698.904,latency_s,6.044619
1756990698.904,latency_s,6.142616
1756990698.904,latency_s,6.041440
1756990698.904,latency_s,6.042547
1756990698.904,latency_s,6.095765
1756990698.904,latency_s,6.126119
1756990699.012,latency_s,6.133411
1756990699.012,latency_s,6.149783
1756990699.012,latency_s,6.150789
1756990699.012,latency_s,6.149951
1756990699.013,latency_s,6.150125
1756990699.013,latency_s,6.149270
1756990699.013,latency_s,6.074987
1756990699.013,latency_s,6.117613
1756990699.013,latency_s,6.061191
1756990699.013,latency_s,6.093733
1756990699.013,latency_s,6.053165
1756990699.013,latency_s,6.149639
1756990699.013,latency_s,6.049403
1756990699.013,latency_s,6.050904
1756990699.013,latency_s,6.049279
1756990699.013,latency_s,6.104801
1756990699.014,latency_s,6.050149
1756990699.014,latency_s,6.049958
1756990699.014,latency_s,6.034748
1756990699.014,latency_s,6.050343
1756990699.014,latency_s,6.051918
1756990699.014,latency_s,6.050447
1756990699.014,latency_s,6.050614
1756990699.120,latency_s,6.054599
1756990699.120,latency_s,6.056043
1756990699.120,latency_s,6.057645
1756990699.120,latency_s,6.060207
1756990699.120,latency_s,6.068456
1756990699.120,latency_s,6.110760
1756990699.120,latency_s,6.055200
1756990699.120,latency_s,6.055307
1756990699.121,latency_s,6.041430
1756990699.228,latency_s,6.163923
1756990699.228,latency_s,6.163036
1756990699.228,latency_s,6.162951
1756990699.228,latency_s,6.162992
1756990699.228,latency_s,6.162968
1756990699.228,latency_s,6.089538
1756990699.228,latency_s,6.132530
1756990699.228,latency_s,6.107934
1756990699.228,latency_s,6.075770
1756990699.228,latency_s,6.061638
1756990699.228,latency_s,6.067407
1756990699.228,latency_s,6.065427
1756990699.228,latency_s,6.064194
1756990699.228,latency_s,6.118503
1756990699.228,latency_s,6.062804
1756990699.229,latency_s,6.062805
1756990699.229,latency_s,6.048361
1756990699.229,latency_s,6.064556
1756990699.273,latency_s,6.107629
1756990699.273,latency_s,6.106666
1756990699.273,latency_s,6.107893
1756990699.273,latency_s,6.106556
1756990699.273,latency_s,6.034608
1756990699.273,latency_s,6.077568
1756990699.274,latency_s,6.053164
1756990699.336,latency_s,6.081017
1756990699.336,latency_s,6.071870
1756990699.336,latency_s,6.074661
1756990699.336,latency_s,6.071405
1756990699.336,latency_s,6.068918
1756990699.336,latency_s,6.125778
1756990699.336,latency_s,6.069881
1756990699.381,latency_s,6.100825
1756990699.381,latency_s,6.117019
1756990699.381,latency_s,6.115395
1756990699.381,latency_s,6.115441
1756990699.381,latency_s,6.114474
1756990699.381,latency_s,6.013757
1756990699.381,latency_s,6.041788
1756990699.382,latency_s,6.085390
1756990699.382,latency_s,6.017743
1756990699.484,latency_s,6.118978
1756990699.484,latency_s,6.129175
1756990699.484,latency_s,6.115942
1756990699.484,latency_s,6.122592
1756990699.484,latency_s,6.162626
1756990699.484,latency_s,6.116188
1756990699.484,latency_s,6.173774
1756990699.484,latency_s,6.116219
1756990699.484,latency_s,6.103724
1756990699.488,latency_s,6.019867
1756990699.489,latency_s,6.048777
1756990699.489,latency_s,6.092744
1756990699.489,latency_s,6.024610
1756990699.489,latency_s,6.020149
1756990699.489,latency_s,6.034039
1756990699.489,latency_s,6.023637
1756990699.489,latency_s,6.067375
1756990699.489,latency_s,6.026793
1756990699.489,latency_s,6.078649
1756990699.489,latency_s,6.020583
1756990699.490,latency_s,5.978600
1756990699.490,latency_s,6.020666
1756990699.490,latency_s,6.007795
1756990699.596,latency_s,6.228014
1756990699.596,latency_s,6.127248
1756990699.596,latency_s,6.027820
1756990699.596,latency_s,6.099648
1756990699.596,latency_s,5.998739
1756990699.596,latency_s,6.055704
1756990699.596,latency_s,6.074438
1756990699.597,latency_s,6.034604
1756990699.597,latency_s,6.032430
1756990699.598,latency_s,6.031139
1756990699.704,latency_s,6.147470
1756990699.704,latency_s,6.134331
1756990699.704,latency_s,6.092895
1756990699.704,latency_s,6.134454
1756990699.704,latency_s,6.134603
1756990699.705,latency_s,6.122301
1756990699.705,latency_s,6.139120
1756990699.705,latency_s,6.136172
1756990699.705,latency_s,6.135104
1756990699.705,latency_s,6.135292
1756990699.705,latency_s,6.034896
1756990699.705,latency_s,6.035824
1756990699.705,latency_s,6.007010
1756990699.705,latency_s,6.063644
1756990699.705,latency_s,6.082045
1756990699.705,latency_s,5.981673
1756990699.705,latency_s,6.042078
1756990699.705,latency_s,6.048027
1756990699.705,latency_s,6.034870
1756990699.705,latency_s,6.037882
1756990699.705,latency_s,6.039766
1756990699.705,latency_s,5.993445
1756990699.812,latency_s,6.128695
1756990699.812,latency_s,6.142667
1756990699.812,latency_s,6.142188
1756990699.812,latency_s,6.041531
1756990699.812,latency_s,6.041830
1756990699.812,latency_s,6.042914
1756990699.813,latency_s,6.014554
1756990699.813,latency_s,6.071049
1756990699.813,latency_s,5.989234
1756990699.813,latency_s,6.041910
1756990699.813,latency_s,6.046810
1756990699.813,latency_s,6.048898
1756990699.920,latency_s,6.152557
1756990699.920,latency_s,6.162256
1756990699.920,latency_s,6.108194
1756990699.920,latency_s,6.149998
1756990699.920,latency_s,6.149783
1756990699.920,latency_s,6.154274
1756990699.920,latency_s,6.137198
1756990699.921,latency_s,6.151126
1756990699.921,latency_s,6.049656
1756990699.921,latency_s,6.049603
1756990699.921,latency_s,6.050721
1756990699.921,latency_s,6.021544
1756990699.921,latency_s,6.079113
1756990699.921,latency_s,5.996650
1756990699.921,latency_s,6.049948
1756990699.921,latency_s,6.054656
1756990699.921,latency_s,6.062576
1756990699.921,latency_s,6.052620
1756990699.921,latency_s,6.057039
1756990699.921,latency_s,6.008731
1756990700.027,latency_s,6.027758
1756990700.027,latency_s,6.084938
1756990700.027,latency_s,6.002428
1756990700.027,latency_s,6.055403
1756990700.027,latency_s,6.067320
1756990700.027,latency_s,6.060466
1756990700.028,latency_s,6.063177
1756990700.028,latency_s,6.057454
1756990700.028,latency_s,6.056232
1756990700.028,latency_s,6.014810
1756990700.028,latency_s,6.056139
1756990700.028,latency_s,6.061458
1756990700.028,latency_s,6.044107
1756990700.028,latency_s,5.955917
1756990700.029,latency_s,5.956415
1756990700.135,latency_s,6.063405
1756990700.136,latency_s,6.064701
1756990700.136,latency_s,6.035918
1756990700.136,latency_s,6.092511
1756990700.136,latency_s,5.992075
1756990700.136,latency_s,6.010734
1756990700.136,latency_s,6.063728
1756990700.136,latency_s,6.070488
1756990700.136,latency_s,6.068989
1756990700.136,latency_s,6.064305
1756990700.136,latency_s,6.063520
1756990700.136,latency_s,6.064009
1756990700.136,latency_s,6.022607
1756990700.136,latency_s,6.069149
1756990700.136,latency_s,5.968421
1756990700.136,latency_s,6.051629
1756990700.136,latency_s,5.957806
1756990700.136,latency_s,5.964132
1756990700.136,latency_s,5.963926
1756990700.137,latency_s,5.958055
1756990700.137,latency_s,5.892615
1756990700.137,latency_s,5.936207
1756990700.137,latency_s,5.910993
1756990700.137,latency_s,5.964590
1756990700.243,latency_s,6.077012
1756990700.243,latency_s,6.075206
1756990700.244,latency_s,6.070995
1756990700.244,latency_s,6.071030
1756990700.244,latency_s,6.029763
1756990700.244,latency_s,5.970134
1756990700.244,latency_s,6.065287
1756990700.244,latency_s,6.058610
1756990700.244,latency_s,5.975440
1756990700.244,latency_s,5.964998
1756990700.244,latency_s,5.970451
1756990700.244,latency_s,5.970578
1756990700.244,latency_s,5.965120
1756990700.245,latency_s,5.900480
1756990700.351,latency_s,6.049007
1756990700.351,latency_s,6.289701
1756990700.351,latency_s,6.189605
1756990700.351,latency_s,6.089283
1756990700.351,latency_s,5.988879
1756990700.351,latency_s,6.024588
1756990700.351,latency_s,6.077512
1756990700.351,latency_s,6.084844
1756990700.351,latency_s,5.984046
1756990700.351,latency_s,6.077563
1756990700.351,latency_s,6.082675
1756990700.351,latency_s,5.982199
1756990700.457,latency_s,6.083324
1756990700.457,latency_s,6.178299
1756990700.457,latency_s,6.142390
1756990700.457,latency_s,6.078069
1756990700.457,latency_s,6.171725
1756990700.457,latency_s,6.086068
1756990700.458,latency_s,6.071343
1756990700.458,latency_s,6.083709
1756990700.459,latency_s,6.085040
1756990700.459,latency_s,6.079987
1756990700.459,latency_s,6.079914
1756990700.459,latency_s,6.056802
1756990700.459,latency_s,6.014317
1756990700.459,latency_s,5.996962
1756990700.459,latency_s,6.032943
1756990700.459,latency_s,6.085844
1756990700.460,latency_s,5.991729
1756990700.460,latency_s,6.085952
1756990700.460,latency_s,5.990253
1756990700.460,latency_s,5.985831
1756990700.565,latency_s,6.090775
1756990700.565,latency_s,6.149089
1756990700.565,latency_s,6.084653
1756990700.565,latency_s,6.078376
1756990700.565,latency_s,6.093193
1756990700.565,latency_s,6.091046
1756990700.565,latency_s,6.090882
1756990700.567,latency_s,6.086941
1756990700.567,latency_s,6.086897
1756990700.567,latency_s,6.063822
1756990700.567,latency_s,6.021274
1756990700.567,latency_s,6.004036
1756990700.567,latency_s,5.992140
1756990700.674,latency_s,6.099311
1756990700.674,latency_s,6.104512
1756990700.674,latency_s,6.105510
1756990700.674,latency_s,6.099463
1756990700.674,latency_s,6.157568
1756990700.674,latency_s,6.093330
1756990700.675,latency_s,6.087409
1756990700.675,latency_s,6.101312
1756990700.675,latency_s,6.099773
1756990700.675,latency_s,6.099417
1756990700.675,latency_s,6.094520
1756990700.675,latency_s,6.094436
1756990700.675,latency_s,6.071558
1756990700.675,latency_s,5.999833
1756990700.675,latency_s,5.999660
1756990700.675,latency_s,6.004872
1756990700.675,latency_s,6.005575
1756990700.675,latency_s,5.993255
1756990700.675,latency_s,5.999834
1756990700.675,latency_s,5.987548
1756990700.675,latency_s,6.001797
1756990700.675,latency_s,6.000003
1756990700.675,latency_s,5.995607
1756990700.675,latency_s,5.994623
1756990700.675,latency_s,5.994600
1756990700.675,latency_s,5.971465
1756990700.782,latency_s,6.255518
1756990700.783,latency_s,6.154829
1756990700.783,latency_s,6.054725
1756990700.783,latency_s,6.007157
1756990700.783,latency_s,6.011820
1756990700.783,latency_s,6.011802
1756990700.783,latency_s,6.007553
1756990700.783,latency_s,6.000113
1756990700.783,latency_s,6.007323
1756990700.783,latency_s,5.994804
1756990700.783,latency_s,6.008598
1756990700.783,latency_s,6.007351
1756990700.891,latency_s,6.110889
1756990700.891,latency_s,6.109736
1756990700.891,latency_s,6.109436
1756990700.891,latency_s,6.244986
1756990700.891,latency_s,6.144581
1756990700.891,latency_s,6.044094
1756990700.891,latency_s,6.086694
1756990700.891,latency_s,6.062509
1756990700.891,latency_s,6.273996
1756990700.891,latency_s,6.172557
1756990700.891,latency_s,6.072084
1756990700.891,latency_s,6.014749
1756990700.891,latency_s,6.020127
1756990700.891,latency_s,6.020047
1756990700.892,latency_s,6.015185
1756990700.892,latency_s,6.007857
1756990700.892,latency_s,6.014880
1756990700.892,latency_s,6.002953
1756990701.028,latency_s,6.151654
1756990701.028,latency_s,6.151533
1756990701.028,latency_s,6.146511
1756990701.028,latency_s,6.045862
1756990701.028,latency_s,6.080815
1756990701.029,latency_s,6.122535
1756990701.029,latency_s,6.099300
1756990701.029,latency_s,6.108712
1756990701.029,latency_s,6.051259
1756990701.029,latency_s,6.055866
1756990701.029,latency_s,6.056851
1756990701.029,latency_s,6.051524
1756990701.106,latency_s,6.121188
1756990701.106,latency_s,6.128704
1756990701.106,latency_s,6.140217
1756990701.106,latency_s,6.128748
1756990701.106,latency_s,6.123689
1756990701.106,latency_s,6.123834
1756990701.106,latency_s,6.023543
1756990701.106,latency_s,6.022106
1756990701.106,latency_s,6.058296
1756990701.106,latency_s,6.099778
1756990701.106,latency_s,5.999471
1756990701.106,latency_s,6.076730
1756990701.107,latency_s,6.085931
1756990701.107,latency_s,5.985712
1756990701.107,latency_s,6.028169
1756990701.107,latency_s,6.028377
1756990701.107,latency_s,6.034337
1756990701.107,latency_s,6.031883
1756990701.107,latency_s,6.021538
1756990701.107,latency_s,6.028535
1756990701.213,latency_s,6.128621
1756990701.213,latency_s,6.134799
1756990701.216,latency_s,6.032491
1756990701.216,latency_s,6.027524
1756990701.216,latency_s,6.067249
1756990701.216,latency_s,6.008618
1756990701.216,latency_s,6.085996
1756990701.321,latency_s,6.099662
1756990701.322,latency_s,6.142506
1756990701.322,latency_s,6.148754
1756990701.322,latency_s,6.146757
1756990701.322,latency_s,6.133421
1756990701.322,latency_s,6.142925
1756990701.322,latency_s,6.131822
1756990701.322,latency_s,6.142553
1756990701.322,latency_s,6.151894
1756990701.323,latency_s,6.134140
1756990701.323,latency_s,6.143560
1756990701.323,latency_s,6.043178
1756990701.323,latency_s,6.038801
1756990701.323,latency_s,6.034022
1756990701.323,latency_s,6.073501
1756990701.323,latency_s,6.013440
1756990701.323,latency_s,6.092198
1756990701.323,latency_s,5.992104
1756990701.323,latency_s,6.001206
1756990701.323,latency_s,6.049836
1756990701.323,latency_s,6.047316
1756990701.323,latency_s,6.043737
1756990701.323,latency_s,6.034660
1756990701.323,latency_s,6.030908
1756990701.323,latency_s,6.043219
1756990701.324,latency_s,6.047401
1756990701.324,latency_s,5.943177
1756990701.430,latency_s,6.041553
1756990701.538,latency_s,6.188676
1756990701.538,latency_s,6.359455
1756990701.539,latency_s,6.259360
1756990701.539,latency_s,6.158686
1756990701.539,latency_s,6.123073
1756990701.539,latency_s,6.107415
1756990701.539,latency_s,6.116297
1756990701.539,latency_s,6.164789
1756990701.539,latency_s,6.160572
1756990701.539,latency_s,6.159111
1756990701.539,latency_s,6.150367
1756990701.539,latency_s,6.146302
1756990701.540,latency_s,6.158941
1756990701.540,latency_s,6.160823
1756990701.540,latency_s,6.060153
1756990701.540,latency_s,6.058978
1756990701.540,latency_s,6.150691
1756990701.540,latency_s,6.050080
1756990701.540,latency_s,6.055420
1756990701.540,latency_s,6.050290
1756990701.540,latency_s,6.090241
1756990701.540,latency_s,6.059918
1756990701.540,latency_s,6.024150
1756990701.540,latency_s,6.260825
1756990701.540,latency_s,6.160316
1756990701.540,latency_s,6.059735
1756990701.540,latency_s,6.008937
1756990701.540,latency_s,6.017574
1756990701.540,latency_s,6.066089
1756990701.540,latency_s,6.060958
1756990701.541,latency_s,6.059924
1756990701.646,latency_s,6.065448
1756990701.647,latency_s,6.056328
1756990701.647,latency_s,6.065982
1756990701.784,latency_s,6.198738
1756990701.784,latency_s,6.191564
1756990701.784,latency_s,6.233551
1756990701.784,latency_s,6.166596
1756990701.784,latency_s,6.203613
1756990701.784,latency_s,6.203152
1756990701.784,latency_s,6.152090
1756990701.784,latency_s,6.161002
1756990701.785,latency_s,6.209679
1756990701.785,latency_s,6.203908
1756990701.785,latency_s,6.203773
1756990701.785,latency_s,6.193994
1756990701.785,latency_s,6.190041
1756990701.785,latency_s,6.203635
1756990701.785,latency_s,6.103134
1756990701.785,latency_s,6.093114
1756990701.785,latency_s,6.102350
1756990701.785,latency_s,6.099097
1756990701.785,latency_s,6.092034
1756990701.862,latency_s,6.210797
1756990701.862,latency_s,6.110407
1756990701.862,latency_s,6.180712
1756990701.862,latency_s,6.142664
1756990701.862,latency_s,6.180771
1756990701.863,latency_s,6.129657
1756990701.863,latency_s,6.139226
1756990701.863,latency_s,6.187719
1756990701.863,latency_s,6.180704
1756990701.863,latency_s,6.180653
1756990701.863,latency_s,6.171451
1756990701.863,latency_s,6.080599
1756990701.863,latency_s,6.011082
1756990701.893,latency_s,6.068397
1756990701.893,latency_s,6.116981
1756990701.971,latency_s,6.094795
1756990701.971,latency_s,6.188386
1756990701.971,latency_s,6.188359
1756990701.971,latency_s,6.087651
1756990701.971,latency_s,6.179150
1756990701.971,latency_s,6.175639
1756990701.971,latency_s,6.088043
1756990701.971,latency_s,6.088001
1756990701.971,latency_s,6.087794
1756990701.971,latency_s,6.079265
1756990701.971,latency_s,6.018790
1756990701.972,latency_s,6.089606
1756990701.972,latency_s,6.048174
1756990701.972,latency_s,6.087999
1756990701.972,latency_s,6.037916
1756990701.972,latency_s,6.046885
1756990702.001,latency_s,6.024319
1756990702.001,latency_s,6.117238
1756990702.047,latency_s,6.063251
1756990702.047,latency_s,6.063408
1756990702.047,latency_s,6.154943
1756990702.047,latency_s,6.053985
1756990702.048,latency_s,6.063669
1756990702.048,latency_s,6.151534
1756990702.048,latency_s,6.051444
1756990702.048,latency_s,6.063488
1756990702.048,latency_s,6.064053
1756990702.048,latency_s,6.054646
1756990702.048,latency_s,6.261665
1756990702.077,latency_s,6.190531
1756990702.108,latency_s,6.124917
1756990702.108,latency_s,6.024604
1756990702.152,latency_s,6.118126
1756990702.152,latency_s,6.128687
1756990702.152,latency_s,6.168436
1756990702.152,latency_s,6.068085
1756990702.152,latency_s,6.127085
1756990702.152,latency_s,6.075971
1756990702.152,latency_s,6.067574
1756990702.153,latency_s,6.068085
1756990702.153,latency_s,6.058763
1756990702.153,latency_s,6.068279
1756990702.185,latency_s,6.087673
1756990702.185,latency_s,6.099499
1756990702.185,latency_s,6.100522
1756990702.185,latency_s,6.091784
1756990702.185,latency_s,6.097390
1756990702.185,latency_s,6.090424
1756990702.215,latency_s,6.061348
1756990702.215,latency_s,6.030325
1756990702.260,latency_s,6.125242
1756990702.260,latency_s,6.134730
1756990702.260,latency_s,6.074682
1756990702.260,latency_s,6.133935
1756990702.260,latency_s,6.082860
1756990702.260,latency_s,6.074538
1756990702.260,latency_s,6.074752
1756990702.260,latency_s,6.065994
1756990702.260,latency_s,6.062106
1756990702.260,latency_s,6.074775
1756990702.260,latency_s,6.074138
1756990702.260,latency_s,6.075107
1756990702.323,latency_s,6.126999
1756990702.323,latency_s,6.068513
1756990702.368,latency_s,6.082174
1756990702.368,latency_s,6.140841
1756990702.368,latency_s,6.133283
1756990702.368,latency_s,6.080430
1756990702.368,latency_s,6.141336
1756990702.368,latency_s,6.090700
1756990702.368,latency_s,6.081880
1756990702.368,latency_s,6.081981
1756990702.368,latency_s,6.073043
1756990702.368,latency_s,6.078638
1756990702.368,latency_s,6.073359
1756990702.368,latency_s,6.079376
1756990702.368,latency_s,6.071488
1756990702.368,latency_s,6.013525
1756990702.368,latency_s,5.982348
1756990702.369,latency_s,6.039547
1756990702.429,latency_s,6.040830
1756990702.430,latency_s,6.094506
1756990702.430,latency_s,6.102753
1756990702.475,latency_s,6.087940
1756990702.475,latency_s,6.097133
1756990702.475,latency_s,6.088998
1756990702.475,latency_s,6.078874
1756990702.475,latency_s,6.084941
1756990702.475,latency_s,6.079939
1756990702.475,latency_s,6.086361
1756990702.476,latency_s,6.077965
1756990702.476,latency_s,6.020272
1756990702.476,latency_s,6.046019
1756990702.476,latency_s,5.988953
1756990702.537,latency_s,6.047351
1756990702.537,latency_s,6.058450
1756990702.537,latency_s,6.237855
1756990702.537,latency_s,6.137361
1756990702.537,latency_s,6.036853
1756990702.537,latency_s,6.050742
1756990702.537,latency_s,6.040360
1756990702.537,latency_s,6.046297
1756990702.537,latency_s,6.251698
1756990702.537,latency_s,6.150445
1756990702.537,latency_s,6.047915
1756990702.538,latency_s,6.041860
1756990702.538,latency_s,6.048280
1756990702.538,latency_s,6.038952
1756990702.538,latency_s,6.250085
1756990702.538,latency_s,6.149041
1756990702.538,latency_s,6.048251
1756990702.538,latency_s,5.947018
1756990702.645,latency_s,6.108231
1756990702.645,latency_s,6.064465
1756990702.645,latency_s,6.116385
1756990702.645,latency_s,6.015552
1756990702.645,latency_s,6.053998
1756990702.645,latency_s,6.042501
1756990702.752,latency_s,6.164592
1756990702.752,latency_s,6.154098
1756990702.752,latency_s,6.157759
1756990702.752,latency_s,6.161243
1756990702.752,latency_s,6.155433
1756990702.752,latency_s,6.161448
1756990702.752,latency_s,6.152582
1756990702.752,latency_s,6.060576
1756990702.752,latency_s,6.115634
1756990702.753,latency_s,6.021785
1756990702.754,latency_s,6.062267
1756990702.754,latency_s,6.024242
1756990702.754,latency_s,6.072986
1756990702.754,latency_s,6.050139
1756990702.754,latency_s,6.066115
1756990702.754,latency_s,6.055795
1756990702.754,latency_s,6.057766
1756990702.754,latency_s,6.062638
1756990702.754,latency_s,6.056870
1756990702.754,latency_s,6.062830
1756990702.754,latency_s,5.961422
1756990702.754,latency_s,5.997341
1756990702.754,latency_s,5.922277
1756990702.754,latency_s,5.964754
1756990702.754,latency_s,6.016879
1756990702.755,latency_s,5.957617
1756990702.859,latency_s,6.066666
1756990702.859,latency_s,6.078277
1756990702.859,latency_s,6.029785
1756990702.860,latency_s,6.055303
1756990702.860,latency_s,6.061351
1756990702.860,latency_s,6.071748
1756990702.861,latency_s,6.068151
1756990702.861,latency_s,6.064013
1756990702.967,latency_s,6.174505
1756990702.967,latency_s,6.170065
1756990702.967,latency_s,6.073186
1756990702.967,latency_s,6.109972
1756990702.967,latency_s,6.069002
1756990702.967,latency_s,6.035045
1756990702.967,latency_s,6.076893
1756990702.967,latency_s,6.029377
1756990702.968,latency_s,6.073870
1756990702.968,latency_s,6.086412
1756990702.968,latency_s,6.037888
1756990702.968,latency_s,6.063138
1756990702.968,latency_s,6.079476
1756990702.968,latency_s,6.069501
1756990702.968,latency_s,6.074649
1756990702.968,latency_s,6.069590
1756990702.968,latency_s,6.074645
1756990702.968,latency_s,5.973730
1756990702.968,latency_s,6.070304
1756990702.968,latency_s,5.969881
1756990702.968,latency_s,5.973925
1756990702.969,latency_s,6.010696
1756990703.008,latency_s,6.016298
1756990703.008,latency_s,5.968987
1756990703.008,latency_s,5.975017
1756990703.008,latency_s,6.009371
1756990703.008,latency_s,6.013225
1756990703.008,latency_s,6.026350
1756990703.008,latency_s,5.977878
1756990703.008,latency_s,6.003092
1756990703.075,latency_s,6.374751
1756990703.075,latency_s,6.274333
1756990703.075,latency_s,6.172900
1756990703.075,latency_s,6.070229
1756990703.075,latency_s,6.075966
1756990703.075,latency_s,6.081069
1756990703.076,latency_s,6.076786
1756990703.076,latency_s,5.980159
1756990703.076,latency_s,5.976015
1756990703.115,latency_s,6.018573
1756990703.116,latency_s,6.057818
1756990703.116,latency_s,6.024301
1756990703.117,latency_s,6.017325
1756990703.184,latency_s,6.044527
1756990703.184,latency_s,6.050251
1756990703.184,latency_s,6.052844
1756990703.184,latency_s,6.101398
1756990703.184,latency_s,6.088448
1756990703.184,latency_s,6.078165
1756990703.184,latency_s,6.078232
1756990703.184,latency_s,6.083671
1756990703.184,latency_s,6.088680
1756990703.184,latency_s,6.084112
1756990703.184,latency_s,5.988254
1756990703.184,latency_s,5.983896
1756990703.184,latency_s,5.987365
1756990703.184,latency_s,6.025523
1756990703.222,latency_s,5.962794
1756990703.223,latency_s,6.030574
1756990703.223,latency_s,6.022324
1756990703.223,latency_s,5.983649
1756990703.437,latency_s,6.203382
1756990703.437,latency_s,6.448187
1756990703.437,latency_s,6.346383
1756990703.437,latency_s,6.245628
1756990703.438,latency_s,6.254550
1756990703.438,latency_s,6.206038
1756990703.438,latency_s,6.241611
1756990703.438,latency_s,6.231367
1756990703.438,latency_s,6.236942
1756990703.438,latency_s,6.241835
1756990703.438,latency_s,6.237066
1756990703.438,latency_s,6.141470
1756990703.438,latency_s,6.231559
1756990703.438,latency_s,6.129649
1756990703.438,latency_s,6.140591
1756990703.438,latency_s,6.137157
1756990703.438,latency_s,6.078280
1756990703.438,latency_s,6.145220
1756990703.438,latency_s,6.137133
1756990703.438,latency_s,6.097822
1756990703.438,latency_s,6.103799
1756990703.438,latency_s,6.145389
1756990703.438,latency_s,6.154867
1756990703.439,latency_s,6.055266
1756990703.439,latency_s,6.143293
1756990703.440,latency_s,6.131470
1756990703.440,latency_s,6.143565
1756990703.440,latency_s,6.138566
1756990703.440,latency_s,6.043036
1756990703.440,latency_s,6.042959
1756990703.440,latency_s,6.031502
1756990703.440,latency_s,6.041695
1756990703.546,latency_s,6.046601
1756990703.546,latency_s,6.044723
1756990703.547,latency_s,6.214649
1756990703.684,latency_s,6.251472
1756990703.684,latency_s,6.151083
1756990703.684,latency_s,6.190495
1756990703.684,latency_s,6.180407
1756990703.684,latency_s,6.147755
1756990703.684,latency_s,6.089900
1756990703.684,latency_s,6.190284
1756990703.684,latency_s,6.143423
1756990703.684,latency_s,6.089653
1756990703.684,latency_s,6.099470
1756990703.684,latency_s,6.186949
1756990703.684,latency_s,6.175592
1756990703.684,latency_s,6.383378
1756990703.684,latency_s,6.283147
1756990703.684,latency_s,6.182742
1756990703.684,latency_s,6.082222
1756990703.684,latency_s,6.086445
1756990703.685,latency_s,6.177863
1756990703.685,latency_s,6.077005
1756990703.685,latency_s,6.086632
1756990703.685,latency_s,6.075694
1756990703.685,latency_s,6.084675
1756990703.685,latency_s,6.082835
1756990703.685,latency_s,6.051980
1756990703.685,latency_s,5.990280
1756990703.685,latency_s,6.080194
1756990703.685,latency_s,6.043400
1756990703.685,latency_s,6.048415
1756990703.685,latency_s,5.988393
1756990703.685,latency_s,6.000018
1756990703.763,latency_s,6.059948
1756990703.763,latency_s,6.064491
1756990703.792,latency_s,6.083880
1756990703.792,latency_s,6.093442
1756990703.792,latency_s,6.082371
1756990703.899,latency_s,6.197734
1756990703.899,latency_s,6.338744
1756990703.899,latency_s,6.238346
1756990703.899,latency_s,6.137855
1756990703.899,latency_s,6.196729
1756990703.899,latency_s,6.165662
1756990703.900,latency_s,6.104539
1756990703.900,latency_s,6.157677
1756990703.900,latency_s,6.101893
1756990703.900,latency_s,6.193860
1756990703.900,latency_s,6.162730
1756990703.900,latency_s,6.091518
1756990703.900,latency_s,6.113926
1756990703.900,latency_s,6.100786
1756990703.900,latency_s,6.190072
1756990703.900,latency_s,6.088938
1756990703.900,latency_s,6.097187
1756990703.900,latency_s,6.101650
1756990703.900,latency_s,6.089163
1756990703.900,latency_s,6.089371
1756990703.900,latency_s,6.097655
1756990703.900,latency_s,6.038362
1756990703.900,latency_s,6.097417
1756990703.900,latency_s,5.996798
1756990703.900,latency_s,6.066194
1756990703.900,latency_s,6.058312
1756990703.901,latency_s,6.004847
1756990703.901,latency_s,5.991258
1756990703.901,latency_s,6.000879
1756990704.006,latency_s,6.168207
1756990704.006,latency_s,6.119824
1756990704.006,latency_s,6.106969
1756990704.007,latency_s,6.094888
1756990704.007,latency_s,6.103452
1756990704.114,latency_s,6.215754
1756990704.115,latency_s,6.202468
1756990704.115,latency_s,6.202451
1756990704.115,latency_s,6.210774
1756990704.115,latency_s,6.152144
1756990704.115,latency_s,6.110424
1756990704.115,latency_s,6.179931
1756990704.115,latency_s,6.171532
1756990704.115,latency_s,6.114069
1756990704.115,latency_s,6.104828
1756990704.115,latency_s,6.118660
1756990704.115,latency_s,6.176225
1756990704.115,latency_s,6.115107
1756990704.115,latency_s,6.102036
1756990704.115,latency_s,6.110967
1756990704.115,latency_s,6.102145
1756990704.115,latency_s,6.115486
1756990704.115,latency_s,6.100801
1756990704.157,latency_s,6.357993
1756990704.157,latency_s,6.257743
1756990704.157,latency_s,6.157446
1756990704.157,latency_s,6.152743
1756990704.157,latency_s,6.094185
1756990704.157,latency_s,6.051709
1756990704.157,latency_s,6.121988
1756990704.157,latency_s,6.046782
1756990704.157,latency_s,6.118460
1756990704.158,latency_s,6.113527
1756990704.158,latency_s,6.056669
1756990704.221,latency_s,6.123609
1756990704.221,latency_s,6.121317
1756990704.222,latency_s,6.116062
1756990704.265,latency_s,6.024917
1756990704.265,latency_s,6.049961
1756990704.329,latency_s,6.123908
1756990704.329,latency_s,6.128680
1756990704.329,latency_s,6.114558
1756990704.329,latency_s,6.113626
1756990704.329,latency_s,6.128981
1756990704.329,latency_s,6.064916
1756990704.329,latency_s,6.093005
1756990704.329,latency_s,6.018853
1756990704.329,latency_s,5.992626
1756990704.329,latency_s,6.041131
1756990704.329,latency_s,6.015874
1756990704.329,latency_s,6.027663
1756990704.329,latency_s,6.031492
1756990704.329,latency_s,6.084062
1756990704.330,latency_s,5.989354
1756990704.330,latency_s,6.027369
1756990704.371,latency_s,6.025712
1756990704.371,latency_s,6.055406
1756990704.372,latency_s,6.066126
1756990704.413,latency_s,6.096680
1756990704.413,latency_s,6.111474
1756990704.413,latency_s,6.096776
1756990704.413,latency_s,6.111778
1756990704.413,latency_s,6.048392
1756990704.413,latency_s,5.975757
1756990704.413,latency_s,6.000663
1756990704.413,latency_s,6.024319
1756990704.413,latency_s,5.998987
1756990704.413,latency_s,6.013892
1756990704.413,latency_s,5.967357
1756990704.478,latency_s,6.072977
1756990704.478,latency_s,6.075604
1756990704.478,latency_s,6.061814
1756990704.479,latency_s,6.073116
1756990704.479,latency_s,6.062350
1756990704.479,latency_s,6.072789
1756990704.479,latency_s,6.062264
1756990704.479,latency_s,6.077420
1756990704.479,latency_s,5.977254
1756990704.479,latency_s,6.271310
1756990704.479,latency_s,6.168941
1756990704.479,latency_s,6.067139
1756990704.479,latency_s,5.964250
1756990704.479,latency_s,6.014264
1756990704.479,latency_s,5.941559
1756990704.479,latency_s,5.964137
1756990704.479,latency_s,5.990117
1756990704.479,latency_s,5.964134
1756990704.585,latency_s,6.083017
1756990704.585,latency_s,6.082221
1756990704.585,latency_s,6.039214
1756990704.585,latency_s,6.079735
1756990704.585,latency_s,6.042322
1756990704.585,latency_s,6.068539
1756990704.586,latency_s,6.079047
1756990704.586,latency_s,6.068929
1756990704.586,latency_s,6.079381
1756990704.586,latency_s,5.983490
1756990704.586,latency_s,5.970304
1756990704.586,latency_s,5.947976
1756990704.586,latency_s,5.970230
1756990704.586,latency_s,5.995534
1756990704.692,latency_s,6.085639
1756990704.693,latency_s,6.048614
1756990704.693,latency_s,6.075254
1756990704.693,latency_s,6.084169
1756990704.693,latency_s,6.084248
1756990704.693,latency_s,6.075384
1756990704.693,latency_s,5.989979
1756990704.693,latency_s,5.976602
1756990704.693,latency_s,5.953978
1756990704.693,latency_s,5.976281
1756990704.693,latency_s,6.001673
1756990704.799,latency_s,6.083153
1756990704.800,latency_s,6.096050
1756990704.800,latency_s,6.092357
1756990704.800,latency_s,6.053385
1756990704.800,latency_s,6.055445
1756990704.800,latency_s,6.081589
1756990704.800,latency_s,6.090614
1756990704.801,latency_s,6.091964
1756990704.802,latency_s,5.998537
1756990704.802,latency_s,6.284760
1756990704.802,latency_s,6.184166
1756990704.802,latency_s,5.984823
1756990704.802,latency_s,6.083579
1756990704.802,latency_s,5.982838
1756990704.802,latency_s,6.198928
1756990704.802,latency_s,6.098800
1756990704.802,latency_s,5.998593
1756990704.802,latency_s,5.962305
1756990704.802,latency_s,5.985088
1756990704.802,latency_s,6.010131
1756990704.802,latency_s,5.985576
1756990704.906,latency_s,6.096636
1756990704.906,latency_s,6.087363
1756990704.906,latency_s,6.096574
1756990704.906,latency_s,5.995658
1756990704.906,latency_s,6.341046
1756990704.907,latency_s,6.240790
1756990704.908,latency_s,6.141911
1756990704.908,latency_s,6.041806
1756990704.908,latency_s,6.004356
1756990704.908,latency_s,5.988545
1756990704.908,latency_s,5.990962
1756990704.909,latency_s,6.005058
1756990705.014,latency_s,6.073545
1756990705.014,latency_s,6.096705
1756990705.014,latency_s,6.121677
1756990705.014,latency_s,6.097024
1756990705.014,latency_s,6.068414
1756990705.014,latency_s,6.066982
1756990705.014,latency_s,6.104007
1756990705.014,latency_s,6.094421
1756990705.014,latency_s,6.103879
1756990705.014,latency_s,6.094471
1756990705.014,latency_s,6.003017
1756990705.014,latency_s,6.047426
1756990705.014,latency_s,6.009688
1756990705.014,latency_s,5.994660
1756990705.014,latency_s,5.996558
1756990705.014,latency_s,6.010074
1756990705.015,latency_s,6.210752
1756990705.015,latency_s,5.974027
1756990705.016,latency_s,6.111412
1756990705.016,latency_s,6.010686
1756990705.016,latency_s,5.998283
1756990705.016,latency_s,6.023267
1756990705.016,latency_s,5.998541
1756990705.017,latency_s,5.970745
1756990705.120,latency_s,6.073057
1756990705.121,latency_s,6.110214
1756990705.121,latency_s,6.099976
1756990705.121,latency_s,6.109487
1756990705.121,latency_s,6.100002
1756990705.121,latency_s,5.999421
1756990705.121,latency_s,6.009394
1756990705.123,latency_s,6.017678
1756990705.124,latency_s,6.003828
1756990705.124,latency_s,6.005865
1756990705.125,latency_s,6.056926
1756990705.125,latency_s,5.956221
1756990705.125,latency_s,6.006210
1756990705.125,latency_s,6.020288
1756990705.125,latency_s,6.031751
1756990705.125,latency_s,5.983854
1756990705.125,latency_s,5.931098
1756990705.125,latency_s,6.019169
1756990705.125,latency_s,6.006531
1756990705.125,latency_s,5.979044
1756990705.125,latency_s,5.977519
1756990705.125,latency_s,6.014612
1756990705.125,latency_s,6.003834
1756990705.125,latency_s,6.013592
1756990705.125,latency_s,5.913441
1756990705.230,latency_s,6.007999
1756990705.230,latency_s,6.018348
1756990705.230,latency_s,6.024255
1756990705.230,latency_s,6.008857
1756990705.230,latency_s,6.011178
1756990705.230,latency_s,5.961547
1756990705.230,latency_s,6.023842
1756990705.231,latency_s,6.012735
1756990705.232,latency_s,5.989608
1756990705.232,latency_s,6.026037
1756990705.232,latency_s,5.936905
1756990705.232,latency_s,5.925608
1756990705.232,latency_s,6.013040
1756990705.232,latency_s,5.984903
1756990705.337,latency_s,6.089517
1756990705.338,latency_s,6.126583
1756990705.338,latency_s,6.026696
1756990705.338,latency_s,6.026202
1756990705.338,latency_s,6.015675
1756990705.338,latency_s,6.026541
1756990705.338,latency_s,6.032196
1756990705.339,latency_s,6.016072
1756990705.339,latency_s,6.019110
1756990705.339,latency_s,5.969384
1756990705.339,latency_s,6.031407
1756990705.339,latency_s,5.931583
1756990705.339,latency_s,6.019767
1756990705.339,latency_s,5.932472
1756990705.339,latency_s,5.944348
1756990705.339,latency_s,5.997214
1756990705.339,latency_s,5.991825
1756990705.339,latency_s,6.019911
1756990705.445,latency_s,6.032236
1756990705.445,latency_s,6.096767
1756990705.552,latency_s,6.132545
1756990705.552,latency_s,6.139298
1756990705.553,latency_s,6.130145
1756990705.553,latency_s,6.140665
1756990705.553,latency_s,6.146555
1756990705.553,latency_s,6.133509
1756990705.553,latency_s,6.130401
1756990705.554,latency_s,6.083418
1756990705.554,latency_s,6.044311
1756990705.554,latency_s,6.133658
1756990705.554,latency_s,6.032317
1756990705.555,latency_s,6.045449
1756990705.555,latency_s,6.111760
1756990705.555,latency_s,6.106271
1756990705.555,latency_s,6.033821
1756990705.555,latency_s,6.041173
1756990705.555,latency_s,6.106059
1756990705.555,latency_s,6.041146
1756990705.555,latency_s,6.041304
1756990705.555,latency_s,6.031072
1756990705.555,latency_s,6.046007
1756990705.555,latency_s,6.034166
1756990705.555,latency_s,6.031334
1756990705.555,latency_s,5.984853
1756990705.555,latency_s,6.232446
1756990705.555,latency_s,6.132139
1756990705.555,latency_s,6.031378
1756990705.555,latency_s,5.929721
1756990705.555,latency_s,5.945525
1756990705.555,latency_s,5.932358
1756990705.660,latency_s,6.115911
1756990705.660,latency_s,6.049975
1756990705.662,latency_s,6.065553
1756990705.662,latency_s,6.112612
1756990705.662,latency_s,6.047685
1756990705.662,latency_s,6.041119
1756990705.662,latency_s,6.112678
1756990705.768,latency_s,6.153677
1756990705.769,latency_s,6.154321
1756990705.769,latency_s,6.143152
1756990705.769,latency_s,6.143117
1756990705.769,latency_s,6.159211
1756990705.769,latency_s,6.147697
1756990705.769,latency_s,6.098190
1756990705.769,latency_s,6.042509
1756990705.769,latency_s,6.058854
1756990705.769,latency_s,6.045570
1756990705.769,latency_s,6.125473
1756990705.769,latency_s,6.072271
1756990705.769,latency_s,6.058943
1756990705.769,latency_s,6.119786
1756990705.770,latency_s,6.120380
1756990705.771,latency_s,6.055917
1756990705.771,latency_s,6.055785
1756990705.771,latency_s,6.044019
1756990705.771,latency_s,6.056337
1756990705.771,latency_s,6.049278
1756990705.771,latency_s,6.044363
1756990705.771,latency_s,6.049209
1756990705.771,latency_s,6.060566
1756990705.771,latency_s,5.999570
1756990705.771,latency_s,5.943716
1756990705.771,latency_s,5.960558
1756990705.771,latency_s,5.947456
1756990705.984,latency_s,6.186148
1756990705.984,latency_s,6.139452
1756990705.984,latency_s,6.233686
1756990705.984,latency_s,6.233614
1756990705.984,latency_s,6.133492
1756990705.985,latency_s,6.134722
1756990705.985,latency_s,6.169746
1756990705.985,latency_s,6.169915
1756990705.985,latency_s,6.157710
1756990705.985,latency_s,6.170237
1756990705.985,latency_s,6.162878
1756990705.985,latency_s,6.157867
1756990705.985,latency_s,6.161736
1756990705.985,latency_s,6.174343
1756990705.985,latency_s,6.074087
1756990705.985,latency_s,6.113657
1756990705.986,latency_s,6.074256
1756990705.986,latency_s,6.057415
1756990705.986,latency_s,6.074258
1756990705.986,latency_s,6.060458
1756990705.986,latency_s,6.087702
1756990705.986,latency_s,6.041353
1756990705.986,latency_s,6.034654
1756990705.986,latency_s,6.069502
1756990705.986,latency_s,6.034946
1756990705.986,latency_s,6.069560
1756990705.986,latency_s,6.070055
1756990705.986,latency_s,6.057875
1756990705.986,latency_s,6.063371
1756990705.986,latency_s,6.061191
1756990705.987,latency_s,5.973841
1756990705.987,latency_s,6.057879
1756990706.094,latency_s,6.077005
1756990706.094,latency_s,6.040372
1756990706.094,latency_s,6.075317
1756990706.094,latency_s,6.078075
1756990706.094,latency_s,6.065542
1756990706.094,latency_s,6.071220
1756990706.095,latency_s,6.068652
1756990706.095,latency_s,5.966599
1756990706.095,latency_s,5.980952
1756990706.095,latency_s,6.021466
1756990706.095,latency_s,5.981980
1756990706.095,latency_s,5.964122
1756990706.095,latency_s,5.995913
1756990706.095,latency_s,5.979955
1756990706.095,latency_s,5.949013
1756990706.095,latency_s,5.968880
1756990706.095,latency_s,5.977308
1756990706.095,latency_s,5.937755
1756990706.095,latency_s,5.975409
1756990706.095,latency_s,5.978361
1756990706.095,latency_s,5.964631
1756990706.095,latency_s,5.971128
1756990706.095,latency_s,5.866555
1756990706.095,latency_s,5.921283
1756990706.201,latency_s,5.987790
1756990706.201,latency_s,5.969229
1756990706.202,latency_s,5.986327
1756990706.202,latency_s,5.975032
1756990706.202,latency_s,6.002165
1756990706.202,latency_s,5.955259
1756990706.202,latency_s,5.986516
1756990706.202,latency_s,5.983750
1756990706.202,latency_s,5.944478
1756990706.310,latency_s,6.089856
1756990706.310,latency_s,6.079579
1756990706.310,latency_s,6.093535
1756990706.310,latency_s,6.086167
1756990706.310,latency_s,6.036317
1756990706.310,latency_s,5.980854
1756990706.310,latency_s,6.280200
1756990706.311,latency_s,6.177911
1756990706.311,latency_s,6.077764
1756990706.311,latency_s,5.976250
1756990706.311,latency_s,5.978708
1756990706.311,latency_s,5.997093
1756990706.311,latency_s,6.155473
1756990706.311,latency_s,6.055136
1756990706.311,latency_s,5.954705
1756990706.311,latency_s,5.994956
1756990706.311,latency_s,5.983891
1756990706.311,latency_s,6.010529
1756990706.417,latency_s,6.070515
1756990706.417,latency_s,6.101429
1756990706.417,latency_s,6.056916
1756990706.417,latency_s,6.098405
1756990706.418,latency_s,6.096558
1756990706.418,latency_s,6.086643
1756990706.418,latency_s,6.100687
1756990706.418,latency_s,6.000441
1756990706.418,latency_s,6.092797
1756990706.418,latency_s,5.992131
1756990706.418,latency_s,5.987797
1756990706.418,latency_s,5.982520
1756990706.418,latency_s,5.985715
1756990706.418,latency_s,6.003599
1756990706.525,latency_s,6.077433
1756990706.525,latency_s,6.108544
1756990706.525,latency_s,6.064161
1756990706.566,latency_s,6.146950
1756990706.566,latency_s,6.145241
1756990706.566,latency_s,6.134923
1756990706.566,latency_s,6.049111
1756990706.567,latency_s,6.040198
1756990706.567,latency_s,6.036046
1756990706.567,latency_s,6.029878
1756990706.567,latency_s,6.034231
1756990706.567,latency_s,6.052226
1756990706.567,latency_s,6.009197
1756990706.567,latency_s,6.049601
1756990706.567,latency_s,6.065470
1756990706.567,latency_s,6.049985
1756990706.567,latency_s,6.019502
1756990706.567,latency_s,6.039299
1756990706.632,latency_s,6.111774
1756990706.632,latency_s,6.109900
1756990706.632,latency_s,6.099790
1756990706.674,latency_s,6.041098
1756990706.674,latency_s,6.056234
1756990706.674,latency_s,6.047330
1756990706.674,latency_s,6.042250
1756990706.674,latency_s,6.299155
1756990706.674,latency_s,6.198511
1756990706.674,latency_s,6.098306
1756990706.674,latency_s,5.997695
1756990706.674,latency_s,6.037135
1756990706.674,latency_s,6.041494
1756990706.674,latency_s,6.059105
1756990706.740,latency_s,6.117397
1756990706.740,latency_s,6.006356
1756990706.740,latency_s,6.022614
1756990706.740,latency_s,6.013180
1756990706.740,latency_s,6.006755
1756990706.823,latency_s,6.046043
1756990706.823,latency_s,6.085682
1756990706.823,latency_s,6.107395
1756990706.823,latency_s,6.088687
1756990706.823,latency_s,6.064096
1756990706.823,latency_s,6.105560
1756990706.823,latency_s,6.005392
1756990706.823,latency_s,6.074560
1756990706.824,latency_s,6.019850
1756990706.824,latency_s,6.094436
1756990706.824,latency_s,6.061363
1756990706.849,latency_s,6.128250
1756990706.849,latency_s,6.125721
1756990706.849,latency_s,6.024840
1756990706.849,latency_s,6.014395
1756990706.849,latency_s,6.031497
1756990706.849,latency_s,6.021510
1756990706.849,latency_s,6.014675
1756990706.849,latency_s,5.972295
1756990706.850,latency_s,6.011355
1756990706.850,latency_s,6.033044
1756990706.850,latency_s,6.014571
1756990706.850,latency_s,5.988347
1756990706.850,latency_s,5.931248
1756990706.850,latency_s,6.000507
1756990706.850,latency_s,6.020423
1756990706.850,latency_s,5.945488
1756990706.958,latency_s,6.094939
1756990706.958,latency_s,6.136544
1756990706.958,latency_s,6.035522
1756990706.958,latency_s,6.032932
1756990706.958,latency_s,6.021625
1756990706.958,latency_s,6.040165
1756990706.959,latency_s,6.030570
1756990707.065,latency_s,6.128541
1756990707.066,latency_s,6.087879
1756990707.066,latency_s,6.126394
1756990707.066,latency_s,6.129125
1756990707.066,latency_s,6.148339
1756990707.066,latency_s,6.047627
1756990707.066,latency_s,6.348680
1756990707.066,latency_s,6.248568
1756990707.066,latency_s,6.148407
1756990707.066,latency_s,6.047789
1756990707.066,latency_s,6.103533
1756990707.066,latency_s,6.114564
1756990707.066,latency_s,6.047319
1756990707.066,latency_s,6.098728
1756990707.066,latency_s,6.061240
1756990707.172,latency_s,6.241848
1756990707.172,latency_s,6.148675
1756990707.173,latency_s,6.141867
1756990707.173,latency_s,6.146839
1756990707.173,latency_s,6.154050
1756990707.173,latency_s,6.135961
1756990707.173,latency_s,6.144330
1756990707.173,latency_s,6.135951
1756990707.173,latency_s,6.094676
1756990707.173,latency_s,6.132215
1756990707.173,latency_s,6.110376
1756990707.173,latency_s,6.121624
1756990707.173,latency_s,6.105247
1756990707.173,latency_s,6.067607
1756990707.174,latency_s,6.053900
1756990707.174,latency_s,6.042204
1756990707.174,latency_s,6.049705
1756990707.281,latency_s,6.128415
1756990707.281,latency_s,6.073708
1756990707.281,latency_s,6.112158
1756990707.281,latency_s,6.061321
1756990707.281,latency_s,6.056598
1756990707.282,latency_s,6.048913
1756990707.322,latency_s,6.093452
1756990707.322,latency_s,6.103022
1756990707.322,latency_s,6.083759
1756990707.322,latency_s,6.092619
1756990707.322,latency_s,6.084303
1756990707.322,latency_s,6.042952
1756990707.322,latency_s,6.078920
1756990707.322,latency_s,6.001407
1756990707.323,latency_s,5.983366
1756990707.389,latency_s,6.122255
1756990707.389,latency_s,6.135830
1756990707.389,latency_s,6.034832
1756990707.389,latency_s,6.081313
1756990707.389,latency_s,6.119582
1756990707.389,latency_s,6.063694
1756990707.470,latency_s,6.149540
1756990707.470,latency_s,6.137203
1756990707.470,latency_s,6.140747
1756990707.470,latency_s,6.149772
1756990707.470,latency_s,6.131062
1756990707.470,latency_s,6.139926
1756990707.470,latency_s,6.131486
1756990707.470,latency_s,6.090097
1756990707.470,latency_s,6.125057
1756990707.470,latency_s,6.046745
1756990707.470,latency_s,6.048738
1756990707.496,latency_s,6.041518
1756990707.497,latency_s,6.088722
1756990707.497,latency_s,6.127036
1756990707.497,latency_s,6.070431
1756990707.497,latency_s,6.064074
1756990707.497,latency_s,6.075332
1756990707.497,latency_s,6.067009
1756990707.497,latency_s,6.075550
1756990707.497,latency_s,6.055070
1756990707.497,latency_s,6.066715
1756990707.497,latency_s,6.057913
1756990707.497,latency_s,6.016610
1756990707.498,latency_s,6.051216
1756990707.498,latency_s,5.973323
1756990707.498,latency_s,5.975338
1756990707.604,latency_s,6.048414
1756990707.604,latency_s,6.133561
1756990707.604,latency_s,6.096089
1756990707.604,latency_s,6.033451
1756990707.604,latency_s,6.075927
1756990707.604,latency_s,6.071051
1756990707.604,latency_s,6.081899
1756990707.604,latency_s,6.072762
1756990707.711,latency_s,6.188337
1756990707.711,latency_s,6.167172
1756990707.711,latency_s,6.179417
1756990707.712,latency_s,6.172171
1756990707.712,latency_s,6.071623
1756990707.712,latency_s,6.130831
1756990707.712,latency_s,6.163817
1756990707.712,latency_s,6.063304
1756990707.712,latency_s,6.086050
1756990707.712,latency_s,6.083118
1756990707.712,latency_s,6.040642
1756990707.712,latency_s,6.078790
1756990707.712,latency_s,6.089430
1756990707.712,latency_s,6.080198
1756990707.712,latency_s,6.088836
1756990707.712,latency_s,6.067358
1756990707.712,latency_s,6.080302
1756990707.712,latency_s,5.971423
1756990707.712,latency_s,6.031286
1756990707.713,latency_s,5.963364
1756990707.713,latency_s,5.985650
1756990707.713,latency_s,5.989840
1756990707.713,latency_s,5.941907
1756990707.713,latency_s,5.967158
1756990707.820,latency_s,6.110200
1756990707.820,latency_s,6.047924
1756990707.820,latency_s,6.086457
1756990707.820,latency_s,6.096505
1756990707.820,latency_s,6.087243
1756990707.820,latency_s,6.096307
1756990707.820,latency_s,6.073527
1756990707.820,latency_s,6.087664
1756990707.820,latency_s,5.979064
1756990707.927,latency_s,6.145934
1756990707.928,latency_s,6.078762
1756990707.929,latency_s,6.100637
1756990707.929,latency_s,6.057353
1756990707.929,latency_s,6.105413
1756990707.929,latency_s,6.082248
1756990707.929,latency_s,6.114542
1756990707.929,latency_s,6.099378
1756990707.929,latency_s,6.070992
1756990707.929,latency_s,6.056775
1756990707.929,latency_s,6.095510
1756990707.929,latency_s,6.105253
1756990707.929,latency_s,6.095467
1756990707.929,latency_s,6.105298
1756990707.929,latency_s,6.005188
1756990707.929,latency_s,6.080783
1756990707.930,latency_s,6.096829
1756990707.930,latency_s,5.995559
1756990707.930,latency_s,5.987678
1756990707.930,latency_s,6.048147
1756990707.930,latency_s,5.979417
1756990707.930,latency_s,6.001354
1756990707.930,latency_s,5.982316
1756990708.142,latency_s,6.169701
1756990708.142,latency_s,6.217791
1756990708.142,latency_s,6.183185
1756990708.142,latency_s,6.168987
1756990708.142,latency_s,6.211197
1756990708.142,latency_s,6.226785
1756990708.142,latency_s,6.208066
1756990708.142,latency_s,6.216460
1756990708.142,latency_s,6.207898
1756990708.142,latency_s,6.117377
1756990708.142,latency_s,6.192702
1756990708.142,latency_s,6.107827
1756990708.142,latency_s,6.159922
1756990708.142,latency_s,6.100123
1756990708.142,latency_s,6.091283
1756990708.142,latency_s,6.112865
1756990708.142,latency_s,6.069694
1756990708.142,latency_s,6.093938
1756990708.142,latency_s,6.117571
1756990708.142,latency_s,6.081108
1756990708.143,latency_s,6.069202
1756990708.143,latency_s,6.111116
1756990708.143,latency_s,6.126180
1756990708.143,latency_s,6.109011
1756990708.143,latency_s,6.117457
1756990708.143,latency_s,6.108657
1756990708.143,latency_s,6.093316
1756990708.144,latency_s,6.018913
1756990708.145,latency_s,6.008522
1756990708.145,latency_s,6.062096
1756990708.145,latency_s,5.961890
1756990708.145,latency_s,6.002088
1756990708.384,latency_s,6.257356
1756990708.384,latency_s,6.247346
1756990708.384,latency_s,6.234007
1756990708.384,latency_s,6.134040
1756990708.385,latency_s,6.158302
1756990708.385,latency_s,6.140991
1756990708.385,latency_s,6.100702
1756990708.385,latency_s,6.147993
1756990708.385,latency_s,6.133327
1756990708.385,latency_s,6.153640
1756990708.385,latency_s,6.158464
1756990708.385,latency_s,6.109394
1756990708.385,latency_s,6.134861
1756990708.385,latency_s,6.122602
1756990708.385,latency_s,6.150491
1756990708.385,latency_s,6.167013
1756990708.385,latency_s,6.065573
1756990708.385,latency_s,6.157990
1756990708.385,latency_s,6.150575
1756990708.385,latency_s,6.148228
1756990708.385,latency_s,6.033634
1756990708.385,latency_s,6.058843
1756990708.385,latency_s,6.041268
1756990708.385,latency_s,6.000797
1756990708.386,latency_s,6.048447
1756990708.386,latency_s,6.032999
1756990708.496,latency_s,6.163980
1756990708.496,latency_s,6.119800
1756990708.496,latency_s,6.144404
1756990708.496,latency_s,6.169499
1756990708.496,latency_s,6.133288
1756990708.714,latency_s,6.378911
1756990708.714,latency_s,6.279090
1756990708.714,latency_s,6.287102
1756990708.714,latency_s,6.261501
1756990708.714,latency_s,6.186469
1756990708.714,latency_s,6.237363
1756990708.714,latency_s,6.249710
1756990708.715,latency_s,6.279052
1756990708.715,latency_s,6.194065
1756990708.715,latency_s,6.184661
1756990708.715,latency_s,6.279505
1756990708.715,latency_s,6.179399
1756990708.715,latency_s,6.176438
1756990708.715,latency_s,6.186774
1756990708.715,latency_s,6.160300
1756990708.715,latency_s,6.169907
1756990708.715,latency_s,6.129419
1756990708.715,latency_s,6.176785
1756990708.715,latency_s,6.159632
1756990708.717,latency_s,6.139715
1756990708.717,latency_s,6.181205
1756990708.717,latency_s,6.089068
1756990708.717,latency_s,6.162487
1756990708.717,latency_s,6.139995
1756990708.717,latency_s,6.181438
1756990708.717,latency_s,6.080894
1756990708.717,latency_s,6.150483
1756990708.719,latency_s,6.096325
1756990708.719,latency_s,6.088130
1756990708.719,latency_s,6.082544
1756990708.719,latency_s,6.079419
1756990708.719,latency_s,6.089832
1756990708.821,latency_s,6.092700
1756990708.827,latency_s,6.040447
1756990708.828,latency_s,6.087888
1756990708.828,latency_s,6.070382
1756990708.828,latency_s,5.989877
1756990708.936,latency_s,6.106548
1756990708.936,latency_s,6.155925
1756990708.936,latency_s,6.179038
1756990708.936,latency_s,6.097324
1756990708.936,latency_s,6.112612
1756990708.936,latency_s,6.156161
1756990708.936,latency_s,6.104385
1756990708.936,latency_s,6.098491
1756990708.936,latency_s,6.095616
1756990708.936,latency_s,6.106335
1756990708.936,latency_s,6.078829
1756990708.937,latency_s,6.089745
1756990708.937,latency_s,6.048894
1756990708.937,latency_s,6.095790
1756990708.937,latency_s,6.078991
1756990708.937,latency_s,6.269144
1756990708.937,latency_s,6.168370
1756990708.937,latency_s,6.067532
1756990708.937,latency_s,6.079149
1756990708.937,latency_s,6.056441
1756990708.937,latency_s,5.998882
1756990708.937,latency_s,6.007038
1756990708.937,latency_s,5.997640
1756990708.937,latency_s,6.011988
1756990708.937,latency_s,6.056657
1756990708.937,latency_s,6.002996
1756990709.044,latency_s,6.105490
1756990709.044,latency_s,6.102242
1756990709.044,latency_s,6.109700
1756990709.044,latency_s,6.085834
1756990709.044,latency_s,6.096909
1756990709.044,latency_s,6.055643
1756990709.045,latency_s,6.103969
1756990709.152,latency_s,6.110271
1756990709.152,latency_s,6.194495
1756990709.153,latency_s,6.182023
1756990709.153,latency_s,6.194145
1756990709.153,latency_s,6.093870
1756990709.153,latency_s,6.113424
1756990709.153,latency_s,6.170860
1756990709.153,latency_s,6.121858
1756990709.153,latency_s,6.127348
1756990709.153,latency_s,6.112770
1756990709.153,latency_s,6.171013
1756990709.153,latency_s,6.118193
1756990709.153,latency_s,6.113843
1756990709.153,latency_s,6.109947
1756990709.153,latency_s,6.118379
1756990709.153,latency_s,6.094384
1756990709.153,latency_s,6.106004
1756990709.153,latency_s,6.005606
1756990709.153,latency_s,6.010551
1756990709.153,latency_s,6.094871
1756990709.154,latency_s,5.994322
1756990709.154,latency_s,6.082509
1756990709.154,latency_s,6.021269
1756990709.154,latency_s,6.013975
1756990709.154,latency_s,6.071214
1756990709.260,latency_s,6.133340
1756990709.260,latency_s,6.120080
1756990709.260,latency_s,6.177829
1756990709.260,latency_s,6.124118
1756990709.260,latency_s,6.121204
1756990709.260,latency_s,6.115910
1756990709.369,latency_s,6.232865
1756990709.369,latency_s,6.097312
1756990709.369,latency_s,6.135772
1756990709.369,latency_s,6.129142
1756990709.369,latency_s,6.185329
1756990709.369,latency_s,6.108799
1756990709.369,latency_s,6.142026
1756990709.370,latency_s,6.129009
1756990709.370,latency_s,6.185461
1756990709.370,latency_s,6.085089
1756990709.370,latency_s,6.132765
1756990709.370,latency_s,6.129934
1756990709.370,latency_s,6.123526
1756990709.370,latency_s,6.133006
1756990709.370,latency_s,6.109246
1756990709.370,latency_s,6.281635
1756990709.370,latency_s,6.181524
1756990709.370,latency_s,6.081404
1756990709.370,latency_s,6.025702
1756990709.370,latency_s,6.009063
1756990709.370,latency_s,5.996989
1756990709.371,latency_s,6.035427
1756990709.371,latency_s,6.086281
1756990709.371,latency_s,6.008451
1756990709.371,latency_s,5.985145
1756990709.477,latency_s,6.135928
1756990709.477,latency_s,6.136069
1756990709.479,latency_s,6.150447
1756990709.479,latency_s,6.093949
1756990709.479,latency_s,6.141714
1756990709.479,latency_s,6.138471
1756990709.479,latency_s,6.132475
1756990709.479,latency_s,6.141737
1756990709.479,latency_s,6.090157
1756990709.479,latency_s,6.032973
1756990709.479,latency_s,6.017542
1756990709.479,latency_s,6.005013
1756990709.585,latency_s,6.098801
1756990709.585,latency_s,6.146710
1756990709.586,latency_s,6.143933
1756990709.586,latency_s,6.123252
1756990709.586,latency_s,6.143979
1756990709.586,latency_s,6.156430
1756990709.586,latency_s,6.100581
1756990709.586,latency_s,6.146724
1756990709.586,latency_s,6.145104
1756990709.586,latency_s,6.137732
1756990709.586,latency_s,6.146978
1756990709.586,latency_s,6.046279
1756990709.586,latency_s,6.237557
1756990709.586,latency_s,6.137273
1756990709.586,latency_s,6.036908
1756990709.587,latency_s,6.097155
1756990709.587,latency_s,6.038960
1756990709.587,latency_s,6.022731
1756990709.587,latency_s,6.012127
1756990709.587,latency_s,5.998642
1756990709.587,latency_s,6.044568
1756990709.587,latency_s,6.022894
1756990709.693,latency_s,6.129439
1756990709.694,latency_s,6.053509
1756990709.694,latency_s,6.043441
1756990709.694,latency_s,6.103679
1756990709.694,latency_s,6.044976
1756990709.694,latency_s,6.027754
1756990709.694,latency_s,6.017956
1756990709.694,latency_s,6.003754
1756990709.802,latency_s,6.158609
1756990709.802,latency_s,6.158756
1756990709.802,latency_s,6.167293
1756990709.802,latency_s,6.115534
1756990709.802,latency_s,6.161025
1756990709.802,latency_s,6.160095
1756990709.802,latency_s,6.153120
1756990709.802,latency_s,6.136194
1756990709.802,latency_s,6.061760
1756990709.802,latency_s,6.051668
1756990709.802,latency_s,6.111910
1756990709.910,latency_s,6.119579
1756990709.910,latency_s,6.160678
1756990709.910,latency_s,6.141824
1756990709.910,latency_s,6.370724
1756990709.910,latency_s,6.270130
1756990709.910,latency_s,6.168656
1756990709.910,latency_s,6.119616
1756990709.910,latency_s,6.132834
1756990709.910,latency_s,6.166733
1756990709.910,latency_s,6.175244
1756990709.910,latency_s,6.123511
1756990709.910,latency_s,6.166940
1756990709.910,latency_s,6.168609
1756990709.910,latency_s,6.142445
1756990709.911,latency_s,6.069901
1756990709.911,latency_s,6.060061
1756990709.911,latency_s,6.019150
1756990709.911,latency_s,6.061085
1756990709.911,latency_s,6.040902
1756990709.918,latency_s,6.252130
1756990709.918,latency_s,6.149747
1756990710.016,latency_s,6.172778
1756990710.016,latency_s,6.173193
1756990710.017,latency_s,6.167341
1756990710.017,latency_s,6.066462
1756990710.017,latency_s,6.148194
1756990710.017,latency_s,6.076320
1756990710.017,latency_s,6.066643
1756990710.017,latency_s,6.025160
1756990710.017,latency_s,6.066857
1756990710.017,latency_s,6.047318
1756990710.018,latency_s,6.047766
1756990710.018,latency_s,6.038378
1756990710.018,latency_s,6.072507
1756990710.067,latency_s,6.131014
1756990710.067,latency_s,6.030636
1756990710.067,latency_s,6.121752
1756990710.067,latency_s,6.077443
1756990710.067,latency_s,6.124163
1756990710.067,latency_s,6.023338
1756990710.067,latency_s,6.124432
1756990710.067,latency_s,6.023411
1756990710.067,latency_s,6.016234
1756990710.067,latency_s,6.097384
1756990710.067,latency_s,5.996641
1756990710.233,latency_s,6.191144
1756990710.233,latency_s,6.182198
1756990710.233,latency_s,6.140055
1756990710.233,latency_s,6.182385
1756990710.233,latency_s,6.161806
1756990710.233,latency_s,6.162845
1756990710.233,latency_s,6.189421
1756990710.233,latency_s,6.139953
1756990710.233,latency_s,6.153534
1756990710.233,latency_s,6.187559
1756990710.233,latency_s,6.096221
1756990710.233,latency_s,6.187529
1756990710.233,latency_s,6.087314
1756990710.234,latency_s,6.143423
1756990710.234,latency_s,6.089625
1756990710.234,latency_s,6.089651
1756990710.234,latency_s,6.082242
1756990710.234,latency_s,6.061628
1756990710.273,latency_s,6.131305
1756990710.273,latency_s,6.122064
1756990710.274,latency_s,6.079842
1756990710.274,latency_s,6.122293
1756990710.274,latency_s,6.098522
1756990710.274,latency_s,6.101550
1756990710.274,latency_s,6.129617
1756990710.274,latency_s,6.079706
1756990710.274,latency_s,6.093305
1756990710.274,latency_s,6.127847
1756990710.274,latency_s,6.036361
1756990710.339,latency_s,6.148361
1756990710.339,latency_s,6.092656
1756990710.339,latency_s,6.094515
1756990710.340,latency_s,6.062334
1756990710.381,latency_s,6.098652
1756990710.381,latency_s,6.033289
1756990710.448,latency_s,6.155959
1756990710.449,latency_s,6.110660
1756990710.449,latency_s,6.102759
1756990710.449,latency_s,6.096396
1756990710.449,latency_s,6.073238
1756990710.449,latency_s,6.104213
1756990710.449,latency_s,6.103681
1756990710.449,latency_s,6.096759
1756990710.449,latency_s,6.054462
1756990710.449,latency_s,6.073267
1756990710.449,latency_s,6.068462
1756990710.449,latency_s,6.103064
1756990710.449,latency_s,6.002788
1756990710.449,latency_s,6.001231
1756990710.449,latency_s,6.054351
1756990710.489,latency_s,6.035988
1756990710.489,latency_s,6.012851
1756990710.549,latency_s,6.103715
1756990710.549,latency_s,6.103611
1756990710.549,latency_s,6.297273
1756990710.549,latency_s,6.196888
1756990710.549,latency_s,6.096745
1756990710.549,latency_s,6.097278
1756990710.550,latency_s,6.054912
1756990710.550,latency_s,6.073739
1756990710.550,latency_s,6.003123
1756990710.550,latency_s,6.066814
1756990710.550,latency_s,6.000700
1756990710.556,latency_s,6.069257
1756990710.556,latency_s,6.061097
1756990710.596,latency_s,6.101943
1756990710.596,latency_s,6.042957
1756990710.637,latency_s,6.059705
1756990710.637,latency_s,6.091084
1756990710.637,latency_s,6.091140
1756990710.637,latency_s,6.083694
1756990710.637,latency_s,6.084781
1756990710.637,latency_s,6.042277
1756990710.637,latency_s,6.059907
1756990710.637,latency_s,6.053728
1756990710.637,latency_s,5.989607
1756990710.637,latency_s,5.987605
1756990710.637,latency_s,6.049809
1756990710.663,latency_s,6.067227
1756990710.663,latency_s,6.217030
1756990710.663,latency_s,6.116893
1756990710.663,latency_s,6.016538
1756990710.703,latency_s,6.061754
1756990710.703,latency_s,6.053550
1756990710.744,latency_s,6.149354
1756990710.744,latency_s,6.089261
1756990710.744,latency_s,6.066638
1756990710.744,latency_s,6.097708
1756990710.744,latency_s,6.097807
1756990710.744,latency_s,6.088470
1756990710.744,latency_s,6.091915
1756990710.744,latency_s,5.991417
1756990710.744,latency_s,6.049459
1756990710.745,latency_s,6.059939
1756990710.745,latency_s,6.066920
1756990710.745,latency_s,5.996718
1756990710.745,latency_s,5.993473
1756990710.811,latency_s,6.068988
1756990710.811,latency_s,6.059617
1756990710.852,latency_s,6.157190
1756990710.852,latency_s,6.095339
1756990710.852,latency_s,6.073193
1756990710.852,latency_s,6.105584
1756990710.852,latency_s,6.105757
1756990710.853,latency_s,6.093659
1756990710.853,latency_s,5.992924
1756990710.853,latency_s,5.999432
1756990710.853,latency_s,6.057448
1756990710.853,latency_s,6.004579
1756990710.853,latency_s,6.066584
1756990710.853,latency_s,6.073573
1756990710.853,latency_s,5.973347
1756990710.853,latency_s,6.001466
1756990710.853,latency_s,6.055401
1756990710.918,latency_s,6.128563
1756990710.918,latency_s,6.070645
1756990710.919,latency_s,6.076037
1756990710.961,latency_s,6.165548
1756990710.961,latency_s,6.065525
1756990710.961,latency_s,6.109436
1756990710.961,latency_s,6.103281
1756990710.961,latency_s,6.081479
1756990710.961,latency_s,6.113688
1756990710.961,latency_s,6.113728
1756990710.961,latency_s,6.000887
1756990710.961,latency_s,6.007289
1756990710.961,latency_s,6.065854
1756990710.961,latency_s,5.981114
1756990710.961,latency_s,6.012773
1756990711.026,latency_s,6.037832
1756990711.026,latency_s,6.074451
1756990711.026,latency_s,6.136254
1756990711.027,latency_s,6.036235
1756990711.068,latency_s,6.169342
1756990711.068,latency_s,6.119852
1756990711.068,latency_s,6.124395
1756990711.068,latency_s,6.072440
1756990711.068,latency_s,6.116123
1756990711.068,latency_s,6.109806
1756990711.068,latency_s,6.087686
1756990711.068,latency_s,6.120547
1756990711.068,latency_s,6.019631
1756990711.068,latency_s,6.120597
1756990711.068,latency_s,6.019341
1756990711.068,latency_s,6.007484
1756990711.068,latency_s,6.013852
1756990711.134,latency_s,6.138198
1756990711.134,latency_s,6.053298
1756990711.134,latency_s,6.084951
1756990711.134,latency_s,6.043992
1756990711.134,latency_s,6.081375
1756990711.134,latency_s,6.043465
1756990711.134,latency_s,6.135274
1756990711.134,latency_s,6.035032
1756990711.134,latency_s,6.085491
1756990711.134,latency_s,6.089850
1756990711.134,latency_s,6.038389
1756990711.175,latency_s,6.122389
1756990711.175,latency_s,6.116507
1756990711.175,latency_s,6.094830
1756990711.176,latency_s,6.026839
1756990711.241,latency_s,6.041185
1756990711.241,latency_s,6.092008
1756990711.241,latency_s,6.044312
1756990711.241,latency_s,6.085782
1756990711.241,latency_s,6.095385
1756990711.241,latency_s,6.080184
1756990711.241,latency_s,6.059400
1756990711.241,latency_s,5.991906
1756990711.241,latency_s,5.990397
1756990711.241,latency_s,6.044971
1756990711.328,latency_s,6.065064
1756990711.328,latency_s,6.071906
1756990711.328,latency_s,6.045512
1756990711.328,latency_s,6.074762
1756990711.328,latency_s,6.077356
1756990711.328,latency_s,6.035382
1756990711.328,latency_s,6.034198
1756990711.348,latency_s,6.048262
1756990711.349,latency_s,6.099192
1756990711.349,latency_s,6.050533
1756990711.349,latency_s,6.102373
1756990711.349,latency_s,6.092753
1756990711.349,latency_s,6.086946
1756990711.349,latency_s,6.066383
1756990711.349,latency_s,5.998919
1756990711.349,latency_s,5.997700
1756990711.349,latency_s,5.985687
1756990711.349,latency_s,6.050853
1756990711.349,latency_s,5.992903
1756990711.349,latency_s,5.950815
1756990711.349,latency_s,5.966090
1756990711.349,latency_s,5.998142
1756990711.456,latency_s,6.054756
1756990711.456,latency_s,6.061396
1756990711.456,latency_s,6.057281
1756990711.456,latency_s,6.099486
1756990711.456,latency_s,6.109274
1756990711.456,latency_s,6.093642
1756990711.456,latency_s,5.993029
1756990711.456,latency_s,6.069909
1756990711.563,latency_s,6.113311
1756990711.564,latency_s,6.112297
1756990711.564,latency_s,6.100001
1756990711.564,latency_s,6.065038
1756990711.564,latency_s,6.107498
1756990711.564,latency_s,6.080256
1756990711.564,latency_s,6.069033
1756990711.564,latency_s,6.109606
1756990711.564,latency_s,6.062272
1756990711.564,latency_s,6.107502
1756990711.564,latency_s,6.117081
1756990711.564,latency_s,5.999254
1756990711.564,latency_s,6.077658
1756990711.564,latency_s,6.012518
1756990711.564,latency_s,6.012530
1756990711.564,latency_s,5.964643
1756990711.564,latency_s,5.997867
1756990711.564,latency_s,6.007316
1756990711.564,latency_s,6.171053
1756990711.564,latency_s,6.070582
1756990711.565,latency_s,5.969568
1756990711.565,latency_s,5.980765
1756990711.565,latency_s,5.969022
1756990711.565,latency_s,5.962291
1756990711.677,latency_s,6.129513
1756990711.677,latency_s,6.029030
1756990711.677,latency_s,6.011302
1756990711.677,latency_s,6.089685
1756990711.677,latency_s,6.327019
1756990711.677,latency_s,6.226799
1756990711.677,latency_s,6.125286
1756990711.677,latency_s,6.024997
1756990711.677,latency_s,6.025230
1756990711.784,latency_s,6.132378
1756990711.785,latency_s,6.084778
1756990711.785,latency_s,6.117136
1756990711.785,latency_s,6.127448
1756990711.785,latency_s,6.089106
1756990711.785,latency_s,6.098478
1756990711.785,latency_s,6.089002
1756990711.785,latency_s,6.130017
1756990711.785,latency_s,6.081817
1756990711.785,latency_s,6.132765
1756990711.785,latency_s,6.127521
1756990711.785,latency_s,6.026928
1756990711.785,latency_s,6.036647
1756990711.785,latency_s,6.096706
1756990711.785,latency_s,5.996322
1756990711.785,latency_s,6.032513
1756990711.785,latency_s,6.033077
1756990711.785,latency_s,6.032547
1756990711.785,latency_s,6.018077
1756990711.785,latency_s,5.985210
1756990711.785,latency_s,6.027679
1756990711.785,latency_s,6.016800
1756990711.785,latency_s,5.989295
1756990711.892,latency_s,6.190987
1756990711.892,latency_s,6.090910
1756990711.892,latency_s,6.033769
1756990711.892,latency_s,6.043103
1756990711.892,latency_s,6.002650
1756990711.892,latency_s,6.039306
1756990711.892,latency_s,6.039285
1756990711.892,latency_s,6.023673
1756990711.893,latency_s,5.991835
1756990712.000,latency_s,6.141422
1756990712.000,latency_s,6.130332
1756990712.000,latency_s,6.147108
1756990712.000,latency_s,6.102282
1756990712.000,latency_s,6.046380
1756990712.000,latency_s,6.110730
1756990712.000,latency_s,6.102422
1756990712.000,latency_s,6.043700
1756990712.000,latency_s,6.046130
1756990712.000,latency_s,6.094649
1756990712.000,latency_s,6.098601
1756990712.000,latency_s,6.041493
1756990712.000,latency_s,6.049820
1756990712.000,latency_s,6.009410
1756990712.000,latency_s,6.046802
1756990712.000,latency_s,6.046853
1756990712.001,latency_s,6.030238
1756990712.001,latency_s,5.998109
1756990712.001,latency_s,6.041931
1756990712.001,latency_s,6.030471
1756990712.001,latency_s,6.002872
1756990712.001,latency_s,5.946624
1756990712.001,latency_s,6.011218
1756990712.108,latency_s,6.105392
1756990712.108,latency_s,6.048928
1756990712.109,latency_s,6.056847
1756990712.109,latency_s,6.012880
1756990712.109,latency_s,6.054309
1756990712.109,latency_s,6.054311
1756990712.109,latency_s,6.037299
1756990712.109,latency_s,6.049589
1756990712.109,latency_s,6.038100
1756990712.109,latency_s,6.006202
1756990712.109,latency_s,6.010117
1756990712.109,latency_s,5.953363
1756990712.109,latency_s,6.013144
1756990712.216,latency_s,6.057747
1756990712.216,latency_s,6.108715
1756990712.216,latency_s,6.112181
1756990712.216,latency_s,6.117197
1756990712.216,latency_s,6.050179
1756990712.216,latency_s,6.063803
1756990712.216,latency_s,6.019116
1756990712.216,latency_s,6.060323
1756990712.216,latency_s,6.060615
1756990712.216,latency_s,6.044337
1756990712.216,latency_s,6.056297
1756990712.216,latency_s,6.012954
1756990712.216,latency_s,6.044897
1756990712.216,latency_s,6.016523
1756990712.216,latency_s,5.960129
1756990712.216,latency_s,6.161496
1756990712.216,latency_s,6.060737
1756990712.216,latency_s,5.960014
1756990712.216,latency_s,6.019560
1756990712.322,latency_s,6.064498
1756990712.323,latency_s,6.114074
1756990712.323,latency_s,6.116616
1756990712.323,latency_s,6.123504
1756990712.323,latency_s,6.056435
1756990712.323,latency_s,6.069892
1756990712.323,latency_s,6.026111
1756990712.323,latency_s,6.067294
1756990712.323,latency_s,6.067406
1756990712.323,latency_s,6.049776
1756990712.323,latency_s,6.063117
1756990712.323,latency_s,5.962994
1756990712.323,latency_s,6.019800
1756990712.324,latency_s,6.051870
1756990712.324,latency_s,5.966857
1756990712.324,latency_s,6.023366
1756990712.324,latency_s,5.967093
1756990712.431,latency_s,6.133730
1756990712.431,latency_s,6.072519
1756990712.431,latency_s,6.121704
1756990712.431,latency_s,6.124259
1756990712.431,latency_s,6.131640
1756990712.431,latency_s,6.064202
1756990712.431,latency_s,6.077511
1756990712.431,latency_s,6.033566
1756990712.431,latency_s,6.074776
1756990712.431,latency_s,6.074615
1756990712.431,latency_s,6.056801
1756990712.431,latency_s,5.970329
1756990712.431,latency_s,6.027571
1756990712.431,latency_s,6.058699
1756990712.431,latency_s,5.958078
1756990712.431,latency_s,5.973910
1756990712.432,latency_s,6.031097
1756990712.432,latency_s,5.973981
1756990712.432,latency_s,6.034186
1756990712.432,latency_s,5.932838
1756990712.432,latency_s,5.973327
1756990712.540,latency_s,6.139725
1756990712.540,latency_s,6.039644
1756990712.540,latency_s,6.132219
1756990712.540,latency_s,6.130315
1756990712.540,latency_s,6.085226
1756990712.540,latency_s,6.071339
1756990712.540,latency_s,6.040783
1756990712.540,latency_s,6.082403
1756990712.540,latency_s,5.982298
1756990712.540,latency_s,6.082892
1756990712.540,latency_s,5.982736
1756990712.540,latency_s,6.065471
1756990712.647,latency_s,6.071977
1756990712.647,latency_s,6.085538
1756990712.647,latency_s,6.142861
1756990712.647,latency_s,6.073297
1756990712.647,latency_s,6.089392
1756990712.647,latency_s,6.145921
1756990712.647,latency_s,6.089449
1756990712.647,latency_s,6.047790
1756990712.647,latency_s,6.088807
1756990712.647,latency_s,6.046937
1756990712.648,latency_s,6.138752
1756990712.648,latency_s,6.038526
1756990712.648,latency_s,6.137812
1756990712.648,latency_s,6.036788
1756990712.648,latency_s,6.092597
1756990712.648,latency_s,6.078040
1756990712.648,latency_s,5.989969
1756990712.648,latency_s,5.989955
1756990712.648,latency_s,5.972371
1756990712.648,latency_s,5.986329
1756990712.755,latency_s,6.096634
1756990712.755,latency_s,6.054605
1756990712.755,latency_s,6.096087
1756990712.755,latency_s,6.054296
1756990712.755,latency_s,6.044515
1756990712.755,latency_s,6.043477
1756990712.755,latency_s,6.099008
1756990712.755,latency_s,6.082106
1756990712.755,latency_s,5.996496
1756990712.755,latency_s,5.997066
1756990712.755,latency_s,5.979549
1756990712.755,latency_s,5.980318
1756990712.755,latency_s,5.996629
1756990712.755,latency_s,5.952576
1756990712.863,latency_s,6.103807
1756990712.863,latency_s,6.103914
1756990712.863,latency_s,6.050837
1756990712.863,latency_s,6.051830
1756990712.863,latency_s,6.062213
1756990712.863,latency_s,6.105632
1756990712.863,latency_s,6.088560
1756990712.863,latency_s,6.263515
1756990712.863,latency_s,6.163100
1756990712.863,latency_s,6.062927
1756990712.863,latency_s,6.004446
1756990712.863,latency_s,6.004788
1756990712.863,latency_s,5.987052
1756990712.864,latency_s,5.987953
1756990712.864,latency_s,6.004593
1756990712.864,latency_s,5.960187
1756990712.864,latency_s,6.004475
1756990712.864,latency_s,6.063041
1756990712.972,latency_s,6.012872
1756990712.972,latency_s,6.013289
1756990712.973,latency_s,6.266888
1756990712.973,latency_s,6.210026
1756990712.973,latency_s,6.166828
1756990712.973,latency_s,6.109648
1756990712.973,latency_s,6.066337
1756990712.973,latency_s,6.009580
1756990712.973,latency_s,5.995794
1756990712.973,latency_s,5.995917
1756990712.973,latency_s,6.013211
1756990712.973,latency_s,5.968736
1756990712.973,latency_s,5.968419
1756990712.973,latency_s,6.013396
1756990713.080,latency_s,6.068116
1756990713.080,latency_s,6.120679
1756990713.080,latency_s,6.103236
1756990713.080,latency_s,6.075748
1756990713.080,latency_s,6.020506
1756990713.187,latency_s,6.126505
1756990713.187,latency_s,6.180248
1756990713.187,latency_s,6.080169
1756990713.187,latency_s,6.123123
1756990713.187,latency_s,6.107410
1756990713.187,latency_s,6.109873
1756990713.187,latency_s,6.127254
1756990713.187,latency_s,6.081207
1756990713.187,latency_s,6.286077
1756990713.187,latency_s,6.185504
1756990713.187,latency_s,6.085013
1756990713.187,latency_s,6.081536
1756990713.187,latency_s,6.127147
1756990713.189,latency_s,6.074419
1756990713.189,latency_s,6.128898
1756990713.189,latency_s,6.128783
1756990713.189,latency_s,6.111829
1756990713.189,latency_s,6.029004
1756990713.189,latency_s,6.028827
1756990713.189,latency_s,5.982369
1756990713.189,latency_s,6.025032
1756990713.189,latency_s,6.009741
1756990713.190,latency_s,6.012171
1756990713.190,latency_s,6.029497
1756990713.190,latency_s,5.982807
1756990713.190,latency_s,5.986802
1756990713.190,latency_s,5.983832
1756990713.293,latency_s,6.032603
1756990713.294,latency_s,5.986218
1756990713.294,latency_s,6.028774
1756990713.294,latency_s,6.013774
1756990713.294,latency_s,6.015703
1756990713.297,latency_s,5.989199
1756990713.297,latency_s,6.036041
1756990713.297,latency_s,6.035826
1756990713.297,latency_s,5.993897
1756990713.297,latency_s,5.990483
1756990713.401,latency_s,6.085808
1756990713.402,latency_s,6.140694
1756990713.402,latency_s,6.040497
1756990713.402,latency_s,6.289406
1756990713.402,latency_s,6.188433
1756990713.402,latency_s,6.123236
1756990713.402,latency_s,6.040303
1756990713.402,latency_s,6.088375
1756990713.402,latency_s,6.040924
1756990713.402,latency_s,6.040750
1756990713.402,latency_s,5.994451
1756990713.402,latency_s,6.036855
1756990713.402,latency_s,6.019117
1756990713.402,latency_s,6.023114
1756990713.403,latency_s,5.995669
1756990713.404,latency_s,6.042618
1756990713.404,latency_s,6.042053
1756990713.404,latency_s,5.941757
1756990713.404,latency_s,5.997615
1756990713.404,latency_s,6.000840
1756990713.404,latency_s,5.942627
1756990713.404,latency_s,5.988581
1756990713.405,latency_s,6.024960
1756990713.405,latency_s,5.942555
1756990713.405,latency_s,5.990659
1756990713.405,latency_s,6.299059
1756990713.405,latency_s,6.198740
1756990713.512,latency_s,6.205642
1756990713.512,latency_s,6.102252
1756990713.512,latency_s,6.002092
1756990713.512,latency_s,6.050438
1756990713.512,latency_s,6.050554
1756990713.512,latency_s,6.046781
1756990713.513,latency_s,6.004792
1756990713.513,latency_s,6.027031
1756990713.513,latency_s,6.030098
1756990713.513,latency_s,6.004730
1756990713.553,latency_s,6.091230
1756990713.553,latency_s,5.991035
1756990713.553,latency_s,5.990958
1756990713.553,latency_s,6.049144
1756990713.553,latency_s,6.046210
1756990713.553,latency_s,5.991419
1756990713.553,latency_s,6.036959
1756990713.553,latency_s,6.038923
1756990713.554,latency_s,6.069970
1756990713.620,latency_s,6.057532
1756990713.621,latency_s,6.036073
1756990713.621,latency_s,6.009913
1756990713.621,latency_s,6.058464
1756990713.621,latency_s,6.058709
1756990713.621,latency_s,6.012926
1756990713.621,latency_s,6.054598
1756990713.621,latency_s,6.034815
1756990713.621,latency_s,6.038287
1756990713.621,latency_s,6.012868
1756990713.621,latency_s,5.957916
1756990713.621,latency_s,5.957436
1756990713.621,latency_s,6.013348
1756990713.727,latency_s,6.110064
1756990713.728,latency_s,6.064982
1756990713.728,latency_s,6.112010
1756990713.728,latency_s,6.042336
1756990713.728,latency_s,6.065054
1756990713.728,latency_s,6.064969
1756990713.728,latency_s,6.065294
1756990713.728,latency_s,6.019797
1756990713.728,latency_s,6.061507
1756990713.728,latency_s,6.016793
1756990713.728,latency_s,6.041648
1756990713.728,latency_s,5.964713
1756990713.728,latency_s,6.019748
1756990713.728,latency_s,5.964429
1756990713.728,latency_s,6.020324
1756990713.728,latency_s,6.023446
1756990713.728,latency_s,6.010085
1756990713.728,latency_s,6.012047
1756990713.728,latency_s,5.965204
1756990713.835,latency_s,6.048869
1756990713.835,latency_s,6.071909
1756990713.835,latency_s,6.072052
1756990713.835,latency_s,6.026561
1756990713.835,latency_s,6.068239
1756990713.835,latency_s,6.048529
1756990713.835,latency_s,6.023814
1756990713.835,latency_s,5.971637
1756990713.836,latency_s,6.026546
1756990713.836,latency_s,5.971373
1756990713.836,latency_s,6.030034
1756990713.836,latency_s,6.027116
1756990714.049,latency_s,6.230385
1756990714.049,latency_s,6.232334
1756990714.049,latency_s,6.185781
1756990714.050,latency_s,6.160531
1756990714.050,latency_s,6.185812
1756990714.050,latency_s,6.186277
1756990714.050,latency_s,6.140342
1756990714.050,latency_s,6.181960
1756990714.050,latency_s,6.081836
1756990714.050,latency_s,6.366182
1756990714.050,latency_s,6.265828
1756990714.050,latency_s,6.162287
1756990714.050,latency_s,6.137538
1756990714.050,latency_s,6.160732
1756990714.050,latency_s,6.085733
1756990714.050,latency_s,6.140717
1756990714.050,latency_s,6.286793
1756990714.050,latency_s,6.186513
1756990714.050,latency_s,6.086113
1756990714.050,latency_s,6.086002
1756990714.156,latency_s,6.164326
1756990714.156,latency_s,6.192365
1756990714.157,latency_s,6.192640
1756990714.157,latency_s,6.091783
1756990714.157,latency_s,6.092089
1756990714.157,latency_s,6.145824
1756990714.157,latency_s,6.088219
1756990714.157,latency_s,6.168177
1756990714.157,latency_s,6.143905
1756990714.157,latency_s,6.166737
1756990714.157,latency_s,6.089219
1756990714.157,latency_s,6.092342
1756990714.157,latency_s,6.048956
1756990714.157,latency_s,6.136709
1756990714.263,latency_s,5.993542
1756990714.263,latency_s,6.142951
1756990714.263,latency_s,5.950428
1756990714.263,latency_s,6.097109
1756990714.370,latency_s,6.180699
1756990714.371,latency_s,6.149833
1756990714.371,latency_s,6.104118
1756990714.371,latency_s,6.079391
1756990714.371,latency_s,6.179073
1756990714.371,latency_s,6.100934
1756990714.371,latency_s,6.104226
1756990714.371,latency_s,6.004081
1756990714.371,latency_s,6.057443
1756990714.371,latency_s,6.001136
1756990714.371,latency_s,6.149977
1756990714.371,latency_s,6.178318
1756990714.371,latency_s,6.003995
1756990714.371,latency_s,6.202937
1756990714.371,latency_s,6.159422
1756990714.371,latency_s,6.162696
1756990714.412,latency_s,6.200091
1756990714.412,latency_s,6.089630
1756990714.412,latency_s,6.142283
1756990714.412,latency_s,6.120129
1756990714.412,latency_s,6.099730
1756990714.412,latency_s,6.119063
1756990714.412,latency_s,6.042358
1756990714.412,latency_s,6.045112
1756990714.412,latency_s,6.042347
1756990714.413,latency_s,6.102720
1756990714.480,latency_s,6.213126
1756990714.480,latency_s,6.167207
1756990714.480,latency_s,6.011435
1756990714.480,latency_s,6.009607
1756990714.480,latency_s,6.056485
1756990714.480,latency_s,6.066875
1756990714.520,latency_s,6.125228
1756990714.587,latency_s,6.116655
1756990714.588,latency_s,6.090961
1756990714.588,latency_s,6.120207
1756990714.588,latency_s,6.195236
1756990714.588,latency_s,6.190905
1756990714.588,latency_s,6.092745
1756990714.588,latency_s,6.175142
1756990714.588,latency_s,6.177708
1756990714.588,latency_s,6.174696
1756990714.588,latency_s,6.116493
1756990714.588,latency_s,6.162985
1756990714.588,latency_s,6.116598
1756990714.588,latency_s,6.020520
1756990714.588,latency_s,6.074269
1756990714.588,latency_s,6.075265
1756990714.588,latency_s,6.016559
1756990714.588,latency_s,6.074707
1756990714.589,latency_s,6.017840
1756990714.627,latency_s,6.116590
1756990714.628,latency_s,6.056864
1756990714.628,latency_s,6.059713
1756990714.628,latency_s,6.055973
1756990714.628,latency_s,6.102484
1756990714.694,latency_s,6.169968
1756990714.695,latency_s,6.098756
1756990714.695,latency_s,6.124487
1756990714.695,latency_s,6.181086
1756990714.695,latency_s,6.097518
1756990714.695,latency_s,6.194741
1756990714.695,latency_s,6.093587
1756990714.695,latency_s,6.026619
1756990714.696,latency_s,6.081670
1756990714.735,latency_s,6.021020
1756990714.735,latency_s,6.063994
1756990714.736,latency_s,6.121787
1756990714.736,latency_s,6.063532
1756990714.736,latency_s,6.124108
1756990714.736,latency_s,6.067013
1756990714.736,latency_s,6.021719
1756990714.736,latency_s,6.122284
1756990714.736,latency_s,6.109936
1756990714.736,latency_s,6.023209
1756990714.736,latency_s,6.022122
1756990714.736,latency_s,6.039413
1756990714.736,latency_s,6.032713
1756990714.736,latency_s,6.064784
1756990714.736,latency_s,6.064360
1756990714.736,latency_s,6.038600
1756990714.736,latency_s,6.122290
1756990714.803,latency_s,6.088876
1756990714.803,latency_s,6.034159
1756990715.062,latency_s,6.246716
1756990715.062,latency_s,6.289560
1756990715.062,latency_s,6.289878
1756990715.062,latency_s,6.247933
1756990715.062,latency_s,6.247152
1756990715.062,latency_s,6.264213
1756990715.062,latency_s,6.290419
1756990715.062,latency_s,6.336525
1756990715.062,latency_s,6.290178
1756990715.062,latency_s,6.257498
1756990715.062,latency_s,6.249183
1756990715.062,latency_s,6.292597
1756990715.062,latency_s,6.193445
1756990715.062,latency_s,6.189878
1756990715.062,latency_s,6.147742
1756990715.062,latency_s,6.235542
1756990715.063,latency_s,6.160990
1756990715.063,latency_s,6.147416
1756990715.063,latency_s,6.135491
1756990715.063,latency_s,6.161155
1756990715.063,latency_s,6.235291
1756990715.063,latency_s,6.157538
1756990715.063,latency_s,6.187554
1756990715.063,latency_s,6.190637
1756990715.063,latency_s,6.147979
1756990715.063,latency_s,6.148231
1756990715.063,latency_s,6.190619
1756990715.063,latency_s,6.134149
1756990715.063,latency_s,6.047797
1756990715.063,latency_s,6.093877
1756990715.063,latency_s,6.090557
1756990715.063,latency_s,6.035760
1756990715.172,latency_s,6.044517
1756990715.173,latency_s,6.099529
1756990715.173,latency_s,6.056837
1756990715.173,latency_s,6.068425
1756990715.280,latency_s,6.164081
1756990715.280,latency_s,6.176631
1756990715.280,latency_s,6.147717
1756990715.280,latency_s,6.206989
1756990715.280,latency_s,6.164399
1756990715.280,latency_s,6.203847
1756990715.280,latency_s,6.407749
1756990715.280,latency_s,6.307611
1756990715.280,latency_s,6.207443
1756990715.280,latency_s,6.109833
1756990715.280,latency_s,6.063787
1756990715.280,latency_s,6.106559
1756990715.280,latency_s,6.107036
1756990715.280,latency_s,6.064219
1756990715.280,latency_s,6.064236
1756990715.280,latency_s,6.107147
1756990715.280,latency_s,6.103709
1756990715.280,latency_s,6.052054
1756990715.281,latency_s,6.047643
1756990715.281,latency_s,6.075937
1756990715.281,latency_s,6.071071
1756990715.281,latency_s,6.064574
1756990715.281,latency_s,6.064441
1756990715.281,latency_s,6.075070
1756990715.281,latency_s,6.107600
1756990715.281,latency_s,6.107832
1756990715.281,latency_s,5.963800
1756990715.281,latency_s,6.010374
1756990715.387,latency_s,6.112995
1756990715.387,latency_s,6.113124
1756990715.388,latency_s,6.070625
1756990715.388,latency_s,6.051096
1756990715.388,latency_s,6.110376
1756990715.495,latency_s,6.166019
1756990715.495,latency_s,6.220444
1756990715.495,latency_s,6.178138
1756990715.495,latency_s,6.178180
1756990715.495,latency_s,6.184978
1756990715.495,latency_s,6.220694
1756990715.495,latency_s,6.188754
1756990715.495,latency_s,6.188992
1756990715.495,latency_s,6.221014
1756990715.496,latency_s,6.178332
1756990715.496,latency_s,6.077766
1756990715.496,latency_s,6.124148
1756990715.496,latency_s,6.121108
1756990715.496,latency_s,6.077828
1756990715.496,latency_s,6.121008
1756990715.496,latency_s,6.057125
1756990715.496,latency_s,6.117829
1756990715.496,latency_s,6.120214
1756990715.496,latency_s,6.077482
1756990715.496,latency_s,6.077295
1756990715.496,latency_s,6.088608
1756990715.603,latency_s,6.126379
1756990715.603,latency_s,6.227702
1756990715.603,latency_s,6.227877
1756990715.603,latency_s,6.173212
1756990715.603,latency_s,6.184966
1756990715.603,latency_s,6.195253
1756990715.603,latency_s,6.084525
1756990715.603,latency_s,6.127582
1756990715.603,latency_s,6.027003
1756990715.603,latency_s,6.063816
1756990715.603,latency_s,6.084422
1756990715.603,latency_s,6.124849
1756990715.603,latency_s,6.084222
1756990715.603,latency_s,6.024632
1756990715.710,latency_s,6.134416
1756990715.710,latency_s,6.134898
1756990715.711,latency_s,6.202781
1756990715.711,latency_s,6.134177
1756990715.711,latency_s,6.192220
1756990715.711,latency_s,6.180925
1756990715.711,latency_s,6.192328
1756990715.711,latency_s,6.202884
1756990715.711,latency_s,6.091708
1756990715.711,latency_s,6.037128
1756990715.711,latency_s,6.034707
1756990715.711,latency_s,6.034525
1756990715.711,latency_s,6.091973
1756990715.711,latency_s,6.071376
1756990715.711,latency_s,6.091941
1756990715.711,latency_s,6.030899
1756990715.711,latency_s,6.102568
1756990715.711,latency_s,6.035290
1756990715.818,latency_s,6.041227
1756990715.818,latency_s,6.097562
1756990715.818,latency_s,6.041492
1756990715.955,latency_s,6.214055
1756990715.956,latency_s,6.234974
1756990715.956,latency_s,6.173953
1756990715.956,latency_s,6.236040
1756990715.956,latency_s,6.178771
1756990715.956,latency_s,6.235750
1756990715.956,latency_s,6.224969
1756990715.956,latency_s,6.235161
1756990715.956,latency_s,6.246723
1756990715.956,latency_s,6.179519
1756990715.956,latency_s,6.246452
1756990715.956,latency_s,6.135313
1756990715.956,latency_s,6.078974
1756990715.956,latency_s,6.134947
1756990715.956,latency_s,6.073137
1756990715.956,latency_s,6.113854
1756990715.956,latency_s,6.136275
1756990715.956,latency_s,6.146756
1756990715.956,latency_s,6.078905
1756990715.956,latency_s,6.079410
1756990715.956,latency_s,6.125341
1756990715.957,latency_s,6.078828
1756990715.957,latency_s,6.135864
1756990716.033,latency_s,6.222727
1756990716.033,latency_s,6.211536
1756990716.033,latency_s,6.057616
1756990716.033,latency_s,6.112512
1756990716.033,latency_s,6.054320
1756990716.033,latency_s,6.111596
1756990716.036,latency_s,6.114911
1756990716.037,latency_s,6.059188
1756990716.037,latency_s,6.089133
1756990716.063,latency_s,6.051012
1756990716.063,latency_s,6.141763
1756990716.144,latency_s,6.068092
1756990716.144,latency_s,6.122944
1756990716.144,latency_s,6.064086
1756990716.144,latency_s,6.059963
1756990716.144,latency_s,6.122552
1756990716.144,latency_s,6.066340
1756990716.144,latency_s,6.096403
1756990716.144,latency_s,6.123093
1756990716.144,latency_s,6.022899
1756990716.144,latency_s,6.066095
1756990716.144,latency_s,6.064633
1756990716.144,latency_s,6.122418
1756990716.144,latency_s,6.031884
1756990716.144,latency_s,6.030256
1756990716.145,latency_s,6.112173
1756990716.145,latency_s,6.122828
1756990716.170,latency_s,6.047960
1756990716.170,latency_s,6.092348
1756990716.216,latency_s,6.094130
1756990716.216,latency_s,6.035880
1756990716.216,latency_s,6.039837
1756990716.216,latency_s,6.094954
1756990716.216,latency_s,5.994565
1756990716.216,latency_s,6.031809
1756990716.216,latency_s,6.094613
1756990716.216,latency_s,6.038049
1756990716.216,latency_s,5.994485
1756990716.217,latency_s,6.066194
1756990716.217,latency_s,5.994748
1756990716.250,latency_s,6.069580
1756990716.278,latency_s,6.063630
1756990716.278,latency_s,5.997187
1756990716.324,latency_s,6.301651
1756990716.324,latency_s,6.047041
1756990716.324,latency_s,6.001451
1756990716.324,latency_s,6.201713
1756990716.324,latency_s,6.101035
1756990716.324,latency_s,6.000916
1756990716.324,latency_s,6.044904
1756990716.324,latency_s,6.038918
1756990716.324,latency_s,6.072027
1756990716.324,latency_s,6.001484
1756990716.324,latency_s,6.001715
1756990716.324,latency_s,6.043124
1756990716.324,latency_s,6.091011
1756990716.324,latency_s,6.043068
1756990716.324,latency_s,6.001585
1756990716.324,latency_s,6.010220
1756990716.386,latency_s,6.062856
1756990716.386,latency_s,6.070996
1756990716.386,latency_s,6.052401
1756990716.431,latency_s,6.007878
1756990716.431,latency_s,6.048550
1756990716.431,latency_s,6.054138
1756990716.431,latency_s,6.008755
1756990716.431,latency_s,6.052075
1756990716.431,latency_s,6.076912
1756990716.431,latency_s,6.008665
1756990716.431,latency_s,6.045896
1756990716.431,latency_s,6.008736
1756990716.431,latency_s,6.048867
1756990716.432,latency_s,6.048984
1756990716.493,latency_s,6.070243
1756990716.494,latency_s,6.110889
1756990716.494,latency_s,6.059345
1756990716.494,latency_s,6.077190
1756990716.494,latency_s,5.970308
1756990716.600,latency_s,6.122448
1756990716.600,latency_s,6.077607
1756990716.600,latency_s,6.117358
1756990716.600,latency_s,6.077336
1756990716.600,latency_s,6.114321
1756990716.600,latency_s,6.145351
1756990716.600,latency_s,6.077427
1756990716.601,latency_s,6.120736
1756990716.601,latency_s,6.117461
1756990716.601,latency_s,6.077111
1756990716.601,latency_s,6.082972
1756990716.601,latency_s,6.066023
1756990716.601,latency_s,6.077528
1756990716.601,latency_s,6.117975
1756990716.601,latency_s,6.117934
1756990716.601,latency_s,5.977176
1756990716.601,latency_s,6.023124
1756990716.601,latency_s,5.978154
1756990716.601,latency_s,6.017856
1756990716.601,latency_s,6.045700
1756990716.601,latency_s,6.015013
1756990716.601,latency_s,5.978075
1756990716.601,latency_s,5.945519
1756990716.601,latency_s,6.021379
1756990716.601,latency_s,5.977731
1756990716.601,latency_s,6.017937
1756990716.601,latency_s,5.977673
1756990716.707,latency_s,6.088738
1756990716.707,latency_s,6.123950
1756990716.707,latency_s,6.089016
1756990716.707,latency_s,6.123986
1756990716.707,latency_s,6.070340
1756990716.708,latency_s,5.983528
1756990716.708,latency_s,6.029951
1756990716.709,latency_s,6.024694
1756990716.815,latency_s,6.091034
1756990716.815,latency_s,6.128461
1756990716.816,latency_s,6.090903
1756990716.816,latency_s,6.091284
1756990716.816,latency_s,6.135274
1756990716.816,latency_s,6.059696
1756990716.816,latency_s,6.091089
1756990716.816,latency_s,6.090807
1756990716.816,latency_s,6.095929
1756990716.816,latency_s,6.078184
1756990716.816,latency_s,6.132054
1756990716.816,latency_s,6.129087
1756990716.816,latency_s,6.096076
1756990716.816,latency_s,6.129074
1756990716.816,latency_s,5.990448
1756990716.816,latency_s,6.037375
1756990716.816,latency_s,6.031612
1756990716.816,latency_s,5.990514
1756990716.816,latency_s,6.027661
1756990716.816,latency_s,5.959897
1756990716.816,latency_s,5.991813
1756990716.922,latency_s,6.098007
1756990716.923,latency_s,6.101805
1756990716.923,latency_s,6.097191
1756990716.923,latency_s,6.096979
1756990716.923,latency_s,6.084105
1756990716.923,latency_s,6.138573
1756990716.923,latency_s,6.134293
1756990716.923,latency_s,6.102323
1756990716.923,latency_s,6.043102
1756990716.923,latency_s,5.997753
1756990716.923,latency_s,5.997880
1756990716.923,latency_s,6.034513
1756990716.923,latency_s,5.997303
1756990716.924,latency_s,5.966389
1756990716.924,latency_s,6.038867
1756990717.030,latency_s,6.108514
1756990717.030,latency_s,6.104091
1756990717.030,latency_s,6.104195
1756990717.030,latency_s,6.141549
1756990717.030,latency_s,6.090970
1756990717.030,latency_s,6.145692
1756990717.030,latency_s,6.141658
1756990717.030,latency_s,6.109251
1756990717.030,latency_s,6.249274
1756990717.030,latency_s,6.148794
1756990717.030,latency_s,6.047615
1756990717.031,latency_s,6.003871
1756990717.031,latency_s,6.050670
1756990717.031,latency_s,5.950499
1756990717.031,latency_s,6.005281
1756990717.031,latency_s,6.005506
1756990717.031,latency_s,6.040963
1756990717.031,latency_s,6.045135
1756990717.031,latency_s,6.004082
1756990717.031,latency_s,5.973218
1756990717.031,latency_s,5.943885
1756990717.031,latency_s,6.008576
1756990717.137,latency_s,6.147842
1756990717.137,latency_s,6.047269
1756990717.137,latency_s,6.047521
1756990717.137,latency_s,6.115166
1756990717.138,latency_s,6.054100
1756990717.144,latency_s,6.016998
1756990717.144,latency_s,5.963202
1756990717.144,latency_s,6.018476
1756990717.144,latency_s,5.952953
1756990717.144,latency_s,5.957078
1756990717.144,latency_s,6.018682
1756990717.145,latency_s,6.021071
1756990717.246,latency_s,6.087707
1756990717.246,latency_s,6.119036
1756990717.246,latency_s,6.103663
1756990717.246,latency_s,6.059149
1756990717.246,latency_s,6.123360
1756990717.246,latency_s,6.054722
1756990717.246,latency_s,6.056084
1756990717.247,latency_s,6.119440
1756990717.247,latency_s,6.062009
1756990717.247,latency_s,5.961001
1756990717.247,latency_s,6.019271
1756990717.247,latency_s,5.965443
1756990717.247,latency_s,6.020253
1756990717.247,latency_s,5.955117
1756990717.247,latency_s,5.959043
1756990717.247,latency_s,6.019309
1756990717.247,latency_s,6.020477
1756990717.247,latency_s,6.022362
1756990717.247,latency_s,5.988240
1756990717.247,latency_s,6.003909
1756990717.251,latency_s,5.963635
1756990717.252,latency_s,5.958970
1756990717.252,latency_s,5.960946
1756990717.252,latency_s,6.024151
1756990717.252,latency_s,6.027971
1756990717.354,latency_s,5.966978
1756990717.354,latency_s,6.227503
1756990717.354,latency_s,6.127347
1756990717.354,latency_s,6.027205
1756990717.354,latency_s,6.026765
1756990717.355,latency_s,5.972729
1756990717.355,latency_s,6.028111
1756990717.406,latency_s,6.013808
1756990717.406,latency_s,6.018190
1756990717.406,latency_s,6.015006
1756990717.406,latency_s,6.047129
1756990717.406,latency_s,6.079727
1756990717.406,latency_s,6.018588
1756990717.406,latency_s,6.078606
1756990717.406,latency_s,6.062060
1756990717.406,latency_s,6.013160
1756990717.406,latency_s,6.080646
1756990717.406,latency_s,6.081308
1756990717.406,latency_s,6.078847
1756990717.407,latency_s,5.919116
1756990717.407,latency_s,5.979315
1756990717.407,latency_s,5.978213
1756990717.407,latency_s,5.924575
1756990717.407,latency_s,5.918888
1756990717.407,latency_s,5.980101
1756990717.461,latency_s,5.973644
1756990717.462,latency_s,5.969825
1756990717.462,latency_s,5.967933
1756990717.462,latency_s,6.035034
1756990717.462,latency_s,6.015683
1756990717.462,latency_s,6.035492
1756990717.462,latency_s,6.035347
1756990717.515,latency_s,6.055360
1756990717.515,latency_s,6.021557
1756990717.515,latency_s,5.988458
1756990717.515,latency_s,6.086693
1756990717.515,latency_s,5.988643
1756990717.515,latency_s,5.927541
1756990717.516,latency_s,5.987748
1756990717.516,latency_s,5.933141
1756990717.610,latency_s,6.081537
1756990717.611,latency_s,6.015841
1756990717.611,latency_s,6.081725
1756990717.611,latency_s,6.083167
1756990717.611,latency_s,6.022687
1756990717.611,latency_s,5.983367
1756990717.611,latency_s,6.082998
1756990717.611,latency_s,5.981455
1756990717.611,latency_s,6.063807
1756990717.611,latency_s,6.015687
1756990717.611,latency_s,5.983515
1756990717.624,latency_s,6.031578
1756990717.624,latency_s,5.995935
1756990717.624,latency_s,6.035604
1756990717.624,latency_s,6.064043
1756990717.624,latency_s,5.996099
1756990717.624,latency_s,5.935103
1756990717.624,latency_s,5.996113
1756990717.624,latency_s,5.941194
1756990717.730,latency_s,6.100641
1756990717.730,latency_s,5.999911
1756990717.730,latency_s,6.301488
1756990717.730,latency_s,6.201131
1756990717.730,latency_s,6.100807
1756990717.730,latency_s,6.000076
1756990717.730,latency_s,6.035021
1756990717.732,latency_s,6.003027
1756990717.732,latency_s,6.043577
1756990717.732,latency_s,6.004677
1756990717.732,latency_s,6.002249
1756990717.732,latency_s,6.036317
1756990717.732,latency_s,6.084088
1756990717.732,latency_s,6.004576
1756990717.732,latency_s,6.002213
1756990717.732,latency_s,6.039950
1756990717.732,latency_s,6.043791
1756990717.732,latency_s,6.071996
1756990717.732,latency_s,5.943251
1756990717.733,latency_s,6.004390
1756990717.733,latency_s,5.904240
1756990717.733,latency_s,5.949058
1756990717.733,latency_s,5.902293
1756990717.733,latency_s,5.902316
1756990717.837,latency_s,6.007827
1756990717.837,latency_s,6.088799
1756990717.837,latency_s,6.039180
1756990717.837,latency_s,6.048596
1756990717.837,latency_s,6.009161
1756990717.837,latency_s,6.007262
1756990717.837,latency_s,6.008631
1756990717.838,latency_s,6.007217
1756990717.839,latency_s,6.046422
1756990717.840,latency_s,6.041132
1756990717.840,latency_s,6.050803
1756990717.948,latency_s,6.186533
1756990717.948,latency_s,6.058111
1756990717.948,latency_s,6.018891
1756990717.948,latency_s,6.063540
1756990717.948,latency_s,6.017234
1756990717.948,latency_s,6.097985
1756990717.948,latency_s,6.018443
1756990717.948,latency_s,6.058843
1756990717.948,latency_s,6.049202
1756990717.948,latency_s,6.019450
1756990717.948,latency_s,6.049489
1756990717.948,latency_s,5.995750
1756990717.948,latency_s,6.058914
1756990717.948,latency_s,6.019132
1756990717.948,latency_s,6.017560
1756990717.948,latency_s,6.017515
1756990717.948,latency_s,6.055158
1756990717.948,latency_s,6.087155
1756990717.948,latency_s,5.958231
1756990717.949,latency_s,5.919264
1756990717.949,latency_s,5.964251
1756990717.949,latency_s,5.917344
1756990717.949,latency_s,5.895286
1756990717.949,latency_s,5.959006
1756990717.949,latency_s,5.948583
1756990718.055,latency_s,6.055107
1756990718.055,latency_s,6.025164
1756990718.056,latency_s,6.065634
1756990718.056,latency_s,6.024363
1756990718.056,latency_s,6.026480
1756990718.056,latency_s,6.024392
1756990718.056,latency_s,6.062047
1756990718.056,latency_s,6.024772
1756990718.056,latency_s,5.964991
1756990718.057,latency_s,5.926799
1756990718.057,latency_s,5.971547
1756990718.057,latency_s,5.923734
1756990718.057,latency_s,5.902011
1756990718.057,latency_s,5.923855
1756990718.164,latency_s,6.030738
1756990718.164,latency_s,6.074266
1756990718.164,latency_s,6.069944
1756990718.164,latency_s,6.034838
1756990718.164,latency_s,6.031152
1756990718.164,latency_s,6.033861
1756990718.164,latency_s,6.062657
1756990718.165,latency_s,6.073915
1756990718.165,latency_s,6.062523
1756990718.165,latency_s,5.972226
1756990718.165,latency_s,5.934714
1756990718.165,latency_s,5.979216
1756990718.165,latency_s,5.931866
1756990718.165,latency_s,6.203202
1756990718.165,latency_s,6.102678
1756990718.165,latency_s,6.002352
1756990718.165,latency_s,5.902014
1756990718.166,latency_s,5.910454
1756990718.272,latency_s,6.037997
1756990718.272,latency_s,6.081654
1756990718.272,latency_s,6.038432
1756990718.272,latency_s,6.066477
1756990718.272,latency_s,6.042052
1756990718.272,latency_s,6.038692
1756990718.272,latency_s,6.081348
1756990718.272,latency_s,6.077191
1756990718.272,latency_s,6.066577
1756990718.272,latency_s,6.041282
1756990718.272,latency_s,6.341637
1756990718.272,latency_s,6.241102
1756990718.272,latency_s,6.139506
1756990718.272,latency_s,6.039045
1756990718.379,latency_s,6.086145
1756990718.380,latency_s,6.048808
1756990718.380,latency_s,6.093586
1756990718.380,latency_s,6.046054
1756990718.380,latency_s,6.016057
1756990718.380,latency_s,6.045725
1756990718.380,latency_s,6.089261
1756990718.380,latency_s,6.046246
1756990718.380,latency_s,6.073504
1756990718.380,latency_s,6.069146
1756990718.380,latency_s,6.049455
1756990718.381,latency_s,6.089494
1756990718.486,latency_s,6.151933
1756990718.486,latency_s,6.191027
1756990718.486,latency_s,6.154625
1756990718.486,latency_s,6.152265
1756990718.486,latency_s,6.092473
1756990718.486,latency_s,6.052906
1756990718.486,latency_s,6.021972
1756990718.487,latency_s,6.053193
1756990718.488,latency_s,6.053556
1756990718.488,latency_s,6.080375
1756990718.488,latency_s,6.056835
1756990718.488,latency_s,6.095894
1756990718.488,latency_s,6.092040
1756990718.488,latency_s,6.053311
1756990718.488,latency_s,6.095645
1756990718.488,latency_s,6.054590
1756990718.488,latency_s,6.075409
1756990718.488,latency_s,5.995784
1756990718.488,latency_s,5.995602
1756990718.488,latency_s,5.991649
1756990718.593,latency_s,6.103980
1756990718.593,latency_s,6.058883
1756990718.593,latency_s,6.236886
1756990718.593,latency_s,6.136475
1756990718.594,latency_s,6.034692
1756990718.594,latency_s,6.028865
1756990718.594,latency_s,6.058882
1756990718.594,latency_s,6.059381
1756990718.594,latency_s,6.086069
1756990718.594,latency_s,6.062586
1756990718.594,latency_s,6.001436
1756990718.594,latency_s,5.997531
1756990718.597,latency_s,6.061697
1756990718.597,latency_s,6.003983
1756990718.701,latency_s,6.188402
1756990718.701,latency_s,6.167833
1756990718.701,latency_s,6.166705
1756990718.701,latency_s,6.106835
1756990718.701,latency_s,6.066626
1756990718.702,latency_s,6.111800
1756990718.702,latency_s,6.010859
1756990718.702,latency_s,6.041857
1756990718.702,latency_s,6.066822
1756990718.702,latency_s,6.036582
1756990718.702,latency_s,6.066670
1756990718.702,latency_s,6.067073
1756990718.702,latency_s,6.069740
1756990718.702,latency_s,6.067625
1756990718.702,latency_s,6.004726
1756990718.702,latency_s,6.088543
1756990718.702,latency_s,6.066802
1756990718.810,latency_s,6.116500
1756990718.810,latency_s,6.117029
1756990718.810,latency_s,6.200979
1756990718.810,latency_s,6.096504
1756990718.811,latency_s,6.100829
1756990718.811,latency_s,6.175503
1756990718.811,latency_s,6.075301
1756990718.811,latency_s,6.115430
1756990718.811,latency_s,6.014802
1756990718.811,latency_s,6.075504
1756990718.811,latency_s,6.019370
1756990718.811,latency_s,6.050438
1756990718.811,latency_s,6.075783
1756990718.811,latency_s,6.045098
1756990718.812,latency_s,6.077183
1756990718.813,latency_s,6.077700
1756990718.813,latency_s,6.080415
1756990718.813,latency_s,6.078086
1756990718.813,latency_s,6.077366
1756990718.813,latency_s,6.018980
1756990718.813,latency_s,6.003057
1756990718.813,latency_s,6.015259
1756990718.813,latency_s,5.997999
1756990718.813,latency_s,6.019709
1756990718.813,latency_s,5.977366
1756990718.813,latency_s,5.916181
1756990718.813,latency_s,5.976931
1756990718.814,latency_s,5.921539
1756990718.814,latency_s,5.978153
1756990718.814,latency_s,5.951025
1756990718.814,latency_s,5.948090
1756990718.814,latency_s,5.977940
1756990718.918,latency_s,6.082039
1756990718.920,latency_s,6.084037
1756990718.921,latency_s,6.009998
1756990718.921,latency_s,6.005075
1756990718.921,latency_s,6.084497
1756990718.921,latency_s,6.026850
1756990718.921,latency_s,6.088111
1756990718.921,latency_s,6.026953
1756990718.921,latency_s,5.984908
1756990719.028,latency_s,6.030398
1756990719.028,latency_s,6.091182
1756990719.029,latency_s,6.034989
1756990719.029,latency_s,6.092838
1756990719.029,latency_s,6.062329
1756990719.029,latency_s,6.065227
1756990719.029,latency_s,6.092227
1756990719.029,latency_s,6.034753
1756990719.029,latency_s,6.092396
1756990719.029,latency_s,6.012800
1756990719.029,latency_s,6.093405
1756990719.029,latency_s,6.018617
1756990719.030,latency_s,6.035225
1756990719.030,latency_s,6.095178
1756990719.030,latency_s,6.092978
1756990719.030,latency_s,5.992994
1756990719.030,latency_s,5.931500
1756990719.030,latency_s,5.992020
1756990719.030,latency_s,5.934997
1756990719.030,latency_s,5.993683
1756990719.030,latency_s,5.962893
1756990719.030,latency_s,6.132140
1756990719.030,latency_s,6.032037
1756990719.030,latency_s,5.931923
1756990719.136,latency_s,6.098443
1756990719.136,latency_s,5.998465
1756990719.136,latency_s,6.041340
1756990719.136,latency_s,6.097377
1756990719.244,latency_s,6.148625
1756990719.244,latency_s,6.132685
1756990719.244,latency_s,6.105345
1756990719.245,latency_s,6.210025
1756990719.245,latency_s,6.207144
1756990719.245,latency_s,6.208467
1756990719.245,latency_s,6.109684
1756990719.245,latency_s,6.127754
1756990719.245,latency_s,6.107131
1756990719.245,latency_s,6.108335
1756990719.245,latency_s,6.108186
1756990719.245,latency_s,6.046726
1756990719.245,latency_s,6.107144
1756990719.245,latency_s,6.050198
1756990719.245,latency_s,6.108783
1756990719.245,latency_s,6.008616
1756990719.245,latency_s,6.077991
1756990719.245,latency_s,6.047068
1756990719.245,latency_s,6.050454
1756990719.246,latency_s,6.007862
1756990719.246,latency_s,6.005885
1756990719.246,latency_s,6.033767
1756990719.246,latency_s,6.050603
1756990719.246,latency_s,6.027923
1756990719.246,latency_s,6.007176
1756990719.246,latency_s,6.009258
1756990719.246,latency_s,6.010274
1756990719.246,latency_s,6.009076
1756990719.246,latency_s,5.946223
1756990719.246,latency_s,6.007437
1756990719.246,latency_s,5.949231
1756990719.246,latency_s,5.909575
1756990719.352,latency_s,6.083970
1756990719.353,latency_s,6.054262
1756990719.353,latency_s,6.058184
1756990719.353,latency_s,6.014954
1756990719.353,latency_s,6.012954
1756990719.353,latency_s,6.034761
1756990719.354,latency_s,6.016900
1756990719.393,latency_s,6.080433
1756990719.393,latency_s,6.053417
1756990719.393,latency_s,6.096896
1756990719.393,latency_s,6.056437
1756990719.393,latency_s,6.055792
1756990719.393,latency_s,6.326910
1756990719.393,latency_s,6.225736
1756990719.393,latency_s,6.124979
1756990719.393,latency_s,6.023540
1756990719.393,latency_s,5.992596
1756990719.393,latency_s,6.053853
1756990719.461,latency_s,6.021358
1756990719.462,latency_s,6.064087
1756990719.462,latency_s,6.093284
1756990719.462,latency_s,6.024953
1756990719.462,latency_s,6.062289
1756990719.462,latency_s,6.066581
1756990719.462,latency_s,6.025258
1756990719.462,latency_s,6.049445
1756990719.540,latency_s,6.100068
1756990719.540,latency_s,6.101206
1756990719.540,latency_s,6.103193
1756990719.540,latency_s,6.121010
1756990719.540,latency_s,6.099292
1756990719.540,latency_s,6.143722
1756990719.540,latency_s,6.103100
1756990719.569,latency_s,6.099454
1756990719.570,latency_s,6.068592
1756990719.570,latency_s,6.029682
1756990719.570,latency_s,6.072080
1756990719.570,latency_s,6.032526
1756990719.570,latency_s,6.100791
1756990719.570,latency_s,6.069784
1756990719.570,latency_s,6.074257
1756990719.570,latency_s,6.032880
1756990719.570,latency_s,6.030881
1756990719.570,latency_s,6.049202
1756990719.571,latency_s,6.033163
1756990719.571,latency_s,6.030497
1756990719.571,latency_s,6.057268
1756990719.571,latency_s,6.029058
1756990719.571,latency_s,6.073077
1756990719.571,latency_s,5.968769
1756990719.678,latency_s,6.079287
1756990719.679,latency_s,6.040131
1756990719.679,latency_s,6.109754
1756990719.679,latency_s,6.009243
1756990719.787,latency_s,6.186406
1756990719.787,latency_s,6.190766
1756990719.787,latency_s,6.147435
1756990719.787,latency_s,6.149452
1756990719.787,latency_s,6.146502
1756990719.787,latency_s,6.149287
1756990719.787,latency_s,6.166206
1756990719.787,latency_s,6.173242
1756990719.787,latency_s,6.145503
1756990719.787,latency_s,6.189062
1756990719.788,latency_s,6.216305
1756990719.788,latency_s,6.046209
1756990719.788,latency_s,6.017099
1756990719.788,latency_s,6.086730
1756990719.788,latency_s,6.047283
1756990719.788,latency_s,6.090713
1756990719.788,latency_s,6.048996
1756990719.788,latency_s,6.046423
1756990719.788,latency_s,6.066109
1756990719.788,latency_s,6.073722
1756990719.788,latency_s,6.046671
1756990719.788,latency_s,6.089047
1756990719.788,latency_s,6.045752
1756990719.788,latency_s,6.014684
1756990719.788,latency_s,6.147466
1756990719.788,latency_s,6.046856
1756990719.788,latency_s,5.945258
1756990719.788,latency_s,5.984757
1756990719.892,latency_s,6.090866
1756990719.893,latency_s,6.049615
1756990719.893,latency_s,6.022281
1756990719.893,latency_s,6.355420
1756990719.895,latency_s,6.256932
1756990719.895,latency_s,6.156390
1756990719.895,latency_s,6.056358
1756990720.109,latency_s,6.267061
1756990720.110,latency_s,6.312474
1756990720.110,latency_s,6.212100
1756990720.110,latency_s,6.270962
1756990720.110,latency_s,6.295201
1756990720.110,latency_s,6.288009
1756990720.110,latency_s,6.268201
1756990720.110,latency_s,6.310738
1756990720.110,latency_s,6.267383
1756990720.110,latency_s,6.267347
1756990720.111,latency_s,6.235349
1756990720.111,latency_s,6.167231
1756990720.111,latency_s,6.206286
1756990720.111,latency_s,6.210433
1756990720.111,latency_s,6.167126
1756990720.111,latency_s,6.208874
1756990720.111,latency_s,6.139453
1756990720.111,latency_s,6.171575
1756990720.111,latency_s,6.167588
1756990720.111,latency_s,6.112440
1756990720.111,latency_s,6.167488
1756990720.111,latency_s,6.171591
1756990720.111,latency_s,6.195365
1756990720.111,latency_s,6.167317
1756990720.111,latency_s,6.188475
1756990720.111,latency_s,6.210106
1756990720.111,latency_s,6.167667
1756990720.111,latency_s,6.108969
1756990720.111,latency_s,6.136011
1756990720.111,latency_s,6.067566
1756990720.111,latency_s,6.039610
1756990720.112,latency_s,6.109168
1756990720.217,latency_s,6.111122
1756990720.218,latency_s,6.116837
1756990720.218,latency_s,6.016399
1756990720.218,latency_s,6.044646
1756990720.218,latency_s,6.015224
1756990720.326,latency_s,6.180791
1756990720.326,latency_s,6.181150
1756990720.326,latency_s,6.126585
1756990720.326,latency_s,6.209873
1756990720.326,latency_s,6.200082
1756990720.326,latency_s,6.181295
1756990720.326,latency_s,6.109826
1756990720.326,latency_s,6.181186
1756990720.326,latency_s,6.120389
1756990720.326,latency_s,6.186026
1756990720.326,latency_s,6.181561
1756990720.326,latency_s,6.147187
1756990720.326,latency_s,6.083261
1756990720.326,latency_s,6.081282
1756990720.326,latency_s,6.119479
1756990720.326,latency_s,6.023460
1756990720.326,latency_s,6.051678
1756990720.326,latency_s,6.081350
1756990720.326,latency_s,6.023021
1756990720.327,latency_s,6.081931
1756990720.327,latency_s,6.026929
1756990720.327,latency_s,6.010577
1756990720.327,latency_s,6.100507
1756990720.327,latency_s,6.082107
1756990720.327,latency_s,6.082173
1756990720.327,latency_s,6.082047
1756990720.327,latency_s,6.000370
1756990720.327,latency_s,6.086401
1756990720.432,latency_s,6.024749
1756990720.433,latency_s,6.057342
1756990720.433,latency_s,6.087487
1756990720.433,latency_s,6.029400
1756990720.433,latency_s,6.087862
1756990720.433,latency_s,6.033287
1756990720.541,latency_s,6.124109
1756990720.541,latency_s,6.195739
1756990720.541,latency_s,6.199792
1756990720.541,latency_s,6.195739
1756990720.541,latency_s,6.134937
1756990720.541,latency_s,6.114271
1756990720.541,latency_s,6.196187
1756990720.542,latency_s,6.159777
1756990720.542,latency_s,6.097653
1756990720.542,latency_s,6.096270
1756990720.542,latency_s,6.033718
1756990720.542,latency_s,6.065803
1756990720.542,latency_s,6.096307
1756990720.542,latency_s,6.037883
1756990720.542,latency_s,6.096239
1756990720.542,latency_s,6.100434
1756990720.542,latency_s,6.096110
1756990720.542,latency_s,5.999345
1756990720.542,latency_s,6.041509
1756990720.581,latency_s,6.063487
1756990720.581,latency_s,6.135358
1756990720.581,latency_s,6.053244
1756990720.581,latency_s,6.135528
1756990720.581,latency_s,6.098167
1756990720.581,latency_s,6.035795
1756990720.581,latency_s,6.035378
1756990720.581,latency_s,5.971510
1756990720.581,latency_s,6.177778
1756990720.581,latency_s,6.077628
1756990720.649,latency_s,6.045301
1756990720.650,latency_s,6.073527
1756990720.650,latency_s,6.103884
1756990720.650,latency_s,6.045560
1756990720.973,latency_s,6.426965
1756990720.973,latency_s,6.326857
1756990720.973,latency_s,6.354172
1756990720.973,latency_s,6.426512
1756990720.973,latency_s,6.325726
1756990720.973,latency_s,6.427280
1756990720.973,latency_s,6.330518
1756990720.973,latency_s,6.345495
1756990720.973,latency_s,6.427405
1756990720.973,latency_s,6.327175
1756990720.974,latency_s,6.372283
1756990720.974,latency_s,6.327189
1756990720.974,latency_s,6.389980
1756990720.974,latency_s,6.327991
1756990720.974,latency_s,6.327977
1756990720.974,latency_s,6.264116
1756990720.974,latency_s,6.269090
1756990720.974,latency_s,6.466950
1756990720.974,latency_s,6.366810
1756990720.974,latency_s,6.266225
1756990720.974,latency_s,6.297298
1756990720.974,latency_s,6.328077
1756990720.974,latency_s,6.227373
1756990720.974,latency_s,6.269477
1756990720.974,latency_s,6.227772
1756990720.974,latency_s,6.226550
1756990720.974,latency_s,6.227659
1756990720.975,latency_s,6.255345
1756990720.975,latency_s,6.272813
1756990720.975,latency_s,6.228075
1756990720.975,latency_s,6.245296
1756990720.975,latency_s,6.290670
1756990721.082,latency_s,6.132920
1756990721.082,latency_s,6.075057
1756990721.082,latency_s,6.075106
1756990721.082,latency_s,6.071876
1756990721.190,latency_s,6.142264
1756990721.190,latency_s,6.210051
1756990721.190,latency_s,6.140985
1756990721.190,latency_s,6.141676
1756990721.191,latency_s,6.169957
1756990721.191,latency_s,6.187430
1756990721.191,latency_s,6.146519
1756990721.191,latency_s,6.142087
1756990721.191,latency_s,6.203279
1756990721.191,latency_s,6.142116
1756990721.191,latency_s,6.141892
1756990721.191,latency_s,6.042660
1756990721.191,latency_s,6.077504
1756990721.191,latency_s,6.083966
1756990721.191,latency_s,6.109283
1756990721.191,latency_s,6.083996
1756990721.191,latency_s,6.080251
1756990721.191,latency_s,6.042740
1756990721.191,latency_s,6.070017
1756990721.191,latency_s,6.042090
1756990721.191,latency_s,6.038074
1756990721.191,latency_s,6.087809
1756990721.191,latency_s,6.046662
1756990721.191,latency_s,6.042267
1756990721.192,latency_s,6.042350
1756990721.192,latency_s,6.042350
1756990721.297,latency_s,6.048640
1756990721.297,latency_s,6.082717
1756990721.297,latency_s,6.114861
1756990721.298,latency_s,6.014049
1756990721.298,latency_s,6.049620
1756990721.298,latency_s,6.090382
1756990721.299,latency_s,6.164190
1756990721.299,latency_s,6.062605
1756990721.406,latency_s,6.183813
1756990721.406,latency_s,6.156391
1756990721.406,latency_s,6.151953
1756990721.406,latency_s,6.160602
1756990721.406,latency_s,6.201997
1756990721.406,latency_s,6.156554
1756990721.406,latency_s,6.156453
1756990721.406,latency_s,6.057199
1756990721.406,latency_s,6.156703
1756990721.406,latency_s,6.056544
1756990721.406,latency_s,6.091221
1756990721.406,latency_s,6.094808
1756990721.406,latency_s,6.018788
1756990721.406,latency_s,6.091287
1756990721.406,latency_s,6.097809
1756990721.406,latency_s,6.057358
1756990721.407,latency_s,6.069760
1756990721.407,latency_s,6.084533
1756990721.407,latency_s,6.056812
1756990721.407,latency_s,6.051234
1756990721.407,latency_s,6.060712
1756990721.407,latency_s,6.102183
1756990721.407,latency_s,6.001937
1756990721.407,latency_s,6.057132
1756990721.407,latency_s,6.317359
1756990721.407,latency_s,6.217108
1756990721.407,latency_s,6.116845
1756990721.514,latency_s,6.062562
1756990721.514,latency_s,6.063835
1756990721.514,latency_s,6.097134
1756990721.514,latency_s,6.101700
1756990721.514,latency_s,6.024842
1756990721.514,latency_s,6.105226
1756990721.622,latency_s,6.171970
1756990721.622,latency_s,6.205125
1756990721.622,latency_s,6.183278
1756990721.622,latency_s,6.199359
1756990721.622,latency_s,6.170557
1756990721.622,latency_s,6.166324
1756990721.622,latency_s,6.175831
1756990721.622,latency_s,6.116614
1756990721.622,latency_s,6.171008
1756990721.622,latency_s,6.129994
1756990721.622,latency_s,6.170788
1756990721.622,latency_s,6.070453
1756990721.622,latency_s,6.070744
1756990721.622,latency_s,6.071990
1756990721.622,latency_s,6.105329
1756990721.622,latency_s,6.109349
1756990721.622,latency_s,6.032867
1756990721.622,latency_s,6.112554
1756990721.622,latency_s,6.072622
1756990721.623,latency_s,6.012007
1756990721.662,latency_s,6.144543
1756990721.662,latency_s,6.122084
1756990721.662,latency_s,6.109968
1756990721.662,latency_s,6.139040
1756990721.662,latency_s,6.105494
1756990721.662,latency_s,6.114890
1756990721.731,latency_s,6.078905
1756990721.731,latency_s,6.117453
1756990721.731,latency_s,6.079538
1756990721.731,latency_s,6.113637
1756990721.731,latency_s,6.037160
1756990721.731,latency_s,6.088627
1756990721.731,latency_s,6.020321
1756990721.731,latency_s,6.079675
1756990721.946,latency_s,6.328460
1756990721.946,latency_s,6.227779
1756990721.946,latency_s,6.322067
1756990721.946,latency_s,6.221960
1756990721.946,latency_s,6.288971
1756990721.946,latency_s,6.293993
1756990721.946,latency_s,6.298645
1756990721.946,latency_s,6.294276
1756990721.946,latency_s,6.252090
1756990721.946,latency_s,6.194123
1756990721.946,latency_s,6.194148
1756990721.946,latency_s,6.194628
1756990721.946,latency_s,6.231854
1756990721.946,latency_s,6.226651
1756990721.947,latency_s,6.151926
1756990721.947,latency_s,6.135292
1756990721.947,latency_s,6.203864
1756990721.947,latency_s,6.194728
1756990721.947,latency_s,6.128087
1756990721.947,latency_s,6.340678
1756990721.947,latency_s,6.240052
1756990721.947,latency_s,6.139873
1756990721.947,latency_s,6.122227
1756990721.947,latency_s,6.188272
1756990722.053,latency_s,6.200122
1756990722.053,latency_s,6.200196
1756990722.053,latency_s,6.232463
1756990722.053,latency_s,6.237981
1756990722.053,latency_s,6.141666
1756990722.053,latency_s,6.210110
1756990722.054,latency_s,6.158266
1756990722.054,latency_s,6.200573
1756990722.055,latency_s,6.133677
1756990722.161,latency_s,6.165581
1756990722.161,latency_s,6.106410
1756990722.161,latency_s,6.139994
1756990722.206,latency_s,6.151546
1756990722.206,latency_s,6.083148
1756990722.206,latency_s,6.088605
1756990722.206,latency_s,6.151571
1756990722.206,latency_s,6.110366
1756990722.206,latency_s,6.151831
1756990722.206,latency_s,6.094145
1756990722.207,latency_s,6.086893
1756990722.207,latency_s,6.162020
1756990722.207,latency_s,6.060772
1756990722.207,latency_s,6.080629
1756990722.207,latency_s,6.152098
1756990722.207,latency_s,6.152136
1756990722.207,latency_s,6.051995
1756990722.207,latency_s,6.144719
1756990722.207,latency_s,6.156338
1756990722.207,latency_s,6.052109
1756990722.207,latency_s,6.054797
1756990722.207,latency_s,6.111023
1756990722.207,latency_s,6.051999
1756990722.207,latency_s,5.982463
1756990722.207,latency_s,6.051945
1756990722.268,latency_s,6.113163
1756990722.269,latency_s,6.050265
1756990722.269,latency_s,6.113673
1756990722.314,latency_s,6.067116
1756990722.315,latency_s,6.117713
1756990722.315,latency_s,6.101897
1756990722.315,latency_s,6.094534
1756990722.315,latency_s,6.150222
1756990722.315,latency_s,6.050091
1756990722.379,latency_s,6.126077
1756990722.379,latency_s,6.182237
1756990722.379,latency_s,6.123013
1756990722.379,latency_s,6.053158
1756990722.379,latency_s,6.122668
1756990722.379,latency_s,6.059148
1756990722.379,latency_s,6.123167
1756990722.379,latency_s,6.030128
1756990722.379,latency_s,6.081900
1756990722.379,latency_s,6.065739
1756990722.379,latency_s,6.058413
1756990722.379,latency_s,6.023038
1756990722.379,latency_s,6.023403
1756990722.379,latency_s,6.052520
1756990722.379,latency_s,6.023308
1756990722.380,latency_s,6.014358
1756990722.380,latency_s,6.026183
1756990722.422,latency_s,6.124790
1756990722.422,latency_s,6.066125
1756990722.423,latency_s,5.996182
1756990722.463,latency_s,6.106603
1756990722.463,latency_s,6.107094
1756990722.463,latency_s,6.041861
1756990722.463,latency_s,6.355170
1756990722.463,latency_s,6.254574
1756990722.463,latency_s,6.153765
1756990722.487,latency_s,6.077045
1756990722.487,latency_s,6.037516
1756990722.530,latency_s,6.132730
1756990722.530,latency_s,6.108799
1756990722.530,latency_s,6.116338
1756990722.530,latency_s,6.073680
1756990722.530,latency_s,6.073758
1756990722.530,latency_s,6.073983
1756990722.531,latency_s,6.064634
1756990722.531,latency_s,6.076986
1756990722.531,latency_s,6.132303
1756990722.531,latency_s,6.073815
1756990722.531,latency_s,6.073912
1756990722.531,latency_s,6.008981
1756990722.531,latency_s,6.003684
1756990722.531,latency_s,6.073701
1756990722.531,latency_s,6.020543
1756990722.531,latency_s,6.032877
1756990722.531,latency_s,6.009121
1756990722.593,latency_s,6.043404
1756990722.594,latency_s,6.079336
1756990722.594,latency_s,6.037120
1756990722.594,latency_s,6.037307
1756990722.636,latency_s,6.079127
1756990722.636,latency_s,6.068543
1756990722.636,latency_s,6.082213
1756990722.636,latency_s,6.137056
1756990722.636,latency_s,6.079003
1756990722.636,latency_s,6.078657
1756990722.636,latency_s,6.013989
1756990722.636,latency_s,6.006578
1756990722.636,latency_s,6.078950
1756990722.701,latency_s,6.043030
1756990722.701,latency_s,6.089934
1756990722.701,latency_s,6.273543
1756990722.702,latency_s,6.174309
1756990722.702,latency_s,6.073606
1756990722.703,latency_s,6.044259
1756990722.703,latency_s,6.087774
1756990722.703,latency_s,6.080446
1756990722.703,latency_s,6.103706
1756990722.703,latency_s,6.052224
1756990722.703,latency_s,6.045473
1756990722.703,latency_s,6.044805
1756990722.703,latency_s,6.035153
1756990722.703,latency_s,6.047482
1756990722.703,latency_s,6.103719
1756990722.703,latency_s,6.003244
1756990722.703,latency_s,6.045509
1756990722.703,latency_s,5.973155
1756990722.703,latency_s,5.945354
1756990722.808,latency_s,6.083973
1756990722.808,latency_s,6.048908
1756990722.808,latency_s,6.096468
1756990722.808,latency_s,6.079180
1756990722.808,latency_s,6.049639
1756990722.811,latency_s,6.095531
1756990722.811,latency_s,6.111503
1756990722.811,latency_s,6.060302
1756990722.811,latency_s,6.088408
1756990722.811,latency_s,6.053796
1756990722.811,latency_s,6.054280
1756990722.811,latency_s,6.053183
1756990722.811,latency_s,6.042984
1756990722.916,latency_s,6.058130
1756990722.916,latency_s,6.092259
1756990722.916,latency_s,6.057174
1756990722.916,latency_s,6.086933
1756990722.916,latency_s,6.100800
1756990722.917,latency_s,6.057690
1756990722.917,latency_s,6.115990
1756990722.917,latency_s,6.015520
1756990722.917,latency_s,6.065461
1756990722.917,latency_s,6.093562
1756990722.917,latency_s,6.057998
1756990722.917,latency_s,6.059051
1756990722.917,latency_s,6.045694
1756990722.917,latency_s,6.058970
1756990722.960,latency_s,6.058441
1756990722.960,latency_s,6.147808
1756990722.960,latency_s,6.047085
1756990722.960,latency_s,6.101646
1756990722.960,latency_s,6.029343
1756990723.024,latency_s,6.064854
1756990723.024,latency_s,6.064234
1756990723.024,latency_s,6.099041
1756990723.024,latency_s,6.093739
1756990723.024,latency_s,6.022151
1756990723.024,latency_s,6.064819
1756990723.107,latency_s,6.190227
1756990723.107,latency_s,6.182954
1756990723.107,latency_s,6.154871
1756990723.107,latency_s,6.147558
1756990723.107,latency_s,6.135136
1756990723.107,latency_s,6.148823
1756990723.107,latency_s,6.148803
1756990723.131,latency_s,6.100710
1756990723.132,latency_s,6.071716
1756990723.132,latency_s,6.105123
1756990723.132,latency_s,6.072036
1756990723.132,latency_s,6.101368
1756990723.132,latency_s,6.030092
1756990723.239,latency_s,6.221692
1756990723.239,latency_s,6.178370
1756990723.239,latency_s,6.214435
1756990723.239,latency_s,6.186968
1756990723.239,latency_s,6.179349
1756990723.240,latency_s,6.167021
1756990723.240,latency_s,6.181600
1756990723.240,latency_s,6.180535
1756990723.240,latency_s,6.138196
1756990723.240,latency_s,6.125926
1756990723.240,latency_s,6.079716
1756990723.240,latency_s,6.109256
1756990723.240,latency_s,6.113478
1756990723.240,latency_s,6.080219
1756990723.240,latency_s,6.080135
1756990723.240,latency_s,6.109808
1756990723.241,latency_s,6.037437
1756990723.241,latency_s,6.086762
1756990723.241,latency_s,6.079354
1756990723.241,latency_s,6.123458
1756990723.241,latency_s,6.116045
1756990723.241,latency_s,6.022919
1756990723.241,latency_s,6.080667
1756990723.241,latency_s,6.067339
1756990723.242,latency_s,6.082757
1756990723.242,latency_s,6.081401
1756990723.347,latency_s,6.043216
1756990723.347,latency_s,6.028327
1756990723.347,latency_s,6.085545
1756990723.347,latency_s,6.093087
1756990723.347,latency_s,6.122083
1756990723.349,latency_s,6.023957
1756990723.349,latency_s,6.088236
1756990723.349,latency_s,6.075001
1756990723.349,latency_s,6.089880
1756990723.455,latency_s,6.193583
1756990723.455,latency_s,6.151607
1756990723.455,latency_s,6.138766
1756990723.456,latency_s,6.093235
1756990723.456,latency_s,6.093268
1756990723.456,latency_s,6.127370
1756990723.456,latency_s,6.093480
1756990723.456,latency_s,6.124662
1756990723.456,latency_s,6.024049
1756990723.456,latency_s,6.051915
1756990723.456,latency_s,6.101551
1756990723.456,latency_s,6.036506
1756990723.456,latency_s,6.030535
1756990723.456,latency_s,6.093473
1756990723.456,latency_s,6.079966
1756990723.456,latency_s,6.093745
1756990723.456,latency_s,6.093592
1756990723.456,latency_s,6.096171
1756990723.456,latency_s,6.052219
1756990723.456,latency_s,6.038794
1756990723.456,latency_s,5.993356
1756990723.458,latency_s,5.994555
1756990723.561,latency_s,6.132740
1756990723.562,latency_s,6.098835
1756990723.562,latency_s,6.029810
1756990723.562,latency_s,6.042217
1756990723.562,latency_s,6.057805
1756990723.564,latency_s,6.109199
1756990723.564,latency_s,6.100775
1756990723.564,latency_s,6.083177
1756990723.564,latency_s,6.100741
1756990723.564,latency_s,6.100623
1756990723.564,latency_s,6.102999
1756990723.564,latency_s,6.059084
1756990723.564,latency_s,6.045387
1756990723.564,latency_s,6.000397
1756990723.564,latency_s,6.230495
1756990723.671,latency_s,6.236300
1756990723.671,latency_s,6.135522
1756990723.671,latency_s,6.107412
1756990723.671,latency_s,6.107925
1756990723.671,latency_s,6.142385
1756990723.671,latency_s,6.038911
1756990723.672,latency_s,6.064599
1756990723.672,latency_s,6.107926
1756990723.672,latency_s,6.116582
1756990723.672,latency_s,6.051348
1756990723.672,latency_s,6.108217
1756990723.672,latency_s,6.108069
1756990723.672,latency_s,6.007743
1756990723.672,latency_s,6.007901
1756990723.672,latency_s,6.110466
1756990723.672,latency_s,6.010156
1756990723.672,latency_s,6.066901
1756990723.672,latency_s,6.052626
1756990723.672,latency_s,6.007642
1756990723.672,latency_s,6.035170
1756990723.672,latency_s,6.008140
1756990723.672,latency_s,6.008538
1756990723.778,latency_s,6.152026
1756990723.778,latency_s,6.052040
1756990723.778,latency_s,6.070278
1756990723.778,latency_s,6.113640
1756990723.778,latency_s,6.057157
1756990723.778,latency_s,6.122437
1756990723.886,latency_s,6.130190
1756990723.886,latency_s,6.121570
1756990723.886,latency_s,6.122102
1756990723.887,latency_s,6.124350
1756990723.887,latency_s,6.180201
1756990723.887,latency_s,6.166924
1756990723.887,latency_s,6.122138
1756990723.887,latency_s,6.149080
1756990723.887,latency_s,6.122514
1756990723.887,latency_s,6.122674
1756990723.887,latency_s,6.056208
1756990723.887,latency_s,6.053349
1756990723.887,latency_s,6.060743
1756990723.887,latency_s,6.304970
1756990723.887,latency_s,6.203795
1756990723.887,latency_s,6.101228
1756990723.887,latency_s,6.079351
1756990723.887,latency_s,6.122548
1756990723.887,latency_s,6.065932
1756990723.888,latency_s,6.022545
1756990723.888,latency_s,6.031820
1756990723.888,latency_s,6.025468
1756990723.993,latency_s,6.127655
1756990723.993,latency_s,6.185213
1756990723.993,latency_s,6.171176
1756990723.993,latency_s,6.127904
1756990723.993,latency_s,6.154436
1756990723.993,latency_s,6.052887
1756990723.993,latency_s,6.128146
1756990723.993,latency_s,6.128610
1756990723.994,latency_s,6.061524
1756990723.994,latency_s,6.059142
1756990723.994,latency_s,6.066927
1756990723.995,latency_s,6.108092
1756990723.995,latency_s,6.086549
1756990723.995,latency_s,6.073182
1756990723.995,latency_s,6.029148
1756990723.995,latency_s,6.038820
1756990724.102,latency_s,6.138520
1756990724.102,latency_s,6.135171
1756990724.102,latency_s,6.193433
1756990724.102,latency_s,6.179196
1756990724.103,latency_s,6.134952
1756990724.103,latency_s,6.059662
1756990724.103,latency_s,6.135948
1756990724.103,latency_s,6.137168
1756990724.103,latency_s,6.070168
1756990724.103,latency_s,6.068128
1756990724.103,latency_s,6.075155
1756990724.103,latency_s,6.115622
1756990724.103,latency_s,6.093860
1756990724.103,latency_s,6.080708
1756990724.103,latency_s,6.036790
1756990724.103,latency_s,6.237823
1756990724.103,latency_s,6.137340
1756990724.103,latency_s,6.046623
1756990724.103,latency_s,6.037223
1756990724.103,latency_s,6.039522
1756990724.103,latency_s,6.036460
1756990724.103,latency_s,6.094401
1756990724.103,latency_s,6.080218
1756990724.103,latency_s,6.034359
1756990724.104,latency_s,5.957871
1756990724.104,latency_s,6.036559
1756990724.104,latency_s,6.037830
1756990724.210,latency_s,6.075499
1756990724.210,latency_s,6.074684
1756990724.210,latency_s,6.082089
1756990724.210,latency_s,6.121570
1756990724.210,latency_s,6.099398
1756990724.210,latency_s,6.043592
1756990724.210,latency_s,6.087202
1756990724.210,latency_s,6.020267
1756990724.211,latency_s,6.054213
1756990724.318,latency_s,6.151698
1756990724.318,latency_s,6.153801
1756990724.318,latency_s,6.151107
1756990724.319,latency_s,6.207900
1756990724.319,latency_s,6.194236
1756990724.319,latency_s,6.148235
1756990724.319,latency_s,6.072397
1756990724.319,latency_s,6.151390
1756990724.319,latency_s,6.051162
1756990724.319,latency_s,6.152497
1756990724.319,latency_s,6.051849
1756990724.319,latency_s,6.083968
1756990724.319,latency_s,6.083043
1756990724.319,latency_s,6.090843
1756990724.319,latency_s,6.051650
1756990724.319,latency_s,6.107132
1756990724.319,latency_s,6.095947
1756990724.319,latency_s,6.061448
1756990724.319,latency_s,6.028377
1756990724.319,latency_s,6.052202
1756990724.319,latency_s,6.054612
1756990724.319,latency_s,6.051831
1756990724.319,latency_s,6.107710
1756990724.425,latency_s,6.112734
1756990724.426,latency_s,6.198521
1756990724.426,latency_s,6.155227
1756990724.426,latency_s,6.078974
1756990724.426,latency_s,6.058264
1756990724.426,latency_s,6.059249
1756990724.426,latency_s,6.090374
1756990724.426,latency_s,6.090411
1756990724.426,latency_s,6.098257
1756990724.426,latency_s,6.058951
1756990724.426,latency_s,6.059239
1756990724.426,latency_s,6.035303
1756990724.427,latency_s,6.068781
1756990724.427,latency_s,6.113887
1756990724.427,latency_s,6.102916
1756990724.427,latency_s,6.061717
1756990724.534,latency_s,6.165571
1756990724.534,latency_s,6.120815
1756990724.534,latency_s,6.205811
1756990724.534,latency_s,6.105590
1756990724.534,latency_s,6.162380
1756990724.534,latency_s,6.085520
1756990724.534,latency_s,6.064347
1756990724.534,latency_s,6.066312
1756990724.534,latency_s,6.097494
1756990724.534,latency_s,6.097493
1756990724.534,latency_s,6.105847
1756990724.534,latency_s,6.066402
1756990724.534,latency_s,6.066399
1756990724.534,latency_s,6.041893
1756990724.534,latency_s,6.075963
1756990724.535,latency_s,6.110334
1756990724.641,latency_s,6.072492
1756990724.641,latency_s,6.045926
1756990724.641,latency_s,6.116379
1756990724.641,latency_s,6.026511
1756990724.642,latency_s,6.082596
1756990724.642,latency_s,6.073145
1756990724.642,latency_s,6.075250
1756990724.642,latency_s,6.072680
1756990724.642,latency_s,6.025009
1756990724.642,latency_s,6.011200
1756990724.642,latency_s,5.988199
1756990724.642,latency_s,5.970864
1756990724.642,latency_s,5.973293
1756990724.642,latency_s,6.002919
1756990724.642,latency_s,6.002995
1756990724.642,latency_s,6.012477
1756990724.748,latency_s,6.032408
1756990724.749,latency_s,6.079890
1756990724.749,latency_s,6.089151
1756990724.749,latency_s,6.122730
1756990724.749,latency_s,6.051199
1756990724.749,latency_s,6.022585
1756990724.749,latency_s,6.082239
1756990724.749,latency_s,6.078954
1756990724.749,latency_s,6.032030
1756990724.749,latency_s,6.016959
1756990724.749,latency_s,5.995256
1756990724.749,latency_s,5.977037
1756990724.749,latency_s,6.009710
1756990724.749,latency_s,5.979964
1756990724.749,latency_s,6.010133
1756990724.749,latency_s,6.019676
1756990724.856,latency_s,6.086676
1756990724.856,latency_s,6.039782
1756990724.856,latency_s,6.096204
1756990724.856,latency_s,6.029602
1756990724.856,latency_s,6.086959
1756990724.856,latency_s,6.057918
1756990724.856,latency_s,6.089038
1756990724.856,latency_s,6.086060
1756990724.856,latency_s,6.039093
1756990724.856,latency_s,6.024019
1756990724.857,latency_s,6.284271
1756990724.963,latency_s,6.288737
1756990724.963,latency_s,6.188235
1756990724.963,latency_s,6.088104
1756990724.963,latency_s,6.108873
1756990724.963,latency_s,6.122876
1756990724.964,latency_s,6.124381
1756990724.964,latency_s,6.023920
1756990724.964,latency_s,6.094471
1756990724.964,latency_s,6.047529
1756990724.964,latency_s,6.102927
1756990724.964,latency_s,6.037619
1756990724.964,latency_s,6.063491
1756990724.964,latency_s,6.094544
1756990724.964,latency_s,6.094141
1756990724.964,latency_s,6.096692
1756990724.965,latency_s,6.046783
1756990724.965,latency_s,6.031678
1756990724.965,latency_s,5.989203
1756990724.965,latency_s,6.024481
1756990724.965,latency_s,6.010322
1756990724.965,latency_s,5.992079
1756990725.070,latency_s,6.039960
1756990725.070,latency_s,6.029782
1756990725.070,latency_s,6.052332
1756990725.070,latency_s,6.099548
1756990725.071,latency_s,6.108596
1756990725.071,latency_s,6.043586
1756990725.071,latency_s,6.099891
1756990725.071,latency_s,6.052006
1756990725.071,latency_s,6.102810
1756990725.071,latency_s,6.099922
1756990725.071,latency_s,6.036344
1756990725.073,latency_s,5.995579
1756990725.073,latency_s,6.032011
1756990725.073,latency_s,6.016145
1756990725.073,latency_s,5.998741
1756990725.073,latency_s,6.002346
1756990725.178,latency_s,6.047539
1756990725.178,latency_s,6.037729
1756990725.178,latency_s,6.060008
1756990725.178,latency_s,6.105889
1756990725.179,latency_s,6.116331
1756990725.179,latency_s,6.015818
1756990725.179,latency_s,6.050931
1756990725.179,latency_s,6.105878
1756990725.179,latency_s,6.059665
1756990725.179,latency_s,6.106097
1756990725.179,latency_s,6.043382
1756990725.179,latency_s,6.000995
1756990725.179,latency_s,6.038053
1756990725.179,latency_s,5.937866
1756990725.180,latency_s,6.023066
1756990725.180,latency_s,6.008960
1756990725.180,latency_s,6.004950
1756990725.180,latency_s,5.948942
1756990725.180,latency_s,5.939416
1756990725.180,latency_s,5.961089
1756990725.180,latency_s,6.006927
1756990725.180,latency_s,6.007144
1756990725.181,latency_s,5.952656
1756990725.285,latency_s,6.021631
1756990725.285,latency_s,6.065773
1756990725.285,latency_s,6.109087
1756990725.285,latency_s,6.008458
1756990725.287,latency_s,6.283365
1756990725.287,latency_s,6.182023
1756990725.501,latency_s,6.295921
1756990725.501,latency_s,6.265317
1756990725.502,latency_s,6.223093
1756990725.502,latency_s,6.160634
1756990725.502,latency_s,6.243832
1756990725.502,latency_s,6.230163
1756990725.502,latency_s,6.226243
1756990725.502,latency_s,6.160956
1756990725.502,latency_s,6.170559
1756990725.502,latency_s,6.433472
1756990725.502,latency_s,6.330920
1756990725.502,latency_s,6.230721
1756990725.502,latency_s,6.130253
1756990725.502,latency_s,6.182040
1756990725.502,latency_s,6.228430
1756990725.502,latency_s,6.173774
1756990725.502,latency_s,6.138261
1756990725.502,latency_s,6.228576
1756990725.502,latency_s,6.127709
1756990725.502,latency_s,6.127997
1756990725.502,latency_s,6.125090
1756990725.502,latency_s,6.182237
1756990725.502,latency_s,6.196602
1756990725.502,latency_s,6.165456
1756990725.502,latency_s,6.123263
1756990725.503,latency_s,6.129585
1756990725.503,latency_s,6.143002
1756990725.503,latency_s,6.126551
1756990725.503,latency_s,6.061529
1756990725.503,latency_s,6.061460
1756990725.503,latency_s,6.070947
1756990725.503,latency_s,6.030554
1756990725.610,latency_s,6.136565
1756990725.610,latency_s,6.133877
1756990725.610,latency_s,6.068370
1756990725.610,latency_s,6.147902
1756990725.610,latency_s,6.047525
1756990725.610,latency_s,6.068274
1756990725.611,latency_s,6.078072
1756990725.649,latency_s,6.075798
1756990725.649,latency_s,6.127061
1756990725.649,latency_s,6.119345
1756990725.649,latency_s,6.074410
1756990725.649,latency_s,6.073073
1756990725.649,latency_s,6.084433
1756990725.649,latency_s,6.127753
1756990725.649,latency_s,6.070148
1756990725.649,latency_s,6.138121
1756990725.649,latency_s,6.110765
1756990725.649,latency_s,6.066798
1756990725.718,latency_s,6.143737
1756990725.718,latency_s,6.043251
1756990725.718,latency_s,6.141577
1756990725.718,latency_s,6.076028
1756990725.718,latency_s,6.052897
1756990725.718,latency_s,6.075586
1756990725.718,latency_s,6.085053
1756990725.718,latency_s,6.043402
1756990725.718,latency_s,6.088548
1756990725.718,latency_s,6.096301
1756990725.718,latency_s,6.045207
1756990725.718,latency_s,6.040668
1756990725.719,latency_s,6.053196
1756990725.719,latency_s,6.096885
1756990725.825,latency_s,6.059010
1756990725.825,latency_s,6.091664
1756990725.932,latency_s,6.189084
1756990725.932,latency_s,6.209769
1756990725.932,latency_s,6.201809
1756990725.932,latency_s,6.153876
1756990725.932,latency_s,6.157333
1756990725.932,latency_s,6.158614
1756990725.932,latency_s,6.166983
1756990725.933,latency_s,6.210505
1756990725.933,latency_s,6.218882
1756990725.933,latency_s,6.152280
1756990725.933,latency_s,6.118388
1756990725.933,latency_s,6.191858
1756990725.933,latency_s,6.148918
1756990725.933,latency_s,6.057199
1756990725.933,latency_s,6.055358
1756990725.933,latency_s,6.089476
1756990725.933,latency_s,6.089276
1756990725.933,latency_s,6.109095
1756990725.933,latency_s,6.053387
1756990725.940,latency_s,6.064187
1756990725.940,latency_s,6.109070
1756990725.940,latency_s,6.065436
1756990725.940,latency_s,6.073807
1756990725.940,latency_s,6.116019
1756990725.940,latency_s,6.015387
1756990725.940,latency_s,6.025093
1756990725.940,latency_s,6.058178
1756990725.940,latency_s,6.097593
1756990725.940,latency_s,6.055268
1756990725.940,latency_s,5.964258
1756990726.041,latency_s,6.095589
1756990726.041,latency_s,6.116420
1756990726.041,latency_s,6.060610
1756990726.041,latency_s,6.065119
1756990726.041,latency_s,6.109673
1756990726.041,latency_s,6.065862
1756990726.122,latency_s,6.155536
1756990726.122,latency_s,6.096944
1756990726.122,latency_s,6.107229
1756990726.123,latency_s,6.139472
1756990726.123,latency_s,6.179859
1756990726.123,latency_s,6.079385
1756990726.123,latency_s,6.135031
1756990726.123,latency_s,6.046323
1756990726.123,latency_s,6.053327
1756990726.123,latency_s,6.078570
1756990726.123,latency_s,6.044036
1756990726.149,latency_s,6.315162
1756990726.149,latency_s,6.214867
1756990726.150,latency_s,6.114770
1756990726.150,latency_s,6.123733
1756990726.150,latency_s,6.023488
1756990726.150,latency_s,6.068148
1756990726.365,latency_s,6.333189
1756990726.365,latency_s,6.288950
1756990726.365,latency_s,6.232866
1756990726.365,latency_s,6.298547
1756990726.366,latency_s,6.290251
1756990726.366,latency_s,6.239472
1756990726.366,latency_s,6.249841
1756990726.366,latency_s,6.281963
1756990726.366,latency_s,6.221802
1756990726.366,latency_s,6.195213
1756990726.366,latency_s,6.220912
1756990726.366,latency_s,6.230319
1756990726.366,latency_s,6.219905
1756990726.366,latency_s,6.139066
1756990726.366,latency_s,6.188965
1756990726.366,latency_s,6.183312
1756990726.366,latency_s,6.190017
1756990726.366,latency_s,6.198392
1756990726.366,latency_s,6.133279
1756990726.366,latency_s,6.138247
1756990726.366,latency_s,6.149614
1756990726.366,latency_s,6.181520
1756990726.366,latency_s,6.120681
1756990726.366,latency_s,6.175927
1756990726.366,latency_s,6.087701
1756990726.366,latency_s,6.086735
1756990726.366,latency_s,6.130199
1756990726.366,latency_s,6.119940
1756990726.367,latency_s,6.038180
1756990726.367,latency_s,6.089245
1756990726.367,latency_s,6.033586
1756990726.367,latency_s,6.083418
1756990726.473,latency_s,6.095116
1756990726.581,latency_s,6.196412
1756990726.582,latency_s,6.212855
1756990726.582,latency_s,6.147944
1756990726.582,latency_s,6.205123
1756990726.582,latency_s,6.153155
1756990726.582,latency_s,6.162738
1756990726.582,latency_s,6.193853
1756990726.582,latency_s,6.134293
1756990726.582,latency_s,6.101780
1756990726.582,latency_s,6.101813
1756990726.582,latency_s,6.134906
1756990726.582,latency_s,6.108788
1756990726.582,latency_s,6.044755
1756990726.582,latency_s,6.134380
1756990726.582,latency_s,6.033983
1756990726.582,latency_s,6.051164
1756990726.582,latency_s,6.113345
1756990726.582,latency_s,6.047791
1756990726.582,latency_s,6.104079
1756990726.583,latency_s,6.096883
1756990726.583,latency_s,6.105341
1756990726.583,latency_s,6.053410
1756990726.583,latency_s,6.062948
1756990726.583,latency_s,6.094041
1756990726.583,latency_s,6.034611
1756990726.689,latency_s,6.397863
1756990726.689,latency_s,6.297369
1756990726.689,latency_s,6.197243
1756990726.689,latency_s,6.096393
1756990726.689,latency_s,6.108387
1756990726.689,latency_s,6.108335
1756990726.689,latency_s,6.114551
1756990726.689,latency_s,6.141201
1756990726.689,latency_s,6.050842
1756990726.689,latency_s,6.040448
1756990726.798,latency_s,6.163200
1756990726.798,latency_s,6.219301
1756990726.798,latency_s,6.165868
1756990726.798,latency_s,6.220380
1756990726.798,latency_s,6.228295
1756990726.798,latency_s,6.211873
1756990726.798,latency_s,6.127969
1756990726.798,latency_s,6.177839
1756990726.798,latency_s,6.209183
1756990726.798,latency_s,6.107975
1756990726.799,latency_s,6.149672
1756990726.799,latency_s,6.105633
1756990726.799,latency_s,6.123090
1756990726.799,latency_s,6.117794
1756990726.799,latency_s,6.116840
1756990726.799,latency_s,6.059979
1756990726.799,latency_s,6.048960
1756990726.838,latency_s,6.105317
1756990726.838,latency_s,6.150438
1756990726.838,latency_s,6.102026
1756990726.838,latency_s,6.160093
1756990726.839,latency_s,6.158669
1756990726.839,latency_s,6.067624
1756990726.839,latency_s,6.116200
1756990726.905,latency_s,6.055815
1756990726.906,latency_s,6.066706
1756990726.906,latency_s,6.055583
1756990726.906,latency_s,6.117204
1756990726.906,latency_s,6.072476
1756990726.906,latency_s,6.069075
1756990726.906,latency_s,6.127220
1756990726.906,latency_s,6.034553
1756990726.946,latency_s,6.066654
1756990726.946,latency_s,6.165758
1756990727.014,latency_s,6.133055
1756990727.014,latency_s,6.383437
1756990727.014,latency_s,6.282120
1756990727.014,latency_s,6.181627
1756990727.014,latency_s,6.190819
1756990727.014,latency_s,6.121908
1756990727.014,latency_s,6.163866
1756990727.014,latency_s,6.119749
1756990727.014,latency_s,6.137026
1756990727.015,latency_s,6.131180
1756990727.015,latency_s,6.063951
1756990727.015,latency_s,6.132805
1756990727.015,latency_s,6.074907
1756990727.015,latency_s,6.064094
1756990727.015,latency_s,6.124897
1756990727.015,latency_s,6.079421
1756990727.015,latency_s,6.033454
1756990727.054,latency_s,6.116616
1756990727.054,latency_s,6.074078
1756990727.104,latency_s,6.132242
1756990727.105,latency_s,6.114348
1756990727.105,latency_s,6.170903
1756990727.105,latency_s,6.179742
1756990727.105,latency_s,6.111405
1756990727.105,latency_s,6.153882
1756990727.105,latency_s,6.108646
1756990727.105,latency_s,6.120845
1756990727.106,latency_s,6.054843
1756990727.106,latency_s,6.123534
1756990727.121,latency_s,6.142642
1756990727.162,latency_s,6.125711
1756990727.162,latency_s,6.081997
1756990727.204,latency_s,6.166024
1756990727.204,latency_s,6.122066
1756990727.204,latency_s,6.131550
1756990727.204,latency_s,6.112723
1756990727.204,latency_s,6.169713
1756990727.204,latency_s,6.108344
1756990727.204,latency_s,6.178849
1756990727.204,latency_s,6.152876
1756990727.204,latency_s,6.106278
1756990727.204,latency_s,6.118769
1756990727.204,latency_s,6.050613
1756990727.204,latency_s,6.017494
1756990727.204,latency_s,6.024420
1756990727.204,latency_s,6.121619
1756990727.204,latency_s,6.021047
1756990727.204,latency_s,6.052211
1756990727.204,latency_s,6.064126
1756990727.270,latency_s,6.132123
1756990727.270,latency_s,6.077545
1756990727.270,latency_s,6.131987
1756990727.311,latency_s,6.130625
1756990727.311,latency_s,6.129130
1756990727.311,latency_s,6.138234
1756990727.311,latency_s,6.176286
1756990727.311,latency_s,6.115013
1756990727.311,latency_s,6.185694
1756990727.311,latency_s,6.084658
1756990727.311,latency_s,6.159035
1756990727.311,latency_s,6.113038
1756990727.311,latency_s,6.023887
1756990727.376,latency_s,6.092632
1756990727.377,latency_s,6.122890
1756990727.377,latency_s,6.135535
1756990727.377,latency_s,6.138092
1756990727.377,latency_s,6.083778
1756990727.460,latency_s,6.179878
1756990727.461,latency_s,6.221813
1756990727.461,latency_s,6.177755
1756990727.461,latency_s,6.187133
1756990727.461,latency_s,6.225174
1756990727.461,latency_s,6.163904
1756990727.461,latency_s,6.133393
1756990727.461,latency_s,6.206773
1756990727.461,latency_s,6.161457
1756990727.461,latency_s,6.076558
1756990727.461,latency_s,6.104280
1756990727.484,latency_s,6.096566
1756990727.485,latency_s,6.103669
1756990727.485,latency_s,6.130325
1756990727.485,latency_s,6.142817
1756990727.485,latency_s,6.145045
1756990727.485,latency_s,6.145434
1756990727.485,latency_s,6.103605
1756990727.485,latency_s,6.110871
1756990727.485,latency_s,6.101498
1756990727.485,latency_s,6.090322
1756990727.485,latency_s,6.148895
1756990727.485,latency_s,6.048616
1756990727.485,latency_s,6.087016
1756990727.485,latency_s,6.056625
1756990727.485,latency_s,6.130951
1756990727.485,latency_s,6.085177
1756990727.592,latency_s,6.152002
1756990727.592,latency_s,6.110814
1756990727.592,latency_s,6.117877
1756990727.592,latency_s,6.094652
1756990727.592,latency_s,6.108835
1756990727.592,latency_s,6.053814
1756990727.593,latency_s,6.089498
1756990727.699,latency_s,6.169772
1756990727.700,latency_s,6.244809
1756990727.700,latency_s,6.198978
1756990727.700,latency_s,6.139633
1756990727.700,latency_s,6.115296
1756990727.700,latency_s,6.110083
1756990727.700,latency_s,6.118538
1756990727.700,latency_s,6.158303
1756990727.700,latency_s,6.144429
1756990727.700,latency_s,6.059751
1756990727.700,latency_s,6.096979
1756990727.701,latency_s,6.070296
1756990727.701,latency_s,6.144656
1756990727.701,latency_s,6.043733
1756990727.701,latency_s,6.099077
1756990727.701,latency_s,6.039288
1756990727.701,latency_s,6.008176
1756990727.701,latency_s,6.018429
1756990727.701,latency_s,6.015850
1756990727.701,latency_s,6.058814
1756990727.701,latency_s,6.044126
1756990727.701,latency_s,6.060361
1756990727.701,latency_s,5.960006
1756990727.701,latency_s,6.060544
1756990727.701,latency_s,6.019082
1756990727.807,latency_s,6.131288
1756990727.807,latency_s,6.065582
1756990727.807,latency_s,6.065251
1756990727.807,latency_s,6.102576
1756990727.807,latency_s,6.076694
1756990727.808,latency_s,6.050391
1756990727.944,latency_s,6.241383
1756990727.944,latency_s,6.149477
1756990727.945,latency_s,6.159939
1756990727.945,latency_s,6.159454
1756990727.945,latency_s,6.182731
1756990727.945,latency_s,6.187267
1756990727.945,latency_s,6.159884
1756990727.945,latency_s,6.102632
1756990727.945,latency_s,6.103232
1756990727.945,latency_s,6.169072
1756990727.945,latency_s,6.144726
1756990727.945,latency_s,6.162214
1756990727.945,latency_s,6.103204
1756990727.945,latency_s,6.086056
1756990727.945,latency_s,6.139503
1756990727.945,latency_s,6.112870
1756990727.945,latency_s,6.141628
1756990727.945,latency_s,6.041171
1756990727.945,latency_s,6.059138
1756990727.945,latency_s,6.049300
1756990727.945,latency_s,6.059748
1756990727.945,latency_s,6.083056
1756990727.945,latency_s,6.086475
1756990727.945,latency_s,6.059768
1756990728.021,latency_s,6.120944
1756990728.022,latency_s,6.078685
1756990728.022,latency_s,6.080346
1756990728.022,latency_s,6.139251
1756990728.022,latency_s,6.146255
1756990728.022,latency_s,6.080369
1756990728.022,latency_s,6.063194
1756990728.023,latency_s,6.116248
1756990728.052,latency_s,6.065710
1756990728.052,latency_s,6.089275
1756990728.052,latency_s,6.092105
1756990728.130,latency_s,6.387139
1756990728.130,latency_s,6.287076
1756990728.130,latency_s,6.186734
1756990728.130,latency_s,6.086579
1756990728.130,latency_s,6.144252
1756990728.130,latency_s,6.128561
1756990728.131,latency_s,6.087877
1756990728.131,latency_s,6.086757
1756990728.131,latency_s,6.147034
1756990728.131,latency_s,6.153904
1756990728.131,latency_s,6.088241
1756990728.131,latency_s,6.123702
1756990728.131,latency_s,6.071268
1756990728.131,latency_s,6.090835
1756990728.131,latency_s,6.026017
1756990728.160,latency_s,6.071338
1756990728.160,latency_s,6.062611
1756990728.161,latency_s,6.073028
1756990728.161,latency_s,6.097308
1756990728.161,latency_s,6.099292
1756990728.161,latency_s,5.999162
1756990728.161,latency_s,6.016694
1756990728.161,latency_s,6.073117
1756990728.161,latency_s,6.058417
1756990728.161,latency_s,6.018049
1756990728.161,latency_s,6.083785
1756990728.161,latency_s,6.016504
1756990728.161,latency_s,6.018179
1756990728.161,latency_s,6.019114
1756990728.268,latency_s,6.079619
1756990728.268,latency_s,6.103874
1756990728.268,latency_s,6.002081
1756990728.268,latency_s,6.006117
1756990728.268,latency_s,6.023618
1756990728.268,latency_s,6.079820
1756990728.268,latency_s,6.023228
1756990728.375,latency_s,6.197552
1756990728.375,latency_s,6.171768
1756990728.375,latency_s,6.131032
1756990728.375,latency_s,6.097388
1756990728.375,latency_s,6.132063
1756990728.376,latency_s,6.114824
1756990728.376,latency_s,6.166738
1756990728.376,latency_s,6.131362
1756990728.376,latency_s,6.066091
1756990728.376,latency_s,6.069903
1756990728.376,latency_s,6.009078
1756990728.376,latency_s,6.084710
1756990728.376,latency_s,6.087686
1756990728.376,latency_s,6.013694
1756990728.376,latency_s,6.031498
1756990728.376,latency_s,6.291843
1756990728.376,latency_s,6.191422
1756990728.376,latency_s,6.090604
1756990728.376,latency_s,6.087713
1756990728.376,latency_s,6.030390
1756990728.376,latency_s,6.031746
1756990728.376,latency_s,5.997643
1756990728.376,latency_s,6.072250
1756990728.376,latency_s,5.987583
1756990728.377,latency_s,6.032494
1756990728.482,latency_s,6.075386
1756990728.482,latency_s,6.283085
1756990728.482,latency_s,6.183019
1756990728.482,latency_s,6.081199
1756990728.482,latency_s,6.014393
1756990728.482,latency_s,6.014377
1756990728.482,latency_s,6.090919
1756990728.483,latency_s,6.096394
1756990728.590,latency_s,6.145191
1756990728.590,latency_s,6.102930
1756990728.590,latency_s,6.100584
1756990728.590,latency_s,6.111006
1756990728.590,latency_s,6.143244
1756990728.590,latency_s,6.184784
1756990728.590,latency_s,6.145334
1756990728.590,latency_s,6.145844
1756990728.590,latency_s,6.128187
1756990728.590,latency_s,6.076622
1756990728.590,latency_s,6.144797
1756990728.590,latency_s,6.083643
1756990728.590,latency_s,6.088715
1756990728.590,latency_s,6.020982
1756990728.590,latency_s,6.018882
1756990728.590,latency_s,6.097696
1756990728.590,latency_s,6.002668
1756990728.591,latency_s,6.045770
1756990728.591,latency_s,6.043392
1756990728.591,latency_s,6.000814
1756990728.591,latency_s,6.083712
1756990728.591,latency_s,6.011591
1756990728.697,latency_s,6.089960
1756990728.698,latency_s,6.152552
1756990728.698,latency_s,6.152778
1756990728.698,latency_s,6.135596
1756990728.698,latency_s,6.083635
1756990728.698,latency_s,6.151340
1756990728.698,latency_s,6.090706
1756990728.698,latency_s,6.309021
1756990728.698,latency_s,6.208601
1756990728.698,latency_s,6.108129
1756990728.698,latency_s,6.007725
1756990728.698,latency_s,6.095222
1756990728.698,latency_s,6.024052
1756990728.698,latency_s,6.104835
1756990728.698,latency_s,6.026057
1756990728.698,latency_s,6.004576
1756990728.805,latency_s,6.159462
1756990728.805,latency_s,6.116124
1756990728.805,latency_s,6.156101
1756990728.805,latency_s,6.096331
1756990728.805,latency_s,6.125104
1756990728.805,latency_s,6.114291
1756990728.805,latency_s,6.159293
1756990728.805,latency_s,6.089543
1756990728.805,latency_s,6.142587
1756990728.805,latency_s,6.157979
1756990728.805,latency_s,6.097490
1756990728.805,latency_s,6.014814
1756990728.805,latency_s,6.101078
1756990728.805,latency_s,6.029410
1756990728.805,latency_s,6.011073
1756990728.805,latency_s,6.031976
1756990728.912,latency_s,6.148943
1756990728.912,latency_s,6.163880
1756990728.912,latency_s,6.063533
1756990728.912,latency_s,6.103719
1756990728.912,latency_s,6.021334
1756990728.913,latency_s,6.106609
1756990728.913,latency_s,6.017109
1756990728.913,latency_s,6.035460
1756990728.913,latency_s,6.037980
1756990728.913,latency_s,6.066770
1756990728.913,latency_s,6.002545
1756990728.913,latency_s,6.032157
1756990728.913,latency_s,6.063243
1756990728.913,latency_s,6.020838
1756990728.913,latency_s,6.064153
1756990728.913,latency_s,6.267671
1756990729.019,latency_s,6.102382
1756990729.020,latency_s,6.156163
1756990729.020,latency_s,6.070811
1756990729.020,latency_s,6.109632
1756990729.020,latency_s,6.027570
1756990729.020,latency_s,6.111799
1756990729.020,latency_s,6.011629
1756990729.020,latency_s,6.044669
1756990729.127,latency_s,6.129086
1756990729.127,latency_s,6.148285
1756990729.127,latency_s,6.180670
1756990729.127,latency_s,6.146026
1756990729.127,latency_s,6.116439
1756990729.127,latency_s,6.178348
1756990729.127,latency_s,6.177377
1756990729.127,latency_s,6.134987
1756990729.127,latency_s,6.077899
1756990729.127,latency_s,6.063075
1756990729.128,latency_s,6.116550
1756990729.128,latency_s,6.035150
1756990729.128,latency_s,6.019019
1756990729.128,latency_s,6.051129
1756990729.128,latency_s,6.026068
1756990729.128,latency_s,6.048450
1756990729.128,latency_s,6.080722
1756990729.128,latency_s,6.046170
1756990729.128,latency_s,6.078353
1756990729.128,latency_s,6.016007
1756990729.128,latency_s,6.035425
1756990729.128,latency_s,6.077706
1756990729.128,latency_s,5.979866
1756990729.128,latency_s,6.009346
1756990729.234,latency_s,6.069280
1756990729.234,latency_s,6.084366
1756990729.235,latency_s,6.122394
1756990729.235,latency_s,6.343465
1756990729.235,latency_s,6.243251
1756990729.235,latency_s,6.142756
1756990729.235,latency_s,6.042302
1756990729.235,latency_s,6.025233
1756990729.235,latency_s,6.042561
1756990729.344,latency_s,6.167060
1756990729.344,latency_s,6.138227
1756990729.344,latency_s,6.163378
1756990729.344,latency_s,6.196703
1756990729.344,latency_s,6.161868
1756990729.344,latency_s,6.193363
1756990729.344,latency_s,6.151077
1756990729.344,latency_s,6.092638
1756990729.344,latency_s,6.131630
1756990729.344,latency_s,6.092677
1756990729.344,latency_s,6.123659
1756990729.344,latency_s,6.092151
1756990729.344,latency_s,6.078920
1756990729.344,latency_s,6.131667
1756990729.344,latency_s,6.050902
1756990729.344,latency_s,6.033964
1756990729.344,latency_s,6.051355
1756990729.344,latency_s,6.038375
1756990729.345,latency_s,6.066030
1756990729.345,latency_s,6.063652
1756990729.345,latency_s,6.095942
1756990729.345,latency_s,6.061641
1756990729.345,latency_s,6.031125
1756990729.345,latency_s,6.051547
1756990729.345,latency_s,5.993123
1756990729.450,latency_s,6.098419
1756990729.451,latency_s,6.072594
1756990729.452,latency_s,6.069686
1756990729.452,latency_s,6.102394
1756990729.452,latency_s,5.999743
1756990729.452,latency_s,6.302113
1756990729.452,latency_s,6.202009
1756990729.452,latency_s,6.101166
1756990729.452,latency_s,6.000619
1756990729.452,latency_s,6.057657
1756990729.452,latency_s,6.037709
1756990729.452,latency_s,6.058462
1756990729.452,latency_s,6.000142
1756990729.453,latency_s,6.068371
1756990729.561,latency_s,6.108410
1756990729.561,latency_s,6.139244
1756990729.561,latency_s,6.107580
1756990729.561,latency_s,6.094625
1756990729.561,latency_s,6.146507
1756990729.561,latency_s,6.046131
1756990729.561,latency_s,6.049563
1756990729.561,latency_s,6.067059
1756990729.561,latency_s,6.053197
1756990729.561,latency_s,6.080937
1756990729.561,latency_s,6.078499
1756990729.561,latency_s,6.008200
1756990729.561,latency_s,6.008379
1756990729.561,latency_s,6.065988
1756990729.561,latency_s,6.008263
1756990729.561,latency_s,6.046283
1756990729.561,latency_s,6.066402
1756990729.561,latency_s,6.008118
1756990729.562,latency_s,6.038046
1756990729.669,latency_s,6.074559
1756990729.669,latency_s,6.057424
1756990729.669,latency_s,6.060846
1756990729.669,latency_s,6.088724
1756990729.669,latency_s,6.015436
1756990729.669,latency_s,6.085337
1756990729.669,latency_s,6.016161
1756990729.670,latency_s,6.016037
1756990729.670,latency_s,6.053864
1756990729.670,latency_s,6.073496
1756990729.670,latency_s,6.073663
1756990729.670,latency_s,6.015905
1756990729.670,latency_s,6.045589
1756990729.670,latency_s,6.015612
1756990729.777,latency_s,6.109450
1756990729.777,latency_s,6.060919
1756990729.777,latency_s,6.081909
1756990729.777,latency_s,6.064609
1756990729.777,latency_s,6.068161
1756990729.777,latency_s,6.022177
1756990729.777,latency_s,6.092486
1756990729.777,latency_s,6.090417
1756990729.777,latency_s,6.292357
1756990729.777,latency_s,6.190321
1756990729.777,latency_s,6.090234
1756990729.777,latency_s,6.020950
1756990729.777,latency_s,6.023462
1756990729.777,latency_s,6.080449
1756990729.777,latency_s,6.080346
1756990729.777,latency_s,6.061151
1756990729.777,latency_s,6.020840
1756990729.777,latency_s,6.051212
1756990729.885,latency_s,6.070399
1756990729.885,latency_s,6.075908
1756990729.885,latency_s,6.029070
1756990729.885,latency_s,6.098287
1756990729.885,latency_s,6.096472
1756990729.885,latency_s,6.097534
1756990729.885,latency_s,6.028242
1756990729.885,latency_s,6.067874
1756990729.885,latency_s,6.030485
1756990729.885,latency_s,6.087296
1756990729.926,latency_s,6.128628
1756990729.927,latency_s,6.028310
1756990729.927,latency_s,6.027145
1756990729.927,latency_s,6.069950
1756990729.991,latency_s,6.074575
1756990729.992,latency_s,6.094148
1756990729.993,latency_s,6.036741
1756990729.993,latency_s,6.105682
1756990729.993,latency_s,6.103847
1756990729.993,latency_s,6.004982
1756990729.993,latency_s,6.002004
1756990729.993,latency_s,6.105265
1756990729.993,latency_s,6.005163
1756990729.993,latency_s,6.034736
1756990729.993,latency_s,5.992483
1756990729.993,latency_s,5.994667
1756990729.993,latency_s,6.038348
1756990729.993,latency_s,6.075854
1756990729.993,latency_s,6.036263
1756990729.993,latency_s,6.037253
1756990729.993,latency_s,6.063467
1756990729.993,latency_s,6.024601
1756990730.098,latency_s,6.063951
1756990730.099,latency_s,6.080857
1756990730.099,latency_s,6.080808
1756990730.099,latency_s,6.101107
1756990730.099,latency_s,6.042631
1756990730.099,latency_s,6.009764
1756990730.206,latency_s,6.114817
1756990730.206,latency_s,6.117459
1756990730.206,latency_s,6.147681
1756990730.207,latency_s,6.105384
1756990730.207,latency_s,6.151325
1756990730.207,latency_s,6.188670
1756990730.207,latency_s,6.107203
1756990730.207,latency_s,6.148945
1756990730.207,latency_s,6.150284
1756990730.207,latency_s,6.071710
1756990730.207,latency_s,6.137640
1756990730.207,latency_s,6.088824
1756990730.207,latency_s,6.297156
1756990730.207,latency_s,6.196698
1756990730.207,latency_s,6.096194
1756990730.207,latency_s,6.088272
1756990730.207,latency_s,6.109146
1756990730.207,latency_s,6.017399
1756990730.207,latency_s,6.017679
1756990730.207,latency_s,6.014482
1756990730.208,latency_s,6.047815
1756990730.208,latency_s,6.005706
1756990730.208,latency_s,6.050229
1756990730.208,latency_s,6.089535
1756990730.208,latency_s,5.989292
1756990730.312,latency_s,6.154286
1756990730.313,latency_s,6.155243
1756990730.313,latency_s,6.143243
1756990730.313,latency_s,6.094789
1756990730.313,latency_s,6.101820
1756990730.313,latency_s,6.094248
1756990730.313,latency_s,6.114986
1756990730.314,latency_s,6.015186
1756990730.314,latency_s,6.020523
1756990730.314,latency_s,6.024441
1756990730.314,latency_s,6.024555
1756990730.314,latency_s,6.054437
1756990730.314,latency_s,6.011417
1756990730.315,latency_s,6.056669
1756990730.420,latency_s,6.101491
1756990730.420,latency_s,6.161635
1756990730.421,latency_s,6.161672
1756990730.421,latency_s,6.084505
1756990730.421,latency_s,6.061387
1756990730.421,latency_s,6.150399
1756990730.421,latency_s,6.101961
1756990730.421,latency_s,6.108710
1756990730.421,latency_s,6.101003
1756990730.421,latency_s,6.021390
1756990730.421,latency_s,6.263503
1756990730.421,latency_s,6.163243
1756990730.421,latency_s,6.063049
1756990730.422,latency_s,6.031114
1756990730.422,latency_s,6.026751
1756990730.422,latency_s,6.029118
1756990730.422,latency_s,6.061176
1756990730.422,latency_s,6.221944
1756990730.422,latency_s,6.120489
1756990730.422,latency_s,6.019079
1756990730.422,latency_s,6.018139
1756990730.422,latency_s,6.062821
1756990730.422,latency_s,6.002824
1756990730.422,latency_s,6.062705
1756990730.422,latency_s,5.961244
1756990730.529,latency_s,6.157878
1756990730.529,latency_s,6.088198
1756990730.529,latency_s,6.109438
1756990730.529,latency_s,6.116722
1756990730.529,latency_s,6.016085
1756990730.529,latency_s,6.028485
1756990730.529,latency_s,6.108779
1756990730.529,latency_s,6.008707
1756990730.529,latency_s,6.070089
1756990730.529,latency_s,6.038061
1756990730.529,latency_s,6.032575
1756990730.529,latency_s,6.032347
1756990730.529,latency_s,6.065858
1756990730.529,latency_s,6.025826
1756990730.529,latency_s,6.024336
1756990730.635,latency_s,6.174570
1756990730.636,latency_s,6.175763
1756990730.636,latency_s,6.164698
1756990730.636,latency_s,6.093643
1756990730.636,latency_s,6.074380
1756990730.636,latency_s,6.062524
1756990730.636,latency_s,6.116080
1756990730.636,latency_s,6.022545
1756990730.636,latency_s,6.034507
1756990730.636,latency_s,6.015420
1756990730.742,latency_s,6.182504
1756990730.743,latency_s,6.144097
1756990730.743,latency_s,6.143241
1756990730.743,latency_s,6.178829
1756990730.743,latency_s,6.138422
1756990730.743,latency_s,6.123322
1756990730.743,latency_s,6.137992
1756990730.743,latency_s,6.082724
1756990730.743,latency_s,6.081298
1756990730.743,latency_s,6.098583
1756990730.743,latency_s,6.068977
1756990730.743,latency_s,6.123230
1756990730.743,latency_s,6.029784
1756990730.743,latency_s,6.022558
1756990730.743,latency_s,6.040899
1756990730.743,latency_s,6.083266
1756990730.743,latency_s,6.044427
1756990730.743,latency_s,6.043079
1756990730.743,latency_s,6.078164
1756990730.744,latency_s,6.038199
1756990730.744,latency_s,6.023784
1756990730.744,latency_s,6.081822
1756990730.850,latency_s,6.129648
1756990730.850,latency_s,6.036313
1756990730.850,latency_s,6.028594
1756990730.850,latency_s,6.047338
1756990730.850,latency_s,6.259176
1756990730.850,latency_s,6.158371
1756990730.850,latency_s,6.058241
1756990730.850,latency_s,6.051317
1756990730.851,latency_s,6.050035
1756990730.851,latency_s,6.084740
1756990730.851,latency_s,6.044063
1756990730.851,latency_s,6.029418
1756990730.851,latency_s,5.986352
1756990730.851,latency_s,6.044194
1756990730.851,latency_s,5.989905
1756990730.851,latency_s,6.090040
1756990730.958,latency_s,6.096211
1756990730.958,latency_s,6.082235
1756990730.958,latency_s,6.111516
1756990730.958,latency_s,6.095393
1756990730.958,latency_s,6.136760
1756990730.958,latency_s,6.043324
1756990730.958,latency_s,6.036042
1756990730.958,latency_s,6.053704
1756990730.958,latency_s,6.064193
1756990730.958,latency_s,6.058294
1756990730.958,latency_s,6.057569
1756990730.958,latency_s,6.091746
1756990730.958,latency_s,5.991492
1756990730.958,latency_s,6.051296
1756990730.958,latency_s,6.036665
1756990730.958,latency_s,6.051567
1756990730.958,latency_s,5.993866
1756990730.958,latency_s,5.997479
1756990730.959,latency_s,5.996770
1756990731.066,latency_s,6.113727
1756990731.173,latency_s,6.251347
1756990731.173,latency_s,6.148746
1756990731.174,latency_s,6.158337
1756990731.174,latency_s,6.148709
1756990731.174,latency_s,6.168791
1756990731.174,latency_s,6.179217
1756990731.174,latency_s,6.173310
1756990731.174,latency_s,6.172301
1756990731.174,latency_s,6.106486
1756990731.174,latency_s,6.165478
1756990731.174,latency_s,6.165417
1756990731.174,latency_s,6.107334
1756990731.174,latency_s,6.112024
1756990731.174,latency_s,6.110983
1756990731.174,latency_s,6.120417
1756990731.174,latency_s,6.096323
1756990731.174,latency_s,6.110462
1756990731.174,latency_s,6.048949
1756990731.174,latency_s,6.048895
1756990731.174,latency_s,6.058588
1756990731.174,latency_s,6.069119
1756990731.175,latency_s,6.079589
1756990731.175,latency_s,6.074141
1756990731.175,latency_s,6.071137
1756990731.175,latency_s,6.006967
1756990731.175,latency_s,6.065679
1756990731.175,latency_s,6.008044
1756990731.175,latency_s,6.065995
1756990731.175,latency_s,6.012822
1756990731.175,latency_s,6.011804
1756990731.175,latency_s,6.021099
1756990731.281,latency_s,6.055133
1756990731.281,latency_s,6.085438
1756990731.281,latency_s,6.075225
1756990731.281,latency_s,6.076748
1756990731.281,latency_s,6.080292
1756990731.281,latency_s,6.012642
1756990731.281,latency_s,6.071680
1756990731.282,latency_s,6.259336
1756990731.389,latency_s,6.266010
1756990731.389,latency_s,6.165714
1756990731.389,latency_s,6.179663
1756990731.389,latency_s,6.120811
1756990731.389,latency_s,6.126811
1756990731.389,latency_s,6.125349
1756990731.389,latency_s,6.134798
1756990731.389,latency_s,6.109052
1756990731.389,latency_s,6.124440
1756990731.389,latency_s,6.063137
1756990731.389,latency_s,6.093356
1756990731.389,latency_s,6.083010
1756990731.389,latency_s,6.072627
1756990731.389,latency_s,6.083948
1756990731.389,latency_s,6.088456
1756990731.389,latency_s,6.020778
1756990731.389,latency_s,6.065781
1756990731.389,latency_s,6.077954
1756990731.390,latency_s,6.078045
1756990731.390,latency_s,6.021049
1756990731.390,latency_s,6.026532
1756990731.390,latency_s,6.025302
1756990731.390,latency_s,6.034971
1756990731.430,latency_s,6.047216
1756990731.496,latency_s,6.089725
1756990731.496,latency_s,6.090365
1756990731.496,latency_s,6.095360
1756990731.496,latency_s,6.084813
1756990731.497,latency_s,6.072434
1756990731.497,latency_s,6.027383
1756990731.497,latency_s,6.085109
1756990731.497,latency_s,6.027648
1756990731.497,latency_s,5.984978
1756990731.579,latency_s,6.115157
1756990731.579,latency_s,6.112995
1756990731.579,latency_s,6.123169
1756990731.579,latency_s,6.093774
1756990731.579,latency_s,6.113115
1756990731.579,latency_s,6.048273
1756990731.579,latency_s,6.252713
1756990731.579,latency_s,6.152281
1756990731.579,latency_s,6.048448
1756990731.579,latency_s,6.081352
1756990731.579,latency_s,6.061397
1756990731.604,latency_s,6.097821
1756990731.605,latency_s,6.097440
1756990731.605,latency_s,6.103466
1756990731.605,latency_s,6.002456
1756990731.605,latency_s,6.080209
1756990731.605,latency_s,6.032632
1756990731.605,latency_s,6.092949
1756990731.605,latency_s,5.992220
1756990731.605,latency_s,6.032773
1756990731.605,latency_s,6.041279
1756990731.605,latency_s,6.038860
1756990731.743,latency_s,6.187294
1756990731.743,latency_s,6.156486
1756990731.744,latency_s,6.177042
1756990731.744,latency_s,6.112507
1756990731.744,latency_s,6.112851
1756990731.744,latency_s,6.145394
1756990731.744,latency_s,6.125605
1756990731.744,latency_s,6.045033
1756990731.744,latency_s,6.136852
1756990731.744,latency_s,6.135139
1756990731.744,latency_s,6.034618
1756990731.744,latency_s,6.040670
1756990731.744,latency_s,6.118899
1756990731.744,latency_s,6.129641
1756990731.744,latency_s,6.070466
1756990731.818,latency_s,6.102750
1756990731.818,latency_s,6.105315
1756990731.818,latency_s,6.144440
1756990731.818,latency_s,6.153628
1756990731.818,latency_s,6.151621
1756990731.818,latency_s,6.161102
1756990731.820,latency_s,6.132621
1756990731.820,latency_s,6.151001
1756990731.820,latency_s,6.088694
1756990731.820,latency_s,6.087806
1756990731.820,latency_s,6.101688
1756990731.820,latency_s,6.020547
1756990731.820,latency_s,6.113171
1756990731.820,latency_s,6.013052
1756990731.820,latency_s,6.007073
1756990731.820,latency_s,6.094947
1756990731.821,latency_s,5.994678
1756990731.926,latency_s,6.157133
1756990731.926,latency_s,6.155085
1756990731.926,latency_s,6.136539
1756990731.926,latency_s,6.065455
1756990731.928,latency_s,6.095275
1756990731.928,latency_s,6.094937
1756990731.928,latency_s,6.108802
1756990731.928,latency_s,6.027906
1756990731.928,latency_s,6.019750
1756990731.928,latency_s,6.012727
1756990731.928,latency_s,6.001554
1756990731.928,latency_s,6.053508
1756990731.928,latency_s,6.011973
1756990731.928,latency_s,6.013952
1756990731.928,latency_s,6.051118
1756990732.034,latency_s,6.061044
1756990732.034,latency_s,6.100545
1756990732.034,latency_s,6.100565
1756990732.034,latency_s,6.114611
1756990732.034,latency_s,6.033949
1756990732.034,latency_s,6.014542
1756990732.034,latency_s,6.025953
1756990732.077,latency_s,6.272743
1756990732.077,latency_s,6.172340
1756990732.077,latency_s,6.069285
1756990732.077,latency_s,6.060642
1756990732.077,latency_s,6.050293
1756990732.077,latency_s,6.102214
1756990732.077,latency_s,6.059272
1756990732.077,latency_s,6.063058
1756990732.077,latency_s,6.100176
1756990732.077,latency_s,6.111340
1756990732.141,latency_s,6.079396
1756990732.141,latency_s,6.067623
1756990732.141,latency_s,6.149947
1756990732.141,latency_s,6.106361
1756990732.141,latency_s,6.040134
1756990732.141,latency_s,6.020923
1756990732.141,latency_s,6.032638
1756990732.142,latency_s,6.033022
1756990732.225,latency_s,6.107702
1756990732.225,latency_s,6.097781
1756990732.225,latency_s,6.149601
1756990732.225,latency_s,6.106171
1756990732.225,latency_s,6.110590
1756990732.225,latency_s,6.147732
1756990732.225,latency_s,6.159019
1756990732.250,latency_s,6.158154
1756990732.250,latency_s,6.057078
1756990732.250,latency_s,6.114637
1756990732.250,latency_s,6.049126
1756990732.251,latency_s,6.040844
1756990732.251,latency_s,6.029596
1756990732.251,latency_s,6.040795
1756990732.251,latency_s,6.033098
1756990732.251,latency_s,6.022671
1756990732.251,latency_s,6.074729
1756990732.251,latency_s,6.030691
1756990732.251,latency_s,6.072327
1756990732.251,latency_s,6.084197
1756990732.251,latency_s,6.035256
1756990732.251,latency_s,5.983287
1756990732.251,latency_s,5.975816
1756990732.251,latency_s,5.988312
1756990732.357,latency_s,6.323412
1756990732.357,latency_s,6.222845
1756990732.357,latency_s,6.122539
1756990732.358,latency_s,6.121130
1756990732.358,latency_s,6.021117
1756990732.465,latency_s,6.162895
1756990732.465,latency_s,6.143458
1756990732.465,latency_s,6.154891
1756990732.465,latency_s,6.154351
1756990732.465,latency_s,6.147014
1756990732.465,latency_s,6.136731
1756990732.465,latency_s,6.144557
1756990732.465,latency_s,6.188761
1756990732.465,latency_s,6.184352
1756990732.465,latency_s,6.097448
1756990732.573,latency_s,6.161617
1756990732.573,latency_s,6.151321
1756990732.573,latency_s,6.161566
1756990732.573,latency_s,6.155212
1756990732.573,latency_s,6.144546
1756990732.574,latency_s,6.196941
1756990732.574,latency_s,6.151037
1756990732.574,latency_s,6.191113
1756990732.574,latency_s,6.105413
1756990732.574,latency_s,6.089138
1756990732.574,latency_s,6.097224
1756990732.574,latency_s,6.108576
1756990732.574,latency_s,6.096294
1756990732.574,latency_s,6.077513
1756990732.574,latency_s,6.136911
1756990732.574,latency_s,6.035645
1756990732.574,latency_s,6.062117
1756990732.574,latency_s,6.061811
1756990732.574,latency_s,6.055317
1756990732.574,latency_s,6.044716
1756990732.574,latency_s,6.096702
1756990732.681,latency_s,6.102750
1756990732.681,latency_s,6.177290
1756990732.682,latency_s,6.077160
1756990732.682,latency_s,6.068553
1756990732.682,latency_s,6.061523
1756990732.682,latency_s,6.052101
1756990732.682,latency_s,6.003492
1756990732.682,latency_s,6.055007
1756990732.682,latency_s,6.062609
1756990732.682,latency_s,5.996803
1756990732.682,latency_s,6.012924
1756990732.682,latency_s,6.003800
1756990732.682,latency_s,6.012943
1756990732.682,latency_s,6.001949
1756990732.682,latency_s,5.982273
1756990732.788,latency_s,6.149706
1756990732.789,latency_s,6.075238
1756990732.789,latency_s,6.082557
1756990732.789,latency_s,6.048821
1756990732.789,latency_s,6.075192
1756990732.789,latency_s,6.008931
1756990732.789,latency_s,6.058571
1756990732.789,latency_s,6.060867
1756990732.789,latency_s,6.069161
1756990732.789,latency_s,6.019494
1756990732.789,latency_s,6.003088
1756990732.789,latency_s,6.009089
1756990732.789,latency_s,6.007692
1756990732.789,latency_s,6.019441
1756990732.789,latency_s,5.987303
1756990732.789,latency_s,6.049379
1756990732.789,latency_s,5.948912
1756990732.789,latency_s,6.166340
1756990732.789,latency_s,6.065862
1756990732.897,latency_s,6.072869
1756990732.897,latency_s,6.088093
1756990732.897,latency_s,6.082356
1756990732.897,latency_s,6.082276
1756990732.897,latency_s,6.016002
1756990732.897,latency_s,6.066186
1756990732.897,latency_s,6.068210
1756990732.897,latency_s,6.076743
1756990733.005,latency_s,6.134574
1756990733.005,latency_s,6.118810
1756990733.005,latency_s,6.124393
1756990733.005,latency_s,6.123459
1756990733.005,latency_s,6.134875
1756990733.005,latency_s,6.101235
1756990733.005,latency_s,6.063704
1756990733.005,latency_s,6.081093
1756990733.005,latency_s,6.090547
1756990733.006,latency_s,6.096530
1756990733.006,latency_s,6.088072
1756990733.006,latency_s,6.284416
1756990733.006,latency_s,6.184254
1756990733.006,latency_s,6.083248
1756990733.006,latency_s,6.022197
1756990733.006,latency_s,6.074451
1756990733.006,latency_s,6.075943
1756990733.006,latency_s,6.083076
1756990733.006,latency_s,6.035117
1756990733.006,latency_s,6.019170
1756990733.006,latency_s,6.022669
1756990733.006,latency_s,6.022650
1756990733.006,latency_s,6.031740
1756990733.006,latency_s,5.999413
1756990733.113,latency_s,6.171305
1756990733.113,latency_s,6.071008
1756990733.113,latency_s,6.090656
1756990733.113,latency_s,6.082539
1756990733.113,latency_s,6.029538
1756990733.113,latency_s,6.081612
1756990733.114,latency_s,6.042529
1756990733.114,latency_s,6.026022
1756990733.221,latency_s,6.136712
1756990733.221,latency_s,6.136787
1756990733.221,latency_s,6.145277
1756990733.221,latency_s,6.112698
1756990733.221,latency_s,6.077693
1756990733.221,latency_s,6.095448
1756990733.221,latency_s,6.103916
1756990733.221,latency_s,6.109218
1756990733.221,latency_s,6.099939
1756990733.221,latency_s,6.078087
1756990733.221,latency_s,6.098104
1756990733.221,latency_s,6.089898
1756990733.221,latency_s,6.088926
1756990733.221,latency_s,6.037068
1756990733.221,latency_s,6.049400
1756990733.222,latency_s,6.033593
1756990733.222,latency_s,6.037208
1756990733.222,latency_s,6.037191
1756990733.222,latency_s,6.044211
1756990733.222,latency_s,6.013592
1756990733.222,latency_s,5.978908
1756990733.222,latency_s,5.995463
1756990733.222,latency_s,6.004366
1756990733.222,latency_s,6.007822
1756990733.329,latency_s,6.004783
1756990733.329,latency_s,6.096182
1756990733.329,latency_s,5.995586
1756990733.329,latency_s,6.043974
1756990733.329,latency_s,6.056930
1756990733.329,latency_s,6.040676
1756990733.329,latency_s,6.044390
1756990733.329,latency_s,6.044421
1756990733.329,latency_s,6.051660
1756990733.329,latency_s,6.020216
1756990733.329,latency_s,5.950826
1756990733.329,latency_s,5.985447
1756990733.330,latency_s,6.001631
1756990733.438,latency_s,6.119498
1756990733.438,latency_s,6.121632
1756990733.438,latency_s,6.019531
1756990733.438,latency_s,6.019741
1756990733.438,latency_s,6.113978
1756990733.438,latency_s,6.415529
1756990733.438,latency_s,6.315145
1756990733.438,latency_s,6.211237
1756990733.439,latency_s,6.110444
1756990733.439,latency_s,6.094646
1756990733.439,latency_s,6.014106
1756990733.439,latency_s,6.004459
1756990733.439,latency_s,6.052855
1756990733.439,latency_s,6.066000
1756990733.439,latency_s,6.049763
1756990733.439,latency_s,6.053346
1756990733.439,latency_s,6.029121
1756990733.439,latency_s,5.959610
1756990733.439,latency_s,6.053383
1756990733.546,latency_s,6.119477
1756990733.546,latency_s,6.019201
1756990733.546,latency_s,6.117580
1756990733.547,latency_s,6.017968
1756990733.547,latency_s,6.102396
1756990733.547,latency_s,6.021145
1756990733.547,latency_s,6.313748
1756990733.547,latency_s,6.213510
1756990733.547,latency_s,6.113029
1756990733.547,latency_s,6.012582
1756990733.547,latency_s,6.059937
1756990733.547,latency_s,6.010396
1756990733.547,latency_s,6.073520
1756990733.547,latency_s,6.057741
1756990733.547,latency_s,6.060097
1756990733.547,latency_s,6.037049
1756990733.547,latency_s,5.959225
1756990733.547,latency_s,5.967866
1756990733.655,latency_s,6.126518
1756990733.655,latency_s,6.035527
1756990733.655,latency_s,6.034247
1756990733.656,latency_s,6.028684
1756990733.656,latency_s,6.110946
1756990733.656,latency_s,6.029205
1756990733.656,latency_s,6.020809
1756990733.656,latency_s,6.067733
1756990733.656,latency_s,6.018934
1756990733.656,latency_s,6.081333
1756990733.656,latency_s,5.980304
1756990733.656,latency_s,6.066275
1756990733.656,latency_s,6.026250
1756990733.762,latency_s,6.173625
1756990733.762,latency_s,6.072963
1756990733.762,latency_s,6.151201
1756990733.762,latency_s,6.081890
1756990733.870,latency_s,6.425823
1756990733.870,latency_s,6.323761
1756990733.870,latency_s,6.223118
1756990733.870,latency_s,6.240841
1756990733.870,latency_s,6.140016
1756990733.870,latency_s,6.136817
1756990733.870,latency_s,6.150488
1756990733.871,latency_s,6.146152
1756990733.871,latency_s,6.225545
1756990733.871,latency_s,6.124812
1756990733.871,latency_s,6.143133
1756990733.871,latency_s,6.135456
1756990733.871,latency_s,6.181896
1756990733.871,latency_s,6.132859
1756990733.871,latency_s,6.094791
1756990733.871,latency_s,6.136964
1756990733.871,latency_s,6.081038
1756990733.871,latency_s,6.159780
1756990733.871,latency_s,6.090203
1756990733.871,latency_s,6.059438
1756990733.977,latency_s,6.187396
1756990733.977,latency_s,6.229135
1756990733.977,latency_s,6.146141
1756990733.978,latency_s,6.156474
1756990733.978,latency_s,6.151994
1756990733.978,latency_s,6.131112
1756990733.978,latency_s,6.149685
1756990733.978,latency_s,6.141881
1756990733.978,latency_s,6.065781
1756990733.978,latency_s,6.087761
1756990733.978,latency_s,6.096252
1756990733.978,latency_s,6.129673
1756990733.978,latency_s,6.046401
1756990733.978,latency_s,6.056793
1756990733.978,latency_s,6.052149
1756990733.978,latency_s,6.031642
1756990733.979,latency_s,6.049150
1756990734.086,latency_s,6.149752
1756990734.086,latency_s,6.195650
1756990734.086,latency_s,6.147707
1756990734.086,latency_s,6.094465
1756990734.086,latency_s,6.150767
1756990734.086,latency_s,6.095641
1756990734.086,latency_s,6.073822
1756990734.086,latency_s,6.095808
1756990734.086,latency_s,6.103534
1756990734.086,latency_s,6.136292
1756990734.086,latency_s,6.054503
1756990734.087,latency_s,6.065012
1756990734.087,latency_s,6.252298
1756990734.087,latency_s,6.151434
1756990734.087,latency_s,6.051160
1756990734.087,latency_s,6.039571
1756990734.087,latency_s,6.057041
1756990734.087,latency_s,6.050067
1756990734.087,latency_s,6.047552
1756990734.087,latency_s,6.210230
1756990734.193,latency_s,6.216026
1756990734.193,latency_s,6.114812
1756990734.193,latency_s,6.101243
1756990734.193,latency_s,6.157680
1756990734.193,latency_s,6.070943
1756990734.193,latency_s,6.057506
1756990734.194,latency_s,6.065258
1756990734.194,latency_s,6.046000
1756990734.194,latency_s,6.063489
1756990734.194,latency_s,6.056630
1756990734.194,latency_s,6.054035
1756990734.194,latency_s,6.015096
1756990734.194,latency_s,6.001578
1756990734.194,latency_s,6.058321
1756990734.194,latency_s,6.002041
1756990734.194,latency_s,5.980694
1756990734.194,latency_s,6.002645
1756990734.301,latency_s,6.116060
1756990734.301,latency_s,6.046885
1756990734.301,latency_s,6.067803
1756990734.301,latency_s,6.078243
1756990734.301,latency_s,6.064360
1756990734.301,latency_s,6.072529
1756990734.301,latency_s,6.053102
1756990734.301,latency_s,6.310374
1756990734.301,latency_s,6.210089
1756990734.301,latency_s,6.109579
1756990734.301,latency_s,6.070571
1756990734.301,latency_s,6.059922
1756990734.301,latency_s,6.063747
1756990734.302,latency_s,6.022135
1756990734.302,latency_s,6.007843
1756990734.302,latency_s,6.064794
1756990734.302,latency_s,6.008993
1756990734.302,latency_s,5.987992
1756990734.302,latency_s,6.016164
1756990734.302,latency_s,6.009694
1756990734.407,latency_s,6.051362
1756990734.409,latency_s,6.085928
1756990734.409,latency_s,6.071411
1756990734.409,latency_s,6.080298
1756990734.409,latency_s,6.060552
1756990734.410,latency_s,6.117663
1756990734.410,latency_s,6.016904
1756990734.410,latency_s,6.078408
1756990734.410,latency_s,6.067082
1756990734.410,latency_s,6.071675
1756990734.515,latency_s,6.134671
1756990734.515,latency_s,6.120695
1756990734.515,latency_s,6.177726
1756990734.515,latency_s,6.121218
1756990734.515,latency_s,6.101023
1756990734.518,latency_s,6.087707
1756990734.518,latency_s,6.078926
1756990734.518,latency_s,6.068357
1756990734.518,latency_s,6.024572
1756990734.518,latency_s,6.086271
1756990734.518,latency_s,6.074673
1756990734.518,latency_s,6.079088
1756990734.518,latency_s,6.037577
1756990734.518,latency_s,6.023726
1756990734.518,latency_s,6.080798
1756990734.518,latency_s,5.979779
1756990734.518,latency_s,6.023737
1756990734.518,latency_s,6.004101
1756990734.518,latency_s,6.023602
1756990734.518,latency_s,6.030645
1756990734.518,latency_s,5.960794
1756990734.519,latency_s,5.983611
1756990734.729,latency_s,6.178252
1756990734.729,latency_s,6.198984
1756990734.729,latency_s,6.189591
1756990734.729,latency_s,6.204607
1756990734.729,latency_s,6.135694
1756990734.729,latency_s,6.197497
1756990734.729,latency_s,6.184814
1756990734.729,latency_s,6.190151
1756990734.729,latency_s,6.148466
1756990734.729,latency_s,6.134634
1756990734.729,latency_s,6.090622
1756990734.729,latency_s,6.134612
1756990734.730,latency_s,6.140621
1756990734.730,latency_s,6.113964
1756990734.730,latency_s,6.134739
1756990734.730,latency_s,6.069966
1756990734.730,latency_s,6.094586
1756990734.730,latency_s,6.078468
1756990734.730,latency_s,6.099327
1756990734.730,latency_s,6.103796
1756990734.730,latency_s,6.089958
1756990734.730,latency_s,6.097767
1756990734.730,latency_s,6.035424
1756990734.730,latency_s,6.084668
1756990734.730,latency_s,6.090560
1756990734.730,latency_s,6.048587
1756990734.730,latency_s,6.034971
1756990734.730,latency_s,5.989949
1756990734.730,latency_s,6.035156
1756990734.732,latency_s,6.042113
1756990734.733,latency_s,6.038429
1756990734.734,latency_s,6.017585
1756990734.837,latency_s,6.082852
1756990734.837,latency_s,6.095421
1756990734.837,latency_s,6.106652
1756990734.837,latency_s,6.105049
1756990734.841,latency_s,6.046296
1756990734.841,latency_s,6.094507
1756990734.841,latency_s,6.100874
1756990734.841,latency_s,6.059397
1756990734.841,latency_s,6.045470
1756990734.841,latency_s,6.000483
1756990734.841,latency_s,6.045652
1756990734.841,latency_s,6.050691
1756990734.841,latency_s,5.949624
1756990734.841,latency_s,6.045748
1756990734.842,latency_s,6.024997
1756990734.842,latency_s,5.979992
1756990734.842,latency_s,6.005341
1756990734.842,latency_s,5.998978
1756990734.842,latency_s,5.986995
1756990734.842,latency_s,6.011045
1756990734.842,latency_s,5.911041
1756990734.842,latency_s,5.945725
1756990734.842,latency_s,6.009427
1756990734.842,latency_s,5.908761
1756990734.842,latency_s,5.995296
1756990734.842,latency_s,6.001390
1756990734.944,latency_s,6.002802
1756990734.944,latency_s,6.061824
1756990734.944,latency_s,6.047659
1756990734.944,latency_s,6.002907
1756990734.944,latency_s,6.047976
1756990734.944,latency_s,5.952227
1756990734.949,latency_s,6.052588
1756990735.158,latency_s,6.241375
1756990735.158,latency_s,6.161738
1756990735.159,latency_s,6.194048
1756990735.159,latency_s,6.222077
1756990735.159,latency_s,6.202257
1756990735.159,latency_s,6.161782
1756990735.159,latency_s,6.124937
1756990735.159,latency_s,6.214895
1756990735.159,latency_s,6.127491
1756990735.159,latency_s,6.210633
1756990735.159,latency_s,6.117142
1756990735.159,latency_s,6.109115
1756990735.159,latency_s,6.176096
1756990735.159,latency_s,6.161443
1756990735.159,latency_s,6.117125
1756990735.159,latency_s,6.161412
1756990735.159,latency_s,6.066413
1756990735.159,latency_s,6.141630
1756990735.159,latency_s,6.061774
1756990735.159,latency_s,6.093131
1756990735.159,latency_s,6.121916
1756990735.159,latency_s,6.332305
1756990735.159,latency_s,6.231859
1756990735.159,latency_s,6.131451
1756990735.164,latency_s,6.035487
1756990735.164,latency_s,6.105610
1756990735.164,latency_s,6.031939
1756990735.164,latency_s,6.066128
1756990735.164,latency_s,6.029853
1756990735.164,latency_s,6.118671
1756990735.164,latency_s,6.016648
1756990735.164,latency_s,6.021823
1756990735.271,latency_s,6.153252
1756990735.271,latency_s,6.102904
1756990735.271,latency_s,6.133271
1756990735.271,latency_s,6.042145
1756990735.271,latency_s,6.111584
1756990735.312,latency_s,6.079806
1756990735.312,latency_s,6.112189
1756990735.312,latency_s,6.077132
1756990735.312,latency_s,6.062360
1756990735.312,latency_s,6.057837
1756990735.312,latency_s,6.128275
1756990735.312,latency_s,6.028071
1756990735.312,latency_s,6.112198
1756990735.312,latency_s,6.069391
1756990735.312,latency_s,6.112986
1756990735.312,latency_s,6.012175
1756990735.377,latency_s,6.134454
1756990735.377,latency_s,6.083547
1756990735.377,latency_s,6.158910
1756990735.377,latency_s,6.077266
1756990735.377,latency_s,6.058458
1756990735.377,latency_s,6.109224
1756990735.377,latency_s,6.139612
1756990735.378,latency_s,6.038720
1756990735.378,latency_s,6.048505
1756990735.378,latency_s,6.117596
1756990735.378,latency_s,6.015406
1756990735.378,latency_s,6.045143
1756990735.378,latency_s,6.077946
1756990735.378,latency_s,6.042761
1756990735.378,latency_s,6.026928
1756990735.378,latency_s,6.023257
1756990735.486,latency_s,6.066681
1756990735.486,latency_s,6.085239
1756990735.486,latency_s,6.117944
1756990735.487,latency_s,6.047251
1756990735.487,latency_s,6.056679
1756990735.487,latency_s,6.020131
1756990735.526,latency_s,6.092479
1756990735.526,latency_s,6.090525
1756990735.526,latency_s,6.074505
1756990735.526,latency_s,6.124539
1756990735.526,latency_s,6.068484
1756990735.526,latency_s,6.039096
1756990735.526,latency_s,6.124566
1756990735.526,latency_s,6.024369
1756990735.526,latency_s,6.080754
1756990735.526,latency_s,6.024610
1756990735.593,latency_s,6.091798
1756990735.595,latency_s,6.123567
1756990735.595,latency_s,6.054555
1756990735.595,latency_s,6.064993
1756990735.595,latency_s,6.026879
1756990735.595,latency_s,6.061609
1756990735.595,latency_s,6.042819
1756990735.595,latency_s,6.058227
1756990735.595,latency_s,6.093590
1756990735.596,latency_s,6.036675
1756990735.596,latency_s,6.007311
1756990735.596,latency_s,6.047879
1756990735.596,latency_s,5.993377
1756990735.596,latency_s,5.993538
1756990735.596,latency_s,6.051538
1756990735.596,latency_s,6.201823
1756990735.701,latency_s,6.206400
1756990735.702,latency_s,6.106450
1756990735.702,latency_s,6.081631
1756990735.702,latency_s,6.100188
1756990735.702,latency_s,6.128665
1756990735.702,latency_s,6.061011
1756990735.702,latency_s,6.070895
1756990735.702,latency_s,6.031785
1756990735.702,latency_s,6.100177
1756990735.702,latency_s,6.064587
1756990735.702,latency_s,6.049582
1756990735.702,latency_s,6.067959
1756990735.702,latency_s,6.041399
1756990735.703,latency_s,6.054498
1756990735.703,latency_s,6.014199
1756990735.703,latency_s,6.000243
1756990735.809,latency_s,6.112655
1756990735.810,latency_s,6.088761
1756990735.810,latency_s,6.107711
1756990735.810,latency_s,6.133782
1756990735.810,latency_s,6.068269
1756990735.810,latency_s,6.078512
1756990735.810,latency_s,6.039246
1756990735.810,latency_s,6.072243
1756990735.810,latency_s,6.107686
1756990735.810,latency_s,6.074960
1756990735.810,latency_s,6.057231
1756990735.810,latency_s,6.047936
1756990735.811,latency_s,6.061986
1756990735.811,latency_s,6.007041
1756990735.811,latency_s,6.020558
1756990735.811,latency_s,6.007357
1756990735.917,latency_s,6.040521
1756990735.918,latency_s,6.079660
1756990735.918,latency_s,6.063002
1756990735.918,latency_s,6.114534
1756990735.918,latency_s,6.055138
1756990735.918,latency_s,6.069124
1756990735.918,latency_s,6.027113
1756990735.918,latency_s,6.013809
1756990736.024,latency_s,6.078099
1756990736.024,latency_s,6.126325
1756990736.024,latency_s,6.102062
1756990736.024,latency_s,6.120945
1756990736.024,latency_s,6.141699
1756990736.025,latency_s,6.041482
1756990736.025,latency_s,6.082110
1756990736.025,latency_s,6.092500
1756990736.025,latency_s,6.020466
1756990736.026,latency_s,6.086843
1756990736.026,latency_s,6.047204
1756990736.026,latency_s,6.070759
1756990736.026,latency_s,6.062237
1756990736.026,latency_s,6.075740
1756990736.026,latency_s,6.034708
1756990736.026,latency_s,5.979500
1756990736.026,latency_s,6.021491
1756990736.026,latency_s,6.026920
1756990736.026,latency_s,6.003294
1756990736.026,latency_s,6.022029
1756990736.026,latency_s,5.940143
1756990736.026,latency_s,5.982838
1756990736.026,latency_s,5.993099
1756990736.026,latency_s,6.190296
1756990736.132,latency_s,6.026953
1756990736.132,latency_s,6.093156
1756990736.132,latency_s,6.052594
1756990736.132,latency_s,6.067578
1756990736.132,latency_s,6.228083
1756990736.132,latency_s,6.127735
1756990736.132,latency_s,6.027420
1756990736.132,latency_s,6.081257
1756990736.133,latency_s,6.040365
1756990736.240,latency_s,6.092736
1756990736.240,latency_s,6.135277
1756990736.240,latency_s,6.140640
1756990736.240,latency_s,6.116709
1756990736.240,latency_s,6.136282
1756990736.240,latency_s,6.052767
1756990736.241,latency_s,6.096334
1756990736.241,latency_s,6.106690
1756990736.241,latency_s,6.102722
1756990736.241,latency_s,6.035367
1756990736.241,latency_s,6.060583
1756990736.241,latency_s,6.075995
1756990736.241,latency_s,6.035228
1756990736.241,latency_s,6.048386
1756990736.241,latency_s,6.089360
1756990736.241,latency_s,5.989131
1756990736.241,latency_s,6.036253
1756990736.241,latency_s,6.041218
1756990736.241,latency_s,6.017425
1756990736.241,latency_s,6.036753
1756990736.242,latency_s,5.951856
1756990736.242,latency_s,5.997130
1756990736.242,latency_s,6.007425
1756990736.242,latency_s,6.003071
1756990736.242,latency_s,6.185917
1756990736.242,latency_s,6.085143
1756990736.347,latency_s,6.090256
1756990736.347,latency_s,6.066602
1756990736.347,latency_s,6.081908
1756990736.347,latency_s,6.040214
1756990736.347,latency_s,6.054680
1756990736.348,latency_s,5.992733
1756990736.349,latency_s,6.041897
1756990736.349,latency_s,6.042041
1756990736.349,latency_s,6.047883
1756990736.349,latency_s,6.043247
1756990736.349,latency_s,6.024514
1756990736.349,latency_s,5.952916
1756990736.349,latency_s,6.004102
1756990736.455,latency_s,6.120183
1756990736.455,latency_s,6.116671
1756990736.456,latency_s,6.314978
1756990736.456,latency_s,6.214213
1756990736.456,latency_s,6.114326
1756990736.456,latency_s,6.098616
1756990736.456,latency_s,6.074935
1756990736.456,latency_s,6.088296
1756990736.456,latency_s,6.048811
1756990736.456,latency_s,6.000820
1756990736.456,latency_s,6.063182
1756990736.456,latency_s,6.049293
1756990736.456,latency_s,6.208750
1756990736.457,latency_s,6.108325
1756990736.457,latency_s,6.007658
1756990736.457,latency_s,6.049745
1756990736.457,latency_s,6.054644
1756990736.457,latency_s,6.050299
1756990736.457,latency_s,6.032121
1756990736.457,latency_s,5.960004
1756990736.457,latency_s,6.011001
1756990736.457,latency_s,6.021387
1756990736.457,latency_s,6.017838
1756990736.457,latency_s,6.014407
1756990736.457,latency_s,5.913869
1756990736.671,latency_s,6.213259
1756990736.671,latency_s,6.189007
1756990736.671,latency_s,6.163571
1756990736.671,latency_s,6.202665
1756990736.671,latency_s,6.114877
1756990736.672,latency_s,6.178135
1756990736.672,latency_s,6.163787
1756990736.672,latency_s,6.121851
1756990736.672,latency_s,6.164164
1756990736.672,latency_s,6.168792
1756990736.672,latency_s,6.164344
1756990736.672,latency_s,6.064283
1756990736.672,latency_s,6.147056
1756990736.672,latency_s,6.073682
1756990736.672,latency_s,6.125740
1756990736.672,latency_s,6.132623
1756990736.672,latency_s,6.032396
1756990736.672,latency_s,6.136200
1756990736.672,latency_s,6.035381
1756990736.672,latency_s,6.028059
1756990736.672,latency_s,6.113178
1756990736.672,latency_s,6.089535
1756990736.672,latency_s,6.099835
1756990736.673,latency_s,6.064492
1756990736.673,latency_s,5.999770
1756990736.673,latency_s,6.015076
1756990736.673,latency_s,6.078413
1756990736.673,latency_s,6.064145
1756990736.673,latency_s,6.022808
1756990736.673,latency_s,6.065152
1756990736.673,latency_s,5.964599
1756990736.673,latency_s,6.069845
1756990736.779,latency_s,6.071077
1756990736.780,latency_s,6.080616
1756990736.780,latency_s,6.132704
1756990736.780,latency_s,6.039393
1756990736.780,latency_s,6.042359
1756990736.780,latency_s,6.035493
1756990736.780,latency_s,6.120776
1756990736.888,latency_s,6.202893
1756990736.888,latency_s,6.114203
1756990736.888,latency_s,6.179428
1756990736.888,latency_s,6.129412
1756990736.888,latency_s,6.192865
1756990736.888,latency_s,6.092691
1756990736.888,latency_s,6.178640
1756990736.888,latency_s,6.137713
1756990736.888,latency_s,6.078732
1756990736.888,latency_s,6.083368
1756990736.888,latency_s,6.161989
1756990736.888,latency_s,6.061755
1756990736.888,latency_s,6.079193
1756990736.888,latency_s,6.088118
1756990736.889,latency_s,6.140648
1756990736.889,latency_s,6.050778
1756990736.889,latency_s,6.047319
1756990736.889,latency_s,6.043434
1756990736.889,latency_s,6.128441
1756990736.889,latency_s,6.027834
1756990736.889,latency_s,6.101394
1756990736.889,latency_s,6.014542
1756990736.889,latency_s,6.079419
1756990736.889,latency_s,6.026802
1756990736.889,latency_s,5.991925
1756990736.889,latency_s,6.078747
1756990736.994,latency_s,6.085078
1756990736.995,latency_s,6.143270
1756990736.995,latency_s,6.042646
1756990736.995,latency_s,6.092078
1756990736.995,latency_s,6.056381
1756990736.995,latency_s,6.049204
1756990736.995,latency_s,6.033799
1756990736.996,latency_s,6.107888
1756990736.996,latency_s,6.086128
1756990737.103,latency_s,6.128290
1756990737.103,latency_s,6.092587
1756990737.103,latency_s,6.140532
1756990737.103,latency_s,6.105273
1756990737.103,latency_s,6.191281
1756990737.103,latency_s,6.091081
1756990737.103,latency_s,6.150762
1756990737.103,latency_s,6.096850
1756990737.103,latency_s,6.093065
1756990737.103,latency_s,6.075445
1756990737.103,latency_s,6.093256
1756990737.104,latency_s,6.050823
1756990737.104,latency_s,6.099785
1756990737.104,latency_s,6.064889
1756990737.104,latency_s,6.056879
1756990737.104,latency_s,6.041115
1756990737.104,latency_s,6.114253
1756990737.104,latency_s,5.991643
1756990737.104,latency_s,6.005129
1756990737.104,latency_s,6.041080
1756990737.104,latency_s,6.028550
1756990737.104,latency_s,5.991128
1756990737.104,latency_s,6.051445
1756990737.104,latency_s,5.995196
1756990737.104,latency_s,5.992276
1756990737.104,latency_s,5.976071
1756990737.104,latency_s,5.992329
1756990737.104,latency_s,5.949792
1756990737.104,latency_s,6.000083
1756990737.210,latency_s,6.069402
1756990737.210,latency_s,6.062639
1756990737.210,latency_s,6.046878
1756990737.211,latency_s,6.117521
1756990737.211,latency_s,6.269355
1756990737.211,latency_s,6.169210
1756990737.211,latency_s,6.068223
1756990737.211,latency_s,5.998277
1756990737.211,latency_s,6.012342
1756990737.318,latency_s,6.139962
1756990737.318,latency_s,6.155122
1756990737.318,latency_s,6.104921
1756990737.319,latency_s,6.165064
1756990737.319,latency_s,6.109346
1756990737.319,latency_s,6.105714
1756990737.319,latency_s,6.105080
1756990737.319,latency_s,6.090094
1756990737.319,latency_s,6.063469
1756990737.319,latency_s,6.114183
1756990737.319,latency_s,6.078413
1756990737.319,latency_s,6.071007
1756990737.319,latency_s,6.053220
1756990737.319,latency_s,6.121670
1756990737.319,latency_s,6.021277
1756990737.319,latency_s,6.075073
1756990737.319,latency_s,6.006038
1756990737.319,latency_s,6.039961
1756990737.319,latency_s,6.019427
1756990737.319,latency_s,6.052821
1756990737.319,latency_s,6.005340
1756990737.320,latency_s,6.065352
1756990737.320,latency_s,6.009604
1756990737.320,latency_s,6.006513
1756990737.320,latency_s,6.005889
1756990737.320,latency_s,5.991045
1756990737.425,latency_s,6.057960
1756990737.532,latency_s,6.134406
1756990737.532,latency_s,6.188465
1756990737.533,latency_s,6.118781
1756990737.533,latency_s,6.117635
1756990737.533,latency_s,6.132653
1756990737.533,latency_s,6.165685
1756990737.533,latency_s,6.151497
1756990737.533,latency_s,6.122386
1756990737.533,latency_s,6.119401
1756990737.533,latency_s,6.118508
1756990737.533,latency_s,6.104257
1756990737.533,latency_s,6.128019
1756990737.533,latency_s,6.091509
1756990737.533,latency_s,6.034717
1756990737.533,latency_s,6.084684
1756990737.533,latency_s,6.065900
1756990737.533,latency_s,6.089234
1756990737.533,latency_s,6.018381
1756990737.534,latency_s,6.065833
1756990737.534,latency_s,6.017815
1756990737.534,latency_s,6.033077
1756990737.534,latency_s,6.051253
1756990737.534,latency_s,6.022992
1756990737.534,latency_s,6.019572
1756990737.534,latency_s,6.019112
1756990737.534,latency_s,6.004744
1756990737.534,latency_s,6.178871
1756990737.534,latency_s,6.078413
1756990737.535,latency_s,5.977742
1756990737.535,latency_s,6.029013
1756990737.535,latency_s,5.992631
1756990737.535,latency_s,5.935819
1756990737.641,latency_s,6.092476
1756990737.641,latency_s,6.073288
1756990737.642,latency_s,6.095991
1756990737.642,latency_s,5.994936
1756990737.642,latency_s,6.073482
1756990737.642,latency_s,6.024711
1756990737.683,latency_s,6.067312
1756990737.683,latency_s,6.099229
1756990737.683,latency_s,6.081541
1756990737.683,latency_s,6.068152
1756990737.683,latency_s,6.067272
1756990737.683,latency_s,6.052549
1756990737.683,latency_s,6.025907
1756990737.683,latency_s,6.327646
1756990737.683,latency_s,6.224972
1756990737.683,latency_s,6.124192
1756990737.683,latency_s,6.023543
1756990737.749,latency_s,6.142739
1756990737.750,latency_s,6.042609
1756990737.750,latency_s,6.106919
1756990737.750,latency_s,6.079398
1756990737.750,latency_s,6.100370
1756990737.750,latency_s,6.049588
1756990737.750,latency_s,6.002378
1756990737.750,latency_s,6.079829
1756990737.750,latency_s,6.032487
1756990737.750,latency_s,6.034335
1756990737.750,latency_s,6.064498
1756990737.832,latency_s,6.130450
1756990737.833,latency_s,6.117254
1756990737.833,latency_s,6.116872
1756990737.833,latency_s,6.101510
1756990737.856,latency_s,6.106693
1756990737.857,latency_s,6.055859
1756990737.857,latency_s,6.009579
1756990737.857,latency_s,6.087129
1756990737.857,latency_s,5.984456
1756990737.857,latency_s,6.040660
1756990737.857,latency_s,6.039555
1756990737.857,latency_s,6.070255
1756990737.858,latency_s,6.055393
1756990737.858,latency_s,6.246015
1756990737.858,latency_s,6.145332
1756990737.858,latency_s,6.045093
1756990737.858,latency_s,6.041068
1756990737.858,latency_s,6.040994
1756990737.858,latency_s,6.026447
1756990737.858,latency_s,6.000331
1756990737.858,latency_s,5.950431
1756990737.964,latency_s,6.090016
1756990737.964,latency_s,6.114026
1756990737.964,latency_s,6.061008
1756990737.964,latency_s,6.102664
1756990737.964,latency_s,6.002048
1756990737.964,latency_s,6.015371
1756990737.964,latency_s,5.990722
1756990737.964,latency_s,6.045930
1756990737.964,latency_s,6.076719
1756990737.965,latency_s,6.061531
1756990737.965,latency_s,6.046571
1756990737.965,latency_s,6.051220
1756990737.965,latency_s,6.046656
1756990737.965,latency_s,6.046553
1756990737.965,latency_s,6.033009
1756990738.071,latency_s,6.120006
1756990738.071,latency_s,6.097091
1756990738.072,latency_s,6.068221
1756990738.072,latency_s,6.020838
1756990738.072,latency_s,6.008856
1756990738.072,latency_s,6.022951
1756990738.072,latency_s,5.996846
1756990738.072,latency_s,6.084427
1756990738.072,latency_s,6.053169
1756990738.073,latency_s,6.068757
1756990738.073,latency_s,6.053563
1756990738.073,latency_s,5.983980
1756990738.073,latency_s,6.057551
1756990738.178,latency_s,6.159040
1756990738.179,latency_s,6.159883
1756990738.179,latency_s,6.147263
1756990738.179,latency_s,6.118778
1756990738.179,latency_s,6.034644
1756990738.179,latency_s,6.027391
1756990738.180,latency_s,6.104227
1756990738.180,latency_s,6.074951
1756990738.287,latency_s,6.123074
1756990738.287,latency_s,6.136777
1756990738.287,latency_s,6.109652
1756990738.287,latency_s,6.096501
1756990738.287,latency_s,6.167228
1756990738.287,latency_s,6.182640
1756990738.287,latency_s,6.167463
1756990738.287,latency_s,6.171429
1756990738.287,latency_s,6.167739
1756990738.287,latency_s,6.167654
1756990738.287,latency_s,6.066996
1756990738.287,latency_s,6.078850
1756990738.287,latency_s,6.042330
1756990738.288,latency_s,6.082644
1756990738.288,latency_s,6.034837
1756990738.288,latency_s,6.110490
1756990738.288,latency_s,6.037029
1756990738.288,latency_s,6.009435
1756990738.288,latency_s,6.067734
1756990738.288,latency_s,5.997303
1756990738.288,latency_s,6.083370
1756990738.288,latency_s,5.982587
1756990738.393,latency_s,6.173154
1756990738.393,latency_s,6.176131
1756990738.394,latency_s,6.073276
1756990738.394,latency_s,6.071855
1756990738.394,latency_s,6.161372
1756990738.394,latency_s,6.060656
1756990738.395,latency_s,6.131750
1756990738.395,latency_s,6.085629
1756990738.395,latency_s,6.049483
1756990738.395,latency_s,6.116580
1756990738.502,latency_s,6.148562
1756990738.502,latency_s,6.196967
1756990738.503,latency_s,6.151742
1756990738.503,latency_s,6.123358
1756990738.503,latency_s,6.182060
1756990738.503,latency_s,6.096572
1756990738.503,latency_s,6.111460
1756990738.503,latency_s,6.182200
1756990738.503,latency_s,6.083993
1756990738.503,latency_s,6.138666
1756990738.503,latency_s,6.081877
1756990738.503,latency_s,6.079529
1756990738.503,latency_s,6.069204
1756990738.503,latency_s,6.139150
1756990738.503,latency_s,6.093634
1756990738.503,latency_s,6.123780
1756990738.503,latency_s,6.022320
1756990738.503,latency_s,6.049528
1756990738.503,latency_s,6.097131
1756990738.504,latency_s,6.051920
1756990738.504,latency_s,6.058029
1756990738.504,latency_s,6.022930
1756990738.504,latency_s,6.011386
1756990738.504,latency_s,6.083023
1756990738.609,latency_s,6.102670
1756990738.609,latency_s,6.087827
1756990738.609,latency_s,6.188547
1756990738.610,latency_s,6.085663
1756990738.611,latency_s,6.076472
1756990738.611,latency_s,6.146216
1756990738.611,latency_s,6.100326
1756990738.611,latency_s,6.029536
1756990738.611,latency_s,6.104839
1756990738.611,latency_s,6.057512
1756990738.611,latency_s,6.057787
1756990738.612,latency_s,6.065467
1756990738.612,latency_s,6.030081
1756990738.719,latency_s,6.124875
1756990738.720,latency_s,6.097788
1756990738.720,latency_s,6.112356
1756990738.720,latency_s,6.098191
1756990738.720,latency_s,6.099036
1756990738.720,latency_s,6.097966
1756990738.720,latency_s,6.094813
1756990738.720,latency_s,6.085060
1756990738.720,latency_s,6.154503
1756990738.720,latency_s,6.053404
1756990738.720,latency_s,6.108778
1756990738.720,latency_s,6.112419
1756990738.720,latency_s,6.036570
1756990738.720,latency_s,6.065916
1756990738.720,latency_s,6.012150
1756990738.720,latency_s,6.037198
1756990738.720,latency_s,5.997788
1756990738.720,latency_s,5.998548
1756990738.720,latency_s,5.998991
1756990738.721,latency_s,5.998122
1756990738.826,latency_s,6.089890
1756990738.826,latency_s,6.100337
1756990738.826,latency_s,6.058784
1756990738.827,latency_s,6.072074
1756990738.827,latency_s,6.043169
1756990738.828,latency_s,6.004421
1756990738.828,latency_s,6.019978
1756990738.828,latency_s,6.006061
1756990738.829,latency_s,6.006180
1756990738.829,latency_s,6.005866
1756990738.829,latency_s,5.992507
1756990738.829,latency_s,6.002994
1756990738.829,latency_s,5.962062
1756990738.829,latency_s,6.016430
1756990738.829,latency_s,6.174576
1756990738.829,latency_s,6.073883
1756990738.829,latency_s,5.973281
1756990738.935,latency_s,6.125592
1756990738.935,latency_s,6.025294
1756990738.935,latency_s,6.048253
1756990738.935,latency_s,6.369374
1756990738.935,latency_s,6.268286
1756990738.935,latency_s,6.167859
1756990738.935,latency_s,6.067625
1756990738.935,latency_s,6.079831
1756990738.935,latency_s,6.288439
1756990738.935,latency_s,6.187609
1756990738.936,latency_s,6.087087
1756990738.936,latency_s,6.241355
1756990738.936,latency_s,6.138947
1756990738.936,latency_s,6.038271
1756990738.936,latency_s,6.011929
1756990738.936,latency_s,6.051610
1756990738.936,latency_s,6.027781
1756990738.936,latency_s,6.013799
1756990738.936,latency_s,6.013473
1756990738.937,latency_s,6.012692
1756990739.043,latency_s,6.086286
1756990739.043,latency_s,6.033185
1756990739.043,latency_s,6.052830
1756990739.043,latency_s,6.075036
1756990739.044,latency_s,6.088297
1756990739.044,latency_s,6.044366
1756990739.044,latency_s,6.095703
1756990739.045,latency_s,6.020130
1756990739.045,latency_s,6.059931
1756990739.045,latency_s,6.035763
1756990739.045,latency_s,6.022120
1756990739.045,latency_s,6.021799
1756990739.045,latency_s,6.020437
1756990739.045,latency_s,6.006807
1756990739.045,latency_s,6.016258
1756990739.045,latency_s,5.975651
1756990739.045,latency_s,6.030209
1756990739.045,latency_s,5.987643
1756990739.045,latency_s,5.934349
1756990739.150,latency_s,6.100642
1756990739.150,latency_s,6.000562
1756990739.151,latency_s,6.094347
1756990739.151,latency_s,6.050247
1756990739.151,latency_s,6.024542
1756990739.151,latency_s,6.041586
1756990739.151,latency_s,6.065732
1756990739.151,latency_s,6.028258
1756990739.151,latency_s,6.026523
1756990739.151,latency_s,6.082044
1756990739.151,latency_s,5.981829
1756990739.151,latency_s,6.026423
1756990739.151,latency_s,6.013122
1756990739.152,latency_s,6.023069
1756990739.152,latency_s,5.982618
1756990739.152,latency_s,6.037242
1756990739.152,latency_s,5.936879
1756990739.152,latency_s,5.994669
1756990739.152,latency_s,5.941430
1756990739.153,latency_s,5.902131
1756990739.367,latency_s,6.209667
1756990739.367,latency_s,6.109098
1756990739.367,latency_s,6.165578
1756990739.367,latency_s,6.140491
1756990739.367,latency_s,6.181021
1756990739.367,latency_s,6.157413
1756990739.367,latency_s,6.144105
1756990739.368,latency_s,6.142588
1756990739.368,latency_s,6.097193
1756990739.368,latency_s,6.142641
1756990739.368,latency_s,6.128541
1756990739.368,latency_s,6.138190
1756990739.368,latency_s,6.097522
1756990739.368,latency_s,6.052253
1756990739.368,latency_s,6.277042
1756990739.368,latency_s,6.175851
1756990739.368,latency_s,6.109211
1756990739.368,latency_s,6.075046
1756990739.368,latency_s,6.056557
1756990739.368,latency_s,6.017448
1756990739.368,latency_s,6.010110
1756990739.368,latency_s,6.066415
1756990739.368,latency_s,6.040780
1756990739.368,latency_s,6.079280
1756990739.368,latency_s,6.057622
1756990739.369,latency_s,6.044664
1756990739.369,latency_s,6.041124
1756990739.369,latency_s,5.996590
1756990739.369,latency_s,6.041177
1756990739.369,latency_s,6.038573
1756990739.369,latency_s,6.029190
1756990739.369,latency_s,5.998253
1756990739.474,latency_s,6.022987
1756990739.476,latency_s,6.017200
1756990739.476,latency_s,6.073704
1756990739.476,latency_s,6.064728
1756990739.476,latency_s,6.047518
1756990739.476,latency_s,6.051462
1756990739.477,latency_s,6.087024
1756990739.584,latency_s,6.093659
1756990739.584,latency_s,6.155135
1756990739.584,latency_s,6.110234
1756990739.584,latency_s,6.155097
1756990739.584,latency_s,6.153202
1756990739.584,latency_s,6.143942
1756990739.584,latency_s,6.112896
1756990739.584,latency_s,6.067482
1756990739.584,latency_s,6.090270
1756990739.584,latency_s,6.123303
1756990739.584,latency_s,6.071513
1756990739.584,latency_s,6.025112
1756990739.584,latency_s,6.080832
1756990739.584,latency_s,6.032632
1756990739.584,latency_s,6.054850
1756990739.584,latency_s,6.072732
1756990739.584,latency_s,6.058870
1756990739.585,latency_s,5.993573
1756990739.585,latency_s,6.054954
1756990739.585,latency_s,6.010877
1756990739.585,latency_s,6.055191
1756990739.585,latency_s,6.053435
1756990739.585,latency_s,6.044003
1756990739.585,latency_s,6.012951
1756990739.585,latency_s,5.968206
1756990739.585,latency_s,6.023488
1756990739.691,latency_s,6.039381
1756990739.691,latency_s,6.060705
1756990739.692,latency_s,6.065752
1756990739.692,latency_s,6.079147
1756990739.692,latency_s,5.996140
1756990739.692,latency_s,6.060500
1756990739.692,latency_s,6.016946
1756990739.692,latency_s,6.060829
1756990739.799,latency_s,6.166713
1756990739.799,latency_s,6.157399
1756990739.799,latency_s,6.126403
1756990739.799,latency_s,6.082047
1756990739.799,latency_s,6.036507
1756990739.799,latency_s,6.100878
1756990739.799,latency_s,6.086227
1756990739.799,latency_s,6.093404
1756990739.799,latency_s,6.047182
1756990739.799,latency_s,6.068070
1756990739.799,latency_s,6.086709
1756990739.799,latency_s,6.003304
1756990739.800,latency_s,5.986104
1756990739.800,latency_s,6.072979
1756990739.800,latency_s,6.068296
1756990739.800,latency_s,6.024090
1756990739.800,latency_s,6.068388
1756990739.800,latency_s,6.067123
1756990739.800,latency_s,5.966534
1756990739.800,latency_s,6.058043
1756990739.800,latency_s,6.025551
1756990739.800,latency_s,5.982393
1756990739.841,latency_s,5.977480
1756990739.841,latency_s,6.040668
1756990739.907,latency_s,6.045789
1756990739.907,latency_s,6.054298
1756990739.907,latency_s,6.099597
1756990739.907,latency_s,5.997081
1756990739.907,latency_s,6.075542
1756990739.907,latency_s,5.993403
1756990739.907,latency_s,6.080160
1756990739.907,latency_s,6.010065
1756990739.908,latency_s,6.076097
1756990739.908,latency_s,6.075993
1756990739.908,latency_s,6.029397
1756990739.908,latency_s,5.972691
1756990739.908,latency_s,5.975849
1756990739.989,latency_s,6.054368
1756990739.990,latency_s,6.147372
1756990739.990,latency_s,6.046256
1756990739.990,latency_s,6.114006
1756990739.990,latency_s,6.071589
1756990739.990,latency_s,6.075649
1756990739.990,latency_s,6.087932
1756990739.990,latency_s,6.025900
1756990739.990,latency_s,6.027926
1756990739.990,latency_s,6.036063
1756990739.990,latency_s,5.979606
1756990739.990,latency_s,5.991942
1756990739.990,latency_s,6.061519
1756990740.015,latency_s,6.079440
1756990740.015,latency_s,6.000489
1756990740.015,latency_s,5.985472
1756990740.015,latency_s,5.979056
1756990740.015,latency_s,5.982625
1756990740.015,latency_s,6.036381
1756990740.097,latency_s,6.061006
1756990740.097,latency_s,6.053242
1756990740.097,latency_s,6.119388
1756990740.097,latency_s,6.077132
1756990740.097,latency_s,6.082684
1756990740.097,latency_s,6.032273
1756990740.123,latency_s,6.119344
1756990740.123,latency_s,6.060568
1756990740.123,latency_s,6.068599
1756990740.123,latency_s,6.011917
1756990740.123,latency_s,6.024317
1756990740.123,latency_s,6.087408
1756990740.123,latency_s,5.993323
1756990740.123,latency_s,6.008971
1756990740.123,latency_s,5.984831
1756990740.123,latency_s,6.044255
1756990740.123,latency_s,5.990479
1756990740.123,latency_s,5.984813
1756990740.124,latency_s,5.986032
1756990740.204,latency_s,6.060116
1756990740.204,latency_s,6.126007
1756990740.204,latency_s,6.083646
1756990740.204,latency_s,6.089605
1756990740.204,latency_s,6.100492
1756990740.204,latency_s,6.038367
1756990740.204,latency_s,6.041142
1756990740.204,latency_s,6.049641
1756990740.205,latency_s,6.004735
1756990740.205,latency_s,5.965778
1756990740.205,latency_s,5.973758
1756990740.205,latency_s,5.989654
1756990740.205,latency_s,6.024163
1756990740.312,latency_s,6.073726
1756990740.419,latency_s,6.173966
1756990740.419,latency_s,6.204151
1756990740.419,latency_s,6.239248
1756990740.419,latency_s,6.197901
1756990740.419,latency_s,6.204286
1756990740.419,latency_s,6.152534
1756990740.419,latency_s,6.214822
1756990740.419,latency_s,6.114155
1756990740.419,latency_s,6.155628
1756990740.420,latency_s,6.164099
1756990740.420,latency_s,6.118801
1756990740.420,latency_s,6.103630
1756990740.420,latency_s,6.079962
1756990740.420,latency_s,6.088639
1756990740.420,latency_s,6.138553
1756990740.420,latency_s,6.080050
1756990740.420,latency_s,6.085213
1756990740.420,latency_s,6.081324
1756990740.420,latency_s,6.074351
1756990740.420,latency_s,6.104284
1756990740.420,latency_s,6.140155
1756990740.420,latency_s,6.039382
1756990740.420,latency_s,6.098667
1756990740.420,latency_s,6.104578
1756990740.420,latency_s,6.004426
1756990740.421,latency_s,6.052919
1756990740.421,latency_s,6.014874
1756990740.421,latency_s,6.054399
1756990740.421,latency_s,6.064953
1756990740.421,latency_s,6.018026
1756990740.421,latency_s,6.003242
1756990740.527,latency_s,6.095474
1756990740.527,latency_s,6.145476
1756990740.528,latency_s,6.084033
1756990740.528,latency_s,6.092817
1756990740.528,latency_s,6.081564
1756990740.528,latency_s,6.084411
1756990740.528,latency_s,6.109881
1756990740.528,latency_s,6.045162
1756990740.528,latency_s,6.105463
1756990740.528,latency_s,6.011237
1756990740.528,latency_s,6.021641
1756990740.528,latency_s,6.060151
1756990740.528,latency_s,6.061279
1756990740.528,latency_s,6.071730
1756990740.528,latency_s,5.971534
1756990740.528,latency_s,6.024387
1756990740.528,latency_s,6.010476
1756990740.528,latency_s,5.984281
1756990740.528,latency_s,5.995744
1756990740.635,latency_s,6.050347
1756990740.635,latency_s,6.111789
1756990740.635,latency_s,6.017539
1756990740.635,latency_s,6.066529
1756990740.635,latency_s,6.028569
1756990740.635,latency_s,6.067584
1756990740.635,latency_s,5.978181
1756990740.635,latency_s,6.030986
1756990740.743,latency_s,6.098758
1756990740.743,latency_s,6.110617
1756990740.743,latency_s,6.125461
1756990740.743,latency_s,6.099106
1756990740.743,latency_s,6.107194
1756990740.743,latency_s,6.099103
1756990740.744,latency_s,6.096797
1756990740.744,latency_s,6.125150
1756990740.744,latency_s,6.057964
1756990740.744,latency_s,6.120044
1756990740.744,latency_s,6.019527
1756990740.744,latency_s,6.025368
1756990740.744,latency_s,6.074109
1756990740.744,latency_s,6.036996
1756990740.744,latency_s,6.074289
1756990740.744,latency_s,5.986651
1756990740.744,latency_s,6.038522
1756990740.744,latency_s,5.999172
1756990740.744,latency_s,6.010380
1756990740.744,latency_s,6.025802
1756990740.744,latency_s,6.007661
1756990740.744,latency_s,5.999487
1756990740.744,latency_s,6.260993
1756990740.783,latency_s,6.198311
1756990740.783,latency_s,6.097347
1756990740.783,latency_s,5.996627
1756990740.783,latency_s,6.038593
1756990740.783,latency_s,6.036572
1756990740.988,latency_s,6.267383
1756990740.988,latency_s,6.200852
1756990740.988,latency_s,6.163044
1756990740.988,latency_s,6.169234
1756990740.988,latency_s,6.215371
1756990740.988,latency_s,6.180564
1756990740.988,latency_s,6.215561
1756990740.988,latency_s,6.115449
1756990740.988,latency_s,6.130214
1756990740.988,latency_s,6.181025
1756990740.988,latency_s,6.141573
1756990740.988,latency_s,6.154556
1756990740.988,latency_s,6.169793
1756990740.988,latency_s,6.141684
1756990740.988,latency_s,6.151115
1756990740.988,latency_s,6.101206
1756990740.988,latency_s,6.142825
1756990740.988,latency_s,6.140786
1756990740.989,latency_s,6.166521
1756990740.989,latency_s,6.066376
1756990740.989,latency_s,6.061824
1756990740.989,latency_s,6.069200
1756990740.989,latency_s,6.080698
1756990740.989,latency_s,6.115804
1756990740.989,latency_s,6.014649
1756990740.989,latency_s,6.029989
1756990740.989,latency_s,6.081174
1756990740.989,latency_s,6.041547
1756990740.998,latency_s,6.063471
1756990740.998,latency_s,6.078798
1756990740.998,latency_s,6.050541
1756990740.998,latency_s,6.060213
1756990741.098,latency_s,6.050175
1756990741.098,latency_s,6.063377
1756990741.098,latency_s,6.078557
1756990741.098,latency_s,6.050385
1756990741.098,latency_s,6.060089
1756990741.146,latency_s,6.052855
1756990741.146,latency_s,6.258596
1756990741.146,latency_s,6.157833
1756990741.146,latency_s,6.098015
1756990741.146,latency_s,6.052742
1756990741.146,latency_s,6.097287
1756990741.146,latency_s,6.022732
1756990741.146,latency_s,6.017404
1756990741.146,latency_s,6.036581
1756990741.146,latency_s,6.026014
1756990741.146,latency_s,6.071233
1756990741.205,latency_s,6.046126
1756990741.206,latency_s,6.096632
1756990741.206,latency_s,5.996019
1756990741.206,latency_s,6.057332
1756990741.206,latency_s,6.070888
1756990741.206,latency_s,6.085882
1756990741.206,latency_s,6.056466
1756990741.206,latency_s,6.066887
1756990741.206,latency_s,6.012013
1756990741.206,latency_s,6.012052
1756990741.206,latency_s,6.057439
1756990741.206,latency_s,6.056906
1756990741.206,latency_s,5.982333
1756990741.206,latency_s,5.976943
1756990741.206,latency_s,5.996424
1756990741.207,latency_s,6.031067
1756990741.313,latency_s,6.002587
1756990741.313,latency_s,6.238484
1756990741.313,latency_s,6.138304
1756990741.313,latency_s,6.037598
1756990741.314,latency_s,6.064545
1756990741.314,latency_s,6.078922
1756990741.315,latency_s,6.094133
1756990741.315,latency_s,5.993696
1756990741.315,latency_s,6.065004
1756990741.315,latency_s,6.075371
1756990741.315,latency_s,6.019974
1756990741.315,latency_s,6.065274
1756990741.315,latency_s,6.064779
1756990741.315,latency_s,5.990568
1756990741.315,latency_s,5.984630
1756990741.315,latency_s,5.937237
1756990741.420,latency_s,6.009281
1756990741.558,latency_s,6.206829
1756990741.558,latency_s,6.181412
1756990741.558,latency_s,6.221912
1756990741.558,latency_s,6.136971
1756990741.558,latency_s,6.207126
1756990741.558,latency_s,6.217505
1756990741.558,latency_s,6.117391
1756990741.558,latency_s,6.206895
1756990741.558,latency_s,6.105621
1756990741.558,latency_s,6.207309
1756990741.558,latency_s,6.105894
1756990741.559,latency_s,6.133094
1756990741.559,latency_s,6.127998
1756990741.559,latency_s,6.080773
1756990741.559,latency_s,6.147918
1756990741.559,latency_s,6.137231
1756990741.559,latency_s,6.098214
1756990741.559,latency_s,6.107595
1756990741.559,latency_s,6.081468
1756990741.559,latency_s,6.122180
1756990741.559,latency_s,6.021430
1756990741.559,latency_s,6.037159
1756990741.559,latency_s,6.106715
1756990741.559,latency_s,6.017497
1756990741.559,latency_s,6.006324
1756990741.559,latency_s,6.006244
1756990741.559,latency_s,6.033582
1756990741.559,latency_s,6.028220
1756990741.560,latency_s,6.047997
1756990741.560,latency_s,6.037507
1756990741.560,latency_s,5.980395
1756990741.636,latency_s,6.083913
1756990741.666,latency_s,6.027994
1756990741.666,latency_s,6.043477
1756990741.666,latency_s,6.113543
1756990741.773,latency_s,6.119633
1756990741.773,latency_s,6.130689
1756990741.773,latency_s,6.478423
1756990741.773,latency_s,6.377732
1756990741.774,latency_s,6.278049
1756990741.774,latency_s,6.177289
1756990741.774,latency_s,6.120531
1756990741.774,latency_s,6.120537
1756990741.774,latency_s,6.147307
1756990741.774,latency_s,6.141845
1756990741.774,latency_s,6.161386
1756990741.774,latency_s,6.061234
1756990741.774,latency_s,6.151347
1756990741.774,latency_s,6.094458
1756990741.774,latency_s,6.262544
1756990741.774,latency_s,6.161548
1756990741.774,latency_s,6.061434
1756990741.774,latency_s,6.112043
1756990741.774,latency_s,6.035588
1756990741.775,latency_s,6.095687
1756990741.775,latency_s,6.121749
1756990741.775,latency_s,6.050115
1756990741.775,latency_s,6.020815
1756990741.775,latency_s,6.020515
1756990741.775,latency_s,6.031215
1756990741.775,latency_s,6.077643
1756990741.775,latency_s,6.047580
1756990741.775,latency_s,6.019694
1756990741.880,latency_s,6.143928
1756990741.880,latency_s,6.081295
1756990741.880,latency_s,6.126142
1756990741.880,latency_s,6.067172
1756990741.882,latency_s,6.158615
1756990741.882,latency_s,6.101901
1756990741.882,latency_s,6.068575
1756990741.987,latency_s,6.224900
1756990741.987,latency_s,6.208208
1756990741.987,latency_s,6.131747
1756990741.987,latency_s,6.148061
1756990741.987,latency_s,6.161965
1756990741.987,latency_s,6.131765
1756990741.987,latency_s,6.143823
1756990741.988,latency_s,6.189639
1756990741.988,latency_s,6.159573
1756990741.988,latency_s,6.131976
1756990741.988,latency_s,6.150599
1756990741.988,latency_s,6.088351
1756990741.988,latency_s,6.132050
1756990741.988,latency_s,6.073710
1756990741.988,latency_s,6.107604
1756990741.988,latency_s,6.164666
1756990741.988,latency_s,6.064557
1756990741.989,latency_s,6.074844
1756990741.989,latency_s,6.126395
1756990741.989,latency_s,6.109091
1756990741.989,latency_s,6.062768
1756990741.989,latency_s,6.033275
1756990741.989,latency_s,6.049598
1756990741.989,latency_s,6.033090
1756990741.989,latency_s,6.045276
1756990741.989,latency_s,6.090001
1756990741.989,latency_s,6.060699
1756990741.989,latency_s,6.033540
1756990741.989,latency_s,6.051825
1756990742.096,latency_s,6.070536
1756990742.096,latency_s,6.080772
1756990742.096,latency_s,6.113893
1756990742.096,latency_s,6.081156
1756990742.096,latency_s,6.133200
1756990742.096,latency_s,6.033029
1756990742.096,latency_s,6.116043
1756990742.096,latency_s,6.039994
1756990742.096,latency_s,6.069180
1756990742.096,latency_s,6.055876
1756990742.096,latency_s,6.051996
1756990742.096,latency_s,6.039746
1756990742.096,latency_s,6.096109
1756990742.096,latency_s,6.066385
1756990742.096,latency_s,6.039629
1756990742.096,latency_s,6.058563
1756990742.202,latency_s,6.145441
1756990742.202,latency_s,6.076768
1756990742.202,latency_s,6.086274
1756990742.203,latency_s,6.039456
1756990742.203,latency_s,6.122490
1756990742.203,latency_s,6.021823
1756990742.203,latency_s,6.076226
1756990742.203,latency_s,6.062431
1756990742.204,latency_s,6.046341
1756990742.204,latency_s,6.059284
1756990742.204,latency_s,6.046445
1756990742.204,latency_s,6.103110
1756990742.204,latency_s,6.073141
1756990742.204,latency_s,6.046505
1756990742.204,latency_s,6.064833
1756990742.204,latency_s,6.046078
1756990742.310,latency_s,6.108145
1756990742.417,latency_s,6.199169
1756990742.417,latency_s,6.152222
1756990742.417,latency_s,6.135002
1756990742.417,latency_s,6.175528
1756990742.417,latency_s,6.158746
1756990742.417,latency_s,6.188896
1756990742.417,latency_s,6.172166
1756990742.417,latency_s,6.158747
1756990742.417,latency_s,6.215444
1756990742.417,latency_s,6.114491
1756990742.417,latency_s,6.158716
1756990742.417,latency_s,6.186153
1756990742.417,latency_s,6.177758
1756990742.417,latency_s,6.158993
1756990742.417,latency_s,6.089297
1756990742.419,latency_s,6.116296
1756990742.419,latency_s,6.054245
1756990742.419,latency_s,6.100640
1756990742.419,latency_s,6.036514
1756990742.419,latency_s,6.077079
1756990742.419,latency_s,6.060386
1756990742.419,latency_s,6.090701
1756990742.419,latency_s,6.074530
1756990742.419,latency_s,6.060643
1756990742.420,latency_s,6.016438
1756990742.420,latency_s,6.060564
1756990742.420,latency_s,6.087975
1756990742.420,latency_s,6.079549
1756990742.420,latency_s,5.977787
1756990742.420,latency_s,6.060821
1756990742.420,latency_s,5.959185
1756990742.523,latency_s,6.119867
1756990742.527,latency_s,6.061506
1756990742.527,latency_s,6.107558
1756990742.527,latency_s,6.043404
1756990742.527,latency_s,6.084637
1756990742.635,latency_s,6.175515
1756990742.635,latency_s,6.204944
1756990742.635,latency_s,6.189679
1756990742.635,latency_s,6.175615
1756990742.635,latency_s,6.130869
1756990742.635,latency_s,6.175676
1756990742.635,latency_s,6.202553
1756990742.635,latency_s,6.100851
1756990742.635,latency_s,6.090443
1756990742.635,latency_s,6.348855
1756990742.635,latency_s,6.248555
1756990742.635,latency_s,6.147645
1756990742.635,latency_s,6.074306
1756990742.635,latency_s,6.104599
1756990742.635,latency_s,6.113683
1756990742.635,latency_s,6.131258
1756990742.635,latency_s,6.070109
1756990742.635,latency_s,6.115848
1756990742.636,latency_s,6.052148
1756990742.742,latency_s,6.198140
1756990742.742,latency_s,6.211126
1756990742.742,latency_s,6.182511
1756990742.742,latency_s,6.197023
1756990742.742,latency_s,6.182365
1756990742.743,latency_s,6.138329
1756990742.743,latency_s,6.108619
1756990742.743,latency_s,6.183040
1756990742.743,latency_s,6.098267
1756990742.743,latency_s,6.077793
1756990742.743,latency_s,6.122220
1756990742.743,latency_s,6.059094
1756990742.743,latency_s,6.099656
1756990742.743,latency_s,6.112531
1756990742.743,latency_s,6.083446
1756990742.743,latency_s,6.097727
1756990742.744,latency_s,6.082879
1756990742.849,latency_s,6.142779
1756990742.850,latency_s,6.189250
1756990742.850,latency_s,6.114529
1756990742.850,latency_s,6.103303
1756990742.850,latency_s,6.161028
1756990742.850,latency_s,6.125133
1756990742.850,latency_s,6.088317
1756990742.850,latency_s,6.041787
1756990742.850,latency_s,6.084425
1756990742.850,latency_s,6.128143
1756990742.850,latency_s,6.065039
1756990742.850,latency_s,6.105793
1756990742.850,latency_s,6.118185
1756990742.850,latency_s,6.089079
1756990742.850,latency_s,6.103969
1756990742.850,latency_s,6.089150
1756990742.850,latency_s,6.042574
1756990742.850,latency_s,6.013650
1756990742.850,latency_s,6.089233
1756990742.851,latency_s,6.004074
1756990742.957,latency_s,6.071569
1756990742.957,latency_s,6.112243
1756990742.957,latency_s,6.094395
1756990742.957,latency_s,6.124528
1756990742.957,latency_s,6.021960
1756990742.957,latency_s,6.110575
1756990742.958,latency_s,6.095057
1756990742.958,latency_s,6.049157
1756990742.958,latency_s,6.094935
1756990742.958,latency_s,5.994690
1756990742.958,latency_s,6.019869
1756990742.958,latency_s,6.009791
1756990743.065,latency_s,6.129292
1756990743.065,latency_s,6.173323
1756990743.065,latency_s,6.137976
1756990743.065,latency_s,6.102526
1756990743.065,latency_s,6.056698
1756990743.065,latency_s,6.038998
1756990743.065,latency_s,6.099284
1756990743.066,latency_s,6.079533
1756990743.066,latency_s,6.120127
1756990743.066,latency_s,6.029749
1756990743.066,latency_s,6.102683
1756990743.066,latency_s,6.117694
1756990743.066,latency_s,6.017483
1756990743.066,latency_s,6.103045
1756990743.066,latency_s,6.056981
1756990743.066,latency_s,6.002493
1756990743.066,latency_s,6.027027
1756990743.066,latency_s,6.017424
1756990743.066,latency_s,6.029918
1756990743.066,latency_s,6.073772
1756990743.066,latency_s,5.971195
1756990743.066,latency_s,6.037650
1756990743.066,latency_s,6.003451
1756990743.067,latency_s,5.957143
1756990743.171,latency_s,6.104254
1756990743.172,latency_s,6.044956
1756990743.172,latency_s,6.085075
1756990743.173,latency_s,6.126515
1756990743.173,latency_s,6.025635
1756990743.173,latency_s,6.033108
1756990743.173,latency_s,6.109613
1756990743.173,latency_s,6.023002
1756990743.173,latency_s,6.109516
1756990743.173,latency_s,6.063768
1756990743.173,latency_s,6.009693
1756990743.173,latency_s,6.033792
1756990743.279,latency_s,6.128632
1756990743.279,latency_s,6.139388
1756990743.279,latency_s,6.083538
1756990743.279,latency_s,6.150006
1756990743.279,latency_s,6.116210
1756990743.279,latency_s,6.032103
1756990743.279,latency_s,6.051569
1756990743.280,latency_s,6.038971
1756990743.280,latency_s,6.069356
1756990743.280,latency_s,6.112409
1756990743.280,latency_s,6.116132
1756990743.280,latency_s,6.115892
1756990743.280,latency_s,6.092586
1756990743.280,latency_s,6.016374
1756990743.280,latency_s,6.016357
1756990743.417,latency_s,6.166480
1756990743.417,latency_s,6.207101
1756990743.417,latency_s,6.153223
1756990743.417,latency_s,6.176842
1756990743.417,latency_s,6.165857
1756990743.417,latency_s,6.121287
1756990743.418,latency_s,6.177145
1756990743.418,latency_s,6.187590
1756990743.418,latency_s,6.153669
1756990743.418,latency_s,6.069759
1756990743.418,latency_s,6.089248
1756990743.418,latency_s,6.075660
1756990743.418,latency_s,6.052634
1756990743.418,latency_s,6.150407
1756990743.418,latency_s,6.130125
1756990743.494,latency_s,6.129674
1756990743.495,latency_s,6.127056
1756990743.495,latency_s,6.143714
1756990743.495,latency_s,6.183854
1756990743.495,latency_s,6.183849
1756990743.495,latency_s,6.152722
1756990743.495,latency_s,6.130112
1756990743.495,latency_s,6.142353
1756990743.495,latency_s,6.098264
1756990743.495,latency_s,6.153114
1756990743.495,latency_s,6.164682
1756990743.495,latency_s,6.130589
1756990743.495,latency_s,6.047353
1756990743.496,latency_s,6.028535
1756990743.496,latency_s,6.107682
1756990743.496,latency_s,6.066132
1756990743.496,latency_s,6.028553
1756990743.603,latency_s,6.160494
1756990743.603,latency_s,6.105469
1756990743.603,latency_s,6.171049
1756990743.816,latency_s,6.283118
1756990743.816,latency_s,6.351290
1756990743.816,latency_s,6.266973
1756990743.816,latency_s,6.247788
1756990743.816,latency_s,6.281917
1756990743.817,latency_s,6.327391
1756990743.817,latency_s,6.247280
1756990743.817,latency_s,6.247921
1756990743.817,latency_s,6.272513
1756990743.817,latency_s,6.304775
1756990743.817,latency_s,6.227369
1756990743.817,latency_s,6.304975
1756990743.817,latency_s,6.365716
1756990743.817,latency_s,6.264820
1756990743.817,latency_s,6.164124
1756990743.817,latency_s,6.167782
1756990743.817,latency_s,6.181976
1756990743.817,latency_s,6.148671
1756990743.818,latency_s,6.127429
1756990743.818,latency_s,6.204950
1756990743.818,latency_s,6.147289
1756990743.818,latency_s,6.148719
1756990743.818,latency_s,6.172869
1756990743.818,latency_s,6.203147
1756990743.818,latency_s,6.148668
1756990743.818,latency_s,6.173093
1756990743.818,latency_s,6.162768
1756990743.818,latency_s,6.173301
1756990743.818,latency_s,6.071779
1756990743.819,latency_s,6.152201
1756990743.819,latency_s,6.064692
1756990743.819,latency_s,6.068694
1756990743.923,latency_s,6.156269
1756990743.926,latency_s,6.070773
1756990743.926,latency_s,6.075186
1756990743.926,latency_s,6.054301
1756990744.034,latency_s,6.163958
1756990744.034,latency_s,6.142062
1756990744.034,latency_s,6.186052
1756990744.034,latency_s,6.220788
1756990744.034,latency_s,6.164098
1756990744.034,latency_s,6.217167
1756990744.034,latency_s,6.119604
1756990744.034,latency_s,6.197629
1756990744.034,latency_s,6.164175
1756990744.034,latency_s,6.186247
1756990744.034,latency_s,6.177068
1756990744.034,latency_s,6.086705
1756990744.034,latency_s,6.131104
1756990744.034,latency_s,6.095257
1756990744.034,latency_s,6.166990
1756990744.034,latency_s,6.066245
1756990744.034,latency_s,6.078587
1756990744.034,latency_s,6.083155
1756990744.034,latency_s,6.062412
1756990744.035,latency_s,6.086281
1756990744.035,latency_s,6.063174
1756990744.035,latency_s,6.020190
1756990744.035,latency_s,6.064657
1756990744.035,latency_s,6.042990
1756990744.035,latency_s,6.097842
1756990744.035,latency_s,6.117636
1756990744.035,latency_s,6.016845
1756990744.035,latency_s,6.063935
1756990744.035,latency_s,6.086672
1756990744.142,latency_s,6.093225
1756990744.142,latency_s,6.072841
1756990744.142,latency_s,6.083240
1756990744.142,latency_s,6.069576
1756990744.142,latency_s,6.090451
1756990744.250,latency_s,6.201240
1756990744.250,latency_s,6.179147
1756990744.250,latency_s,6.211370
1756990744.250,latency_s,6.130420
1756990744.250,latency_s,6.157646
1756990744.250,latency_s,6.135582
1756990744.250,latency_s,6.178422
1756990744.250,latency_s,6.178513
1756990744.250,latency_s,6.201718
1756990744.250,latency_s,6.100897
1756990744.250,latency_s,6.190866
1756990744.250,latency_s,6.089343
1756990744.251,latency_s,6.145675
1756990744.251,latency_s,6.101287
1756990744.251,latency_s,6.081563
1756990744.251,latency_s,6.091992
1756990744.251,latency_s,6.077938
1756990744.251,latency_s,6.098923
1756990744.289,latency_s,6.139784
1756990744.289,latency_s,6.116695
1756990744.289,latency_s,6.074434
1756990744.289,latency_s,6.115753
1756990744.290,latency_s,6.149028
1756990744.290,latency_s,6.096296
1756990744.290,latency_s,6.068545
1756990744.290,latency_s,6.115038
1756990744.290,latency_s,6.039290
1756990744.357,latency_s,6.096147
1756990744.357,latency_s,6.104027
1756990744.504,latency_s,6.230702
1756990744.504,latency_s,6.253748
1756990744.504,latency_s,6.188737
1756990744.504,latency_s,6.160608
1756990744.504,latency_s,6.228758
1756990744.504,latency_s,6.210526
1756990744.504,latency_s,6.153234
1756990744.504,latency_s,6.228525
1756990744.504,latency_s,6.140043
1756990744.504,latency_s,6.197591
1756990744.504,latency_s,6.153504
1756990744.504,latency_s,6.160666
1756990744.504,latency_s,6.133721
1756990744.504,latency_s,6.141182
1756990744.504,latency_s,6.150664
1756990744.504,latency_s,6.131270
1756990744.504,latency_s,6.153530
1756990744.504,latency_s,6.052438
1756990744.504,latency_s,6.088579
1756990744.505,latency_s,6.131781
1756990744.505,latency_s,6.129246
1756990744.505,latency_s,6.058730
1756990744.572,latency_s,6.149523
1756990744.572,latency_s,6.177787
1756990744.572,latency_s,6.120428
1756990744.572,latency_s,6.164487
1756990744.572,latency_s,6.120234
1756990744.572,latency_s,6.126105
1756990744.572,latency_s,6.101516
1756990744.572,latency_s,6.108015
1756990744.572,latency_s,6.108349
1756990744.572,latency_s,6.117818
1756990744.611,latency_s,6.137426
1756990744.611,latency_s,6.134158
1756990744.611,latency_s,6.116431
1756990744.719,latency_s,6.171939
1756990744.719,latency_s,6.196368
1756990744.719,latency_s,6.166986
1756990744.719,latency_s,6.210772
1756990744.719,latency_s,6.171803
1756990744.719,latency_s,6.166927
1756990744.719,latency_s,6.147703
1756990744.719,latency_s,6.153869
1756990744.719,latency_s,6.154642
1756990744.719,latency_s,6.062855
1756990744.719,latency_s,6.145761
1756990744.719,latency_s,6.066610
1756990744.719,latency_s,6.101833
1756990744.719,latency_s,6.145593
1756990744.719,latency_s,6.141549
1756990744.720,latency_s,6.343071
1756990744.720,latency_s,6.240744
1756990744.759,latency_s,6.178963
1756990744.759,latency_s,6.078364
1756990744.759,latency_s,6.106898
1756990744.759,latency_s,6.150757
1756990744.759,latency_s,6.049926
1756990744.759,latency_s,6.106782
1756990744.759,latency_s,6.107703
1756990744.759,latency_s,6.087614
1756990744.759,latency_s,6.093626
1756990744.759,latency_s,6.093493
1756990744.759,latency_s,6.002301
1756990744.826,latency_s,6.072970
1756990744.826,latency_s,6.152246
1756990744.827,latency_s,6.152014
1756990744.827,latency_s,6.148608
1756990744.868,latency_s,6.115647
1756990744.868,latency_s,6.095231
1756990744.868,latency_s,6.100603
1756990744.935,latency_s,6.167358
1756990744.935,latency_s,6.066743
1756990744.935,latency_s,6.081591
1756990744.935,latency_s,6.060057
1756990744.935,latency_s,6.116795
1756990744.935,latency_s,6.074406
1756990744.935,latency_s,6.110532
1756990744.935,latency_s,6.138747
1756990744.935,latency_s,6.060123
1756990744.935,latency_s,6.156169
1756990744.936,latency_s,6.081752
1756990744.936,latency_s,6.055969
1756990744.936,latency_s,6.052036
1756990744.936,latency_s,6.082201
1756990744.936,latency_s,6.024925
1756990744.936,latency_s,6.082309
1756990744.976,latency_s,6.122676
1756990744.976,latency_s,6.103201
1756990744.976,latency_s,6.107829
1756990744.977,latency_s,6.005634
1756990745.042,latency_s,6.088264
1756990745.042,latency_s,6.080723
1756990745.042,latency_s,6.066535
1756990745.042,latency_s,6.123386
1756990745.043,latency_s,6.088558
1756990745.043,latency_s,6.066437
1756990745.043,latency_s,6.062774
1756990745.043,latency_s,6.145241
1756990745.043,latency_s,6.115500
1756990745.084,latency_s,6.129868
1756990745.084,latency_s,6.129671
1756990745.084,latency_s,6.110070
1756990745.084,latency_s,6.112995
1756990745.084,latency_s,6.012975
1756990745.189,latency_s,6.134506
1756990745.190,latency_s,6.126311
1756990745.190,latency_s,6.170380
1756990745.190,latency_s,6.112903
1756990745.190,latency_s,6.109674
1756990745.190,latency_s,6.192102
1756990745.190,latency_s,6.162004
1756990745.190,latency_s,6.091491
1756990745.190,latency_s,6.102827
1756990745.190,latency_s,6.136029
1756990745.190,latency_s,6.076261
1756990745.299,latency_s,6.243961
1756990745.299,latency_s,6.244598
1756990745.299,latency_s,6.224262
1756990745.300,latency_s,6.229141
1756990745.301,latency_s,6.127433
1756990745.301,latency_s,6.127594
1756990745.301,latency_s,6.145429
1756990745.301,latency_s,6.136175
1756990745.301,latency_s,6.123055
1756990745.301,latency_s,6.120441
1756990745.301,latency_s,6.102087
1756990745.301,latency_s,6.180728
1756990745.301,latency_s,6.172270
1756990745.301,latency_s,6.113074
1756990745.301,latency_s,6.146792
1756990745.301,latency_s,6.086406
1756990745.301,latency_s,6.224422
1756990745.406,latency_s,6.229110
1756990745.407,latency_s,6.129030
1756990745.407,latency_s,6.130891
1756990745.407,latency_s,6.351835
1756990745.407,latency_s,6.251607
1756990745.407,latency_s,6.151236
1756990745.407,latency_s,6.151209
1756990745.407,latency_s,6.141596
1756990745.407,latency_s,6.177411
1756990745.407,latency_s,6.128390
1756990745.407,latency_s,6.186222
1756990745.407,latency_s,6.126533
1756990745.407,latency_s,6.107570
1756990745.407,latency_s,6.117116
1756990745.407,latency_s,6.152293
1756990745.407,latency_s,6.131607
1756990745.513,latency_s,6.096305
1756990745.513,latency_s,6.137524
1756990745.513,latency_s,6.057284
1756990745.513,latency_s,6.056877
1756990745.514,latency_s,6.036649
1756990745.620,latency_s,6.141250
1756990745.621,latency_s,6.143606
1756990745.621,latency_s,6.164452
1756990745.621,latency_s,6.164182
1756990745.621,latency_s,6.189374
1756990745.621,latency_s,6.141272
1756990745.621,latency_s,6.120063
1756990745.621,latency_s,6.098382
1756990745.621,latency_s,6.154571
1756990745.621,latency_s,6.139941
1756990745.621,latency_s,6.129403
1756990745.621,latency_s,6.165174
1756990745.621,latency_s,6.065046
1756990745.621,latency_s,6.103974
1756990745.621,latency_s,6.144438
1756990745.621,latency_s,6.043815
1756990745.621,latency_s,6.064368
1756990745.621,latency_s,6.064987
1756990745.621,latency_s,6.043943
1756990745.621,latency_s,6.041106
1756990745.621,latency_s,6.065148
1756990745.622,latency_s,6.043855
1756990745.622,latency_s,6.064814
1756990745.622,latency_s,5.998210
1756990745.622,latency_s,6.053670
1756990745.622,latency_s,6.020627
1756990745.622,latency_s,6.088804
1756990745.728,latency_s,6.047873
1756990745.729,latency_s,6.071688
1756990745.729,latency_s,6.072095
1756990745.729,latency_s,6.050895
1756990745.729,latency_s,6.048583
1756990745.730,latency_s,6.049715
1756990745.730,latency_s,6.073191
1756990745.837,latency_s,6.180313
1756990745.837,latency_s,6.100518
1756990745.837,latency_s,6.113688
1756990745.837,latency_s,6.156590
1756990745.837,latency_s,6.168834
1756990745.838,latency_s,6.156079
1756990745.838,latency_s,6.135811
1756990745.838,latency_s,6.144234
1756990745.838,latency_s,6.080971
1756990745.838,latency_s,6.119092
1756990745.838,latency_s,6.080716
1756990745.838,latency_s,6.056811
1756990745.838,latency_s,6.080498
1756990745.838,latency_s,6.059006
1756990745.838,latency_s,6.057115
1756990745.838,latency_s,6.080799
1756990745.839,latency_s,6.058364
1756990745.839,latency_s,6.081955
1756990745.839,latency_s,6.015239
1756990745.878,latency_s,6.039704
1756990745.878,latency_s,6.096777
1756990745.878,latency_s,6.109031
1756990745.878,latency_s,6.075976
1756990745.879,latency_s,6.097376
1756990745.879,latency_s,6.084928
1756990745.879,latency_s,6.021306
1756990745.879,latency_s,6.059644
1756990745.879,latency_s,6.021334
1756990745.879,latency_s,5.997541
1756990745.879,latency_s,6.021246
1756990745.947,latency_s,6.067805
1756990745.947,latency_s,6.065942
1756990745.947,latency_s,6.061482
1756990745.947,latency_s,6.089729
1756990745.947,latency_s,6.021964
1756990746.046,latency_s,6.175175
1756990746.046,latency_s,6.106651
1756990746.046,latency_s,6.164030
1756990746.046,latency_s,6.188172
1756990746.046,latency_s,6.087919
1756990746.046,latency_s,6.142881
1756990746.046,latency_s,6.160521
1756990746.046,latency_s,6.152285
1756990746.046,latency_s,6.088263
1756990746.046,latency_s,6.126655
1756990746.046,latency_s,6.088109
1756990746.053,latency_s,6.095346
1756990746.054,latency_s,6.071313
1756990746.054,latency_s,6.074565
1756990746.054,latency_s,6.071855
1756990746.054,latency_s,6.096364
1756990746.055,latency_s,6.067873
1756990746.055,latency_s,5.995330
1756990746.055,latency_s,6.029272
1756990746.055,latency_s,6.014679
1756990746.055,latency_s,6.083236
1756990746.055,latency_s,6.068041
1756990746.055,latency_s,6.072350
1756990746.055,latency_s,5.995903
1756990746.055,latency_s,6.051405
1756990746.055,latency_s,6.058300
1756990746.055,latency_s,5.996176
1756990746.162,latency_s,6.103139
1756990746.162,latency_s,6.079605
1756990746.162,latency_s,6.081665
1756990746.162,latency_s,6.079527
1756990746.162,latency_s,5.999873
1756990746.162,latency_s,6.074875
1756990746.162,latency_s,6.074811
1756990746.162,latency_s,6.003175
1756990746.162,latency_s,6.036468
1756990746.163,latency_s,6.022034
1756990746.163,latency_s,6.090493
1756990746.163,latency_s,6.058924
1756990746.163,latency_s,5.988068
1756990746.163,latency_s,6.079796
1756990746.163,latency_s,6.063909
1756990746.163,latency_s,6.003692
1756990746.269,latency_s,6.146114
1756990746.269,latency_s,6.108463
1756990746.270,latency_s,6.111059
1756990746.270,latency_s,6.087734
1756990746.270,latency_s,6.089828
1756990746.271,latency_s,6.007130
1756990746.272,latency_s,6.082593
1756990746.376,latency_s,6.134823
1756990746.377,latency_s,6.099740
1756990746.377,latency_s,6.188245
1756990746.377,latency_s,6.117711
1756990746.377,latency_s,6.151088
1756990746.377,latency_s,6.194170
1756990746.377,latency_s,6.093579
1756990746.377,latency_s,6.177243
1756990746.378,latency_s,6.118134
1756990746.379,latency_s,6.097400
1756990746.379,latency_s,6.015064
1756990746.379,latency_s,6.088942
1756990746.379,latency_s,5.994629
1756990746.379,latency_s,6.035259
1756990746.379,latency_s,6.052130
1756990746.379,latency_s,6.018950
1756990746.379,latency_s,6.089167
1756990746.379,latency_s,5.995128
1756990746.379,latency_s,5.987773
1756990746.379,latency_s,6.078366
1756990746.380,latency_s,5.977892
1756990746.380,latency_s,6.020040
1756990746.380,latency_s,6.054719
1756990746.380,latency_s,5.951330
1756990746.380,latency_s,6.017548
1756990746.484,latency_s,6.280340
1756990746.484,latency_s,6.180310
1756990746.485,latency_s,6.094601
1756990746.485,latency_s,6.080351
1756990746.485,latency_s,5.994509
1756990746.485,latency_s,6.000536
1756990746.485,latency_s,6.058080
1756990746.487,latency_s,6.026152
1756990746.593,latency_s,6.148453
1756990746.593,latency_s,6.108061
1756990746.593,latency_s,6.101361
1756990746.593,latency_s,6.410275
1756990746.593,latency_s,6.309237
1756990746.593,latency_s,6.208683
1756990746.593,latency_s,6.085825
1756990746.593,latency_s,6.108437
1756990746.593,latency_s,6.132862
1756990746.593,latency_s,6.064673
1756990746.593,latency_s,6.130404
1756990746.593,latency_s,6.129480
1756990746.593,latency_s,6.108737
1756990746.594,latency_s,6.110278
1756990746.594,latency_s,6.028231
1756990746.594,latency_s,6.002302
1756990746.594,latency_s,6.088070
1756990746.594,latency_s,6.001159
1756990746.594,latency_s,6.032818
1756990746.594,latency_s,6.008049
1756990746.594,latency_s,6.008348
1756990746.594,latency_s,6.066205
1756990746.730,latency_s,6.184501
1756990746.731,latency_s,6.144628
1756990746.731,latency_s,6.122564
1756990746.731,latency_s,6.170267
1756990746.731,latency_s,6.101865
1756990746.731,latency_s,6.167828
1756990746.731,latency_s,6.166888
1756990746.731,latency_s,6.145122
1756990746.731,latency_s,6.147573
1756990746.731,latency_s,6.065129
1756990746.731,latency_s,6.125679
1756990746.731,latency_s,6.039919
1756990746.731,latency_s,6.045302
1756990746.732,latency_s,6.083383
1756990746.732,latency_s,6.038400
1756990746.732,latency_s,6.068999
1756990746.808,latency_s,6.121159
1756990746.808,latency_s,6.178849
1756990746.808,latency_s,6.121069
1756990746.808,latency_s,6.098501
1756990746.808,latency_s,6.147101
1756990746.808,latency_s,6.078693
1756990746.808,latency_s,6.144157
1756990746.808,latency_s,6.143470
1756990746.809,latency_s,6.122639
1756990746.809,latency_s,6.125035
1756990746.809,latency_s,6.024845
1756990746.809,latency_s,6.101981
1756990746.810,latency_s,6.043077
1756990746.810,latency_s,6.002918
1756990746.810,latency_s,6.018430
1756990746.810,latency_s,6.019938
1756990746.915,latency_s,6.153901
1756990746.915,latency_s,6.150523
1756990746.915,latency_s,6.128858
1756990746.916,latency_s,6.149979
1756990746.919,latency_s,6.088705
1756990746.919,latency_s,6.054084
1756990746.919,latency_s,6.034836
1756990746.919,latency_s,6.011465
1756990746.919,latency_s,6.050630
1756990746.919,latency_s,6.027171
1756990746.919,latency_s,6.027388
1756990746.919,latency_s,6.069386
1756990746.919,latency_s,6.031138
1756990746.920,latency_s,6.024507
1756990746.920,latency_s,6.054715
1756990746.920,latency_s,6.089923
1756990746.920,latency_s,5.989239
1756990746.920,latency_s,6.028689
1756990746.920,latency_s,6.009934
1756990747.022,latency_s,6.159771
1756990747.022,latency_s,6.135158
1756990747.023,latency_s,6.057332
1756990747.023,latency_s,6.089134
1756990747.023,latency_s,6.157050
1756990747.023,latency_s,6.056622
1756990747.023,latency_s,6.038893
1756990747.023,latency_s,6.015595
1756990747.023,latency_s,6.053574
1756990747.023,latency_s,6.031233
1756990747.024,latency_s,6.031979
1756990747.024,latency_s,6.058160
1756990747.024,latency_s,6.073501
1756990747.129,latency_s,6.141434
1756990747.129,latency_s,6.062707
1756990747.129,latency_s,6.094860
1756990747.129,latency_s,6.061853
1756990747.238,latency_s,6.129755
1756990747.238,latency_s,6.167170
1756990747.238,latency_s,6.145536
1756990747.238,latency_s,6.145672
1756990747.238,latency_s,6.186407
1756990747.238,latency_s,6.171483
1756990747.238,latency_s,6.146948
1756990747.238,latency_s,6.141154
1756990747.238,latency_s,6.107344
1756990747.238,latency_s,6.126379
1756990747.238,latency_s,6.146259
1756990747.238,latency_s,6.075228
1756990747.238,latency_s,6.069306
1756990747.238,latency_s,6.070389
1756990747.238,latency_s,6.150407
1756990747.239,latency_s,6.049912
1756990747.239,latency_s,6.030730
1756990747.239,latency_s,6.067726
1756990747.239,latency_s,6.046373
1756990747.239,latency_s,6.046528
1756990747.345,latency_s,6.193223
1756990747.345,latency_s,6.147437
1756990747.345,latency_s,6.177172
1756990747.345,latency_s,6.114043
1756990747.345,latency_s,6.093261
1756990747.346,latency_s,6.133256
1756990747.346,latency_s,6.153542
1756990747.346,latency_s,6.082747
1756990747.346,latency_s,6.161239
1756990747.346,latency_s,6.061060
1756990747.346,latency_s,6.053487
1756990747.346,latency_s,6.074431
1756990747.454,latency_s,6.145886
1756990747.455,latency_s,6.161982
1756990747.455,latency_s,6.123377
1756990747.455,latency_s,6.102696
1756990747.455,latency_s,6.156431
1756990747.455,latency_s,6.185743
1756990747.457,latency_s,6.144007
1756990747.457,latency_s,6.164476
1756990747.457,latency_s,6.093615
1756990747.457,latency_s,6.087229
1756990747.457,latency_s,6.067442
1756990747.457,latency_s,6.086086
1756990747.457,latency_s,6.121237
1756990747.457,latency_s,6.072004
1756990747.457,latency_s,6.265646
1756990747.457,latency_s,6.064634
1756990747.457,latency_s,6.165531
1756990747.458,latency_s,6.047981
1756990747.495,latency_s,6.123049
1756990747.495,latency_s,6.102176
1756990747.495,latency_s,6.101391
1756990747.495,latency_s,6.063709
1756990747.561,latency_s,6.190037
1756990747.562,latency_s,6.089715
1756990747.562,latency_s,6.162427
1756990747.562,latency_s,6.108627
1756990747.562,latency_s,6.148206
1756990747.562,latency_s,6.168804
1756990747.562,latency_s,6.098076
1756990747.562,latency_s,6.091040
1756990747.562,latency_s,6.089897
1756990747.562,latency_s,6.125577
1756990747.603,latency_s,6.070734
1756990747.603,latency_s,6.049727
1756990747.603,latency_s,6.102979
1756990747.603,latency_s,6.030382
1756990747.603,latency_s,6.088877
1756990747.712,latency_s,6.218163
1756990747.712,latency_s,6.147414
1756990747.712,latency_s,6.173432
1756990747.712,latency_s,6.138916
1756990747.712,latency_s,6.140569
1756990747.712,latency_s,6.124807
1756990747.712,latency_s,6.118268
1756990747.712,latency_s,6.100117
1756990747.712,latency_s,6.137315
1756990747.712,latency_s,6.116576
1756990747.712,latency_s,6.036999
1756990747.712,latency_s,6.114505
1756990747.712,latency_s,6.057917
1756990747.848,latency_s,6.174481
1756990747.848,latency_s,6.247450
1756990747.848,latency_s,6.253958
1756990747.848,latency_s,6.153870
1756990747.848,latency_s,6.233222
1756990747.848,latency_s,6.183411
1756990747.848,latency_s,6.357358
1756990747.848,latency_s,6.257182
1756990747.848,latency_s,6.156368
1756990747.848,latency_s,6.209572
1756990747.848,latency_s,6.174861
1756990747.848,latency_s,6.176253
1756990747.848,latency_s,6.160441
1756990747.848,latency_s,6.135745
1756990747.848,latency_s,6.150122
1756990747.848,latency_s,6.147181
1756990747.848,latency_s,6.093422
1756990747.848,latency_s,6.074658
1756990747.925,latency_s,6.129928
1756990747.927,latency_s,6.124657
1756990747.927,latency_s,6.070938
1756990747.927,latency_s,6.023482
1756990747.927,latency_s,6.052116
1756990747.927,latency_s,6.128385
1756990747.927,latency_s,6.028187
1756990747.927,latency_s,6.031991
1756990747.927,latency_s,6.110679
1756990747.927,latency_s,6.061825
1756990747.927,latency_s,6.034181
1756990747.927,latency_s,6.052468
1756990747.927,latency_s,6.083469
1756990747.927,latency_s,6.054818
1756990748.032,latency_s,6.054970
1756990748.032,latency_s,6.116334
1756990748.034,latency_s,6.137154
1756990748.034,latency_s,6.039037
1756990748.034,latency_s,6.035952
1756990748.034,latency_s,6.029923
1756990748.034,latency_s,6.059069
1756990748.034,latency_s,6.034870
1756990748.034,latency_s,6.077644
1756990748.034,latency_s,6.114220
1756990748.034,latency_s,6.039125
1756990748.034,latency_s,6.012565
1756990748.034,latency_s,6.068999
1756990748.034,latency_s,6.040863
1756990748.034,latency_s,6.059727
1756990748.034,latency_s,6.089671
1756990748.034,latency_s,6.061739
1756990748.035,latency_s,5.988716
1756990748.140,latency_s,6.149093
1756990748.140,latency_s,6.105306
1756990748.141,latency_s,6.063212
1756990748.141,latency_s,6.124533
1756990748.141,latency_s,6.045680
1756990748.141,latency_s,6.042767
1756990748.141,latency_s,6.036610
1756990748.142,latency_s,6.065527
1756990748.142,latency_s,6.084857
1756990748.142,latency_s,6.042180
1756990748.142,latency_s,6.019094
1756990748.142,latency_s,6.046258
1756990748.142,latency_s,6.075598
1756990748.142,latency_s,6.048079
1756990748.247,latency_s,6.155722
1756990748.247,latency_s,6.111493
1756990748.248,latency_s,6.069211
1756990748.248,latency_s,6.051716
1756990748.248,latency_s,6.048955
1756990748.248,latency_s,6.131195
1756990748.248,latency_s,6.090776
1756990748.248,latency_s,6.071701
1756990748.248,latency_s,6.042736
1756990748.248,latency_s,6.048436
1756990748.248,latency_s,6.024780
1756990748.249,latency_s,6.051954
1756990748.249,latency_s,6.082273
1756990748.249,latency_s,6.054766
1756990748.249,latency_s,6.071963
1756990748.249,latency_s,6.001697
1756990748.249,latency_s,6.074707
1756990748.249,latency_s,6.057333
1756990748.355,latency_s,6.076398
1756990748.355,latency_s,6.058621
1756990748.355,latency_s,6.137433
1756990748.355,latency_s,6.033769
1756990748.355,latency_s,6.097599
1756990748.356,latency_s,6.077602
1756990748.462,latency_s,6.161220
1756990748.462,latency_s,6.156186
1756990748.462,latency_s,6.137722
1756990748.462,latency_s,6.165359
1756990748.462,latency_s,6.195616
1756990748.462,latency_s,6.168019
1756990748.462,latency_s,6.184220
1756990748.462,latency_s,6.113461
1756990748.463,latency_s,6.083148
1756990748.463,latency_s,6.060396
1756990748.463,latency_s,6.104559
1756990748.463,latency_s,6.083875
1756990748.463,latency_s,6.059630
1756990748.463,latency_s,6.056497
1756990748.463,latency_s,6.037967
1756990748.463,latency_s,6.065967
1756990748.463,latency_s,6.096348
1756990748.463,latency_s,6.068207
1756990748.463,latency_s,6.084035
1756990748.463,latency_s,6.012514
1756990748.464,latency_s,6.088835
1756990748.464,latency_s,5.988609
1756990748.464,latency_s,6.071122
1756990748.464,latency_s,5.970982
1756990748.464,latency_s,6.026251
1756990748.464,latency_s,5.926144
1756990748.569,latency_s,6.046505
1756990748.569,latency_s,6.087518
1756990748.569,latency_s,6.066567
1756990748.569,latency_s,6.110643
1756990748.569,latency_s,6.062377
1756990748.570,latency_s,6.089961
1756990748.571,latency_s,6.066791
1756990748.677,latency_s,6.151587
1756990748.677,latency_s,6.179309
1756990748.677,latency_s,6.209926
1756990748.678,latency_s,6.109102
1756990748.678,latency_s,6.181844
1756990748.678,latency_s,6.196024
1756990748.678,latency_s,6.126115
1756990748.678,latency_s,6.095087
1756990748.678,latency_s,6.102569
1756990748.678,latency_s,6.084790
1756990748.678,latency_s,6.054620
1756990748.678,latency_s,6.074490
1756990748.678,latency_s,6.039476
1756990748.678,latency_s,6.095284
1756990748.678,latency_s,6.119002
1756990748.678,latency_s,6.073623
1756990748.678,latency_s,6.070577
1756990748.678,latency_s,6.097386
1756990748.678,latency_s,6.051793
1756990748.678,latency_s,6.079775
1756990748.678,latency_s,6.009649
1756990748.678,latency_s,6.082541
1756990748.679,latency_s,5.994856
1756990748.785,latency_s,6.132258
1756990748.785,latency_s,6.108705
1756990748.785,latency_s,6.090919
1756990748.785,latency_s,6.287006
1756990748.785,latency_s,6.186846
1756990748.785,latency_s,6.086146
1756990748.785,latency_s,6.060957
1756990748.785,latency_s,6.080770
1756990748.785,latency_s,6.045794
1756990748.785,latency_s,6.101677
1756990748.786,latency_s,6.026410
1756990748.786,latency_s,6.081225
1756990748.786,latency_s,6.105581
1756990748.787,latency_s,6.078631
1756990748.894,latency_s,6.165951
1756990748.894,latency_s,6.195246
1756990748.894,latency_s,6.124923
1756990748.894,latency_s,6.198007
1756990748.894,latency_s,6.097914
1756990748.894,latency_s,6.109751
1756990748.894,latency_s,6.141813
1756990748.894,latency_s,6.118293
1756990748.894,latency_s,6.100368
1756990748.894,latency_s,6.095593
1756990748.894,latency_s,6.090061
1756990748.895,latency_s,6.065762
1756990748.895,latency_s,6.054647
1756990749.033,latency_s,6.248292
1756990749.033,latency_s,6.171397
1756990749.033,latency_s,6.227719
1756990749.033,latency_s,6.224289
1756990749.109,latency_s,6.327338
1756990749.109,latency_s,6.279550
1756990749.109,latency_s,6.310076
1756990749.109,latency_s,6.238368
1756990749.109,latency_s,6.212821
1756990749.109,latency_s,6.232630
1756990749.110,latency_s,6.224237
1756990749.110,latency_s,6.256418
1756990749.110,latency_s,6.214935
1756990749.110,latency_s,6.209507
1756990749.110,latency_s,6.204669
1756990749.110,latency_s,6.179987
1756990749.110,latency_s,6.224549
1756990749.110,latency_s,6.147524
1756990749.110,latency_s,6.203814
1756990749.110,latency_s,6.047125
1756990749.118,latency_s,6.135065
1756990749.118,latency_s,6.111483
1756990749.118,latency_s,6.035144
1756990749.118,latency_s,6.107110
1756990749.119,latency_s,6.088234
1756990749.119,latency_s,6.117473
1756990749.119,latency_s,6.016772
1756990749.119,latency_s,6.046877
1756990749.119,latency_s,6.021407
1756990749.119,latency_s,6.063131
1756990749.119,latency_s,6.032271
1756990749.119,latency_s,6.023229
1756990749.216,latency_s,6.052533
1756990749.216,latency_s,6.032509
1756990749.225,latency_s,6.113044
1756990749.225,latency_s,6.116735
1756990749.226,latency_s,6.094804
1756990749.226,latency_s,6.023439
1756990749.324,latency_s,6.151078
1756990749.324,latency_s,6.346735
1756990749.324,latency_s,6.246329
1756990749.324,latency_s,6.146143
1756990749.324,latency_s,6.126225
1756990749.324,latency_s,6.166213
1756990749.324,latency_s,6.135897
1756990749.324,latency_s,6.127775
1756990749.324,latency_s,6.121352
1756990749.324,latency_s,6.116255
1756990749.324,latency_s,6.081922
1756990749.324,latency_s,6.136227
1756990749.324,latency_s,6.091366
1756990749.324,latency_s,6.035519
1756990749.324,latency_s,6.040542
1756990749.324,latency_s,6.060381
1756990749.324,latency_s,6.112208
1756990749.333,latency_s,6.124799
1756990749.333,latency_s,6.100201
1756990749.333,latency_s,6.030369
1756990749.374,latency_s,6.097199
1756990749.374,latency_s,6.094930
1756990749.374,latency_s,6.075981
1756990749.374,latency_s,6.083949
1756990749.374,latency_s,6.115674
1756990749.374,latency_s,6.071316
1756990749.374,latency_s,6.065771
1756990749.374,latency_s,6.031773
1756990749.374,latency_s,5.984926
1756990749.374,latency_s,6.041334
1756990749.441,latency_s,6.128173
1756990749.441,latency_s,6.107590
1756990749.441,latency_s,6.036911
1756990749.441,latency_s,6.063696
1756990749.441,latency_s,6.061690
1756990749.441,latency_s,6.042260
1756990749.523,latency_s,6.163322
1756990749.523,latency_s,6.131255
1756990749.523,latency_s,6.118993
1756990749.523,latency_s,6.079557
1756990749.523,latency_s,6.088857
1756990749.523,latency_s,6.113376
1756990749.523,latency_s,6.032182
1756990749.523,latency_s,6.057959
1756990749.523,latency_s,6.112594
1756990749.523,latency_s,6.109641
1756990749.523,latency_s,6.038296
1756990749.549,latency_s,6.036572
1756990749.549,latency_s,6.034709
1756990749.549,latency_s,6.114652
1756990749.549,latency_s,6.044204
1756990749.549,latency_s,6.014147
1756990749.549,latency_s,6.071410
1756990749.549,latency_s,6.069352
1756990749.549,latency_s,6.049866
1756990749.549,latency_s,6.088826
1756990749.549,latency_s,6.057136
1756990749.549,latency_s,6.251865
1756990749.549,latency_s,6.151133
1756990749.549,latency_s,6.051014
1756990749.549,latency_s,6.044582
1756990749.549,latency_s,5.943731
1756990749.656,latency_s,6.044714
1756990749.656,latency_s,6.090408
1756990749.656,latency_s,6.043740
1756990749.656,latency_s,6.042110
1756990749.656,latency_s,6.070818
1756990749.656,latency_s,6.018855
1756990749.657,latency_s,6.050261
1756990749.764,latency_s,6.186091
1756990749.764,latency_s,6.184335
1756990749.764,latency_s,6.165237
1756990749.764,latency_s,6.172005
1756990749.765,latency_s,6.204222
1756990749.765,latency_s,6.166335
1756990749.765,latency_s,6.058891
1756990749.765,latency_s,6.120407
1756990749.765,latency_s,6.129772
1756990749.765,latency_s,6.051733
1756990749.765,latency_s,6.098776
1756990749.765,latency_s,6.051319
1756990749.765,latency_s,6.049926
1756990749.765,latency_s,6.079154
1756990749.765,latency_s,6.026302
1756990749.765,latency_s,6.057420
1756990749.765,latency_s,6.085092
1756990749.765,latency_s,6.084180
1756990749.765,latency_s,6.072125
1756990749.765,latency_s,6.102249
1756990749.766,latency_s,6.001494
1756990749.766,latency_s,6.066865
1756990749.766,latency_s,5.959264
1756990749.766,latency_s,6.020664
1756990749.766,latency_s,6.030073
1756990749.871,latency_s,6.031745
1756990749.871,latency_s,6.063335
1756990749.871,latency_s,6.089480
1756990749.871,latency_s,6.089859
1756990749.872,latency_s,6.078070
1756990749.872,latency_s,6.006019
1756990749.872,latency_s,6.056046
1756990749.872,latency_s,6.073109
1756990749.980,latency_s,6.072249
1756990749.980,latency_s,6.063478
1756990749.980,latency_s,6.085812
1756990749.980,latency_s,6.143815
1756990749.980,latency_s,6.134408
1756990749.980,latency_s,6.043054
1756990749.980,latency_s,6.063688
1756990749.980,latency_s,6.093113
1756990749.980,latency_s,6.071399
1756990749.980,latency_s,6.040425
1756990749.981,latency_s,6.098323
1756990749.981,latency_s,6.098800
1756990749.981,latency_s,6.281214
1756990749.981,latency_s,6.180795
1756990749.981,latency_s,6.079754
1756990749.981,latency_s,6.086250
1756990749.981,latency_s,6.014016
1756990749.981,latency_s,6.064208
1756990749.981,latency_s,6.081257
1756990749.981,latency_s,5.981301
1756990749.981,latency_s,5.973169
1756990749.981,latency_s,6.214366
1756990749.981,latency_s,5.963586
1756990750.088,latency_s,6.220350
1756990750.088,latency_s,6.092500
1756990750.088,latency_s,6.050592
1756990750.088,latency_s,6.119805
1756990750.088,latency_s,6.142046
1756990750.088,latency_s,6.070234
1756990750.088,latency_s,6.100692
1756990750.088,latency_s,6.078447
1756990750.088,latency_s,6.047454
1756990750.088,latency_s,6.104707
1756990750.088,latency_s,6.105721
1756990750.088,latency_s,6.087075
1756990750.088,latency_s,6.093363
1756990750.089,latency_s,6.070689
1756990750.195,latency_s,6.094235
1756990750.195,latency_s,6.127440
1756990750.195,latency_s,6.086954
1756990750.195,latency_s,6.077324
1756990750.195,latency_s,6.056934
1756990750.195,latency_s,6.099481
1756990750.195,latency_s,6.126804
1756990750.195,latency_s,6.148931
1756990750.195,latency_s,6.048563
1756990750.195,latency_s,6.077219
1756990750.195,latency_s,6.107670
1756990750.195,latency_s,6.054267
1756990750.195,latency_s,6.084855
1756990750.195,latency_s,6.111737
1756990750.195,latency_s,6.112707
1756990750.196,latency_s,6.012043
1756990750.196,latency_s,6.094054
1756990750.196,latency_s,6.100138
1756990750.302,latency_s,6.062715
1756990750.302,latency_s,6.104268
1756990750.302,latency_s,6.054950
1756990750.302,latency_s,6.113936
1756990750.302,latency_s,6.083862
1756990750.302,latency_s,6.060589
1756990750.303,latency_s,6.118644
1756990750.303,latency_s,6.091829
1756990750.303,latency_s,6.018980
1756990750.303,latency_s,6.018407
1756990750.303,latency_s,6.101007
1756990750.303,latency_s,6.005967
1756990750.303,latency_s,6.084547
1756990750.303,latency_s,6.001697
1756990750.409,latency_s,6.067800
1756990750.410,latency_s,6.111941
1756990750.410,latency_s,6.062396
1756990750.410,latency_s,6.121483
1756990750.517,latency_s,6.173398
1756990750.517,latency_s,6.205246
1756990750.517,latency_s,6.133167
1756990750.517,latency_s,6.132217
1756990750.517,latency_s,6.215190
1756990750.517,latency_s,6.119897
1756990750.517,latency_s,6.198701
1756990750.517,latency_s,6.116118
1756990750.517,latency_s,6.107721
1756990750.517,latency_s,6.147927
1756990750.517,latency_s,6.047556
1756990750.517,latency_s,6.095277
1756990750.518,latency_s,6.074769
1756990750.518,latency_s,6.119233
1756990750.560,latency_s,6.111664
1756990750.560,latency_s,6.171591
1756990750.560,latency_s,6.074686
1756990750.560,latency_s,6.114800
1756990750.560,latency_s,6.075690
1756990750.560,latency_s,6.147482
1756990750.560,latency_s,6.158051
1756990750.560,latency_s,6.057356
1756990750.560,latency_s,6.138263
1756990750.560,latency_s,6.037657
1756990750.624,latency_s,6.122888
1756990750.624,latency_s,6.123335
1756990750.624,latency_s,6.305117
1756990750.625,latency_s,6.202405
1756990750.625,latency_s,6.079051
1756990750.625,latency_s,6.038683
1756990750.625,latency_s,6.111237
1756990750.625,latency_s,6.039755
1756990750.668,latency_s,6.197610
1756990750.668,latency_s,6.096051
1756990750.733,latency_s,6.129984
1756990750.733,latency_s,6.108311
1756990750.733,latency_s,6.130087
1756990750.733,latency_s,6.082881
1756990750.733,latency_s,6.087734
1756990750.733,latency_s,6.062195
1756990750.733,latency_s,6.121931
1756990750.733,latency_s,6.108440
1756990750.733,latency_s,6.043541
1756990750.733,latency_s,6.087009
1756990750.733,latency_s,6.046484
1756990750.733,latency_s,6.119445
1756990750.733,latency_s,6.047574
1756990750.733,latency_s,6.018509
1756990750.733,latency_s,6.029871
1756990750.733,latency_s,6.007853
1756990750.733,latency_s,6.031520
1756990750.775,latency_s,6.102543
1756990750.775,latency_s,6.071879
1756990750.775,latency_s,6.023909
1756990750.775,latency_s,6.062610
1756990750.775,latency_s,6.003499
1756990750.816,latency_s,6.112899
1756990750.816,latency_s,6.090649
1756990750.816,latency_s,6.070067
1756990750.816,latency_s,6.090882
1756990750.816,latency_s,6.026518
1756990750.816,latency_s,6.028968
1756990750.816,latency_s,6.069932
1756990750.817,latency_s,6.030544
1756990750.883,latency_s,6.078952
1756990750.884,latency_s,6.068533
1756990750.884,latency_s,6.057185
1756990750.884,latency_s,6.081002
1756990750.884,latency_s,6.111341
1756990750.884,latency_s,6.011156
1756990750.884,latency_s,6.080127
1756990750.884,latency_s,6.071291
1756990750.884,latency_s,6.011552
1756990750.884,latency_s,6.037558
1756990750.884,latency_s,6.032866
1756990750.884,latency_s,6.057522
1756990750.884,latency_s,6.080025
1756990750.884,latency_s,6.057446
1756990750.884,latency_s,5.993016
1756990750.884,latency_s,6.037024
1756990750.884,latency_s,5.997540
1756990750.884,latency_s,5.979788
1756990750.884,latency_s,5.996578
1756990750.990,latency_s,6.074157
1756990750.990,latency_s,6.063038
1756990750.990,latency_s,6.086815
1756990750.990,latency_s,6.016237
1756990750.990,latency_s,6.082750
1756990750.990,latency_s,6.077550
1756990750.990,latency_s,5.977401
1756990750.990,latency_s,6.017882
1756990750.991,latency_s,6.063468
1756990751.099,latency_s,6.147634
1756990751.100,latency_s,6.149725
1756990751.100,latency_s,6.172451
1756990751.100,latency_s,6.191876
1756990751.100,latency_s,6.091578
1756990751.100,latency_s,6.108117
1756990751.100,latency_s,6.150908
1756990751.100,latency_s,6.112379
1756990751.100,latency_s,6.094697
1756990751.100,latency_s,6.111544
1756990751.100,latency_s,6.083396
1756990751.100,latency_s,6.072007
1756990751.100,latency_s,6.096333
1756990751.100,latency_s,6.024704
1756990751.100,latency_s,6.091938
1756990751.100,latency_s,6.072200
1756990751.100,latency_s,6.072306
1756990751.100,latency_s,5.986430
1756990751.100,latency_s,6.049685
1756990751.101,latency_s,5.990564
1756990751.101,latency_s,6.027252
1756990751.101,latency_s,6.047998
1756990751.140,latency_s,6.048347
1756990751.141,latency_s,6.052364
1756990751.141,latency_s,6.091005
1756990751.141,latency_s,5.988002
1756990751.141,latency_s,6.021165
1756990751.141,latency_s,6.051644
1756990751.141,latency_s,6.035505
1756990751.207,latency_s,6.078305
1756990751.207,latency_s,6.102333
1756990751.207,latency_s,6.030830
1756990751.208,latency_s,6.095798
1756990751.248,latency_s,6.120301
1756990751.249,latency_s,6.034605
1756990751.249,latency_s,6.120096
1756990751.249,latency_s,6.095602
1756990751.249,latency_s,6.038545
1756990751.249,latency_s,6.074692
1756990751.249,latency_s,6.096056
1756990751.249,latency_s,6.055958
1756990751.249,latency_s,5.996009
1756990751.249,latency_s,6.060435
1756990751.249,latency_s,6.042785
1756990751.249,latency_s,6.059616
1756990751.249,latency_s,6.028568
1756990751.249,latency_s,6.018600
1756990751.249,latency_s,5.972293
1756990751.249,latency_s,6.035457
1756990751.249,latency_s,5.935156
1756990751.315,latency_s,6.004001
1756990751.315,latency_s,6.084692
1756990751.315,latency_s,6.061864
1756990751.315,latency_s,5.984307
1756990751.315,latency_s,6.001093
1756990751.315,latency_s,6.084708
1756990751.315,latency_s,6.040410
1756990751.316,latency_s,5.984534
1756990751.356,latency_s,6.103604
1756990751.357,latency_s,6.061452
1756990751.357,latency_s,6.067363
1756990751.357,latency_s,6.066994
1756990751.357,latency_s,6.035424
1756990751.357,latency_s,6.002128
1756990751.423,latency_s,6.045720
1756990751.423,latency_s,6.008268
1756990751.423,latency_s,5.988535
1756990751.423,latency_s,6.011312
1756990751.423,latency_s,6.047993
1756990751.423,latency_s,6.068734
1756990751.423,latency_s,6.068783
1756990751.423,latency_s,5.990763
1756990751.423,latency_s,6.008760
1756990751.505,latency_s,6.108970
1756990751.505,latency_s,6.113734
1756990751.505,latency_s,6.114832
1756990751.505,latency_s,6.081637
1756990751.505,latency_s,6.049498
1756990751.505,latency_s,6.097662
1756990751.505,latency_s,6.070164
1756990751.505,latency_s,6.300320
1756990751.505,latency_s,6.200098
1756990751.531,latency_s,6.125613
1756990751.531,latency_s,6.025135
1756990751.531,latency_s,6.053292
1756990751.531,latency_s,6.015666
1756990751.531,latency_s,5.996131
1756990751.531,latency_s,5.998668
1756990751.531,latency_s,6.075990
1756990751.532,latency_s,6.055736
1756990751.532,latency_s,6.016183
1756990751.532,latency_s,6.076574
1756990751.532,latency_s,5.976049
1756990751.532,latency_s,6.019583
1756990751.532,latency_s,5.976515
1756990751.532,latency_s,6.035082
1756990751.639,latency_s,6.114899
1756990751.639,latency_s,6.147658
1756990751.639,latency_s,6.130934
1756990751.639,latency_s,6.102716
1756990751.639,latency_s,6.031146
1756990751.639,latency_s,6.060473
1756990751.639,latency_s,6.021731
1756990751.639,latency_s,6.003724
1756990751.639,latency_s,5.983045
1756990751.640,latency_s,6.005066
1756990751.746,latency_s,6.170398
1756990751.747,latency_s,6.090406
1756990751.747,latency_s,6.129428
1756990751.747,latency_s,6.133933
1756990751.747,latency_s,6.149295
1756990751.747,latency_s,6.152824
1756990751.747,latency_s,6.120624
1756990751.747,latency_s,6.090619
1756990751.747,latency_s,6.153862
1756990751.747,latency_s,6.138748
1756990751.747,latency_s,6.108947
1756990751.747,latency_s,6.038769
1756990751.747,latency_s,6.067493
1756990751.747,latency_s,6.029427
1756990751.747,latency_s,6.012426
1756990751.747,latency_s,5.990653
1756990751.747,latency_s,6.028571
1756990751.747,latency_s,6.010610
1756990751.747,latency_s,5.990602
1756990751.747,latency_s,6.071149
1756990751.748,latency_s,6.033765
1756990751.748,latency_s,6.049594
1756990751.854,latency_s,6.144300
1756990751.854,latency_s,6.097142
1756990751.854,latency_s,6.057280
1756990751.854,latency_s,6.115489
1756990751.854,latency_s,6.044886
1756990751.854,latency_s,6.074582
1756990751.855,latency_s,6.036076
1756990751.855,latency_s,6.039908
1756990751.855,latency_s,5.997745
1756990751.855,latency_s,6.019775
1756990751.855,latency_s,6.036317
1756990751.962,latency_s,6.125069
1756990751.962,latency_s,6.105622
1756990751.962,latency_s,6.185560
1756990751.962,latency_s,6.084776
1756990751.963,latency_s,6.163960
1756990751.963,latency_s,6.152552
1756990751.963,latency_s,6.065985
1756990751.963,latency_s,6.065701
1756990751.963,latency_s,6.132910
1756990751.963,latency_s,6.105771
1756990751.963,latency_s,6.123305
1756990751.963,latency_s,6.082776
1756990751.963,latency_s,6.043327
1756990751.963,latency_s,6.047990
1756990751.963,latency_s,6.005795
1756990751.963,latency_s,6.043784
1756990751.963,latency_s,6.023915
1756990751.963,latency_s,6.027574
1756990751.963,latency_s,6.005900
1756990751.963,latency_s,5.985351
1756990751.963,latency_s,6.063845
1756990751.963,latency_s,6.052561
1756990751.963,latency_s,5.951832
1756990751.963,latency_s,5.966348
1756990751.963,latency_s,5.965575
1756990751.964,latency_s,6.032945
1756990751.964,latency_s,6.006404
1756990752.069,latency_s,6.127820
1756990752.069,latency_s,6.088487
1756990752.069,latency_s,6.048529
1756990752.070,latency_s,6.054910
1756990752.070,latency_s,6.012578
1756990752.071,latency_s,6.050165
1756990752.071,latency_s,6.031209
1756990752.071,latency_s,6.034405
1756990752.071,latency_s,5.992024
1756990752.071,latency_s,6.012784
1756990752.071,latency_s,6.071060
1756990752.071,latency_s,5.970377
1756990752.071,latency_s,5.959059
1756990752.071,latency_s,5.973947
1756990752.177,latency_s,6.144541
1756990752.177,latency_s,6.078820
1756990752.177,latency_s,6.136309
1756990752.177,latency_s,6.096693
1756990752.178,latency_s,6.056218
1756990752.178,latency_s,6.056619
1756990752.178,latency_s,6.037573
1756990752.178,latency_s,6.061408
1756990752.178,latency_s,6.018965
1756990752.178,latency_s,6.041034
1756990752.178,latency_s,6.019349
1756990752.178,latency_s,5.998986
1756990752.178,latency_s,5.976963
1756990752.178,latency_s,5.965657
1756990752.178,latency_s,5.980796
1756990752.178,latency_s,5.979051
1756990752.178,latency_s,6.044747
1756990752.178,latency_s,6.036404
1756990752.178,latency_s,5.935581
1756990752.178,latency_s,6.268711
1756990752.179,latency_s,6.168543
1756990752.285,latency_s,6.103612
1756990752.285,latency_s,6.062258
1756990752.285,latency_s,6.063574
1756990752.285,latency_s,6.068751
1756990752.285,latency_s,6.025020
1756990752.286,latency_s,6.044738
1756990752.286,latency_s,6.047129
1756990752.286,latency_s,6.026764
1756990752.286,latency_s,6.006051
1756990752.286,latency_s,5.982788
1756990752.286,latency_s,6.227791
1756990752.286,latency_s,6.127061
1756990752.286,latency_s,6.025313
1756990752.286,latency_s,5.972702
1756990752.393,latency_s,6.158746
1756990752.393,latency_s,6.095390
1756990752.393,latency_s,6.058740
1756990752.393,latency_s,6.093724
1756990752.393,latency_s,6.049718
1756990752.393,latency_s,6.081856
1756990752.393,latency_s,6.111944
1756990752.393,latency_s,6.067687
1756990752.393,latency_s,6.070718
1756990752.393,latency_s,6.051542
1756990752.394,latency_s,6.032882
1756990752.394,latency_s,6.034011
1756990752.394,latency_s,6.013861
1756990752.394,latency_s,6.054380
1756990752.394,latency_s,5.990512
1756990752.394,latency_s,6.032864
1756990752.394,latency_s,5.958576
1756990752.394,latency_s,5.980224
1756990752.500,latency_s,6.088023
1756990752.500,latency_s,6.073437
1756990752.607,latency_s,6.183720
1756990752.607,latency_s,6.145294
1756990752.607,latency_s,6.083111
1756990752.607,latency_s,6.147051
1756990752.607,latency_s,6.167148
1756990752.607,latency_s,6.126897
1756990752.607,latency_s,6.164418
1756990752.607,latency_s,6.103180
1756990752.607,latency_s,6.145700
1756990752.607,latency_s,6.071210
1756990752.607,latency_s,6.108264
1756990752.607,latency_s,6.092911
1756990752.610,latency_s,6.190492
1756990752.610,latency_s,6.088440
1756990752.610,latency_s,5.986391
1756990752.610,latency_s,6.067039
1756990752.610,latency_s,6.049315
1756990752.610,latency_s,6.068717
1756990752.610,latency_s,6.030174
1756990752.611,latency_s,6.048901
1756990752.611,latency_s,6.006131
1756990752.611,latency_s,6.049173
1756990752.611,latency_s,6.009679
1756990752.611,latency_s,5.974177
1756990752.611,latency_s,6.011806
1756990752.611,latency_s,5.995996
1756990752.611,latency_s,5.965859
1756990752.611,latency_s,5.996969
1756990752.611,latency_s,6.228779
1756990752.611,latency_s,6.127983
1756990752.713,latency_s,6.130232
1756990752.714,latency_s,6.029699
1756990752.718,latency_s,6.094269
1756990752.718,latency_s,5.993262
1756990752.718,latency_s,5.993273
1756990752.718,latency_s,6.073778
1756990752.718,latency_s,6.036876
1756990752.718,latency_s,6.075267
1756990752.718,latency_s,6.056858
1756990752.821,latency_s,6.116577
1756990752.822,latency_s,6.158619
1756990752.822,latency_s,6.084090
1756990752.822,latency_s,6.121835
1756990752.822,latency_s,6.106600
1756990752.822,latency_s,6.119921
1756990752.822,latency_s,6.076571
1756990752.822,latency_s,6.107638
1756990752.822,latency_s,6.037126
1756990752.822,latency_s,5.997150
1756990752.822,latency_s,6.060067
1756990752.822,latency_s,6.040460
1756990752.825,latency_s,6.080741
1756990752.825,latency_s,5.978610
1756990752.826,latency_s,6.082254
1756990752.826,latency_s,6.001024
1756990752.826,latency_s,5.979833
1756990752.826,latency_s,6.020315
1756990752.826,latency_s,6.057278
1756990752.826,latency_s,5.987373
1756990752.826,latency_s,6.025409
1756990752.826,latency_s,6.010147
1756990752.826,latency_s,6.023487
1756990752.826,latency_s,5.980071
1756990752.826,latency_s,6.011227
1756990752.932,latency_s,6.103616
1756990752.932,latency_s,6.006915
1756990752.932,latency_s,6.269086
1756990752.932,latency_s,6.166291
1756990752.933,latency_s,6.065872
1756990752.933,latency_s,6.069896
1756990752.933,latency_s,5.985686
1756990752.933,latency_s,6.050175
1756990752.933,latency_s,5.985716
1756990752.933,latency_s,6.007834
1756990752.933,latency_s,6.026660
1756990752.933,latency_s,6.064052
1756990752.933,latency_s,5.963414
1756990752.933,latency_s,6.032170
1756990752.934,latency_s,6.017447
1756990752.934,latency_s,5.994315
1756990752.934,latency_s,6.030059
1756990752.934,latency_s,5.986979
1756990752.934,latency_s,6.018696
1756990753.039,latency_s,6.053453
1756990753.040,latency_s,6.110553
1756990753.040,latency_s,6.009019
1756990753.040,latency_s,6.014180
1756990753.040,latency_s,6.070349
1756990753.040,latency_s,5.990328
1756990753.040,latency_s,6.014658
1756990753.040,latency_s,6.057213
1756990753.040,latency_s,6.077004
1756990753.040,latency_s,5.990534
1756990753.040,latency_s,5.976243
1756990753.040,latency_s,6.033046
1756990753.040,latency_s,5.969876
1756990753.148,latency_s,6.143861
1756990753.148,latency_s,6.146164
1756990753.148,latency_s,6.130280
1756990753.148,latency_s,6.106649
1756990753.148,latency_s,6.101090
1756990753.148,latency_s,6.132283
1756990753.148,latency_s,6.031601
1756990753.148,latency_s,6.061824
1756990753.148,latency_s,6.013806
1756990753.148,latency_s,6.022072
1756990753.149,latency_s,6.077804
1756990753.149,latency_s,6.022498
1756990753.149,latency_s,6.064979
1756990753.149,latency_s,5.984057
1756990753.149,latency_s,5.998660
1756990753.149,latency_s,5.998932
1756990753.149,latency_s,6.041279
1756990753.149,latency_s,5.977419
1756990753.191,latency_s,6.049174
1756990753.191,latency_s,6.086858
1756990753.191,latency_s,6.073580
1756990753.191,latency_s,6.089539
1756990753.191,latency_s,6.043495
1756990753.191,latency_s,5.973992
1756990753.191,latency_s,6.004771
1756990753.192,latency_s,5.955722
1756990753.192,latency_s,5.964879
1756990753.256,latency_s,6.083082
1756990753.256,latency_s,6.029223
1756990753.256,latency_s,6.005588
1756990753.256,latency_s,6.072330
1756990753.256,latency_s,6.005547
1756990753.299,latency_s,6.091284
1756990753.300,latency_s,6.027318
1756990753.300,latency_s,6.095104
1756990753.300,latency_s,5.994350
1756990753.300,latency_s,6.097602
1756990753.300,latency_s,6.053139
1756990753.300,latency_s,5.997353
1756990753.300,latency_s,6.081392
1756990753.300,latency_s,6.051314
1756990753.300,latency_s,5.981623
1756990753.300,latency_s,6.013226
1756990753.405,latency_s,6.067507
1756990753.405,latency_s,6.076447
1756990753.405,latency_s,6.131919
1756990753.405,latency_s,6.029200
1756990753.405,latency_s,6.078167
1756990753.405,latency_s,6.120735
1756990753.405,latency_s,6.020637
1756990753.407,latency_s,6.055641
1756990753.407,latency_s,6.055403
1756990753.407,latency_s,6.097969
1756990753.407,latency_s,6.033169
1756990753.407,latency_s,6.057844
1756990753.407,latency_s,5.999004
1756990753.407,latency_s,6.088688
1756990753.407,latency_s,6.004253
1756990753.407,latency_s,6.058040
1756990753.407,latency_s,5.988400
1756990753.407,latency_s,6.020492
1756990753.408,latency_s,5.969502
1756990753.514,latency_s,6.249387
1756990753.514,latency_s,6.085619
1756990753.515,latency_s,6.148965
1756990753.515,latency_s,6.049182
1756990753.515,latency_s,6.038281
1756990753.515,latency_s,6.030221
1756990753.515,latency_s,6.087262
1756990753.515,latency_s,6.063087
1756990753.515,latency_s,6.062767
1756990753.515,latency_s,6.105152
1756990753.515,latency_s,6.039505
1756990753.515,latency_s,6.064774
1756990753.515,latency_s,6.096191
1756990753.515,latency_s,6.011995
1756990753.515,latency_s,6.006495
1756990753.515,latency_s,5.995847
1756990753.515,latency_s,6.065891
1756990753.515,latency_s,5.996294
1756990753.515,latency_s,6.028414
1756990753.515,latency_s,5.976622
1756990753.624,latency_s,6.056562
1756990753.624,latency_s,6.094245
1756990753.624,latency_s,6.045104
1756990753.624,latency_s,6.038633
1756990753.624,latency_s,6.071705
1756990753.624,latency_s,6.095944
1756990753.624,latency_s,6.071445
1756990753.624,latency_s,6.113092
1756990753.624,latency_s,6.046405
1756990753.624,latency_s,6.072744
1756990753.624,latency_s,6.003075
1756990753.624,latency_s,6.014179
1756990753.624,latency_s,6.020080
1756990753.838,latency_s,6.287971
1756990753.838,latency_s,6.217855
1756990753.838,latency_s,6.250021
1756990753.838,latency_s,6.198221
1756990753.838,latency_s,6.207565
1756990753.838,latency_s,6.170656
1756990753.838,latency_s,6.159103
1756990753.838,latency_s,6.152018
1756990753.838,latency_s,6.185263
1756990753.838,latency_s,6.208911
1756990753.838,latency_s,6.185259
1756990753.838,latency_s,6.226839
1756990753.838,latency_s,6.125143
1756990753.838,latency_s,6.160598
1756990753.838,latency_s,6.186477
1756990753.838,latency_s,6.115891
1756990753.838,latency_s,6.127764
1756990753.839,latency_s,6.133757
1756990753.839,latency_s,6.187595
1756990753.839,latency_s,6.150665
1756990753.839,latency_s,6.098803
1756990753.946,latency_s,6.214772
1756990753.946,latency_s,6.178407
1756990753.946,latency_s,6.167134
1756990753.946,latency_s,6.159777
1756990753.947,latency_s,6.216830
1756990753.947,latency_s,6.192853
1756990753.947,latency_s,6.191940
1756990753.947,latency_s,6.133199
1756990753.947,latency_s,6.168337
1756990753.947,latency_s,6.194541
1756990753.947,latency_s,6.123009
1756990753.947,latency_s,6.115149
1756990753.947,latency_s,6.078012
1756990753.947,latency_s,6.059850
1756990753.947,latency_s,6.093133
1756990754.054,latency_s,6.122536
1756990754.055,latency_s,6.085675
1756990754.055,latency_s,6.066921
1756990754.055,latency_s,6.100045
1756990754.055,latency_s,6.098982
1756990754.055,latency_s,6.040792
1756990754.055,latency_s,6.076047
1756990754.055,latency_s,6.000296
1756990754.055,latency_s,6.041797
1756990754.055,latency_s,6.048417
1756990754.055,latency_s,6.029047
1756990754.055,latency_s,6.000149
1756990754.055,latency_s,6.032942
1756990754.055,latency_s,6.065369
1756990754.055,latency_s,5.964686
1756990754.161,latency_s,6.120520
1756990754.161,latency_s,6.128805
1756990754.162,latency_s,6.130859
1756990754.162,latency_s,6.107202
1756990754.162,latency_s,6.105741
1756990754.162,latency_s,6.073673
1756990754.162,latency_s,6.082856
1756990754.162,latency_s,6.282194
1756990754.162,latency_s,6.181926
1756990754.162,latency_s,6.081245
1756990754.162,latency_s,6.007519
1756990754.163,latency_s,6.055761
1756990754.268,latency_s,6.154599
1756990754.268,latency_s,6.140913
1756990754.268,latency_s,6.113046
1756990754.268,latency_s,6.145547
1756990754.268,latency_s,6.077612
1756990754.270,latency_s,6.100259
1756990754.270,latency_s,6.138869
1756990754.270,latency_s,6.038607
1756990754.270,latency_s,6.113671
1756990754.270,latency_s,6.115368
1756990754.270,latency_s,6.081190
1756990754.271,latency_s,6.090590
1756990754.271,latency_s,6.088592
1756990754.271,latency_s,6.015110
1756990754.271,latency_s,6.056947
1756990754.271,latency_s,6.062864
1756990754.271,latency_s,6.043387
1756990754.271,latency_s,6.015261
1756990754.271,latency_s,6.047450
1756990754.271,latency_s,5.980146
1756990754.375,latency_s,6.260696
1756990754.375,latency_s,6.160012
1756990754.375,latency_s,6.059386
1756990754.375,latency_s,6.117589
1756990754.375,latency_s,6.085698
1756990754.377,latency_s,6.121295
1756990754.377,latency_s,6.094458
1756990754.377,latency_s,6.095957
1756990754.377,latency_s,6.020097
1756990754.377,latency_s,6.069161
1756990754.377,latency_s,6.049177
1756990754.377,latency_s,6.063592
1756990754.378,latency_s,6.021649
1756990754.378,latency_s,6.053819
1756990754.378,latency_s,5.986730
1756990754.378,latency_s,6.035699
1756990754.378,latency_s,5.942156
1756990754.378,latency_s,6.006788
1756990754.483,latency_s,6.050075
1756990754.483,latency_s,6.064469
1756990754.483,latency_s,6.125168
1756990754.483,latency_s,6.024096
1756990754.483,latency_s,6.092842
1756990754.483,latency_s,6.126626
1756990754.483,latency_s,6.026258
1756990754.483,latency_s,6.100211
1756990754.483,latency_s,6.100427
1756990754.483,latency_s,6.024310
1756990754.483,latency_s,6.069328
1756990754.483,latency_s,6.054447
1756990754.483,latency_s,6.073318
1756990754.486,latency_s,6.029184
1756990754.486,latency_s,5.993794
1756990754.486,latency_s,6.061526
1756990754.486,latency_s,6.042774
1756990754.486,latency_s,5.949370
1756990754.486,latency_s,6.013710
1756990754.486,latency_s,5.952461
1756990754.486,latency_s,5.926581
1756990754.486,latency_s,5.966292
1756990754.486,latency_s,5.995066
1756990754.486,latency_s,5.928898
1756990754.486,latency_s,6.001268
1756990754.486,latency_s,5.900498
1756990754.595,latency_s,6.110485
1756990754.595,latency_s,6.009895
1756990754.595,latency_s,6.080709
1756990754.596,latency_s,6.036270
1756990754.596,latency_s,6.066219
1756990754.596,latency_s,6.084769
1756990754.596,latency_s,6.039001
1756990754.596,latency_s,6.003392
1756990754.596,latency_s,6.071191
1756990754.596,latency_s,5.970848
1756990754.733,latency_s,6.188678
1756990754.733,latency_s,6.095454
1756990754.733,latency_s,6.159713
1756990754.733,latency_s,6.099048
1756990754.733,latency_s,6.072438
1756990754.733,latency_s,6.112362
1756990754.733,latency_s,6.074964
1756990754.733,latency_s,6.141690
1756990754.733,latency_s,6.045635
1756990754.733,latency_s,6.045917
1756990754.733,latency_s,6.102391
1756990754.733,latency_s,6.073086
1756990754.733,latency_s,6.121905
1756990754.733,latency_s,6.118221
1756990754.733,latency_s,6.076245
1756990754.733,latency_s,6.008130
1756990754.733,latency_s,6.040300
1756990754.733,latency_s,6.089176
1756990754.733,latency_s,5.988468
1756990754.734,latency_s,5.998965
1756990754.734,latency_s,5.995874
1756990754.734,latency_s,6.060456
1756990754.809,latency_s,6.035065
1756990754.949,latency_s,6.188509
1756990754.949,latency_s,6.257315
1756990754.949,latency_s,6.191199
1756990754.949,latency_s,6.227232
1756990754.949,latency_s,6.161210
1756990754.949,latency_s,6.162001
1756990754.950,latency_s,6.218148
1756990754.950,latency_s,6.234066
1756990754.950,latency_s,6.188861
1756990754.950,latency_s,6.236848
1756990754.950,latency_s,6.136277
1756990754.950,latency_s,6.192726
1756990754.950,latency_s,6.156758
1756990754.950,latency_s,6.124115
1756990754.950,latency_s,6.104432
1756990754.950,latency_s,6.114846
1756990754.950,latency_s,6.111904
1756990754.950,latency_s,6.075387
1756990754.950,latency_s,6.157386
1756990754.950,latency_s,6.089328
1756990754.950,latency_s,6.091382
1756990754.950,latency_s,6.127423
1756990754.950,latency_s,6.059879
1756990754.950,latency_s,6.060272
1756990754.950,latency_s,6.117921
1756990754.951,latency_s,6.089339
1756990754.951,latency_s,6.134048
1756990754.951,latency_s,6.033425
1756990754.951,latency_s,6.036780
1756990754.951,latency_s,6.093305
1756990754.951,latency_s,6.057386
1756990754.951,latency_s,6.024199
1756990755.058,latency_s,6.040710
1756990755.058,latency_s,6.096502
1756990755.058,latency_s,6.043780
1756990755.058,latency_s,6.125361
1756990755.058,latency_s,6.100607
1756990755.059,latency_s,6.064868
1756990755.164,latency_s,6.137497
1756990755.164,latency_s,6.117829
1756990755.164,latency_s,6.128276
1756990755.164,latency_s,6.088784
1756990755.165,latency_s,6.124849
1756990755.165,latency_s,6.070581
1756990755.165,latency_s,6.103981
1756990755.165,latency_s,6.138639
1756990755.165,latency_s,6.071123
1756990755.165,latency_s,6.071094
1756990755.165,latency_s,6.131463
1756990755.165,latency_s,6.047030
1756990755.165,latency_s,6.031347
1756990755.165,latency_s,6.050769
1756990755.166,latency_s,6.103174
1756990755.166,latency_s,6.107714
1756990755.166,latency_s,6.071793
1756990755.166,latency_s,6.038839
1756990755.166,latency_s,6.019058
1756990755.166,latency_s,6.028851
1756990755.166,latency_s,6.026155
1756990755.166,latency_s,5.989599
1756990755.166,latency_s,5.971910
1756990755.166,latency_s,6.004674
1756990755.166,latency_s,6.039777
1756990755.166,latency_s,5.972489
1756990755.271,latency_s,6.107000
1756990755.271,latency_s,6.053399
1756990755.271,latency_s,6.112700
1756990755.272,latency_s,6.077496
1756990755.272,latency_s,6.044811
1756990755.272,latency_s,6.025122
1756990755.274,latency_s,6.036228
1756990755.274,latency_s,5.997238
1756990755.380,latency_s,6.138942
1756990755.380,latency_s,6.317285
1756990755.380,latency_s,6.217135
1756990755.380,latency_s,6.116534
1756990755.380,latency_s,6.085067
1756990755.380,latency_s,6.117565
1756990755.380,latency_s,6.152387
1756990755.380,latency_s,6.085261
1756990755.380,latency_s,6.085300
1756990755.380,latency_s,6.040895
1756990755.380,latency_s,6.115719
1756990755.380,latency_s,6.062007
1756990755.380,latency_s,6.063063
1756990755.380,latency_s,6.121056
1756990755.380,latency_s,6.020826
1756990755.380,latency_s,6.051970
1756990755.381,latency_s,6.086155
1756990755.381,latency_s,6.033756
1756990755.381,latency_s,6.042322
1756990755.381,latency_s,6.039923
1756990755.381,latency_s,6.004086
1756990755.422,latency_s,6.057902
1756990755.422,latency_s,6.027111
1756990755.422,latency_s,6.058261
1756990755.422,latency_s,6.093860
1756990755.422,latency_s,5.992881
1756990755.422,latency_s,6.027415
1756990755.422,latency_s,6.027544
1756990755.423,latency_s,5.981914
1756990755.423,latency_s,6.003665
1756990755.488,latency_s,6.070255
1756990755.488,latency_s,6.122250
1756990755.488,latency_s,6.028145
1756990755.489,latency_s,6.059298
1756990755.489,latency_s,6.094045
1756990755.489,latency_s,6.041246
1756990755.571,latency_s,6.131149
1756990755.571,latency_s,6.092716
1756990755.571,latency_s,6.129386
1756990755.571,latency_s,6.106084
1756990755.571,latency_s,6.075001
1756990755.571,latency_s,6.106145
1756990755.571,latency_s,6.040965
1756990755.571,latency_s,6.074907
1756990755.571,latency_s,6.075240
1756990755.571,latency_s,6.029892
1756990755.571,latency_s,6.051641
1756990755.571,latency_s,6.104185
1756990755.571,latency_s,6.002965
1756990755.595,latency_s,6.075166
1756990755.596,latency_s,6.034704
1756990755.596,latency_s,6.065844
1756990755.596,latency_s,6.099304
1756990755.596,latency_s,6.048136
1756990755.596,latency_s,6.055640
1756990755.596,latency_s,6.016910
1756990755.596,latency_s,6.054267
1756990755.596,latency_s,6.029986
1756990755.596,latency_s,5.997857
1756990755.596,latency_s,6.030044
1756990755.596,latency_s,5.965406
1756990755.596,latency_s,5.997589
1756990755.702,latency_s,6.033249
1756990755.702,latency_s,6.081796
1756990755.702,latency_s,6.040443
1756990755.702,latency_s,6.105224
1756990755.702,latency_s,6.004337
1756990755.703,latency_s,6.072128
1756990755.703,latency_s,6.061844
1756990755.703,latency_s,5.961683
1756990755.703,latency_s,6.021919
1756990755.703,latency_s,6.061159
1756990755.703,latency_s,5.960857
1756990755.703,latency_s,6.036413
1756990755.703,latency_s,6.004714
1756990755.703,latency_s,5.970174
1756990755.703,latency_s,6.036358
1756990755.703,latency_s,6.004455
1756990755.703,latency_s,6.004734
1756990755.703,latency_s,5.982520
1756990755.703,latency_s,5.961127
1756990755.811,latency_s,6.089816
1756990755.811,latency_s,6.041174
1756990755.811,latency_s,6.048705
1756990755.811,latency_s,6.012238
1756990755.811,latency_s,6.079941
1756990755.811,latency_s,6.029094
1756990755.811,latency_s,5.968915
1756990755.811,latency_s,5.967988
1756990755.811,latency_s,6.043374
1756990755.811,latency_s,6.012513
1756990755.920,latency_s,6.085005
1756990755.920,latency_s,6.149039
1756990755.920,latency_s,6.120794
1756990755.920,latency_s,6.121013
1756990755.920,latency_s,6.098631
1756990755.920,latency_s,6.098441
1756990755.920,latency_s,6.076031
1756990755.920,latency_s,6.048732
1756990755.920,latency_s,6.057305
1756990755.920,latency_s,6.021266
1756990755.920,latency_s,6.088515
1756990755.920,latency_s,6.272315
1756990755.920,latency_s,6.171594
1756990755.920,latency_s,6.071438
1756990755.920,latency_s,5.977566
1756990755.920,latency_s,6.036802
1756990755.920,latency_s,6.051207
1756990755.920,latency_s,5.977314
1756990755.920,latency_s,6.021184
1756990755.921,latency_s,6.049639
1756990755.921,latency_s,5.985271
1756990755.959,latency_s,6.059293
1756990755.959,latency_s,6.059401
1756990755.959,latency_s,6.036873
1756990755.959,latency_s,6.014215
1756990755.959,latency_s,6.036946
1756990755.959,latency_s,5.986065
1756990755.959,latency_s,5.995992
1756990755.960,latency_s,5.960059
1756990756.027,latency_s,6.094836
1756990756.028,latency_s,6.078195
1756990756.028,latency_s,6.043668
1756990756.028,latency_s,6.057327
1756990756.067,latency_s,6.024057
1756990756.067,latency_s,6.067957
1756990756.068,latency_s,6.031021
1756990756.068,latency_s,6.096219
1756990756.068,latency_s,5.996072
1756990756.068,latency_s,6.068280
1756990756.068,latency_s,6.068276
1756990756.068,latency_s,6.025009
1756990756.068,latency_s,6.044750
1756990756.068,latency_s,6.022496
1756990756.068,latency_s,5.994785
1756990756.068,latency_s,6.044865
1756990756.068,latency_s,6.004923
1756990756.068,latency_s,6.035586
1756990756.068,latency_s,5.968441
1756990756.068,latency_s,6.017959
1756990756.069,latency_s,5.984115
1756990756.135,latency_s,5.991328
1756990756.135,latency_s,6.064056
1756990756.135,latency_s,5.963425
1756990756.135,latency_s,6.034873
1756990756.135,latency_s,5.998107
1756990756.135,latency_s,5.963592
1756990756.136,latency_s,6.035401
1756990756.136,latency_s,5.934385
1756990756.176,latency_s,6.031854
1756990756.176,latency_s,6.029077
1756990756.176,latency_s,6.051855
1756990756.176,latency_s,6.050601
1756990756.244,latency_s,6.069759
1756990756.244,latency_s,6.080267
1756990756.244,latency_s,6.110522
1756990756.244,latency_s,6.042809
1756990756.244,latency_s,6.009695
1756990756.244,latency_s,6.093271
1756990756.244,latency_s,6.058790
1756990756.244,latency_s,5.971647
1756990756.244,latency_s,5.999949
1756990756.244,latency_s,6.042740
1756990756.244,latency_s,6.003853
1756990756.244,latency_s,5.971914
1756990756.244,latency_s,5.942333
1756990756.244,latency_s,6.000278
1756990756.244,latency_s,5.996675
1756990756.244,latency_s,6.019490
1756990756.245,latency_s,6.019102
1756990756.245,latency_s,5.969874
1756990756.283,latency_s,6.018945
1756990756.284,latency_s,5.949133
1756990756.284,latency_s,5.982395
1756990756.284,latency_s,6.032244
1756990756.284,latency_s,5.931562
1756990756.284,latency_s,5.997687
1756990756.284,latency_s,5.910794
1756990756.284,latency_s,5.939082
1756990756.285,latency_s,5.982671
1756990756.351,latency_s,6.007672
1756990756.352,latency_s,5.978610
1756990756.566,latency_s,6.465420
1756990756.566,latency_s,6.364869
1756990756.567,latency_s,6.263298
1756990756.567,latency_s,6.164136
1756990756.567,latency_s,6.162570
1756990756.567,latency_s,6.221887
1756990756.567,latency_s,6.218745
1756990756.567,latency_s,6.241531
1756990756.567,latency_s,6.141348
1756990756.567,latency_s,6.241636
1756990756.567,latency_s,6.192290
1756990756.567,latency_s,6.139343
1756990756.567,latency_s,6.203487
1756990756.567,latency_s,6.132617
1756990756.568,latency_s,6.165029
1756990756.568,latency_s,6.114418
1756990756.568,latency_s,6.175842
1756990756.568,latency_s,6.122378
1756990756.568,latency_s,6.093507
1756990756.568,latency_s,6.074979
1756990756.568,latency_s,6.165149
1756990756.568,latency_s,6.093829
1756990756.568,latency_s,6.123009
1756990756.568,latency_s,6.064748
1756990756.568,latency_s,6.063320
1756990756.568,latency_s,6.064803
1756990756.568,latency_s,6.122728
1756990756.568,latency_s,6.117905
1756990756.568,latency_s,6.039421
1756990756.568,latency_s,6.042136
1756990756.568,latency_s,6.092322
1756990756.568,latency_s,6.103788
1756990756.674,latency_s,6.071218
1756990756.675,latency_s,6.069325
1756990756.675,latency_s,6.071869
1756990756.675,latency_s,6.123912
1756990756.676,latency_s,6.098863
1756990756.676,latency_s,6.044809
1756990756.676,latency_s,6.049133
1756990756.782,latency_s,6.217566
1756990756.782,latency_s,6.146934
1756990756.782,latency_s,6.179235
1756990756.783,latency_s,6.128633
1756990756.783,latency_s,6.136458
1756990756.783,latency_s,6.106748
1756990756.783,latency_s,6.136784
1756990756.783,latency_s,6.108099
1756990756.783,latency_s,6.078614
1756990756.783,latency_s,6.077051
1756990756.783,latency_s,6.079033
1756990756.783,latency_s,6.130805
1756990756.783,latency_s,6.051845
1756990756.783,latency_s,6.056397
1756990756.783,latency_s,6.106331
1756990756.783,latency_s,6.117742
1756990756.783,latency_s,6.078822
1756990756.783,latency_s,6.047181
1756990756.783,latency_s,6.028428
1756990756.784,latency_s,6.006974
1756990756.784,latency_s,6.035941
1756990756.784,latency_s,6.036218
1756990756.784,latency_s,6.008674
1756990756.784,latency_s,5.978460
1756990756.784,latency_s,5.976947
1756990756.784,latency_s,5.979328
1756990756.890,latency_s,6.032061
1756990756.890,latency_s,6.058051
1756990756.890,latency_s,6.062331
1756990756.890,latency_s,6.112316
1756990756.890,latency_s,6.124336
1756990756.890,latency_s,6.084627
1756990756.891,latency_s,6.053733
1756990756.891,latency_s,6.034983
1756990756.891,latency_s,6.193178
1756990756.997,latency_s,6.199129
1756990756.998,latency_s,6.095555
1756990756.998,latency_s,6.120286
1756990756.998,latency_s,6.149931
1756990756.998,latency_s,6.122974
1756990756.998,latency_s,6.150688
1756990756.998,latency_s,6.091975
1756990756.999,latency_s,6.093440
1756990756.999,latency_s,6.090511
1756990756.999,latency_s,6.050305
1756990756.999,latency_s,6.040186
1756990756.999,latency_s,6.065396
1756990756.999,latency_s,6.070525
1756990756.999,latency_s,6.120497
1756990756.999,latency_s,6.133027
1756990756.999,latency_s,6.032666
1756990756.999,latency_s,6.092468
1756990756.999,latency_s,6.061326
1756990756.999,latency_s,6.043311
1756990757.000,latency_s,5.996759
1756990757.000,latency_s,6.021867
1756990757.000,latency_s,6.051203
1756990757.105,latency_s,6.129144
1756990757.105,latency_s,6.097923
1756990757.105,latency_s,6.157024
1756990757.105,latency_s,6.098346
1756990757.105,latency_s,6.096694
1756990757.105,latency_s,6.056383
1756990757.105,latency_s,6.046561
1756990757.106,latency_s,6.070445
1756990757.106,latency_s,6.076153
1756990757.107,latency_s,6.128031
1756990757.107,latency_s,6.040613
1756990757.107,latency_s,6.100227
1756990757.107,latency_s,6.050701
1756990757.107,latency_s,6.069530
1756990757.108,latency_s,6.003001
1756990757.213,latency_s,6.134445
1756990757.213,latency_s,6.164212
1756990757.213,latency_s,6.136955
1756990757.213,latency_s,6.105726
1756990757.214,latency_s,6.164784
1756990757.214,latency_s,6.064403
1756990757.214,latency_s,6.106036
1756990757.214,latency_s,6.104054
1756990757.214,latency_s,6.064561
1756990757.214,latency_s,6.084003
1756990757.214,latency_s,6.134273
1756990757.214,latency_s,6.054414
1756990757.214,latency_s,6.078123
1756990757.215,latency_s,6.035135
1756990757.215,latency_s,6.048485
1756990757.215,latency_s,6.107622
1756990757.215,latency_s,6.006539
1756990757.215,latency_s,6.058062
1756990757.216,latency_s,6.077015
1756990757.216,latency_s,6.009750
1756990757.216,latency_s,6.036519
1756990757.320,latency_s,6.170503
1756990757.320,latency_s,6.070054
1756990757.320,latency_s,6.143296
1756990757.320,latency_s,6.111131
1756990757.320,latency_s,6.070214
1756990757.323,latency_s,6.073347
1756990757.323,latency_s,6.113510
1756990757.323,latency_s,6.114436
1756990757.323,latency_s,6.042764
1756990757.323,latency_s,6.093432
1756990757.324,latency_s,6.063669
1756990757.324,latency_s,6.085414
1756990757.324,latency_s,6.056913
1756990757.324,latency_s,6.014526
1756990757.431,latency_s,6.191814
1756990757.431,latency_s,6.173407
1756990757.431,latency_s,6.124726
1756990757.431,latency_s,6.151295
1756990757.431,latency_s,6.080251
1756990757.431,latency_s,6.153993
1756990757.431,latency_s,6.080978
1756990757.431,latency_s,6.121928
1756990757.432,latency_s,6.080012
1756990757.432,latency_s,6.122456
1756990757.432,latency_s,6.051195
1756990757.432,latency_s,6.101867
1756990757.432,latency_s,6.093436
1756990757.432,latency_s,6.071832
1756990757.432,latency_s,6.064443
1756990757.432,latency_s,6.073881
1756990757.432,latency_s,6.021666
1756990757.432,latency_s,6.093408
1756990757.433,latency_s,6.025395
1756990757.433,latency_s,6.052533
1756990757.433,latency_s,5.981325
1756990757.433,latency_s,6.055329
1756990757.433,latency_s,5.981715
1756990757.537,latency_s,6.055667
1756990757.537,latency_s,6.105425
1756990757.537,latency_s,6.097694
1756990757.537,latency_s,6.075969
1756990757.537,latency_s,6.068763
1756990757.537,latency_s,6.078189
1756990757.537,latency_s,6.097701
1756990757.537,latency_s,6.026251
1756990757.538,latency_s,6.029808
1756990757.540,latency_s,5.987871
1756990757.540,latency_s,6.058923
1756990757.540,latency_s,6.062006
1756990757.540,latency_s,5.961863
1756990757.540,latency_s,5.988402
1756990757.645,latency_s,6.134383
1756990757.646,latency_s,6.093034
1756990757.646,latency_s,6.134232
1756990757.646,latency_s,6.134080
1756990757.646,latency_s,6.063976
1756990757.646,latency_s,6.114001
1756990757.646,latency_s,6.106168
1756990757.646,latency_s,6.083879
1756990757.646,latency_s,6.077018
1756990757.646,latency_s,6.033987
1756990757.646,latency_s,6.085956
1756990757.646,latency_s,6.106133
1756990757.646,latency_s,6.005628
1756990757.646,latency_s,6.037770
1756990757.647,latency_s,6.065273
1756990757.647,latency_s,5.994815
1756990757.755,latency_s,6.075563
1756990757.755,latency_s,6.143107
1756990757.755,latency_s,6.103007
1756990757.755,latency_s,6.102306
1756990757.755,latency_s,6.143246
1756990757.755,latency_s,6.143200
1756990757.755,latency_s,6.072926
1756990757.756,latency_s,6.123158
1756990757.756,latency_s,6.114156
1756990757.756,latency_s,6.093638
1756990757.756,latency_s,6.086279
1756990757.861,latency_s,6.200615
1756990757.861,latency_s,6.119791
1756990757.861,latency_s,6.148612
1756990757.861,latency_s,6.151975
1756990757.861,latency_s,6.178882
1756990757.861,latency_s,6.108230
1756990757.861,latency_s,6.075609
1756990757.861,latency_s,6.080545
1756990757.861,latency_s,6.148787
1756990757.862,latency_s,6.108978
1756990757.862,latency_s,6.149189
1756990757.862,latency_s,6.108699
1756990757.862,latency_s,6.149781
1756990757.862,latency_s,6.048994
1756990757.862,latency_s,6.049310
1756990757.862,latency_s,6.078582
1756990757.862,latency_s,6.129480
1756990757.862,latency_s,6.120492
1756990757.862,latency_s,6.099352
1756990757.862,latency_s,6.092565
1756990757.863,latency_s,6.049830
1756990757.970,latency_s,6.127340
1756990757.970,latency_s,6.105026
1756990757.970,latency_s,6.098807
1756990757.970,latency_s,6.108562
1756990757.970,latency_s,6.005658
1756990757.970,latency_s,6.028265
1756990757.971,latency_s,6.056918
1756990757.971,latency_s,6.059443
1756990757.971,latency_s,6.015357
1756990757.971,latency_s,5.984035
1756990757.971,latency_s,5.988936
1756990757.971,latency_s,6.016407
1756990757.971,latency_s,6.056146
1756990757.971,latency_s,5.953859
1756990757.971,latency_s,6.016050
1756990757.971,latency_s,5.954087
1756990757.971,latency_s,5.985674
1756990757.971,latency_s,6.028383
1756990757.971,latency_s,6.003700
1756990758.077,latency_s,6.142432
1756990758.077,latency_s,6.042280
1756990758.077,latency_s,6.105498
1756990758.077,latency_s,6.011251
1756990758.077,latency_s,6.033967
1756990758.077,latency_s,6.063271
1756990758.077,latency_s,6.064860
1756990758.077,latency_s,6.021482
1756990758.077,latency_s,5.989672
1756990758.077,latency_s,5.994657
1756990758.077,latency_s,6.022664
1756990758.077,latency_s,6.060791
1756990758.077,latency_s,5.960376
1756990758.078,latency_s,5.960687
1756990758.078,latency_s,6.022647
1756990758.078,latency_s,5.960880
1756990758.185,latency_s,6.116132
1756990758.185,latency_s,6.138625
1756990758.185,latency_s,6.050053
1756990758.185,latency_s,6.099382
1756990758.185,latency_s,6.038000
1756990758.185,latency_s,6.112763
1756990758.185,latency_s,6.018286
1756990758.185,latency_s,6.070789
1756990758.186,latency_s,6.041928
1756990758.186,latency_s,6.073310
1756990758.186,latency_s,5.971331
1756990758.186,latency_s,6.029017
1756990758.186,latency_s,5.998238
1756990758.186,latency_s,6.003227
1756990758.186,latency_s,6.029384
1756990758.186,latency_s,5.968569
1756990758.186,latency_s,6.029498
1756990758.186,latency_s,5.968328
1756990758.186,latency_s,5.967662
1756990758.186,latency_s,5.938708
1756990758.186,latency_s,6.016789
1756990758.292,latency_s,6.105538
1756990758.292,latency_s,6.056803
1756990758.292,latency_s,6.119726
1756990758.292,latency_s,6.024771
1756990758.292,latency_s,6.076696
1756990758.292,latency_s,6.047571
1756990758.292,latency_s,5.976495
1756990758.292,latency_s,6.003975
1756990758.292,latency_s,6.034367
1756990758.293,latency_s,6.009220
1756990758.293,latency_s,6.034925
1756990758.293,latency_s,5.974953
1756990758.293,latency_s,6.035201
1756990758.294,latency_s,5.974756
1756990758.400,latency_s,6.081793
1756990758.400,latency_s,6.051842
1756990758.401,latency_s,6.113395
1756990758.401,latency_s,6.130815
1756990758.401,latency_s,6.065192
1756990758.401,latency_s,6.127477
1756990758.401,latency_s,6.031601
1756990758.401,latency_s,6.084999
1756990758.401,latency_s,6.055970
1756990758.401,latency_s,5.983993
1756990758.401,latency_s,6.012335
1756990758.401,latency_s,6.041076
1756990758.401,latency_s,6.017308
1756990758.401,latency_s,5.982581
1756990758.401,latency_s,6.041010
1756990758.401,latency_s,5.981720
1756990758.401,latency_s,6.042476
1756990758.401,latency_s,5.982514
1756990758.401,latency_s,5.942155
1756990758.402,latency_s,5.949331
1756990758.402,latency_s,6.014339
1756990758.402,latency_s,6.029648
1756990758.402,latency_s,5.965482
1756990758.402,latency_s,6.027320
1756990758.402,latency_s,5.927022
1756990758.402,latency_s,5.932519
1756990758.402,latency_s,5.985283
1756990758.508,latency_s,6.061974
1756990758.508,latency_s,5.990420
1756990758.616,latency_s,6.127045
1756990758.616,latency_s,6.155820
1756990758.617,latency_s,6.132478
1756990758.617,latency_s,6.097478
1756990758.617,latency_s,6.156143
1756990758.617,latency_s,6.097140
1756990758.617,latency_s,6.097576
1756990758.617,latency_s,6.057129
1756990758.617,latency_s,6.064148
1756990758.617,latency_s,6.128806
1756990758.617,latency_s,6.144146
1756990758.617,latency_s,6.080060
1756990758.617,latency_s,6.040614
1756990758.617,latency_s,6.042165
1756990758.617,latency_s,6.070984
1756990758.617,latency_s,6.100230
1756990758.617,latency_s,6.046378
1756990758.618,latency_s,5.999581
1756990758.618,latency_s,6.027800
1756990758.618,latency_s,6.057322
1756990758.618,latency_s,6.033791
1756990758.618,latency_s,6.057250
1756990758.833,latency_s,6.213339
1756990758.834,latency_s,6.213354
1756990758.834,latency_s,6.214007
1756990758.834,latency_s,6.173581
1756990758.834,latency_s,6.245547
1756990758.834,latency_s,6.180222
1756990758.834,latency_s,6.157574
1756990758.834,latency_s,6.197125
1756990758.834,latency_s,6.159244
1756990758.835,latency_s,6.188004
1756990758.835,latency_s,6.216619
1756990758.835,latency_s,6.162840
1756990758.835,latency_s,6.115516
1756990758.835,latency_s,6.115525
1756990758.835,latency_s,6.144205
1756990758.835,latency_s,6.173780
1756990758.835,latency_s,6.149830
1756990758.835,latency_s,6.114821
1756990758.835,latency_s,6.173929
1756990758.835,latency_s,6.073292
1756990758.835,latency_s,6.114558
1756990758.835,latency_s,6.114905
1756990758.835,latency_s,6.074348
1756990758.835,latency_s,6.145891
1756990758.835,latency_s,6.044712
1756990758.835,latency_s,6.097264
1756990758.835,latency_s,6.057876
1756990758.836,latency_s,6.080802
1756990758.836,latency_s,6.060276
1756990758.836,latency_s,6.088451
1756990758.836,latency_s,6.015881
1756990758.836,latency_s,6.062143
1756990758.941,latency_s,6.049098
1756990758.942,latency_s,6.064093
1756990758.942,latency_s,6.103688
1756990758.943,latency_s,6.087413
1756990758.943,latency_s,6.066947
1756990759.051,latency_s,6.202429
1756990759.051,latency_s,6.176390
1756990759.051,latency_s,6.130455
1756990759.051,latency_s,6.129899
1756990759.052,latency_s,6.158929
1756990759.052,latency_s,6.088821
1756990759.052,latency_s,6.165502
1756990759.052,latency_s,6.130891
1756990759.052,latency_s,6.088920
1756990759.052,latency_s,6.130625
1756990759.052,latency_s,6.130364
1756990759.052,latency_s,6.089296
1756990759.052,latency_s,6.058482
1756990759.052,latency_s,6.112293
1756990759.052,latency_s,6.095130
1756990759.052,latency_s,6.073381
1756990759.052,latency_s,6.075384
1756990759.052,latency_s,6.103523
1756990759.052,latency_s,6.030996
1756990759.052,latency_s,6.075718
1756990759.052,latency_s,6.030706
1756990759.052,latency_s,5.989118
1756990759.052,latency_s,6.059061
1756990759.052,latency_s,6.065529
1756990759.158,latency_s,6.095086
1756990759.158,latency_s,6.136834
1756990759.158,latency_s,6.136847
1756990759.159,latency_s,6.095780
1756990759.159,latency_s,6.082089
1756990759.159,latency_s,6.109716
1756990759.159,latency_s,6.007895
1756990759.159,latency_s,6.082254
1756990759.159,latency_s,6.037250
1756990759.159,latency_s,6.037331
1756990759.266,latency_s,6.102700
1756990759.266,latency_s,6.172690
1756990759.266,latency_s,6.178690
1756990759.266,latency_s,6.102945
1756990759.266,latency_s,6.077926
1756990759.266,latency_s,6.143840
1756990759.267,latency_s,6.143958
1756990759.267,latency_s,6.103273
1756990759.267,latency_s,6.072170
1756990759.267,latency_s,6.087162
1756990759.267,latency_s,6.108308
1756990759.267,latency_s,6.126119
1756990759.267,latency_s,6.089762
1756990759.267,latency_s,6.014915
1756990759.267,latency_s,6.044073
1756990759.267,latency_s,6.089853
1756990759.267,latency_s,6.044283
1756990759.310,latency_s,6.288423
1756990759.310,latency_s,6.187695
1756990759.310,latency_s,6.086789
1756990759.310,latency_s,6.046242
1756990759.310,latency_s,6.115647
1756990759.310,latency_s,6.014914
1756990759.310,latency_s,6.021329
1756990759.310,latency_s,6.045747
1756990759.310,latency_s,6.086881
1756990759.373,latency_s,6.092859
1756990759.373,latency_s,6.113693
1756990759.373,latency_s,6.132083
1756990759.373,latency_s,6.096040
1756990759.374,latency_s,6.018146
1756990759.417,latency_s,6.093212
1756990759.481,latency_s,6.157503
1756990759.481,latency_s,6.157199
1756990759.481,latency_s,6.116004
1756990759.481,latency_s,6.085152
1756990759.481,latency_s,6.116128
1756990759.481,latency_s,6.091682
1756990759.481,latency_s,6.116283
1756990759.481,latency_s,6.157091
1756990759.481,latency_s,6.157667
1756990759.481,latency_s,6.057401
1756990759.481,latency_s,6.056930
1756990759.481,latency_s,6.084884
1756990759.481,latency_s,6.099279
1756990759.481,latency_s,6.121089
1756990759.482,latency_s,6.139851
1756990759.482,latency_s,6.103405
1756990759.482,latency_s,6.025857
1756990759.482,latency_s,6.103080
1756990759.482,latency_s,6.057103
1756990759.524,latency_s,6.100512
1756990759.660,latency_s,6.236127
1756990759.660,latency_s,6.194986
1756990759.660,latency_s,6.162768
1756990759.660,latency_s,6.193406
1756990759.660,latency_s,6.170782
1756990759.661,latency_s,6.195374
1756990759.661,latency_s,6.135778
1756990759.661,latency_s,6.136270
1756990759.661,latency_s,6.196564
1756990759.661,latency_s,6.163435
1756990759.661,latency_s,6.218360
1756990759.661,latency_s,6.177819
1756990759.661,latency_s,6.117694
1756990759.661,latency_s,6.104401
1756990759.661,latency_s,6.181706
1756990759.661,latency_s,6.080765
1756990759.661,latency_s,6.136071
1756990759.661,latency_s,6.137174
1756990759.661,latency_s,6.136557
1756990759.661,latency_s,6.095342
1756990759.661,latency_s,6.063220
1756990759.661,latency_s,6.093491
1756990759.661,latency_s,6.070864
1756990759.661,latency_s,6.095524
1756990759.661,latency_s,6.036608
1756990759.661,latency_s,6.036436
1756990759.661,latency_s,6.062556
1756990759.661,latency_s,6.096632
1756990759.661,latency_s,6.018141
1756990759.699,latency_s,6.115063
1756990759.699,latency_s,6.016956
1756990759.699,latency_s,6.041602
1756990759.768,latency_s,6.076935
1756990759.768,latency_s,6.099695
1756990759.768,latency_s,6.099930
1756990759.865,latency_s,6.140218
1756990759.866,latency_s,6.140333
1756990759.866,latency_s,6.166096
1756990759.866,latency_s,6.197083
1756990759.866,latency_s,6.121734
1756990759.866,latency_s,6.386905
1756990759.866,latency_s,6.286865
1756990759.866,latency_s,6.186125
1756990759.866,latency_s,6.081459
1756990759.866,latency_s,6.140764
1756990759.866,latency_s,6.107204
1756990759.875,latency_s,6.150527
1756990759.875,latency_s,6.149676
1756990759.875,latency_s,6.046905
1756990759.875,latency_s,6.049957
1756990759.876,latency_s,6.106119
1756990759.876,latency_s,6.106197
1756990759.876,latency_s,6.049921
1756990759.876,latency_s,6.050289
1756990759.876,latency_s,6.074926
1756990759.876,latency_s,6.106205
1756990759.876,latency_s,6.031061
1756990759.876,latency_s,6.095323
1756990759.876,latency_s,6.015848
1756990759.876,latency_s,5.990709
1756990759.876,latency_s,6.048883
1756990759.876,latency_s,5.950217
1756990759.876,latency_s,5.946341
1756990759.876,latency_s,6.005467
1756990759.982,latency_s,6.196273
1756990759.982,latency_s,6.095701
1756990759.982,latency_s,6.111465
1756990759.982,latency_s,6.056198
1756990759.983,latency_s,6.056633
1756990759.983,latency_s,6.078536
1756990759.983,latency_s,6.101847
1756990759.983,latency_s,6.111779
1756990759.983,latency_s,6.037021
1756990759.983,latency_s,6.010266
1756990759.983,latency_s,6.021960
1756990759.983,latency_s,5.997222
1756990759.983,latency_s,6.055081
1756990759.983,latency_s,5.956864
1756990760.091,latency_s,6.118259
1756990760.091,latency_s,6.103790
1756990760.091,latency_s,6.064617
1756990760.091,latency_s,6.061320
1756990760.091,latency_s,6.118678
1756990760.131,latency_s,6.126360
1756990760.131,latency_s,6.149654
1756990760.131,latency_s,6.084913
1756990760.131,latency_s,6.049451
1756990760.131,latency_s,6.057848
1756990760.131,latency_s,6.069194
1756990760.131,latency_s,6.044401
1756990760.131,latency_s,6.101413
1756990760.131,latency_s,6.000218
1756990760.131,latency_s,6.004836
1756990760.131,latency_s,6.027920
1756990760.197,latency_s,6.104331
1756990760.197,latency_s,6.124435
1756990760.413,latency_s,6.342882
1756990760.413,latency_s,6.286411
1756990760.413,latency_s,6.340282
1756990760.413,latency_s,6.282453
1756990760.413,latency_s,6.238564
1756990760.413,latency_s,6.326049
1756990760.413,latency_s,6.306259
1756990760.413,latency_s,6.231739
1756990760.413,latency_s,6.266840
1756990760.414,latency_s,6.238746
1756990760.414,latency_s,6.251635
1756990760.414,latency_s,6.226187
1756990760.414,latency_s,6.282793
1756990760.414,latency_s,6.182630
1756990760.414,latency_s,6.243361
1756990760.414,latency_s,6.210167
1756990760.414,latency_s,6.239130
1756990760.414,latency_s,6.186988
1756990760.414,latency_s,6.137920
1756990760.414,latency_s,6.182799
1756990760.414,latency_s,6.226444
1756990760.414,latency_s,6.131691
1756990760.414,latency_s,6.166750
1756990760.414,latency_s,6.137822
1756990760.414,latency_s,6.151514
1756990760.414,latency_s,6.126349
1756990760.414,latency_s,6.082901
1756990760.416,latency_s,6.084351
1756990760.416,latency_s,6.088930
1756990760.416,latency_s,6.144765
1756990760.416,latency_s,6.139677
1756990760.416,latency_s,6.088839
1756990760.522,latency_s,6.089565
1756990760.522,latency_s,6.314087
1756990760.522,latency_s,6.213291
1756990760.563,latency_s,6.153525
1756990760.563,latency_s,6.079164
1756990760.563,latency_s,6.085160
1756990760.563,latency_s,6.098545
1756990760.563,latency_s,6.030132
1756990760.563,latency_s,6.070979
1756990760.563,latency_s,6.268170
1756990760.563,latency_s,6.030556
1756990760.563,latency_s,6.258755
1756990760.563,latency_s,6.167422
1756990760.629,latency_s,6.133162
1756990760.629,latency_s,6.223913
1756990760.629,latency_s,6.123261
1756990760.629,latency_s,6.099383
1756990760.629,latency_s,6.056320
1756990760.629,latency_s,6.050826
1756990760.629,latency_s,6.099880
1756990760.629,latency_s,6.095967
1756990760.629,latency_s,6.281680
1756990760.629,latency_s,6.039357
1756990760.629,latency_s,6.048451
1756990760.630,latency_s,6.181280
1756990760.630,latency_s,6.080546
1756990760.630,latency_s,6.119182
1756990760.670,latency_s,6.058491
1756990760.670,latency_s,6.086339
1756990760.670,latency_s,6.091689
1756990760.670,latency_s,6.105511
1756990760.670,latency_s,6.036629
1756990760.736,latency_s,6.057682
1756990760.737,latency_s,6.102737
1756990760.737,latency_s,6.106457
1756990760.737,latency_s,6.045872
1756990760.777,latency_s,6.094814
1756990760.777,latency_s,6.127583
1756990760.777,latency_s,6.063730
1756990760.777,latency_s,6.093102
1756990760.777,latency_s,6.098566
1756990760.777,latency_s,6.111434
1756990760.777,latency_s,6.010164
1756990760.777,latency_s,6.043324
1756990760.777,latency_s,6.080621
1756990760.845,latency_s,6.094450
1756990760.845,latency_s,6.060454
1756990760.845,latency_s,6.065433
1756990760.845,latency_s,6.065386
1756990760.845,latency_s,6.252255
1756990760.926,latency_s,6.232614
1756990760.926,latency_s,6.132469
1756990760.926,latency_s,6.091959
1756990760.926,latency_s,6.058926
1756990760.926,latency_s,6.129542
1756990760.927,latency_s,6.093779
1756990760.927,latency_s,6.029216
1756990760.927,latency_s,6.116215
1756990760.927,latency_s,6.094430
1756990760.927,latency_s,6.051997
1756990760.927,latency_s,6.092475
1756990760.951,latency_s,6.036595
1756990760.952,latency_s,6.120932
1756990760.952,latency_s,6.067574
1756990760.952,latency_s,6.020682
1756990760.952,latency_s,6.060313
1756990760.952,latency_s,6.101509
1756990760.952,latency_s,6.067451
1756990761.059,latency_s,6.179034
1756990761.059,latency_s,6.179303
1756990761.059,latency_s,6.164593
1756990761.059,latency_s,6.124017
1756990761.059,latency_s,6.090990
1756990761.059,latency_s,6.061006
1756990761.059,latency_s,6.126137
1756990761.059,latency_s,6.126114
1756990761.059,latency_s,6.148537
1756990761.059,latency_s,6.124134
1756990761.059,latency_s,6.023512
1756990761.059,latency_s,6.043412
1756990761.059,latency_s,6.074570
1756990761.059,latency_s,6.028196
1756990761.059,latency_s,6.067752
1756990761.059,latency_s,6.108816
1756990761.060,latency_s,6.073749
1756990761.060,latency_s,6.079163
1756990761.060,latency_s,6.079296
1756990761.060,latency_s,6.064477
1756990761.060,latency_s,6.024028
1756990761.060,latency_s,5.991046
1756990761.060,latency_s,5.961577
1756990761.060,latency_s,6.026491
1756990761.060,latency_s,6.026821
1756990761.166,latency_s,6.154745
1756990761.166,latency_s,6.054301
1756990761.166,latency_s,6.089680
1756990761.166,latency_s,6.114928
1756990761.166,latency_s,6.073550
1756990761.166,latency_s,6.026465
1756990761.166,latency_s,6.079480
1756990761.273,latency_s,6.157101
1756990761.273,latency_s,6.186817
1756990761.273,latency_s,6.190576
1756990761.273,latency_s,6.190984
1756990761.274,latency_s,6.177874
1756990761.274,latency_s,6.134067
1756990761.274,latency_s,6.101788
1756990761.274,latency_s,6.074495
1756990761.274,latency_s,6.137678
1756990761.274,latency_s,6.139749
1756990761.274,latency_s,6.055773
1756990761.274,latency_s,6.097374
1756990761.274,latency_s,6.081266
1756990761.274,latency_s,6.122490
1756990761.274,latency_s,6.054904
1756990761.274,latency_s,6.022255
1756990761.274,latency_s,6.086163
1756990761.274,latency_s,6.031757
1756990761.316,latency_s,6.129361
1756990761.316,latency_s,6.132318
1756990761.316,latency_s,6.132421
1756990761.316,latency_s,6.120078
1756990761.317,latency_s,6.019371
1756990761.382,latency_s,6.142546
1756990761.382,latency_s,6.108788
1756990761.382,latency_s,6.082498
1756990761.383,latency_s,6.146009
1756990761.383,latency_s,6.148172
1756990761.383,latency_s,6.064261
1756990761.383,latency_s,6.047437
1756990761.383,latency_s,6.106370
1756990761.383,latency_s,6.251069
1756990761.424,latency_s,6.139358
1756990761.424,latency_s,6.138534
1756990761.424,latency_s,6.025502
1756990761.424,latency_s,6.081772
1756990761.424,latency_s,6.083832
1756990761.424,latency_s,6.050018
1756990761.528,latency_s,6.127398
1756990761.528,latency_s,6.092438
1756990761.528,latency_s,6.191231
1756990761.528,latency_s,6.108765
1756990761.528,latency_s,6.090578
1756990761.528,latency_s,6.094521
1756990761.528,latency_s,6.135129
1756990761.528,latency_s,6.076399
1756990761.528,latency_s,6.108435
1756990761.529,latency_s,6.139705
1756990761.529,latency_s,6.140206
1756990761.531,latency_s,6.145680
1756990761.531,latency_s,6.043525
1756990761.531,latency_s,6.088158
1756990761.531,latency_s,6.032347
1756990761.531,latency_s,6.089261
1756990761.531,latency_s,6.056526
1756990761.532,latency_s,5.993043
1756990761.532,latency_s,6.010818
1756990761.532,latency_s,6.030026
1756990761.532,latency_s,5.995033
1756990761.532,latency_s,5.997095
1756990761.532,latency_s,6.037723
1756990761.532,latency_s,5.979470
1756990761.532,latency_s,6.042173
1756990761.532,latency_s,6.011056
1756990761.638,latency_s,6.051608
1756990761.638,latency_s,6.049732
1756990761.638,latency_s,6.090290
1756990761.638,latency_s,6.038519
1756990761.638,latency_s,6.062170
1756990761.639,latency_s,6.095643
1756990761.680,latency_s,6.041225
1756990761.681,latency_s,6.059589
1756990761.681,latency_s,6.078855
1756990761.681,latency_s,6.303674
1756990761.681,latency_s,6.044001
1756990761.681,latency_s,6.203539
1756990761.681,latency_s,6.102805
1756990761.681,latency_s,6.046136
1756990761.681,latency_s,6.086232
1756990761.681,latency_s,6.028884
1756990761.681,latency_s,6.060517
1756990761.745,latency_s,6.055463
1756990761.745,latency_s,6.055769
1756990761.746,latency_s,6.045087
1756990761.746,latency_s,6.097018
1756990761.746,latency_s,6.069376
1756990761.746,latency_s,6.102625
1756990761.746,latency_s,6.067106
1756990761.746,latency_s,6.004954
1756990761.746,latency_s,6.008492
1756990761.746,latency_s,6.023685
1756990761.746,latency_s,6.043588
1756990761.746,latency_s,6.010550
1756990761.746,latency_s,6.051429
1756990761.746,latency_s,5.950678
1756990761.746,latency_s,5.993243
1756990761.852,latency_s,6.059985
1756990761.852,latency_s,6.064680
1756990761.852,latency_s,6.062756
1756990761.852,latency_s,6.062787
1756990761.852,latency_s,6.051404
1756990761.853,latency_s,6.102070
1756990761.853,latency_s,6.108715
1756990761.853,latency_s,6.074635
1756990761.853,latency_s,6.006078
1756990761.853,latency_s,6.073736
1756990761.853,latency_s,6.011629
1756990761.853,latency_s,6.015154
1756990761.853,latency_s,6.029681
1756990761.853,latency_s,6.050179
1756990761.853,latency_s,6.017242
1756990761.853,latency_s,5.956487
1756990761.853,latency_s,5.959964
1756990761.959,latency_s,6.105790
1756990761.959,latency_s,6.136120
1756990761.959,latency_s,6.069262
1756990761.959,latency_s,6.068997
1756990761.959,latency_s,6.108760
1756990761.959,latency_s,6.058010
1756990761.960,latency_s,6.068954
1756990761.960,latency_s,6.011959
1756990761.960,latency_s,6.081111
1756990762.066,latency_s,6.186449
1756990762.066,latency_s,6.085882
1756990762.066,latency_s,6.124468
1756990762.067,latency_s,6.163636
1756990762.067,latency_s,6.142605
1756990762.067,latency_s,6.128537
1756990762.067,latency_s,6.143147
1756990762.067,latency_s,6.076302
1756990762.067,latency_s,6.115693
1756990762.067,latency_s,6.065040
1756990762.067,latency_s,6.076420
1756990762.067,latency_s,6.018726
1756990762.067,latency_s,6.085905
1756990762.068,latency_s,5.986813
1756990762.174,latency_s,6.131035
1756990762.174,latency_s,6.148124
1756990762.174,latency_s,6.135823
1756990762.174,latency_s,6.170922
1756990762.174,latency_s,6.136906
1756990762.174,latency_s,6.120413
1756990762.175,latency_s,6.080202
1756990762.175,latency_s,6.149445
1756990762.175,latency_s,6.077057
1756990762.175,latency_s,6.083584
1756990762.175,latency_s,6.122988
1756990762.175,latency_s,6.022336
1756990762.175,latency_s,6.071721
1756990762.175,latency_s,6.080370
1756990762.175,latency_s,6.092522
1756990762.175,latency_s,6.024359
1756990762.175,latency_s,6.031963
1756990762.175,latency_s,6.047443
1756990762.281,latency_s,6.055336
1756990762.281,latency_s,6.290171
1756990762.282,latency_s,6.187109
1756990762.282,latency_s,6.086794
1756990762.282,latency_s,6.090546
1756990762.282,latency_s,6.028654
1756990762.282,latency_s,6.077996
1756990762.282,latency_s,6.098671
1756990762.282,latency_s,6.085532
1756990762.282,latency_s,6.030728
1756990762.282,latency_s,6.038517
1756990762.282,latency_s,6.053749
1756990762.282,latency_s,6.043424
1756990762.282,latency_s,6.078892
1756990762.389,latency_s,6.035189
1756990762.389,latency_s,6.105018
1756990762.389,latency_s,6.004134
1756990762.389,latency_s,6.090587
1756990762.389,latency_s,6.037423
1756990762.389,latency_s,6.045445
1756990762.389,latency_s,6.059771
1756990762.389,latency_s,5.984735
1756990762.390,latency_s,6.006482
1756990762.390,latency_s,6.050388
1756990762.602,latency_s,6.203514
1756990762.602,latency_s,6.246353
1756990762.603,latency_s,6.206219
1756990762.603,latency_s,6.175125
1756990762.603,latency_s,6.205315
1756990762.603,latency_s,6.209234
1756990762.603,latency_s,6.464508
1756990762.603,latency_s,6.363957
1756990762.603,latency_s,6.162977
1756990762.603,latency_s,6.146976
1756990762.603,latency_s,6.115998
1756990762.603,latency_s,6.203988
1756990762.603,latency_s,6.150714
1756990762.603,latency_s,6.172460
1756990762.603,latency_s,6.163138
1756990762.603,latency_s,6.157721
1756990762.603,latency_s,6.118827
1756990762.605,latency_s,6.106128
1756990762.605,latency_s,6.107857
1756990762.605,latency_s,6.148356
1756990762.605,latency_s,6.077043
1756990762.605,latency_s,6.107249
1756990762.605,latency_s,6.299391
1756990762.606,latency_s,6.198772
1756990762.606,latency_s,6.095962
1756990762.606,latency_s,6.051608
1756990762.606,latency_s,6.106349
1756990762.606,latency_s,6.018577
1756990762.606,latency_s,6.005955
1756990762.606,latency_s,6.074472
1756990762.606,latency_s,6.060189
1756990762.606,latency_s,5.973671
1756990762.713,latency_s,6.117647
1756990762.713,latency_s,6.072357
1756990762.713,latency_s,6.055589
1756990762.713,latency_s,6.103426
1756990762.713,latency_s,6.025511
1756990762.714,latency_s,6.013138
1756990762.753,latency_s,6.248145
1756990762.753,latency_s,6.148083
1756990762.753,latency_s,6.047735
1756990762.754,latency_s,6.107983
1756990762.754,latency_s,6.021019
1756990762.754,latency_s,6.067983
1756990762.754,latency_s,6.112848
1756990762.754,latency_s,6.012284
1756990762.754,latency_s,6.094411
1756990762.754,latency_s,6.025261
1756990762.820,latency_s,6.121813
1756990762.820,latency_s,6.123764
1756990762.820,latency_s,6.078598
1756990762.820,latency_s,6.062007
1756990762.821,latency_s,6.110003
1756990762.821,latency_s,6.009759
1756990762.821,latency_s,6.032217
1756990762.901,latency_s,6.099823
1756990762.901,latency_s,6.095321
1756990762.901,latency_s,6.154635
1756990762.901,latency_s,6.053893
1756990762.901,latency_s,6.067262
1756990762.901,latency_s,6.058711
1756990762.901,latency_s,6.301824
1756990762.902,latency_s,6.201370
1756990762.902,latency_s,6.100636
1756990762.927,latency_s,6.084514
1756990762.927,latency_s,6.272327
1756990762.928,latency_s,6.170890
1756990762.928,latency_s,6.068769
1756990762.928,latency_s,6.016637
1756990762.928,latency_s,6.037967
1756990762.928,latency_s,6.025916
1756990762.928,latency_s,6.021259
1756990762.928,latency_s,5.980327
1756990762.929,latency_s,5.993651
1756990762.929,latency_s,5.985056
1756990762.929,latency_s,6.026924
1756990762.929,latency_s,5.967623
1756990762.929,latency_s,6.030038
1756990762.929,latency_s,5.999089
1756990762.929,latency_s,6.026832
1756990763.034,latency_s,6.074497
1756990763.034,latency_s,6.022950
1756990763.035,latency_s,6.043893
1756990763.035,latency_s,6.031741
1756990763.035,latency_s,6.027387
1756990763.035,latency_s,5.999419
1756990763.035,latency_s,5.990416
1756990763.035,latency_s,6.032937
1756990763.035,latency_s,6.248725
1756990763.035,latency_s,6.148008
1756990763.035,latency_s,6.047332
1756990763.035,latency_s,5.973248
1756990763.035,latency_s,6.004895
1756990763.035,latency_s,6.034969
1756990763.142,latency_s,6.138657
1756990763.142,latency_s,6.141945
1756990763.279,latency_s,6.218358
1756990763.279,latency_s,6.218940
1756990763.279,latency_s,6.166582
1756990763.279,latency_s,6.187941
1756990763.279,latency_s,6.175337
1756990763.279,latency_s,6.171550
1756990763.279,latency_s,6.143510
1756990763.279,latency_s,6.134159
1756990763.279,latency_s,6.176676
1756990763.279,latency_s,6.117439
1756990763.279,latency_s,6.191586
1756990763.280,latency_s,6.090885
1756990763.280,latency_s,6.178835
1756990763.280,latency_s,6.149181
1756990763.280,latency_s,6.175577
1756990763.280,latency_s,6.178978
1756990763.280,latency_s,6.118715
1756990763.280,latency_s,6.118576
1756990763.280,latency_s,6.064914
1756990763.280,latency_s,6.087960
1756990763.280,latency_s,6.075626
1756990763.280,latency_s,6.231433
1756990763.280,latency_s,6.131190
1756990763.280,latency_s,6.031071
1756990763.280,latency_s,6.072069
1756990763.280,latency_s,6.041859
1756990763.356,latency_s,6.110341
1756990763.357,latency_s,6.153080
1756990763.357,latency_s,6.066991
1756990763.357,latency_s,6.094398
1756990763.357,latency_s,6.152205
1756990763.357,latency_s,6.052272
1756990763.387,latency_s,6.094859
1756990763.387,latency_s,6.081244
1756990763.387,latency_s,6.037856
1756990763.388,latency_s,6.078967
1756990763.464,latency_s,6.124596
1756990763.464,latency_s,6.117841
1756990763.464,latency_s,6.160356
1756990763.464,latency_s,6.059679
1756990763.464,latency_s,6.074033
1756990763.464,latency_s,6.100176
1756990763.464,latency_s,6.062457
1756990763.464,latency_s,6.132370
1756990763.464,latency_s,6.059278
1756990763.464,latency_s,6.120145
1756990763.464,latency_s,6.019387
1756990763.464,latency_s,6.100435
1756990763.464,latency_s,6.102434
1756990763.464,latency_s,6.047548
1756990763.601,latency_s,6.208353
1756990763.602,latency_s,6.195101
1756990763.602,latency_s,6.151950
1756990763.602,latency_s,6.192556
1756990763.602,latency_s,6.159667
1756990763.602,latency_s,6.154979
1756990763.602,latency_s,6.096751
1756990763.602,latency_s,6.137053
1756990763.602,latency_s,6.099246
1756990763.602,latency_s,6.400585
1756990763.602,latency_s,6.300439
1756990763.602,latency_s,6.200067
1756990763.602,latency_s,6.169479
1756990763.602,latency_s,6.099643
1756990763.602,latency_s,6.137512
1756990763.604,latency_s,6.141066
1756990763.604,latency_s,6.086186
1756990763.604,latency_s,6.109979
1756990763.604,latency_s,6.096796
1756990763.604,latency_s,6.053379
1756990763.604,latency_s,6.094116
1756990763.604,latency_s,6.061024
1756990763.604,latency_s,6.056634
1756990763.604,latency_s,5.998892
1756990763.604,latency_s,6.038869
1756990763.604,latency_s,6.001646
1756990763.679,latency_s,6.076421
1756990763.680,latency_s,6.146564
1756990763.680,latency_s,6.073852
1756990763.680,latency_s,6.088578
1756990763.681,latency_s,6.034484
1756990763.681,latency_s,6.115088
1756990763.709,latency_s,6.114691
1756990763.711,latency_s,6.102884
1756990763.711,latency_s,6.100325
1756990763.711,latency_s,6.059980
1756990763.816,latency_s,6.172450
1756990763.817,latency_s,6.167873
1756990763.817,latency_s,6.110593
1756990763.817,latency_s,6.150934
1756990763.817,latency_s,6.113637
1756990763.817,latency_s,6.113234
1756990763.817,latency_s,6.183280
1756990763.817,latency_s,6.110662
1756990763.817,latency_s,6.125119
1756990763.817,latency_s,6.070289
1756990763.817,latency_s,6.151292
1756990763.817,latency_s,6.050594
1756990763.817,latency_s,6.053625
1756990763.817,latency_s,6.098612
1756990763.817,latency_s,6.122348
1756990763.819,latency_s,6.065725
1756990763.819,latency_s,6.107837
1756990763.819,latency_s,6.007682
1756990763.820,latency_s,6.073925
1756990763.924,latency_s,6.174453
1756990763.924,latency_s,6.117943
1756990763.924,latency_s,6.157820
1756990763.924,latency_s,6.120358
1756990763.924,latency_s,6.120341
1756990763.924,latency_s,6.190658
1756990763.924,latency_s,6.089324
1756990763.924,latency_s,6.117990
1756990763.924,latency_s,6.132442
1756990763.925,latency_s,6.076872
1756990763.926,latency_s,6.130926
1756990763.927,latency_s,6.116676
1756990763.927,latency_s,6.072349
1756990763.927,latency_s,6.014708
1756990763.927,latency_s,6.080344
1756990764.034,latency_s,6.183676
1756990764.034,latency_s,6.127172
1756990764.034,latency_s,6.166939
1756990764.034,latency_s,6.129660
1756990764.034,latency_s,6.129240
1756990764.034,latency_s,6.098542
1756990764.034,latency_s,6.127087
1756990764.034,latency_s,6.084742
1756990764.034,latency_s,6.069516
1756990764.034,latency_s,6.141748
1756990764.034,latency_s,6.065607
1756990764.034,latency_s,6.114023
1756990764.034,latency_s,6.136811
1756990764.034,latency_s,6.036597
1756990764.034,latency_s,6.079076
1756990764.034,latency_s,6.021815
1756990764.034,latency_s,6.087719
1756990764.141,latency_s,6.191136
1756990764.142,latency_s,6.134665
1756990764.142,latency_s,6.136707
1756990764.142,latency_s,6.174305
1756990764.142,latency_s,6.135794
1756990764.142,latency_s,6.105721
1756990764.142,latency_s,6.134727
1756990764.142,latency_s,6.092511
1756990764.142,latency_s,6.076710
1756990764.142,latency_s,6.149335
1756990764.142,latency_s,6.129611
1756990764.142,latency_s,6.086204
1756990764.142,latency_s,6.029272
1756990764.142,latency_s,6.093477
1756990764.142,latency_s,6.091912
1756990764.249,latency_s,6.050324
1756990764.250,latency_s,6.136806
1756990764.250,latency_s,6.036718
1756990764.250,latency_s,6.093180
1756990764.250,latency_s,6.036846
1756990764.250,latency_s,6.100671
1756990764.250,latency_s,5.999672
1756990764.250,latency_s,6.098778
1756990764.250,latency_s,5.998638
1756990764.250,latency_s,6.044097
1756990764.250,latency_s,6.079961
1756990764.250,latency_s,6.041170
1756990764.250,latency_s,6.013070
1756990764.250,latency_s,6.041595
1756990764.250,latency_s,6.041709
1756990764.250,latency_s,6.000263
1756990764.250,latency_s,5.984049
1756990764.357,latency_s,6.083300
1756990764.357,latency_s,6.063715
1756990764.357,latency_s,6.134352
1756990764.357,latency_s,6.057928
1756990764.357,latency_s,6.044003
1756990764.357,latency_s,6.100429
1756990764.357,latency_s,6.044078
1756990764.464,latency_s,6.113436
1756990764.464,latency_s,6.111984
1756990764.464,latency_s,6.158232
1756990764.464,latency_s,6.193333
1756990764.464,latency_s,6.127179
1756990764.464,latency_s,6.091474
1756990764.464,latency_s,6.154808
1756990764.464,latency_s,6.155779
1756990764.464,latency_s,6.050889
1756990764.465,latency_s,6.107433
1756990764.465,latency_s,6.051771
1756990764.465,latency_s,6.007463
1756990764.465,latency_s,6.013681
1756990764.465,latency_s,6.012355
1756990764.465,latency_s,6.058856
1756990764.465,latency_s,6.054965
1756990764.465,latency_s,6.027793
1756990764.465,latency_s,5.991819
1756990764.466,latency_s,6.056682
1756990764.466,latency_s,6.056849
1756990764.466,latency_s,6.015057
1756990764.467,latency_s,5.999076
1756990764.467,latency_s,5.973120
1756990764.467,latency_s,5.991486
1756990764.467,latency_s,6.043303
1756990764.572,latency_s,6.047162
1756990764.572,latency_s,6.058084
1756990764.572,latency_s,6.071133
1756990764.572,latency_s,6.058405
1756990764.572,latency_s,6.013410
1756990764.572,latency_s,6.014517
1756990764.572,latency_s,6.018563
1756990764.573,latency_s,6.066068
1756990764.573,latency_s,6.035010
1756990764.680,latency_s,6.104384
1756990764.680,latency_s,6.168637
1756990764.680,latency_s,6.170482
1756990764.680,latency_s,6.171036
1756990764.680,latency_s,6.128587
1756990764.680,latency_s,6.112390
1756990764.680,latency_s,6.104494
1756990764.680,latency_s,6.086293
1756990764.680,latency_s,6.052630
1756990764.680,latency_s,6.065787
1756990764.680,latency_s,6.079504
1756990764.680,latency_s,6.066585
1756990764.680,latency_s,6.021781
1756990764.680,latency_s,6.026139
1756990764.681,latency_s,6.022283
1756990764.681,latency_s,6.073800
1756990764.681,latency_s,6.004470
1756990764.681,latency_s,6.042705
1756990764.681,latency_s,6.067781
1756990764.681,latency_s,6.070423
1756990764.681,latency_s,6.070505
1756990764.681,latency_s,6.029214
1756990764.681,latency_s,6.005035
1756990764.722,latency_s,6.027851
1756990764.722,latency_s,6.054159
1756990764.722,latency_s,5.993358
1756990764.722,latency_s,6.007277
1756990764.722,latency_s,6.021215
1756990764.722,latency_s,5.963346
1756990764.722,latency_s,6.008243
1756990764.895,latency_s,6.140618
1756990764.895,latency_s,6.136375
1756990764.896,latency_s,6.118379
1756990764.896,latency_s,6.157460
1756990764.896,latency_s,6.181737
1756990764.896,latency_s,6.188636
1756990764.896,latency_s,6.184733
1756990764.896,latency_s,6.088476
1756990764.896,latency_s,6.184854
1756990764.896,latency_s,6.084747
1756990764.896,latency_s,6.100917
1756990764.896,latency_s,6.143477
1756990764.896,latency_s,6.119747
1756990764.896,latency_s,6.127703
1756990764.896,latency_s,6.061516
1756990764.896,latency_s,6.080397
1756990764.896,latency_s,6.094770
1756990764.896,latency_s,6.037006
1756990764.896,latency_s,6.081461
1756990764.896,latency_s,6.041071
1756990764.898,latency_s,6.036129
1756990764.898,latency_s,6.086735
1756990764.898,latency_s,6.059780
1756990764.898,latency_s,6.018224
1756990764.898,latency_s,5.985861
1756990764.898,latency_s,5.990812
1756990764.898,latency_s,6.083568
1756990764.898,latency_s,5.983415
1756990764.898,latency_s,5.986368
1756990764.898,latency_s,6.028919
1756990764.899,latency_s,6.019568
1756990764.899,latency_s,6.002848
1756990765.002,latency_s,6.148061
1756990765.003,latency_s,6.048048
1756990765.003,latency_s,6.086502
1756990765.003,latency_s,6.101598
1756990765.007,latency_s,6.046590
1756990765.007,latency_s,6.091672
1756990765.007,latency_s,6.043793
1756990765.007,latency_s,6.050726
1756990765.007,latency_s,6.067558
1756990765.007,latency_s,6.025149
1756990765.007,latency_s,5.999000
1756990765.007,latency_s,5.993111
1756990765.007,latency_s,5.991032
1756990765.007,latency_s,5.994215
1756990765.007,latency_s,6.026373
1756990765.007,latency_s,6.037347
1756990765.007,latency_s,5.951896
1756990765.007,latency_s,5.971564
1756990765.110,latency_s,6.113593
1756990765.330,latency_s,6.312659
1756990765.330,latency_s,6.327652
1756990765.330,latency_s,6.269373
1756990765.330,latency_s,6.314432
1756990765.330,latency_s,6.272951
1756990765.330,latency_s,6.265444
1756990765.330,latency_s,6.290283
1756990765.330,latency_s,6.245749
1756990765.330,latency_s,6.214232
1756990765.330,latency_s,6.216367
1756990765.330,latency_s,6.221950
1756990765.330,latency_s,6.216984
1756990765.330,latency_s,6.249017
1756990765.330,latency_s,6.174422
1756990765.330,latency_s,6.260444
1756990765.331,latency_s,6.160259
1756990765.331,latency_s,6.193022
1756990765.331,latency_s,6.233710
1756990765.331,latency_s,6.212912
1756990765.331,latency_s,6.227571
1756990765.331,latency_s,6.169792
1756990765.331,latency_s,6.214850
1756990765.331,latency_s,6.165407
1756990765.331,latency_s,6.172786
1756990765.331,latency_s,6.190662
1756990765.437,latency_s,6.220402
1756990765.437,latency_s,6.251800
1756990765.437,latency_s,6.222101
1756990765.437,latency_s,6.228310
1756990765.437,latency_s,6.222604
1756990765.437,latency_s,6.254002
1756990765.437,latency_s,6.196576
1756990765.478,latency_s,6.035699
1756990765.478,latency_s,6.079943
1756990765.478,latency_s,6.020290
1756990765.585,latency_s,6.163536
1756990765.585,latency_s,6.123465
1756990765.586,latency_s,6.068424
1756990765.586,latency_s,6.126772
1756990765.586,latency_s,6.118422
1756990765.586,latency_s,6.068358
1756990765.586,latency_s,6.098635
1756990765.587,latency_s,6.043775
1756990765.587,latency_s,6.076139
1756990765.587,latency_s,6.068519
1756990765.587,latency_s,6.068568
1756990765.587,latency_s,6.302394
1756990765.587,latency_s,6.201666
1756990765.587,latency_s,6.101087
1756990765.587,latency_s,5.996469
1756990765.587,latency_s,6.015261
1756990765.587,latency_s,6.028636
1756990765.587,latency_s,6.043410
1756990765.587,latency_s,6.088328
1756990765.587,latency_s,5.988077
1756990765.587,latency_s,6.064441
1756990765.587,latency_s,5.968704
1756990765.587,latency_s,6.025079
1756990765.587,latency_s,6.018651
1756990765.587,latency_s,6.027669
1756990765.587,latency_s,5.968782
1756990765.588,latency_s,5.968830
1756990765.588,latency_s,5.998892
1756990765.588,latency_s,5.977037
1756990765.693,latency_s,6.001799
1756990765.693,latency_s,5.994018
1756990765.693,latency_s,6.049109
1756990765.694,latency_s,6.035019
1756990765.694,latency_s,6.021304
1756990765.801,latency_s,6.395943
1756990765.801,latency_s,6.295614
1756990765.801,latency_s,6.195405
1756990765.801,latency_s,6.094796
1756990765.801,latency_s,6.177849
1756990765.801,latency_s,6.076968
1756990765.801,latency_s,6.138424
1756990765.802,latency_s,6.082718
1756990765.802,latency_s,6.141422
1756990765.802,latency_s,6.132132
1756990765.802,latency_s,6.082606
1756990765.802,latency_s,6.111841
1756990765.802,latency_s,6.082737
1756990765.802,latency_s,6.057712
1756990765.802,latency_s,6.089838
1756990765.802,latency_s,6.082491
1756990765.802,latency_s,6.010451
1756990765.843,latency_s,6.083712
1756990765.843,latency_s,6.043353
1756990765.843,latency_s,6.070695
1756990765.908,latency_s,6.163074
1756990765.908,latency_s,6.101194
1756990765.908,latency_s,6.083122
1756990765.908,latency_s,6.088318
1756990765.908,latency_s,6.144043
1756990765.908,latency_s,6.147490
1756990765.908,latency_s,6.138237
1756990765.908,latency_s,6.046980
1756990765.908,latency_s,6.088470
1756990765.908,latency_s,6.088532
1756990765.908,latency_s,6.063908
1756990765.908,latency_s,6.117694
1756990765.950,latency_s,6.049497
1756990765.950,latency_s,6.105174
1756990765.951,latency_s,6.043786
1756990766.016,latency_s,6.090706
1756990766.016,latency_s,6.095803
1756990766.016,latency_s,6.145721
1756990766.016,latency_s,6.054360
1756990766.016,latency_s,6.152204
1756990766.016,latency_s,6.044804
1756990766.016,latency_s,6.051416
1756990766.016,latency_s,6.071309
1756990766.016,latency_s,6.095871
1756990766.016,latency_s,6.095104
1756990766.016,latency_s,6.125107
1756990766.017,latency_s,6.104198
1756990766.017,latency_s,6.094227
1756990766.017,latency_s,6.023830
1756990766.058,latency_s,6.055219
1756990766.058,latency_s,6.112489
1756990766.058,latency_s,6.050847
1756990766.058,latency_s,6.032470
1756990766.058,latency_s,6.037730
1756990766.123,latency_s,6.059691
1756990766.123,latency_s,6.051507
1756990766.123,latency_s,6.057741
1756990766.123,latency_s,6.099062
1756990766.123,latency_s,6.077599
1756990766.123,latency_s,6.102686
1756990766.123,latency_s,6.131520
1756990766.124,latency_s,6.109840
1756990766.124,latency_s,6.030370
1756990766.124,latency_s,6.250184
1756990766.165,latency_s,6.071103
1756990766.165,latency_s,6.103727
1756990766.165,latency_s,6.062643
1756990766.166,latency_s,6.118463
1756990766.166,latency_s,6.058321
1756990766.166,latency_s,6.038977
1756990766.166,latency_s,6.000029
1756990766.166,latency_s,6.045079
1756990766.166,latency_s,6.000120
1756990766.166,latency_s,5.993586
1756990766.166,latency_s,6.045059
1756990766.166,latency_s,6.040776
1756990766.166,latency_s,6.020053
1756990766.166,latency_s,5.971925
1756990766.166,latency_s,6.052255
1756990766.166,latency_s,5.991033
1756990766.166,latency_s,5.972214
1756990766.272,latency_s,6.122966
1756990766.272,latency_s,6.022779
1756990766.272,latency_s,6.063838
1756990766.272,latency_s,6.044706
1756990766.273,latency_s,6.051524
1756990766.273,latency_s,6.005837
1756990766.273,latency_s,6.006163
1756990766.273,latency_s,5.999335
1756990766.273,latency_s,6.249763
1756990766.273,latency_s,6.149617
1756990766.273,latency_s,6.048553
1756990766.273,latency_s,6.051698
1756990766.273,latency_s,6.058305
1756990766.273,latency_s,5.978177
1756990766.273,latency_s,6.026187
1756990766.378,latency_s,6.115552
1756990766.378,latency_s,6.072276
1756990766.380,latency_s,6.030012
1756990766.380,latency_s,6.103666
1756990766.380,latency_s,6.071753
1756990766.380,latency_s,6.051879
1756990766.380,latency_s,6.013140
1756990766.380,latency_s,6.058630
1756990766.380,latency_s,6.012916
1756990766.380,latency_s,6.005665
1756990766.380,latency_s,6.055151
1756990766.380,latency_s,6.058572
1756990766.380,latency_s,6.065177
1756990766.380,latency_s,6.032566
1756990766.380,latency_s,5.964544
1756990766.380,latency_s,5.982674
1756990766.380,latency_s,6.053435
1756990766.486,latency_s,6.123143
1756990766.486,latency_s,6.077863
1756990766.486,latency_s,6.022882
1756990766.487,latency_s,6.036260
1756990766.487,latency_s,6.109876
1756990766.487,latency_s,6.057113
1756990766.487,latency_s,6.019774
1756990766.487,latency_s,6.019288
1756990766.487,latency_s,6.009745
1756990766.487,latency_s,6.064467
1756990766.487,latency_s,6.061750
1756990766.487,latency_s,6.064754
1756990766.487,latency_s,5.963938
1756990766.487,latency_s,5.970538
1756990766.487,latency_s,6.038619
1756990766.594,latency_s,6.095542
1756990766.594,latency_s,6.085248
1756990766.595,latency_s,6.030204
1756990766.595,latency_s,6.043991
1756990766.595,latency_s,6.085623
1756990766.595,latency_s,6.117749
1756990766.595,latency_s,6.064495
1756990766.595,latency_s,6.027463
1756990766.595,latency_s,6.027080
1756990766.595,latency_s,6.017039
1756990766.595,latency_s,6.071871
1756990766.595,latency_s,5.971436
1756990766.595,latency_s,6.069142
1756990766.595,latency_s,5.968445
1756990766.595,latency_s,5.971920
1756990766.595,latency_s,5.978495
1756990766.595,latency_s,6.046490
1756990766.702,latency_s,6.091723
1756990766.702,latency_s,6.091870
1756990766.702,latency_s,6.037015
1756990766.702,latency_s,6.050228
1756990766.702,latency_s,6.124093
1756990766.702,latency_s,6.023194
1756990766.702,latency_s,6.071039
1756990766.702,latency_s,6.034498
1756990766.808,latency_s,6.379674
1756990766.808,latency_s,6.279619
1756990766.808,latency_s,6.178910
1756990766.808,latency_s,6.084273
1756990766.809,latency_s,6.127996
1756990766.809,latency_s,6.078819
1756990766.809,latency_s,6.140578
1756990766.809,latency_s,6.159907
1756990766.809,latency_s,6.109606
1756990766.809,latency_s,6.109885
1756990766.810,latency_s,6.044330
1756990766.810,latency_s,6.099269
1756990766.810,latency_s,6.057795
1756990766.810,latency_s,6.099388
1756990766.810,latency_s,6.029797
1756990766.810,latency_s,6.078019
1756990766.810,latency_s,6.042322
1756990766.810,latency_s,5.978059
1756990766.810,latency_s,5.985448
1756990766.810,latency_s,6.041760
1756990766.810,latency_s,6.028110
1756990766.810,latency_s,5.981856
1756990766.810,latency_s,6.010484
1756990766.810,latency_s,5.993315
1756990766.915,latency_s,6.165323
1756990766.915,latency_s,6.065243
1756990766.915,latency_s,6.115524
1756990766.915,latency_s,6.049205
1756990766.915,latency_s,6.034858
1756990766.915,latency_s,6.104095
1756990766.916,latency_s,6.063284
1756990766.916,latency_s,6.104278
1756990766.919,latency_s,6.086386
1756990767.023,latency_s,6.155346
1756990767.024,latency_s,6.154556
1756990767.024,latency_s,6.139784
1756990767.024,latency_s,6.097401
1756990767.024,latency_s,6.094411
1756990767.024,latency_s,6.090799
1756990767.024,latency_s,6.123357
1756990767.024,latency_s,6.073680
1756990767.024,latency_s,6.105960
1756990767.024,latency_s,6.123789
1756990767.024,latency_s,6.043311
1756990767.024,latency_s,6.111492
1756990767.024,latency_s,6.057114
1756990767.024,latency_s,6.071514
1756990767.024,latency_s,6.111265
1756990767.024,latency_s,6.091310
1756990767.024,latency_s,6.055264
1756990767.024,latency_s,5.997543
1756990767.025,latency_s,6.055278
1756990767.025,latency_s,6.040148
1756990767.025,latency_s,5.995089
1756990767.025,latency_s,6.200803
1756990767.025,latency_s,6.100058
1756990767.025,latency_s,5.999787
1756990767.026,latency_s,5.992057
1756990767.130,latency_s,6.128459
1756990767.131,latency_s,6.111785
1756990767.131,latency_s,6.079748
1756990767.131,latency_s,6.129698
1756990767.131,latency_s,6.077809
1756990767.131,latency_s,6.117275
1756990767.131,latency_s,6.117786
1756990767.131,latency_s,6.064044
1756990767.134,latency_s,6.052531
1756990767.134,latency_s,6.100552
1756990767.134,latency_s,6.062840
1756990767.134,latency_s,6.006340
1756990767.134,latency_s,6.063088
1756990767.134,latency_s,6.047649
1756990767.134,latency_s,6.003313
1756990767.134,latency_s,6.007561
1756990767.134,latency_s,5.999661
1756990767.134,latency_s,6.015076
1756990767.134,latency_s,5.982699
1756990767.134,latency_s,6.031568
1756990767.134,latency_s,6.032890
1756990767.134,latency_s,5.932819
1756990767.134,latency_s,6.020062
1756990767.134,latency_s,6.020158
1756990767.238,latency_s,6.056858
1756990767.238,latency_s,6.023867
1756990767.238,latency_s,6.083632
1756990767.238,latency_s,6.071056
1756990767.238,latency_s,6.024021
1756990767.238,latency_s,6.105039
1756990767.238,latency_s,6.004875
1756990767.241,latency_s,6.012780
1756990767.241,latency_s,6.070093
1756990767.241,latency_s,6.069935
1756990767.241,latency_s,6.054448
1756990767.241,latency_s,6.009076
1756990767.241,latency_s,6.014573
1756990767.241,latency_s,6.006133
1756990767.345,latency_s,6.141681
1756990767.345,latency_s,6.043116
1756990767.345,latency_s,6.030531
1756990767.346,latency_s,6.031281
1756990767.346,latency_s,6.064287
1756990767.346,latency_s,6.091438
1756990767.346,latency_s,6.078648
1756990767.346,latency_s,6.012584
1756990767.347,latency_s,6.059498
1756990767.347,latency_s,6.017958
1756990767.347,latency_s,6.074634
1756990767.347,latency_s,6.074886
1756990767.347,latency_s,5.974164
1756990767.347,latency_s,5.974080
1756990767.347,latency_s,6.012805
1756990767.347,latency_s,6.019317
1756990767.347,latency_s,6.010841
1756990767.347,latency_s,6.026245
1756990767.452,latency_s,6.100251
1756990767.452,latency_s,6.148460
1756990767.452,latency_s,6.049701
1756990767.452,latency_s,6.037163
1756990767.452,latency_s,6.069584
1756990767.452,latency_s,6.037561
1756990767.453,latency_s,6.096858
1756990767.453,latency_s,6.084734
1756990767.453,latency_s,6.018626
1756990767.453,latency_s,6.065044
1756990767.453,latency_s,5.980108
1756990767.453,latency_s,5.977695
1756990767.453,latency_s,6.023735
1756990767.453,latency_s,6.016797
1756990767.667,latency_s,6.197985
1756990767.667,latency_s,6.151764
1756990767.667,latency_s,6.150361
1756990767.667,latency_s,6.210630
1756990767.667,latency_s,6.132723
1756990767.667,latency_s,6.178145
1756990767.667,latency_s,6.076940
1756990767.667,latency_s,6.129764
1756990767.667,latency_s,6.093789
1756990767.667,latency_s,6.089831
1756990767.667,latency_s,6.128907
1756990767.667,latency_s,6.137580
1756990767.667,latency_s,6.139373
1756990767.667,latency_s,6.145889
1756990767.667,latency_s,6.162596
1756990767.667,latency_s,6.114762
1756990767.668,latency_s,6.062009
1756990767.668,latency_s,6.064005
1756990767.881,latency_s,6.297560
1756990767.881,latency_s,6.266264
1756990767.882,latency_s,6.324858
1756990767.882,latency_s,6.264257
1756990767.882,latency_s,6.312123
1756990767.882,latency_s,6.246952
1756990767.882,latency_s,6.191170
1756990767.882,latency_s,6.243138
1756990767.882,latency_s,6.203219
1756990767.882,latency_s,6.250961
1756990767.882,latency_s,6.207534
1756990767.988,latency_s,6.348608
1756990767.988,latency_s,6.360139
1756990767.988,latency_s,6.366720
1756990767.988,latency_s,6.281816
1756990767.988,latency_s,6.234667
1756990767.988,latency_s,6.181331
1756990767.989,latency_s,6.183940
1756990767.989,latency_s,6.229071
1756990767.989,latency_s,6.203771
1756990767.989,latency_s,6.170573
1756990767.989,latency_s,6.128399
1756990767.989,latency_s,6.218186
1756990767.989,latency_s,6.171247
1756990767.989,latency_s,6.153550
1756990767.989,latency_s,6.095675
1756990768.097,latency_s,6.256775
1756990768.097,latency_s,6.217403
1756990768.097,latency_s,6.264668
1756990768.097,latency_s,6.256970
1756990768.098,latency_s,6.221207
1756990768.098,latency_s,6.267753
1756990768.098,latency_s,6.136366
1756990768.098,latency_s,6.179860
1756990768.098,latency_s,6.126024
1756990768.098,latency_s,6.162110
1756990768.098,latency_s,6.103770
1756990768.098,latency_s,6.155762
1756990768.098,latency_s,6.116715
1756990768.098,latency_s,6.164201
1756990768.098,latency_s,6.155743
1756990768.098,latency_s,6.167753
1756990768.098,latency_s,6.067282
1756990768.136,latency_s,6.150498
1756990768.137,latency_s,6.072521
1756990768.205,latency_s,6.186173
1756990768.205,latency_s,6.169163
1756990768.205,latency_s,6.109801
1756990768.205,latency_s,6.162539
1756990768.205,latency_s,6.123245
1756990768.205,latency_s,6.171171
1756990768.205,latency_s,6.070714
1756990768.205,latency_s,6.162550
1756990768.205,latency_s,6.127080
1756990768.205,latency_s,6.074450
1756990768.205,latency_s,6.081549
1756990768.205,latency_s,6.098784
1756990768.205,latency_s,6.032233
1756990768.242,latency_s,6.055604
1756990768.245,latency_s,6.108890
1756990768.245,latency_s,6.047323
1756990768.245,latency_s,6.237056
1756990768.245,latency_s,6.133352
1756990768.245,latency_s,6.032602
1756990768.245,latency_s,6.290688
1756990768.245,latency_s,6.189276
1756990768.245,latency_s,6.089071
1756990768.246,latency_s,6.062659
1756990768.246,latency_s,6.100367
1756990768.246,latency_s,6.010907
1756990768.246,latency_s,6.014619
1756990768.246,latency_s,6.067339
1756990768.246,latency_s,6.100341
1756990768.246,latency_s,6.021683
1756990768.246,latency_s,6.039160
1756990768.459,latency_s,6.171891
1756990768.459,latency_s,6.222848
1756990768.460,latency_s,6.159656
1756990768.460,latency_s,6.146631
1756990768.460,latency_s,6.203021
1756990768.460,latency_s,6.124873
1756990768.460,latency_s,6.175352
1756990768.460,latency_s,6.214136
1756990768.460,latency_s,6.214293
1756990768.460,latency_s,6.179448
1756990768.460,latency_s,6.113255
1756990768.460,latency_s,6.128170
1756990768.460,latency_s,6.113271
1756990768.460,latency_s,6.135680
1756990768.460,latency_s,6.152935
1756990768.460,latency_s,6.136548
1756990768.460,latency_s,6.122912
1756990768.460,latency_s,6.046304
1756990768.460,latency_s,6.103167
1756990768.460,latency_s,6.057285
1756990768.460,latency_s,6.003030
1756990768.460,latency_s,6.079547
1756990768.460,latency_s,6.075578
1756990768.460,latency_s,6.009784
1756990768.460,latency_s,6.012528
1756990768.460,latency_s,6.027817
1756990768.461,latency_s,6.035894
1756990768.565,latency_s,6.157291
1756990768.565,latency_s,6.143434
1756990768.565,latency_s,6.095932
1756990768.565,latency_s,6.076981
1756990768.565,latency_s,6.089818
1756990768.567,latency_s,6.129279
1756990768.567,latency_s,6.052788
1756990768.675,latency_s,6.116346
1756990768.675,latency_s,6.171340
1756990768.675,latency_s,6.141271
1756990768.675,latency_s,6.189525
1756990768.675,latency_s,6.123002
1756990768.675,latency_s,6.126036
1756990768.675,latency_s,6.192220
1756990768.675,latency_s,6.150083
1756990768.675,latency_s,6.167376
1756990768.675,latency_s,6.153267
1756990768.675,latency_s,6.099027
1756990768.675,latency_s,6.105923
1756990768.675,latency_s,6.086772
1756990768.675,latency_s,6.150512
1756990768.675,latency_s,6.137423
1756990768.675,latency_s,6.239617
1756990768.675,latency_s,6.139465
1756990768.675,latency_s,6.039334
1756990768.675,latency_s,6.060164
1756990768.675,latency_s,6.016319
1756990768.675,latency_s,6.070740
1756990768.675,latency_s,6.041656
1756990768.675,latency_s,6.088042
1756990768.675,latency_s,6.090033
1756990768.675,latency_s,6.023351
1756990768.782,latency_s,6.132621
1756990768.782,latency_s,6.156410
1756990768.782,latency_s,6.174272
1756990768.782,latency_s,6.073657
1756990768.782,latency_s,6.159740
1756990768.782,latency_s,6.105972
1756990768.782,latency_s,6.056063
1756990768.782,latency_s,6.144018
1756990768.782,latency_s,6.042906
1756990768.889,latency_s,6.152291
1756990768.889,latency_s,6.173665
1756990768.889,latency_s,6.130233
1756990768.890,latency_s,6.184111
1756990768.890,latency_s,6.155031
1756990768.890,latency_s,6.201926
1756990768.890,latency_s,6.137063
1756990768.890,latency_s,6.139768
1756990768.890,latency_s,6.120191
1756990768.890,latency_s,6.063412
1756990768.890,latency_s,6.050353
1756990768.890,latency_s,6.052784
1756990768.890,latency_s,6.073503
1756990768.890,latency_s,6.029126
1756990768.890,latency_s,6.083967
1756990768.890,latency_s,6.055522
1756990768.890,latency_s,6.102355
1756990768.890,latency_s,6.002002
1756990768.890,latency_s,6.037255
1756990768.890,latency_s,6.103042
1756990768.891,latency_s,6.039902
1756990768.891,latency_s,6.002277
1756990768.891,latency_s,6.063721
1756990768.891,latency_s,5.980798
1756990768.891,latency_s,5.964203
1756990768.891,latency_s,6.013450
1756990768.997,latency_s,6.126945
1756990768.998,latency_s,6.070907
1756990768.998,latency_s,6.108785
1756990768.998,latency_s,6.057746
1756990768.998,latency_s,6.060258
1756990768.998,latency_s,6.036094
1756990768.998,latency_s,6.080357
1756990768.998,latency_s,6.090840
1756990769.105,latency_s,6.169610
1756990769.105,latency_s,6.114708
1756990769.105,latency_s,6.151953
1756990769.105,latency_s,6.153910
1756990769.105,latency_s,6.115501
1756990769.105,latency_s,6.176744
1756990769.105,latency_s,6.094842
1756990769.105,latency_s,6.077672
1756990769.106,latency_s,6.077701
1756990769.106,latency_s,6.126075
1756990769.106,latency_s,6.133454
1756990769.106,latency_s,6.115813
1756990769.106,latency_s,6.065471
1756990769.106,latency_s,6.067962
1756990769.106,latency_s,6.087281
1756990769.106,latency_s,6.043248
1756990769.106,latency_s,6.094209
1756990769.106,latency_s,6.014846
1756990769.106,latency_s,6.070396
1756990769.145,latency_s,6.093380
1756990769.146,latency_s,6.091558
1756990769.146,latency_s,6.053171
1756990769.146,latency_s,6.115923
1756990769.146,latency_s,6.034997
1756990769.214,latency_s,6.073429
1756990769.322,latency_s,6.183744
1756990769.322,latency_s,6.210057
1756990769.322,latency_s,6.158272
1756990769.322,latency_s,6.202709
1756990769.322,latency_s,6.130812
1756990769.322,latency_s,6.186005
1756990769.322,latency_s,6.169775
1756990769.322,latency_s,6.167762
1756990769.322,latency_s,6.129261
1756990769.322,latency_s,6.191601
1756990769.322,latency_s,6.110657
1756990769.322,latency_s,6.092816
1756990769.322,latency_s,6.132040
1756990769.322,latency_s,6.092428
1756990769.322,latency_s,6.141940
1756990769.322,latency_s,6.149372
1756990769.322,latency_s,6.081748
1756990769.322,latency_s,6.110535
1756990769.323,latency_s,6.010450
1756990769.323,latency_s,6.084429
1756990769.323,latency_s,6.058381
1756990769.323,latency_s,6.102730
1756990769.323,latency_s,6.031266
1756990769.323,latency_s,6.086689
1756990769.323,latency_s,6.069714
1756990769.323,latency_s,6.067716
1756990769.402,latency_s,6.108182
1756990769.402,latency_s,6.170683
1756990769.402,latency_s,6.090244
1756990769.402,latency_s,6.072366
1756990769.402,latency_s,6.111524
1756990769.430,latency_s,6.016989
1756990769.430,latency_s,6.091180
1756990769.430,latency_s,6.107431
1756990769.537,latency_s,6.171614
1756990769.537,latency_s,6.145184
1756990769.537,latency_s,6.199888
1756990769.537,latency_s,6.183042
1756990769.537,latency_s,6.181338
1756990769.537,latency_s,6.142694
1756990769.537,latency_s,6.204220
1756990769.537,latency_s,6.103990
1756990769.537,latency_s,6.124826
1756990769.537,latency_s,6.107578
1756990769.537,latency_s,6.146651
1756990769.538,latency_s,6.156766
1756990769.538,latency_s,6.056342
1756990769.538,latency_s,6.107182
1756990769.538,latency_s,6.095892
1756990769.538,latency_s,6.023382
1756990769.538,latency_s,6.098973
1756990769.538,latency_s,6.112161
1756990769.538,latency_s,6.070942
1756990769.644,latency_s,6.118526
1756990769.644,latency_s,6.151823
1756990769.644,latency_s,6.206656
1756990769.644,latency_s,6.145336
1756990769.645,latency_s,6.186941
1756990769.645,latency_s,6.189481
1756990769.645,latency_s,6.110506
1756990769.645,latency_s,6.130111
1756990769.645,latency_s,6.370831
1756990769.645,latency_s,6.270503
1756990769.645,latency_s,6.153457
1756990769.645,latency_s,6.115034
1756990769.645,latency_s,6.063214
1756990769.645,latency_s,6.102780
1756990769.645,latency_s,6.030203
1756990769.645,latency_s,6.078065
1756990769.753,latency_s,6.213558
1756990769.753,latency_s,6.126258
1756990769.753,latency_s,6.159979
1756990769.753,latency_s,6.214469
1756990769.753,latency_s,6.153242
1756990769.753,latency_s,6.113597
1756990769.753,latency_s,6.194113
1756990769.753,latency_s,6.197038
1756990769.753,latency_s,6.118113
1756990769.753,latency_s,6.137216
1756990769.753,latency_s,6.074609
1756990769.753,latency_s,6.121722
1756990769.753,latency_s,6.121361
1756990769.753,latency_s,6.161379
1756990769.753,latency_s,6.070932
1756990769.753,latency_s,6.060589
1756990769.753,latency_s,6.109988
1756990769.753,latency_s,6.037350
1756990769.753,latency_s,6.113960
1756990769.753,latency_s,6.025113
1756990769.859,latency_s,6.191408
1756990769.860,latency_s,6.119843
1756990769.860,latency_s,6.166791
1756990769.860,latency_s,6.120183
1756990769.860,latency_s,6.159477
1756990769.860,latency_s,6.200242
1756990769.860,latency_s,6.067056
1756990769.860,latency_s,6.076962
1756990769.860,latency_s,6.116767
1756990769.860,latency_s,6.044203
1756990769.860,latency_s,6.020379
1756990769.860,latency_s,6.091689
1756990769.968,latency_s,6.139195
1756990769.968,latency_s,6.174676
1756990769.968,latency_s,6.128175
1756990769.968,latency_s,6.167058
1756990769.968,latency_s,6.207746
1756990769.968,latency_s,6.209752
1756990769.968,latency_s,6.109504
1756990769.968,latency_s,6.132318
1756990769.968,latency_s,6.151119
1756990769.968,latency_s,6.089005
1756990769.968,latency_s,6.135407
1756990769.968,latency_s,6.084626
1756990769.968,latency_s,6.075382
1756990769.968,latency_s,6.136566
1756990769.968,latency_s,6.124253
1756990769.969,latency_s,6.051658
1756990769.969,latency_s,6.028263
1756990769.969,latency_s,6.039426
1756990769.969,latency_s,6.099728
1756990769.969,latency_s,6.074550
1756990769.969,latency_s,6.028636
1756990769.969,latency_s,6.067566
1756990769.969,latency_s,6.108200
1756990770.076,latency_s,6.114460
1756990770.076,latency_s,6.116369
1756990770.076,latency_s,6.139366
1756990770.076,latency_s,6.158555
1756990770.076,latency_s,6.095882
1756990770.076,latency_s,6.142411
1756990770.076,latency_s,6.082673
1756990770.076,latency_s,6.143988
1756990770.076,latency_s,6.092103
1756990770.076,latency_s,6.131134
1756990770.076,latency_s,6.059216
1756990770.184,latency_s,6.214945
1756990770.184,latency_s,6.154129
1756990770.184,latency_s,6.143591
1756990770.184,latency_s,6.114715
1756990770.184,latency_s,6.189943
1756990770.184,latency_s,6.143926
1756990770.184,latency_s,6.122132
1756990770.184,latency_s,6.182805
1756990770.184,latency_s,6.124260
1756990770.184,latency_s,6.166776
1756990770.185,latency_s,6.103523
1756990770.185,latency_s,6.150574
1756990770.185,latency_s,6.151656
1756990770.185,latency_s,6.090854
1756990770.185,latency_s,6.099713
1756990770.185,latency_s,6.139401
1756990770.185,latency_s,6.014921
1756990770.185,latency_s,6.067588
1756990770.185,latency_s,6.053974
1756990770.185,latency_s,6.044075
1756990770.224,latency_s,6.128902
1756990770.224,latency_s,6.083520
1756990770.224,latency_s,6.061267
1756990770.224,latency_s,6.121654
1756990770.292,latency_s,6.253540
1756990770.292,latency_s,6.152745
1756990770.292,latency_s,6.052613
1756990770.292,latency_s,6.074317
1756990770.292,latency_s,6.022263
1756990770.292,latency_s,6.051203
1756990770.372,latency_s,6.138711
1756990770.372,latency_s,6.176403
1756990770.372,latency_s,6.131357
1756990770.372,latency_s,6.108993
1756990770.373,latency_s,6.169149
1756990770.373,latency_s,6.111291
1756990770.373,latency_s,6.154535
1756990770.373,latency_s,6.052183
1756990770.373,latency_s,6.088788
1756990770.373,latency_s,6.137542
1756990770.373,latency_s,6.086198
1756990770.373,latency_s,6.078521
1756990770.373,latency_s,6.037060
1756990770.373,latency_s,6.039069
1756990770.373,latency_s,6.025893
1756990770.373,latency_s,6.032808
1756990770.373,latency_s,6.054623
1756990770.373,latency_s,6.002768
1756990770.373,latency_s,6.039049
1756990770.373,latency_s,6.031849
1756990770.399,latency_s,6.102406
1756990770.399,latency_s,6.058145
1756990770.399,latency_s,6.035368
1756990770.399,latency_s,6.095787
1756990770.400,latency_s,6.037351
1756990770.400,latency_s,5.977280
1756990770.481,latency_s,6.096468
1756990770.481,latency_s,6.094676
1756990770.482,latency_s,6.046937
1756990770.482,latency_s,6.044993
1756990770.482,latency_s,6.086532
1756990770.482,latency_s,6.033694
1756990770.482,latency_s,6.063070
1756990770.554,latency_s,6.111780
1756990770.554,latency_s,6.083390
1756990770.554,latency_s,6.119509
1756990770.554,latency_s,6.112677
1756990770.554,latency_s,6.157203
1756990770.554,latency_s,6.057067
1756990770.554,latency_s,6.112296
1756990770.554,latency_s,6.089463
1756990770.554,latency_s,6.149911
1756990770.554,latency_s,6.092103
1756990770.555,latency_s,6.031965
1756990770.588,latency_s,6.103055
1756990770.589,latency_s,6.053170
1756990770.589,latency_s,6.051866
1756990770.589,latency_s,6.092856
1756990770.589,latency_s,6.040541
1756990770.589,latency_s,6.069224
1756990770.589,latency_s,6.045847
1756990770.695,latency_s,6.159405
1756990770.695,latency_s,6.123670
1756990770.695,latency_s,6.153346
1756990770.695,latency_s,6.097529
1756990770.695,latency_s,6.152457
1756990770.695,latency_s,6.128675
1756990770.695,latency_s,6.190742
1756990770.695,latency_s,6.104790
1756990770.696,latency_s,6.057917
1756990770.697,latency_s,6.061009
1756990770.697,latency_s,6.100613
1756990770.697,latency_s,6.047244
1756990770.697,latency_s,6.076487
1756990770.697,latency_s,6.060989
1756990770.697,latency_s,6.024668
1756990770.697,latency_s,6.050879
1756990770.697,latency_s,5.999086
1756990770.697,latency_s,6.053884
1756990770.697,latency_s,6.051945
1756990770.697,latency_s,6.030076
1756990770.697,latency_s,5.991511
1756990770.697,latency_s,6.031375
1756990770.697,latency_s,5.971959
1756990770.697,latency_s,6.009369
1756990770.697,latency_s,6.005238
1756990770.802,latency_s,6.063585
1756990770.802,latency_s,6.065681
1756990770.802,latency_s,6.105221
1756990770.802,latency_s,6.052464
1756990770.802,latency_s,6.081614
1756990770.802,latency_s,5.981494
1756990770.802,latency_s,6.029925
1756990770.804,latency_s,6.067157
1756990770.804,latency_s,6.056929
1756990770.804,latency_s,6.005799
1756990770.910,latency_s,6.165936
1756990770.910,latency_s,6.103863
1756990770.910,latency_s,6.164102
1756990770.910,latency_s,6.139368
1756990770.910,latency_s,6.142477
1756990770.910,latency_s,6.084202
1756990770.910,latency_s,6.121629
1756990770.910,latency_s,6.117843
1756990770.910,latency_s,6.112443
1756990770.910,latency_s,6.071663
1756990770.910,latency_s,6.073085
1756990770.910,latency_s,6.059654
1756990770.910,latency_s,6.037037
1756990770.910,latency_s,6.072762
1756990770.910,latency_s,6.062471
1756990770.910,latency_s,5.989259
1756990770.912,latency_s,6.012892
1756990770.912,latency_s,6.066534
1756990770.912,latency_s,6.005400
1756990770.912,latency_s,6.065136
1756990770.912,latency_s,6.040449
1756990770.912,latency_s,6.043455
1756990770.912,latency_s,5.981131
1756990770.912,latency_s,6.022797
1756990771.016,latency_s,6.120425
1756990771.016,latency_s,6.117922
1756990771.017,latency_s,6.078096
1756990771.017,latency_s,6.077700
1756990771.017,latency_s,6.065809
1756990771.020,latency_s,6.081111
1756990771.020,latency_s,6.045727
1756990771.020,latency_s,6.070743
1756990771.020,latency_s,5.998392
1756990771.020,latency_s,6.020860
1756990771.020,latency_s,6.074018
1756990771.020,latency_s,6.044760
1756990771.020,latency_s,6.071095
1756990771.020,latency_s,6.050394
1756990771.020,latency_s,6.012913
1756990771.020,latency_s,6.030515
1756990771.020,latency_s,6.023395
1756990771.127,latency_s,6.088264
1756990771.128,latency_s,6.128793
1756990771.128,latency_s,6.088044
1756990771.128,latency_s,6.076113
1756990771.128,latency_s,6.088355
1756990771.128,latency_s,5.987754
1756990771.128,latency_s,6.052874
1756990771.128,latency_s,6.078208
1756990771.128,latency_s,6.005658
1756990771.128,latency_s,6.026376
1756990771.128,latency_s,6.052539
1756990771.128,latency_s,6.081878
1756990771.128,latency_s,6.057502
1756990771.128,latency_s,6.020408
1756990771.128,latency_s,5.981817
1756990771.128,latency_s,6.078469
1756990771.128,latency_s,6.034980
1756990771.128,latency_s,6.026653
1756990771.128,latency_s,5.988093
1756990771.128,latency_s,5.926082
1756990771.235,latency_s,6.034847
1756990771.235,latency_s,6.083347
1756990771.235,latency_s,5.993777
1756990771.235,latency_s,6.012325
1756990771.235,latency_s,6.060241
1756990771.235,latency_s,6.084491
1756990771.235,latency_s,5.983853
1756990771.235,latency_s,6.063351
1756990771.235,latency_s,6.033320
1756990771.236,latency_s,6.027492
1756990771.236,latency_s,6.085248
1756990771.236,latency_s,5.988968
1756990771.342,latency_s,6.091073
1756990771.342,latency_s,6.162662
1756990771.342,latency_s,6.311273
1756990771.342,latency_s,6.210819
1756990771.343,latency_s,6.110234
1756990771.343,latency_s,6.148787
1756990771.343,latency_s,6.048050
1756990771.343,latency_s,6.039520
1756990771.343,latency_s,6.101719
1756990771.343,latency_s,6.101643
1756990771.343,latency_s,6.042333
1756990771.343,latency_s,6.090747
1756990771.343,latency_s,6.067000
1756990771.343,latency_s,6.019131
1756990771.343,latency_s,6.000947
1756990771.343,latency_s,5.991045
1756990771.343,latency_s,6.070583
1756990771.343,latency_s,5.991406
1756990771.383,latency_s,6.101959
1756990771.383,latency_s,6.079757
1756990771.383,latency_s,6.036093
1756990771.383,latency_s,6.074687
1756990771.383,latency_s,6.048843
1756990771.383,latency_s,5.986671
1756990771.383,latency_s,5.982373
1756990771.383,latency_s,6.041724
1756990771.383,latency_s,5.978566
1756990771.383,latency_s,6.042077
1756990771.449,latency_s,6.096813
1756990771.449,latency_s,6.072568
1756990771.449,latency_s,6.025332
1756990771.449,latency_s,5.997063
1756990771.490,latency_s,6.047716
1756990771.490,latency_s,6.113903
1756990771.491,latency_s,6.109014
1756990771.491,latency_s,6.086303
1756990771.491,latency_s,6.042464
1756990771.491,latency_s,6.081026
1756990771.491,latency_s,6.056226
1756990771.491,latency_s,5.993218
1756990771.491,latency_s,5.989815
1756990771.491,latency_s,5.981533
1756990771.491,latency_s,6.049170
1756990771.491,latency_s,6.049084
1756990771.491,latency_s,6.038527
1756990771.491,latency_s,6.013811
1756990771.491,latency_s,5.937899
1756990771.491,latency_s,5.966302
1756990771.491,latency_s,5.948109
1756990771.491,latency_s,5.913465
1756990771.598,latency_s,6.120514
1756990771.598,latency_s,6.089155
1756990771.598,latency_s,6.020455
1756990771.598,latency_s,6.116778
1756990771.599,latency_s,6.049228
1756990771.705,latency_s,6.194627
1756990771.705,latency_s,6.168639
1756990771.705,latency_s,6.106448
1756990771.705,latency_s,6.095051
1756990771.705,latency_s,6.103622
1756990771.705,latency_s,6.162260
1756990771.705,latency_s,6.162348
1756990771.705,latency_s,6.152000
1756990771.705,latency_s,6.026422
1756990771.707,latency_s,6.028673
1756990771.707,latency_s,6.052880
1756990771.707,latency_s,6.063440
1756990771.707,latency_s,6.124190
1756990771.707,latency_s,6.097353
1756990771.707,latency_s,6.081805
1756990771.707,latency_s,6.057177
1756990771.707,latency_s,6.022165
1756990771.707,latency_s,6.097120
1756990771.707,latency_s,6.255086
1756990771.707,latency_s,6.154431
1756990771.708,latency_s,6.053555
1756990771.708,latency_s,6.070837
1756990771.708,latency_s,6.006777
1756990771.708,latency_s,5.997481
1756990771.708,latency_s,6.005846
1756990771.708,latency_s,6.065117
1756990771.708,latency_s,6.064217
1756990771.812,latency_s,6.068619
1756990771.919,latency_s,6.174838
1756990771.919,latency_s,6.264698
1756990771.919,latency_s,6.140018
1756990771.919,latency_s,6.163730
1756990771.919,latency_s,6.174925
1756990771.919,latency_s,6.140188
1756990771.919,latency_s,6.133080
1756990771.919,latency_s,6.208551
1756990771.919,latency_s,6.168232
1756990771.919,latency_s,6.208652
1756990771.919,latency_s,6.193429
1756990771.919,latency_s,6.164137
1756990771.919,latency_s,6.178732
1756990771.919,latency_s,6.117525
1756990771.919,latency_s,6.107193
1756990771.919,latency_s,6.116621
1756990771.919,latency_s,6.075640
1756990771.919,latency_s,6.075450
1756990771.919,latency_s,6.164608
1756990771.920,latency_s,6.062957
1756990771.920,latency_s,6.040347
1756990771.920,latency_s,6.075419
1756990771.920,latency_s,6.032969
1756990771.925,latency_s,6.045375
1756990771.925,latency_s,6.067414
1756990771.925,latency_s,6.113653
1756990771.925,latency_s,6.073927
1756990771.925,latency_s,6.112995
1756990771.925,latency_s,6.098796
1756990771.925,latency_s,6.068457
1756990771.925,latency_s,6.084383
1756990771.925,latency_s,6.022298
1756990772.027,latency_s,6.082867
1756990772.028,latency_s,6.070846
1756990772.028,latency_s,6.047680
1756990772.028,latency_s,6.040180
1756990772.028,latency_s,6.045608
1756990772.073,latency_s,6.161444
1756990772.073,latency_s,6.160933
1756990772.073,latency_s,6.121504
1756990772.073,latency_s,6.146258
1756990772.073,latency_s,6.115144
1756990772.073,latency_s,6.128792
1756990772.074,latency_s,6.116550
1756990772.074,latency_s,6.131016
1756990772.074,latency_s,6.068927
1756990772.074,latency_s,6.060851
1756990772.074,latency_s,6.028957
1756990772.134,latency_s,6.130711
1756990772.135,latency_s,6.089700
1756990772.135,latency_s,6.077334
1756990772.135,latency_s,6.054315
1756990772.135,latency_s,6.052350
1756990772.135,latency_s,6.047501
1756990772.135,latency_s,6.075177
1756990772.135,latency_s,6.122758
1756990772.135,latency_s,6.090268
1756990772.135,latency_s,6.122525
1756990772.135,latency_s,6.108068
1756990772.135,latency_s,6.083411
1756990772.136,latency_s,6.022697
1756990772.136,latency_s,6.022422
1756990772.136,latency_s,6.078036
1756990772.136,latency_s,6.091334
1756990772.242,latency_s,6.096974
1756990772.242,latency_s,6.137672
1756990772.242,latency_s,6.084283
1756990772.242,latency_s,6.082103
1756990772.242,latency_s,6.096185
1756990772.242,latency_s,6.029409
1756990772.243,latency_s,6.114368
1756990772.348,latency_s,6.131723
1756990772.349,latency_s,6.167642
1756990772.349,latency_s,6.195205
1756990772.349,latency_s,6.162278
1756990772.349,latency_s,6.160382
1756990772.349,latency_s,6.191092
1756990772.349,latency_s,6.202800
1756990772.349,latency_s,6.143365
1756990772.349,latency_s,6.102726
1756990772.351,latency_s,6.090081
1756990772.351,latency_s,6.096921
1756990772.352,latency_s,6.104956
1756990772.352,latency_s,6.033881
1756990772.352,latency_s,6.065015
1756990772.352,latency_s,6.037910
1756990772.352,latency_s,6.069991
1756990772.352,latency_s,6.122821
1756990772.352,latency_s,6.062624
1756990772.352,latency_s,6.022253
1756990772.352,latency_s,6.093784
1756990772.352,latency_s,6.105795
1756990772.352,latency_s,6.003835
1756990772.352,latency_s,6.045810
1756990772.352,latency_s,6.004220
1756990772.352,latency_s,6.034467
1756990772.456,latency_s,6.150447
1756990772.456,latency_s,6.097663
1756990772.456,latency_s,6.109158
1756990772.456,latency_s,6.026073
1756990772.456,latency_s,6.100859
1756990772.458,latency_s,6.075408
1756990772.458,latency_s,6.070520
1756990772.459,latency_s,6.097399
1756990772.564,latency_s,6.149132
1756990772.564,latency_s,6.144711
1756990772.564,latency_s,6.173981
1756990772.564,latency_s,6.205425
1756990772.564,latency_s,6.115524
1756990772.564,latency_s,6.156611
1756990772.564,latency_s,6.116313
1756990772.564,latency_s,6.145582
1756990772.564,latency_s,6.115871
1756990772.564,latency_s,6.157775
1756990772.564,latency_s,6.105113
1756990772.564,latency_s,6.033574
1756990772.564,latency_s,6.116414
1756990772.564,latency_s,6.015867
1756990772.564,latency_s,6.081615
1756990772.564,latency_s,6.108294
1756990772.564,latency_s,6.102305
1756990772.564,latency_s,6.049601
1756990772.567,latency_s,6.076657
1756990772.567,latency_s,6.047614
1756990772.567,latency_s,6.079006
1756990772.567,latency_s,6.107969
1756990772.567,latency_s,6.007279
1756990772.671,latency_s,6.122594
1756990772.671,latency_s,6.163453
1756990772.671,latency_s,6.121831
1756990772.671,latency_s,6.122664
1756990772.672,latency_s,6.152097
1756990772.672,latency_s,6.164616
1756990772.672,latency_s,6.022874
1756990772.672,latency_s,6.056094
1756990772.672,latency_s,6.088168
1756990772.672,latency_s,6.115155
1756990772.674,latency_s,6.017365
1756990772.675,latency_s,6.111727
1756990772.675,latency_s,6.083658
1756990772.675,latency_s,6.054578
1756990772.675,latency_s,6.082800
1756990772.675,latency_s,6.014601
1756990772.675,latency_s,6.025913
1756990772.675,latency_s,6.043510
1756990772.675,latency_s,6.066762
1756990772.675,latency_s,6.025108
1756990772.675,latency_s,6.053636
1756990772.675,latency_s,6.025996
1756990772.675,latency_s,6.068123
1756990772.675,latency_s,5.968007
1756990772.675,latency_s,5.959613
1756990772.675,latency_s,5.925678
1756990772.779,latency_s,6.114295
1756990772.779,latency_s,6.094746
1756990772.779,latency_s,6.058757
1756990772.779,latency_s,6.085449
1756990772.779,latency_s,6.086641
1756990772.783,latency_s,6.024981
1756990772.783,latency_s,6.022058
1756990772.783,latency_s,6.033386
1756990772.888,latency_s,6.156125
1756990772.888,latency_s,6.179078
1756990772.888,latency_s,6.137513
1756990772.888,latency_s,6.165866
1756990772.888,latency_s,6.080338
1756990772.888,latency_s,6.138380
1756990772.888,latency_s,6.328314
1756990772.888,latency_s,6.227782
1756990772.888,latency_s,6.127545
1756990772.889,latency_s,6.123566
1756990772.889,latency_s,6.067737
1756990772.889,latency_s,6.072248
1756990772.889,latency_s,6.022952
1756990772.890,latency_s,6.094836
1756990772.890,latency_s,6.031173
1756990772.890,latency_s,6.039789
1756990772.890,latency_s,6.096851
1756990772.890,latency_s,6.105405
1756990772.890,latency_s,6.028148
1756990772.890,latency_s,6.040157
1756990772.890,latency_s,6.080139
1756990772.890,latency_s,5.979508
1756990772.890,latency_s,6.057797
1756990772.930,latency_s,6.078895
1756990772.930,latency_s,6.021674
1756990772.930,latency_s,6.079827
1756990772.930,latency_s,6.106875
1756990772.930,latency_s,6.006142
1756990772.930,latency_s,6.068455
1756990772.997,latency_s,6.079717
1756990772.997,latency_s,6.029630
1756990772.997,latency_s,6.075563
1756990772.998,latency_s,6.038827
1756990772.998,latency_s,6.047045
1756990772.998,latency_s,6.104158
1756990772.998,latency_s,6.112616
1756990772.998,latency_s,6.047390
1756990773.037,latency_s,6.074248
1756990773.037,latency_s,6.026226
1756990773.037,latency_s,6.103881
1756990773.037,latency_s,6.085790
1756990773.037,latency_s,6.028413
1756990773.105,latency_s,6.154530
1756990773.106,latency_s,6.143383
1756990773.106,latency_s,6.081143
1756990773.106,latency_s,6.087772
1756990773.106,latency_s,6.083276
1756990773.106,latency_s,6.046306
1756990773.106,latency_s,6.120417
1756990773.106,latency_s,6.038304
1756990773.107,latency_s,6.054370
1756990773.107,latency_s,6.112365
1756990773.107,latency_s,6.020028
1756990773.107,latency_s,6.043932
1756990773.107,latency_s,6.055682
1756990773.107,latency_s,5.995474
1756990773.107,latency_s,6.073626
1756990773.107,latency_s,6.055066
1756990773.107,latency_s,6.044661
1756990773.107,latency_s,6.055101
1756990773.143,latency_s,6.034564
1756990773.144,latency_s,6.018069
1756990773.144,latency_s,6.248299
1756990773.144,latency_s,6.147673
1756990773.144,latency_s,6.046000
1756990773.144,latency_s,5.983837
1756990773.144,latency_s,6.049486
1756990773.144,latency_s,5.957435
1756990773.212,latency_s,6.058872
1756990773.214,latency_s,6.095475
1756990773.252,latency_s,6.057364
1756990773.252,latency_s,6.129590
1756990773.252,latency_s,6.081834
1756990773.253,latency_s,6.089016
1756990773.253,latency_s,6.101254
1756990773.253,latency_s,6.039989
1756990773.253,latency_s,6.118587
1756990773.253,latency_s,6.017869
1756990773.253,latency_s,6.099486
1756990773.253,latency_s,6.099790
1756990773.253,latency_s,6.043171
1756990773.253,latency_s,6.089509
1756990773.253,latency_s,5.988836
1756990773.253,latency_s,6.025343
1756990773.253,latency_s,6.054813
1756990773.253,latency_s,5.957999
1756990773.253,latency_s,5.991663
1756990773.253,latency_s,5.965491
1756990773.324,latency_s,6.053011
1756990773.324,latency_s,6.105215
1756990773.324,latency_s,6.099673
1756990773.324,latency_s,6.071092
1756990773.324,latency_s,6.059207
1756990773.432,latency_s,6.180256
1756990773.432,latency_s,6.118416
1756990773.432,latency_s,6.088453
1756990773.432,latency_s,6.178367
1756990773.432,latency_s,6.075660
1756990773.432,latency_s,6.179055
1756990773.432,latency_s,6.121784
1756990773.432,latency_s,6.078268
1756990773.432,latency_s,6.104048
1756990773.432,latency_s,6.131295
1756990773.432,latency_s,6.031170
1756990773.432,latency_s,6.037019
1756990773.432,latency_s,6.112658
1756990773.432,latency_s,6.078490
1756990773.432,latency_s,6.070199
1756990773.432,latency_s,6.044631
1756990773.433,latency_s,6.060176
1756990773.433,latency_s,6.106361
1756990773.433,latency_s,6.067740
1756990773.433,latency_s,6.081283
1756990773.433,latency_s,6.069161
1756990773.433,latency_s,6.019298
1756990773.433,latency_s,5.989175
1756990773.433,latency_s,5.976807
1756990773.434,latency_s,5.978787
1756990773.434,latency_s,6.022420
1756990773.467,latency_s,6.037133
1756990773.467,latency_s,5.964914
1756990773.647,latency_s,6.226506
1756990773.647,latency_s,6.126530
1756990773.648,latency_s,6.158955
1756990773.648,latency_s,6.183584
1756990773.648,latency_s,6.192782
1756990773.648,latency_s,6.174399
1756990773.648,latency_s,6.219876
1756990773.648,latency_s,6.180804
1756990773.648,latency_s,6.183354
1756990773.648,latency_s,6.133032
1756990773.648,latency_s,6.102907
1756990773.648,latency_s,6.151852
1756990773.648,latency_s,6.090669
1756990773.648,latency_s,6.092803
1756990773.648,latency_s,6.136376
1756990773.648,latency_s,6.117122
1756990773.648,latency_s,6.044583
1756990773.648,latency_s,6.027470
1756990773.648,latency_s,6.082444
1756990773.649,latency_s,6.120453
1756990773.649,latency_s,6.059298
1756990773.649,latency_s,6.020266
1756990773.791,latency_s,6.235126
1756990773.791,latency_s,6.216124
1756990773.791,latency_s,6.222965
1756990773.791,latency_s,6.175552
1756990773.791,latency_s,6.145329
1756990773.791,latency_s,6.190964
1756990773.791,latency_s,6.132317
1756990773.791,latency_s,6.135260
1756990773.791,latency_s,6.178799
1756990773.791,latency_s,6.159350
1756990773.791,latency_s,6.123486
1756990773.791,latency_s,6.061280
1756990773.862,latency_s,6.171800
1756990773.862,latency_s,6.206393
1756990773.862,latency_s,6.186860
1756990773.862,latency_s,6.409595
1756990773.862,latency_s,6.308846
1756990773.862,latency_s,6.208733
1756990773.862,latency_s,6.191947
1756990773.862,latency_s,6.146559
1756990773.863,latency_s,6.114524
1756990773.863,latency_s,6.162089
1756990773.863,latency_s,6.103280
1756990773.897,latency_s,6.140727
1756990773.898,latency_s,6.184522
1756990773.898,latency_s,6.164835
1756990773.898,latency_s,6.092147
1756990773.898,latency_s,6.075979
1756990773.898,latency_s,6.107231
1756990773.898,latency_s,6.143289
1756990773.898,latency_s,6.141383
1756990773.898,latency_s,6.126349
1756990773.970,latency_s,6.115219
1756990773.970,latency_s,6.100478
1756990774.005,latency_s,6.082665
1756990774.005,latency_s,6.114505
1756990774.005,latency_s,6.147991
1756990774.005,latency_s,6.087702
1756990774.005,latency_s,6.055709
1756990774.005,latency_s,6.101719
1756990774.005,latency_s,6.090375
1756990774.005,latency_s,6.047273
1756990774.005,latency_s,6.045076
1756990774.005,latency_s,6.035729
1756990774.077,latency_s,6.039649
1756990774.077,latency_s,6.069869
1756990774.077,latency_s,6.300837
1756990774.077,latency_s,6.198451
1756990774.078,latency_s,6.096807
1756990774.078,latency_s,6.041891
1756990774.078,latency_s,6.054424
1756990774.078,latency_s,6.107964
1756990774.078,latency_s,6.086685
1756990774.078,latency_s,6.119749
1756990774.078,latency_s,6.122991
1756990774.078,latency_s,6.019637
1756990774.078,latency_s,6.022862
1756990774.078,latency_s,6.060430
1756990774.078,latency_s,6.028371
1756990774.078,latency_s,6.073846
1756990774.078,latency_s,6.062533
1756990774.078,latency_s,6.017535
1756990774.078,latency_s,6.019887
1756990774.112,latency_s,5.973485
1756990774.185,latency_s,6.076411
1756990774.185,latency_s,6.102521
1756990774.185,latency_s,6.114446
1756990774.291,latency_s,6.154269
1756990774.291,latency_s,6.165658
1756990774.291,latency_s,6.131584
1756990774.291,latency_s,6.220195
1756990774.291,latency_s,6.134693
1756990774.291,latency_s,6.199546
1756990774.291,latency_s,6.120165
1756990774.291,latency_s,6.417407
1756990774.291,latency_s,6.316684
1756990774.291,latency_s,6.215903
1756990774.291,latency_s,6.139809
1756990774.292,latency_s,6.173697
1756990774.292,latency_s,6.187158
1756990774.292,latency_s,6.085356
1756990774.293,latency_s,6.176630
1756990774.293,latency_s,6.133232
1756990774.293,latency_s,6.131548
1756990774.293,latency_s,6.053385
1756990774.293,latency_s,6.082586
1756990774.401,latency_s,6.218100
1756990774.401,latency_s,6.229758
1756990774.401,latency_s,6.162902
1756990774.401,latency_s,6.175749
1756990774.401,latency_s,6.209187
1756990774.401,latency_s,6.145015
1756990774.401,latency_s,6.130183
1756990774.401,latency_s,6.141410
1756990774.401,latency_s,6.225523
1756990774.401,latency_s,6.125347
1756990774.402,latency_s,6.141123
1756990774.402,latency_s,6.083129
1756990774.439,latency_s,6.099691
1756990774.439,latency_s,6.128552
1756990774.439,latency_s,6.154868
1756990774.439,latency_s,6.167951
1756990774.439,latency_s,6.067801
1756990774.440,latency_s,6.101234
1756990774.440,latency_s,6.113558
1756990774.440,latency_s,6.082655
1756990774.440,latency_s,6.147664
1756990774.440,latency_s,6.062328
1756990774.440,latency_s,6.078810
1756990774.507,latency_s,6.135975
1756990774.509,latency_s,6.146066
1756990774.509,latency_s,6.090086
1756990774.548,latency_s,6.186693
1756990774.548,latency_s,6.107125
1756990774.548,latency_s,6.136365
1756990774.548,latency_s,6.076460
1756990774.548,latency_s,6.163063
1756990774.548,latency_s,6.108268
1756990774.549,latency_s,6.156295
1756990774.616,latency_s,6.154181
1756990774.616,latency_s,6.123503
1756990774.617,latency_s,6.162073
1756990774.617,latency_s,6.196239
1756990774.617,latency_s,6.096053
1756990774.617,latency_s,6.106327
1756990774.617,latency_s,6.153824
1756990774.617,latency_s,6.096527
1756990774.617,latency_s,6.154812
1756990774.617,latency_s,6.074954
1756990774.617,latency_s,6.104743
1756990774.617,latency_s,6.044710
1756990774.617,latency_s,6.131400
1756990774.617,latency_s,6.031170
1756990774.618,latency_s,6.076673
1756990774.618,latency_s,6.088950
1756990774.618,latency_s,6.045852
1756990774.618,latency_s,6.037348
1756990774.656,latency_s,6.062551
1756990774.657,latency_s,6.093953
1756990774.706,latency_s,6.148158
1756990774.706,latency_s,6.151341
1756990774.707,latency_s,6.084343
1756990774.707,latency_s,6.094085
1756990774.707,latency_s,6.142072
1756990774.726,latency_s,6.103829
1756990774.726,latency_s,6.163401
1756990774.765,latency_s,6.119268
1756990774.765,latency_s,6.152525
1756990774.765,latency_s,6.092494
1756990774.765,latency_s,6.077094
1756990774.765,latency_s,6.121314
1756990774.765,latency_s,6.132003
1756990774.765,latency_s,6.083512
1756990774.765,latency_s,6.106347
1756990774.765,latency_s,6.093162
1756990774.765,latency_s,6.070936
1756990774.765,latency_s,6.101963
1756990774.765,latency_s,6.109505
1756990774.765,latency_s,6.041274
1756990774.765,latency_s,6.051851
1756990774.766,latency_s,6.100249
1756990774.766,latency_s,6.040204
1756990774.766,latency_s,6.102372
1756990774.833,latency_s,6.087419
1756990774.833,latency_s,6.119824
1756990774.834,latency_s,6.058655
1756990774.873,latency_s,6.083688
1756990774.873,latency_s,6.128155
1756990774.873,latency_s,6.139532
1756990774.873,latency_s,6.113405
1756990774.873,latency_s,6.108520
1756990774.873,latency_s,6.090674
1756990774.873,latency_s,6.078443
1756990774.873,latency_s,6.100229
1756990774.873,latency_s,6.116434
1756990774.873,latency_s,6.048394
1756990774.943,latency_s,6.177690
1756990774.943,latency_s,6.116623
1756990774.943,latency_s,6.096882
1756990774.943,latency_s,6.129163
1756990774.944,latency_s,6.067928
1756990775.023,latency_s,6.130670
1756990775.023,latency_s,6.189186
1756990775.023,latency_s,6.176897
1756990775.023,latency_s,6.128042
1756990775.023,latency_s,6.163087
1756990775.024,latency_s,6.139405
1756990775.024,latency_s,6.149901
1756990775.024,latency_s,6.158299
1756990775.024,latency_s,6.166809
1756990775.024,latency_s,6.066113
1756990775.024,latency_s,6.098887
1756990775.051,latency_s,6.136812
1756990775.051,latency_s,6.185807
1756990775.051,latency_s,6.185385
1756990775.051,latency_s,6.084813
1756990775.051,latency_s,6.084786
1756990775.051,latency_s,6.123721
1756990775.051,latency_s,6.104746
1756990775.158,latency_s,6.242981
1756990775.159,latency_s,6.143194
1756990775.159,latency_s,6.166607
1756990775.159,latency_s,6.182865
1756990775.160,latency_s,6.213118
1756990775.160,latency_s,6.225585
1756990775.160,latency_s,6.164063
1756990775.160,latency_s,6.199381
1756990775.160,latency_s,6.194227
1756990775.160,latency_s,6.134057
1756990775.160,latency_s,6.146048
1756990775.160,latency_s,6.130776
1756990775.160,latency_s,6.092384
1756990775.160,latency_s,6.092748
1756990775.161,latency_s,6.112476
1756990775.161,latency_s,6.043640
1756990775.265,latency_s,6.188127
1756990775.265,latency_s,6.172359
1756990775.266,latency_s,6.218626
1756990775.266,latency_s,6.230642
1756990775.266,latency_s,6.129926
1756990775.266,latency_s,6.199285
1756990775.267,latency_s,6.178319
1756990775.267,latency_s,6.192344
1756990775.267,latency_s,6.205675
1756990775.268,latency_s,6.138112
1756990775.268,latency_s,6.098496
1756990775.269,latency_s,6.100604
1756990775.269,latency_s,6.119835
1756990775.269,latency_s,6.050834
1756990775.269,latency_s,6.091376
1756990775.269,latency_s,6.072629
1756990775.375,latency_s,6.104807
1756990775.376,latency_s,6.126522
1756990775.376,latency_s,6.057139
1756990775.376,latency_s,6.097616
1756990775.376,latency_s,6.078898
1756990775.376,latency_s,6.127047
1756990775.376,latency_s,6.027067
1756990775.415,latency_s,6.077910
1756990775.415,latency_s,6.144645
1756990775.415,latency_s,6.125686
1756990775.416,latency_s,6.140509
1756990775.416,latency_s,6.153162
1756990775.416,latency_s,6.118513
1756990775.416,latency_s,6.052706
1756990775.416,latency_s,6.100756
1756990775.416,latency_s,6.087308
1756990775.484,latency_s,6.134847
1756990775.484,latency_s,6.063981
1756990775.484,latency_s,6.105668
1756990775.486,latency_s,6.088021
1756990775.486,latency_s,6.036018
1756990775.486,latency_s,6.048465
1756990775.486,latency_s,6.095837
1756990775.563,latency_s,6.188031
1756990775.563,latency_s,6.198476
1756990775.563,latency_s,6.166072
1756990775.563,latency_s,6.192132
1756990775.564,latency_s,6.100117
1756990775.564,latency_s,6.132745
1756990775.564,latency_s,6.147872
1756990775.564,latency_s,6.130091
1756990775.564,latency_s,6.091569
1756990775.593,latency_s,6.093480
1756990775.594,latency_s,6.043020
1756990775.594,latency_s,6.055440
1756990775.594,latency_s,6.094666
1756990775.594,latency_s,6.118403
1756990775.594,latency_s,6.121622
1756990775.594,latency_s,6.101557
1756990775.594,latency_s,6.128251
1756990775.594,latency_s,6.027962
1756990775.594,latency_s,6.029531
1756990775.594,latency_s,6.063170
1756990775.594,latency_s,6.075468
1756990775.594,latency_s,6.024365
1756990775.594,latency_s,6.057947
1756990775.594,latency_s,6.021856
1756990775.594,latency_s,6.043236
1756990775.703,latency_s,6.102805
1756990775.703,latency_s,6.122881
1756990775.703,latency_s,6.063805
1756990775.703,latency_s,6.051520
1756990775.703,latency_s,6.035183
1756990775.703,latency_s,6.130193
1756990775.703,latency_s,6.127136
1756990775.703,latency_s,6.029535
1756990775.703,latency_s,6.027037
1756990775.703,latency_s,6.102591
1756990775.703,latency_s,6.104634
1756990775.703,latency_s,6.036498
1756990775.703,latency_s,6.069674
1756990775.703,latency_s,6.083665
1756990775.703,latency_s,6.064046
1756990775.703,latency_s,6.033168
1756990775.808,latency_s,6.127813
1756990775.808,latency_s,6.056323
1756990775.810,latency_s,6.070868
1756990775.810,latency_s,6.107896
1756990775.810,latency_s,6.041854
1756990775.810,latency_s,6.111462
1756990775.810,latency_s,6.036410
1756990775.810,latency_s,6.033465
1756990775.810,latency_s,6.076691
1756990775.810,latency_s,6.041800
1756990775.810,latency_s,6.089446
1756990775.810,latency_s,5.988309
1756990775.811,latency_s,6.071003
1756990775.811,latency_s,6.036685
1756990775.811,latency_s,6.040316
1756990775.811,latency_s,5.957802
1756990775.916,latency_s,6.115188
1756990775.916,latency_s,6.063493
1756990775.916,latency_s,6.076055
1756990775.916,latency_s,6.116572
1756990775.916,latency_s,6.038618
1756990775.916,latency_s,6.041107
1756990775.916,latency_s,6.045636
1756990775.917,latency_s,6.114471
1756990775.917,latency_s,6.081847
1756990775.917,latency_s,5.994100
1756990775.917,latency_s,6.076899
1756990775.917,latency_s,6.042093
1756990775.917,latency_s,6.046634
1756990775.917,latency_s,5.992344
1756990775.917,latency_s,6.015876
1756990775.917,latency_s,5.964215
1756990776.022,latency_s,6.120832
1756990776.022,latency_s,6.051086
1756990776.022,latency_s,6.044747
1756990776.024,latency_s,6.047167
1756990776.024,latency_s,6.120844
1756990776.024,latency_s,6.070950
1756990776.024,latency_s,6.087906
1756990776.024,latency_s,6.000458
1756990776.024,latency_s,5.986218
1756990776.024,latency_s,6.083504
1756990776.024,latency_s,5.981507
1756990776.024,latency_s,6.048383
1756990776.024,latency_s,6.053487
1756990776.024,latency_s,5.998738
1756990776.024,latency_s,6.022415
1756990776.024,latency_s,5.970689
1756990776.129,latency_s,6.087855
1756990776.129,latency_s,6.348221
1756990776.129,latency_s,6.247620
1756990776.129,latency_s,6.146547
1756990776.129,latency_s,6.045174
1756990776.129,latency_s,6.127140
1756990776.130,latency_s,6.055303
1756990776.130,latency_s,6.052233
1756990776.130,latency_s,6.052572
1756990776.130,latency_s,6.026911
1756990776.130,latency_s,6.126287
1756990776.130,latency_s,6.025279
1756990776.130,latency_s,6.076524
1756990776.130,latency_s,6.259987
1756990776.130,latency_s,6.159258
1756990776.130,latency_s,6.059088
1756990776.236,latency_s,6.097436
1756990776.236,latency_s,6.165249
1756990776.236,latency_s,6.092653
1756990776.236,latency_s,6.159941
1756990776.237,latency_s,6.082411
1756990776.237,latency_s,6.133900
1756990776.237,latency_s,6.033774
1756990776.237,latency_s,6.095971
1756990776.237,latency_s,6.059453
1756990776.237,latency_s,6.053202
1756990776.237,latency_s,6.031532
1756990776.237,latency_s,6.059808
1756990776.237,latency_s,6.062630
1756990776.238,latency_s,6.034091
1756990776.238,latency_s,6.083418
1756990776.238,latency_s,6.065984
1756990776.344,latency_s,6.172430
1756990776.344,latency_s,6.099415
1756990776.344,latency_s,6.166219
1756990776.344,latency_s,6.088584
1756990776.344,latency_s,6.040230
1756990776.344,latency_s,6.102482
1756990776.344,latency_s,6.059016
1756990776.344,latency_s,6.037421
1756990776.344,latency_s,6.065598
1756990776.344,latency_s,6.040447
1756990776.385,latency_s,6.106173
1756990776.385,latency_s,6.109221
1756990776.385,latency_s,6.130088
1756990776.385,latency_s,6.057480
1756990776.385,latency_s,6.042872
1756990776.385,latency_s,6.113341
1756990776.451,latency_s,6.094965
1756990776.452,latency_s,6.047596
1756990776.452,latency_s,6.110040
1756990776.452,latency_s,6.066062
1756990776.452,latency_s,6.043303
1756990776.452,latency_s,6.075378
1756990776.452,latency_s,6.072408
1756990776.452,latency_s,6.045455
1756990776.452,latency_s,6.072702
1756990776.452,latency_s,6.096302
1756990776.452,latency_s,6.178472
1756990776.452,latency_s,6.077539
1756990776.452,latency_s,6.009636
1756990776.452,latency_s,6.024336
1756990776.452,latency_s,6.080339
1756990776.452,latency_s,6.005250
1756990776.558,latency_s,6.101819
1756990776.558,latency_s,6.053761
1756990776.559,latency_s,6.116050
1756990776.559,latency_s,6.071699
1756990776.559,latency_s,6.049517
1756990776.559,latency_s,6.081988
1756990776.559,latency_s,6.078225
1756990776.559,latency_s,6.052052
1756990776.559,latency_s,6.102904
1756990776.559,latency_s,6.001514
1756990776.559,latency_s,6.016226
1756990776.559,latency_s,6.030649
1756990776.665,latency_s,6.191326
1756990776.665,latency_s,6.184385
1756990776.665,latency_s,6.116650
1756990776.665,latency_s,6.091393
1756990776.666,latency_s,6.060766
1756990776.666,latency_s,6.123620
1756990776.666,latency_s,6.056575
1756990776.666,latency_s,6.089448
1756990776.666,latency_s,6.078739
1756990776.666,latency_s,6.058954
1756990776.667,latency_s,6.085737
1756990776.667,latency_s,6.008791
1756990776.667,latency_s,6.037404
1756990776.667,latency_s,5.992824
1756990776.667,latency_s,6.085868
1756990776.667,latency_s,6.017637
1756990776.667,latency_s,5.985755
1756990776.667,latency_s,5.989666
1756990776.667,latency_s,6.034678
1756990776.667,latency_s,5.933942
1756990776.773,latency_s,6.293082
1756990776.773,latency_s,6.192846
1756990776.773,latency_s,6.092634
1756990776.773,latency_s,6.115911
1756990776.773,latency_s,6.067229
1756990776.774,latency_s,6.063055
1756990776.774,latency_s,6.085090
1756990776.774,latency_s,6.095718
1756990776.774,latency_s,6.066551
1756990776.774,latency_s,6.093406
1756990776.774,latency_s,6.016262
1756990776.774,latency_s,6.044140
1756990776.882,latency_s,6.107636
1756990776.882,latency_s,6.132298
1756990776.882,latency_s,6.100461
1756990776.882,latency_s,6.104893
1756990776.882,latency_s,6.048736
1756990776.882,latency_s,6.101536
1756990776.882,latency_s,6.124697
1756990776.882,latency_s,6.075978
1756990776.882,latency_s,6.070349
1756990776.883,latency_s,6.093019
1756990776.883,latency_s,6.074036
1756990776.883,latency_s,6.100808
1756990776.883,latency_s,6.103773
1756990776.883,latency_s,6.023794
1756990776.883,latency_s,6.239705
1756990776.883,latency_s,6.139214
1756990776.883,latency_s,6.038547
1756990776.883,latency_s,6.050962
1756990776.883,latency_s,6.007682
1756990776.883,latency_s,6.000377
1756990776.883,latency_s,6.031633
1756990776.883,latency_s,6.004019
1756990776.883,latency_s,5.948729
1756990776.883,latency_s,6.240402
1756990776.883,latency_s,6.139988
1756990776.883,latency_s,6.039290
1756990776.883,latency_s,5.936753
1756990776.883,latency_s,6.002288
1756990776.990,latency_s,6.083054
1756990776.990,latency_s,6.075976
1756990776.990,latency_s,6.131117
1756990776.990,latency_s,6.030960
1756990776.991,latency_s,6.081569
1756990776.991,latency_s,6.108150
1756990776.991,latency_s,6.110784
1756990776.991,latency_s,6.100519
1756990776.991,latency_s,6.031449
1756990776.991,latency_s,6.044139
1756990776.991,latency_s,6.058137
1756990776.991,latency_s,6.015219
1756990776.991,latency_s,6.007479
1756990777.031,latency_s,6.079166
1756990777.031,latency_s,6.051224
1756990777.031,latency_s,5.995570
1756990777.031,latency_s,5.984233
1756990777.031,latency_s,6.050039
1756990777.031,latency_s,5.971412
1756990777.031,latency_s,6.015416
1756990777.031,latency_s,6.024550
1756990777.031,latency_s,6.021883
1756990777.098,latency_s,6.117114
1756990777.098,latency_s,6.106873
1756990777.098,latency_s,6.114417
1756990777.098,latency_s,6.038126
1756990777.098,latency_s,6.046630
1756990777.098,latency_s,6.064654
1756990777.098,latency_s,6.022300
1756990777.098,latency_s,6.013867
1756990777.099,latency_s,6.046125
1756990777.099,latency_s,6.018775
1756990777.099,latency_s,5.963618
1756990777.100,latency_s,5.951907
1756990777.100,latency_s,6.018144
1756990777.180,latency_s,5.997694
1756990777.205,latency_s,6.088688
1756990777.206,latency_s,6.091112
1756990777.206,latency_s,6.112907
1756990777.206,latency_s,6.120419
1756990777.206,latency_s,6.124381
1756990777.206,latency_s,6.023497
1756990777.206,latency_s,6.045530
1756990777.206,latency_s,6.053886
1756990777.206,latency_s,6.070561
1756990777.206,latency_s,6.029860
1756990777.206,latency_s,6.020853
1756990777.206,latency_s,6.053546
1756990777.206,latency_s,6.025416
1756990777.206,latency_s,5.969155
1756990777.206,latency_s,5.957883
1756990777.206,latency_s,5.989833
1756990777.206,latency_s,5.923824
1756990777.206,latency_s,5.946205
1756990777.313,latency_s,6.104572
1756990777.313,latency_s,6.097765
1756990777.313,latency_s,6.030619
1756990777.313,latency_s,6.119700
1756990777.314,latency_s,6.127219
1756990777.314,latency_s,6.026515
1756990777.314,latency_s,6.052705
1756990777.314,latency_s,6.057695
1756990777.314,latency_s,6.076436
1756990777.314,latency_s,6.037014
1756990777.314,latency_s,6.028198
1756990777.314,latency_s,6.059362
1756990777.314,latency_s,6.030808
1756990777.314,latency_s,5.976432
1756990777.420,latency_s,6.070945
1756990777.420,latency_s,6.102190
1756990777.421,latency_s,6.112169
1756990777.421,latency_s,6.038289
1756990777.421,latency_s,6.104471
1756990777.421,latency_s,6.060480
1756990777.421,latency_s,6.033932
1756990777.421,latency_s,6.037954
1756990777.421,latency_s,6.060189
1756990777.421,latency_s,6.060817
1756990777.421,latency_s,6.043692
1756990777.422,latency_s,6.035275
1756990777.422,latency_s,6.065450
1756990777.422,latency_s,6.038386
1756990777.422,latency_s,5.983579
1756990777.422,latency_s,5.972261
1756990777.422,latency_s,6.002962
1756990777.422,latency_s,6.012609
1756990777.528,latency_s,6.043571
1756990777.528,latency_s,6.067121
1756990777.528,latency_s,6.039041
1756990777.528,latency_s,6.110811
1756990777.528,latency_s,6.043859
1756990777.528,latency_s,6.066958
1756990777.528,latency_s,6.067415
1756990777.528,latency_s,6.071454
1756990777.528,latency_s,6.049786
1756990777.528,latency_s,6.040370
1756990777.528,latency_s,6.043397
1756990777.528,latency_s,5.989687
1756990777.528,latency_s,5.978775
1756990777.529,latency_s,6.009460
1756990777.635,latency_s,6.023746
1756990777.636,latency_s,6.045094
1756990777.636,latency_s,6.050723
1756990777.636,latency_s,6.117854
1756990777.636,latency_s,6.050892
1756990777.636,latency_s,6.342129
1756990777.636,latency_s,6.240582
1756990777.636,latency_s,6.139863
1756990777.636,latency_s,6.039707
1756990777.636,latency_s,6.074453
1756990777.636,latency_s,6.298837
1756990777.636,latency_s,6.197771
1756990777.636,latency_s,6.097523
1756990777.636,latency_s,5.994940
1756990777.637,latency_s,6.074928
1756990777.743,latency_s,6.185045
1756990777.743,latency_s,6.164001
1756990777.743,latency_s,6.153099
1756990777.743,latency_s,6.157892
1756990777.744,latency_s,6.103984
1756990777.744,latency_s,6.093815
1756990777.744,latency_s,6.123946
1756990777.744,latency_s,6.031662
1756990777.744,latency_s,6.052243
1756990777.744,latency_s,6.124989
1756990777.744,latency_s,6.058117
1756990777.744,latency_s,6.057099
1756990777.744,latency_s,6.046839
1756990777.744,latency_s,6.082039
1756990777.744,latency_s,6.002388
1756990777.744,latency_s,6.082325
1756990777.744,latency_s,6.086152
1756990777.850,latency_s,6.159949
1756990777.850,latency_s,6.162494
1756990777.850,latency_s,6.062417
1756990777.851,latency_s,6.110625
1756990777.851,latency_s,6.100663
1756990777.851,latency_s,6.289188
1756990777.851,latency_s,6.189022
1756990777.851,latency_s,6.088365
1756990777.851,latency_s,6.058374
1756990777.851,latency_s,6.064307
1756990777.851,latency_s,6.127550
1756990777.851,latency_s,6.129305
1756990777.851,latency_s,6.026507
1756990777.851,latency_s,6.028714
1756990777.851,latency_s,6.063793
1756990777.958,latency_s,6.069690
1756990777.958,latency_s,6.117865
1756990777.959,latency_s,6.108330
1756990777.959,latency_s,6.096061
1756990777.959,latency_s,6.033304
1756990777.959,latency_s,6.065555
1756990777.959,latency_s,6.035405
1756990777.959,latency_s,6.072050
1756990777.959,latency_s,6.070511
1756990777.959,latency_s,6.060199
1756990777.959,latency_s,6.015936
1756990778.066,latency_s,6.200847
1756990778.066,latency_s,6.185317
1756990778.066,latency_s,6.105857
1756990778.066,latency_s,6.175714
1756990778.066,latency_s,6.075745
1756990778.066,latency_s,6.125283
1756990778.067,latency_s,6.254251
1756990778.067,latency_s,6.154074
1756990778.067,latency_s,6.053784
1756990778.067,latency_s,6.079060
1756990778.067,latency_s,6.042540
1756990778.067,latency_s,6.040398
1756990778.067,latency_s,6.071720
1756990778.067,latency_s,6.077289
1756990778.067,latency_s,6.066871
1756990778.067,latency_s,6.022936
1756990778.067,latency_s,6.100963
1756990778.067,latency_s,6.000309
1756990778.067,latency_s,6.076132
1756990778.067,latency_s,6.006318
1756990778.067,latency_s,6.085457
1756990778.175,latency_s,6.123629
1756990778.175,latency_s,6.111519
1756990778.175,latency_s,6.061703
1756990778.175,latency_s,6.050260
1756990778.176,latency_s,6.088423
1756990778.176,latency_s,6.085845
1756990778.176,latency_s,6.081113
1756990778.176,latency_s,6.049510
1756990778.176,latency_s,6.311223
1756990778.176,latency_s,6.210376
1756990778.177,latency_s,6.109943
1756990778.283,latency_s,6.182416
1756990778.283,latency_s,6.138092
1756990778.283,latency_s,6.116508
1756990778.283,latency_s,6.192417
1756990778.283,latency_s,6.121383
1756990778.284,latency_s,6.101439
1756990778.284,latency_s,6.092394
1756990778.284,latency_s,6.092184
1756990778.284,latency_s,6.141833
1756990778.284,latency_s,6.131663
1756990778.284,latency_s,6.119730
1756990778.284,latency_s,6.069899
1756990778.284,latency_s,6.092581
1756990778.284,latency_s,6.058475
1756990778.284,latency_s,6.087821
1756990778.284,latency_s,6.056748
1756990778.284,latency_s,6.094744
1756990778.284,latency_s,6.117049
1756990778.284,latency_s,6.082380
1756990778.284,latency_s,6.037932
1756990778.284,latency_s,6.016379
1756990778.391,latency_s,6.148471
1756990778.391,latency_s,6.138267
1756990778.391,latency_s,6.126181
1756990778.391,latency_s,6.076436
1756990778.391,latency_s,6.064993
1756990778.391,latency_s,6.094298
1756990778.391,latency_s,6.099904
1756990778.391,latency_s,6.063413
1756990778.391,latency_s,6.102180
1756990778.392,latency_s,6.123924
1756990778.392,latency_s,6.023709
1756990778.392,latency_s,6.089669
1756990778.499,latency_s,6.149905
1756990778.499,latency_s,6.130798
1756990778.499,latency_s,6.106838
1756990778.499,latency_s,6.134999
1756990778.499,latency_s,6.116188
1756990778.499,latency_s,6.105862
1756990778.499,latency_s,6.145550
1756990778.499,latency_s,6.045291
1756990778.499,latency_s,6.084328
1756990778.499,latency_s,6.133691
1756990778.499,latency_s,6.069575
1756990778.499,latency_s,6.107137
1756990778.499,latency_s,6.101661
1756990778.499,latency_s,6.109285
1756990778.499,latency_s,6.063958
1756990778.499,latency_s,6.030322
1756990778.499,latency_s,6.097078
1756990778.500,latency_s,6.049945
1756990778.500,latency_s,6.030379
1756990778.500,latency_s,6.006772
1756990778.500,latency_s,6.034791
1756990778.500,latency_s,6.016236
1756990778.500,latency_s,6.005918
1756990778.500,latency_s,5.943768
1756990778.500,latency_s,5.984322
1756990778.714,latency_s,6.248057
1756990778.714,latency_s,6.216015
1756990778.714,latency_s,6.182616
1756990778.714,latency_s,6.221187
1756990778.714,latency_s,6.223109
1756990778.714,latency_s,6.175875
1756990778.714,latency_s,6.144666
1756990778.714,latency_s,6.209923
1756990778.714,latency_s,6.144806
1756990778.714,latency_s,6.163696
1756990778.714,latency_s,6.120615
1756990778.714,latency_s,6.148908
1756990778.714,latency_s,6.130710
1756990778.714,latency_s,6.119766
1756990778.714,latency_s,6.369210
1756990778.714,latency_s,6.268548
1756990778.714,latency_s,6.167757
1756990778.714,latency_s,6.066900
1756990778.714,latency_s,6.057756
1756990778.715,latency_s,6.048320
1756990778.715,latency_s,6.116572
1756990778.715,latency_s,6.121385
1756990778.715,latency_s,6.083762
1756990778.715,latency_s,6.124114
1756990778.715,latency_s,6.075284
1756990778.715,latency_s,6.045254
1756990778.715,latency_s,6.110379
1756990778.715,latency_s,6.064172
1756990778.716,latency_s,6.045051
1756990778.716,latency_s,6.021926
1756990778.716,latency_s,6.049217
1756990778.716,latency_s,6.032057
1756990778.821,latency_s,6.080089
1756990778.823,latency_s,6.031334
1756990778.824,latency_s,6.128721
1756990778.824,latency_s,6.028026
1756990778.824,latency_s,6.052711
1756990778.824,latency_s,6.117374
1756990778.824,latency_s,6.052532
1756990778.962,latency_s,6.209473
1756990778.962,latency_s,6.194888
1756990778.962,latency_s,6.167176
1756990778.962,latency_s,6.177798
1756990778.962,latency_s,6.164842
1756990778.962,latency_s,6.112432
1756990778.962,latency_s,6.101264
1756990778.962,latency_s,6.143768
1756990778.962,latency_s,6.095372
1756990778.962,latency_s,6.091000
1756990778.962,latency_s,6.128998
1756990778.962,latency_s,6.069237
1756990778.962,latency_s,6.116617
1756990778.962,latency_s,6.065855
1756990778.962,latency_s,6.163244
1756990778.962,latency_s,6.063020
1756990778.962,latency_s,6.155162
1756990778.962,latency_s,6.054724
1756990778.962,latency_s,6.090975
1756990778.963,latency_s,6.108781
1756990778.963,latency_s,6.077667
1756990778.963,latency_s,6.095760
1756990778.963,latency_s,6.068077
1756990778.963,latency_s,6.012654
1756990778.963,latency_s,6.001370
1756990778.963,latency_s,6.043859
1756990779.039,latency_s,6.038643
1756990779.039,latency_s,6.042146
1756990779.039,latency_s,6.045213
1756990779.039,latency_s,6.028346
1756990779.039,latency_s,6.066794
1756990779.039,latency_s,6.083962
1756990779.070,latency_s,6.102494
1756990779.070,latency_s,6.074323
1756990779.070,latency_s,6.013145
1756990779.070,latency_s,6.007688
1756990779.070,latency_s,6.050220
1756990779.070,latency_s,6.003199
1756990779.177,latency_s,6.126235
1756990779.177,latency_s,6.143176
1756990779.177,latency_s,6.104743
1756990779.177,latency_s,6.080127
1756990779.177,latency_s,6.080889
1756990779.178,latency_s,6.077196
1756990779.178,latency_s,6.066698
1756990779.178,latency_s,6.122156
1756990779.178,latency_s,6.110270
1756990779.178,latency_s,6.081918
1756990779.178,latency_s,6.280418
1756990779.178,latency_s,6.179623
1756990779.178,latency_s,6.079454
1756990779.178,latency_s,6.020131
1756990779.178,latency_s,6.015181
1756990779.178,latency_s,6.057774
1756990779.178,latency_s,6.009881
1756990779.178,latency_s,6.026733
1756990779.178,latency_s,6.005016
1756990779.178,latency_s,5.977468
1756990779.178,latency_s,5.980696
1756990779.178,latency_s,5.981619
1756990779.178,latency_s,6.043447
1756990779.178,latency_s,5.967252
1756990779.178,latency_s,6.021831
1756990779.178,latency_s,6.193244
1756990779.285,latency_s,6.116491
1756990779.285,latency_s,6.016282
1756990779.392,latency_s,6.195873
1756990779.392,latency_s,6.193001
1756990779.392,latency_s,6.133725
1756990779.392,latency_s,6.128309
1756990779.392,latency_s,6.171358
1756990779.392,latency_s,6.071152
1756990779.392,latency_s,6.124121
1756990779.392,latency_s,6.092577
1756990779.392,latency_s,6.154667
1756990779.392,latency_s,6.118650
1756990779.393,latency_s,6.141270
1756990779.393,latency_s,6.092018
1756990779.393,latency_s,6.092908
1756990779.393,latency_s,6.081438
1756990779.393,latency_s,6.320150
1756990779.393,latency_s,6.217677
1756990779.393,latency_s,6.117368
1756990779.393,latency_s,6.135595
1756990779.393,latency_s,6.034543
1756990779.393,latency_s,6.105533
1756990779.393,latency_s,6.023143
1756990779.393,latency_s,6.097019
1756990779.394,latency_s,6.093626
1756990779.394,latency_s,6.034648
1756990779.394,latency_s,6.029568
1756990779.394,latency_s,5.971821
1756990779.394,latency_s,6.024721
1756990779.394,latency_s,5.993612
1756990779.394,latency_s,6.055891
1756990779.394,latency_s,6.042017
1756990779.394,latency_s,6.019530
1756990779.394,latency_s,5.955293
1756990779.501,latency_s,6.099545
1756990779.608,latency_s,6.196122
1756990779.608,latency_s,6.231702
1756990779.608,latency_s,6.148818
1756990779.608,latency_s,6.220297
1756990779.608,latency_s,6.137446
1756990779.608,latency_s,6.211803
1756990779.608,latency_s,6.208141
1756990779.608,latency_s,6.148009
1756990779.608,latency_s,6.144110
1756990779.609,latency_s,6.085846
1756990779.609,latency_s,6.139316
1756990779.609,latency_s,6.106646
1756990779.609,latency_s,6.155590
1756990779.609,latency_s,6.133382
1756990779.609,latency_s,6.103529
1756990779.609,latency_s,6.069278
1756990779.609,latency_s,6.103704
1756990779.609,latency_s,6.096422
1756990779.609,latency_s,6.131490
1756990779.609,latency_s,6.048765
1756990779.609,latency_s,6.118522
1756990779.609,latency_s,6.037504
1756990779.609,latency_s,6.112168
1756990779.609,latency_s,6.104276
1756990779.609,latency_s,6.003578
1756990779.609,latency_s,6.048122
1756990779.715,latency_s,6.150118
1756990779.715,latency_s,6.091574
1756990779.715,latency_s,6.145338
1756990779.715,latency_s,6.161666
1756990779.715,latency_s,6.108917
1756990779.716,latency_s,6.102185
1756990779.716,latency_s,6.138678
1756990779.716,latency_s,6.038147
1756990779.717,latency_s,6.054985
1756990779.826,latency_s,6.234901
1756990779.826,latency_s,6.153930
1756990779.826,latency_s,6.229288
1756990779.827,latency_s,6.128589
1756990779.827,latency_s,6.120254
1756990779.827,latency_s,6.165313
1756990779.827,latency_s,6.161849
1756990779.827,latency_s,6.102612
1756990779.827,latency_s,6.157023
1756990779.827,latency_s,6.071343
1756990779.827,latency_s,6.150619
1756990779.827,latency_s,6.120551
1756990779.827,latency_s,6.123365
1756990779.827,latency_s,6.120491
1756990779.827,latency_s,6.086593
1756990779.827,latency_s,6.112280
1756990779.827,latency_s,6.048574
1756990779.827,latency_s,6.064785
1756990779.934,latency_s,6.242213
1756990779.934,latency_s,6.142155
1756990779.934,latency_s,6.160497
1756990779.934,latency_s,6.135323
1756990779.934,latency_s,6.126619
1756990779.934,latency_s,6.171842
1756990779.934,latency_s,6.168991
1756990779.934,latency_s,6.109773
1756990779.934,latency_s,6.163631
1756990779.934,latency_s,6.126838
1756990779.934,latency_s,6.054440
1756990779.934,latency_s,6.071285
1756990779.934,latency_s,6.041209
1756990779.934,latency_s,6.060212
1756990780.044,latency_s,6.066207
1756990780.044,latency_s,6.135841
1756990780.044,latency_s,6.125940
1756990780.044,latency_s,6.062821
1756990780.044,latency_s,6.078306
1756990780.151,latency_s,6.156666
1756990780.151,latency_s,6.174708
1756990780.151,latency_s,6.151096
1756990780.151,latency_s,6.142521
1756990780.151,latency_s,6.185169
1756990780.151,latency_s,6.084543
1756990780.151,latency_s,6.125619
1756990780.151,latency_s,6.179396
1756990780.151,latency_s,6.079295
1756990780.151,latency_s,6.142506
1756990780.151,latency_s,6.105388
1756990780.151,latency_s,6.073474
1756990780.151,latency_s,6.093206
1756990780.151,latency_s,6.143038
1756990780.151,latency_s,6.144723
1756990780.151,latency_s,6.132018
1756990780.260,latency_s,6.178135
1756990780.260,latency_s,6.193284
1756990780.260,latency_s,6.164937
1756990780.260,latency_s,6.183020
1756990780.260,latency_s,6.159732
1756990780.260,latency_s,6.151227
1756990780.260,latency_s,6.193482
1756990780.260,latency_s,6.093575
1756990780.260,latency_s,6.134196
1756990780.260,latency_s,6.088096
1756990780.260,latency_s,6.151051
1756990780.260,latency_s,6.077915
1756990780.260,latency_s,6.093453
1756990780.260,latency_s,6.063683
1756990780.260,latency_s,6.082339
1756990780.261,latency_s,6.059443
1756990780.367,latency_s,6.099565
1756990780.367,latency_s,6.069509
1756990780.367,latency_s,6.088198
1756990780.367,latency_s,6.065894
1756990780.368,latency_s,6.056433
1756990780.368,latency_s,5.999647
1756990780.368,latency_s,5.994582
1756990780.368,latency_s,6.039983
1756990780.368,latency_s,6.000077
1756990780.368,latency_s,6.017347
1756990780.368,latency_s,6.056872
1756990780.368,latency_s,6.006097
1756990780.368,latency_s,5.988340
1756990780.368,latency_s,5.956257
1756990780.368,latency_s,6.045681
1756990780.368,latency_s,5.984502
1756990780.474,latency_s,6.093705
1756990780.474,latency_s,6.072761
1756990780.474,latency_s,6.062814
1756990780.475,latency_s,6.005775
1756990780.475,latency_s,6.000648
1756990780.475,latency_s,6.046571
1756990780.475,latency_s,6.006152
1756990780.475,latency_s,5.961268
1756990780.475,latency_s,6.011371
1756990780.581,latency_s,6.101205
1756990780.581,latency_s,6.156082
1756990780.581,latency_s,6.055971
1756990780.581,latency_s,6.097374
1756990780.581,latency_s,6.112336
1756990780.581,latency_s,6.080750
1756990780.581,latency_s,6.079298
1756990780.582,latency_s,6.100236
1756990780.582,latency_s,6.069126
1756990780.582,latency_s,6.012118
1756990780.582,latency_s,6.006997
1756990780.582,latency_s,6.012522
1756990780.582,latency_s,6.053571
1756990780.582,latency_s,6.270897
1756990780.583,latency_s,6.171325
1756990780.583,latency_s,6.274668
1756990780.583,latency_s,6.069754
1756990780.583,latency_s,6.174449
1756990780.583,latency_s,5.969433
1756990780.583,latency_s,6.074041
1756990780.688,latency_s,6.078028
1756990780.688,latency_s,6.123181
1756990780.688,latency_s,6.107423
1756990780.691,latency_s,6.089127
1756990780.692,latency_s,6.108983
1756990780.692,latency_s,6.078917
1756990780.692,latency_s,6.021204
1756990780.692,latency_s,6.016730
1756990780.692,latency_s,6.240520
1756990780.692,latency_s,6.021713
1756990780.692,latency_s,6.062312
1756990780.692,latency_s,6.140392
1756990780.795,latency_s,6.067440
1756990780.795,latency_s,6.110059
1756990780.795,latency_s,6.093708
1756990780.796,latency_s,6.124365
1756990780.796,latency_s,6.092554
1756990780.796,latency_s,6.112452
1756990780.796,latency_s,6.082388
1756990780.844,latency_s,6.072052
1756990780.844,latency_s,6.068223
1756990780.844,latency_s,6.113595
1756990780.844,latency_s,6.091980
1756990780.844,latency_s,6.073816
1756990780.844,latency_s,6.013449
1756990780.844,latency_s,6.033396
1756990780.844,latency_s,6.028965
1756990780.844,latency_s,6.076710
1756990780.844,latency_s,6.028984
1756990780.904,latency_s,6.121361
1756990780.904,latency_s,6.075091
1756990780.904,latency_s,6.130859
1756990780.904,latency_s,6.117616
1756990780.904,latency_s,6.100883
1756990780.904,latency_s,6.120264
1756990780.904,latency_s,6.100549
1756990780.904,latency_s,6.019501
1756990780.904,latency_s,6.090144
1756990780.904,latency_s,6.032827
1756990780.904,latency_s,5.973109
1756990780.904,latency_s,6.028095
1756990780.904,latency_s,6.051841
1756990780.904,latency_s,5.988523
1756990780.904,latency_s,5.992579
1756990781.010,latency_s,6.036269
1756990781.010,latency_s,6.106736
1756990781.010,latency_s,6.123766
1756990781.010,latency_s,6.025029
1756990781.010,latency_s,6.106622
1756990781.010,latency_s,6.095927
1756990781.010,latency_s,6.038654
1756990781.010,latency_s,5.979393
1756990781.011,latency_s,6.033873
1756990781.117,latency_s,6.164041
1756990781.117,latency_s,6.101017
1756990781.117,latency_s,6.104934
1756990781.117,latency_s,6.134189
1756990781.117,latency_s,6.147422
1756990781.117,latency_s,6.086078
1756990781.118,latency_s,6.113481
1756990781.118,latency_s,6.040947
1756990781.118,latency_s,6.130438
1756990781.118,latency_s,6.029624
1756990781.118,latency_s,6.031727
1756990781.118,latency_s,6.113424
1756990781.118,latency_s,6.103181
1756990781.118,latency_s,6.003086
1756990781.118,latency_s,6.245857
1756990781.118,latency_s,6.145588
1756990781.225,latency_s,6.152487
1756990781.225,latency_s,6.152671
1756990781.225,latency_s,6.148414
1756990781.225,latency_s,6.112799
1756990781.225,latency_s,6.108090
1756990781.225,latency_s,6.171678
1756990781.225,latency_s,6.071391
1756990781.226,latency_s,6.154362
1756990781.226,latency_s,6.093293
1756990781.226,latency_s,6.037420
1756990781.226,latency_s,6.120002
1756990781.226,latency_s,6.120122
1756990781.267,latency_s,6.058822
1756990781.267,latency_s,6.080015
1756990781.267,latency_s,6.051654
1756990781.267,latency_s,6.094221
1756990781.333,latency_s,6.043957
1756990781.333,latency_s,6.127162
1756990781.333,latency_s,6.024494
1756990781.333,latency_s,6.044159
1756990781.333,latency_s,6.017467
1756990781.333,latency_s,6.059483
1756990781.333,latency_s,6.202027
1756990781.333,latency_s,6.101729
1756990781.333,latency_s,5.999529
1756990781.333,latency_s,6.014358
1756990781.333,latency_s,6.059813
1756990781.333,latency_s,6.055924
1756990781.333,latency_s,6.015489
1756990781.334,latency_s,5.976939
1756990781.334,latency_s,6.019383
1756990781.334,latency_s,6.048666
1756990781.441,latency_s,6.163139
1756990781.442,latency_s,6.063881
1756990781.442,latency_s,6.135309
1756990781.442,latency_s,6.034431
1756990781.442,latency_s,6.033243
1756990781.442,latency_s,6.051525
1756990781.442,latency_s,6.026258
1756990781.442,latency_s,6.068209
1756990781.442,latency_s,6.008135
1756990781.442,latency_s,6.023181
1756990781.548,latency_s,6.173956
1756990781.548,latency_s,6.170223
1756990781.548,latency_s,6.073823
1756990781.548,latency_s,6.069923
1756990781.548,latency_s,6.090716
1756990781.548,latency_s,6.129278
1756990781.548,latency_s,6.111543
1756990781.550,latency_s,6.071474
1756990781.550,latency_s,6.041451
1756990781.550,latency_s,6.040569
1756990781.550,latency_s,6.058298
1756990781.550,latency_s,6.033826
1756990781.550,latency_s,6.075719
1756990781.550,latency_s,6.015749
1756990781.550,latency_s,6.030492
1756990781.550,latency_s,5.975429
1756990781.550,latency_s,5.971821
1756990781.550,latency_s,5.992587
1756990781.550,latency_s,6.031027
1756990781.550,latency_s,6.034688
1756990781.550,latency_s,5.973054
1756990781.550,latency_s,5.963732
1756990781.655,latency_s,6.265608
1756990781.655,latency_s,6.165487
1756990781.655,latency_s,6.065208
1756990781.656,latency_s,6.076686
1756990781.656,latency_s,6.047085
1756990781.656,latency_s,6.045159
1756990781.656,latency_s,6.063606
1756990781.656,latency_s,6.039299
1756990781.657,latency_s,6.082463
1756990781.657,latency_s,6.022305
1756990781.657,latency_s,6.037209
1756990781.657,latency_s,5.981865
1756990781.763,latency_s,6.084334
1756990781.764,latency_s,6.147424
1756990781.764,latency_s,6.105290
1756990781.764,latency_s,6.143884
1756990781.764,latency_s,6.084556
1756990781.764,latency_s,6.076246
1756990781.764,latency_s,6.125716
1756990781.764,latency_s,6.073280
1756990781.764,latency_s,6.084363
1756990781.764,latency_s,6.055308
1756990781.764,latency_s,6.052718
1756990781.764,latency_s,6.071494
1756990781.764,latency_s,6.047327
1756990781.764,latency_s,6.088866
1756990781.764,latency_s,6.029228
1756990781.764,latency_s,6.044120
1756990781.764,latency_s,5.984303
1756990781.764,latency_s,6.047272
1756990781.764,latency_s,6.005393
1756990781.764,latency_s,6.044331
1756990781.764,latency_s,5.984414
1756990781.764,latency_s,5.976134
1756990781.764,latency_s,6.025104
1756990781.765,latency_s,5.972941
1756990781.765,latency_s,5.984355
1756990781.765,latency_s,5.955624
1756990781.805,latency_s,6.029857
1756990781.805,latency_s,5.993768
1756990781.871,latency_s,6.077672
1756990781.871,latency_s,6.054153
1756990781.871,latency_s,6.095541
1756990781.872,latency_s,6.036678
1756990781.872,latency_s,6.051481
1756990781.872,latency_s,5.991854
1756990781.872,latency_s,6.054870
1756990781.872,latency_s,6.012653
1756990781.872,latency_s,6.051804
1756990781.872,latency_s,5.990537
1756990781.872,latency_s,5.983767
1756990781.872,latency_s,6.031981
1756990781.872,latency_s,5.979309
1756990781.872,latency_s,5.990572
1756990781.872,latency_s,5.963054
1756990781.872,latency_s,5.996755
1756990781.872,latency_s,5.960713
1756990781.873,latency_s,5.979198
1756990781.953,latency_s,6.034761
1756990781.953,latency_s,6.017110
1756990781.953,latency_s,6.032012
1756990781.953,latency_s,5.972521
1756990781.953,latency_s,6.035019
1756990781.953,latency_s,5.934480
1756990781.953,latency_s,5.993392
1756990781.953,latency_s,6.032505
1756990781.953,latency_s,5.932406
1756990781.953,latency_s,5.971296
1756990781.979,latency_s,5.990796
1756990781.980,latency_s,6.038927
1756990781.980,latency_s,5.986404
1756990781.980,latency_s,5.997647
1756990781.980,latency_s,5.969502
1756990781.980,latency_s,6.003756
1756990781.980,latency_s,5.966876
1756990782.060,latency_s,6.065720
1756990782.060,latency_s,6.041669
1756990782.060,latency_s,6.024438
1756990782.060,latency_s,6.039257
1756990782.060,latency_s,5.938777
1756990782.060,latency_s,5.979560
1756990782.060,latency_s,5.941434
1756990782.061,latency_s,6.000611
1756990782.087,latency_s,5.966250
1756990782.088,latency_s,6.004815
1756990782.088,latency_s,5.998419
1756990782.088,latency_s,6.045333
1756990782.088,latency_s,5.944744
1756990782.088,latency_s,5.993502
1756990782.088,latency_s,6.004901
1756990782.088,latency_s,5.976949
1756990782.088,latency_s,6.011540
1756990782.088,latency_s,5.993459
1756990782.088,latency_s,5.974088
1756990782.167,latency_s,6.048021
1756990782.167,latency_s,6.030379
1756990782.167,latency_s,5.945240
1756990782.167,latency_s,5.986045
1756990782.167,latency_s,6.290881
1756990782.167,latency_s,6.190714
1756990782.167,latency_s,6.007087
1756990782.167,latency_s,6.090155
1756990782.167,latency_s,5.947995
1756990782.167,latency_s,5.987514
1756990782.168,latency_s,5.946098
1756990782.168,latency_s,5.983932
1756990782.168,latency_s,5.978227
1756990782.275,latency_s,6.028075
1756990782.275,latency_s,6.079463
1756990782.275,latency_s,6.091722
1756990782.275,latency_s,6.064283
1756990782.275,latency_s,6.098755
1756990782.275,latency_s,6.080558
1756990782.275,latency_s,6.058814
1756990782.275,latency_s,6.056051
1756990782.276,latency_s,6.037838
1756990782.276,latency_s,5.953250
1756990782.276,latency_s,5.994496
1756990782.276,latency_s,5.994860
1756990782.276,latency_s,6.013688
1756990782.276,latency_s,5.955412
1756990782.276,latency_s,5.953490
1756990782.276,latency_s,5.991933
1756990782.276,latency_s,5.986098
1756990782.276,latency_s,5.927317
1756990782.276,latency_s,5.991898
1756990782.384,latency_s,6.086523
1756990782.384,latency_s,6.072459
1756990782.384,latency_s,6.105918
1756990782.384,latency_s,6.003077
1756990782.384,latency_s,6.088742
1756990782.384,latency_s,6.066276
1756990782.384,latency_s,6.063621
1756990782.384,latency_s,6.045838
1756990782.384,latency_s,5.961305
1756990782.384,latency_s,6.002432
1756990782.384,latency_s,5.962826
1756990782.384,latency_s,6.022003
1756990782.384,latency_s,5.961829
1756990782.384,latency_s,5.999726
1756990782.491,latency_s,6.100068
1756990782.491,latency_s,6.041909
1756990782.491,latency_s,6.107109
1756990782.491,latency_s,6.093964
1756990782.491,latency_s,6.079646
1756990782.491,latency_s,6.009330
1756990782.492,latency_s,6.107386
1756990782.492,latency_s,6.006932
1756990782.492,latency_s,6.096127
1756990782.492,latency_s,6.071851
1756990782.492,latency_s,5.995516
1756990782.492,latency_s,6.070446
1756990782.492,latency_s,6.052748
1756990782.492,latency_s,5.951686
1756990782.492,latency_s,5.968801
1756990782.492,latency_s,6.009622
1756990782.492,latency_s,5.969597
1756990782.492,latency_s,6.028026
1756990782.598,latency_s,6.075705
1756990782.599,latency_s,6.113979
1756990782.599,latency_s,6.106128
1756990782.599,latency_s,6.043892
1756990782.599,latency_s,6.114096
1756990782.599,latency_s,6.100202
1756990782.599,latency_s,6.086954
1756990782.599,latency_s,6.013237
1756990782.599,latency_s,6.015347
1756990782.599,latency_s,6.002533
1756990782.599,latency_s,6.078790
1756990782.599,latency_s,6.076884
1756990782.599,latency_s,5.958549
1756990782.599,latency_s,5.975649
1756990782.706,latency_s,6.140709
1756990782.706,latency_s,6.082943
1756990782.706,latency_s,6.121117
1756990782.706,latency_s,6.113371
1756990782.707,latency_s,6.051435
1756990782.707,latency_s,6.121640
1756990782.707,latency_s,6.020627
1756990782.707,latency_s,6.107369
1756990782.707,latency_s,6.094560
1756990782.707,latency_s,6.020789
1756990782.708,latency_s,6.023372
1756990782.708,latency_s,6.010451
1756990782.708,latency_s,6.086705
1756990782.708,latency_s,6.084321
1756990782.708,latency_s,5.984078
1756990782.814,latency_s,6.087082
1756990782.814,latency_s,6.131319
1756990782.814,latency_s,6.088784
1756990782.815,latency_s,6.148851
1756990782.815,latency_s,6.088902
1756990782.815,latency_s,6.048412
1756990782.815,latency_s,6.129127
1756990782.815,latency_s,6.121573
1756990782.815,latency_s,6.059441
1756990782.815,latency_s,6.028400
1756990782.815,latency_s,6.113547
1756990782.816,latency_s,6.102267
1756990782.816,latency_s,6.031242
1756990782.816,latency_s,6.092815
1756990782.816,latency_s,6.017084
1756990782.816,latency_s,5.991778
1756990782.816,latency_s,6.028326
1756990782.925,latency_s,6.130898
1756990782.925,latency_s,6.068814
1756990782.925,latency_s,6.036152
1756990782.925,latency_s,6.122370
1756990782.925,latency_s,6.021377
1756990783.032,latency_s,6.218396
1756990783.032,latency_s,6.117660
1756990783.032,latency_s,6.146934
1756990783.032,latency_s,6.209039
1756990783.032,latency_s,6.106401
1756990783.032,latency_s,6.131377
1756990783.032,latency_s,6.107478
1756990783.032,latency_s,6.142883
1756990783.032,latency_s,6.148161
1756990783.032,latency_s,6.102505
1756990783.034,latency_s,6.106104
1756990783.034,latency_s,6.146229
1756990783.034,latency_s,6.045517
1756990783.034,latency_s,6.293149
1756990783.034,latency_s,6.192436
1756990783.034,latency_s,6.138471
1756990783.034,latency_s,6.092292
1756990783.034,latency_s,6.077177
1756990783.034,latency_s,6.044127
1756990783.034,latency_s,6.029550
1756990783.034,latency_s,6.019564
1756990783.034,latency_s,6.046975
1756990783.034,latency_s,6.008084
1756990783.034,latency_s,6.032505
1756990783.034,latency_s,6.009221
1756990783.034,latency_s,6.044255
1756990783.034,latency_s,6.003873
1756990783.141,latency_s,6.056413
1756990783.142,latency_s,6.069876
1756990783.142,latency_s,6.110985
1756990783.142,latency_s,6.112839
1756990783.142,latency_s,6.053229
1756990783.142,latency_s,6.099839
1756990783.142,latency_s,6.145862
1756990783.142,latency_s,6.084339
1756990783.142,latency_s,6.050881
1756990783.142,latency_s,6.035742
1756990783.142,latency_s,6.027110
1756990783.250,latency_s,6.161034
1756990783.250,latency_s,6.120554
1756990783.250,latency_s,6.147460
1756990783.250,latency_s,6.123380
1756990783.250,latency_s,6.158515
1756990783.251,latency_s,6.118005
1756990783.251,latency_s,6.065072
1756990783.251,latency_s,6.078667
1756990783.251,latency_s,6.118118
1756990783.251,latency_s,6.107812
1756990783.251,latency_s,6.117120
1756990783.251,latency_s,6.061764
1756990783.251,latency_s,6.153855
1756990783.251,latency_s,6.052990
1756990783.251,latency_s,6.093175
1756990783.251,latency_s,6.059400
1756990783.251,latency_s,6.044563
1756990783.251,latency_s,6.035287
1756990783.251,latency_s,6.061997
1756990783.251,latency_s,6.047871
1756990783.251,latency_s,6.021824
1756990783.357,latency_s,6.071028
1756990783.357,latency_s,6.083212
1756990783.357,latency_s,6.121937
1756990783.357,latency_s,6.121472
1756990783.357,latency_s,6.113676
1756990783.358,latency_s,6.067677
1756990783.358,latency_s,6.059415
1756990783.358,latency_s,6.099897
1756990783.358,latency_s,6.065366
1756990783.358,latency_s,6.051618
1756990783.358,latency_s,6.042272
1756990783.359,latency_s,6.068944
1756990783.359,latency_s,6.053643
1756990783.359,latency_s,6.028481
1756990783.359,latency_s,6.029986
1756990783.359,latency_s,6.065489
1756990783.359,latency_s,6.024266
1756990783.359,latency_s,5.972948
1756990783.465,latency_s,6.128583
1756990783.465,latency_s,6.072246
1756990783.465,latency_s,6.128369
1756990783.465,latency_s,6.121375
1756990783.465,latency_s,6.065975
1756990783.465,latency_s,6.091167
1756990783.465,latency_s,6.105303
1756990783.465,latency_s,6.066485
1756990783.465,latency_s,6.057513
1756990783.465,latency_s,6.048824
1756990783.465,latency_s,6.071461
1756990783.465,latency_s,6.059369
1756990783.465,latency_s,6.032898
1756990783.465,latency_s,6.035717
1756990783.465,latency_s,6.030235
1756990783.465,latency_s,5.968971
1756990783.466,latency_s,6.028580
1756990783.466,latency_s,6.028841
1756990783.466,latency_s,6.021487
1756990783.572,latency_s,6.111608
1756990783.573,latency_s,6.064888
1756990783.573,latency_s,6.073528
1756990783.573,latency_s,6.055846
1756990783.573,latency_s,6.075516
1756990783.573,latency_s,6.066165
1756990783.680,latency_s,6.146161
1756990783.680,latency_s,6.150341
1756990783.680,latency_s,6.144622
1756990783.680,latency_s,6.080402
1756990783.680,latency_s,6.081449
1756990783.680,latency_s,6.135480
1756990783.681,latency_s,6.142359
1756990783.681,latency_s,6.105295
1756990783.681,latency_s,6.142505
1756990783.681,latency_s,6.118852
1756990783.681,latency_s,6.062884
1756990783.681,latency_s,6.081361
1756990783.681,latency_s,6.073188
1756990783.681,latency_s,6.046436
1756990783.681,latency_s,6.050690
1756990783.681,latency_s,6.194523
1756990783.681,latency_s,6.094279
1756990783.681,latency_s,5.994140
1756990783.681,latency_s,6.287322
1756990783.681,latency_s,6.183890
1756990783.681,latency_s,6.082143
1756990783.682,latency_s,5.979990
1756990783.682,latency_s,6.045747
1756990783.682,latency_s,5.944876
1756990783.682,latency_s,5.981382
1756990783.682,latency_s,5.981572
1756990783.787,latency_s,6.148370
1756990783.787,latency_s,6.047160
1756990783.788,latency_s,6.047028
1756990783.788,latency_s,6.124774
1756990783.788,latency_s,6.078756
1756990783.788,latency_s,6.086785
1756990783.788,latency_s,6.070099
1756990783.788,latency_s,6.088123
1756990783.788,latency_s,6.079155
1756990784.002,latency_s,6.265787
1756990784.002,latency_s,6.271316
1756990784.003,latency_s,6.215680
1756990784.003,latency_s,6.200246
1756990784.003,latency_s,6.163115
1756990784.003,latency_s,6.202280
1756990784.003,latency_s,6.225717
1756990784.003,latency_s,6.255951
1756990784.003,latency_s,6.160390
1756990784.003,latency_s,6.202641
1756990784.003,latency_s,6.160504
1756990784.003,latency_s,6.155770
1756990784.003,latency_s,6.239413
1756990784.003,latency_s,6.138345
1756990784.003,latency_s,6.193804
1756990784.003,latency_s,6.200662
1756990784.003,latency_s,6.184450
1756990784.003,latency_s,6.203118
1756990784.003,latency_s,6.193721
1756990784.003,latency_s,6.163848
1756990784.003,latency_s,6.172142
1756990784.004,latency_s,6.116278
1756990784.004,latency_s,6.100610
1756990784.004,latency_s,6.060097
1756990784.004,latency_s,6.102912
1756990784.004,latency_s,6.057327
1756990784.004,latency_s,6.126441
1756990784.004,latency_s,6.103324
1756990784.004,latency_s,6.056056
1756990784.004,latency_s,6.094190
1756990784.004,latency_s,6.084904
1756990784.004,latency_s,6.103755
1756990784.110,latency_s,6.108669
1756990784.111,latency_s,6.008801
1756990784.111,latency_s,6.067033
1756990784.111,latency_s,6.100676
1756990784.111,latency_s,6.078730
1756990784.111,latency_s,6.022366
1756990784.112,latency_s,6.007734
1756990784.219,latency_s,6.073201
1756990784.219,latency_s,6.116623
1756990784.219,latency_s,6.116797
1756990784.219,latency_s,6.071170
1756990784.219,latency_s,6.140585
1756990784.219,latency_s,6.071069
1756990784.219,latency_s,6.070977
1756990784.219,latency_s,6.049649
1756990784.219,latency_s,6.115380
1756990784.219,latency_s,6.098207
1756990784.219,latency_s,6.108541
1756990784.219,latency_s,6.016884
1756990784.219,latency_s,6.108616
1756990784.219,latency_s,6.073890
1756990784.220,latency_s,6.008348
1756990784.220,latency_s,6.086836
1756990784.220,latency_s,6.030213
1756990784.220,latency_s,6.015117
1756990784.220,latency_s,5.973816
1756990784.220,latency_s,6.017207
1756990784.220,latency_s,5.970675
1756990784.220,latency_s,5.969186
1756990784.220,latency_s,6.041031
1756990784.220,latency_s,5.970758
1756990784.220,latency_s,5.940952
1756990784.220,latency_s,6.017516
1756990784.326,latency_s,6.104201
1756990784.326,latency_s,6.021198
1756990784.326,latency_s,6.114474
1756990784.326,latency_s,6.023315
1756990784.326,latency_s,6.012890
1756990784.326,latency_s,6.080030
1756990784.327,latency_s,6.093627
1756990784.327,latency_s,5.992695
1756990784.434,latency_s,6.142826
1756990784.434,latency_s,6.128230
1756990784.434,latency_s,6.087697
1756990784.434,latency_s,6.131105
1756990784.434,latency_s,6.054086
1756990784.434,latency_s,6.082389
1756990784.434,latency_s,6.084119
1756990784.434,latency_s,6.131221
1756990784.434,latency_s,6.084457
1756990784.434,latency_s,6.061715
1756990784.434,latency_s,6.028818
1756990784.434,latency_s,6.121117
1756990784.434,latency_s,6.112200
1756990784.434,latency_s,6.019944
1756990784.434,latency_s,6.031484
1756990784.434,latency_s,6.020064
1756990784.435,latency_s,6.087900
1756990784.435,latency_s,6.000395
1756990784.435,latency_s,6.043197
1756990784.435,latency_s,6.027692
1756990784.435,latency_s,5.986493
1756990784.435,latency_s,6.031729
1756990784.474,latency_s,6.021547
1756990784.475,latency_s,5.994041
1756990784.475,latency_s,6.024367
1756990784.475,latency_s,6.024154
1756990784.475,latency_s,6.071510
1756990784.475,latency_s,6.001157
1756990784.475,latency_s,5.968985
1756990784.475,latency_s,5.959570
1756990784.541,latency_s,6.118494
1756990784.541,latency_s,6.018190
1756990784.542,latency_s,6.038310
1756990784.542,latency_s,6.026500
1756990784.542,latency_s,6.093411
1756990784.542,latency_s,6.007395
1756990784.542,latency_s,6.034110
1756990784.542,latency_s,6.050329
1756990784.623,latency_s,6.030564
1756990784.623,latency_s,6.073730
1756990784.623,latency_s,6.119389
1756990784.623,latency_s,6.069840
1756990784.623,latency_s,6.042450
1756990784.623,latency_s,6.070882
1756990784.623,latency_s,6.070689
1756990784.623,latency_s,6.119852
1756990784.623,latency_s,6.019617
1756990784.623,latency_s,6.044647
1756990784.623,latency_s,6.017074
1756990784.648,latency_s,6.024467
1756990784.649,latency_s,6.030735
1756990784.649,latency_s,6.044981
1756990784.649,latency_s,6.030773
1756990784.649,latency_s,6.099456
1756990784.649,latency_s,6.013273
1756990784.649,latency_s,5.956198
1756990784.649,latency_s,6.040157
1756990784.755,latency_s,6.104357
1756990784.755,latency_s,6.150827
1756990784.755,latency_s,6.050682
1756990784.755,latency_s,6.100299
1756990784.755,latency_s,6.073595
1756990784.755,latency_s,6.102453
1756990784.755,latency_s,6.051171
1756990784.756,latency_s,6.103168
1756990784.756,latency_s,6.067447
1756990784.756,latency_s,6.048975
1756990784.756,latency_s,6.031949
1756990784.756,latency_s,6.037358
1756990784.756,latency_s,6.052248
1756990784.756,latency_s,6.036475
1756990784.756,latency_s,6.105620
1756990784.756,latency_s,6.005092
1756990784.756,latency_s,6.019945
1756990784.863,latency_s,6.069556
1756990784.863,latency_s,6.153893
1756990784.863,latency_s,6.052402
1756990784.864,latency_s,6.112999
1756990784.864,latency_s,6.059291
1756990784.864,latency_s,6.108891
1756990784.864,latency_s,6.082188
1756990784.864,latency_s,6.111216
1756990784.864,latency_s,6.059106
1756990784.864,latency_s,6.111574
1756990784.864,latency_s,6.075665
1756990784.864,latency_s,6.056920
1756990784.864,latency_s,6.039806
1756990784.865,latency_s,6.044843
1756990784.865,latency_s,6.060513
1756990784.865,latency_s,6.044762
1756990784.865,latency_s,6.012060
1756990784.865,latency_s,6.027086
1756990784.865,latency_s,5.970659
1756990784.865,latency_s,5.953437
1756990784.865,latency_s,6.012380
1756990784.865,latency_s,5.956881
1756990784.969,latency_s,6.087132
1756990784.970,latency_s,6.061514
1756990784.970,latency_s,6.116632
1756990784.970,latency_s,6.079881
1756990784.970,latency_s,6.061695
1756990784.970,latency_s,6.044791
1756990784.970,latency_s,6.048778
1756990784.971,latency_s,6.066372
1756990784.971,latency_s,6.050116
1756990784.971,latency_s,6.018057
1756990784.972,latency_s,6.033558
1756990784.972,latency_s,5.977242
1756990785.077,latency_s,6.065067
1756990785.077,latency_s,6.124228
1756990785.077,latency_s,6.068870
1756990785.077,latency_s,6.120664
1756990785.077,latency_s,6.094135
1756990785.077,latency_s,6.123681
1756990785.077,latency_s,6.065307
1756990785.077,latency_s,6.124188
1756990785.077,latency_s,6.087209
1756990785.078,latency_s,6.068843
1756990785.078,latency_s,6.051852
1756990785.078,latency_s,6.056219
1756990785.078,latency_s,6.071517
1756990785.078,latency_s,6.056336
1756990785.078,latency_s,6.024268
1756990785.078,latency_s,6.039425
1756990785.079,latency_s,5.984285
1756990785.079,latency_s,5.970631
1756990785.080,latency_s,5.966999
1756990785.080,latency_s,6.026139
1756990785.080,latency_s,6.022714
1756990785.080,latency_s,6.025981
1756990785.080,latency_s,5.995175
1756990785.120,latency_s,6.065943
1756990785.120,latency_s,6.007359
1756990785.120,latency_s,6.029434
1756990785.120,latency_s,6.010959
1756990785.120,latency_s,5.997356
1756990785.120,latency_s,5.993948
1756990785.120,latency_s,6.013628
1756990785.186,latency_s,6.063667
1756990785.294,latency_s,6.140216
1756990785.294,latency_s,6.155228
1756990785.294,latency_s,6.098872
1756990785.294,latency_s,6.085090
1756990785.294,latency_s,6.139963
1756990785.295,latency_s,6.081281
1756990785.295,latency_s,6.136985
1756990785.295,latency_s,6.140324
1756990785.295,latency_s,6.140322
1756990785.295,latency_s,6.081612
1756990785.295,latency_s,6.109548
1756990785.295,latency_s,6.085116
1756990785.295,latency_s,6.070208
1756990785.295,latency_s,6.068095
1756990785.295,latency_s,6.087383
1756990785.295,latency_s,6.070624
1756990785.295,latency_s,6.040509
1756990785.295,latency_s,6.055374
1756990785.295,latency_s,5.999291
1756990785.295,latency_s,6.040616
1756990785.296,latency_s,5.981920
1756990785.296,latency_s,6.037658
1756990785.296,latency_s,5.937290
1756990785.296,latency_s,6.041080
1756990785.296,latency_s,5.940675
1756990785.296,latency_s,6.041110
1756990785.296,latency_s,5.940409
1756990785.296,latency_s,6.010203
1756990785.296,latency_s,5.982450
1756990785.296,latency_s,5.985868
1756990785.296,latency_s,5.968770
1756990785.401,latency_s,6.093095
1756990785.403,latency_s,6.076652
1756990785.403,latency_s,6.047868
1756990785.403,latency_s,6.063286
1756990785.403,latency_s,6.006868
1756990785.403,latency_s,6.048057
1756990785.403,latency_s,5.989396
1756990785.512,latency_s,6.055368
1756990785.512,latency_s,6.053610
1756990785.513,latency_s,6.126754
1756990785.513,latency_s,6.098393
1756990785.513,latency_s,6.321016
1756990785.513,latency_s,6.055489
1756990785.513,latency_s,6.055169
1756990785.513,latency_s,6.220160
1756990785.513,latency_s,6.116886
1756990785.513,latency_s,6.085278
1756990785.513,latency_s,6.085852
1756990785.513,latency_s,6.102206
1756990785.513,latency_s,6.055434
1756990785.513,latency_s,6.086220
1756990785.513,latency_s,6.072399
1756990785.513,latency_s,6.202910
1756990785.513,latency_s,6.102632
1756990785.513,latency_s,6.002507
1756990785.513,latency_s,5.956043
1756990785.513,latency_s,6.016158
1756990785.620,latency_s,6.105518
1756990785.620,latency_s,6.133367
1756990785.620,latency_s,6.122979
1756990785.620,latency_s,6.105525
1756990785.620,latency_s,6.062252
1756990785.620,latency_s,6.060751
1756990785.620,latency_s,6.109379
1756990785.620,latency_s,6.089578
1756990785.620,latency_s,6.111327
1756990785.620,latency_s,6.062486
1756990785.620,latency_s,6.092042
1756990785.620,latency_s,6.079334
1756990785.620,latency_s,6.009063
1756990785.620,latency_s,6.021391
1756990785.620,latency_s,5.962931
1756990785.621,latency_s,6.004624
1756990785.621,latency_s,6.022992
1756990785.621,latency_s,6.033505
1756990785.621,latency_s,5.961487
1756990785.728,latency_s,6.112768
1756990785.728,latency_s,6.068836
1756990785.728,latency_s,6.068107
1756990785.728,latency_s,6.098157
1756990785.728,latency_s,6.116715
1756990785.728,latency_s,6.095953
1756990785.728,latency_s,6.118894
1756990785.728,latency_s,6.018627
1756990785.728,latency_s,6.069283
1756990785.728,latency_s,6.098471
1756990785.728,latency_s,6.087048
1756990785.728,latency_s,6.016405
1756990785.728,latency_s,5.969921
1756990785.728,latency_s,6.011517
1756990785.728,latency_s,6.025955
1756990785.728,latency_s,6.030420
1756990785.728,latency_s,6.040820
1756990785.729,latency_s,5.968985
1756990785.729,latency_s,5.940523
1756990785.835,latency_s,6.119343
1756990785.835,latency_s,6.075492
1756990785.835,latency_s,6.074558
1756990785.835,latency_s,6.104624
1756990785.835,latency_s,6.122167
1756990785.835,latency_s,6.102533
1756990785.835,latency_s,6.021872
1756990785.835,latency_s,6.024862
1756990785.835,latency_s,6.074816
1756990785.835,latency_s,6.104779
1756990785.835,latency_s,6.093328
1756990785.835,latency_s,5.992887
1756990785.835,latency_s,6.023158
1756990785.836,latency_s,5.976913
1756990785.836,latency_s,6.017779
1756990785.836,latency_s,6.037103
1756990785.836,latency_s,5.947078
1756990785.836,latency_s,6.019794
1756990785.836,latency_s,5.976144
1756990785.836,latency_s,5.973570
1756990785.942,latency_s,6.082408
1756990785.942,latency_s,6.110651
1756990785.942,latency_s,6.027865
1756990785.942,latency_s,6.109041
1756990785.942,latency_s,6.031689
1756990785.942,latency_s,6.111161
1756990785.942,latency_s,6.079876
1756990785.942,latency_s,5.998429
1756990785.942,latency_s,6.028094
1756990785.943,latency_s,5.983684
1756990785.943,latency_s,6.022790
1756990785.943,latency_s,6.043820
1756990785.943,latency_s,5.943228
1756990785.943,latency_s,5.953587
1756990785.943,latency_s,5.982385
1756990785.943,latency_s,5.980276
1756990785.943,latency_s,5.982472
1756990785.943,latency_s,6.026671
1756990786.050,latency_s,6.116177
1756990786.050,latency_s,6.039128
1756990786.050,latency_s,6.086706
1756990786.050,latency_s,6.118060
1756990786.050,latency_s,6.013663
1756990786.050,latency_s,6.005652
1756990786.050,latency_s,6.035701
1756990786.050,latency_s,6.247310
1756990786.050,latency_s,6.145337
1756990786.050,latency_s,6.044698
1756990786.050,latency_s,5.990489
1756990786.050,latency_s,6.029936
1756990786.050,latency_s,5.949011
1756990786.050,latency_s,5.960962
1756990786.157,latency_s,6.042343
1756990786.157,latency_s,6.121096
1756990786.157,latency_s,6.124197
1756990786.157,latency_s,6.021861
1756990786.158,latency_s,6.017268
1756990786.158,latency_s,6.046469
1756990786.158,latency_s,6.093213
1756990786.158,latency_s,6.012664
1756990786.158,latency_s,6.051720
1756990786.158,latency_s,5.951197
1756990786.158,latency_s,5.996930
1756990786.266,latency_s,6.144947
1756990786.266,latency_s,6.064165
1756990786.266,latency_s,6.075896
1756990786.266,latency_s,6.105128
1756990786.266,latency_s,6.148710
1756990786.266,latency_s,6.048314
1756990786.266,latency_s,6.102209
1756990786.266,latency_s,6.103687
1756990786.266,latency_s,6.050995
1756990786.266,latency_s,6.025086
1756990786.266,latency_s,6.125753
1756990786.266,latency_s,6.019360
1756990786.266,latency_s,6.019430
1756990786.266,latency_s,6.054613
1756990786.266,latency_s,6.099799
1756990786.266,latency_s,6.021059
1756990786.267,latency_s,5.958670
1756990786.267,latency_s,6.044997
1756990786.267,latency_s,5.944867
1756990786.267,latency_s,6.004835
1756990786.373,latency_s,6.070695
1756990786.373,latency_s,6.111089
1756990786.373,latency_s,6.110136
1756990786.373,latency_s,6.055011
1756990786.373,latency_s,6.057100
1756990786.373,latency_s,6.023513
1756990786.373,latency_s,6.029576
1756990786.373,latency_s,6.060848
1756990786.373,latency_s,6.105416
1756990786.373,latency_s,6.026088
1756990786.373,latency_s,6.027295
1756990786.482,latency_s,6.073226
1756990786.482,latency_s,6.059259
1756990786.482,latency_s,6.119506
1756990786.482,latency_s,6.078965
1756990786.482,latency_s,6.119649
1756990786.482,latency_s,6.063765
1756990786.482,latency_s,6.117804
1756990786.482,latency_s,6.089408
1756990786.482,latency_s,6.119116
1756990786.482,latency_s,6.064294
1756990786.482,latency_s,6.037607
1756990786.482,latency_s,6.031327
1756990786.482,latency_s,6.068917
1756990786.482,latency_s,6.034873
1756990786.482,latency_s,6.113603
1756990786.482,latency_s,6.011514
1756990786.482,latency_s,6.367590
1756990786.482,latency_s,6.267486
1756990786.482,latency_s,6.166714
1756990786.522,latency_s,6.105662
1756990786.522,latency_s,6.075695
1756990786.522,latency_s,6.012303
1756990786.522,latency_s,5.995856
1756990786.522,latency_s,6.058433
1756990786.522,latency_s,6.018474
1756990786.522,latency_s,6.058459
1756990786.522,latency_s,6.058611
1756990786.522,latency_s,6.004040
1756990786.522,latency_s,6.028879
1756990786.522,latency_s,6.058137
1756990786.590,latency_s,6.071122
1756990786.590,latency_s,6.044451
1756990786.590,latency_s,6.038208
1756990786.630,latency_s,6.116452
1756990786.630,latency_s,6.058343
1756990786.630,latency_s,6.112873
1756990786.630,latency_s,6.083251
1756990786.630,latency_s,6.019317
1756990786.630,latency_s,6.001669
1756990786.630,latency_s,6.065816
1756990786.630,latency_s,6.025459
1756990786.630,latency_s,6.065994
1756990786.630,latency_s,6.066154
1756990786.630,latency_s,6.065791
1756990786.630,latency_s,6.035951
1756990786.631,latency_s,6.012002
1756990786.631,latency_s,6.011760
1756990786.631,latency_s,5.978132
1756990786.631,latency_s,5.981105
1756990786.631,latency_s,6.016874
1756990786.701,latency_s,6.027351
1756990786.701,latency_s,6.053333
1756990786.701,latency_s,6.082986
1756990786.701,latency_s,5.982863
1756990786.701,latency_s,5.989090
1756990786.955,latency_s,6.289732
1756990786.956,latency_s,6.223831
1756990786.956,latency_s,6.250383
1756990786.956,latency_s,6.290818
1756990786.956,latency_s,6.290875
1756990786.956,latency_s,6.291088
1756990786.956,latency_s,6.260994
1756990786.956,latency_s,6.236765
1756990786.956,latency_s,6.407673
1756990786.956,latency_s,6.307470
1756990786.956,latency_s,6.207278
1756990786.956,latency_s,6.205686
1756990786.956,latency_s,6.202899
1756990786.956,latency_s,6.237035
1756990786.956,latency_s,6.241520
1756990786.956,latency_s,6.182940
1756990786.956,latency_s,6.208457
1756990786.956,latency_s,6.136504
1756990786.956,latency_s,6.144378
1756990786.956,latency_s,6.189701
1756990786.957,latency_s,6.120992
1756990786.957,latency_s,6.150934
1756990786.957,latency_s,6.190915
1756990786.957,latency_s,6.191252
1756990786.957,latency_s,6.161538
1756990786.957,latency_s,6.191434
1756990786.957,latency_s,6.089996
1756990786.957,latency_s,6.090257
1756990786.957,latency_s,6.090180
1756990786.957,latency_s,6.107931
1756990786.957,latency_s,6.106186
1756990786.957,latency_s,6.082026
1756990787.064,latency_s,6.051526
1756990787.064,latency_s,6.244353
1756990787.064,latency_s,6.143042
1756990787.064,latency_s,6.042615
1756990787.064,latency_s,5.995914
1756990787.064,latency_s,6.057529
1756990787.064,latency_s,6.021881
1756990787.064,latency_s,5.995861
1756990787.065,latency_s,6.068201
1756990787.172,latency_s,6.103716
1756990787.172,latency_s,6.103625
1756990787.172,latency_s,6.121864
1756990787.172,latency_s,6.156075
1756990787.172,latency_s,6.095239
1756990787.172,latency_s,6.148794
1756990787.172,latency_s,6.121861
1756990787.172,latency_s,6.049992
1756990787.173,latency_s,6.059735
1756990787.173,latency_s,6.050334
1756990787.173,latency_s,6.003235
1756990787.173,latency_s,6.065601
1756990787.173,latency_s,6.026869
1756990787.173,latency_s,6.003215
1756990787.173,latency_s,6.076113
1756990787.173,latency_s,6.003383
1756990787.173,latency_s,6.003427
1756990787.173,latency_s,6.218866
1756990787.173,latency_s,6.117393
1756990787.173,latency_s,6.220569
1756990787.173,latency_s,6.120236
1756990787.173,latency_s,6.019746
1756990787.173,latency_s,6.017291
1756990787.280,latency_s,6.056897
1756990787.280,latency_s,6.066276
1756990787.280,latency_s,6.057622
1756990787.280,latency_s,6.009995
1756990787.280,latency_s,6.072357
1756990787.280,latency_s,6.032311
1756990787.280,latency_s,6.082947
1756990787.280,latency_s,6.010195
1756990787.280,latency_s,6.009949
1756990787.280,latency_s,5.982785
1756990787.281,latency_s,6.010220
1756990787.388,latency_s,6.131455
1756990787.388,latency_s,6.131723
1756990787.388,latency_s,6.134113
1756990787.388,latency_s,6.069488
1756990787.388,latency_s,6.110092
1756990787.388,latency_s,6.163082
1756990787.388,latency_s,6.062708
1756990787.388,latency_s,6.136695
1756990787.388,latency_s,6.064993
1756990787.388,latency_s,6.074417
1756990787.388,latency_s,6.065277
1756990787.388,latency_s,6.017355
1756990787.388,latency_s,6.080175
1756990787.389,latency_s,6.040294
1756990787.389,latency_s,5.990577
1756990787.389,latency_s,6.017792
1756990787.389,latency_s,6.017496
1756990787.389,latency_s,6.017248
1756990787.389,latency_s,6.029177
1756990787.389,latency_s,6.029343
1756990787.389,latency_s,6.031057
1756990787.495,latency_s,6.143265
1756990787.495,latency_s,6.042531
1756990787.495,latency_s,6.071620
1756990787.495,latency_s,6.081242
1756990787.495,latency_s,6.071651
1756990787.495,latency_s,6.086785
1756990787.496,latency_s,6.047055
1756990787.496,latency_s,6.024440
1756990787.496,latency_s,6.024095
1756990787.496,latency_s,5.997414
1756990787.496,latency_s,6.023995
1756990787.497,latency_s,6.036880
1756990787.497,latency_s,6.036649
1756990787.497,latency_s,6.037090
1756990787.497,latency_s,5.976981
1756990787.603,latency_s,6.123828
1756990787.603,latency_s,6.075420
1756990787.603,latency_s,6.048838
1756990787.603,latency_s,6.077470
1756990787.603,latency_s,6.087937
1756990787.603,latency_s,6.094111
1756990787.603,latency_s,6.079028
1756990787.603,latency_s,6.052828
1756990787.603,latency_s,5.993802
1756990787.603,latency_s,6.031835
1756990787.603,latency_s,6.030127
1756990787.603,latency_s,6.030341
1756990787.603,latency_s,6.004823
1756990787.603,latency_s,6.042872
1756990787.603,latency_s,6.041604
1756990787.603,latency_s,5.982601
1756990787.603,latency_s,6.024174
1756990787.603,latency_s,5.975821
1756990787.604,latency_s,5.948821
1756990787.710,latency_s,6.238689
1756990787.710,latency_s,6.138621
1756990787.711,latency_s,6.037928
1756990787.711,latency_s,6.084794
1756990787.711,latency_s,6.095368
1756990787.711,latency_s,5.994633
1756990787.711,latency_s,6.059780
1756990787.711,latency_s,6.001023
1756990787.711,latency_s,6.086579
1756990787.711,latency_s,6.039328
1756990787.711,latency_s,6.036892
1756990787.711,latency_s,6.011646
1756990787.711,latency_s,6.036845
1756990787.711,latency_s,6.050656
1756990787.711,latency_s,6.049138
1756990787.711,latency_s,5.990393
1756990787.712,latency_s,5.983143
1756990787.818,latency_s,6.138391
1756990787.818,latency_s,6.062503
1756990787.818,latency_s,6.045259
1756990787.818,latency_s,6.091777
1756990787.818,latency_s,6.001336
1756990787.818,latency_s,6.067137
1756990787.818,latency_s,6.093856
1756990787.818,latency_s,6.008193
1756990787.818,latency_s,5.993566
1756990787.818,latency_s,6.043844
1756990787.818,latency_s,6.046588
1756990787.818,latency_s,6.018404
1756990787.818,latency_s,6.043818
1756990787.818,latency_s,6.057339
1756990787.819,latency_s,6.055949
1756990787.819,latency_s,5.997375
1756990787.819,latency_s,5.989202
1756990787.819,latency_s,6.038969
1756990787.819,latency_s,5.961317
1756990787.819,latency_s,6.257431
1756990787.819,latency_s,6.157347
1756990787.819,latency_s,6.056438
1756990787.819,latency_s,5.955990
1756990787.819,latency_s,5.992449
1756990787.819,latency_s,5.945415
1756990787.925,latency_s,6.007459
1756990787.925,latency_s,6.071814
1756990787.925,latency_s,5.999207
1756990787.926,latency_s,6.014576
1756990787.926,latency_s,6.051486
1756990787.926,latency_s,6.051352
1756990787.926,latency_s,6.025375
1756990787.926,latency_s,6.054133
1756990787.926,latency_s,6.064070
1756990787.926,latency_s,6.063580
1756990787.926,latency_s,5.963308
1756990787.926,latency_s,5.962279
1756990787.926,latency_s,6.004845
1756990787.927,latency_s,6.046426
1756990787.927,latency_s,5.996531
1756990787.927,latency_s,5.969256
1756990788.033,latency_s,6.068977
1756990788.033,latency_s,6.105659
1756990788.033,latency_s,6.004939
1756990788.033,latency_s,6.059312
1756990788.033,latency_s,6.015388
1756990788.033,latency_s,6.079681
1756990788.033,latency_s,6.007131
1756990788.033,latency_s,6.021659
1756990788.033,latency_s,6.058379
1756990788.034,latency_s,6.058333
1756990788.034,latency_s,6.060945
1756990788.034,latency_s,6.032925
1756990788.034,latency_s,5.970760
1756990788.034,latency_s,5.969351
1756990788.034,latency_s,6.012537
1756990788.034,latency_s,6.004173
1756990788.034,latency_s,6.054080
1756990788.034,latency_s,5.953338
1756990788.035,latency_s,5.976780
1756990788.141,latency_s,6.012154
1756990788.141,latency_s,6.067336
1756990788.141,latency_s,6.023402
1756990788.142,latency_s,6.086979
1756990788.142,latency_s,6.014502
1756990788.142,latency_s,6.029070
1756990788.142,latency_s,6.076778
1756990788.142,latency_s,6.067919
1756990788.142,latency_s,6.039851
1756990788.142,latency_s,6.065552
1756990788.142,latency_s,6.065586
1756990788.142,latency_s,5.976426
1756990788.142,latency_s,5.976262
1756990788.249,latency_s,6.117532
1756990788.249,latency_s,6.066783
1756990788.249,latency_s,6.090522
1756990788.249,latency_s,6.019490
1756990788.249,latency_s,6.074204
1756990788.249,latency_s,6.029930
1756990788.249,latency_s,6.021540
1756990788.249,latency_s,6.094284
1756990788.357,latency_s,6.102032
1756990788.357,latency_s,6.142450
1756990788.357,latency_s,6.191525
1756990788.357,latency_s,6.154435
1756990788.357,latency_s,6.179461
1756990788.357,latency_s,6.180669
1756990788.357,latency_s,6.182677
1756990788.357,latency_s,6.091300
1756990788.357,latency_s,6.091158
1756990788.357,latency_s,6.133912
1756990788.357,latency_s,6.125487
1756990788.357,latency_s,6.074715
1756990788.357,latency_s,6.097969
1756990788.357,latency_s,6.026436
1756990788.358,latency_s,6.082634
1756990788.358,latency_s,6.037894
1756990788.358,latency_s,6.002224
1756990788.358,latency_s,6.029513
1756990788.358,latency_s,6.041916
1756990788.358,latency_s,6.091545
1756990788.358,latency_s,5.990137
1756990788.358,latency_s,6.054513
1756990788.466,latency_s,6.188215
1756990788.466,latency_s,6.188657
1756990788.466,latency_s,6.098565
1756990788.466,latency_s,6.099555
1756990788.466,latency_s,6.142138
1756990788.466,latency_s,6.133311
1756990788.466,latency_s,6.083461
1756990788.466,latency_s,6.106227
1756990788.466,latency_s,6.034667
1756990788.467,latency_s,6.090432
1756990788.573,latency_s,6.152948
1756990788.573,latency_s,6.117058
1756990788.574,latency_s,6.144258
1756990788.574,latency_s,6.156021
1756990788.574,latency_s,6.104295
1756990788.574,latency_s,6.169009
1756990788.574,latency_s,6.095165
1756990788.574,latency_s,6.095205
1756990788.574,latency_s,6.097327
1756990788.574,latency_s,6.104382
1756990788.574,latency_s,6.106843
1756990788.574,latency_s,6.149525
1756990788.574,latency_s,6.090805
1756990788.574,latency_s,6.113025
1756990788.574,latency_s,6.041819
1756990788.574,latency_s,6.097658
1756990788.574,latency_s,6.052789
1756990788.574,latency_s,6.016854
1756990788.574,latency_s,6.056288
1756990788.574,latency_s,6.042482
1756990788.574,latency_s,6.004805
1756990788.574,latency_s,6.069551
1756990788.788,latency_s,6.224827
1756990788.789,latency_s,6.155313
1756990788.790,latency_s,6.212886
1756990788.790,latency_s,6.168550
1756990788.790,latency_s,6.171993
1756990788.790,latency_s,6.132021
1756990788.790,latency_s,6.157276
1756990788.790,latency_s,6.119765
1756990788.790,latency_s,6.184937
1756990788.790,latency_s,6.110652
1756990788.790,latency_s,6.110684
1756990788.790,latency_s,6.111452
1756990788.790,latency_s,6.356457
1756990788.790,latency_s,6.255684
1756990788.790,latency_s,6.154999
1756990788.790,latency_s,6.120819
1756990788.790,latency_s,6.119975
1756990788.790,latency_s,6.165508
1756990788.790,latency_s,6.106789
1756990788.790,latency_s,6.065361
1756990788.791,latency_s,6.126475
1756990788.791,latency_s,6.056903
1756990788.791,latency_s,6.112758
1756990788.791,latency_s,6.011569
1756990788.791,latency_s,6.069133
1756990788.791,latency_s,6.072157
1756990788.791,latency_s,6.057130
1756990788.791,latency_s,6.032562
1756990788.791,latency_s,6.019870
1756990788.791,latency_s,6.085663
1756990788.791,latency_s,6.011689
1756990788.791,latency_s,5.985525
1756990788.898,latency_s,6.132380
1756990788.898,latency_s,6.017353
1756990788.898,latency_s,6.063840
1756990788.898,latency_s,6.075500
1756990788.898,latency_s,6.063912
1756990788.898,latency_s,6.078792
1756990788.898,latency_s,6.038408
1756990789.005,latency_s,6.133599
1756990789.005,latency_s,6.124168
1756990789.005,latency_s,6.124228
1756990789.005,latency_s,6.099693
1756990789.005,latency_s,6.124574
1756990789.005,latency_s,6.168231
1756990789.006,latency_s,6.134195
1756990789.006,latency_s,6.133955
1756990789.006,latency_s,6.120459
1756990789.006,latency_s,6.079159
1756990789.006,latency_s,6.139488
1756990789.006,latency_s,6.038749
1756990789.006,latency_s,6.024625
1756990789.006,latency_s,6.069793
1756990789.006,latency_s,6.083225
1756990789.006,latency_s,6.070103
1756990789.006,latency_s,6.085000
1756990789.006,latency_s,6.045575
1756990789.006,latency_s,6.032986
1756990789.006,latency_s,6.024669
1756990789.006,latency_s,6.000416
1756990789.007,latency_s,6.024914
1756990789.007,latency_s,6.025160
1756990789.007,latency_s,6.069054
1756990789.007,latency_s,6.033495
1756990789.113,latency_s,6.086061
1756990789.113,latency_s,6.045739
1756990789.113,latency_s,6.031433
1756990789.113,latency_s,6.076423
1756990789.113,latency_s,6.090132
1756990789.113,latency_s,6.051831
1756990789.113,latency_s,6.091414
1756990789.113,latency_s,6.077034
1756990789.222,latency_s,6.147311
1756990789.222,latency_s,6.140157
1756990789.222,latency_s,6.140004
1756990789.222,latency_s,6.115343
1756990789.222,latency_s,6.140352
1756990789.222,latency_s,6.184089
1756990789.222,latency_s,6.083410
1756990789.222,latency_s,6.147809
1756990789.222,latency_s,6.136275
1756990789.222,latency_s,6.094831
1756990789.222,latency_s,6.054289
1756990789.222,latency_s,6.040184
1756990789.223,latency_s,6.085612
1756990789.223,latency_s,6.099401
1756990789.223,latency_s,6.085923
1756990789.223,latency_s,6.099532
1756990789.223,latency_s,6.060889
1756990789.223,latency_s,5.999433
1756990789.223,latency_s,6.046214
1756990789.223,latency_s,6.040174
1756990789.223,latency_s,6.040620
1756990789.223,latency_s,6.015464
1756990789.223,latency_s,6.040627
1756990789.223,latency_s,5.983481
1756990789.330,latency_s,6.152963
1756990789.330,latency_s,6.356530
1756990789.330,latency_s,6.255108
1756990789.330,latency_s,6.154239
1756990789.330,latency_s,6.102136
1756990789.330,latency_s,6.143105
1756990789.330,latency_s,6.060957
1756990789.330,latency_s,6.046890
1756990789.330,latency_s,6.091312
1756990789.330,latency_s,6.106792
1756990789.330,latency_s,6.006465
1756990789.330,latency_s,6.093278
1756990789.330,latency_s,6.005369
1756990789.330,latency_s,6.068022
1756990789.437,latency_s,6.160239
1756990789.437,latency_s,6.153632
1756990789.437,latency_s,6.153610
1756990789.437,latency_s,6.127875
1756990789.437,latency_s,6.154017
1756990789.437,latency_s,6.096388
1756990789.437,latency_s,6.159091
1756990789.437,latency_s,6.161417
1756990789.437,latency_s,6.108875
1756990789.437,latency_s,6.150384
1756990789.437,latency_s,6.067480
1756990789.437,latency_s,6.053640
1756990789.438,latency_s,6.097038
1756990789.438,latency_s,6.012996
1756990789.438,latency_s,6.012177
1756990789.438,latency_s,6.100651
1756990789.438,latency_s,6.000078
1756990789.438,latency_s,6.074754
1756990789.546,latency_s,6.158536
1756990789.546,latency_s,6.075712
1756990789.547,latency_s,6.062501
1756990789.547,latency_s,6.105035
1756990789.547,latency_s,6.012480
1756990789.547,latency_s,6.008350
1756990789.547,latency_s,6.083489
1756990789.547,latency_s,6.012735
1756990789.547,latency_s,6.069097
1756990789.547,latency_s,6.062129
1756990789.547,latency_s,6.062211
1756990789.547,latency_s,6.036117
1756990789.547,latency_s,6.062525
1756990789.547,latency_s,6.004788
1756990789.654,latency_s,6.064887
1756990789.654,latency_s,6.125324
1756990789.654,latency_s,6.083229
1756990789.654,latency_s,6.069688
1756990789.654,latency_s,6.112310
1756990789.655,latency_s,6.011432
1756990789.655,latency_s,6.019971
1756990789.655,latency_s,6.016469
1756990789.655,latency_s,6.091188
1756990789.762,latency_s,6.127666
1756990789.763,latency_s,6.182752
1756990789.763,latency_s,6.177770
1756990789.763,latency_s,6.177894
1756990789.763,latency_s,6.150905
1756990789.763,latency_s,6.119835
1756990789.763,latency_s,6.183083
1756990789.763,latency_s,6.082450
1756990789.763,latency_s,6.082550
1756990789.763,latency_s,6.073518
1756990789.763,latency_s,6.133982
1756990789.763,latency_s,6.091041
1756990789.763,latency_s,6.078035
1756990789.763,latency_s,6.027896
1756990789.763,latency_s,6.019770
1756990789.763,latency_s,6.024443
1756990789.763,latency_s,6.098674
1756990789.763,latency_s,6.027710
1756990789.763,latency_s,5.997934
1756990789.763,latency_s,6.083449
1756990789.764,latency_s,6.078213
1756990789.764,latency_s,6.078506
1756990789.764,latency_s,6.051363
1756990789.871,latency_s,6.140606
1756990789.871,latency_s,6.097368
1756990789.871,latency_s,6.084486
1756990789.871,latency_s,6.035164
1756990789.871,latency_s,6.026770
1756990789.871,latency_s,6.031839
1756990789.871,latency_s,6.005228
1756990789.871,latency_s,6.034986
1756990789.871,latency_s,6.090138
1756990789.871,latency_s,6.286096
1756990789.871,latency_s,6.185640
1756990789.979,latency_s,6.192311
1756990789.979,latency_s,6.192619
1756990789.979,latency_s,6.092221
1756990789.979,latency_s,6.166014
1756990789.979,latency_s,6.192714
1756990789.979,latency_s,6.092450
1756990789.979,latency_s,6.134036
1756990789.979,latency_s,6.096039
1756990789.979,latency_s,6.096689
1756990789.979,latency_s,6.089309
1756990789.979,latency_s,6.148625
1756990789.979,latency_s,6.104208
1756990789.979,latency_s,6.092817
1756990789.979,latency_s,6.043052
1756990789.979,latency_s,6.034611
1756990789.979,latency_s,6.013021
1756990789.979,latency_s,6.040195
1756990789.979,latency_s,6.042943
1756990789.980,latency_s,6.096427
1756990789.980,latency_s,5.996319
1756990789.980,latency_s,6.093014
1756990790.086,latency_s,6.098198
1756990790.086,latency_s,6.138973
1756990790.086,latency_s,6.102231
1756990790.086,latency_s,6.102679
1756990790.086,latency_s,6.095905
1756990790.086,latency_s,6.154772
1756990790.087,latency_s,6.111336
1756990790.087,latency_s,6.099487
1756990790.087,latency_s,6.049694
1756990790.087,latency_s,6.039169
1756990790.087,latency_s,6.019629
1756990790.088,latency_s,6.048402
1756990790.088,latency_s,6.048624
1756990790.088,latency_s,6.003347
1756990790.088,latency_s,5.999921
1756990790.194,latency_s,6.178608
1756990790.194,latency_s,6.106158
1756990790.194,latency_s,6.106288
1756990790.194,latency_s,6.146452
1756990790.194,latency_s,6.109806
1756990790.194,latency_s,6.109899
1756990790.194,latency_s,6.103502
1756990790.194,latency_s,6.162792
1756990790.194,latency_s,6.062133
1756990790.194,latency_s,6.114883
1756990790.195,latency_s,6.106580
1756990790.195,latency_s,6.045377
1756990790.195,latency_s,6.057326
1756990790.195,latency_s,6.027192
1756990790.195,latency_s,6.054835
1756990790.195,latency_s,6.054691
1756990790.195,latency_s,6.009523
1756990790.195,latency_s,6.006502
1756990790.195,latency_s,6.079100
1756990790.195,latency_s,6.006639
1756990790.195,latency_s,6.006948
1756990790.195,latency_s,6.045899
1756990790.195,latency_s,6.009916
1756990790.301,latency_s,6.120875
1756990790.302,latency_s,6.113301
1756990790.302,latency_s,6.052236
1756990790.302,latency_s,6.012648
1756990790.302,latency_s,6.063642
1756990790.302,latency_s,6.033596
1756990790.409,latency_s,6.168837
1756990790.409,latency_s,6.123577
1756990790.409,latency_s,6.119633
1756990790.409,latency_s,6.192770
1756990790.409,latency_s,6.090975
1756990790.409,latency_s,6.119739
1756990790.409,latency_s,6.119798
1756990790.409,latency_s,6.159874
1756990790.409,latency_s,6.123418
1756990790.409,latency_s,6.123752
1756990790.409,latency_s,6.117459
1756990790.409,latency_s,6.075959
1756990790.409,latency_s,6.124155
1756990790.409,latency_s,6.019800
1756990790.409,latency_s,6.059833
1756990790.410,latency_s,6.070723
1756990790.410,latency_s,6.041260
1756990790.410,latency_s,6.068743
1756990790.410,latency_s,6.023504
1756990790.410,latency_s,6.019937
1756990790.410,latency_s,5.991097
1756990790.410,latency_s,6.020108
1756990790.411,latency_s,6.020692
1756990790.411,latency_s,6.060986
1756990790.411,latency_s,6.024162
1756990790.411,latency_s,6.024232
1756990790.516,latency_s,6.071998
1756990790.517,latency_s,6.065664
1756990790.517,latency_s,6.077168
1756990790.517,latency_s,6.047641
1756990790.517,latency_s,6.074077
1756990790.517,latency_s,6.029985
1756990790.517,latency_s,6.026711
1756990790.517,latency_s,5.997275
1756990790.558,latency_s,6.068090
1756990790.558,latency_s,6.068140
1756990790.558,latency_s,6.107531
1756990790.559,latency_s,6.071418
1756990790.559,latency_s,6.070944
1756990790.559,latency_s,6.065233
1756990790.559,latency_s,6.024792
1756990790.559,latency_s,6.071127
1756990790.559,latency_s,6.013574
1756990790.559,latency_s,6.019069
1756990790.559,latency_s,6.006182
1756990790.624,latency_s,6.053763
1756990790.624,latency_s,6.079505
1756990790.624,latency_s,6.036681
1756990790.624,latency_s,6.032922
1756990790.624,latency_s,6.002959
1756990790.625,latency_s,6.033693
1756990790.625,latency_s,6.072357
1756990790.625,latency_s,6.033798
1756990790.625,latency_s,6.037212
1756990790.625,latency_s,6.036784
1756990790.625,latency_s,6.031131
1756990790.625,latency_s,5.990757
1756990790.625,latency_s,6.037026
1756990790.665,latency_s,6.175587
1756990790.666,latency_s,6.074956
1756990790.666,latency_s,5.974853
1756990790.666,latency_s,6.020251
1756990790.666,latency_s,6.025224
1756990790.666,latency_s,6.012676
1756990790.732,latency_s,6.062022
1756990790.732,latency_s,6.087919
1756990790.732,latency_s,6.045105
1756990790.732,latency_s,6.040954
1756990790.733,latency_s,6.010386
1756990790.733,latency_s,6.041546
1756990790.733,latency_s,6.079358
1756990790.733,latency_s,6.041518
1756990790.733,latency_s,6.043277
1756990790.733,latency_s,6.043203
1756990790.733,latency_s,6.038496
1756990790.733,latency_s,5.997992
1756990790.733,latency_s,6.043051
1756990790.733,latency_s,5.942883
1756990790.815,latency_s,6.023234
1756990790.816,latency_s,6.069215
1756990790.816,latency_s,6.074903
1756990790.816,latency_s,6.061033
1756990790.840,latency_s,6.069011
1756990790.840,latency_s,6.094285
1756990790.841,latency_s,6.052936
1756990790.841,latency_s,6.048064
1756990790.841,latency_s,6.087074
1756990790.841,latency_s,6.017455
1756990790.841,latency_s,5.984933
1756990790.841,latency_s,6.048247
1756990790.841,latency_s,6.048671
1756990790.841,latency_s,6.051352
1756990790.948,latency_s,6.158170
1756990790.948,latency_s,6.153669
1756990790.948,latency_s,6.112734
1756990790.948,latency_s,6.057356
1756990790.948,latency_s,6.055926
1756990790.948,latency_s,6.101376
1756990790.948,latency_s,6.107003
1756990790.948,latency_s,6.093171
1756990790.948,latency_s,6.076949
1756990790.949,latency_s,6.101633
1756990791.056,latency_s,6.167796
1756990791.056,latency_s,6.162845
1756990791.056,latency_s,6.099144
1756990791.056,latency_s,6.132323
1756990791.056,latency_s,6.163105
1756990791.056,latency_s,6.163511
1756990791.056,latency_s,6.165581
1756990791.056,latency_s,6.165638
1756990791.056,latency_s,6.120276
1756990791.056,latency_s,6.161350
1756990791.056,latency_s,6.064935
1756990791.056,latency_s,6.063070
1756990791.056,latency_s,6.108627
1756990791.056,latency_s,6.114271
1756990791.056,latency_s,6.013515
1756990791.056,latency_s,6.100010
1756990791.057,latency_s,6.084839
1756990791.057,latency_s,6.108967
1756990791.057,latency_s,6.005110
1756990791.057,latency_s,6.067610
1756990791.057,latency_s,6.063628
1756990791.057,latency_s,5.999668
1756990791.164,latency_s,6.127876
1756990791.164,latency_s,6.169086
1756990791.164,latency_s,6.068241
1756990791.164,latency_s,6.072552
1756990791.164,latency_s,6.070254
1756990791.164,latency_s,6.112689
1756990791.164,latency_s,6.106917
1756990791.164,latency_s,6.021110
1756990791.164,latency_s,6.092351
1756990791.164,latency_s,6.012750
1756990791.380,latency_s,6.291080
1756990791.381,latency_s,6.286577
1756990791.381,latency_s,6.222759
1756990791.381,latency_s,6.250973
1756990791.381,latency_s,6.287099
1756990791.381,latency_s,6.286884
1756990791.381,latency_s,6.290214
1756990791.381,latency_s,6.189934
1756990791.381,latency_s,6.290293
1756990791.381,latency_s,6.190075
1756990791.381,latency_s,6.244931
1756990791.488,latency_s,6.291498
1756990791.488,latency_s,6.296317
1756990791.488,latency_s,6.294272
1756990791.488,latency_s,6.336593
1756990791.488,latency_s,6.236398
1756990791.489,latency_s,6.244648
1756990791.489,latency_s,6.330585
1756990791.489,latency_s,6.229865
1756990791.489,latency_s,6.316461
1756990791.489,latency_s,6.236807
1756990791.489,latency_s,6.298692
1756990791.704,latency_s,6.412793
1756990791.704,latency_s,6.467478
1756990791.704,latency_s,6.407478
1756990791.704,latency_s,6.411652
1756990791.704,latency_s,6.409759
1756990791.705,latency_s,6.344587
1756990791.705,latency_s,6.352064
1756990791.705,latency_s,6.360536
1756990791.705,latency_s,6.431641
1756990791.705,latency_s,6.331535
1756990791.705,latency_s,6.409609
1756990791.705,latency_s,6.165939
1756990791.705,latency_s,6.108134
1756990791.705,latency_s,6.108088
1756990791.705,latency_s,6.108268
1756990791.743,latency_s,6.146885
1756990791.744,latency_s,6.346208
1756990791.744,latency_s,6.245489
1756990791.744,latency_s,6.145222
1756990791.744,latency_s,6.204973
1756990791.744,latency_s,6.104701
1756990791.744,latency_s,6.147144
1756990791.744,latency_s,6.147347
1756990791.744,latency_s,6.079833
1756990791.744,latency_s,6.090244
1756990791.744,latency_s,6.068588
1756990791.746,latency_s,6.092460
1756990791.746,latency_s,6.053614
1756990791.747,latency_s,6.285810
1756990791.747,latency_s,6.185076
1756990791.747,latency_s,6.084939
1756990791.747,latency_s,6.046906
1756990791.812,latency_s,6.063767
1756990791.854,latency_s,6.055916
1756990791.854,latency_s,6.055476
1756990791.854,latency_s,6.054380
1756990791.962,latency_s,6.121690
1756990791.962,latency_s,6.163975
1756990791.962,latency_s,6.164110
1756990791.962,latency_s,6.113971
1756990791.962,latency_s,6.097307
1756990791.962,latency_s,6.108311
1756990791.962,latency_s,6.085979
1756990791.962,latency_s,6.108128
1756990791.962,latency_s,6.068272
1756990791.962,latency_s,6.098662
1756990791.963,latency_s,6.323395
1756990791.963,latency_s,6.222778
1756990791.963,latency_s,6.121156
1756990791.963,latency_s,6.062073
1756990791.963,latency_s,6.063960
1756990791.963,latency_s,6.064340
1756990791.963,latency_s,6.064363
1756990791.963,latency_s,6.063784
1756990791.963,latency_s,6.062702
1756990791.963,latency_s,6.022346
1756990791.963,latency_s,6.064458
1756990791.963,latency_s,6.064362
1756990791.963,latency_s,6.014090
1756990791.963,latency_s,5.964107
1756990791.963,latency_s,5.996394
1756990791.963,latency_s,6.008782
1756990792.069,latency_s,6.091689
1756990792.069,latency_s,6.114243
1756990792.069,latency_s,6.074046
1756990792.069,latency_s,6.070204
1756990792.070,latency_s,6.069641
1756990792.070,latency_s,6.069394
1756990792.070,latency_s,6.028357
1756990792.070,latency_s,6.070779
1756990792.177,latency_s,6.127460
1756990792.177,latency_s,6.078079
1756990792.177,latency_s,6.108831
1756990792.177,latency_s,6.121802
1756990792.177,latency_s,6.099565
1756990792.178,latency_s,6.121862
1756990792.178,latency_s,6.082374
1756990792.178,latency_s,6.107123
1756990792.178,latency_s,6.133942
1756990792.178,latency_s,6.076821
1756990792.178,latency_s,6.077663
1756990792.178,latency_s,6.078681
1756990792.178,latency_s,6.078099
1756990792.178,latency_s,6.077567
1756990792.178,latency_s,6.077340
1756990792.178,latency_s,6.035818
1756990792.178,latency_s,6.078314
1756990792.178,latency_s,5.978451
1756990792.178,latency_s,6.027457
1756990792.178,latency_s,6.009405
1756990792.178,latency_s,6.021915
1756990792.178,latency_s,6.000232
1756990792.178,latency_s,6.021772
1756990792.286,latency_s,6.090323
1756990792.286,latency_s,6.114547
1756990792.286,latency_s,6.141654
1756990792.286,latency_s,6.084863
1756990792.286,latency_s,6.085444
1756990792.286,latency_s,6.085196
1756990792.286,latency_s,6.043703
1756990792.286,latency_s,6.086126
1756990792.286,latency_s,5.985526
1756990792.286,latency_s,5.986329
1756990792.393,latency_s,6.142445
1756990792.393,latency_s,6.122841
1756990792.393,latency_s,6.136291
1756990792.393,latency_s,6.114577
1756990792.393,latency_s,6.135893
1756990792.394,latency_s,6.121100
1756990792.394,latency_s,6.097980
1756990792.394,latency_s,6.148780
1756990792.394,latency_s,6.048649
1756990792.394,latency_s,6.092041
1756990792.394,latency_s,6.092318
1756990792.394,latency_s,6.094269
1756990792.394,latency_s,6.093367
1756990792.394,latency_s,6.093299
1756990792.394,latency_s,6.092799
1756990792.394,latency_s,6.051006
1756990792.394,latency_s,5.992748
1756990792.394,latency_s,5.993743
1756990792.394,latency_s,6.043182
1756990792.394,latency_s,6.022799
1756990792.435,latency_s,6.077543
1756990792.436,latency_s,6.056002
1756990792.501,latency_s,6.098543
1756990792.501,latency_s,6.100329
1756990792.501,latency_s,6.099858
1756990792.501,latency_s,6.100070
1756990792.501,latency_s,6.099749
1756990792.501,latency_s,6.057204
1756990792.501,latency_s,5.999554
1756990792.501,latency_s,5.999629
1756990792.501,latency_s,6.049950
1756990792.501,latency_s,6.028296
1756990792.501,latency_s,6.043215
1756990792.501,latency_s,6.021611
1756990792.584,latency_s,6.125297
1756990792.585,latency_s,6.082015
1756990792.585,latency_s,6.087752
1756990792.585,latency_s,6.110635
1756990792.585,latency_s,6.038114
1756990792.585,latency_s,6.082205
1756990792.585,latency_s,6.082906
1756990792.585,latency_s,6.083184
1756990792.585,latency_s,6.083047
1756990792.585,latency_s,6.083267
1756990792.585,latency_s,6.032584
1756990792.608,latency_s,6.006263
1756990792.608,latency_s,6.006677
1756990792.608,latency_s,6.056837
1756990792.609,latency_s,6.049638
1756990792.609,latency_s,6.034339
1756990792.609,latency_s,6.028032
1756990792.609,latency_s,6.048520
1756990792.609,latency_s,5.946952
1756990792.609,latency_s,6.005694
1756990792.609,latency_s,6.034338
1756990792.692,latency_s,6.094542
1756990792.717,latency_s,6.068170
1756990792.717,latency_s,6.114111
1756990792.717,latency_s,6.114885
1756990792.717,latency_s,6.114746
1756990792.717,latency_s,6.014402
1756990792.717,latency_s,6.115143
1756990792.717,latency_s,6.014842
1756990792.717,latency_s,6.064550
1756990792.717,latency_s,6.014743
1756990792.717,latency_s,6.015140
1756990792.717,latency_s,6.065020
1756990792.717,latency_s,5.962396
1756990792.717,latency_s,6.057737
1756990792.717,latency_s,5.957557
1756990792.717,latency_s,6.042251
1756990792.717,latency_s,6.036696
1756990792.717,latency_s,5.954839
1756990792.717,latency_s,6.014006
1756990792.908,latency_s,6.232722
1756990792.908,latency_s,6.132198
1756990792.908,latency_s,6.210122
1756990792.908,latency_s,6.158539
1756990792.908,latency_s,6.205644
1756990792.908,latency_s,6.205006
1756990792.908,latency_s,6.105185
1756990792.908,latency_s,6.105603
1756990792.908,latency_s,6.154994
1756990792.908,latency_s,6.105423
1756990792.908,latency_s,6.051423
1756990792.908,latency_s,6.105370
1756990792.908,latency_s,6.046745
1756990792.908,latency_s,6.132458
1756990792.908,latency_s,6.126820
1756990792.908,latency_s,6.026682
1756990792.908,latency_s,6.042433
1756990792.908,latency_s,6.104635
1756990792.909,latency_s,6.058301
1756990792.909,latency_s,6.110352
1756990792.909,latency_s,6.031420
1756990792.909,latency_s,6.105922
1756990792.909,latency_s,6.105607
1756990792.909,latency_s,6.306950
1756990792.909,latency_s,6.206800
1756990792.909,latency_s,6.106487
1756990792.909,latency_s,6.005850
1756990792.909,latency_s,6.005912
1756990792.909,latency_s,6.005944
1756990792.909,latency_s,6.055750
1756990792.909,latency_s,6.005772
1756990792.931,latency_s,5.972880
1756990793.016,latency_s,6.053520
1756990793.016,latency_s,6.138297
1756990793.016,latency_s,6.112730
1756990793.016,latency_s,6.034058
1756990793.088,latency_s,6.120621
1756990793.088,latency_s,6.136194
1756990793.088,latency_s,6.184256
1756990793.088,latency_s,6.110709
1756990793.088,latency_s,6.189344
1756990793.088,latency_s,6.185131
1756990793.088,latency_s,6.083565
1756990793.089,latency_s,6.184941
1756990793.089,latency_s,6.083439
1756990793.089,latency_s,6.083740
1756990793.089,latency_s,6.083829
1756990793.122,latency_s,6.168607
1756990793.123,latency_s,6.118759
1756990793.123,latency_s,6.118767
1756990793.123,latency_s,6.060171
1756990793.123,latency_s,6.145119
1756990793.123,latency_s,6.044760
1756990793.123,latency_s,6.119323
1756990793.123,latency_s,6.040890
1756990793.123,latency_s,6.054238
1756990793.123,latency_s,6.070507
1756990793.123,latency_s,6.045014
1756990793.230,latency_s,6.224569
1756990793.230,latency_s,6.230275
1756990793.230,latency_s,6.129579
1756990793.230,latency_s,6.124425
1756990793.230,latency_s,6.124693
1756990793.230,latency_s,6.123381
1756990793.230,latency_s,6.124685
1756990793.231,latency_s,6.070255
1756990793.231,latency_s,6.067477
1756990793.231,latency_s,6.050664
1756990793.231,latency_s,6.125770
1756990793.231,latency_s,6.048271
1756990793.231,latency_s,6.061220
1756990793.231,latency_s,6.050869
1756990793.231,latency_s,6.077637
1756990793.231,latency_s,6.124597
1756990793.231,latency_s,6.024296
1756990793.231,latency_s,6.030363
1756990793.231,latency_s,6.025223
1756990793.231,latency_s,6.025380
1756990793.231,latency_s,6.024194
1756990793.338,latency_s,6.077340
1756990793.338,latency_s,6.074364
1756990793.339,latency_s,6.058137
1756990793.339,latency_s,6.132769
1756990793.339,latency_s,6.055737
1756990793.339,latency_s,6.068284
1756990793.339,latency_s,6.058373
1756990793.339,latency_s,6.084818
1756990793.339,latency_s,6.037221
1756990793.339,latency_s,6.031369
1756990793.339,latency_s,6.032659
1756990793.339,latency_s,6.031447
1756990793.339,latency_s,6.033109
1756990793.446,latency_s,6.089633
1756990793.446,latency_s,6.140048
1756990793.446,latency_s,6.141319
1756990793.446,latency_s,6.139809
1756990793.446,latency_s,6.081522
1756990793.446,latency_s,6.063330
1756990793.446,latency_s,6.063232
1756990793.446,latency_s,6.075130
1756990793.446,latency_s,6.061884
1756990793.446,latency_s,6.092087
1756990793.446,latency_s,6.044742
1756990793.446,latency_s,6.038823
1756990793.447,latency_s,6.040013
1756990793.447,latency_s,6.038794
1756990793.447,latency_s,6.040521
1756990793.447,latency_s,6.040325
1756990793.447,latency_s,5.989738
1756990793.447,latency_s,6.041554
1756990793.447,latency_s,6.040237
1756990793.554,latency_s,6.046536
1756990793.554,latency_s,6.045900
1756990793.554,latency_s,6.047678
1756990793.554,latency_s,6.047267
1756990793.554,latency_s,5.994909
1756990793.554,latency_s,6.048778
1756990793.554,latency_s,6.046835
1756990793.554,latency_s,5.946604
1756990793.554,latency_s,6.248183
1756990793.554,latency_s,6.147944
1756990793.554,latency_s,6.047681
1756990793.554,latency_s,5.947434
1756990793.554,latency_s,5.969311
1756990793.554,latency_s,5.988730
1756990793.662,latency_s,6.300333
1756990793.662,latency_s,6.199290
1756990793.662,latency_s,6.095957
1756990793.662,latency_s,6.078212
1756990793.662,latency_s,6.089677
1756990793.662,latency_s,6.075627
1756990793.662,latency_s,6.105646
1756990793.662,latency_s,6.059524
1756990793.662,latency_s,6.053989
1756990793.662,latency_s,6.054607
1756990793.662,latency_s,6.053628
1756990793.662,latency_s,6.055529
1756990793.662,latency_s,6.055161
1756990793.662,latency_s,6.002911
1756990793.662,latency_s,6.056095
1756990793.662,latency_s,5.955178
1756990793.662,latency_s,5.954620
1756990793.662,latency_s,5.977086
1756990793.769,latency_s,6.082139
1756990793.769,latency_s,6.112328
1756990793.769,latency_s,6.066699
1756990793.769,latency_s,6.061086
1756990793.769,latency_s,6.061711
1756990793.769,latency_s,6.060772
1756990793.770,latency_s,6.062465
1756990793.810,latency_s,6.102334
1756990793.810,latency_s,6.048986
1756990793.810,latency_s,6.102811
1756990793.810,latency_s,6.000561
1756990793.810,latency_s,6.000555
1756990793.810,latency_s,6.041908
1756990793.810,latency_s,6.041922
1756990793.876,latency_s,6.065336
1756990793.877,latency_s,6.019453
1756990793.877,latency_s,6.074500
1756990793.878,latency_s,6.067108
1756990793.878,latency_s,6.065991
1756990793.878,latency_s,6.068872
1756990793.878,latency_s,6.068614
1756990793.878,latency_s,5.967847
1756990793.878,latency_s,6.016276
1756990793.878,latency_s,6.068562
1756990793.878,latency_s,5.968095
1756990793.878,latency_s,5.968134
1756990793.878,latency_s,5.967199
1756990793.878,latency_s,6.009412
1756990793.878,latency_s,6.009744
1756990793.878,latency_s,5.992282
1756990793.878,latency_s,6.003417
1756990793.878,latency_s,5.916454
1756990793.983,latency_s,6.079026
1756990793.983,latency_s,6.092844
1756990793.983,latency_s,6.071523
1756990793.983,latency_s,6.071543
1756990793.983,latency_s,6.071342
1756990793.983,latency_s,6.072545
1756990793.984,latency_s,5.973712
1756990793.984,latency_s,6.022494
1756990793.984,latency_s,5.973981
1756990793.984,latency_s,6.198733
1756990793.985,latency_s,6.098676
1756990793.985,latency_s,5.998284
1756990793.985,latency_s,5.974364
1756990793.985,latency_s,5.973409
1756990794.090,latency_s,6.120120
1756990794.090,latency_s,6.121181
1756990794.090,latency_s,6.114602
1756990794.090,latency_s,6.104301
1756990794.090,latency_s,6.099631
1756990794.090,latency_s,6.086312
1756990794.090,latency_s,6.028505
1756990794.092,latency_s,6.079893
1756990794.131,latency_s,6.119365
1756990794.131,latency_s,6.119319
1756990794.131,latency_s,6.119966
1756990794.131,latency_s,6.019425
1756990794.131,latency_s,6.019902
1756990794.131,latency_s,6.069388
1756990794.131,latency_s,6.020171
1756990794.131,latency_s,6.044831
1756990794.131,latency_s,6.019587
1756990794.132,latency_s,6.019876
1756990794.198,latency_s,6.126153
1756990794.198,latency_s,6.128811
1756990794.199,latency_s,6.112429
1756990794.199,latency_s,6.122025
1756990794.199,latency_s,6.021408
1756990794.199,latency_s,6.107916
1756990794.199,latency_s,6.094028
1756990794.199,latency_s,6.036664
1756990794.199,latency_s,6.086703
1756990794.199,latency_s,6.086346
1756990794.199,latency_s,6.086439
1756990794.199,latency_s,5.986564
1756990794.199,latency_s,5.986475
1756990794.199,latency_s,5.986625
1756990794.306,latency_s,6.028286
1756990794.306,latency_s,6.119657
1756990794.413,latency_s,6.221475
1756990794.413,latency_s,6.150827
1756990794.413,latency_s,6.200566
1756990794.413,latency_s,6.207941
1756990794.413,latency_s,6.200478
1756990794.413,latency_s,6.200754
1756990794.413,latency_s,6.100565
1756990794.414,latency_s,6.101026
1756990794.414,latency_s,6.100850
1756990794.414,latency_s,6.101083
1756990794.414,latency_s,6.151204
1756990794.414,latency_s,6.100703
1756990794.414,latency_s,6.100987
1756990794.414,latency_s,6.125249
1756990794.414,latency_s,6.141245
1756990794.414,latency_s,6.143157
1756990794.416,latency_s,6.129910
1756990794.416,latency_s,6.053661
1756990794.417,latency_s,6.103303
1756990794.417,latency_s,6.110980
1756990794.417,latency_s,6.030159
1756990794.417,latency_s,6.124555
1756990794.417,latency_s,6.023754
1756990794.417,latency_s,6.103757
1756990794.417,latency_s,6.003873
1756990794.417,latency_s,6.004302
1756990794.417,latency_s,6.004047
1756990794.417,latency_s,6.004303
1756990794.417,latency_s,6.052279
1756990794.417,latency_s,6.004023
1756990794.520,latency_s,6.131863
1756990794.521,latency_s,6.107938
1756990794.524,latency_s,6.150939
1756990794.524,latency_s,6.152407
1756990794.524,latency_s,6.050531
1756990794.525,latency_s,6.050797
1756990794.629,latency_s,6.165276
1756990794.629,latency_s,6.142328
1756990794.629,latency_s,6.215601
1756990794.629,latency_s,6.223420
1756990794.629,latency_s,6.133568
1756990794.629,latency_s,6.215912
1756990794.629,latency_s,6.115533
1756990794.629,latency_s,6.116089
1756990794.629,latency_s,6.116501
1756990794.629,latency_s,6.115909
1756990794.629,latency_s,6.116367
1756990794.629,latency_s,6.164026
1756990794.630,latency_s,6.115395
1756990794.630,latency_s,6.140375
1756990794.630,latency_s,6.116547
1756990794.632,latency_s,6.057458
1756990794.632,latency_s,6.057410
1756990794.632,latency_s,6.251015
1756990794.632,latency_s,6.150160
1756990794.632,latency_s,6.049479
1756990794.632,latency_s,6.034478
1756990794.632,latency_s,6.125926
1756990794.632,latency_s,6.118247
1756990794.632,latency_s,6.045166
1756990794.632,latency_s,6.067422
1756990794.632,latency_s,6.026039
1756990794.632,latency_s,6.018286
1756990794.633,latency_s,6.018755
1756990794.739,latency_s,6.063905
1756990794.739,latency_s,6.055180
1756990794.739,latency_s,6.032601
1756990794.740,latency_s,6.125216
1756990794.740,latency_s,6.024771
1756990794.740,latency_s,6.041127
1756990794.740,latency_s,6.074241
1756990794.740,latency_s,6.052573
1756990794.740,latency_s,6.025426
1756990794.740,latency_s,6.025134
1756990794.740,latency_s,6.026400
1756990794.740,latency_s,6.025218
1756990794.740,latency_s,6.025481
1756990794.740,latency_s,5.972823
1756990794.740,latency_s,6.025091
1756990794.740,latency_s,6.049333
1756990794.740,latency_s,5.949182
1756990794.740,latency_s,6.025453
1756990794.740,latency_s,5.962448
1756990794.847,latency_s,6.068978
1756990794.847,latency_s,6.062025
1756990794.847,latency_s,6.039417
1756990794.847,latency_s,6.081011
1756990794.847,latency_s,6.031615
1756990794.847,latency_s,6.059782
1756990794.847,latency_s,6.047989
1756990794.847,latency_s,6.032125
1756990794.847,latency_s,6.031836
1756990794.847,latency_s,6.033684
1756990794.847,latency_s,6.032153
1756990794.847,latency_s,5.979505
1756990794.847,latency_s,6.032131
1756990794.847,latency_s,5.955952
1756990794.848,latency_s,6.032430
1756990794.848,latency_s,5.968346
1756990794.954,latency_s,6.075013
1756990794.954,latency_s,6.066368
1756990794.955,latency_s,6.046088
1756990794.955,latency_s,6.038778
1756990794.955,latency_s,6.087634
1756990794.955,latency_s,6.066847
1756990794.955,latency_s,6.053739
1756990794.955,latency_s,6.039255
1756990794.955,latency_s,6.038983
1756990794.955,latency_s,6.040472
1756990794.955,latency_s,6.039345
1756990794.955,latency_s,5.986752
1756990794.955,latency_s,6.039649
1756990794.955,latency_s,5.963214
1756990794.955,latency_s,6.039275
1756990794.955,latency_s,5.974012
1756990795.061,latency_s,6.057642
1756990795.062,latency_s,6.045454
1756990795.062,latency_s,6.045278
1756990795.062,latency_s,6.046702
1756990795.062,latency_s,6.246118
1756990795.062,latency_s,6.145922
1756990795.062,latency_s,6.045618
1756990795.062,latency_s,6.046116
1756990795.062,latency_s,5.993222
1756990795.168,latency_s,6.152619
1756990795.168,latency_s,6.051315
1756990795.168,latency_s,6.075773
1756990795.168,latency_s,6.152285
1756990795.168,latency_s,6.051098
1756990795.168,latency_s,6.086267
1756990795.168,latency_s,6.086297
1756990795.170,latency_s,6.081533
1756990795.170,latency_s,6.052650
1756990795.170,latency_s,6.052494
1756990795.170,latency_s,6.053025
1756990795.170,latency_s,6.053289
1756990795.170,latency_s,6.000536
1756990795.170,latency_s,6.053164
1756990795.170,latency_s,5.952830
1756990795.170,latency_s,5.952387
1756990795.170,latency_s,5.977011
1756990795.170,latency_s,5.987307
1756990795.170,latency_s,5.986428
1756990795.170,latency_s,5.980047
1756990795.171,latency_s,6.201523
1756990795.171,latency_s,6.101153
1756990795.171,latency_s,5.998202
1756990795.276,latency_s,6.065634
1756990795.276,latency_s,6.058453
1756990795.276,latency_s,6.087461
1756990795.383,latency_s,6.164800
1756990795.383,latency_s,6.165164
1756990795.383,latency_s,6.165186
1756990795.383,latency_s,6.165334
1756990795.383,latency_s,6.113213
1756990795.383,latency_s,6.165704
1756990795.383,latency_s,6.065470
1756990795.383,latency_s,6.064993
1756990795.383,latency_s,6.089303
1756990795.383,latency_s,6.099728
1756990795.383,latency_s,6.095855
1756990795.383,latency_s,6.092731
1756990795.383,latency_s,6.108218
1756990795.383,latency_s,6.075162
1756990795.383,latency_s,6.073308
1756990795.383,latency_s,6.094906
1756990795.383,latency_s,6.065611
1756990795.384,latency_s,6.065926
1756990795.384,latency_s,6.065884
1756990795.384,latency_s,6.065915
1756990795.384,latency_s,6.066226
1756990795.384,latency_s,6.013862
1756990795.384,latency_s,6.066640
1756990795.384,latency_s,5.966059
1756990795.384,latency_s,5.990238
1756990795.384,latency_s,5.966621
1756990795.384,latency_s,5.965948
1756990795.489,latency_s,6.104025
1756990795.489,latency_s,6.100503
1756990795.489,latency_s,6.097311
1756990795.490,latency_s,6.113697
1756990795.490,latency_s,6.081420
1756990795.491,latency_s,6.073147
1756990795.491,latency_s,6.072814
1756990795.491,latency_s,6.072894
1756990795.492,latency_s,6.073386
1756990795.532,latency_s,6.113276
1756990795.532,latency_s,6.013023
1756990795.532,latency_s,6.013178
1756990795.532,latency_s,6.060860
1756990795.532,latency_s,6.013110
1756990795.532,latency_s,6.013072
1756990795.532,latency_s,6.037241
1756990795.532,latency_s,6.046664
1756990795.532,latency_s,6.042897
1756990795.532,latency_s,6.039229
1756990795.532,latency_s,6.053420
1756990795.597,latency_s,6.107650
1756990795.599,latency_s,6.086969
1756990795.599,latency_s,6.080279
1756990795.599,latency_s,6.079877
1756990795.599,latency_s,6.080037
1756990795.599,latency_s,6.080336
1756990795.682,latency_s,6.062829
1756990795.682,latency_s,6.062950
1756990795.682,latency_s,6.110644
1756990795.682,latency_s,6.063260
1756990795.682,latency_s,6.062894
1756990795.683,latency_s,6.087100
1756990795.683,latency_s,6.096938
1756990795.683,latency_s,6.092892
1756990795.683,latency_s,6.088944
1756990795.683,latency_s,6.102966
1756990795.703,latency_s,6.023098
1756990795.707,latency_s,6.017667
1756990795.707,latency_s,6.095207
1756990795.922,latency_s,6.311544
1756990795.922,latency_s,6.303547
1756990795.923,latency_s,6.303118
1756990795.923,latency_s,6.303418
1756990795.923,latency_s,6.202717
1756990795.923,latency_s,6.202863
1756990795.923,latency_s,6.202643
1756990795.923,latency_s,6.250945
1756990795.923,latency_s,6.202954
1756990795.923,latency_s,6.202713
1756990795.923,latency_s,6.226765
1756990795.923,latency_s,6.236148
1756990795.923,latency_s,6.232229
1756990795.923,latency_s,6.229152
1756990795.923,latency_s,6.133579
1756990795.923,latency_s,6.212219
1756990795.923,latency_s,6.211221
1756990795.923,latency_s,6.203363
1756990795.923,latency_s,6.203469
1756990795.923,latency_s,6.102819
1756990795.923,latency_s,6.102249
1756990795.924,latency_s,6.102191
1756990795.924,latency_s,6.151221
1756990795.924,latency_s,6.102233
1756990795.924,latency_s,6.102337
1756990795.924,latency_s,6.127261
1756990795.924,latency_s,6.134811
1756990795.924,latency_s,6.132229
1756990795.924,latency_s,6.129433
1756990795.924,latency_s,6.043353
1756990795.924,latency_s,6.111889
1756990795.924,latency_s,6.103296
1756990796.029,latency_s,6.048517
1756990796.031,latency_s,6.034319
1756990796.031,latency_s,6.041463
1756990796.031,latency_s,6.119039
1756990796.032,latency_s,6.119226
1756990796.140,latency_s,6.126878
1756990796.140,latency_s,6.126841
1756990796.140,latency_s,6.218611
1756990796.140,latency_s,6.218361
1756990796.140,latency_s,6.117698
1756990796.140,latency_s,6.117969
1756990796.140,latency_s,6.117946
1756990796.140,latency_s,6.167101
1756990796.140,latency_s,6.117544
1756990796.140,latency_s,6.118180
1756990796.140,latency_s,6.142588
1756990796.140,latency_s,6.148581
1756990796.140,latency_s,6.047895
1756990796.140,latency_s,6.146684
1756990796.140,latency_s,6.042043
1756990796.140,latency_s,6.057337
1756990796.140,latency_s,6.050002
1756990796.140,latency_s,6.026798
1756990796.140,latency_s,6.118603
1756990796.141,latency_s,6.027420
1756990796.141,latency_s,6.017966
1756990796.141,latency_s,6.118684
1756990796.141,latency_s,6.018287
1756990796.141,latency_s,6.018051
1756990796.141,latency_s,6.219842
1756990796.247,latency_s,6.225560
1756990796.247,latency_s,6.125313
1756990796.248,latency_s,6.124822
1756990796.248,latency_s,6.055146
1756990796.248,latency_s,6.152380
1756990796.248,latency_s,6.051054
1756990796.248,latency_s,6.047858
1756990796.248,latency_s,6.063937
1756990796.248,latency_s,6.033095
1756990796.248,latency_s,6.034598
1756990796.355,latency_s,6.164891
1756990796.355,latency_s,6.132426
1756990796.356,latency_s,6.132841
1756990796.356,latency_s,6.132675
1756990796.356,latency_s,6.133036
1756990796.356,latency_s,6.132760
1756990796.356,latency_s,6.132829
1756990796.356,latency_s,6.181530
1756990796.356,latency_s,6.081395
1756990796.356,latency_s,6.132787
1756990796.356,latency_s,6.157049
1756990796.356,latency_s,6.133061
1756990796.356,latency_s,6.056962
1756990796.356,latency_s,6.063405
1756990796.356,latency_s,6.056829
1756990796.356,latency_s,6.055472
1756990796.356,latency_s,6.071373
1756990796.356,latency_s,6.065410
1756990796.356,latency_s,6.041274
1756990796.356,latency_s,6.042585
1756990796.357,latency_s,6.033211
1756990796.357,latency_s,6.033680
1756990796.462,latency_s,6.060498
1756990796.462,latency_s,6.059901
1756990796.462,latency_s,6.073781
1756990796.463,latency_s,6.070666
1756990796.464,latency_s,6.046231
1756990796.464,latency_s,6.049184
1756990796.464,latency_s,6.040175
1756990796.464,latency_s,6.040746
1756990796.464,latency_s,6.040266
1756990796.464,latency_s,6.041000
1756990796.464,latency_s,5.988165
1756990796.571,latency_s,6.147113
1756990796.571,latency_s,6.147410
1756990796.571,latency_s,6.147142
1756990796.571,latency_s,6.147146
1756990796.571,latency_s,6.070517
1756990796.571,latency_s,6.076564
1756990796.571,latency_s,6.068872
1756990796.571,latency_s,6.067879
1756990796.571,latency_s,6.082787
1756990796.572,latency_s,6.079362
1756990796.572,latency_s,6.053210
1756990796.572,latency_s,6.056162
1756990796.572,latency_s,6.047657
1756990796.572,latency_s,6.048005
1756990796.572,latency_s,6.047671
1756990796.572,latency_s,6.048479
1756990796.572,latency_s,6.047554
1756990796.572,latency_s,5.995663
1756990796.572,latency_s,6.047918
1756990796.572,latency_s,6.048059
1756990796.572,latency_s,6.047938
1756990796.617,latency_s,6.015797
1756990796.617,latency_s,5.992438
1756990796.617,latency_s,5.992092
1756990796.617,latency_s,6.021755
1756990796.679,latency_s,6.074388
1756990796.679,latency_s,6.088864
1756990796.679,latency_s,6.085916
1756990796.679,latency_s,6.059792
1756990796.679,latency_s,6.063326
1756990796.679,latency_s,6.054862
1756990796.765,latency_s,6.141082
1756990796.765,latency_s,6.140407
1756990796.765,latency_s,6.141666
1756990796.765,latency_s,6.088745
1756990796.765,latency_s,6.141119
1756990796.765,latency_s,6.140577
1756990796.765,latency_s,6.040806
1756990796.765,latency_s,6.040089
1756990796.765,latency_s,6.063178
1756990796.765,latency_s,6.069749
1756990796.765,latency_s,6.061355
1756990796.765,latency_s,6.060384
1756990796.765,latency_s,6.071779
1756990796.765,latency_s,6.071843
1756990796.765,latency_s,6.045969
1756990796.766,latency_s,6.049235
1756990796.766,latency_s,6.040752
1756990796.766,latency_s,6.041529
1756990796.766,latency_s,6.040781
1756990796.829,latency_s,6.052101
1756990796.829,latency_s,6.104333
1756990796.829,latency_s,6.103998
1756990796.829,latency_s,6.002493
1756990796.829,latency_s,6.026703
1756990796.829,latency_s,6.004464
1756990796.872,latency_s,6.075997
1756990796.872,latency_s,6.067912
1756990796.872,latency_s,6.066798
1756990796.873,latency_s,6.078348
1756990796.873,latency_s,6.052555
1756990796.873,latency_s,6.078762
1756990796.873,latency_s,6.055843
1756990796.873,latency_s,6.046260
1756990796.937,latency_s,6.112753
1756990796.937,latency_s,6.110640
1756990796.937,latency_s,6.060092
1756990796.937,latency_s,6.112355
1756990796.937,latency_s,6.110751
1756990796.937,latency_s,6.010612
1756990796.937,latency_s,6.034396
1756990796.937,latency_s,6.012381
1756990796.937,latency_s,6.039902
1756990796.937,latency_s,6.030504
1756990796.937,latency_s,6.041908
1756990796.938,latency_s,6.029985
1756990796.938,latency_s,6.020452
1756990796.938,latency_s,6.016992
1756990796.938,latency_s,6.043205
1756990796.938,latency_s,6.011012
1756990796.938,latency_s,6.013088
1756990796.979,latency_s,6.052809
1756990796.980,latency_s,6.002194
1756990796.980,latency_s,6.054576
1756990796.980,latency_s,6.053133
1756990796.980,latency_s,5.954479
1756990796.980,latency_s,5.952868
1756990796.980,latency_s,5.952961
1756990797.045,latency_s,6.040869
1756990797.045,latency_s,6.018341
1756990797.087,latency_s,6.088613
1756990797.087,latency_s,6.079053
1756990797.087,latency_s,6.363424
1756990797.087,latency_s,6.263270
1756990797.087,latency_s,6.162552
1756990797.087,latency_s,6.061953
1756990797.087,latency_s,6.091090
1756990797.087,latency_s,6.079316
1756990797.087,latency_s,6.066429
1756990797.087,latency_s,6.092200
1756990797.087,latency_s,6.069505
1756990797.087,latency_s,6.060382
1756990797.088,latency_s,6.061861
1756990797.088,latency_s,6.060522
1756990797.088,latency_s,5.959849
1756990797.088,latency_s,6.009506
1756990797.088,latency_s,5.960617
1756990797.153,latency_s,6.049207
1756990797.153,latency_s,6.025861
1756990797.153,latency_s,6.025892
1756990797.153,latency_s,6.054178
1756990797.153,latency_s,6.045139
1756990797.154,latency_s,6.026695
1756990797.191,latency_s,6.082258
1756990797.191,latency_s,6.094202
1756990797.191,latency_s,6.069121
1756990797.191,latency_s,6.094816
1756990797.191,latency_s,5.994632
1756990797.191,latency_s,6.072657
1756990797.191,latency_s,6.063573
1756990797.261,latency_s,6.133997
1756990797.262,latency_s,6.082774
1756990797.262,latency_s,6.034451
1756990797.262,latency_s,6.033781
1756990797.262,latency_s,6.034527
1756990797.262,latency_s,6.057623
1756990797.262,latency_s,6.034604
1756990797.262,latency_s,6.062968
1756990797.263,latency_s,6.053955
1756990797.263,latency_s,6.054054
1756990797.263,latency_s,6.040104
1756990797.263,latency_s,6.043746
1756990797.263,latency_s,5.965767
1756990797.263,latency_s,6.035173
1756990797.263,latency_s,6.035459
1756990797.263,latency_s,6.034952
1756990797.263,latency_s,6.035540
1756990797.263,latency_s,5.983735
1756990797.263,latency_s,5.934830
1756990797.367,latency_s,6.038276
1756990797.367,latency_s,6.038785
1756990797.367,latency_s,6.061923
1756990797.367,latency_s,6.067485
1756990797.367,latency_s,6.058413
1756990797.368,latency_s,6.058878
1756990797.368,latency_s,6.048718
1756990797.368,latency_s,6.045716
1756990797.369,latency_s,5.970841
1756990797.369,latency_s,6.040380
1756990797.369,latency_s,6.040515
1756990797.369,latency_s,6.040350
1756990797.369,latency_s,6.040577
1756990797.370,latency_s,5.941301
1756990797.370,latency_s,5.990558
1756990797.370,latency_s,5.941550
1756990797.476,latency_s,6.046954
1756990797.476,latency_s,6.046925
1756990797.476,latency_s,6.070479
1756990797.476,latency_s,6.075464
1756990797.476,latency_s,6.066045
1756990797.476,latency_s,6.067135
1756990797.476,latency_s,6.279025
1756990797.476,latency_s,6.178659
1756990797.476,latency_s,6.078321
1756990797.476,latency_s,5.977287
1756990797.476,latency_s,6.052984
1756990797.476,latency_s,6.047479
1756990797.476,latency_s,6.056058
1756990797.476,latency_s,5.978626
1756990797.476,latency_s,5.955306
1756990797.478,latency_s,6.049252
1756990797.478,latency_s,6.049316
1756990797.479,latency_s,5.949434
1756990797.479,latency_s,5.949739
1756990797.479,latency_s,5.998936
1756990797.479,latency_s,5.949635
1756990797.479,latency_s,5.949853
1756990797.479,latency_s,6.150717
1756990797.479,latency_s,6.049916
1756990797.479,latency_s,5.949499
1756990797.479,latency_s,5.949703
1756990797.479,latency_s,5.973324
1756990797.479,latency_s,5.977666
1756990797.479,latency_s,5.877444
1756990797.587,latency_s,6.076248
1756990797.588,latency_s,6.078239
1756990797.588,latency_s,5.977791
1756990797.588,latency_s,5.988644
1756990797.588,latency_s,5.966552
1756990797.588,latency_s,6.063786
1756990797.588,latency_s,6.058667
1756990797.588,latency_s,5.963120
1756990797.588,latency_s,6.058971
1756990797.588,latency_s,5.958749
1756990797.588,latency_s,5.958800
1756990797.588,latency_s,5.957966
1756990797.588,latency_s,6.008127
1756990797.588,latency_s,5.958558
1756990797.588,latency_s,5.959069
1756990797.589,latency_s,5.958933
1756990797.589,latency_s,5.982585
1756990797.589,latency_s,5.958923
1756990797.693,latency_s,5.990654
1756990797.693,latency_s,6.081721
1756990797.693,latency_s,5.981426
1756990797.693,latency_s,5.992622
1756990797.693,latency_s,5.982417
1756990797.694,latency_s,5.972259
1756990797.694,latency_s,6.064644
1756990797.694,latency_s,5.964359
1756990797.695,latency_s,5.965987
1756990797.695,latency_s,5.964435
1756990797.695,latency_s,5.965207
1756990797.695,latency_s,5.964552
1756990797.695,latency_s,5.965399
1756990797.695,latency_s,5.965046
1756990797.908,latency_s,6.227334
1756990797.908,latency_s,6.127232
1756990797.908,latency_s,6.178369
1756990797.909,latency_s,6.202470
1756990797.909,latency_s,6.178819
1756990797.909,latency_s,6.102425
1756990797.909,latency_s,6.106799
1756990797.909,latency_s,6.096406
1756990797.909,latency_s,6.107802
1756990797.909,latency_s,6.097495
1756990797.909,latency_s,6.311079
1756990797.909,latency_s,6.210720
1756990797.909,latency_s,6.110517
1756990797.909,latency_s,6.078747
1756990797.909,latency_s,6.086982
1756990797.909,latency_s,6.080487
1756990797.909,latency_s,6.078731
1756990797.909,latency_s,6.079549
1756990797.909,latency_s,6.078548
1756990797.909,latency_s,6.079338
1756990797.909,latency_s,6.027824
1756990797.909,latency_s,6.079176
1756990797.909,latency_s,6.002678
1756990797.910,latency_s,6.079277
1756990797.910,latency_s,6.007252
1756990797.910,latency_s,5.995796
1756990797.910,latency_s,6.008197
1756990797.910,latency_s,5.998193
1756990797.910,latency_s,6.010592
1756990797.910,latency_s,5.979151
1756990797.910,latency_s,5.980434
1756990797.910,latency_s,5.987051
1756990798.016,latency_s,6.085854
1756990798.017,latency_s,6.034601
1756990798.017,latency_s,6.086402
1756990798.017,latency_s,6.010059
1756990798.017,latency_s,6.086501
1756990798.017,latency_s,6.014496
1756990798.017,latency_s,6.002729
1756990798.017,latency_s,6.015413
1756990798.124,latency_s,6.111988
1756990798.125,latency_s,6.124424
1756990798.125,latency_s,6.094311
1756990798.125,latency_s,6.100801
1756990798.125,latency_s,6.093297
1756990798.125,latency_s,6.093121
1756990798.125,latency_s,6.093065
1756990798.125,latency_s,6.094461
1756990798.125,latency_s,6.294988
1756990798.125,latency_s,6.194345
1756990798.125,latency_s,6.094196
1756990798.125,latency_s,6.041827
1756990798.125,latency_s,6.094521
1756990798.125,latency_s,6.093833
1756990798.125,latency_s,6.017301
1756990798.125,latency_s,6.093903
1756990798.125,latency_s,5.993660
1756990798.125,latency_s,6.022351
1756990798.125,latency_s,6.010110
1756990798.125,latency_s,6.012937
1756990798.126,latency_s,6.023563
1756990798.126,latency_s,6.025016
1756990798.126,latency_s,5.995182
1756990798.126,latency_s,5.993908
1756990798.126,latency_s,5.993819
1756990798.231,latency_s,6.047997
1756990798.231,latency_s,6.100776
1756990798.232,latency_s,6.099908
1756990798.232,latency_s,5.999190
1756990798.232,latency_s,6.023078
1756990798.232,latency_s,5.999265
1756990798.232,latency_s,6.028775
1756990798.232,latency_s,6.019681
1756990798.232,latency_s,6.029391
1756990798.233,latency_s,6.031457
1756990798.339,latency_s,6.106689
1756990798.339,latency_s,6.106922
1756990798.339,latency_s,6.114568
1756990798.339,latency_s,6.108733
1756990798.339,latency_s,6.106874
1756990798.340,latency_s,6.108767
1756990798.340,latency_s,6.108496
1756990798.340,latency_s,6.055535
1756990798.340,latency_s,6.108691
1756990798.340,latency_s,6.006587
1756990798.340,latency_s,6.029392
1756990798.340,latency_s,6.006742
1756990798.340,latency_s,6.035910
1756990798.340,latency_s,6.026613
1756990798.340,latency_s,6.037957
1756990798.340,latency_s,6.006710
1756990798.340,latency_s,6.007189
1756990798.340,latency_s,6.015277
1756990798.340,latency_s,6.009305
1756990798.340,latency_s,6.009322
1756990798.340,latency_s,6.007368
1756990798.341,latency_s,6.009032
1756990798.341,latency_s,5.955796
1756990798.446,latency_s,6.115318
1756990798.447,latency_s,6.012549
1756990798.447,latency_s,6.230725
1756990798.447,latency_s,6.130367
1756990798.447,latency_s,6.029827
1756990798.447,latency_s,6.036270
1756990798.447,latency_s,6.013119
1756990798.447,latency_s,6.042335
1756990798.447,latency_s,6.033052
1756990798.448,latency_s,6.044951
1756990798.448,latency_s,6.013639
1756990798.448,latency_s,6.013788
1756990798.448,latency_s,6.016224
1756990798.448,latency_s,6.022472
1756990798.448,latency_s,6.016577
1756990798.448,latency_s,6.014037
1756990798.555,latency_s,6.123718
1756990798.555,latency_s,6.069902
1756990798.556,latency_s,6.123977
1756990798.556,latency_s,6.021516
1756990798.556,latency_s,6.021186
1756990798.556,latency_s,6.038010
1756990798.556,latency_s,6.044462
1756990798.556,latency_s,6.021443
1756990798.556,latency_s,6.051148
1756990798.556,latency_s,6.040824
1756990798.556,latency_s,6.053222
1756990798.556,latency_s,6.021705
1756990798.556,latency_s,6.021934
1756990798.556,latency_s,6.021638
1756990798.556,latency_s,6.030765
1756990798.556,latency_s,6.021953
1756990798.556,latency_s,6.024391
1756990798.556,latency_s,6.251543
1756990798.556,latency_s,6.150835
1756990798.693,latency_s,6.186648
1756990798.693,latency_s,6.086610
1756990798.693,latency_s,6.158778
1756990798.693,latency_s,6.058517
1756990798.693,latency_s,6.058784
1756990798.693,latency_s,6.106722
1756990798.694,latency_s,6.058527
1756990798.771,latency_s,6.153331
1756990798.771,latency_s,6.159292
1756990798.771,latency_s,6.136721
1756990798.771,latency_s,6.165887
1756990798.771,latency_s,6.155470
1756990798.771,latency_s,6.168506
1756990798.772,latency_s,6.136750
1756990798.772,latency_s,6.136807
1756990798.772,latency_s,6.136581
1756990798.772,latency_s,6.145891
1756990798.772,latency_s,6.138960
1756990798.772,latency_s,6.064453
1756990798.772,latency_s,6.036534
1756990798.772,latency_s,6.084324
1756990798.772,latency_s,6.036884
1756990798.772,latency_s,6.036513
1756990798.772,latency_s,6.053162
1756990798.772,latency_s,6.059595
1756990798.772,latency_s,6.037117
1756990798.772,latency_s,6.066272
1756990798.772,latency_s,6.055357
1756990798.772,latency_s,6.068719
1756990798.772,latency_s,6.036973
1756990798.772,latency_s,6.036741
1756990798.772,latency_s,6.036682
1756990798.879,latency_s,6.043268
1756990798.880,latency_s,6.059807
1756990798.880,latency_s,6.066851
1756990798.880,latency_s,6.044631
1756990798.880,latency_s,6.072832
1756990798.880,latency_s,6.062457
1756990798.880,latency_s,6.076331
1756990798.987,latency_s,6.082715
1756990798.987,latency_s,6.151417
1756990798.987,latency_s,6.151266
1756990798.987,latency_s,6.160851
1756990798.987,latency_s,6.151561
1756990798.987,latency_s,6.352504
1756990798.987,latency_s,6.252388
1756990798.987,latency_s,6.151884
1756990798.987,latency_s,6.153694
1756990798.987,latency_s,6.053060
1756990798.987,latency_s,6.079608
1756990798.987,latency_s,6.051476
1756990798.987,latency_s,6.099056
1756990798.987,latency_s,6.051328
1756990798.987,latency_s,6.051405
1756990798.988,latency_s,6.066360
1756990798.988,latency_s,6.073991
1756990798.988,latency_s,6.052135
1756990798.988,latency_s,6.080870
1756990798.988,latency_s,6.070619
1756990798.988,latency_s,5.983192
1756990798.988,latency_s,6.052450
1756990798.988,latency_s,6.052152
1756990798.988,latency_s,6.061406
1756990799.094,latency_s,6.066867
1756990799.095,latency_s,6.058697
1756990799.203,latency_s,6.168054
1756990799.203,latency_s,6.195149
1756990799.204,latency_s,6.214487
1756990799.204,latency_s,6.167118
1756990799.204,latency_s,6.182334
1756990799.204,latency_s,6.189385
1756990799.204,latency_s,6.167968
1756990799.204,latency_s,6.195888
1756990799.204,latency_s,6.095240
1756990799.204,latency_s,6.185667
1756990799.204,latency_s,6.085571
1756990799.204,latency_s,6.098746
1756990799.204,latency_s,6.075684
1756990799.204,latency_s,6.167983
1756990799.204,latency_s,6.167597
1756990799.204,latency_s,6.167902
1756990799.204,latency_s,6.067383
1756990799.204,latency_s,6.067412
1756990799.204,latency_s,6.067803
1756990799.204,latency_s,6.067596
1756990799.204,latency_s,6.095749
1756990799.204,latency_s,6.069182
1756990799.204,latency_s,6.114676
1756990799.204,latency_s,6.067637
1756990799.311,latency_s,6.188810
1756990799.311,latency_s,6.174709
1756990799.311,latency_s,6.196217
1756990799.311,latency_s,6.102216
1756990799.311,latency_s,6.091191
1756990799.311,latency_s,6.105619
1756990799.311,latency_s,6.082575
1756990799.311,latency_s,6.074180
1756990799.312,latency_s,6.175020
1756990799.312,latency_s,6.074717
1756990799.312,latency_s,6.275977
1756990799.312,latency_s,6.175559
1756990799.419,latency_s,6.181963
1756990799.419,latency_s,6.196551
1756990799.419,latency_s,6.182689
1756990799.419,latency_s,6.204148
1756990799.419,latency_s,6.110376
1756990799.419,latency_s,6.099365
1756990799.419,latency_s,6.112843
1756990799.419,latency_s,6.082312
1756990799.419,latency_s,6.082063
1756990799.420,latency_s,6.090966
1756990799.420,latency_s,6.081737
1756990799.420,latency_s,6.081863
1756990799.420,latency_s,6.109046
1756990799.420,latency_s,6.083455
1756990799.420,latency_s,6.129043
1756990799.420,latency_s,6.028469
1756990799.420,latency_s,6.082281
1756990799.420,latency_s,6.082608
1756990799.527,latency_s,6.189641
1756990799.527,latency_s,6.201786
1756990799.527,latency_s,6.190104
1756990799.527,latency_s,6.211284
1756990799.527,latency_s,6.111160
1756990799.527,latency_s,6.118126
1756990799.527,latency_s,6.107139
1756990799.527,latency_s,6.120614
1756990799.527,latency_s,6.089509
1756990799.527,latency_s,6.089636
1756990799.527,latency_s,6.090437
1756990799.527,latency_s,6.035381
1756990799.528,latency_s,6.089633
1756990799.528,latency_s,6.089779
1756990799.636,latency_s,6.098382
1756990799.637,latency_s,6.098638
1756990799.637,latency_s,6.109354
1756990799.637,latency_s,6.019619
1756990799.637,latency_s,6.008754
1756990799.675,latency_s,6.137127
1756990799.675,latency_s,6.064911
1756990799.675,latency_s,6.053631
1756990799.675,latency_s,6.067974
1756990799.675,latency_s,6.036355
1756990799.675,latency_s,6.045361
1756990799.675,latency_s,6.036479
1756990799.675,latency_s,6.036170
1756990799.675,latency_s,6.036235
1756990799.675,latency_s,6.037043
1756990799.675,latency_s,6.060894
1756990799.743,latency_s,6.049536
1756990799.743,latency_s,6.104012
1756990799.744,latency_s,6.105251
1756990799.744,latency_s,6.005240
1756990799.744,latency_s,6.026265
1756990799.744,latency_s,6.105548
1756990799.744,latency_s,6.013392
1756990799.744,latency_s,6.005351
1756990799.744,latency_s,6.033456
1756990799.744,latency_s,6.022245
1756990799.744,latency_s,6.037018
1756990799.744,latency_s,6.005194
1756990799.744,latency_s,6.013914
1756990799.744,latency_s,6.005144
1756990799.745,latency_s,6.005485
1756990799.745,latency_s,6.005160
1756990799.851,latency_s,6.111969
1756990799.851,latency_s,6.011999
1756990799.851,latency_s,6.019666
1756990799.851,latency_s,6.033056
1756990799.851,latency_s,6.011978
1756990799.852,latency_s,6.040540
1756990799.958,latency_s,6.135652
1756990799.959,latency_s,6.150980
1756990799.959,latency_s,6.119106
1756990799.959,latency_s,6.128046
1756990799.959,latency_s,6.119255
1756990799.959,latency_s,6.118893
1756990799.959,latency_s,6.120214
1756990799.959,latency_s,6.143266
1756990799.959,latency_s,6.119457
1756990799.959,latency_s,6.019427
1756990799.959,latency_s,6.047399
1756990799.959,latency_s,6.035613
1756990799.959,latency_s,6.051272
1756990799.959,latency_s,6.019483
1756990799.959,latency_s,6.019463
1756990799.960,latency_s,6.028062
1756990799.960,latency_s,6.018850
1756990800.066,latency_s,6.149151
1756990800.066,latency_s,6.126811
1756990800.066,latency_s,6.126046
1756990800.066,latency_s,6.025208
1756990800.066,latency_s,6.024012
1756990800.066,latency_s,6.032789
1756990800.066,latency_s,6.025252
1756990800.066,latency_s,6.046145
1756990800.066,latency_s,6.427638
1756990800.067,latency_s,6.327841
1756990800.067,latency_s,6.227484
1756990800.067,latency_s,6.127272
1756990800.067,latency_s,6.027200
1756990800.067,latency_s,6.054283
1756990800.067,latency_s,6.042991
1756990800.174,latency_s,6.078673
1756990800.280,latency_s,6.138898
1756990800.280,latency_s,6.137913
1756990800.280,latency_s,6.139028
1756990800.280,latency_s,6.146167
1756990800.280,latency_s,6.160102
1756990800.280,latency_s,6.140271
1756990800.280,latency_s,6.167470
1756990800.280,latency_s,6.155732
1756990800.280,latency_s,6.171494
1756990800.280,latency_s,6.139379
1756990800.280,latency_s,6.138676
1756990800.280,latency_s,6.147895
1756990800.280,latency_s,6.138217
1756990800.280,latency_s,6.138041
1756990800.280,latency_s,6.061193
1756990800.281,latency_s,6.140709
1756990800.282,latency_s,6.085915
1756990800.282,latency_s,6.039148
1756990800.282,latency_s,6.039557
1756990800.282,latency_s,6.040581
1756990800.282,latency_s,6.062334
1756990800.283,latency_s,6.040947
1756990800.283,latency_s,6.069211
1756990800.283,latency_s,6.057843
1756990800.283,latency_s,6.073192
1756990800.283,latency_s,6.041116
1756990800.283,latency_s,6.038841
1756990800.283,latency_s,6.038546
1756990800.283,latency_s,6.050165
1756990800.283,latency_s,6.040192
1756990800.283,latency_s,5.962277
1756990800.388,latency_s,6.091331
1756990800.389,latency_s,6.046224
1756990800.390,latency_s,6.067960
1756990800.390,latency_s,6.047621
1756990800.390,latency_s,6.048194
1756990800.497,latency_s,6.171418
1756990800.497,latency_s,6.186800
1756990800.497,latency_s,6.155324
1756990800.497,latency_s,6.164208
1756990800.497,latency_s,6.152643
1756990800.497,latency_s,6.152941
1756990800.497,latency_s,6.154291
1756990800.497,latency_s,6.076384
1756990800.497,latency_s,6.155930
1756990800.497,latency_s,6.055640
1756990800.497,latency_s,6.100342
1756990800.497,latency_s,6.053395
1756990800.497,latency_s,6.053537
1756990800.497,latency_s,6.075771
1756990800.498,latency_s,6.053695
1756990800.498,latency_s,6.060857
1756990800.498,latency_s,6.071396
1756990800.498,latency_s,6.086293
1756990800.500,latency_s,5.987588
1756990800.604,latency_s,6.161711
1756990800.604,latency_s,6.170600
1756990800.604,latency_s,6.069982
1756990800.604,latency_s,6.159373
1756990800.604,latency_s,6.158833
1756990800.604,latency_s,6.159920
1756990800.604,latency_s,6.061881
1756990800.604,latency_s,6.082671
1756990800.604,latency_s,6.106444
1756990800.604,latency_s,6.067204
1756990800.605,latency_s,6.291651
1756990800.605,latency_s,6.262478
1756990800.605,latency_s,6.161811
1756990800.607,latency_s,6.192122
1756990800.607,latency_s,6.092022
1756990800.607,latency_s,6.062916
1756990800.607,latency_s,5.991969
1756990800.711,latency_s,6.185032
1756990800.712,latency_s,6.098631
1756990800.712,latency_s,6.169328
1756990800.712,latency_s,6.077037
1756990800.712,latency_s,6.167020
1756990800.712,latency_s,6.165487
1756990800.712,latency_s,6.167529
1756990800.712,latency_s,6.066372
1756990800.712,latency_s,6.089690
1756990800.712,latency_s,6.069511
1756990800.712,latency_s,6.113997
1756990800.712,latency_s,6.066998
1756990800.712,latency_s,6.088893
1756990800.712,latency_s,6.074034
1756990800.714,latency_s,6.068914
1756990800.715,latency_s,6.070353
1756990800.715,latency_s,6.070577
1756990800.716,latency_s,6.000098
1756990800.716,latency_s,6.088950
1756990800.819,latency_s,6.104421
1756990800.819,latency_s,6.092257
1756990800.819,latency_s,6.176570
1756990800.819,latency_s,6.076091
1756990800.819,latency_s,6.083775
1756990800.819,latency_s,6.174230
1756990800.819,latency_s,6.171304
1756990800.819,latency_s,6.070881
1756990800.819,latency_s,6.073528
1756990800.821,latency_s,6.122388
1756990800.821,latency_s,6.075240
1756990800.823,latency_s,6.098391
1756990800.823,latency_s,6.076998
1756990800.823,latency_s,6.077506
1756990800.824,latency_s,6.084482
1756990800.824,latency_s,6.007924
1756990800.824,latency_s,6.078492
1756990800.824,latency_s,5.996684
1756990800.824,latency_s,6.009068
1756990800.824,latency_s,5.979982
1756990800.824,latency_s,5.987465
1756990800.824,latency_s,5.977143
1756990800.824,latency_s,5.975167
1756990800.824,latency_s,5.977018
1756990800.824,latency_s,6.001469
1756990800.824,latency_s,5.980092
1756990800.824,latency_s,6.024724
1756990800.929,latency_s,6.081808
1756990800.929,latency_s,6.103611
1756990800.929,latency_s,6.081703
1756990800.929,latency_s,6.082026
1756990800.929,latency_s,6.088890
1756990800.930,latency_s,6.014182
1756990800.930,latency_s,6.083407
1756990800.930,latency_s,6.002620
1756990800.930,latency_s,6.015011
1756990800.930,latency_s,5.985857
1756990800.930,latency_s,5.991327
1756990800.930,latency_s,5.981208
1756990800.931,latency_s,5.983574
1756990800.931,latency_s,5.983415
1756990801.035,latency_s,6.090568
1756990801.035,latency_s,6.135649
1756990801.035,latency_s,6.035589
1756990801.036,latency_s,6.089075
1756990801.036,latency_s,6.089179
1756990801.036,latency_s,6.110695
1756990801.036,latency_s,6.089519
1756990801.037,latency_s,6.010626
1756990801.037,latency_s,6.093940
1756990801.037,latency_s,6.020181
1756990801.037,latency_s,6.089601
1756990801.037,latency_s,5.989330
1756990801.037,latency_s,6.008387
1756990801.037,latency_s,6.020708
1756990801.037,latency_s,5.992091
1756990801.037,latency_s,5.986253
1756990801.037,latency_s,5.996095
1756990801.037,latency_s,5.989724
1756990801.142,latency_s,6.041842
1756990801.142,latency_s,6.094227
1756990801.142,latency_s,6.094326
1756990801.142,latency_s,6.094212
1756990801.143,latency_s,6.015862
1756990801.143,latency_s,6.099796
1756990801.143,latency_s,6.025347
1756990801.143,latency_s,5.994958
1756990801.143,latency_s,6.013530
1756990801.143,latency_s,6.024317
1756990801.143,latency_s,5.997328
1756990801.143,latency_s,5.991920
1756990801.143,latency_s,6.001246
1756990801.143,latency_s,5.995420
1756990801.249,latency_s,6.100641
1756990801.249,latency_s,6.100973
1756990801.249,latency_s,6.100386
1756990801.249,latency_s,6.105659
1756990801.250,latency_s,6.022386
1756990801.250,latency_s,6.032001
1756990801.250,latency_s,6.002490
1756990801.250,latency_s,6.021139
1756990801.251,latency_s,6.030541
1756990801.251,latency_s,6.004921
1756990801.251,latency_s,5.999387
1756990801.251,latency_s,6.008703
1756990801.251,latency_s,6.002916
1756990801.251,latency_s,6.002636
1756990801.251,latency_s,6.003374
1756990801.251,latency_s,6.023361
1756990801.251,latency_s,5.949773
1756990801.251,latency_s,6.002731
1756990801.356,latency_s,6.107877
1756990801.356,latency_s,6.007766
1756990801.357,latency_s,6.028659
1756990801.357,latency_s,6.107718
1756990801.357,latency_s,6.113153
1756990801.357,latency_s,6.012481
1756990801.357,latency_s,6.007135
1756990801.357,latency_s,6.038223
1756990801.357,latency_s,6.008857
1756990801.357,latency_s,6.027090
1756990801.357,latency_s,6.036401
1756990801.357,latency_s,6.011446
1756990801.357,latency_s,6.005882
1756990801.358,latency_s,6.015522
1756990801.463,latency_s,6.134343
1756990801.464,latency_s,6.061369
1756990801.464,latency_s,6.114906
1756990801.464,latency_s,6.014624
1756990801.464,latency_s,6.035315
1756990801.465,latency_s,6.018428
1756990801.465,latency_s,6.014929
1756990801.465,latency_s,6.046016
1756990801.465,latency_s,6.016493
1756990801.465,latency_s,6.043597
1756990801.465,latency_s,6.034902
1756990801.465,latency_s,6.019007
1756990801.465,latency_s,6.021049
1756990801.465,latency_s,6.013507
1756990801.465,latency_s,6.017040
1756990801.465,latency_s,6.016850
1756990801.465,latency_s,6.035387
1756990801.465,latency_s,6.017273
1756990801.570,latency_s,6.067236
1756990801.570,latency_s,6.120639
1756990801.571,latency_s,6.041415
1756990801.571,latency_s,6.021373
1756990801.571,latency_s,6.023539
1756990801.571,latency_s,6.019960
1756990801.571,latency_s,6.051143
1756990801.571,latency_s,6.022067
1756990801.571,latency_s,6.047791
1756990801.571,latency_s,6.039960
1756990801.571,latency_s,6.024163
1756990801.571,latency_s,6.026173
1756990801.571,latency_s,6.019160
1756990801.571,latency_s,6.022080
1756990801.677,latency_s,6.047202
1756990801.677,latency_s,6.024609
1756990801.677,latency_s,6.027620
1756990801.677,latency_s,6.024583
1756990801.677,latency_s,6.057100
1756990801.678,latency_s,6.028183
1756990801.678,latency_s,6.054062
1756990801.678,latency_s,6.046232
1756990801.678,latency_s,6.028313
1756990801.784,latency_s,6.129996
1756990801.784,latency_s,6.133878
1756990801.784,latency_s,6.131331
1756990801.784,latency_s,6.151048
1756990801.784,latency_s,6.134246
1756990801.784,latency_s,6.048380
1756990801.784,latency_s,6.079637
1756990801.784,latency_s,6.130388
1756990801.784,latency_s,6.029925
1756990801.785,latency_s,6.053982
1756990801.785,latency_s,6.031319
1756990801.785,latency_s,6.031442
1756990801.785,latency_s,6.034962
1756990801.785,latency_s,6.063643
1756990801.785,latency_s,6.034745
1756990801.785,latency_s,6.059476
1756990801.785,latency_s,6.052077
1756990801.785,latency_s,6.034677
1756990801.785,latency_s,6.031024
1756990801.785,latency_s,6.031288
1756990801.785,latency_s,6.035006
1756990801.785,latency_s,6.035074
1756990801.785,latency_s,5.946910
1756990801.891,latency_s,6.036155
1756990801.892,latency_s,6.060943
1756990801.892,latency_s,6.040748
1756990801.892,latency_s,6.070369
1756990801.892,latency_s,6.040753
1756990801.892,latency_s,6.065905
1756990801.892,latency_s,6.057592
1756990801.892,latency_s,6.244315
1756990801.892,latency_s,6.144200
1756990801.892,latency_s,6.044141
1756990802.000,latency_s,6.148699
1756990802.000,latency_s,6.148970
1756990802.000,latency_s,6.144761
1756990802.000,latency_s,6.144478
1756990802.000,latency_s,6.149384
1756990802.000,latency_s,6.061192
1756990802.000,latency_s,6.094682
1756990802.000,latency_s,6.044474
1756990802.000,latency_s,6.044499
1756990802.000,latency_s,6.044504
1756990802.000,latency_s,6.068722
1756990802.000,latency_s,6.048295
1756990802.000,latency_s,6.047511
1756990802.000,latency_s,6.078160
1756990802.000,latency_s,6.071766
1756990802.000,latency_s,6.065847
1756990802.000,latency_s,6.049828
1756990802.000,latency_s,6.047669
1756990802.000,latency_s,6.047796
1756990802.001,latency_s,6.044870
1756990802.001,latency_s,6.045275
1756990802.001,latency_s,6.048320
1756990802.001,latency_s,5.946804
1756990802.001,latency_s,5.961519
1756990802.001,latency_s,5.994792
1756990802.001,latency_s,5.944349
1756990802.107,latency_s,6.051235
1756990802.107,latency_s,6.075661
1756990802.107,latency_s,6.055329
1756990802.107,latency_s,6.054467
1756990802.107,latency_s,6.084625
1756990802.108,latency_s,5.984646
1756990802.108,latency_s,6.078979
1756990802.108,latency_s,5.978329
1756990802.108,latency_s,6.073190
1756990802.108,latency_s,6.055824
1756990802.108,latency_s,6.054503
1756990802.108,latency_s,6.051913
1756990802.108,latency_s,6.051884
1756990802.108,latency_s,5.953584
1756990802.108,latency_s,5.968329
1756990802.216,latency_s,6.109366
1756990802.216,latency_s,6.059318
1756990802.216,latency_s,6.059614
1756990802.216,latency_s,6.084088
1756990802.217,latency_s,6.064211
1756990802.217,latency_s,5.992766
1756990802.217,latency_s,6.062815
1756990802.217,latency_s,5.986541
1756990802.217,latency_s,6.081835
1756990802.217,latency_s,5.981716
1756990802.217,latency_s,6.064585
1756990802.217,latency_s,5.963997
1756990802.217,latency_s,6.062660
1756990802.217,latency_s,5.961883
1756990802.217,latency_s,6.060228
1756990802.217,latency_s,6.060315
1756990802.217,latency_s,5.960065
1756990802.217,latency_s,5.960255
1756990802.256,latency_s,6.000861
1756990802.256,latency_s,6.015398
1756990802.256,latency_s,6.048550
1756990802.256,latency_s,5.998964
1756990802.331,latency_s,6.078137
1756990802.331,latency_s,6.275295
1756990802.331,latency_s,6.174603
1756990802.331,latency_s,6.074516
1756990802.331,latency_s,6.076427
1756990802.331,latency_s,6.006652
1756990802.331,latency_s,6.000994
1756990802.331,latency_s,5.995596
1756990802.332,latency_s,6.278504
1756990802.332,latency_s,6.177946
1756990802.365,latency_s,6.110178
1756990802.365,latency_s,6.011521
1756990802.471,latency_s,6.113289
1756990802.471,latency_s,6.113460
1756990802.471,latency_s,6.115452
1756990802.472,latency_s,6.128556
1756990802.472,latency_s,6.115934
1756990802.472,latency_s,6.163770
1756990802.472,latency_s,6.113956
1756990802.472,latency_s,6.117990
1756990802.472,latency_s,6.113784
1756990802.472,latency_s,6.137839
1756990802.472,latency_s,6.114169
1756990802.472,latency_s,6.116059
1756990802.472,latency_s,6.040734
1756990802.472,latency_s,6.035312
1756990802.472,latency_s,6.116103
1756990802.472,latency_s,6.014610
1756990802.472,latency_s,6.018096
1756990802.472,latency_s,6.013753
1756990802.472,latency_s,6.014709
1756990802.472,latency_s,6.013646
1756990802.472,latency_s,6.046986
1756990802.472,latency_s,6.015803
1756990802.472,latency_s,6.027819
1756990802.472,latency_s,6.064341
1756990802.472,latency_s,6.014063
1756990802.472,latency_s,6.018527
1756990802.472,latency_s,6.014030
1756990802.472,latency_s,6.038377
1756990802.473,latency_s,6.013900
1756990802.473,latency_s,6.016159
1756990802.579,latency_s,6.022211
1756990802.579,latency_s,6.045094
1756990802.580,latency_s,6.043141
1756990802.580,latency_s,6.022449
1756990802.580,latency_s,6.025510
1756990802.580,latency_s,6.021626
1756990802.580,latency_s,6.022646
1756990802.580,latency_s,6.021254
1756990802.687,latency_s,6.160152
1756990802.688,latency_s,6.142912
1756990802.688,latency_s,6.131371
1756990802.688,latency_s,6.179654
1756990802.688,latency_s,6.078868
1756990802.688,latency_s,6.129766
1756990802.688,latency_s,6.133760
1756990802.688,latency_s,6.129707
1756990802.688,latency_s,6.129606
1756990802.688,latency_s,6.031134
1756990802.688,latency_s,6.053579
1756990802.689,latency_s,6.050850
1756990802.689,latency_s,6.033806
1756990802.689,latency_s,6.030642
1756990802.689,latency_s,6.029932
1756990802.689,latency_s,6.029223
1756990802.689,latency_s,6.061426
1756990802.689,latency_s,6.041747
1756990802.689,latency_s,6.031431
1756990802.689,latency_s,6.031186
1756990802.689,latency_s,5.979330
1756990802.689,latency_s,6.030326
1756990802.689,latency_s,6.034190
1756990802.689,latency_s,6.030082
1756990802.689,latency_s,6.029955
1756990802.689,latency_s,5.930901
1756990802.796,latency_s,6.035866
1756990802.796,latency_s,6.037614
1756990802.796,latency_s,6.067077
1756990802.796,latency_s,6.048293
1756990802.796,latency_s,6.038050
1756990802.796,latency_s,6.037774
1756990802.796,latency_s,5.986054
1756990802.796,latency_s,6.037166
1756990802.796,latency_s,6.261935
1756990802.796,latency_s,6.161788
1756990802.903,latency_s,6.167830
1756990802.903,latency_s,6.067338
1756990802.903,latency_s,6.147434
1756990802.903,latency_s,6.143835
1756990802.903,latency_s,6.143702
1756990802.903,latency_s,6.043426
1756990802.903,latency_s,6.065544
1756990802.903,latency_s,6.044659
1756990802.903,latency_s,6.064494
1756990802.903,latency_s,6.046953
1756990802.903,latency_s,6.042516
1756990802.903,latency_s,6.044676
1756990802.903,latency_s,6.073592
1756990802.903,latency_s,6.054398
1756990802.903,latency_s,6.045182
1756990802.903,latency_s,6.044183
1756990802.903,latency_s,5.992322
1756990802.903,latency_s,6.044221
1756990802.904,latency_s,5.967783
1756990802.904,latency_s,6.047885
1756990802.904,latency_s,5.947837
1756990802.904,latency_s,6.044772
1756990803.011,latency_s,6.051575
1756990803.011,latency_s,6.051349
1756990803.011,latency_s,6.072890
1756990803.011,latency_s,6.071985
1756990803.011,latency_s,6.050270
1756990803.011,latency_s,6.252125
1756990803.011,latency_s,6.152023
1756990803.011,latency_s,6.050120
1756990803.011,latency_s,6.050370
1756990803.011,latency_s,6.050328
1756990803.012,latency_s,6.080572
1756990803.012,latency_s,6.060901
1756990803.012,latency_s,6.052534
1756990803.012,latency_s,6.052162
1756990803.052,latency_s,6.039980
1756990803.052,latency_s,6.092427
1756990803.052,latency_s,6.014959
1756990803.052,latency_s,5.994231
1756990803.052,latency_s,5.991992
1756990803.052,latency_s,5.992461
1756990803.052,latency_s,6.012017
1756990803.052,latency_s,5.990501
1756990803.052,latency_s,6.012556
1756990803.052,latency_s,5.990512
1756990803.119,latency_s,6.057673
1756990803.120,latency_s,6.057741
1756990803.120,latency_s,6.068177
1756990803.120,latency_s,6.060188
1756990803.120,latency_s,6.059633
1756990803.120,latency_s,6.006800
1756990803.120,latency_s,6.060348
1756990803.120,latency_s,5.982967
1756990803.160,latency_s,5.999084
1756990803.160,latency_s,6.001788
1756990803.160,latency_s,5.999761
1756990803.160,latency_s,5.997719
1756990803.160,latency_s,6.019119
1756990803.160,latency_s,6.019305
1756990803.229,latency_s,6.066607
1756990803.229,latency_s,6.066969
1756990803.229,latency_s,6.066960
1756990803.229,latency_s,6.077178
1756990803.229,latency_s,6.069141
1756990803.229,latency_s,6.272085
1756990803.229,latency_s,6.171293
1756990803.229,latency_s,6.070997
1756990803.229,latency_s,6.068717
1756990803.229,latency_s,6.014941
1756990803.229,latency_s,6.068802
1756990803.229,latency_s,5.968535
1756990803.229,latency_s,5.991360
1756990803.267,latency_s,6.006361
1756990803.267,latency_s,6.008603
1756990803.267,latency_s,6.006838
1756990803.267,latency_s,6.004495
1756990803.267,latency_s,6.025403
1756990803.267,latency_s,6.025538
1756990803.268,latency_s,6.004827
1756990803.268,latency_s,6.004900
1756990803.268,latency_s,6.235987
1756990803.268,latency_s,6.131067
1756990803.268,latency_s,6.029433
1756990803.268,latency_s,5.929050
1756990803.268,latency_s,6.015520
1756990803.375,latency_s,6.022317
1756990803.482,latency_s,6.223158
1756990803.482,latency_s,6.166772
1756990803.482,latency_s,6.221416
1756990803.482,latency_s,6.121216
1756990803.482,latency_s,6.121233
1756990803.482,latency_s,6.143700
1756990803.482,latency_s,6.121385
1756990803.483,latency_s,6.121808
1756990803.483,latency_s,6.123026
1756990803.483,latency_s,6.119401
1756990803.483,latency_s,6.139943
1756990803.483,latency_s,6.139957
1756990803.483,latency_s,6.119601
1756990803.483,latency_s,6.119554
1756990803.483,latency_s,6.041149
1756990803.483,latency_s,6.028953
1756990803.483,latency_s,6.121948
1756990803.483,latency_s,6.021600
1756990803.484,latency_s,6.124090
1756990803.484,latency_s,6.023305
1756990803.484,latency_s,6.067900
1756990803.484,latency_s,6.022877
1756990803.484,latency_s,6.022784
1756990803.484,latency_s,6.045516
1756990803.485,latency_s,6.024812
1756990803.485,latency_s,6.023446
1756990803.485,latency_s,6.022693
1756990803.485,latency_s,6.021134
1756990803.485,latency_s,6.041227
1756990803.485,latency_s,6.038256
1756990803.485,latency_s,6.222005
1756990803.590,latency_s,6.047701
1756990803.592,latency_s,6.037429
1756990803.592,latency_s,6.030064
1756990803.592,latency_s,6.029642
1756990803.592,latency_s,6.073781
1756990803.592,latency_s,6.030090
1756990803.592,latency_s,6.029789
1756990803.592,latency_s,6.052226
1756990803.699,latency_s,6.137357
1756990803.699,latency_s,6.138400
1756990803.699,latency_s,6.136939
1756990803.699,latency_s,6.135243
1756990803.699,latency_s,6.155638
1756990803.700,latency_s,6.152225
1756990803.700,latency_s,6.135540
1756990803.700,latency_s,6.135800
1756990803.700,latency_s,6.136051
1756990803.700,latency_s,6.057089
1756990803.700,latency_s,6.044868
1756990803.700,latency_s,6.037875
1756990803.700,latency_s,6.037357
1756990803.700,latency_s,6.080972
1756990803.700,latency_s,6.037737
1756990803.700,latency_s,6.037223
1756990803.700,latency_s,6.059376
1756990803.700,latency_s,6.038275
1756990803.700,latency_s,6.037571
1756990803.700,latency_s,6.039461
1756990803.805,latency_s,6.141381
1756990803.806,latency_s,6.161051
1756990803.806,latency_s,6.158046
1756990803.806,latency_s,6.141452
1756990803.806,latency_s,6.141597
1756990803.807,latency_s,6.051718
1756990803.807,latency_s,6.045146
1756990803.807,latency_s,6.044840
1756990803.808,latency_s,6.088440
1756990803.808,latency_s,6.045169
1756990803.808,latency_s,6.044758
1756990803.808,latency_s,6.066843
1756990803.808,latency_s,6.045836
1756990803.808,latency_s,6.046066
1756990803.808,latency_s,6.045088
1756990803.808,latency_s,6.062591
1756990803.808,latency_s,5.960855
1756990803.808,latency_s,6.043770
1756990803.808,latency_s,6.058729
1756990803.808,latency_s,5.958650
1756990803.915,latency_s,6.150595
1756990803.915,latency_s,6.150729
1756990803.915,latency_s,6.050958
1756990803.915,latency_s,6.070707
1756990803.915,latency_s,6.052749
1756990803.915,latency_s,6.057904
1756990803.915,latency_s,6.052485
1756990803.915,latency_s,6.095465
1756990803.915,latency_s,6.052715
1756990803.915,latency_s,6.052331
1756990803.915,latency_s,6.073910
1756990803.915,latency_s,6.053218
1756990803.916,latency_s,6.053205
1756990803.916,latency_s,6.052669
1756990803.916,latency_s,5.968120
1756990803.916,latency_s,6.051243
1756990803.916,latency_s,5.965128
1756990804.021,latency_s,6.056198
1756990804.021,latency_s,6.056529
1756990804.022,latency_s,6.076314
1756990804.022,latency_s,6.064474
1756990804.022,latency_s,6.059317
1756990804.023,latency_s,6.058948
1756990804.023,latency_s,6.102021
1756990804.023,latency_s,6.059692
1756990804.023,latency_s,6.059102
1756990804.023,latency_s,6.080997
1756990804.023,latency_s,6.059188
1756990804.023,latency_s,6.059088
1756990804.023,latency_s,5.974810
1756990804.023,latency_s,5.971877
1756990804.023,latency_s,6.057941
1756990804.128,latency_s,6.062426
1756990804.129,latency_s,6.080448
1756990804.130,latency_s,6.071384
1756990804.130,latency_s,6.065974
1756990804.130,latency_s,6.065916
1756990804.130,latency_s,6.109054
1756990804.130,latency_s,6.065944
1756990804.130,latency_s,6.066102
1756990804.130,latency_s,6.086971
1756990804.130,latency_s,6.065943
1756990804.130,latency_s,6.066233
1756990804.130,latency_s,5.981287
1756990804.130,latency_s,5.978456
1756990804.130,latency_s,5.964181
1756990804.130,latency_s,5.963791
1756990804.130,latency_s,5.964238
1756990804.130,latency_s,5.963968
1756990804.236,latency_s,6.114701
1756990804.236,latency_s,6.071768
1756990804.236,latency_s,6.072353
1756990804.236,latency_s,6.093257
1756990804.237,latency_s,6.273862
1756990804.237,latency_s,6.172997
1756990804.237,latency_s,6.072368
1756990804.237,latency_s,6.073106
1756990804.237,latency_s,6.072830
1756990804.237,latency_s,5.984875
1756990804.237,latency_s,5.986527
1756990804.237,latency_s,5.970651
1756990804.237,latency_s,5.970493
1756990804.237,latency_s,5.970695
1756990804.237,latency_s,5.970622
1756990804.344,latency_s,6.020614
1756990804.344,latency_s,6.078265
1756990804.344,latency_s,6.079098
1756990804.344,latency_s,6.100145
1756990804.344,latency_s,5.999502
1756990804.344,latency_s,6.079094
1756990804.344,latency_s,6.078932
1756990804.344,latency_s,5.976476
1756990804.344,latency_s,6.078945
1756990804.344,latency_s,5.978624
1756990804.344,latency_s,5.991813
1756990804.344,latency_s,5.993422
1756990804.344,latency_s,5.977055
1756990804.344,latency_s,5.976818
1756990804.344,latency_s,5.976874
1756990804.344,latency_s,5.977241
1756990804.345,latency_s,5.993781
1756990804.451,latency_s,6.191290
1756990804.451,latency_s,6.090829
1756990804.451,latency_s,6.083280
1756990804.451,latency_s,6.085438
1756990804.451,latency_s,6.027959
1756990804.451,latency_s,6.083408
1756990804.451,latency_s,6.085818
1756990804.451,latency_s,6.006315
1756990804.451,latency_s,6.085978
1756990804.451,latency_s,5.985766
1756990804.451,latency_s,5.982762
1756990804.451,latency_s,5.985270
1756990804.451,latency_s,5.982825
1756990804.451,latency_s,5.998166
1756990804.451,latency_s,6.000144
1756990804.558,latency_s,6.097452
1756990804.558,latency_s,6.089976
1756990804.558,latency_s,6.092240
1756990804.558,latency_s,6.034478
1756990804.558,latency_s,6.089521
1756990804.558,latency_s,6.092515
1756990804.558,latency_s,6.012890
1756990804.558,latency_s,5.992200
1756990804.558,latency_s,5.988853
1756990804.558,latency_s,5.992074
1756990804.559,latency_s,5.988615
1756990804.559,latency_s,6.004749
1756990804.664,latency_s,6.112402
1756990804.664,latency_s,6.094943
1756990804.665,latency_s,6.094386
1756990804.665,latency_s,6.095430
1756990804.665,latency_s,6.103268
1756990804.666,latency_s,6.113649
1756990804.666,latency_s,6.096123
1756990804.666,latency_s,6.099239
1756990804.666,latency_s,6.041497
1756990804.666,latency_s,6.096320
1756990804.666,latency_s,6.099443
1756990804.666,latency_s,6.019894
1756990804.666,latency_s,5.999193
1756990804.666,latency_s,5.995122
1756990804.666,latency_s,5.999032
1756990804.666,latency_s,5.995188
1756990804.666,latency_s,6.010660
1756990804.666,latency_s,6.014062
1756990804.666,latency_s,5.995381
1756990804.666,latency_s,5.994643
1756990804.773,latency_s,6.102108
1756990804.774,latency_s,6.105592
1756990804.774,latency_s,6.048852
1756990804.774,latency_s,6.102497
1756990804.774,latency_s,6.106602
1756990804.774,latency_s,6.006307
1756990804.774,latency_s,6.027228
1756990804.774,latency_s,6.006581
1756990804.774,latency_s,6.002161
1756990804.774,latency_s,6.006250
1756990804.774,latency_s,6.001949
1756990804.774,latency_s,6.018076
1756990804.774,latency_s,6.020999
1756990804.882,latency_s,6.109996
1756990804.882,latency_s,6.109346
1756990804.882,latency_s,6.111394
1756990804.882,latency_s,6.129237
1756990804.882,latency_s,6.110480
1756990804.882,latency_s,6.113473
1756990804.882,latency_s,6.056757
1756990804.882,latency_s,6.014354
1756990804.882,latency_s,6.035488
1756990804.882,latency_s,6.014443
1756990804.882,latency_s,6.009750
1756990804.882,latency_s,6.014408
1756990804.882,latency_s,6.027883
1756990804.882,latency_s,6.010097
1756990804.883,latency_s,6.026086
1756990804.883,latency_s,6.009258
1756990804.883,latency_s,6.009890
1756990804.883,latency_s,6.011922
1756990804.883,latency_s,6.029162
1756990804.989,latency_s,6.062807
1756990804.989,latency_s,6.018541
1756990804.990,latency_s,6.042648
1756990804.990,latency_s,6.020988
1756990804.990,latency_s,6.016639
1756990804.990,latency_s,6.020900
1756990804.990,latency_s,6.034958
1756990804.990,latency_s,6.016865
1756990804.990,latency_s,6.032356
1756990804.990,latency_s,6.015974
1756990804.990,latency_s,6.016289
1756990804.990,latency_s,6.018946
1756990804.990,latency_s,5.935436
1756990805.099,latency_s,6.027882
1756990805.099,latency_s,6.124866
1756990805.099,latency_s,6.072544
1756990805.099,latency_s,6.024455
1756990805.099,latency_s,6.326948
1756990805.099,latency_s,6.226213
1756990805.099,latency_s,6.436616
1756990805.099,latency_s,6.335933
1756990805.099,latency_s,6.125988
1756990805.099,latency_s,6.235761
1756990805.099,latency_s,6.025472
1756990805.099,latency_s,6.135204
1756990805.099,latency_s,6.034482
1756990805.099,latency_s,6.028649
1756990805.099,latency_s,6.052279
1756990805.099,latency_s,6.030086
1756990805.099,latency_s,6.025953
1756990805.100,latency_s,6.029023
1756990805.100,latency_s,6.044050
1756990805.206,latency_s,6.079758
1756990805.207,latency_s,6.035432
1756990805.207,latency_s,6.032046
1756990805.207,latency_s,6.041163
1756990805.207,latency_s,6.032475
1756990805.207,latency_s,6.035498
1756990805.207,latency_s,6.059046
1756990805.207,latency_s,6.037275
1756990805.207,latency_s,6.032729
1756990805.207,latency_s,6.035863
1756990805.207,latency_s,6.051264
1756990805.207,latency_s,6.033087
1756990805.207,latency_s,6.047836
1756990805.207,latency_s,6.032450
1756990805.315,latency_s,6.140141
1756990805.315,latency_s,6.143478
1756990805.315,latency_s,6.042809
1756990805.315,latency_s,6.059464
1756990805.316,latency_s,6.088813
1756990805.316,latency_s,6.040665
1756990805.316,latency_s,6.043646
1756990805.316,latency_s,6.041261
1756990805.316,latency_s,6.049562
1756990805.316,latency_s,6.043663
1756990805.316,latency_s,6.067618
1756990805.316,latency_s,6.046129
1756990805.316,latency_s,6.041832
1756990805.316,latency_s,6.044190
1756990805.316,latency_s,6.042238
1756990805.316,latency_s,6.060249
1756990805.317,latency_s,5.959625
1756990805.317,latency_s,6.056981
1756990805.423,latency_s,6.049573
1756990805.530,latency_s,6.173148
1756990805.531,latency_s,6.155263
1756990805.531,latency_s,6.203547
1756990805.531,latency_s,6.157719
1756990805.531,latency_s,6.164003
1756990805.531,latency_s,6.155700
1756990805.531,latency_s,6.157620
1756990805.531,latency_s,6.181515
1756990805.531,latency_s,6.160493
1756990805.531,latency_s,6.155923
1756990805.531,latency_s,6.157747
1756990805.531,latency_s,6.155945
1756990805.531,latency_s,6.072405
1756990805.532,latency_s,6.156820
1756990805.532,latency_s,6.056741
1756990805.532,latency_s,6.074248
1756990805.532,latency_s,6.058719
1756990805.533,latency_s,6.057016
1756990805.533,latency_s,6.058774
1756990805.533,latency_s,6.104822
1756990805.533,latency_s,6.065532
1756990805.533,latency_s,6.057621
1756990805.533,latency_s,6.058174
1756990805.533,latency_s,6.083425
1756990805.533,latency_s,6.061759
1756990805.533,latency_s,6.057846
1756990805.533,latency_s,6.058309
1756990805.533,latency_s,5.971345
1756990805.533,latency_s,6.057882
1756990805.533,latency_s,5.973383
1756990805.533,latency_s,5.957267
1756990805.638,latency_s,6.060884
1756990805.640,latency_s,6.065896
1756990805.640,latency_s,6.063936
1756990805.640,latency_s,6.065720
1756990805.640,latency_s,6.111527
1756990805.640,latency_s,6.072041
1756990805.640,latency_s,6.064127
1756990805.640,latency_s,6.065276
1756990805.853,latency_s,6.303153
1756990805.854,latency_s,6.281860
1756990805.854,latency_s,6.278114
1756990805.855,latency_s,6.279814
1756990805.855,latency_s,6.192863
1756990805.855,latency_s,6.193348
1756990805.855,latency_s,6.178917
1756990805.855,latency_s,6.177719
1756990805.855,latency_s,6.178473
1756990805.855,latency_s,6.194554
1756990805.855,latency_s,6.180987
1756990805.855,latency_s,6.178875
1756990805.855,latency_s,6.225945
1756990805.855,latency_s,6.180639
1756990805.855,latency_s,6.186711
1756990805.855,latency_s,6.178968
1756990805.855,latency_s,6.179187
1756990805.855,latency_s,6.204388
1756990805.856,latency_s,6.182753
1756990805.856,latency_s,6.179309
1756990805.856,latency_s,6.179550
1756990805.856,latency_s,6.092845
1756990805.856,latency_s,6.092876
1756990805.856,latency_s,6.079255
1756990805.856,latency_s,6.078050
1756990805.856,latency_s,6.094224
1756990805.856,latency_s,6.081304
1756990805.856,latency_s,6.079320
1756990805.856,latency_s,6.126620
1756990805.856,latency_s,6.080719
1756990805.856,latency_s,6.079574
1756990805.856,latency_s,6.026614
1756990805.961,latency_s,6.084224
1756990805.964,latency_s,6.086895
1756990805.964,latency_s,6.086377
1756990805.964,latency_s,6.093925
1756990805.964,latency_s,6.086634
1756990805.964,latency_s,6.112010
1756990805.964,latency_s,6.011649
1756990806.070,latency_s,6.196762
1756990806.071,latency_s,6.194107
1756990806.071,latency_s,6.193811
1756990806.071,latency_s,6.093610
1756990806.071,latency_s,6.093651
1756990806.071,latency_s,6.106182
1756990806.071,latency_s,6.093664
1756990806.071,latency_s,6.107167
1756990806.071,latency_s,6.093691
1756990806.071,latency_s,6.092994
1756990806.071,latency_s,6.096678
1756990806.071,latency_s,6.106267
1756990806.072,latency_s,6.094049
1756990806.072,latency_s,6.093991
1756990806.072,latency_s,6.041351
1756990806.072,latency_s,6.101573
1756990806.072,latency_s,6.093903
1756990806.072,latency_s,6.018667
1756990806.072,latency_s,6.097266
1756990806.072,latency_s,5.996877
1756990806.072,latency_s,5.993703
1756990806.072,latency_s,5.993623
1756990806.072,latency_s,6.007009
1756990806.072,latency_s,6.007397
1756990806.072,latency_s,5.993877
1756990806.072,latency_s,5.993666
1756990806.177,latency_s,6.099165
1756990806.177,latency_s,6.045715
1756990806.178,latency_s,6.107025
1756990806.178,latency_s,6.099373
1756990806.178,latency_s,6.024688
1756990806.178,latency_s,6.002781
1756990806.179,latency_s,5.999409
1756990806.179,latency_s,5.999585
1756990806.286,latency_s,6.119043
1756990806.286,latency_s,6.106521
1756990806.286,latency_s,6.119047
1756990806.286,latency_s,6.106563
1756990806.286,latency_s,6.107357
1756990806.286,latency_s,6.110536
1756990806.286,latency_s,6.119304
1756990806.286,latency_s,6.107121
1756990806.286,latency_s,6.053739
1756990806.286,latency_s,6.107620
1756990806.286,latency_s,6.114355
1756990806.286,latency_s,6.107357
1756990806.287,latency_s,6.032561
1756990806.287,latency_s,6.308744
1756990806.287,latency_s,6.208104
1756990806.287,latency_s,6.107233
1756990806.287,latency_s,6.004797
1756990806.287,latency_s,6.010546
1756990806.287,latency_s,6.005113
1756990806.287,latency_s,6.005369
1756990806.287,latency_s,6.018405
1756990806.287,latency_s,6.005727
1756990806.327,latency_s,6.059046
1756990806.327,latency_s,6.045243
1756990806.327,latency_s,6.047800
1756990806.327,latency_s,6.050817
1756990806.327,latency_s,6.059183
1756990806.327,latency_s,6.045401
1756990806.327,latency_s,5.994208
1756990806.327,latency_s,6.048078
1756990806.393,latency_s,6.120265
1756990806.393,latency_s,6.111465
1756990806.394,latency_s,6.011685
1756990806.394,latency_s,6.039540
1756990806.394,latency_s,6.011679
1756990806.394,latency_s,6.016741
1756990806.394,latency_s,6.011628
1756990806.394,latency_s,6.011768
1756990806.477,latency_s,6.105206
1756990806.478,latency_s,6.095509
1756990806.478,latency_s,6.107015
1756990806.478,latency_s,6.097797
1756990806.478,latency_s,6.095776
1756990806.478,latency_s,6.100792
1756990806.478,latency_s,6.107049
1756990806.478,latency_s,6.095811
1756990806.478,latency_s,6.044076
1756990806.478,latency_s,6.098037
1756990806.500,latency_s,6.127046
1756990806.500,latency_s,6.026962
1756990806.501,latency_s,6.018559
1756990806.501,latency_s,6.046319
1756990806.501,latency_s,6.018860
1756990806.502,latency_s,6.023992
1756990806.502,latency_s,6.019032
1756990806.502,latency_s,6.019259
1756990806.502,latency_s,6.029296
1756990806.502,latency_s,6.030322
1756990806.502,latency_s,6.019466
1756990806.502,latency_s,6.021466
1756990806.502,latency_s,6.019733
1756990806.502,latency_s,6.024664
1756990806.502,latency_s,6.030626
1756990806.502,latency_s,6.019592
1756990806.608,latency_s,6.034644
1756990806.608,latency_s,6.024680
1756990806.608,latency_s,6.053009
1756990806.609,latency_s,6.024751
1756990806.609,latency_s,6.030126
1756990806.609,latency_s,6.024763
1756990806.609,latency_s,6.025325
1756990806.609,latency_s,6.035437
1756990806.609,latency_s,6.035683
1756990806.609,latency_s,6.024862
1756990806.609,latency_s,6.027014
1756990806.609,latency_s,6.025202
1756990806.609,latency_s,6.030967
1756990806.609,latency_s,6.035982
1756990806.609,latency_s,5.935606
1756990806.609,latency_s,5.924821
1756990806.609,latency_s,5.973900
1756990806.609,latency_s,5.927579
1756990806.715,latency_s,6.041431
1756990806.715,latency_s,6.031729
1756990806.716,latency_s,6.059929
1756990806.716,latency_s,6.031595
1756990806.716,latency_s,6.037295
1756990806.716,latency_s,6.031923
1756990806.716,latency_s,6.032248
1756990806.716,latency_s,6.042599
1756990806.716,latency_s,6.042867
1756990806.716,latency_s,6.031940
1756990806.716,latency_s,6.033799
1756990806.716,latency_s,6.032391
1756990806.716,latency_s,6.037610
1756990806.717,latency_s,5.936014
1756990806.823,latency_s,6.048548
1756990806.823,latency_s,6.087255
1756990806.823,latency_s,6.048513
1756990806.823,latency_s,6.040410
1756990806.823,latency_s,6.038939
1756990806.823,latency_s,6.066663
1756990806.823,latency_s,6.037961
1756990806.823,latency_s,6.042524
1756990806.823,latency_s,6.038697
1756990806.823,latency_s,6.039063
1756990806.823,latency_s,6.049141
1756990806.823,latency_s,6.048914
1756990806.823,latency_s,6.038555
1756990806.823,latency_s,6.039737
1756990806.823,latency_s,6.038384
1756990806.823,latency_s,5.942654
1756990806.823,latency_s,5.948608
1756990806.824,latency_s,5.987192
1756990806.929,latency_s,6.054360
1756990806.930,latency_s,6.047250
1756990806.930,latency_s,6.045701
1756990806.931,latency_s,6.073606
1756990806.931,latency_s,6.045165
1756990806.931,latency_s,6.049891
1756990806.931,latency_s,6.046011
1756990806.931,latency_s,6.046252
1756990806.931,latency_s,6.054941
1756990806.931,latency_s,6.045845
1756990806.931,latency_s,6.056074
1756990806.931,latency_s,6.046791
1756990806.931,latency_s,5.946649
1756990806.932,latency_s,6.046989
1756990807.037,latency_s,6.252251
1756990807.037,latency_s,6.152110
1756990807.038,latency_s,6.053077
1756990807.038,latency_s,6.101255
1756990807.038,latency_s,6.059752
1756990807.038,latency_s,6.054989
1756990807.038,latency_s,6.053729
1756990807.038,latency_s,6.080616
1756990807.039,latency_s,6.052618
1756990807.039,latency_s,6.056841
1756990807.039,latency_s,6.053640
1756990807.144,latency_s,6.159241
1756990807.144,latency_s,6.165715
1756990807.144,latency_s,6.159126
1756990807.144,latency_s,6.165848
1756990807.144,latency_s,6.065203
1756990807.145,latency_s,6.065714
1756990807.145,latency_s,6.059293
1756990807.145,latency_s,6.058800
1756990807.146,latency_s,6.063402
1756990807.146,latency_s,6.069934
1756990807.146,latency_s,6.059950
1756990807.146,latency_s,6.108715
1756990807.146,latency_s,6.062503
1756990807.146,latency_s,6.066537
1756990807.146,latency_s,6.060909
1756990807.146,latency_s,6.088123
1756990807.146,latency_s,6.060098
1756990807.146,latency_s,6.063921
1756990807.146,latency_s,6.060789
1756990807.146,latency_s,6.060963
1756990807.146,latency_s,5.963910
1756990807.252,latency_s,6.065824
1756990807.252,latency_s,6.066302
1756990807.252,latency_s,6.065871
1756990807.252,latency_s,6.069424
1756990807.252,latency_s,6.075418
1756990807.252,latency_s,6.065562
1756990807.252,latency_s,6.114413
1756990807.252,latency_s,6.071541
1756990807.252,latency_s,6.068447
1756990807.252,latency_s,6.066791
1756990807.252,latency_s,6.093461
1756990807.253,latency_s,6.066463
1756990807.253,latency_s,6.070445
1756990807.361,latency_s,6.175316
1756990807.361,latency_s,6.175439
1756990807.361,latency_s,6.075112
1756990807.361,latency_s,6.078619
1756990807.361,latency_s,6.078630
1756990807.361,latency_s,6.075255
1756990807.361,latency_s,6.074838
1756990807.361,latency_s,6.078253
1756990807.361,latency_s,6.084553
1756990807.362,latency_s,6.074805
1756990807.362,latency_s,6.122782
1756990807.362,latency_s,6.080377
1756990807.362,latency_s,6.077487
1756990807.362,latency_s,6.075458
1756990807.362,latency_s,6.102163
1756990807.362,latency_s,6.074808
1756990807.362,latency_s,6.078480
1756990807.362,latency_s,6.075559
1756990807.362,latency_s,6.075457
1756990807.362,latency_s,5.975496
1756990807.362,latency_s,5.979070
1756990807.362,latency_s,5.978847
1756990807.362,latency_s,5.975677
1756990807.362,latency_s,5.975109
1756990807.362,latency_s,5.978542
1756990807.362,latency_s,5.984704
1756990807.403,latency_s,6.015670
1756990807.403,latency_s,6.062121
1756990807.403,latency_s,5.960654
1756990807.403,latency_s,6.020884
1756990807.469,latency_s,6.083709
1756990807.469,latency_s,6.082601
1756990807.469,latency_s,6.109494
1756990807.469,latency_s,6.008853
1756990807.469,latency_s,6.085819
1756990807.470,latency_s,6.082648
1756990807.470,latency_s,6.083262
1756990807.470,latency_s,5.982777
1756990807.470,latency_s,6.083283
1756990807.470,latency_s,5.982679
1756990807.470,latency_s,5.983258
1756990807.552,latency_s,6.068648
1756990807.552,latency_s,6.068043
1756990807.552,latency_s,6.064771
1756990807.552,latency_s,6.065402
1756990807.552,latency_s,6.074428
1756990807.552,latency_s,6.064374
1756990807.552,latency_s,6.009765
1756990807.552,latency_s,6.069992
1756990807.552,latency_s,6.066587
1756990807.578,latency_s,6.090840
1756990807.578,latency_s,6.016708
1756990807.578,latency_s,6.094210
1756990807.578,latency_s,6.090509
1756990807.578,latency_s,5.990685
1756990807.578,latency_s,5.990545
1756990807.578,latency_s,5.990880
1756990807.578,latency_s,5.993397
1756990807.578,latency_s,5.994849
1756990807.578,latency_s,5.991476
1756990807.578,latency_s,5.990835
1756990807.578,latency_s,6.000537
1756990807.660,latency_s,6.016330
1756990807.660,latency_s,6.076703
1756990807.660,latency_s,6.073923
1756990807.660,latency_s,6.072668
1756990807.660,latency_s,5.997846
1756990807.660,latency_s,6.074898
1756990807.660,latency_s,6.072220
1756990807.660,latency_s,5.974378
1756990807.685,latency_s,5.997445
1756990807.685,latency_s,5.997531
1756990807.685,latency_s,5.997679
1756990807.685,latency_s,6.001651
1756990807.685,latency_s,5.999871
1756990807.686,latency_s,5.998539
1756990807.686,latency_s,6.201692
1756990807.686,latency_s,6.100744
1756990807.686,latency_s,5.999997
1756990807.686,latency_s,6.007443
1756990807.686,latency_s,5.997591
1756990807.767,latency_s,6.023853
1756990807.768,latency_s,6.081723
1756990807.768,latency_s,6.084091
1756990807.768,latency_s,6.080514
1756990807.768,latency_s,6.005992
1756990807.768,latency_s,6.080153
1756990807.768,latency_s,5.979827
1756990807.768,latency_s,5.981753
1756990807.768,latency_s,5.980276
1756990807.768,latency_s,5.980320
1756990807.768,latency_s,5.981810
1756990807.768,latency_s,5.984464
1756990807.768,latency_s,5.980312
1756990807.876,latency_s,6.097543
1756990807.877,latency_s,6.088092
1756990807.877,latency_s,6.031587
1756990807.877,latency_s,6.090132
1756990807.877,latency_s,6.092779
1756990807.877,latency_s,6.089051
1756990807.877,latency_s,6.014138
1756990807.877,latency_s,5.988229
1756990807.877,latency_s,5.989475
1756990807.877,latency_s,5.988037
1756990807.877,latency_s,5.988545
1756990807.877,latency_s,6.189375
1756990807.877,latency_s,6.089067
1756990807.877,latency_s,5.988704
1756990807.982,latency_s,6.094396
1756990807.982,latency_s,6.097439
1756990807.982,latency_s,6.093125
1756990807.982,latency_s,6.094333
1756990807.982,latency_s,6.094656
1756990807.983,latency_s,6.103786
1756990807.984,latency_s,6.094631
1756990807.984,latency_s,6.037454
1756990807.984,latency_s,6.099745
1756990807.984,latency_s,6.096931
1756990807.985,latency_s,5.999142
1756990807.985,latency_s,5.996156
1756990807.985,latency_s,6.020916
1756990807.985,latency_s,6.096089
1756990807.985,latency_s,5.995609
1756990807.985,latency_s,5.995788
1756990807.985,latency_s,5.995049
1756990807.985,latency_s,5.994369
1756990808.089,latency_s,6.100644
1756990808.089,latency_s,6.100926
1756990808.089,latency_s,6.109476
1756990808.089,latency_s,6.099770
1756990808.089,latency_s,6.039905
1756990808.089,latency_s,6.003812
1756990808.090,latency_s,6.000745
1756990808.090,latency_s,6.025747
1756990808.090,latency_s,6.000173
1756990808.090,latency_s,5.998899
1756990808.090,latency_s,6.000151
1756990808.090,latency_s,5.999219
1756990808.090,latency_s,5.999967
1756990808.090,latency_s,6.000669
1756990808.196,latency_s,6.105847
1756990808.196,latency_s,6.106070
1756990808.197,latency_s,6.116034
1756990808.197,latency_s,6.015509
1756990808.197,latency_s,6.106169
1756990808.197,latency_s,6.005812
1756990808.197,latency_s,6.046856
1756990808.197,latency_s,6.010926
1756990808.197,latency_s,6.008437
1756990808.197,latency_s,6.033472
1756990808.197,latency_s,6.006707
1756990808.198,latency_s,6.006655
1756990808.198,latency_s,6.006342
1756990808.198,latency_s,6.006392
1756990808.198,latency_s,6.006863
1756990808.198,latency_s,6.006860
1756990808.198,latency_s,6.006739
1756990808.198,latency_s,6.006480
1756990808.303,latency_s,6.117059
1756990808.304,latency_s,6.113021
1756990808.304,latency_s,6.113020
1756990808.304,latency_s,6.022476
1756990808.304,latency_s,6.039804
1756990808.304,latency_s,6.015028
1756990808.410,latency_s,6.121906
1756990808.411,latency_s,6.119020
1756990808.411,latency_s,6.160204
1756990808.411,latency_s,6.119314
1756990808.411,latency_s,6.119923
1756990808.411,latency_s,6.119402
1756990808.411,latency_s,6.119993
1756990808.411,latency_s,6.119771
1756990808.411,latency_s,6.120050
1756990808.411,latency_s,6.119928
1756990808.412,latency_s,6.029400
1756990808.412,latency_s,6.047184
1756990808.412,latency_s,6.023040
1756990808.412,latency_s,6.021137
1756990808.412,latency_s,6.019347
1756990808.412,latency_s,6.061190
1756990808.412,latency_s,6.020146
1756990808.412,latency_s,6.019857
1756990808.412,latency_s,6.020088
1756990808.412,latency_s,6.019541
1756990808.412,latency_s,6.019937
1756990808.412,latency_s,6.020040
1756990808.413,latency_s,6.024939
1756990808.413,latency_s,6.021170
1756990808.413,latency_s,6.021228
1756990808.414,latency_s,5.921741
1756990808.517,latency_s,6.034187
1756990808.517,latency_s,6.226097
1756990808.517,latency_s,6.125705
1756990808.517,latency_s,6.025462
1756990808.517,latency_s,6.052291
1756990808.518,latency_s,6.026284
1756990808.523,latency_s,6.034554
1756990808.524,latency_s,6.030781
1756990808.524,latency_s,6.071671
1756990808.524,latency_s,6.031063
1756990808.625,latency_s,6.133065
1756990808.625,latency_s,6.132573
1756990808.625,latency_s,6.132341
1756990808.625,latency_s,6.132589
1756990808.625,latency_s,6.032251
1756990808.625,latency_s,6.137454
1756990808.625,latency_s,6.132707
1756990808.626,latency_s,6.032341
1756990808.626,latency_s,6.036989
1756990808.626,latency_s,6.032433
1756990808.626,latency_s,6.133465
1756990808.626,latency_s,6.033014
1756990808.626,latency_s,6.033206
1756990808.626,latency_s,6.042570
1756990808.626,latency_s,6.032985
1756990808.632,latency_s,6.065953
1756990808.632,latency_s,6.042976
1756990808.632,latency_s,6.039009
1756990808.632,latency_s,6.078485
1756990808.632,latency_s,5.978363
1756990808.632,latency_s,6.039731
1756990808.633,latency_s,6.039639
1756990808.633,latency_s,6.241125
1756990808.633,latency_s,6.140968
1756990808.732,latency_s,6.139246
1756990808.732,latency_s,6.138717
1756990808.732,latency_s,6.038635
1756990808.732,latency_s,6.038698
1756990808.739,latency_s,6.045173
1756990808.739,latency_s,6.050148
1756990808.739,latency_s,6.046001
1756990808.740,latency_s,6.046947
1756990808.741,latency_s,6.047170
1756990808.741,latency_s,6.075030
1756990808.741,latency_s,6.051968
1756990808.741,latency_s,6.047566
1756990808.741,latency_s,5.986865
1756990808.742,latency_s,6.048299
1756990808.742,latency_s,6.048028
1756990808.742,latency_s,6.048155
1756990808.742,latency_s,5.947087
1756990808.742,latency_s,5.947092
1756990808.742,latency_s,5.947521
1756990808.742,latency_s,5.952395
1756990808.742,latency_s,5.947304
1756990808.742,latency_s,5.947984
1756990808.742,latency_s,6.150377
1756990808.847,latency_s,6.154415
1756990808.847,latency_s,6.053800
1756990808.847,latency_s,6.052665
1756990808.847,latency_s,6.080170
1756990808.847,latency_s,6.057531
1756990808.847,latency_s,6.052628
1756990808.847,latency_s,5.991775
1756990808.847,latency_s,6.052568
1756990808.847,latency_s,6.052417
1756990808.847,latency_s,6.052550
1756990808.847,latency_s,5.952288
1756990808.847,latency_s,5.952457
1756990808.847,latency_s,5.957298
1756990808.956,latency_s,6.070482
1756990808.956,latency_s,6.061699
1756990808.956,latency_s,6.061408
1756990808.956,latency_s,6.088497
1756990808.956,latency_s,5.987835
1756990808.956,latency_s,6.066433
1756990808.956,latency_s,6.061378
1756990808.956,latency_s,5.999897
1756990808.956,latency_s,6.061525
1756990808.957,latency_s,6.061469
1756990808.957,latency_s,6.061853
1756990808.957,latency_s,6.263016
1756990809.171,latency_s,6.376601
1756990809.171,latency_s,6.276375
1756990809.172,latency_s,6.181377
1756990809.172,latency_s,6.176511
1756990809.172,latency_s,6.176028
1756990809.172,latency_s,6.176764
1756990809.172,latency_s,6.176308
1756990809.172,latency_s,6.186190
1756990809.172,latency_s,6.176870
1756990809.172,latency_s,6.176700
1756990809.172,latency_s,6.103444
1756990809.172,latency_s,6.176792
1756990809.173,latency_s,6.115577
1756990809.173,latency_s,6.182960
1756990809.173,latency_s,6.177827
1756990809.173,latency_s,6.177315
1756990809.174,latency_s,6.178603
1756990809.174,latency_s,6.178348
1756990809.174,latency_s,6.278931
1756990809.174,latency_s,6.178599
1756990809.174,latency_s,6.078289
1756990809.174,latency_s,6.088117
1756990809.280,latency_s,6.184541
1756990809.280,latency_s,6.184747
1756990809.280,latency_s,6.111437
1756990809.280,latency_s,6.190012
1756990809.280,latency_s,6.122310
1756990809.280,latency_s,6.183777
1756990809.280,latency_s,6.184036
1756990809.280,latency_s,6.183851
1756990809.280,latency_s,6.089427
1756990809.281,latency_s,6.184748
1756990809.281,latency_s,6.084513
1756990809.282,latency_s,6.084954
1756990809.282,latency_s,6.094855
1756990809.282,latency_s,6.085492
1756990809.282,latency_s,6.085143
1756990809.282,latency_s,6.012933
1756990809.282,latency_s,5.991324
1756990809.320,latency_s,6.059969
1756990809.320,latency_s,6.122695
1756990809.320,latency_s,6.122711
1756990809.320,latency_s,6.123204
1756990809.320,latency_s,6.022511
1756990809.389,latency_s,6.091138
1756990809.389,latency_s,6.096578
1756990809.389,latency_s,6.092400
1756990809.389,latency_s,6.092448
1756990809.390,latency_s,6.102855
1756990809.390,latency_s,6.093752
1756990809.391,latency_s,6.093442
1756990809.391,latency_s,5.993969
1756990809.391,latency_s,5.993489
1756990809.391,latency_s,6.021721
1756990809.391,latency_s,5.999015
1756990809.391,latency_s,6.030220
1756990809.391,latency_s,5.993393
1756990809.391,latency_s,5.993346
1756990809.391,latency_s,5.993536
1756990809.391,latency_s,5.993755
1756990809.391,latency_s,5.993358
1756990809.391,latency_s,5.997592
1756990809.391,latency_s,5.993229
1756990809.495,latency_s,6.098224
1756990809.496,latency_s,6.107742
1756990809.496,latency_s,6.098353
1756990809.496,latency_s,5.998852
1756990809.496,latency_s,6.026687
1756990809.497,latency_s,5.999063
1756990809.497,latency_s,6.000901
1756990809.497,latency_s,5.997963
1756990809.497,latency_s,5.998681
1756990809.497,latency_s,6.035850
1756990809.497,latency_s,5.999539
1756990809.497,latency_s,5.999689
1756990809.497,latency_s,5.999468
1756990809.499,latency_s,6.000408
1756990809.499,latency_s,6.004916
1756990809.499,latency_s,6.001503
1756990809.499,latency_s,6.000106
1756990809.499,latency_s,6.010312
1756990809.604,latency_s,6.306453
1756990809.604,latency_s,6.206262
1756990809.604,latency_s,6.106065
1756990809.604,latency_s,6.106332
1756990809.604,latency_s,6.006848
1756990809.604,latency_s,6.033458
1756990809.604,latency_s,6.005852
1756990809.604,latency_s,6.006182
1756990809.604,latency_s,6.008182
1756990809.604,latency_s,6.006202
1756990809.605,latency_s,6.042798
1756990809.605,latency_s,6.006828
1756990809.605,latency_s,6.006817
1756990809.607,latency_s,6.007780
1756990809.714,latency_s,6.115849
1756990809.714,latency_s,6.117004
1756990809.714,latency_s,6.115636
1756990809.714,latency_s,6.125654
1756990809.714,latency_s,6.120511
1756990809.715,latency_s,6.116096
1756990809.715,latency_s,6.116244
1756990809.715,latency_s,6.015978
1756990809.715,latency_s,6.017327
1756990809.715,latency_s,6.015785
1756990809.715,latency_s,6.043940
1756990809.715,latency_s,6.016405
1756990809.715,latency_s,6.016238
1756990809.715,latency_s,6.018344
1756990809.715,latency_s,6.052058
1756990809.715,latency_s,6.016438
1756990809.715,latency_s,6.016867
1756990809.715,latency_s,6.016266
1756990809.716,latency_s,6.016667
1756990809.716,latency_s,6.018047
1756990809.716,latency_s,6.026162
1756990809.716,latency_s,6.020825
1756990809.716,latency_s,6.016693
1756990809.716,latency_s,6.016961
1756990809.823,latency_s,6.024346
1756990809.823,latency_s,6.025730
1756990809.823,latency_s,6.024257
1756990809.823,latency_s,6.051950
1756990809.824,latency_s,6.024935
1756990809.824,latency_s,6.025033
1756990809.824,latency_s,6.025496
1756990809.824,latency_s,6.058721
1756990809.824,latency_s,6.024738
1756990809.824,latency_s,6.025190
1756990809.824,latency_s,6.024441
1756990809.824,latency_s,6.025044
1756990809.824,latency_s,6.026724
1756990809.930,latency_s,6.140233
1756990809.930,latency_s,6.130677
1756990809.930,latency_s,6.132098
1756990809.930,latency_s,6.131010
1756990809.930,latency_s,6.029234
1756990809.930,latency_s,6.032432
1756990809.930,latency_s,6.030108
1756990809.930,latency_s,6.058620
1756990809.930,latency_s,6.030347
1756990809.930,latency_s,6.029315
1756990809.932,latency_s,6.065637
1756990809.932,latency_s,6.032422
1756990809.933,latency_s,6.032580
1756990809.933,latency_s,6.032612
1756990809.933,latency_s,6.032462
1756990809.933,latency_s,6.032829
1756990809.933,latency_s,6.034666
1756990809.933,latency_s,6.041723
1756990809.933,latency_s,5.941769
1756990810.037,latency_s,6.135871
1756990810.037,latency_s,6.137076
1756990810.037,latency_s,6.036064
1756990810.038,latency_s,6.038978
1756990810.038,latency_s,6.036566
1756990810.038,latency_s,6.036894
1756990810.040,latency_s,6.069110
1756990810.040,latency_s,6.038465
1756990810.040,latency_s,6.039279
1756990810.040,latency_s,6.067487
1756990810.040,latency_s,6.039228
1756990810.040,latency_s,6.039254
1756990810.040,latency_s,6.039062
1756990810.040,latency_s,6.041397
1756990810.040,latency_s,6.039459
1756990810.147,latency_s,6.048035
1756990810.147,latency_s,6.055137
1756990810.147,latency_s,6.145532
1756990810.147,latency_s,6.146651
1756990810.147,latency_s,6.046566
1756990810.147,latency_s,6.146706
1756990810.147,latency_s,6.045176
1756990810.147,latency_s,6.045584
1756990810.147,latency_s,6.048666
1756990810.147,latency_s,6.046079
1756990810.147,latency_s,6.046027
1756990810.147,latency_s,6.076014
1756990810.148,latency_s,6.046568
1756990810.148,latency_s,6.045374
1756990810.148,latency_s,6.074420
1756990810.148,latency_s,6.046469
1756990810.148,latency_s,6.045566
1756990810.148,latency_s,6.046341
1756990810.148,latency_s,5.948411
1756990810.148,latency_s,6.047053
1756990810.148,latency_s,5.946815
1756990810.148,latency_s,5.955130
1756990810.188,latency_s,6.084992
1756990810.255,latency_s,6.052585
1756990810.255,latency_s,6.056158
1756990810.255,latency_s,6.053609
1756990810.255,latency_s,6.053342
1756990810.255,latency_s,6.082100
1756990810.255,latency_s,6.053727
1756990810.255,latency_s,6.052813
1756990810.255,latency_s,6.082025
1756990810.255,latency_s,6.053768
1756990810.255,latency_s,6.053124
1756990810.256,latency_s,6.053782
1756990810.336,latency_s,6.034031
1756990810.336,latency_s,6.035612
1756990810.336,latency_s,6.034464
1756990810.336,latency_s,6.043299
1756990810.336,latency_s,6.031839
1756990810.336,latency_s,6.035492
1756990810.337,latency_s,6.031178
1756990810.337,latency_s,6.033872
1756990810.337,latency_s,6.063157
1756990810.337,latency_s,6.034775
1756990810.337,latency_s,6.063336
1756990810.361,latency_s,6.058729
1756990810.361,latency_s,6.059019
1756990810.361,latency_s,5.987664
1756990810.361,latency_s,5.987288
1756990810.361,latency_s,6.058410
1756990810.363,latency_s,6.063264
1756990810.363,latency_s,6.059814
1756990810.363,latency_s,6.059958
1756990810.363,latency_s,5.960799
1756990810.363,latency_s,5.961378
1756990810.445,latency_s,6.043275
1756990810.445,latency_s,6.050775
1756990810.445,latency_s,6.039491
1756990810.445,latency_s,6.043619
1756990810.471,latency_s,6.065185
1756990810.471,latency_s,6.067986
1756990810.471,latency_s,5.996454
1756990810.471,latency_s,5.996995
1756990810.471,latency_s,6.068690
1756990810.471,latency_s,6.068514
1756990810.471,latency_s,6.067865
1756990810.471,latency_s,6.071394
1756990810.471,latency_s,6.068376
1756990810.471,latency_s,6.067795
1756990810.471,latency_s,6.068036
1756990810.471,latency_s,5.968530
1756990810.471,latency_s,5.969649
1756990810.471,latency_s,5.968640
1756990810.471,latency_s,5.976652
1756990810.551,latency_s,6.045415
1756990810.552,latency_s,6.049845
1756990810.552,latency_s,6.045640
1756990810.552,latency_s,6.048672
1756990810.552,latency_s,5.977599
1756990810.552,latency_s,5.974170
1756990810.552,latency_s,6.049027
1756990810.552,latency_s,6.051328
1756990810.552,latency_s,6.049424
1756990810.552,latency_s,6.048550
1756990810.552,latency_s,6.048991
1756990810.552,latency_s,6.048435
1756990810.552,latency_s,6.048492
1756990810.659,latency_s,6.055904
1756990810.659,latency_s,6.064052
1756990810.659,latency_s,6.056107
1756990810.659,latency_s,6.056727
1756990810.659,latency_s,6.051249
1756990810.766,latency_s,6.164065
1756990810.766,latency_s,6.158647
1756990810.767,latency_s,6.163255
1756990810.767,latency_s,6.091662
1756990810.767,latency_s,6.163895
1756990810.767,latency_s,6.087239
1756990810.767,latency_s,6.163227
1756990810.767,latency_s,6.163477
1756990810.767,latency_s,6.165991
1756990810.767,latency_s,6.162348
1756990810.767,latency_s,6.162566
1756990810.767,latency_s,6.162581
1756990810.767,latency_s,6.062448
1756990810.767,latency_s,6.062368
1756990810.767,latency_s,6.064022
1756990810.767,latency_s,6.071434
1756990810.768,latency_s,6.064519
1756990810.768,latency_s,6.065171
1756990810.768,latency_s,6.065198
1756990810.768,latency_s,6.064224
1756990810.768,latency_s,5.992227
1756990810.768,latency_s,6.064501
1756990810.768,latency_s,6.064219
1756990810.768,latency_s,6.066348
1756990810.768,latency_s,6.065143
1756990810.768,latency_s,5.983972
1756990810.768,latency_s,5.965674
1756990810.873,latency_s,6.068182
1756990810.873,latency_s,6.068426
1756990810.873,latency_s,6.068367
1756990810.873,latency_s,6.069656
1756990810.873,latency_s,6.070282
1756990810.875,latency_s,6.072518
1756990810.875,latency_s,6.072903
1756990810.981,latency_s,6.177421
1756990810.981,latency_s,6.104840
1756990810.981,latency_s,6.076985
1756990810.981,latency_s,6.077279
1756990810.981,latency_s,6.078161
1756990810.981,latency_s,6.078186
1756990810.981,latency_s,6.076151
1756990810.981,latency_s,6.094642
1756990810.981,latency_s,6.076416
1756990810.981,latency_s,6.076292
1756990810.982,latency_s,6.077516
1756990810.982,latency_s,6.272735
1756990810.982,latency_s,6.171615
1756990810.982,latency_s,6.071284
1756990810.982,latency_s,6.077882
1756990810.982,latency_s,6.078243
1756990810.982,latency_s,6.078807
1756990810.983,latency_s,6.275082
1756990810.983,latency_s,6.174417
1756990810.983,latency_s,6.079489
1756990810.983,latency_s,6.073977
1756990810.983,latency_s,5.978568
1756990810.984,latency_s,5.978921
1756990811.023,latency_s,6.018865
1756990811.024,latency_s,6.019934
1756990811.024,latency_s,6.032776
1756990811.024,latency_s,6.017963
1756990811.024,latency_s,6.047087
1756990811.024,latency_s,6.018146
1756990811.024,latency_s,6.018184
1756990811.091,latency_s,6.193985
1756990811.091,latency_s,6.093948
1756990811.091,latency_s,6.086273
1756990811.091,latency_s,6.087603
1756990811.091,latency_s,6.087617
1756990811.091,latency_s,6.080320
1756990811.091,latency_s,6.087423
1756990811.092,latency_s,5.985827
1756990811.173,latency_s,6.068360
1756990811.173,latency_s,6.067622
1756990811.173,latency_s,6.067155
1756990811.173,latency_s,6.081772
1756990811.173,latency_s,6.068329
1756990811.173,latency_s,6.096164
1756990811.173,latency_s,6.067539
1756990811.173,latency_s,6.067558
1756990811.173,latency_s,6.060199
1756990811.173,latency_s,6.067989
1756990811.174,latency_s,6.075829
1756990811.198,latency_s,6.092610
1756990811.199,latency_s,6.093595
1756990811.199,latency_s,6.093714
1756990811.199,latency_s,6.087451
1756990811.199,latency_s,6.094419
1756990811.199,latency_s,6.006609
1756990811.199,latency_s,6.021002
1756990811.199,latency_s,5.993393
1756990811.199,latency_s,5.992086
1756990811.199,latency_s,5.992312
1756990811.199,latency_s,5.993532
1756990811.199,latency_s,5.992379
1756990811.199,latency_s,5.992152
1756990811.305,latency_s,6.099127
1756990811.305,latency_s,6.099305
1756990811.305,latency_s,6.091346
1756990811.305,latency_s,6.099682
1756990811.305,latency_s,5.999491
1756990811.306,latency_s,6.027489
1756990811.306,latency_s,5.999976
1756990811.306,latency_s,5.998266
1756990811.306,latency_s,5.998298
1756990811.306,latency_s,5.998531
1756990811.306,latency_s,6.000127
1756990811.306,latency_s,6.012872
1756990811.306,latency_s,5.998123
1756990811.306,latency_s,5.998520
1756990811.306,latency_s,5.990235
1756990811.306,latency_s,5.998651
1756990811.306,latency_s,5.998769
1756990811.306,latency_s,6.008084
1756990811.306,latency_s,5.999848
1756990811.414,latency_s,6.107513
1756990811.414,latency_s,6.007372
1756990811.414,latency_s,6.099027
1756990811.414,latency_s,5.997442
1756990811.414,latency_s,6.005886
1756990811.414,latency_s,6.006036
1756990811.414,latency_s,6.006044
1756990811.414,latency_s,6.035792
1756990811.414,latency_s,6.008094
1756990811.414,latency_s,6.007801
1756990811.414,latency_s,6.020056
1756990811.414,latency_s,6.006113
1756990811.414,latency_s,6.006036
1756990811.414,latency_s,5.996894
1756990811.521,latency_s,6.112781
1756990811.521,latency_s,6.113223
1756990811.521,latency_s,6.122687
1756990811.521,latency_s,6.114339
1756990811.521,latency_s,6.022631
1756990811.521,latency_s,6.114429
1756990811.521,latency_s,6.014751
1756990811.521,latency_s,6.004757
1756990811.521,latency_s,6.013160
1756990811.522,latency_s,6.026690
1756990811.522,latency_s,6.013449
1756990811.522,latency_s,6.042990
1756990811.522,latency_s,6.014974
1756990811.522,latency_s,6.013550
1756990811.522,latency_s,6.013206
1756990811.522,latency_s,6.013259
1756990811.522,latency_s,6.003966
1756990811.523,latency_s,6.014225
1756990811.628,latency_s,6.121231
1756990811.629,latency_s,6.029689
1756990811.629,latency_s,6.120297
1756990811.629,latency_s,6.121495
1756990811.629,latency_s,6.020491
1756990811.629,latency_s,6.011399
1756990811.672,latency_s,6.060684
1756990811.672,latency_s,6.073615
1756990811.672,latency_s,6.093413
1756990811.672,latency_s,6.063289
1756990811.672,latency_s,6.061061
1756990811.672,latency_s,6.061201
1756990811.672,latency_s,6.063400
1756990811.672,latency_s,6.063720
1756990811.736,latency_s,6.124936
1756990811.736,latency_s,6.127808
1756990811.736,latency_s,6.024295
1756990811.736,latency_s,6.127403
1756990811.736,latency_s,6.027369
1756990811.736,latency_s,6.036596
1756990811.736,latency_s,6.027213
1756990811.736,latency_s,6.027711
1756990811.737,latency_s,6.018232
1756990811.820,latency_s,6.313614
1756990811.820,latency_s,6.212973
1756990811.820,latency_s,6.112268
1756990811.820,latency_s,6.107878
1756990811.820,latency_s,6.108174
1756990811.820,latency_s,6.121304
1756990811.820,latency_s,6.108142
1756990811.820,latency_s,6.140502
1756990811.820,latency_s,6.110976
1756990811.843,latency_s,6.130310
1756990811.844,latency_s,6.030796
1756990811.844,latency_s,6.033412
1756990811.844,latency_s,6.043531
1756990811.844,latency_s,6.033063
1756990811.844,latency_s,6.031383
1756990811.844,latency_s,6.032667
1756990811.844,latency_s,6.024002
1756990811.844,latency_s,6.034050
1756990811.844,latency_s,6.031244
1756990811.844,latency_s,6.044841
1756990811.844,latency_s,6.034025
1756990811.844,latency_s,6.063820
1756990811.844,latency_s,6.031017
1756990811.950,latency_s,6.139872
1756990811.950,latency_s,6.139381
1756990811.950,latency_s,6.130226
1756990811.950,latency_s,6.029975
1756990811.950,latency_s,6.035986
1756990811.950,latency_s,6.038786
1756990811.950,latency_s,6.039528
1756990811.951,latency_s,6.050019
1756990811.951,latency_s,6.036331
1756990811.951,latency_s,6.030070
1756990811.951,latency_s,6.039078
1756990811.951,latency_s,6.040166
1756990811.951,latency_s,6.039986
1756990811.951,latency_s,5.970131
1756990811.951,latency_s,6.036760
1756990811.951,latency_s,6.036371
1756990811.951,latency_s,6.051473
1756990811.951,latency_s,6.037888
1756990812.057,latency_s,6.145784
1756990812.058,latency_s,6.146692
1756990812.058,latency_s,6.043000
1756990812.058,latency_s,6.037007
1756990812.058,latency_s,6.045811
1756990812.058,latency_s,6.054729
1756990812.058,latency_s,6.043105
1756990812.058,latency_s,6.046553
1756990812.165,latency_s,6.142413
1756990812.165,latency_s,6.153407
1756990812.165,latency_s,6.153728
1756990812.165,latency_s,6.153772
1756990812.165,latency_s,6.084480
1756990812.165,latency_s,6.151110
1756990812.165,latency_s,6.044097
1756990812.165,latency_s,6.061869
1756990812.166,latency_s,6.050503
1756990812.166,latency_s,6.053531
1756990812.166,latency_s,6.053399
1756990812.166,latency_s,6.042339
1756990812.166,latency_s,6.053063
1756990812.273,latency_s,6.160260
1756990812.273,latency_s,6.161119
1756990812.273,latency_s,6.158315
1756990812.273,latency_s,6.157855
1756990812.273,latency_s,6.069894
1756990812.273,latency_s,6.161267
1756990812.273,latency_s,6.092288
1756990812.273,latency_s,6.159838
1756990812.273,latency_s,6.161160
1756990812.274,latency_s,6.057765
1756990812.274,latency_s,6.051994
1756990812.274,latency_s,6.059454
1756990812.274,latency_s,6.059074
1756990812.274,latency_s,6.069325
1756990812.274,latency_s,6.057891
1756990812.274,latency_s,6.059706
1756990812.274,latency_s,6.049635
1756990812.274,latency_s,6.059685
1756990812.274,latency_s,6.060181
1756990812.382,latency_s,6.065601
1756990812.382,latency_s,6.067783
1756990812.382,latency_s,6.067671
1756990812.382,latency_s,6.065944
1756990812.382,latency_s,6.060252
1756990812.382,latency_s,6.076486
1756990812.382,latency_s,6.065827
1756990812.382,latency_s,6.066859
1756990812.382,latency_s,6.066916
1756990812.382,latency_s,6.057806
1756990812.382,latency_s,6.067239
1756990812.382,latency_s,6.066898
1756990812.382,latency_s,5.966676
1756990812.382,latency_s,5.967254
1756990812.382,latency_s,5.967320
1756990812.382,latency_s,6.000547
1756990812.382,latency_s,5.977720
1756990812.382,latency_s,5.967663
1756990812.383,latency_s,5.965878
1756990812.489,latency_s,6.072237
1756990812.489,latency_s,6.074358
1756990812.489,latency_s,6.072429
1756990812.489,latency_s,6.067015
1756990812.489,latency_s,6.082821
1756990812.489,latency_s,6.072545
1756990812.489,latency_s,6.073817
1756990812.489,latency_s,6.073785
1756990812.489,latency_s,6.062999
1756990812.489,latency_s,6.074069
1756990812.489,latency_s,5.973552
1756990812.489,latency_s,5.973109
1756990812.489,latency_s,6.006145
1756990812.489,latency_s,5.983436
1756990812.489,latency_s,5.974177
1756990812.490,latency_s,5.973348
1756990812.490,latency_s,5.972168
1756990812.490,latency_s,5.973158
1756990812.490,latency_s,5.972869
1756990812.490,latency_s,5.968301
1756990812.597,latency_s,6.089671
1756990812.597,latency_s,6.079914
1756990812.597,latency_s,6.080288
1756990812.597,latency_s,6.080918
1756990812.597,latency_s,6.081070
1756990812.597,latency_s,5.980541
1756990812.597,latency_s,5.989178
1756990812.597,latency_s,5.978915
1756990812.597,latency_s,5.980129
1756990812.597,latency_s,6.013613
1756990812.597,latency_s,5.981077
1756990812.597,latency_s,5.980515
1756990812.597,latency_s,5.978947
1756990812.597,latency_s,5.978772
1756990812.597,latency_s,5.974417
1756990812.597,latency_s,5.988775
1756990812.597,latency_s,5.980556
1756990812.597,latency_s,5.979411
1756990812.598,latency_s,5.981364
1756990812.703,latency_s,6.087250
1756990812.703,latency_s,5.986881
1756990812.703,latency_s,6.187851
1756990812.704,latency_s,6.087514
1756990812.704,latency_s,5.987322
1756990812.704,latency_s,5.986163
1756990812.704,latency_s,5.996304
1756990812.705,latency_s,6.020914
1756990812.705,latency_s,5.987666
1756990812.705,latency_s,5.986540
1756990812.705,latency_s,5.988780
1756990812.705,latency_s,5.987876
1756990812.705,latency_s,5.986328
1756990812.705,latency_s,5.981496
1756990812.705,latency_s,5.996371
1756990812.705,latency_s,5.988671
1756990812.705,latency_s,5.986893
1756990812.705,latency_s,5.987664
1756990812.705,latency_s,5.988824
1756990812.705,latency_s,5.887918
1756990812.705,latency_s,6.178111
1756990812.705,latency_s,6.077811
1756990812.811,latency_s,6.082263
1756990812.812,latency_s,5.994790
1756990812.812,latency_s,5.995216
1756990812.812,latency_s,5.994809
1756990812.812,latency_s,5.993553
1756990812.812,latency_s,5.993819
1756990812.812,latency_s,6.002390
1756990812.812,latency_s,5.995172
1756990812.812,latency_s,6.027497
1756990812.812,latency_s,5.995100
1756990812.813,latency_s,5.993603
1756990812.918,latency_s,6.093924
1756990812.918,latency_s,6.108283
1756990812.918,latency_s,6.100724
1756990812.918,latency_s,6.099159
1756990812.918,latency_s,6.100185
1756990812.920,latency_s,6.002391
1756990812.920,latency_s,6.089755
1756990812.920,latency_s,5.988245
1756990812.920,latency_s,6.002870
1756990812.920,latency_s,6.003230
1756990812.920,latency_s,6.002898
1756990812.920,latency_s,6.002936
1756990812.921,latency_s,6.010107
1756990812.921,latency_s,6.003146
1756990812.921,latency_s,6.001686
1756990812.921,latency_s,6.001935
1756990812.921,latency_s,6.035626
1756990812.921,latency_s,6.001575
1756990812.921,latency_s,5.996257
1756990812.921,latency_s,6.001848
1756990812.921,latency_s,6.010764
1756990813.025,latency_s,6.106669
1756990813.025,latency_s,6.006593
1756990813.025,latency_s,5.992145
1756990813.025,latency_s,6.006505
1756990813.025,latency_s,6.007148
1756990813.025,latency_s,6.006478
1756990813.025,latency_s,6.007026
1756990813.025,latency_s,6.014208
1756990813.025,latency_s,6.005981
1756990813.028,latency_s,6.042211
1756990813.028,latency_s,6.009048
1756990813.028,latency_s,6.009894
1756990813.028,latency_s,6.008681
1756990813.132,latency_s,6.107675
1756990813.133,latency_s,6.121986
1756990813.133,latency_s,6.113415
1756990813.133,latency_s,6.019390
1756990813.133,latency_s,6.114415
1756990813.133,latency_s,6.014042
1756990813.133,latency_s,5.997818
1756990813.133,latency_s,6.013811
1756990813.133,latency_s,6.014651
1756990813.133,latency_s,6.013855
1756990813.133,latency_s,6.014328
1756990813.133,latency_s,6.019714
1756990813.133,latency_s,6.013412
1756990813.133,latency_s,6.046448
1756990813.133,latency_s,6.013605
1756990813.133,latency_s,6.014164
1756990813.133,latency_s,6.215629
1756990813.135,latency_s,6.116902
1756990813.135,latency_s,6.016796
1756990813.135,latency_s,6.015325
1756990813.135,latency_s,5.914924
1756990813.135,latency_s,6.009105
1756990813.135,latency_s,5.921488
1756990813.135,latency_s,6.015767
1756990813.135,latency_s,5.915435
1756990813.136,latency_s,6.016983
1756990813.136,latency_s,5.915951
1756990813.176,latency_s,5.956368
1756990813.240,latency_s,6.004738
1756990813.240,latency_s,6.020695
1756990813.243,latency_s,6.022991
1756990813.243,latency_s,6.023535
1756990813.243,latency_s,6.023383
1756990813.243,latency_s,6.023434
1756990813.243,latency_s,6.056764
1756990813.244,latency_s,6.023735
1756990813.244,latency_s,5.956135
1756990813.244,latency_s,6.023960
1756990813.244,latency_s,6.024253
1756990813.244,latency_s,5.923985
1756990813.244,latency_s,5.923398
1756990813.244,latency_s,6.017543
1756990813.244,latency_s,5.916840
1756990813.244,latency_s,5.929210
1756990813.244,latency_s,5.923413
1756990813.244,latency_s,5.923978
1756990813.244,latency_s,5.924013
1756990813.347,latency_s,6.010841
1756990813.347,latency_s,6.027228
1756990813.348,latency_s,6.027133
1756990813.348,latency_s,6.028029
1756990813.348,latency_s,6.027768
1756990813.348,latency_s,6.027923
1756990813.348,latency_s,6.027883
1756990813.348,latency_s,6.027627
1756990813.348,latency_s,5.959820
1756990813.348,latency_s,5.927510
1756990813.350,latency_s,5.929232
1756990813.350,latency_s,5.922257
1756990813.350,latency_s,5.929004
1756990813.455,latency_s,6.038057
1756990813.456,latency_s,6.034744
1756990813.456,latency_s,6.035585
1756990813.456,latency_s,6.016817
1756990813.456,latency_s,6.035378
1756990813.456,latency_s,6.035132
1756990813.456,latency_s,6.242229
1756990813.456,latency_s,6.141481
1756990813.456,latency_s,6.039707
1756990813.456,latency_s,6.035727
1756990813.456,latency_s,6.035950
1756990813.456,latency_s,6.035564
1756990813.456,latency_s,5.967426
1756990813.456,latency_s,6.035819
1756990813.456,latency_s,6.035652
1756990813.456,latency_s,5.935438
1756990813.456,latency_s,5.935119
1756990813.456,latency_s,5.928690
1756990813.457,latency_s,5.934817
1756990813.563,latency_s,6.041213
1756990813.563,latency_s,6.045945
1756990813.563,latency_s,6.041582
1756990813.563,latency_s,6.023437
1756990813.563,latency_s,6.041670
1756990813.563,latency_s,6.041276
1756990813.563,latency_s,6.046337
1756990813.563,latency_s,6.041781
1756990813.563,latency_s,6.042024
1756990813.563,latency_s,6.041416
1756990813.563,latency_s,6.041877
1756990813.563,latency_s,6.042167
1756990813.563,latency_s,5.974100
1756990813.565,latency_s,5.943689
1756990813.566,latency_s,5.943748
1756990813.566,latency_s,5.949028
1756990813.566,latency_s,5.944505
1756990813.670,latency_s,6.041398
1756990813.670,latency_s,6.047971
1756990813.670,latency_s,6.048277
1756990813.670,latency_s,6.028271
1756990813.670,latency_s,6.048194
1756990813.670,latency_s,6.048230
1756990813.670,latency_s,6.053098
1756990813.670,latency_s,6.048364
1756990813.670,latency_s,5.947898
1756990813.670,latency_s,6.048714
1756990813.670,latency_s,5.947726
1756990813.671,latency_s,6.048588
1756990813.671,latency_s,6.049185
1756990813.671,latency_s,5.948185
1756990813.672,latency_s,5.982617
1756990813.673,latency_s,5.950327
1756990813.673,latency_s,6.050620
1756990813.673,latency_s,5.950467
1756990813.673,latency_s,5.950872
1756990813.673,latency_s,5.949971
1756990813.673,latency_s,5.954950
1756990813.673,latency_s,5.950356
1756990813.673,latency_s,5.950325
1756990813.673,latency_s,5.943203
1756990813.673,latency_s,5.950978
1756990813.673,latency_s,5.930305
1756990813.673,latency_s,5.950443
1756990813.673,latency_s,5.950346
1756990813.780,latency_s,6.062124
1756990813.780,latency_s,5.960271
1756990813.780,latency_s,5.957736
1756990813.780,latency_s,5.990300
1756990813.780,latency_s,5.957427
1756990813.780,latency_s,5.957727
1756990813.781,latency_s,5.957521
1756990813.781,latency_s,5.957961
1756990813.781,latency_s,5.958589
1756990813.781,latency_s,5.957290
1756990813.781,latency_s,5.960847
1756990813.781,latency_s,5.957728
1756990813.781,latency_s,5.957739
1756990813.781,latency_s,5.950895
1756990813.781,latency_s,5.958663
1756990813.887,latency_s,6.043749
1756990813.887,latency_s,6.064321
1756990813.887,latency_s,5.964222
1756990813.889,latency_s,6.065658
1756990813.889,latency_s,5.967000
1756990813.889,latency_s,5.965560
1756990813.889,latency_s,5.966057
1756990813.889,latency_s,5.998310
1756990813.889,latency_s,5.965859
1756990813.889,latency_s,5.965955
1756990813.889,latency_s,5.966369
1756990813.889,latency_s,5.965765
1756990813.889,latency_s,5.966931
1756990813.889,latency_s,5.965558
1756990813.889,latency_s,5.965716
1756990813.889,latency_s,5.967415
1756990813.889,latency_s,5.965889
1756990813.994,latency_s,6.064216
1756990813.995,latency_s,6.072023
1756990813.996,latency_s,6.051112
1756990813.996,latency_s,5.972600
1756990813.996,latency_s,5.972716
1756990813.996,latency_s,5.973284
1756990813.996,latency_s,5.973024
1756990813.996,latency_s,6.005039
1756990813.996,latency_s,5.973085
1756990813.997,latency_s,5.973458
1756990813.997,latency_s,5.973139
1756990813.997,latency_s,5.972780
1756990813.997,latency_s,5.974088
1756990813.997,latency_s,5.972327
1756990813.997,latency_s,5.972876
1756990814.101,latency_s,6.078362
1756990814.104,latency_s,6.079414
1756990814.104,latency_s,6.073211
1756990814.104,latency_s,6.058449
1756990814.104,latency_s,6.080996
1756990814.104,latency_s,5.979546
1756990814.104,latency_s,5.979986
1756990814.104,latency_s,5.980368
1756990814.104,latency_s,5.980206
1756990814.104,latency_s,6.011789
1756990814.104,latency_s,5.980584
1756990814.104,latency_s,5.980227
1756990814.104,latency_s,5.980157
1756990814.104,latency_s,5.979154
1756990814.104,latency_s,5.981367
1756990814.104,latency_s,5.979689
1756990814.104,latency_s,5.979812
1756990814.209,latency_s,6.085014
1756990814.209,latency_s,6.084267
1756990814.209,latency_s,6.078066
1756990814.211,latency_s,6.064064
1756990814.211,latency_s,6.088163
1756990814.211,latency_s,5.987775
1756990814.211,latency_s,5.986410
1756990814.211,latency_s,5.986920
1756990814.211,latency_s,5.987095
1756990814.211,latency_s,5.986647
1756990814.211,latency_s,6.019097
1756990814.212,latency_s,5.986777
1756990814.212,latency_s,5.987647
1756990814.212,latency_s,5.987504
1756990814.212,latency_s,5.986116
1756990814.316,latency_s,6.092235
1756990814.316,latency_s,6.091393
1756990814.316,latency_s,6.091336
1756990814.316,latency_s,6.091625
1756990814.316,latency_s,6.085383
1756990814.316,latency_s,6.068588
1756990814.316,latency_s,5.992660
1756990814.316,latency_s,5.990974
1756990814.316,latency_s,5.991197
1756990814.317,latency_s,5.991596
1756990814.317,latency_s,5.991375
1756990814.317,latency_s,6.023422
1756990814.317,latency_s,5.992373
1756990814.317,latency_s,5.990961
1756990814.317,latency_s,5.992353
1756990814.319,latency_s,5.994962
1756990814.319,latency_s,5.994094
1756990814.423,latency_s,6.098343
1756990814.424,latency_s,6.092399
1756990814.424,latency_s,5.998680
1756990814.424,latency_s,6.071659
1756990814.424,latency_s,5.998214
1756990814.424,latency_s,5.998500
1756990814.424,latency_s,5.998098
1756990814.424,latency_s,6.029960
1756990814.424,latency_s,5.998735
1756990814.424,latency_s,5.998760
1756990814.424,latency_s,5.998075
1756990814.424,latency_s,6.199159
1756990814.424,latency_s,6.098419
1756990814.424,latency_s,5.998085
1756990814.424,latency_s,5.998946
1756990814.532,latency_s,6.100101
1756990814.532,latency_s,6.005250
1756990814.532,latency_s,6.078467
1756990814.532,latency_s,6.005148
1756990814.532,latency_s,6.005914
1756990814.532,latency_s,6.206534
1756990814.532,latency_s,6.106120
1756990814.532,latency_s,6.005078
1756990814.532,latency_s,6.005728
1756990814.532,latency_s,6.037286
1756990814.532,latency_s,6.005911
1756990814.532,latency_s,5.937177
1756990814.532,latency_s,6.005420
1756990814.532,latency_s,6.005884
1756990814.532,latency_s,6.005431
1756990814.532,latency_s,6.006023
1756990814.532,latency_s,6.006109
1756990814.641,latency_s,6.114792
1756990814.642,latency_s,6.014524
1756990814.642,latency_s,6.115701
1756990814.642,latency_s,6.014699
1756990814.642,latency_s,6.014652
1756990814.642,latency_s,6.110135
1756990814.642,latency_s,6.087609
1756990814.642,latency_s,5.986833
1756990814.642,latency_s,6.014739
1756990814.642,latency_s,6.216352
1756990814.642,latency_s,6.115802
1756990814.642,latency_s,6.014973
1756990814.642,latency_s,6.014667
1756990814.642,latency_s,6.014636
1756990814.642,latency_s,6.014901
1756990814.749,latency_s,6.122183
1756990814.750,latency_s,6.120024
1756990814.750,latency_s,6.021789
1756990814.750,latency_s,6.021727
1756990814.750,latency_s,6.021619
1756990814.750,latency_s,6.117807
1756990814.750,latency_s,6.017590
1756990814.750,latency_s,5.993934
1756990814.750,latency_s,6.021572
1756990814.750,latency_s,6.021687
1756990814.750,latency_s,6.022111
1756990814.750,latency_s,6.022117
1756990814.750,latency_s,6.022074
1756990814.750,latency_s,6.021706
1756990814.750,latency_s,6.021814
1756990814.750,latency_s,5.953797
1756990814.750,latency_s,6.021982
1756990814.858,latency_s,6.129523
1756990814.858,latency_s,6.029030
1756990814.858,latency_s,6.029281
1756990814.858,latency_s,6.028235
1756990814.858,latency_s,6.025414
1756990814.858,latency_s,6.028976
1756990814.858,latency_s,6.001620
1756990814.858,latency_s,6.028291
1756990814.858,latency_s,6.029153
1756990814.858,latency_s,6.028008
1756990814.858,latency_s,6.028508
1756990814.858,latency_s,6.228490
1756990814.858,latency_s,6.128339
1756990814.858,latency_s,6.028244
1756990814.897,latency_s,6.067403
1756990814.968,latency_s,6.037405
1756990814.968,latency_s,6.037144
1756990814.968,latency_s,6.035141
1756990814.968,latency_s,6.036968
1756990814.968,latency_s,6.036924
1756990814.968,latency_s,6.010959
1756990814.968,latency_s,6.037464
1756990814.968,latency_s,6.037073
1756990814.968,latency_s,6.037113
1756990814.968,latency_s,6.037354
1756990814.968,latency_s,6.037054
1756990814.968,latency_s,6.037449
1756990814.968,latency_s,6.037351
1756990814.968,latency_s,6.037987
1756990814.968,latency_s,5.971486
1756990814.968,latency_s,5.937307
1756990814.968,latency_s,6.238619
1756990815.076,latency_s,6.246063
1756990815.076,latency_s,6.145433
1756990815.076,latency_s,6.044986
1756990815.076,latency_s,6.045893
1756990815.076,latency_s,6.045091
1756990815.077,latency_s,6.045840
1756990815.077,latency_s,6.043806
1756990815.077,latency_s,6.019145
1756990815.077,latency_s,6.045440
1756990815.077,latency_s,6.046007
1756990815.077,latency_s,6.045108
1756990815.077,latency_s,6.045457
1756990815.077,latency_s,6.045838
1756990815.077,latency_s,6.045547
1756990815.077,latency_s,6.045963
1756990815.182,latency_s,6.049703
1756990815.182,latency_s,6.151615
1756990815.182,latency_s,6.049352
1756990815.182,latency_s,6.085240
1756990815.182,latency_s,6.049242
1756990815.184,latency_s,6.052136
1756990815.184,latency_s,6.051329
1756990815.184,latency_s,6.052280
1756990815.184,latency_s,6.050179
1756990815.184,latency_s,6.050258
1756990815.184,latency_s,6.026169
1756990815.184,latency_s,6.051577
1756990815.184,latency_s,6.050217
1756990815.185,latency_s,6.051570
1756990815.185,latency_s,6.052450
1756990815.185,latency_s,6.052265
1756990815.185,latency_s,5.951408
1756990815.290,latency_s,6.092876
1756990815.290,latency_s,6.056840
1756990815.290,latency_s,6.056849
1756990815.290,latency_s,6.055874
1756990815.290,latency_s,6.056803
1756990815.290,latency_s,6.055678
1756990815.290,latency_s,6.056886
1756990815.290,latency_s,6.055767
1756990815.291,latency_s,6.031126
1756990815.291,latency_s,6.056004
1756990815.291,latency_s,6.055787
1756990815.291,latency_s,6.056048
1756990815.291,latency_s,6.057332
1756990815.291,latency_s,5.957192
1756990815.291,latency_s,5.956184
1756990815.398,latency_s,6.063430
1756990815.398,latency_s,6.063214
1756990815.398,latency_s,6.064654
1756990815.398,latency_s,6.265868
1756990815.398,latency_s,6.164135
1756990815.398,latency_s,6.063528
1756990815.398,latency_s,6.063670
1756990815.399,latency_s,6.063972
1756990815.399,latency_s,6.063824
1756990815.399,latency_s,6.063487
1756990815.399,latency_s,6.063564
1756990815.399,latency_s,6.037790
1756990815.399,latency_s,6.063942
1756990815.399,latency_s,6.063601
1756990815.399,latency_s,6.063788
1756990815.399,latency_s,5.965334
1756990815.400,latency_s,5.965481
1756990815.506,latency_s,6.070432
1756990815.506,latency_s,6.070498
1756990815.506,latency_s,6.105458
1756990815.506,latency_s,6.072095
1756990815.506,latency_s,6.070942
1756990815.506,latency_s,6.070718
1756990815.506,latency_s,6.071102
1756990815.506,latency_s,6.070955
1756990815.506,latency_s,6.070528
1756990815.507,latency_s,6.071278
1756990815.507,latency_s,6.045025
1756990815.507,latency_s,6.071790
1756990815.643,latency_s,6.207715
1756990815.644,latency_s,6.207904
1756990815.644,latency_s,6.107300
1756990815.644,latency_s,6.109402
1756990815.644,latency_s,6.107399
1756990815.644,latency_s,6.107275
1756990815.644,latency_s,6.108269
1756990815.644,latency_s,6.107673
1756990815.644,latency_s,6.108065
1756990815.644,latency_s,6.107615
1756990815.644,latency_s,6.080400
1756990815.644,latency_s,6.107896
1756990815.644,latency_s,6.007754
1756990815.644,latency_s,6.007435
1756990815.644,latency_s,6.007638
1756990815.644,latency_s,6.009843
1756990815.644,latency_s,6.008915
1756990815.644,latency_s,6.007321
1756990815.644,latency_s,6.007966
1756990815.644,latency_s,6.043137
1756990815.722,latency_s,6.085752
1756990815.722,latency_s,6.087689
1756990815.723,latency_s,6.086158
1756990815.723,latency_s,6.086203
1756990815.723,latency_s,6.086915
1756990815.723,latency_s,6.086593
1756990815.723,latency_s,6.087232
1756990815.723,latency_s,6.086649
1756990815.723,latency_s,6.059491
1756990815.723,latency_s,5.986108
1756990815.723,latency_s,5.985781
1756990815.723,latency_s,5.986129
1756990815.752,latency_s,6.017409
1756990815.752,latency_s,6.016521
1756990815.752,latency_s,6.013933
1756990815.752,latency_s,6.050919
1756990815.752,latency_s,6.015050
1756990815.752,latency_s,6.014238
1756990815.752,latency_s,6.017478
1756990815.752,latency_s,6.014745
1756990815.752,latency_s,6.014888
1756990815.752,latency_s,6.015095
1756990815.753,latency_s,6.015239
1756990815.829,latency_s,6.091620
1756990815.829,latency_s,6.091972
1756990815.829,latency_s,5.991289
1756990815.829,latency_s,6.064918
1756990815.829,latency_s,5.991467
1756990815.830,latency_s,5.991349
1756990815.830,latency_s,5.990835
1756990815.859,latency_s,6.023769
1756990815.860,latency_s,6.023177
1756990815.860,latency_s,6.020946
1756990815.860,latency_s,6.021062
1756990815.860,latency_s,6.021033
1756990815.860,latency_s,6.057861
1756990815.860,latency_s,6.024175
1756990815.860,latency_s,6.021613
1756990815.860,latency_s,6.021291
1756990815.860,latency_s,6.021870
1756990815.860,latency_s,6.021874
1756990815.860,latency_s,6.021714
1756990815.860,latency_s,5.920960
1756990815.860,latency_s,5.994990
1756990815.966,latency_s,6.027310
1756990815.966,latency_s,6.027408
1756990815.966,latency_s,6.029737
1756990815.966,latency_s,6.029711
1756990815.967,latency_s,6.027292
1756990815.967,latency_s,6.027383
1756990815.967,latency_s,6.027656
1756990815.967,latency_s,6.064516
1756990815.967,latency_s,6.029913
1756990815.967,latency_s,6.027820
1756990815.967,latency_s,6.028018
1756990815.967,latency_s,6.027846
1756990815.967,latency_s,6.028423
1756990815.967,latency_s,6.028267
1756990815.967,latency_s,5.927552
1756990815.967,latency_s,6.001963
1756990816.073,latency_s,6.033358
1756990816.073,latency_s,6.032911
1756990816.073,latency_s,6.033695
1756990816.074,latency_s,6.033708
1756990816.074,latency_s,6.033860
1756990816.074,latency_s,6.033783
1756990816.074,latency_s,6.033740
1756990816.074,latency_s,6.034035
1756990816.074,latency_s,6.070947
1756990816.074,latency_s,5.970287
1756990816.074,latency_s,6.035958
1756990816.074,latency_s,6.034123
1756990816.074,latency_s,6.034213
1756990816.075,latency_s,6.034015
1756990816.075,latency_s,5.933772
1756990816.075,latency_s,6.034783
1756990816.183,latency_s,6.041236
1756990816.183,latency_s,6.114961
1756990816.183,latency_s,6.043236
1756990816.183,latency_s,6.042753
1756990816.183,latency_s,6.042501
1756990816.183,latency_s,6.042998
1756990816.183,latency_s,6.041863
1756990816.183,latency_s,6.041901
1756990816.183,latency_s,6.043278
1756990816.183,latency_s,5.979515
1756990816.183,latency_s,6.041567
1756990816.183,latency_s,6.042902
1756990816.183,latency_s,6.042712
1756990816.183,latency_s,6.042770
1756990816.183,latency_s,5.942141
1756990816.183,latency_s,5.941568
1756990816.290,latency_s,6.048249
1756990816.290,latency_s,6.121556
1756990816.290,latency_s,6.019867
1756990816.291,latency_s,6.050026
1756990816.291,latency_s,6.049688
1756990816.291,latency_s,6.049814
1756990816.291,latency_s,6.049846
1756990816.291,latency_s,6.048676
1756990816.398,latency_s,6.155759
1756990816.398,latency_s,6.093308
1756990816.398,latency_s,6.157416
1756990816.398,latency_s,6.155753
1756990816.398,latency_s,6.156950
1756990816.398,latency_s,6.156828
1756990816.398,latency_s,6.157002
1756990816.398,latency_s,6.056523
1756990816.398,latency_s,6.027018
1756990816.398,latency_s,6.056890
1756990816.398,latency_s,6.056758
1756990816.398,latency_s,6.056748
1756990816.398,latency_s,6.055497
1756990816.398,latency_s,6.056052
1756990816.398,latency_s,6.055890
1756990816.398,latency_s,5.993248
1756990816.398,latency_s,6.055440
1756990816.398,latency_s,6.057454
1756990816.399,latency_s,6.055364
1756990816.399,latency_s,6.055317
1756990816.399,latency_s,5.954538
1756990816.399,latency_s,5.954145
1756990816.399,latency_s,5.957017
1756990816.399,latency_s,5.954109
1756990816.505,latency_s,6.060585
1756990816.505,latency_s,6.063404
1756990816.505,latency_s,6.061333
1756990816.505,latency_s,6.060793
1756990816.505,latency_s,6.061526
1756990816.505,latency_s,6.064143
1756990816.505,latency_s,5.999460
1756990816.505,latency_s,6.061372
1756990816.505,latency_s,6.061713
1756990816.506,latency_s,5.961545
1756990816.506,latency_s,5.960723
1756990816.506,latency_s,5.961208
1756990816.506,latency_s,5.963768
1756990816.613,latency_s,6.070600
1756990816.613,latency_s,6.067642
1756990816.613,latency_s,6.269837
1756990816.613,latency_s,6.168776
1756990816.613,latency_s,6.068553
1756990816.613,latency_s,6.037883
1756990816.613,latency_s,6.068246
1756990816.613,latency_s,6.070902
1756990816.613,latency_s,6.068911
1756990816.613,latency_s,6.068135
1756990816.613,latency_s,6.068601
1756990816.613,latency_s,6.070929
1756990816.613,latency_s,5.970438
1756990816.613,latency_s,6.068666
1756990816.613,latency_s,6.006989
1756990816.613,latency_s,5.968742
1756990816.613,latency_s,5.968178
1756990816.613,latency_s,5.968498
1756990816.614,latency_s,5.967799
1756990816.720,latency_s,6.074835
1756990816.720,latency_s,6.044057
1756990816.720,latency_s,6.074531
1756990816.720,latency_s,6.077127
1756990816.720,latency_s,6.075183
1756990816.720,latency_s,6.074317
1756990816.720,latency_s,6.073962
1756990816.720,latency_s,5.973892
1756990816.720,latency_s,5.976961
1756990816.720,latency_s,6.075261
1756990816.720,latency_s,5.974882
1756990816.720,latency_s,5.975558
1756990816.720,latency_s,5.974693
1756990816.721,latency_s,5.975619
1756990816.721,latency_s,5.975171
1756990816.721,latency_s,5.977569
1756990816.721,latency_s,5.978206
1756990816.721,latency_s,5.975650
1756990816.827,latency_s,6.049332
1756990816.828,latency_s,6.285299
1756990816.828,latency_s,6.184334
1756990816.828,latency_s,6.083950
1756990816.828,latency_s,6.082043
1756990816.828,latency_s,6.084803
1756990816.828,latency_s,6.082258
1756990816.828,latency_s,6.081930
1756990816.828,latency_s,5.981674
1756990816.828,latency_s,5.981297
1756990816.828,latency_s,5.983511
1756990816.828,latency_s,5.982449
1756990816.828,latency_s,5.982654
1756990816.828,latency_s,5.982035
1756990816.828,latency_s,5.982354
1756990816.828,latency_s,5.982191
1756990816.828,latency_s,5.983685
1756990816.828,latency_s,5.984860
1756990816.829,latency_s,5.982646
1756990816.829,latency_s,5.949622
1756990816.829,latency_s,5.984347
1756990816.829,latency_s,5.982730
1756990816.829,latency_s,5.985438
1756990816.829,latency_s,5.983083
1756990816.829,latency_s,5.882741
1756990816.935,latency_s,6.228354
1756990816.935,latency_s,6.127707
1756990816.935,latency_s,6.027479
1756990817.075,latency_s,6.128268
1756990817.075,latency_s,6.128096
1756990817.075,latency_s,6.129569
1756990817.075,latency_s,6.129010
1756990817.075,latency_s,6.129212
1756990817.075,latency_s,6.128736
1756990817.075,latency_s,6.128949
1756990817.075,latency_s,6.128688
1756990817.075,latency_s,6.129615
1756990817.075,latency_s,6.131532
1756990817.075,latency_s,6.129101
1756990817.075,latency_s,6.095967
1756990817.075,latency_s,6.129934
1756990817.075,latency_s,6.128503
1756990817.075,latency_s,6.131728
1756990817.075,latency_s,6.026483
1756990817.075,latency_s,6.067472
1756990817.076,latency_s,6.028705
1756990817.076,latency_s,6.026565
1756990817.076,latency_s,6.029548
1756990817.076,latency_s,6.029521
1756990817.076,latency_s,6.029806
1756990817.076,latency_s,6.029396
1756990817.076,latency_s,6.029403
1756990817.076,latency_s,6.029227
1756990817.076,latency_s,6.031858
1756990817.076,latency_s,6.029826
1756990817.076,latency_s,6.029563
1756990817.076,latency_s,5.995047
1756990817.151,latency_s,6.101451
1756990817.151,latency_s,6.000732
1756990817.152,latency_s,6.105094
1756990817.184,latency_s,6.134554
1756990817.184,latency_s,6.036692
1756990817.184,latency_s,6.034163
1756990817.184,latency_s,6.034318
1756990817.184,latency_s,6.075857
1756990817.184,latency_s,6.036858
1756990817.184,latency_s,6.034065
1756990817.259,latency_s,6.111879
1756990817.259,latency_s,6.112078
1756990817.259,latency_s,6.112135
1756990817.259,latency_s,6.112021
1756990817.260,latency_s,6.112002
1756990817.260,latency_s,6.112054
1756990817.260,latency_s,6.115450
1756990817.260,latency_s,6.112503
1756990817.260,latency_s,6.112569
1756990817.260,latency_s,6.078172
1756990817.260,latency_s,6.009651
1756990817.291,latency_s,6.041108
1756990817.291,latency_s,6.043037
1756990817.291,latency_s,6.041485
1756990817.291,latency_s,6.042906
1756990817.292,latency_s,6.041344
1756990817.292,latency_s,6.043104
1756990817.292,latency_s,6.043875
1756990817.292,latency_s,6.043749
1756990817.292,latency_s,6.043824
1756990817.292,latency_s,6.043357
1756990817.292,latency_s,6.083557
1756990817.292,latency_s,5.982829
1756990817.292,latency_s,6.043433
1756990817.292,latency_s,6.047124
1756990817.398,latency_s,6.049113
1756990817.398,latency_s,6.047607
1756990817.398,latency_s,6.049225
1756990817.398,latency_s,6.047643
1756990817.398,latency_s,6.049300
1756990817.398,latency_s,6.049767
1756990817.399,latency_s,6.049502
1756990817.399,latency_s,6.049772
1756990817.399,latency_s,6.049742
1756990817.399,latency_s,5.989435
1756990817.399,latency_s,6.049233
1756990817.399,latency_s,6.053087
1756990817.399,latency_s,6.050035
1756990817.399,latency_s,6.050188
1756990817.399,latency_s,5.949568
1756990817.399,latency_s,5.949021
1756990817.399,latency_s,5.947374
1756990817.399,latency_s,5.947722
1756990817.505,latency_s,6.054104
1756990817.506,latency_s,6.056062
1756990817.506,latency_s,6.054250
1756990817.506,latency_s,6.055606
1756990817.506,latency_s,6.055366
1756990817.506,latency_s,6.055703
1756990817.506,latency_s,6.055738
1756990817.506,latency_s,6.055627
1756990817.506,latency_s,5.996397
1756990817.506,latency_s,6.056072
1756990817.506,latency_s,6.056653
1756990817.546,latency_s,6.100189
1756990817.546,latency_s,5.996486
1756990817.546,latency_s,5.994286
1756990817.612,latency_s,6.060199
1756990817.613,latency_s,6.061718
1756990817.613,latency_s,6.063378
1756990817.613,latency_s,6.061675
1756990817.613,latency_s,6.063022
1756990817.613,latency_s,6.062871
1756990817.614,latency_s,6.063270
1756990817.614,latency_s,6.062959
1756990817.614,latency_s,6.063166
1756990817.614,latency_s,6.003804
1756990817.614,latency_s,6.063490
1756990817.614,latency_s,5.963331
1756990817.614,latency_s,6.063617
1756990817.614,latency_s,5.963226
1756990817.614,latency_s,6.065419
1756990817.614,latency_s,5.965187
1756990817.614,latency_s,5.963547
1756990817.614,latency_s,6.228264
1756990817.719,latency_s,6.232625
1756990817.719,latency_s,6.130946
1756990817.719,latency_s,6.066918
1756990817.719,latency_s,6.068695
1756990817.719,latency_s,6.067100
1756990817.719,latency_s,6.067541
1756990817.719,latency_s,6.068743
1756990817.719,latency_s,6.067415
1756990817.719,latency_s,6.068285
1756990817.719,latency_s,6.068432
1756990817.720,latency_s,6.068827
1756990817.720,latency_s,6.069098
1756990817.720,latency_s,6.068919
1756990817.720,latency_s,6.009061
1756990817.827,latency_s,6.137723
1756990817.827,latency_s,6.074314
1756990817.827,latency_s,6.074384
1756990817.827,latency_s,6.074769
1756990817.827,latency_s,6.074882
1756990817.827,latency_s,6.076048
1756990817.827,latency_s,6.074766
1756990817.827,latency_s,6.074876
1756990817.827,latency_s,6.075816
1756990817.827,latency_s,6.076012
1756990817.827,latency_s,6.075370
1756990817.827,latency_s,6.014853
1756990817.827,latency_s,5.975717
1756990817.827,latency_s,5.976897
1756990817.827,latency_s,5.975937
1756990817.827,latency_s,5.976022
1756990817.827,latency_s,6.034742
1756990817.827,latency_s,5.974538
1756990817.934,latency_s,6.081624
1756990817.934,latency_s,6.082585
1756990817.934,latency_s,6.081299
1756990817.934,latency_s,6.081553
1756990817.934,latency_s,6.082381
1756990817.934,latency_s,6.082713
1756990817.934,latency_s,6.082173
1756990817.934,latency_s,5.982585
1756990817.934,latency_s,5.982144
1756990817.935,latency_s,6.022069
1756990817.935,latency_s,5.982920
1756990817.935,latency_s,5.983727
1756990817.935,latency_s,5.983221
1756990817.935,latency_s,5.983287
1756990818.041,latency_s,6.089588
1756990818.041,latency_s,6.290274
1756990818.042,latency_s,6.190093
1756990818.042,latency_s,6.090008
1756990818.042,latency_s,6.089007
1756990818.042,latency_s,6.089067
1756990818.042,latency_s,6.089974
1756990818.042,latency_s,5.989316
1756990818.042,latency_s,5.989680
1756990818.042,latency_s,5.989375
1756990818.042,latency_s,6.028928
1756990818.042,latency_s,5.990069
1756990818.042,latency_s,5.990138
1756990818.042,latency_s,5.989582
1756990818.042,latency_s,5.990419
1756990818.042,latency_s,5.948107
1756990818.042,latency_s,5.988925
1756990818.042,latency_s,5.989003
1756990818.149,latency_s,6.096137
1756990818.149,latency_s,6.096614
1756990818.149,latency_s,6.097335
1756990818.149,latency_s,6.096270
1756990818.149,latency_s,6.096263
1756990818.149,latency_s,5.996384
1756990818.149,latency_s,5.996639
1756990818.149,latency_s,5.996307
1756990818.149,latency_s,6.035552
1756990818.149,latency_s,5.996812
1756990818.149,latency_s,5.996795
1756990818.150,latency_s,5.996016
1756990818.150,latency_s,5.997485
1756990818.150,latency_s,5.955060
1756990818.257,latency_s,6.102430
1756990818.257,latency_s,6.103202
1756990818.257,latency_s,6.103126
1756990818.257,latency_s,6.103473
1756990818.257,latency_s,6.103925
1756990818.257,latency_s,6.104558
1756990818.257,latency_s,6.103189
1756990818.257,latency_s,6.003038
1756990818.257,latency_s,6.103910
1756990818.365,latency_s,6.111027
1756990818.365,latency_s,6.111408
1756990818.365,latency_s,6.111173
1756990818.365,latency_s,6.111522
1756990818.365,latency_s,6.150812
1756990818.365,latency_s,6.111732
1756990818.365,latency_s,6.111803
1756990818.365,latency_s,6.110623
1756990818.365,latency_s,6.112363
1756990818.366,latency_s,6.070601
1756990818.366,latency_s,6.111189
1756990818.366,latency_s,6.112153
1756990818.366,latency_s,6.111897
1756990818.366,latency_s,6.112225
1756990818.366,latency_s,6.112864
1756990818.366,latency_s,6.012076
1756990818.366,latency_s,6.113345
1756990818.366,latency_s,6.012552
1756990818.366,latency_s,6.011667
1756990818.366,latency_s,6.012246
1756990818.366,latency_s,6.012725
1756990818.366,latency_s,6.012434
1756990818.366,latency_s,6.012938
1756990818.472,latency_s,6.118709
1756990818.472,latency_s,6.076375
1756990818.473,latency_s,6.117482
1756990818.473,latency_s,6.118349
1756990818.473,latency_s,6.118199
1756990818.473,latency_s,6.118234
1756990818.473,latency_s,6.017384
1756990818.473,latency_s,6.017619
1756990818.473,latency_s,6.017619
1756990818.473,latency_s,6.018047
1756990818.580,latency_s,6.124164
1756990818.580,latency_s,6.124923
1756990818.580,latency_s,6.164688
1756990818.580,latency_s,6.124551
1756990818.580,latency_s,6.125026
1756990818.580,latency_s,6.124455
1756990818.580,latency_s,6.125303
1756990818.580,latency_s,6.084361
1756990818.580,latency_s,6.124793
1756990818.580,latency_s,6.125126
1756990818.580,latency_s,6.125108
1756990818.581,latency_s,6.124753
1756990818.581,latency_s,6.024010
1756990818.581,latency_s,6.024192
1756990818.581,latency_s,6.024190
1756990818.581,latency_s,6.024050
1756990818.581,latency_s,6.024436
1756990818.581,latency_s,6.024188
1756990818.581,latency_s,6.024141
1756990818.581,latency_s,6.065286
1756990818.581,latency_s,6.024361
1756990818.581,latency_s,6.024431
1756990818.581,latency_s,6.024768
1756990818.581,latency_s,6.024930
1756990818.581,latency_s,5.983355
1756990818.581,latency_s,6.024376
1756990818.581,latency_s,5.923733
1756990818.581,latency_s,6.024868
1756990818.687,latency_s,6.030316
1756990818.687,latency_s,6.030184
1756990818.687,latency_s,6.030338
1756990818.688,latency_s,6.231789
1756990818.688,latency_s,6.131380
1756990818.688,latency_s,6.030777
1756990818.688,latency_s,6.030965
1756990818.688,latency_s,6.030874
1756990818.688,latency_s,6.131840
1756990818.688,latency_s,6.031243
1756990818.688,latency_s,6.031187
1756990818.688,latency_s,6.030653
1756990818.688,latency_s,6.071761
1756990818.688,latency_s,6.031168
1756990818.796,latency_s,6.138361
1756990818.796,latency_s,6.138741
1756990818.796,latency_s,6.138709
1756990818.796,latency_s,6.138710
1756990818.796,latency_s,6.097427
1756990818.796,latency_s,6.037712
1756990818.796,latency_s,6.037720
1756990818.796,latency_s,6.037658
1756990818.796,latency_s,6.037744
1756990818.796,latency_s,6.038046
1756990818.796,latency_s,6.038302
1756990818.796,latency_s,6.037687
1756990818.796,latency_s,6.038233
1756990818.796,latency_s,6.037995
1756990818.796,latency_s,6.079012
1756990818.796,latency_s,6.037862
1756990818.796,latency_s,5.978270
1756990818.796,latency_s,6.038480
1756990818.796,latency_s,6.038294
1756990818.796,latency_s,6.038699
1756990818.903,latency_s,6.044169
1756990818.903,latency_s,6.044549
1756990818.903,latency_s,6.044818
1756990818.903,latency_s,6.044408
1756990818.903,latency_s,6.044884
1756990818.903,latency_s,6.044328
1756990818.903,latency_s,6.044679
1756990818.903,latency_s,6.044980
1756990819.011,latency_s,6.093310
1756990819.012,latency_s,6.152850
1756990819.012,latency_s,6.153718
1756990819.012,latency_s,6.153793
1756990819.012,latency_s,6.153573
1756990819.012,latency_s,6.153245
1756990819.012,latency_s,6.153466
1756990819.012,latency_s,6.112498
1756990819.012,latency_s,6.052834
1756990819.012,latency_s,6.052087
1756990819.012,latency_s,6.052710
1756990819.012,latency_s,6.053202
1756990819.012,latency_s,6.053147
1756990819.012,latency_s,6.053306
1756990819.012,latency_s,6.052957
1756990819.012,latency_s,6.053049
1756990819.012,latency_s,6.053186
1756990819.012,latency_s,5.994002
1756990819.012,latency_s,6.053539
1756990819.012,latency_s,6.053207
1756990819.013,latency_s,6.053868
1756990819.013,latency_s,6.053612
1756990819.013,latency_s,6.053740
1756990819.120,latency_s,6.161101
1756990819.120,latency_s,6.061013
1756990819.120,latency_s,6.119867
1756990819.120,latency_s,6.059998
1756990819.120,latency_s,6.059547
1756990819.120,latency_s,6.059875
1756990819.120,latency_s,6.061409
1756990819.121,latency_s,6.061440
1756990819.121,latency_s,6.061481
1756990819.121,latency_s,6.061098
1756990819.121,latency_s,6.060486
1756990819.121,latency_s,6.061321
1756990819.121,latency_s,6.002066
1756990819.121,latency_s,6.061857
1756990819.121,latency_s,6.059628
1756990819.121,latency_s,6.061934
1756990819.121,latency_s,6.061469
1756990819.227,latency_s,6.166464
1756990819.228,latency_s,6.068064
1756990819.228,latency_s,6.125795
1756990819.228,latency_s,6.067080
1756990819.228,latency_s,6.066636
1756990819.228,latency_s,6.067019
1756990819.228,latency_s,6.067605
1756990819.228,latency_s,6.068513
1756990819.228,latency_s,6.068247
1756990819.228,latency_s,6.068205
1756990819.228,latency_s,6.065753
1756990819.228,latency_s,6.068356
1756990819.228,latency_s,6.009284
1756990819.228,latency_s,6.069076
1756990819.228,latency_s,6.066816
1756990819.336,latency_s,6.075667
1756990819.336,latency_s,6.133063
1756990819.336,latency_s,6.074408
1756990819.336,latency_s,6.074433
1756990819.336,latency_s,6.074261
1756990819.336,latency_s,6.075460
1756990819.336,latency_s,6.076003
1756990819.336,latency_s,6.075875
1756990819.336,latency_s,6.075681
1756990819.336,latency_s,6.073580
1756990819.443,latency_s,6.182971
1756990819.443,latency_s,6.183710
1756990819.443,latency_s,6.123686
1756990819.443,latency_s,6.181330
1756990819.443,latency_s,6.083247
1756990819.443,latency_s,6.082609
1756990819.443,latency_s,6.080351
1756990819.443,latency_s,6.082729
1756990819.443,latency_s,6.083001
1756990819.444,latency_s,6.082844
1756990819.444,latency_s,6.083106
1756990819.444,latency_s,6.080601
1756990819.444,latency_s,6.083205
1756990819.444,latency_s,6.083667
1756990819.444,latency_s,5.982275
1756990819.444,latency_s,6.081785
1756990819.444,latency_s,6.024221
1756990819.444,latency_s,5.981539
1756990819.444,latency_s,5.982987
1756990819.444,latency_s,5.980397
1756990819.444,latency_s,5.982956
1756990819.444,latency_s,5.983462
1756990819.551,latency_s,6.088786
1756990819.551,latency_s,6.089406
1756990819.551,latency_s,6.089094
1756990819.551,latency_s,6.089377
1756990819.551,latency_s,6.090179
1756990819.551,latency_s,6.087345
1756990819.551,latency_s,6.089689
1756990819.551,latency_s,6.031432
1756990819.551,latency_s,5.988226
1756990819.551,latency_s,5.988612
1756990819.551,latency_s,5.989783
1756990819.552,latency_s,5.987051
1756990819.659,latency_s,6.096923
1756990819.659,latency_s,6.097823
1756990819.659,latency_s,6.153677
1756990819.659,latency_s,6.052985
1756990819.659,latency_s,6.096246
1756990819.659,latency_s,6.096822
1756990819.659,latency_s,6.096848
1756990819.659,latency_s,6.097227
1756990819.659,latency_s,6.096812
1756990819.659,latency_s,6.096525
1756990819.659,latency_s,6.097953
1756990819.659,latency_s,6.097481
1756990819.659,latency_s,5.996605
1756990819.659,latency_s,6.039101
1756990819.659,latency_s,5.996012
1756990819.659,latency_s,5.996005
1756990819.659,latency_s,5.994567
1756990819.659,latency_s,5.997430
1756990819.660,latency_s,5.997443
1756990819.660,latency_s,5.998040
1756990819.766,latency_s,6.103464
1756990819.766,latency_s,6.103474
1756990819.766,latency_s,6.103229
1756990819.766,latency_s,6.104501
1756990819.766,latency_s,6.003822
1756990819.766,latency_s,6.003503
1756990819.767,latency_s,6.002748
1756990819.767,latency_s,6.045717
1756990819.767,latency_s,6.001334
1756990819.767,latency_s,6.004116
1756990819.767,latency_s,6.003317
1756990819.767,latency_s,6.004224
1756990819.767,latency_s,6.003276
1756990819.767,latency_s,6.003243
1756990819.767,latency_s,6.003159
1756990819.875,latency_s,6.066615
1756990819.875,latency_s,6.110850
1756990819.875,latency_s,6.110988
1756990819.875,latency_s,6.111000
1756990819.875,latency_s,6.012122
1756990819.875,latency_s,6.310300
1756990819.875,latency_s,6.210047
1756990819.875,latency_s,6.109222
1756990819.875,latency_s,6.008463
1756990819.875,latency_s,6.011981
1756990819.875,latency_s,6.053833
1756990819.875,latency_s,6.010430
1756990819.875,latency_s,6.008988
1756990819.875,latency_s,6.011507
1756990819.875,latency_s,6.011903
1756990819.875,latency_s,6.012437
1756990819.875,latency_s,6.011309
1756990819.875,latency_s,6.011395
1756990819.875,latency_s,6.011205
1756990819.876,latency_s,6.011335
1756990819.876,latency_s,6.011362
1756990819.876,latency_s,5.911055
1756990819.876,latency_s,5.910946
1756990819.983,latency_s,6.118389
1756990819.983,latency_s,6.017968
1756990819.983,latency_s,6.019779
1756990819.983,latency_s,6.015256
1756990819.983,latency_s,6.019353
1756990819.983,latency_s,6.219148
1756990819.983,latency_s,6.118991
1756990819.983,latency_s,6.018276
1756990819.983,latency_s,6.061038
1756990819.983,latency_s,6.017992
1756990819.983,latency_s,6.074426
1756990819.983,latency_s,6.019565
1756990819.983,latency_s,6.015764
1756990819.983,latency_s,6.018306
1756990819.983,latency_s,6.020260
1756990820.091,latency_s,6.126115
1756990820.091,latency_s,6.126298
1756990820.091,latency_s,6.126197
1756990820.091,latency_s,6.025756
1756990820.091,latency_s,6.026142
1756990820.091,latency_s,6.026254
1756990820.091,latency_s,6.025860
1756990820.091,latency_s,6.028020
1756990820.091,latency_s,6.023129
1756990820.091,latency_s,6.027456
1756990820.091,latency_s,6.026409
1756990820.091,latency_s,6.068661
1756990820.091,latency_s,6.025862
1756990820.091,latency_s,6.082576
1756990820.091,latency_s,5.981894
1756990820.091,latency_s,6.027792
1756990820.092,latency_s,6.023469
1756990820.198,latency_s,6.133310
1756990820.198,latency_s,6.032700
1756990820.198,latency_s,6.032951
1756990820.198,latency_s,6.032527
1756990820.198,latency_s,6.032254
1756990820.198,latency_s,6.035173
1756990820.198,latency_s,6.029339
1756990820.199,latency_s,6.034667
1756990820.199,latency_s,6.033588
1756990820.199,latency_s,6.074388
1756990820.199,latency_s,6.032519
1756990820.199,latency_s,5.988521
1756990820.199,latency_s,6.034841
1756990820.199,latency_s,6.030138
1756990820.199,latency_s,6.032997
1756990820.306,latency_s,6.039781
1756990820.306,latency_s,6.140776
1756990820.306,latency_s,6.039934
1756990820.306,latency_s,6.039766
1756990820.306,latency_s,6.039691
1756990820.306,latency_s,6.040033
1756990820.306,latency_s,6.039788
1756990820.306,latency_s,6.042331
1756990820.306,latency_s,6.035941
1756990820.306,latency_s,6.042051
1756990820.307,latency_s,6.040534
1756990820.307,latency_s,6.082025
1756990820.307,latency_s,5.981903
1756990820.307,latency_s,5.995566
1756990820.307,latency_s,6.039795
1756990820.307,latency_s,6.040306
1756990820.307,latency_s,6.036271
1756990820.415,latency_s,6.148752
1756990820.415,latency_s,6.151266
1756990820.415,latency_s,6.049034
1756990820.416,latency_s,6.049007
1756990820.416,latency_s,6.048853
1756990820.416,latency_s,6.048545
1756990820.416,latency_s,6.048942
1756990820.416,latency_s,6.049004
1756990820.416,latency_s,6.050858
1756990820.416,latency_s,6.044996
1756990820.416,latency_s,6.050966
1756990820.416,latency_s,6.049769
1756990820.416,latency_s,5.990212
1756990820.523,latency_s,6.111254
1756990820.523,latency_s,6.155464
1756990820.523,latency_s,6.155882
1756990820.523,latency_s,6.157895
1756990820.523,latency_s,6.055104
1756990820.523,latency_s,6.056169
1756990820.523,latency_s,6.055355
1756990820.523,latency_s,6.055090
1756990820.523,latency_s,6.055156
1756990820.523,latency_s,6.056193
1756990820.523,latency_s,6.058265
1756990820.523,latency_s,6.051951
1756990820.524,latency_s,6.055723
1756990820.524,latency_s,6.056957
1756990820.524,latency_s,5.997172
1756990820.524,latency_s,6.011602
1756990820.630,latency_s,6.162306
1756990820.630,latency_s,6.162826
1756990820.630,latency_s,6.158362
1756990820.630,latency_s,6.163039
1756990820.630,latency_s,6.162594
1756990820.630,latency_s,6.062444
1756990820.630,latency_s,6.062308
1756990820.630,latency_s,6.063319
1756990820.630,latency_s,6.062278
1756990820.630,latency_s,6.062157
1756990820.630,latency_s,6.063215
1756990820.630,latency_s,6.062222
1756990820.630,latency_s,6.064633
1756990820.630,latency_s,6.058822
1756990820.631,latency_s,6.062593
1756990820.631,latency_s,6.063854
1756990820.736,latency_s,6.164658
1756990820.736,latency_s,6.068649
1756990820.737,latency_s,6.068462
1756990820.737,latency_s,6.068245
1756990820.737,latency_s,6.069392
1756990820.737,latency_s,6.068281
1756990820.737,latency_s,6.068293
1756990820.737,latency_s,6.069442
1756990820.737,latency_s,6.068336
1756990820.737,latency_s,6.070411
1756990820.737,latency_s,6.064544
1756990820.737,latency_s,6.068979
1756990820.737,latency_s,6.070344
1756990820.737,latency_s,6.024321
1756990820.737,latency_s,6.069461
1756990820.737,latency_s,6.010477
1756990820.843,latency_s,6.170941
1756990820.844,latency_s,6.070757
1756990820.844,latency_s,6.075228
1756990820.844,latency_s,6.075770
1756990820.844,latency_s,6.075030
1756990820.844,latency_s,6.074914
1756990820.844,latency_s,6.074900
1756990820.844,latency_s,6.074980
1756990820.844,latency_s,6.076135
1756990820.844,latency_s,6.076086
1756990820.844,latency_s,6.071225
1756990820.844,latency_s,6.075416
1756990820.844,latency_s,6.076279
1756990820.844,latency_s,6.075853
1756990820.844,latency_s,6.030543
1756990820.844,latency_s,5.975343
1756990820.950,latency_s,6.077071
1756990820.951,latency_s,6.081923
1756990820.951,latency_s,6.082093
1756990820.951,latency_s,6.081501
1756990820.951,latency_s,6.080937
1756990820.951,latency_s,6.081741
1756990820.951,latency_s,6.081558
1756990821.059,latency_s,6.189368
1756990821.059,latency_s,6.190153
1756990821.059,latency_s,6.185913
1756990821.059,latency_s,6.190018
1756990821.059,latency_s,6.190435
1756990821.059,latency_s,6.144562
1756990821.059,latency_s,6.088403
1756990821.059,latency_s,6.131881
1756990821.059,latency_s,6.089750
1756990821.059,latency_s,6.089180
1756990821.059,latency_s,6.089225
1756990821.059,latency_s,6.089738
1756990821.059,latency_s,6.089608
1756990821.059,latency_s,6.088977
1756990821.059,latency_s,6.086185
1756990821.059,latency_s,6.089576
1756990821.059,latency_s,5.989210
1756990821.059,latency_s,6.088966
1756990821.060,latency_s,5.988688
1756990821.060,latency_s,6.044887
1756990821.060,latency_s,5.988846
1756990821.060,latency_s,6.032218
1756990821.060,latency_s,5.989270
1756990821.060,latency_s,5.988389
1756990821.060,latency_s,5.984987
1756990821.164,latency_s,6.093698
1756990821.164,latency_s,6.093018
1756990821.164,latency_s,6.093642
1756990821.164,latency_s,6.093599
1756990821.164,latency_s,6.092384
1756990821.165,latency_s,6.094878
1756990821.166,latency_s,6.094926
1756990821.167,latency_s,6.095087
1756990821.167,latency_s,6.092592
1756990821.167,latency_s,5.994768
1756990821.167,latency_s,5.994485
1756990821.167,latency_s,6.051701
1756990821.272,latency_s,6.096617
1756990821.272,latency_s,6.144084
1756990821.272,latency_s,6.100134
1756990821.272,latency_s,6.099872
1756990821.272,latency_s,6.096765
1756990821.272,latency_s,6.100224
1756990821.272,latency_s,6.096956
1756990821.272,latency_s,6.100090
1756990821.272,latency_s,6.099897
1756990821.272,latency_s,6.099814
1756990821.272,latency_s,6.097418
1756990821.272,latency_s,6.097514
1756990821.272,latency_s,6.100253
1756990821.275,latency_s,6.001987
1756990821.275,latency_s,6.001984
1756990821.275,latency_s,6.059249
1756990821.275,latency_s,6.046302
1756990821.275,latency_s,5.998901
1756990821.275,latency_s,6.002448
1756990821.275,latency_s,6.002399
1756990821.275,latency_s,5.998624
1756990821.275,latency_s,6.002862
1756990821.275,latency_s,5.998807
1756990821.275,latency_s,6.002425
1756990821.275,latency_s,6.002540
1756990821.275,latency_s,6.002500
1756990821.275,latency_s,5.998953
1756990821.382,latency_s,6.106289
1756990821.382,latency_s,6.109358
1756990821.489,latency_s,6.116158
1756990821.490,latency_s,6.116588
1756990821.490,latency_s,6.116355
1756990821.490,latency_s,6.172487
1756990821.490,latency_s,6.113124
1756990821.490,latency_s,6.160260
1756990821.490,latency_s,6.116524
1756990821.490,latency_s,6.113155
1756990821.490,latency_s,6.116685
1756990821.490,latency_s,6.116963
1756990821.490,latency_s,6.315096
1756990821.490,latency_s,6.214130
1756990821.490,latency_s,6.113864
1756990821.490,latency_s,6.113157
1756990821.490,latency_s,6.116783
1756990821.490,latency_s,6.116945
1756990821.491,latency_s,6.016554
1756990821.491,latency_s,6.114441
1756990821.491,latency_s,6.118289
1756990821.491,latency_s,6.017633
1756990821.492,latency_s,6.014340
1756990821.492,latency_s,6.115740
1756990821.492,latency_s,6.015087
1756990821.492,latency_s,6.017129
1756990821.492,latency_s,6.017274
1756990821.492,latency_s,6.017192
1756990821.492,latency_s,6.074461
1756990821.492,latency_s,6.015118
1756990821.492,latency_s,6.062215
1756990821.492,latency_s,6.018239
1756990821.597,latency_s,6.120178
1756990821.597,latency_s,6.122436
1756990821.599,latency_s,6.125279
1756990821.599,latency_s,6.122358
1756990821.599,latency_s,6.122101
1756990821.599,latency_s,6.124558
1756990821.599,latency_s,6.021889
1756990821.599,latency_s,6.021304
1756990821.599,latency_s,6.021843
1756990821.706,latency_s,6.128512
1756990821.706,latency_s,6.129002
1756990821.706,latency_s,6.128157
1756990821.706,latency_s,6.127831
1756990821.706,latency_s,6.187778
1756990821.706,latency_s,6.087589
1756990821.706,latency_s,6.127916
1756990821.706,latency_s,6.175757
1756990821.706,latency_s,6.132271
1756990821.706,latency_s,6.128479
1756990821.706,latency_s,6.128189
1756990821.706,latency_s,6.129040
1756990821.706,latency_s,6.129235
1756990821.706,latency_s,6.128746
1756990821.706,latency_s,6.128395
1756990821.707,latency_s,6.027686
1756990821.707,latency_s,6.028319
1756990821.707,latency_s,6.027909
1756990821.707,latency_s,6.027763
1756990821.707,latency_s,6.028602
1756990821.707,latency_s,6.029228
1756990821.707,latency_s,6.028025
1756990821.707,latency_s,6.028080
1756990821.707,latency_s,5.987861
1756990821.707,latency_s,6.075866
1756990821.920,latency_s,6.241404
1756990821.920,latency_s,6.245778
1756990821.921,latency_s,6.241900
1756990821.921,latency_s,6.241932
1756990821.921,latency_s,6.243057
1756990821.921,latency_s,6.243015
1756990821.921,latency_s,6.242646
1756990821.921,latency_s,6.142260
1756990821.921,latency_s,6.141809
1756990821.921,latency_s,6.142385
1756990821.921,latency_s,6.141824
1756990821.921,latency_s,6.141991
1756990821.921,latency_s,6.142545
1756990821.921,latency_s,6.143090
1756990821.921,latency_s,6.142009
1756990821.921,latency_s,6.141946
1756990821.921,latency_s,6.101349
1756990821.921,latency_s,6.189266
1756990821.921,latency_s,6.141869
1756990821.921,latency_s,6.089095
1756990821.921,latency_s,6.142356
1756990821.921,latency_s,6.146019
1756990821.921,latency_s,6.142452
1756990821.921,latency_s,6.143424
1756990821.921,latency_s,6.143267
1756990821.921,latency_s,6.043100
1756990821.922,latency_s,6.042491
1756990821.922,latency_s,6.042484
1756990821.922,latency_s,6.043066
1756990821.922,latency_s,6.042595
1756990821.922,latency_s,6.042752
1756990821.922,latency_s,6.043553
1756990822.028,latency_s,6.150307
1756990822.029,latency_s,6.149381
1756990822.029,latency_s,6.149266
1756990822.029,latency_s,6.108104
1756990822.029,latency_s,6.148883
1756990822.029,latency_s,6.095936
1756990822.070,latency_s,6.190696
1756990822.070,latency_s,6.190935
1756990822.070,latency_s,6.193089
1756990822.070,latency_s,6.192039
1756990822.070,latency_s,6.091581
1756990822.070,latency_s,6.090931
1756990822.070,latency_s,6.090882
1756990822.070,latency_s,6.090530
1756990822.070,latency_s,6.090497
1756990822.070,latency_s,6.090744
1756990822.071,latency_s,6.091597
1756990822.136,latency_s,6.157545
1756990822.136,latency_s,6.156157
1756990822.136,latency_s,6.156282
1756990822.136,latency_s,6.115297
1756990822.136,latency_s,6.155818
1756990822.136,latency_s,6.103165
1756990822.136,latency_s,6.156725
1756990822.136,latency_s,6.156761
1756990822.136,latency_s,6.159006
1756990822.136,latency_s,6.157760
1756990822.136,latency_s,6.057377
1756990822.136,latency_s,6.056230
1756990822.136,latency_s,6.056725
1756990822.137,latency_s,6.056454
1756990822.137,latency_s,6.056855
1756990822.244,latency_s,6.163314
1756990822.244,latency_s,6.164246
1756990822.244,latency_s,6.164658
1756990822.244,latency_s,6.163813
1756990822.244,latency_s,6.163796
1756990822.380,latency_s,6.246414
1756990822.380,latency_s,6.258838
1756990822.380,latency_s,6.299659
1756990822.380,latency_s,6.300591
1756990822.380,latency_s,6.300476
1756990822.380,latency_s,6.302470
1756990822.381,latency_s,6.301032
1756990822.381,latency_s,6.200795
1756990822.381,latency_s,6.201368
1756990822.381,latency_s,6.199864
1756990822.381,latency_s,6.200694
1756990822.381,latency_s,6.200113
1756990822.381,latency_s,6.200030
1756990822.381,latency_s,6.200780
1756990822.381,latency_s,6.201296
1756990822.381,latency_s,6.201640
1756990822.381,latency_s,6.200295
1756990822.381,latency_s,6.200336
1756990822.461,latency_s,6.238656
1756990822.461,latency_s,6.280059
1756990822.461,latency_s,6.227169
1756990822.461,latency_s,6.280951
1756990822.461,latency_s,6.281024
1756990822.461,latency_s,6.282360
1756990822.461,latency_s,6.182212
1756990822.461,latency_s,6.179539
1756990822.461,latency_s,6.181397
1756990822.461,latency_s,6.180385
1756990822.461,latency_s,6.179472
1756990822.461,latency_s,6.179588
1756990822.462,latency_s,6.179680
1756990822.462,latency_s,6.179822
1756990822.568,latency_s,6.287931
1756990822.568,latency_s,6.288206
1756990822.568,latency_s,6.286286
1756990822.569,latency_s,6.286775
1756990822.609,latency_s,6.286433
1756990822.610,latency_s,6.275118
1756990822.610,latency_s,6.328371
1756990822.610,latency_s,6.229928
1756990822.610,latency_s,6.327692
1756990822.610,latency_s,6.227011
1756990822.610,latency_s,6.329122
1756990822.610,latency_s,6.228853
1756990822.610,latency_s,6.226820
1756990822.610,latency_s,6.228719
1756990822.610,latency_s,6.226771
1756990822.676,latency_s,6.292746
1756990822.676,latency_s,6.293098
1756990822.676,latency_s,6.293118
1756990822.676,latency_s,6.295195
1756990822.676,latency_s,6.295343
1756990822.676,latency_s,6.293173
1756990822.676,latency_s,6.293199
1756990822.676,latency_s,6.241396
1756990822.677,latency_s,6.248918
1756990822.758,latency_s,6.376566
1756990822.759,latency_s,6.277193
1756990822.759,latency_s,6.278536
1756990822.759,latency_s,6.275723
1756990822.760,latency_s,6.275678
1756990822.760,latency_s,6.276137
1756990822.760,latency_s,6.277935
1756990822.760,latency_s,6.276068
1756990822.784,latency_s,6.299150
1756990822.784,latency_s,6.300198
1756990822.784,latency_s,6.299847
1756990822.784,latency_s,6.299980
1756990822.784,latency_s,6.302125
1756990822.784,latency_s,6.299925
1756990822.784,latency_s,6.300484
1756990822.784,latency_s,6.248831
1756990822.784,latency_s,6.255259
1756990822.784,latency_s,6.201898
1756990822.784,latency_s,6.203470
1756990822.784,latency_s,6.200037
1756990822.784,latency_s,6.199366
1756990822.784,latency_s,6.200063
1756990822.784,latency_s,6.201787
1756990822.892,latency_s,6.307309
1756990822.892,latency_s,6.511065
1756990822.892,latency_s,6.410389
1756990822.892,latency_s,6.309654
1756990822.892,latency_s,6.307016
1756990822.892,latency_s,6.307432
1756990822.892,latency_s,6.307417
1756990822.892,latency_s,6.309859
1756990822.999,latency_s,6.414033
1756990822.999,latency_s,6.414637
1756990822.999,latency_s,6.313798
1756990822.999,latency_s,6.363161
1756990822.999,latency_s,6.368636
1756990822.999,latency_s,6.316696
1756990822.999,latency_s,6.317888
1756990822.999,latency_s,6.314845
1756990822.999,latency_s,6.314057
1756990822.999,latency_s,6.314336
1756990822.999,latency_s,6.316550
1756990822.999,latency_s,6.314808
1756990822.999,latency_s,6.316980
1756990822.999,latency_s,6.313992
1756990823.000,latency_s,6.313830
1756990823.000,latency_s,6.314493
1756990823.106,latency_s,6.423442
1756990823.106,latency_s,6.320868
1756990823.106,latency_s,6.420756
1756990823.107,latency_s,6.320392
1756990823.107,latency_s,6.370399
1756990823.107,latency_s,6.375335
1756990823.107,latency_s,6.323888
1756990823.107,latency_s,6.324571
1756990823.107,latency_s,6.321659
1756990823.107,latency_s,6.321121
1756990823.107,latency_s,6.321173
1756990823.107,latency_s,6.323904
1756990823.107,latency_s,6.321655
1756990823.107,latency_s,6.321192
1756990823.107,latency_s,6.320735
1756990823.107,latency_s,6.321230
1756990823.214,latency_s,6.629572
1756990823.214,latency_s,6.529376
1756990823.214,latency_s,6.429029
1756990823.214,latency_s,6.431594
1756990823.215,latency_s,6.331418
1756990823.215,latency_s,6.328508
1756990823.215,latency_s,6.328192
1756990823.255,latency_s,6.472721
1756990823.256,latency_s,6.372655
1756990823.256,latency_s,6.418698
1756990823.256,latency_s,6.423607
1756990823.256,latency_s,6.372781
1756990823.256,latency_s,6.372711
1756990823.256,latency_s,6.369874
1756990823.256,latency_s,6.369957
1756990823.256,latency_s,6.369583
1756990823.322,latency_s,6.435769
1756990823.322,latency_s,6.435416
1756990823.322,latency_s,6.435339
1756990823.322,latency_s,6.435746
1756990823.322,latency_s,6.435780
1756990823.322,latency_s,6.338805
1756990823.322,latency_s,6.335616
1756990823.403,latency_s,6.415811
1756990823.403,latency_s,6.465086
1756990823.403,latency_s,6.470313
1756990823.403,latency_s,6.418988
1756990823.403,latency_s,6.418977
1756990823.403,latency_s,6.416545
1756990823.403,latency_s,6.416422
1756990823.403,latency_s,6.416465
1756990823.403,latency_s,6.420192
1756990823.430,latency_s,6.443076
1756990823.430,latency_s,6.443024
1756990823.430,latency_s,6.342184
1756990823.430,latency_s,6.443397
1756990823.430,latency_s,6.341944
1756990823.430,latency_s,6.443327
1756990823.431,latency_s,6.342216
1756990823.537,latency_s,6.550227
1756990823.538,latency_s,6.449461
1756990823.538,latency_s,6.453680
1756990823.538,latency_s,6.449551
1756990823.538,latency_s,6.449655
1756990823.538,latency_s,6.499386
1756990823.538,latency_s,6.504204
1756990823.538,latency_s,6.453568
1756990823.538,latency_s,6.453619
1756990823.538,latency_s,6.449722
1756990823.538,latency_s,6.450081
1756990823.538,latency_s,6.450014
1756990823.538,latency_s,6.454208
1756990823.538,latency_s,6.654745
1756990823.538,latency_s,6.554570
1756990823.538,latency_s,6.454065
1756990823.538,latency_s,6.449812
1756990823.538,latency_s,6.349392
1756990823.538,latency_s,6.349362
1756990823.538,latency_s,6.349869
1756990823.539,latency_s,6.349783
1756990823.539,latency_s,6.350134
1756990823.539,latency_s,6.354004
1756990823.539,latency_s,6.350229
1756990823.539,latency_s,6.350057
1756990823.647,latency_s,6.507997
1756990823.647,latency_s,6.512242
1756990823.647,latency_s,6.411306
1756990823.647,latency_s,6.460404
1756990823.647,latency_s,6.458239
1756990823.647,latency_s,6.458571
1756990823.647,latency_s,6.462377
1756990823.647,latency_s,6.458643
1756990823.647,latency_s,6.462524
1756990823.754,latency_s,6.569635
1756990823.754,latency_s,6.464883
1756990823.754,latency_s,6.465073
1756990823.754,latency_s,6.465023
1756990823.754,latency_s,6.465123
1756990823.754,latency_s,6.465820
1756990823.755,latency_s,6.469268
1756990823.755,latency_s,6.465596
1756990823.755,latency_s,6.515069
1756990823.755,latency_s,6.414603
1756990823.755,latency_s,6.418187
1756990823.755,latency_s,6.467452
1756990823.755,latency_s,6.465652
1756990823.755,latency_s,6.465768
1756990823.755,latency_s,6.469846
1756990823.755,latency_s,6.465689
1756990823.755,latency_s,6.470217
1756990823.755,latency_s,6.470297
1756990823.755,latency_s,6.369707
1756990823.755,latency_s,6.365491
1756990823.755,latency_s,6.365918
1756990823.755,latency_s,6.366667
1756990823.795,latency_s,6.404704
1756990823.861,latency_s,6.474787
1756990823.861,latency_s,6.471812
1756990823.861,latency_s,6.419914
1756990823.862,latency_s,6.424769
1756990823.862,latency_s,6.473799
1756990823.862,latency_s,6.472609
1756990823.862,latency_s,6.476545
1756990823.862,latency_s,6.472999
1756990823.862,latency_s,6.472822
1756990823.862,latency_s,6.476793
1756990823.862,latency_s,6.376699
1756990823.862,latency_s,6.372346
1756990823.862,latency_s,6.372702
1756990823.863,latency_s,6.372516
1756990823.946,latency_s,6.457277
1756990823.947,latency_s,6.460806
1756990823.947,latency_s,6.658406
1756990823.947,latency_s,6.558290
1756990823.947,latency_s,6.458109
1756990823.947,latency_s,6.457923
1756990823.947,latency_s,6.405386
1756990823.947,latency_s,6.409887
1756990823.948,latency_s,6.458473
1756990823.948,latency_s,6.461798
1756990823.968,latency_s,6.478011
1756990823.968,latency_s,6.478117
1756990823.968,latency_s,6.481589
1756990823.969,latency_s,6.382710
1756990823.969,latency_s,6.382832
1756990823.969,latency_s,6.378891
1756990823.969,latency_s,6.379130
1756990823.969,latency_s,6.378715
1756990823.969,latency_s,6.380030
1756990823.969,latency_s,6.382814
1756990823.970,latency_s,6.380346
1756990824.055,latency_s,6.465185
1756990824.055,latency_s,6.410405
1756990824.055,latency_s,6.465804
1756990824.055,latency_s,6.468778
1756990824.055,latency_s,6.465294
1756990824.078,latency_s,6.487662
1756990824.078,latency_s,6.390809
1756990824.078,latency_s,6.390918
1756990824.078,latency_s,6.688367
1756990824.078,latency_s,6.588049
1756990824.078,latency_s,6.487698
1756990824.078,latency_s,6.387241
1756990824.078,latency_s,6.387546
1756990824.078,latency_s,6.387720
1756990824.078,latency_s,6.388201
1756990824.078,latency_s,6.387489
1756990824.078,latency_s,6.391275
1756990824.078,latency_s,6.388315
1756990824.078,latency_s,6.388232
1756990824.162,latency_s,6.416952
1756990824.162,latency_s,6.472553
1756990824.163,latency_s,6.672793
1756990824.163,latency_s,6.572571
1756990824.163,latency_s,6.472271
1756990824.163,latency_s,6.472334
1756990824.163,latency_s,6.476181
1756990824.163,latency_s,6.374783
1756990824.163,latency_s,6.472430
1756990824.163,latency_s,6.372158
1756990824.163,latency_s,6.375134
1756990824.163,latency_s,6.374879
1756990824.163,latency_s,6.371887
1756990824.273,latency_s,6.481861
1756990824.273,latency_s,6.482153
1756990824.273,latency_s,6.482157
1756990824.273,latency_s,6.482664
1756990824.273,latency_s,6.484577
1756990824.273,latency_s,6.482908
1756990824.273,latency_s,6.482738
1756990824.273,latency_s,6.632587
1756990824.409,latency_s,6.668027
1756990824.409,latency_s,6.567619
1756990824.409,latency_s,6.563116
1756990824.409,latency_s,6.619026
1756990824.409,latency_s,6.618722
1756990824.409,latency_s,6.618847
1756990824.409,latency_s,6.520029
1756990824.409,latency_s,6.518795
1756990824.409,latency_s,6.518664
1756990824.410,latency_s,6.519904
1756990824.410,latency_s,6.521162
1756990824.487,latency_s,6.595850
1756990824.487,latency_s,6.596086
1756990824.487,latency_s,6.596104
1756990824.487,latency_s,6.596612
1756990824.487,latency_s,6.597923
1756990824.487,latency_s,6.595917
1756990824.487,latency_s,6.597013
1756990824.487,latency_s,6.596720
1756990824.487,latency_s,6.545214
1756990824.487,latency_s,6.596904
1756990824.487,latency_s,6.540870
1756990824.488,latency_s,6.596616
1756990824.488,latency_s,6.495704
1756990824.488,latency_s,6.498073
1756990824.488,latency_s,6.497014
1756990824.488,latency_s,6.496162
1756990824.488,latency_s,6.499316
1756990824.488,latency_s,6.495978
1756990824.488,latency_s,6.496185
1756990824.488,latency_s,6.496250
1756990824.488,latency_s,6.496694
1756990824.593,latency_s,6.603782
1756990824.594,latency_s,6.601582
1756990824.594,latency_s,6.602430
1756990824.594,latency_s,6.602724
1756990824.594,latency_s,6.551942
1756990824.594,latency_s,6.602588
1756990824.594,latency_s,6.502137
1756990824.594,latency_s,6.547425
1756990824.595,latency_s,6.502216
1756990824.595,latency_s,6.505244
1756990824.595,latency_s,6.503919
1756990824.595,latency_s,6.502504
1756990824.703,latency_s,6.614000
1756990824.703,latency_s,6.611016
1756990824.703,latency_s,6.610889
1756990824.704,latency_s,6.610946
1756990824.704,latency_s,6.611166
1756990824.704,latency_s,6.613706
1756990824.704,latency_s,6.610858
1756990824.704,latency_s,6.611376
1756990824.704,latency_s,6.612302
1756990824.704,latency_s,6.558622
1756990824.704,latency_s,6.510747
1756990824.704,latency_s,6.555006
1756990824.704,latency_s,6.510617
1756990824.704,latency_s,6.514008
1756990824.704,latency_s,6.512625
1756990824.704,latency_s,6.510442
1756990824.704,latency_s,6.514470
1756990824.704,latency_s,6.713559
1756990824.704,latency_s,6.613345
1756990824.704,latency_s,6.513235
1756990824.704,latency_s,6.511296
1756990824.704,latency_s,6.510837
1756990824.704,latency_s,6.511288
1756990824.705,latency_s,6.514460
1756990824.705,latency_s,6.511343
1756990824.810,latency_s,6.617138
1756990824.810,latency_s,6.516309
1756990824.810,latency_s,6.618731
1756990824.810,latency_s,6.518632
1756990824.811,latency_s,6.565186
1756990824.811,latency_s,6.517486
1756990824.811,latency_s,6.560059
1756990824.811,latency_s,6.517602
1756990824.811,latency_s,6.517113
1756990824.811,latency_s,6.521364
1756990824.811,latency_s,6.519722
1756990824.811,latency_s,6.521653
1756990824.812,latency_s,6.520126
1756990824.812,latency_s,6.521503
1756990824.917,latency_s,6.623651
1756990824.918,latency_s,6.623530
1756990824.918,latency_s,6.623759
1756990824.918,latency_s,6.623740
1756990824.918,latency_s,6.523372
1756990824.918,latency_s,6.523163
1756990824.918,latency_s,6.525523
1756990824.918,latency_s,6.570078
1756990824.918,latency_s,6.564841
1756990824.918,latency_s,6.523975
1756990824.918,latency_s,6.523820
1756990824.919,latency_s,6.524020
1756990824.919,latency_s,6.528354
1756990824.919,latency_s,6.526883
1756990824.919,latency_s,6.528760
1756990824.919,latency_s,6.526825
1756990824.919,latency_s,6.725637
1756990824.919,latency_s,6.625015
1756990824.919,latency_s,6.524712
1756990824.919,latency_s,6.528282
1756990824.919,latency_s,6.428048
1756990824.919,latency_s,6.525128
1756990825.025,latency_s,6.630617
1756990825.025,latency_s,6.631079
1756990825.025,latency_s,6.530385
1756990825.025,latency_s,6.530497
1756990825.025,latency_s,6.532593
1756990825.025,latency_s,6.576674
1756990825.025,latency_s,6.571839
1756990825.027,latency_s,6.531464
1756990825.027,latency_s,6.531759
1756990825.027,latency_s,6.531946
1756990825.027,latency_s,6.534143
1756990825.027,latency_s,6.536154
1756990825.027,latency_s,6.536173
1756990825.027,latency_s,6.534200
1756990825.027,latency_s,6.531783
1756990825.027,latency_s,6.532080
1756990825.027,latency_s,6.435867
1756990825.027,latency_s,6.431422
1756990825.027,latency_s,6.531998
1756990825.133,latency_s,6.537031
1756990825.133,latency_s,6.637966
1756990825.133,latency_s,6.537283
1756990825.133,latency_s,6.537543
1756990825.133,latency_s,6.539682
1756990825.133,latency_s,6.583849
1756990825.133,latency_s,6.578865
1756990825.133,latency_s,6.537591
1756990825.133,latency_s,6.537908
1756990825.133,latency_s,6.538037
1756990825.133,latency_s,6.541730
1756990825.133,latency_s,6.540032
1756990825.134,latency_s,6.538158
1756990825.240,latency_s,6.649547
1756990825.241,latency_s,6.646792
1756990825.241,latency_s,6.546061
1756990825.241,latency_s,6.645042
1756990825.241,latency_s,6.544677
1756990825.241,latency_s,6.544623
1756990825.241,latency_s,6.548815
1756990825.241,latency_s,6.544772
1756990825.241,latency_s,6.545004
1756990825.241,latency_s,6.544998
1756990825.241,latency_s,6.547297
1756990825.241,latency_s,6.589776
1756990825.241,latency_s,6.586173
1756990825.241,latency_s,6.544889
1756990825.241,latency_s,6.545146
1756990825.241,latency_s,6.545544
1756990825.241,latency_s,6.549158
1756990825.241,latency_s,6.547585
1756990825.241,latency_s,6.545561
1756990825.347,latency_s,6.655305
1756990825.348,latency_s,6.551609
1756990825.348,latency_s,6.552762
1756990825.348,latency_s,6.551691
1756990825.348,latency_s,6.555443
1756990825.348,latency_s,6.552085
1756990825.348,latency_s,6.551622
1756990825.348,latency_s,6.552213
1756990825.348,latency_s,6.553945
1756990825.348,latency_s,6.596910
1756990825.348,latency_s,6.552262
1756990825.348,latency_s,6.592597
1756990825.348,latency_s,6.552103
1756990825.348,latency_s,6.552683
1756990825.348,latency_s,6.555676
1756990825.349,latency_s,6.554222
1756990825.349,latency_s,6.552753
1756990825.349,latency_s,6.556273
1756990825.349,latency_s,6.455928
1756990825.349,latency_s,6.452200
1756990825.455,latency_s,6.559042
1756990825.455,latency_s,6.558837
1756990825.455,latency_s,6.558480
1756990825.455,latency_s,6.562341
1756990825.455,latency_s,6.558456
1756990825.456,latency_s,6.559221
1756990825.456,latency_s,6.561050
1756990825.456,latency_s,6.603167
1756990825.456,latency_s,6.559440
1756990825.456,latency_s,6.599668
1756990825.456,latency_s,6.559269
1756990825.456,latency_s,6.499480
1756990825.456,latency_s,6.559794
1756990825.456,latency_s,6.562254
1756990825.456,latency_s,6.561736
1756990825.562,latency_s,6.665991
1756990825.562,latency_s,6.568901
1756990825.562,latency_s,6.565310
1756990825.562,latency_s,6.566110
1756990825.562,latency_s,6.566021
1756990825.563,latency_s,6.568591
1756990825.563,latency_s,6.565386
1756990825.563,latency_s,6.566061
1756990825.563,latency_s,6.567422
1756990825.563,latency_s,6.608766
1756990825.563,latency_s,6.507590
1756990825.563,latency_s,6.566476
1756990825.563,latency_s,6.505782
1756990825.563,latency_s,6.566269
1756990825.563,latency_s,6.566534
1756990825.563,latency_s,6.569470
1756990825.563,latency_s,6.568864
1756990825.670,latency_s,6.673625
1756990825.670,latency_s,6.575985
1756990825.670,latency_s,6.572794
1756990825.671,latency_s,6.573472
1756990825.671,latency_s,6.576327
1756990825.671,latency_s,6.573522
1756990825.671,latency_s,6.573054
1756990825.671,latency_s,6.573536
1756990825.671,latency_s,6.575333
1756990825.671,latency_s,6.514998
1756990825.671,latency_s,6.573394
1756990825.671,latency_s,6.573414
1756990825.671,latency_s,6.513147
1756990825.671,latency_s,6.573497
1756990825.671,latency_s,6.576287
1756990825.777,latency_s,6.683159
1756990825.778,latency_s,6.680530
1756990825.778,latency_s,6.582574
1756990825.778,latency_s,6.579695
1756990825.778,latency_s,6.579498
1756990825.778,latency_s,6.780683
1756990825.778,latency_s,6.680432
1756990825.778,latency_s,6.579752
1756990825.778,latency_s,6.579904
1756990825.778,latency_s,6.583239
1756990825.778,latency_s,6.580272
1756990825.778,latency_s,6.580166
1756990825.778,latency_s,6.582066
1756990825.778,latency_s,6.521187
1756990825.778,latency_s,6.580240
1756990825.778,latency_s,6.580095
1756990825.778,latency_s,6.520249
1756990825.884,latency_s,6.686120
1756990825.884,latency_s,6.689286
1756990825.885,latency_s,6.689971
1756990825.885,latency_s,6.589982
1756990825.885,latency_s,6.589854
1756990825.885,latency_s,6.687642
1756990825.885,latency_s,6.586891
1756990825.885,latency_s,6.590212
1756990825.885,latency_s,6.585912
1756990825.886,latency_s,6.586356
1756990825.886,latency_s,6.586548
1756990825.886,latency_s,6.586444
1756990825.886,latency_s,6.587032
1756990825.886,latency_s,6.590132
1756990825.886,latency_s,6.587017
1756990825.992,latency_s,6.694620
1756990825.992,latency_s,6.634432
1756990825.992,latency_s,6.692405
1756990825.992,latency_s,6.692544
1756990825.992,latency_s,6.633301
1756990825.992,latency_s,6.693033
1756990825.992,latency_s,6.596139
1756990825.992,latency_s,6.593076
1756990825.993,latency_s,6.597213
1756990825.993,latency_s,6.594406
1756990825.993,latency_s,6.597315
1756990825.993,latency_s,6.593326
1756990825.993,latency_s,6.593991
1756990825.993,latency_s,6.593896
1756990825.993,latency_s,6.594433
1756990825.993,latency_s,6.594435
1756990825.993,latency_s,6.596665
1756990826.100,latency_s,6.700998
1756990826.100,latency_s,6.702762
1756990826.101,latency_s,6.641551
1756990826.101,latency_s,6.700970
1756990826.101,latency_s,6.600847
1756990826.101,latency_s,6.639690
1756990826.101,latency_s,6.701107
1756990826.101,latency_s,6.600847
1756990826.101,latency_s,6.603034
1756990826.101,latency_s,6.604950
1756990826.101,latency_s,6.601660
1756990826.101,latency_s,6.602075
1756990826.101,latency_s,6.604807
1756990826.101,latency_s,6.601413
1756990826.101,latency_s,6.600996
1756990826.209,latency_s,6.708927
1756990826.209,latency_s,6.709755
1756990826.209,latency_s,6.709761
1756990826.209,latency_s,6.711351
1756990826.209,latency_s,6.709383
1756990826.209,latency_s,6.710908
1756990826.209,latency_s,6.649513
1756990826.209,latency_s,6.609046
1756990826.211,latency_s,6.610167
1756990826.211,latency_s,6.648848
1756990826.211,latency_s,6.612565
1756990826.211,latency_s,6.614578
1756990826.211,latency_s,6.611072
1756990826.211,latency_s,6.611538
1756990826.211,latency_s,6.614051
1756990826.211,latency_s,6.610842
1756990826.211,latency_s,6.610445
1756990826.316,latency_s,6.715356
1756990826.424,latency_s,6.825091
1756990826.424,latency_s,6.826601
1756990826.424,latency_s,6.824866
1756990826.424,latency_s,6.824625
1756990826.425,latency_s,6.764585
1756990826.425,latency_s,6.724221
1756990826.425,latency_s,6.723978
1756990826.425,latency_s,6.761036
1756990826.425,latency_s,6.726378
1756990826.425,latency_s,6.728450
1756990826.425,latency_s,6.724917
1756990826.425,latency_s,6.725135
1756990826.425,latency_s,6.727106
1756990826.425,latency_s,6.724161
1756990826.530,latency_s,6.830128
1756990826.530,latency_s,6.829647
1756990826.531,latency_s,6.830918
1756990826.531,latency_s,6.832536
1756990826.531,latency_s,6.830459
1756990826.531,latency_s,6.830787
1756990826.531,latency_s,6.768970
1756990826.531,latency_s,6.729439
1756990826.531,latency_s,6.730172
1756990826.531,latency_s,6.765697
1756990826.531,latency_s,6.732296
1756990826.531,latency_s,6.734533
1756990826.531,latency_s,6.730943
1756990826.531,latency_s,6.730998
1756990826.531,latency_s,6.733187
1756990826.531,latency_s,6.730423
1756990826.531,latency_s,6.730963
1756990826.532,latency_s,6.730462
1756990826.637,latency_s,6.837178
1756990826.637,latency_s,6.839031
1756990826.637,latency_s,6.836871
1756990826.637,latency_s,6.837214
1756990826.637,latency_s,7.039091
1756990826.638,latency_s,6.938971
1756990826.775,latency_s,6.975181
1756990826.775,latency_s,6.912228
1756990826.775,latency_s,6.873768
1756990826.775,latency_s,6.873065
1756990826.775,latency_s,6.909282
1756990826.775,latency_s,6.875987
1756990826.775,latency_s,6.878254
1756990826.775,latency_s,6.874568
1756990826.775,latency_s,6.874566
1756990826.775,latency_s,6.876425
1756990826.775,latency_s,6.874167
1756990826.775,latency_s,6.873726
1756990826.775,latency_s,6.873621
1756990826.775,latency_s,6.874704
1756990826.775,latency_s,6.773867
1756990826.775,latency_s,6.876662
1756990826.775,latency_s,6.874571
1756990826.775,latency_s,6.776539
1756990826.855,latency_s,6.853462
1756990826.855,latency_s,6.954562
1756990826.855,latency_s,6.854010
1756990826.856,latency_s,6.955890
1756990826.856,latency_s,6.854801
1756990826.856,latency_s,6.891989
1756990826.856,latency_s,6.854743
1756990826.856,latency_s,6.854243
1756990826.856,latency_s,6.890102
1756990826.856,latency_s,6.855198
1756990826.856,latency_s,6.857362
1756990826.857,latency_s,6.859727
1756990826.857,latency_s,6.854812
1756990826.857,latency_s,6.857856
1756990826.964,latency_s,6.962808
1756990826.965,latency_s,6.962721
1756990826.965,latency_s,6.962709
1756990826.965,latency_s,6.862218
1756990826.965,latency_s,6.865584
1756990826.965,latency_s,6.862503
1756990826.965,latency_s,6.862132
1756990826.965,latency_s,6.862401
1756990826.965,latency_s,6.898741
1756990826.965,latency_s,6.862456
1756990826.965,latency_s,6.896602
1756990826.965,latency_s,6.862121
1756990826.965,latency_s,6.862938
1756990826.965,latency_s,6.863039
1756990826.965,latency_s,6.865820
1756990826.965,latency_s,6.866074
1756990826.965,latency_s,6.866065
1756990826.965,latency_s,6.862685
1756990827.072,latency_s,6.969448
1756990827.072,latency_s,6.969661
1756990827.072,latency_s,6.869457
1756990827.072,latency_s,6.869745
1756990827.072,latency_s,6.869543
1756990827.072,latency_s,6.873156
1756990827.073,latency_s,6.870059
1756990827.073,latency_s,6.906611
1756990827.180,latency_s,6.977103
1756990827.180,latency_s,7.011837
1756990827.181,latency_s,6.977444
1756990827.181,latency_s,6.978392
1756990827.181,latency_s,6.981141
1756990827.181,latency_s,6.981473
1756990827.181,latency_s,6.981287
1756990827.181,latency_s,6.978231
1756990827.181,latency_s,6.877627
1756990827.181,latency_s,6.978191
1756990827.181,latency_s,6.877678
1756990827.181,latency_s,6.877760
1756990827.182,latency_s,6.877731
1756990827.287,latency_s,6.983258
1756990827.288,latency_s,6.987608
1756990827.288,latency_s,6.984252
1756990827.288,latency_s,7.020620
1756990827.288,latency_s,6.984426
1756990827.288,latency_s,7.019025
1756990827.288,latency_s,6.984212
1756990827.288,latency_s,6.985157
1756990827.288,latency_s,6.987716
1756990827.288,latency_s,6.988403
1756990827.288,latency_s,6.988299
1756990827.288,latency_s,6.888092
1756990827.288,latency_s,6.883474
1756990827.289,latency_s,6.883954
1756990827.289,latency_s,6.884043
1756990827.289,latency_s,6.884269
1756990827.289,latency_s,6.888391
1756990827.289,latency_s,6.883769
1756990827.289,latency_s,6.884352
1756990827.395,latency_s,7.023396
1756990827.395,latency_s,6.990845
1756990827.396,latency_s,6.991379
1756990827.396,latency_s,7.193307
1756990827.396,latency_s,7.092935
1756990827.396,latency_s,6.991803
1756990827.396,latency_s,6.991575
1756990827.396,latency_s,6.994380
1756990827.396,latency_s,6.995938
1756990827.396,latency_s,6.895370
1756990827.396,latency_s,7.193132
1756990827.396,latency_s,7.092549
1756990827.396,latency_s,6.991741
1756990827.396,latency_s,6.891288
1756990827.504,latency_s,6.998830
1756990827.504,latency_s,6.998277
1756990827.504,latency_s,6.998953
1756990827.504,latency_s,6.999117
1756990827.504,latency_s,7.003212
1756990827.504,latency_s,6.998601
1756990827.504,latency_s,6.999222
1756990827.504,latency_s,7.031712
1756990827.504,latency_s,6.999617
1756990827.504,latency_s,6.999690
1756990827.504,latency_s,6.999600
1756990827.504,latency_s,7.001631
1756990827.504,latency_s,7.003772
1756990827.504,latency_s,6.903340
1756990827.504,latency_s,6.898957
1756990827.504,latency_s,6.898503
1756990827.504,latency_s,6.898578
1756990827.504,latency_s,6.898481
1756990827.504,latency_s,6.898809
1756990827.505,latency_s,6.899353
1756990827.611,latency_s,7.009161
1756990827.611,latency_s,7.005713
1756990827.611,latency_s,7.242317
1756990827.611,latency_s,7.142186
1756990827.611,latency_s,7.041564
1756990827.611,latency_s,7.035711
1756990827.612,latency_s,7.006291
1756990827.612,latency_s,6.935339
1756990827.612,latency_s,7.006687
1756990827.612,latency_s,7.011308
1756990827.612,latency_s,6.910557
1756990827.612,latency_s,7.008264
1756990827.612,latency_s,6.910407
1756990827.612,latency_s,6.906246
1756990827.826,latency_s,7.120688
1756990827.826,latency_s,7.120290
1756990827.827,latency_s,7.120625
1756990827.827,latency_s,7.121235
1756990827.827,latency_s,7.121926
1756990827.827,latency_s,7.121475
1756990827.827,latency_s,7.123916
1756990827.827,latency_s,7.156734
1756990827.827,latency_s,7.050380
1756990827.827,latency_s,7.121800
1756990827.828,latency_s,7.121864
1756990827.828,latency_s,7.322866
1756990827.828,latency_s,7.222005
1756990827.828,latency_s,7.121527
1756990827.828,latency_s,7.123155
1756990827.828,latency_s,7.022599
1756990827.828,latency_s,7.025553
1756990827.828,latency_s,7.025263
1756990827.828,latency_s,7.020846
1756990827.828,latency_s,7.021274
1756990827.828,latency_s,7.020896
1756990827.828,latency_s,7.020909
1756990827.828,latency_s,7.021867
1756990827.828,latency_s,7.021110
1756990827.828,latency_s,7.023979
1756990827.828,latency_s,7.021640
1756990827.828,latency_s,7.057082
1756990827.828,latency_s,6.957063
1756990827.828,latency_s,7.223277
1756990827.828,latency_s,7.123067
1756990827.828,latency_s,7.022058
1756990827.829,latency_s,6.950769
1756990827.933,latency_s,7.126870
1756990827.935,latency_s,7.128486
1756990827.935,latency_s,7.128551
1756990827.935,latency_s,7.028299
1756990827.935,latency_s,7.029881
1756990827.935,latency_s,7.032879
1756990827.935,latency_s,7.032697
1756990828.042,latency_s,7.134550
1756990828.042,latency_s,7.135178
1756990828.042,latency_s,7.134531
1756990828.042,latency_s,7.137972
1756990828.042,latency_s,7.135997
1756990828.042,latency_s,7.135790
1756990828.042,latency_s,7.134949
1756990828.043,latency_s,7.135330
1756990828.043,latency_s,7.070514
1756990828.043,latency_s,7.135937
1756990828.043,latency_s,7.064576
1756990828.043,latency_s,7.136119
1756990828.043,latency_s,7.135891
