1757000863.625,latency_s,0.579454
1757000863.625,latency_s,0.478495
1757000863.625,latency_s,0.376820
1757000863.778,latency_s,0.584042
1757000863.778,latency_s,0.483801
1757000863.779,latency_s,0.383736
1757000863.911,latency_s,0.551306
1757000863.911,latency_s,0.451129
1757000863.912,latency_s,0.350913
1757000863.923,latency_s,0.577335
1757000863.925,latency_s,0.477838
1757000863.926,latency_s,0.377006
1757000864.353,latency_s,0.857604
1757000864.353,latency_s,0.756653
1757000864.353,latency_s,0.656547
1757000864.353,latency_s,0.860722
1757000864.353,latency_s,0.759781
1757000864.353,latency_s,0.659538
1757000864.353,latency_s,0.682208
1757000864.353,latency_s,0.581912
1757000864.353,latency_s,0.481699
1757000864.353,latency_s,0.704574
1757000864.354,latency_s,0.604252
1757000864.354,latency_s,0.503792
1757000864.354,latency_s,0.702442
1757000864.354,latency_s,0.601562
1757000864.354,latency_s,0.501241
1757000864.354,latency_s,0.556390
1757000864.354,latency_s,0.456195
1757000864.354,latency_s,0.355912
1757000864.358,latency_s,0.563541
1757000864.358,latency_s,0.463361
1757000864.360,latency_s,0.362350
1757000864.476,latency_s,0.652412
1757000864.476,latency_s,0.551755
1757000864.476,latency_s,0.450383
1757000864.477,latency_s,0.504420
1757000864.477,latency_s,0.403717
1757000864.496,latency_s,0.322557
1757000864.497,latency_s,0.546898
1757000864.497,latency_s,0.446800
1757000864.497,latency_s,0.346342
1757000864.516,latency_s,0.563405
1757000864.518,latency_s,0.464727
1757000864.780,latency_s,0.626560
1757000864.781,latency_s,0.808906
1757000864.781,latency_s,0.707842
1757000864.781,latency_s,0.607208
1757000864.781,latency_s,0.682979
1757000864.781,latency_s,0.581992
1757000864.782,latency_s,0.481661
1757000864.782,latency_s,0.684185
1757000864.783,latency_s,0.585087
1757000864.784,latency_s,0.483937
1757000864.784,latency_s,0.657807
1757000864.784,latency_s,0.557493
1757000864.784,latency_s,0.456829
1757000864.801,latency_s,0.639304
1757000864.802,latency_s,0.538659
1757000864.802,latency_s,0.438322
1757000864.802,latency_s,0.527854
1757000864.802,latency_s,0.427673
1757000864.802,latency_s,0.550183
1757000864.802,latency_s,0.449510
1757000864.802,latency_s,0.348740
1757000864.802,latency_s,0.547966
1757000864.841,latency_s,0.486645
1757000864.841,latency_s,0.383564
1757000864.841,latency_s,0.565316
1757000864.841,latency_s,0.465085
1757000865.065,latency_s,0.587356
1757000865.065,latency_s,0.764958
1757000865.069,latency_s,0.668362
1757000865.069,latency_s,0.568286
1757000865.069,latency_s,0.668509
1757000865.069,latency_s,0.566562
1757000865.350,latency_s,0.747497
1757000865.350,latency_s,0.950248
1757000865.351,latency_s,0.850432
1757000865.351,latency_s,0.750262
1757000865.351,latency_s,0.923067
1757000865.351,latency_s,0.820997
1757000865.351,latency_s,0.720674
1757000865.351,latency_s,0.887743
1757000865.351,latency_s,0.787661
1757000865.352,latency_s,0.687489
1757000865.352,latency_s,0.876711
1757000865.352,latency_s,0.776272
1757000865.352,latency_s,0.675979
1757000865.352,latency_s,0.867467
1757000865.352,latency_s,0.766991
1757000865.352,latency_s,0.667198
1757000865.353,latency_s,0.799234
1757000865.356,latency_s,0.702519
1757000865.357,latency_s,0.602026
1757000865.357,latency_s,0.798704
1757000865.357,latency_s,0.698258
1757000865.357,latency_s,0.597342
1757000865.357,latency_s,0.778763
1757000865.357,latency_s,0.678452
1757000865.357,latency_s,0.577811
1757000865.357,latency_s,0.755725
1757000865.639,latency_s,0.936984
1757000865.639,latency_s,0.836877
1757000865.639,latency_s,0.936195
1757000865.639,latency_s,0.836107
1757000865.639,latency_s,0.735798
1757000865.639,latency_s,0.937309
1757000865.923,latency_s,1.120466
1757000865.923,latency_s,1.019649
1757000865.923,latency_s,1.265932
1757000865.924,latency_s,1.165866
1757000865.924,latency_s,1.065502
1757000865.924,latency_s,1.193031
1757000865.924,latency_s,1.092635
1757000865.924,latency_s,0.992103
1757000865.926,latency_s,1.161643
1757000865.926,latency_s,1.061193
1757000865.926,latency_s,0.960892
1757000865.926,latency_s,1.149547
1757000865.926,latency_s,1.049012
1757000865.926,latency_s,0.948764
1757000865.927,latency_s,1.140233
1757000865.927,latency_s,1.039872
1757000865.927,latency_s,0.939679
1757000865.927,latency_s,1.072230
1757000865.927,latency_s,0.971946
1757000865.927,latency_s,1.066215
1757000865.928,latency_s,0.966540
1757000866.571,latency_s,1.509262
1757000866.571,latency_s,1.751832
1757000866.571,latency_s,1.651685
1757000866.571,latency_s,1.551080
1757000866.571,latency_s,1.692241
1757000866.571,latency_s,1.592138
1757000866.571,latency_s,1.491693
1757000866.571,latency_s,1.668191
1757000866.572,latency_s,1.567755
1757000866.572,latency_s,1.467568
1757000866.572,latency_s,1.567587
1757000866.572,latency_s,1.467434
1757000866.572,latency_s,1.567066
1757000866.572,latency_s,1.466677
1757000866.779,latency_s,1.819793
1757000866.779,latency_s,1.718711
1757000866.779,latency_s,1.618056
1757000866.784,latency_s,1.750988
1757000866.784,latency_s,1.650748
1757000866.784,latency_s,1.550223
1757000866.784,latency_s,1.807163
1757000866.784,latency_s,1.706787
1757000866.784,latency_s,1.606615
1757000866.784,latency_s,1.718194
1757000866.784,latency_s,1.617222
1757000866.784,latency_s,1.516437
1757000866.784,latency_s,1.706295
1757000866.784,latency_s,1.606032
1757000866.784,latency_s,1.505553
1757000866.784,latency_s,1.694842
1757000866.784,latency_s,1.728720
1757000866.784,latency_s,1.594529
1757000866.856,latency_s,1.695163
1757000867.141,latency_s,1.850726
1757000867.141,latency_s,1.880183
1757000867.141,latency_s,1.978829
1757000867.141,latency_s,1.878592
1757000867.141,latency_s,2.020671
1757000867.141,latency_s,1.920799
1757000867.141,latency_s,1.820458
1757000867.141,latency_s,1.961476
1757000867.142,latency_s,1.861353
1757000867.142,latency_s,1.760640
1757000867.142,latency_s,2.005721
1757000867.142,latency_s,1.905129
1757000867.142,latency_s,1.803364
1757000867.142,latency_s,1.936690
1757000867.142,latency_s,1.836451
1757000867.426,latency_s,2.020248
1757000867.426,latency_s,2.221321
1757000867.426,latency_s,2.121109
1757000867.426,latency_s,2.020317
1757000867.426,latency_s,2.220448
1757000867.426,latency_s,2.120213
1757000867.426,latency_s,2.019756
1757000867.426,latency_s,2.165329
1757000867.426,latency_s,2.065180
1757000867.426,latency_s,1.964510
1757000867.426,latency_s,2.088157
1757000867.427,latency_s,1.987682
1757000867.427,latency_s,2.147998
1757000867.427,latency_s,2.047607
1757000867.427,latency_s,1.947451
1757000867.427,latency_s,2.133453
1757000867.427,latency_s,2.032004
1757000867.710,latency_s,2.214570
1757000867.711,latency_s,2.342028
1757000867.711,latency_s,2.240990
1757000867.711,latency_s,2.140926
1757000867.711,latency_s,2.331964
1757000867.711,latency_s,2.231459
1757000867.711,latency_s,2.131163
1757000867.711,latency_s,2.319586
1757000867.711,latency_s,2.219228
1757000867.711,latency_s,2.116159
1757000867.711,latency_s,2.350080
1757000867.711,latency_s,2.249382
1757000868.075,latency_s,2.509649
1757000868.075,latency_s,2.712466
1757000868.075,latency_s,2.611538
1757000868.075,latency_s,2.506928
1757000868.075,latency_s,2.652605
1757000868.076,latency_s,2.551437
1757000868.076,latency_s,2.450258
1757000868.076,latency_s,2.594513
1757000868.076,latency_s,2.493918
1757000868.076,latency_s,2.637020
1757000868.076,latency_s,2.536373
1757000868.076,latency_s,2.435539
1757000868.076,latency_s,2.569522
1757000868.076,latency_s,2.468941
1757000868.076,latency_s,2.368717
1757000868.076,latency_s,2.626247
1757000868.076,latency_s,2.525227
1757000868.076,latency_s,2.424396
1757000868.076,latency_s,2.569601
1757000868.076,latency_s,2.468876
1757000868.279,latency_s,2.571517
1757000868.279,latency_s,2.712549
1757000868.294,latency_s,2.626026
1757000868.294,latency_s,2.525532
1757000868.294,latency_s,2.754404
1757000868.294,latency_s,2.653524
1757000868.294,latency_s,2.552283
1757000868.294,latency_s,2.714067
1757000868.294,latency_s,2.613590
1757000868.294,latency_s,2.513369
1757000868.294,latency_s,2.697360
1757000868.294,latency_s,2.596447
1757000868.564,latency_s,2.765498
1757000868.564,latency_s,2.893703
1757000868.564,latency_s,2.793611
1757000868.564,latency_s,2.883330
1757000868.564,latency_s,2.783136
1757000868.564,latency_s,2.682573
1757000868.564,latency_s,2.868299
1757000868.564,latency_s,2.767757
1757000868.564,latency_s,2.667153
1757000868.564,latency_s,2.897574
1757000868.564,latency_s,2.935081
1757000868.564,latency_s,2.796837
1757000868.579,latency_s,2.711389
1757000868.579,latency_s,2.849635
1757000868.579,latency_s,2.749142
1757000868.579,latency_s,2.910779
1757000868.580,latency_s,2.810383
1757000868.580,latency_s,2.710067
1757000868.580,latency_s,2.853828
1757000868.580,latency_s,2.753274
1757000868.848,latency_s,2.921726
1757000868.849,latency_s,3.166335
1757000868.849,latency_s,3.066108
1757000868.849,latency_s,2.965642
1757000868.849,latency_s,3.107289
1757000869.133,latency_s,3.291016
1757000869.133,latency_s,3.190702
1757000869.133,latency_s,3.324502
1757000869.133,latency_s,3.224124
1757000869.133,latency_s,3.381321
1757000869.133,latency_s,3.281168
1757000869.133,latency_s,3.180967
1757000869.138,latency_s,3.328903
1757000869.138,latency_s,3.227440
1757000869.138,latency_s,3.126958
1757000869.138,latency_s,3.631071
1757000869.138,latency_s,3.530645
1757000869.138,latency_s,3.430328
1757000869.138,latency_s,3.329048
1757000869.138,latency_s,3.227764
1757000869.138,latency_s,3.127192
1757000869.138,latency_s,3.269215
1757000869.138,latency_s,3.168630
1757000869.138,latency_s,3.067646
1757000869.138,latency_s,3.296411
1757000869.138,latency_s,3.195627
1757000869.138,latency_s,3.095279
1757000869.138,latency_s,3.257136
1757000869.138,latency_s,3.156557
1757000869.138,latency_s,3.056128
1757000869.138,latency_s,3.239341
1757000869.138,latency_s,3.137772
1757000869.419,latency_s,3.317364
1757000869.419,latency_s,3.548430
1757000869.419,latency_s,3.447882
1757000869.419,latency_s,3.347762
1757000869.419,latency_s,3.437488
1757000869.423,latency_s,3.339319
1757000869.423,latency_s,3.424953
1757000869.424,latency_s,3.325145
1757000869.424,latency_s,3.453481
1757000869.424,latency_s,3.352439
1757000869.424,latency_s,3.493003
1757000869.706,latency_s,3.673514
1757000869.706,latency_s,3.533477
1757000869.707,latency_s,3.573253
1757000869.707,latency_s,3.736553
1757000869.707,latency_s,3.635427
1757000869.707,latency_s,3.534408
1757000869.707,latency_s,3.680070
1757000869.707,latency_s,3.579465
1757000869.707,latency_s,3.478798
1757000869.707,latency_s,3.723620
1757000869.707,latency_s,3.623543
1757000869.707,latency_s,3.523193
1757000869.708,latency_s,3.664623
1757000869.708,latency_s,3.564556
1757000869.708,latency_s,3.463881
1757000869.708,latency_s,3.698383
1757000869.708,latency_s,3.598159
1757000869.708,latency_s,3.498050
1757000869.708,latency_s,3.654886
1757000869.708,latency_s,3.554579
1757000869.708,latency_s,3.453941
1757000869.709,latency_s,3.597496
1757000869.709,latency_s,3.497201
1757000869.709,latency_s,3.397096
1757000869.709,latency_s,3.597688
1757000869.709,latency_s,3.497735
1757000869.992,latency_s,3.680635
1757000869.993,latency_s,3.819975
1757000870.277,latency_s,4.003746
1757000870.277,latency_s,4.133963
1757000870.277,latency_s,4.033836
1757000870.277,latency_s,3.933679
1757000870.278,latency_s,4.095163
1757000870.278,latency_s,3.994946
1757000870.562,latency_s,4.178863
1757000870.563,latency_s,4.360656
1757000870.563,latency_s,4.258892
1757000870.563,latency_s,4.156171
1757000870.563,latency_s,4.390993
1757000870.563,latency_s,4.290399
1757000870.563,latency_s,4.189830
1757000870.563,latency_s,4.378747
1757000870.563,latency_s,4.278450
1757000870.563,latency_s,4.178180
1757000870.563,latency_s,4.363951
1757000870.563,latency_s,4.262459
1757000870.564,latency_s,4.159003
1757000870.564,latency_s,4.290013
1757000870.564,latency_s,4.189513
1757000870.564,latency_s,4.089151
1757000870.564,latency_s,4.329670
1757000870.564,latency_s,4.229032
1757000870.564,latency_s,4.127769
1757000870.564,latency_s,4.291076
1757000870.564,latency_s,4.190733
1757000870.564,latency_s,4.089703
1757000870.564,latency_s,4.234970
1757000870.564,latency_s,4.133125
1757000870.564,latency_s,4.279606
1757000870.564,latency_s,4.179357
1757000871.133,latency_s,4.647892
1757000871.133,latency_s,4.789056
1757000871.133,latency_s,4.688708
1757000871.133,latency_s,4.588436
1757000871.133,latency_s,4.822197
1757000871.133,latency_s,4.721987
1757000871.133,latency_s,4.620568
1757000871.135,latency_s,4.779727
1757000871.135,latency_s,4.679241
1757000871.135,latency_s,4.577969
1757000871.135,latency_s,4.723234
1757000871.135,latency_s,4.622453
1757000871.135,latency_s,4.723273
1757000871.136,latency_s,4.622527
1757000871.136,latency_s,4.522117
1757000871.136,latency_s,4.761345
1757000871.136,latency_s,4.661033
1757000871.136,latency_s,4.560156
1757000871.418,latency_s,4.973766
1757000871.418,latency_s,4.871207
1757000871.418,latency_s,4.770962
1757000871.419,latency_s,4.934707
1757000871.419,latency_s,4.834256
1757000871.419,latency_s,4.733661
1757000871.419,latency_s,4.944276
1757000871.419,latency_s,4.843739
1757000871.419,latency_s,4.743126
1757000871.419,latency_s,4.932421
1757000871.419,latency_s,4.832279
1757000871.419,latency_s,4.731914
1757000871.419,latency_s,4.913449
1757000871.419,latency_s,4.809894
1757000871.419,latency_s,4.709315
1757000871.703,latency_s,5.127368
1757000871.703,latency_s,5.025875
1757000871.703,latency_s,5.165653
1757000871.703,latency_s,5.065052
1757000871.703,latency_s,4.964512
1757000871.703,latency_s,5.127805
1757000871.703,latency_s,5.026851
1757000871.988,latency_s,5.210427
1757000871.988,latency_s,5.456156
1757000871.988,latency_s,5.355600
1757000871.988,latency_s,5.255424
1757000871.988,latency_s,5.402574
1757000871.988,latency_s,5.302391
1757000871.988,latency_s,5.202297
1757000871.988,latency_s,5.342407
1757000871.988,latency_s,5.241846
1757000871.988,latency_s,5.374933
1757000871.989,latency_s,5.275025
1757000871.989,latency_s,5.174280
1757000871.989,latency_s,5.330685
1757000871.989,latency_s,5.230201
1757000871.989,latency_s,5.128675
1757000871.989,latency_s,5.375290
1757000871.989,latency_s,5.275084
1757000871.989,latency_s,5.174470
1757000871.989,latency_s,5.275263
1757000871.989,latency_s,5.174782
1757000871.989,latency_s,5.311821
1757000871.989,latency_s,5.210888
1757000871.989,latency_s,5.109711
1757000871.989,latency_s,5.240925
1757000871.989,latency_s,5.140398
1757000872.272,latency_s,5.322344
1757000872.272,latency_s,5.487117
1757000872.272,latency_s,5.386796
1757000872.272,latency_s,5.764534
1757000872.273,latency_s,5.660858
1757000872.273,latency_s,5.559844
1757000872.273,latency_s,5.458611
1757000872.556,latency_s,5.641385
1757000872.556,latency_s,5.780430
1757000872.558,latency_s,5.680895
1757000872.558,latency_s,5.580340
1757000872.558,latency_s,5.769978
1757000872.559,latency_s,5.669822
1757000872.559,latency_s,5.569340
1757000872.559,latency_s,5.748371
1757000872.559,latency_s,5.646801
1757000872.559,latency_s,5.545727
1757000872.559,latency_s,5.780567
1757000872.559,latency_s,5.679087
1757000872.559,latency_s,5.578612
1757000872.559,latency_s,5.719248
1757000872.559,latency_s,5.618341
1757000872.559,latency_s,5.515821
1757000872.559,latency_s,5.681417
1757000872.559,latency_s,5.580346
1757000872.559,latency_s,5.725095
1757000872.559,latency_s,5.622453
1757000872.559,latency_s,5.521788
1757000872.559,latency_s,5.673237
1757000872.559,latency_s,5.572822
1757000872.559,latency_s,5.471218
1757000872.559,latency_s,5.712830
1757000872.840,latency_s,5.893538
1757000872.841,latency_s,5.793226
1757000872.841,latency_s,5.925897
1757000872.842,latency_s,5.826013
1757000872.842,latency_s,5.723918
1757000872.842,latency_s,5.881814
1757000872.842,latency_s,5.781368
1757000873.125,latency_s,6.210308
1757000873.125,latency_s,6.109740
1757000873.125,latency_s,6.007850
1757000873.125,latency_s,6.210450
1757000873.125,latency_s,6.109420
1757000873.125,latency_s,6.008995
1757000873.126,latency_s,6.145752
1757000873.168,latency_s,6.087299
1757000873.168,latency_s,5.987245
1757000873.168,latency_s,6.117440
1757000873.168,latency_s,6.017127
1757000873.168,latency_s,6.181612
1757000873.168,latency_s,6.080227
1757000873.168,latency_s,5.979275
1757000873.168,latency_s,6.087514
1757000873.168,latency_s,5.987348
1757000873.168,latency_s,5.886975
1757000873.410,latency_s,6.319692
1757000873.410,latency_s,6.218306
1757000873.410,latency_s,6.118140
1757000873.410,latency_s,6.394124
1757000873.410,latency_s,6.292118
1757000873.410,latency_s,6.191608
1757000873.410,latency_s,6.091350
1757000873.410,latency_s,6.296653
1757000873.410,latency_s,6.196106
1757000873.410,latency_s,6.095898
1757000873.410,latency_s,6.266695
1757000873.410,latency_s,6.165742
1757000873.410,latency_s,6.330806
1757000873.411,latency_s,6.230729
1757000873.500,latency_s,6.220214
1757000873.694,latency_s,6.431614
1757000873.701,latency_s,6.337525
1757000873.701,latency_s,6.482756
1757000873.701,latency_s,6.382210
1757000873.701,latency_s,6.281696
1757000873.701,latency_s,6.483886
1757000873.701,latency_s,6.383331
1757000873.701,latency_s,6.281784
1757000873.701,latency_s,6.419945
1757000873.701,latency_s,6.319343
1757000873.701,latency_s,6.218839
1757000873.701,latency_s,6.448702
1757000873.701,latency_s,6.348462
1757000873.701,latency_s,6.248002
1757000873.701,latency_s,6.411462
1757000873.701,latency_s,6.310748
1757000873.701,latency_s,6.209620
1757000873.978,latency_s,6.514851
1757000873.979,latency_s,6.414170
1757000873.979,latency_s,6.313339
1757000873.979,latency_s,6.495392
1757000873.979,latency_s,6.395170
1757000873.979,latency_s,6.295014
1757000873.979,latency_s,6.458674
1757000873.985,latency_s,6.363845
1757000873.985,latency_s,6.263614
1757000873.985,latency_s,6.464658
1757000873.985,latency_s,6.363196
1757000873.985,latency_s,6.262657
1757000873.985,latency_s,6.402858
1757000873.985,latency_s,6.302722
1757000873.985,latency_s,6.201719
1757000874.263,latency_s,6.295867
1757000874.263,latency_s,6.478223
1757000874.264,latency_s,6.378749
1757000874.264,latency_s,6.277993
1757000874.264,latency_s,6.442678
1757000874.264,latency_s,6.342174
1757000874.265,latency_s,6.242018
1757000874.265,latency_s,6.441288
1757000874.265,latency_s,6.340614
1757000874.265,latency_s,6.240405
1757000874.265,latency_s,6.380761
1757000874.265,latency_s,6.280299
1757000874.265,latency_s,6.408520
1757000874.265,latency_s,6.306957
1757000874.265,latency_s,6.205831
1757000874.265,latency_s,6.369072
1757000874.265,latency_s,6.268134
1757000874.547,latency_s,6.379186
1757000874.547,latency_s,6.278811
1757000874.547,latency_s,6.460396
1757000874.547,latency_s,6.357759
1757000874.547,latency_s,6.257644
1757000874.547,latency_s,6.424804
1757000874.548,latency_s,6.324764
1757000874.548,latency_s,6.423281
1757000874.548,latency_s,6.323049
1757000874.548,latency_s,6.222655
1757000874.548,latency_s,6.463087
1757000874.548,latency_s,6.362537
1757000874.548,latency_s,6.262443
1757000874.548,latency_s,6.387754
1757000874.548,latency_s,6.286177
1757000874.831,latency_s,6.259599
1757000874.832,latency_s,6.441367
1757000874.832,latency_s,6.341303
1757000874.832,latency_s,6.509021
1757000874.833,latency_s,6.408601
1757000874.833,latency_s,6.307792
1757000874.833,latency_s,6.407030
1757000874.833,latency_s,6.305123
1757000874.833,latency_s,6.446646
1757000874.833,latency_s,6.346059
1757000874.833,latency_s,6.245926
1757000874.833,latency_s,6.369137
1757000874.833,latency_s,6.268702
1757000874.833,latency_s,6.431492
1757000874.833,latency_s,6.330891
1757000874.833,latency_s,6.229354
1757000874.833,latency_s,6.342706
1757000875.115,latency_s,6.423321
1757000875.116,latency_s,6.323461
1757000875.116,latency_s,6.490144
1757000875.116,latency_s,6.389768
1757000875.620,latency_s,6.794128
1757000875.906,latency_s,7.276926
1757000875.906,latency_s,7.176575
1757000875.906,latency_s,7.076167
1757000875.906,latency_s,7.218299
1757000875.906,latency_s,7.117702
1757000875.906,latency_s,7.017488
1757000875.906,latency_s,7.240936
1757000875.906,latency_s,7.138497
1757000875.906,latency_s,7.038241
1757000875.906,latency_s,7.201732
1757000875.906,latency_s,7.013176
1757000875.906,latency_s,6.910552
1757000875.906,latency_s,6.809687
1757000875.906,latency_s,6.979478
1757000875.906,latency_s,6.878897
1757000875.906,latency_s,6.778112
1757000875.906,latency_s,6.976370
1757000875.906,latency_s,6.874770
1757000875.906,latency_s,6.774439
1757000875.906,latency_s,6.917564
1757000875.907,latency_s,6.816998
1757000875.907,latency_s,6.716392
1757000875.907,latency_s,6.937391
1757000875.907,latency_s,6.836693
1757000875.907,latency_s,6.735141
1757000875.907,latency_s,6.898788
1757000875.907,latency_s,6.798139
1757000875.907,latency_s,6.527225
1757000875.907,latency_s,6.709993
1757000875.907,latency_s,6.609453
1757000875.907,latency_s,6.509360
1757000875.969,latency_s,6.370482
1757000876.192,latency_s,6.493225
1757000876.192,latency_s,6.393235
1757000876.192,latency_s,6.293100
1757000876.192,latency_s,6.492075
1757000876.192,latency_s,6.390209
1757000876.192,latency_s,6.289752
1757000876.193,latency_s,6.432667
1757000876.296,latency_s,6.434980
1757000876.296,latency_s,6.334597
1757000876.296,latency_s,6.563212
1757000876.296,latency_s,6.462541
1757000876.296,latency_s,6.362428
1757000876.296,latency_s,6.513733
1757000876.296,latency_s,6.412267
1757000876.296,latency_s,6.312117
1757000876.296,latency_s,6.497566
1757000876.296,latency_s,6.397421
1757000876.296,latency_s,6.297318
1757000876.477,latency_s,6.643527
1757000876.477,latency_s,6.543851
1757000876.477,latency_s,6.640881
1757000876.477,latency_s,6.540254
1757000876.477,latency_s,6.684588
1757000876.477,latency_s,6.584475
1757000876.477,latency_s,6.483943
1757000876.478,latency_s,6.598924
1757000876.478,latency_s,6.313911
1757000876.478,latency_s,6.477942
1757000876.478,latency_s,6.377610
1757000876.478,latency_s,6.276993
1757000876.478,latency_s,6.473809
1757000876.478,latency_s,6.373272
1757000876.762,latency_s,6.258120
1757000876.762,latency_s,6.455640
1757000876.762,latency_s,6.355350
1757000876.762,latency_s,6.254575
1757000876.763,latency_s,6.499817
1757000876.763,latency_s,6.399654
1757000876.763,latency_s,6.298208
1757000876.763,latency_s,6.425767
1757000876.763,latency_s,6.324471
1757000876.763,latency_s,6.223885
1757000876.763,latency_s,6.475432
1757000876.763,latency_s,6.373184
1757000876.763,latency_s,6.272797
1757000876.763,latency_s,6.462186
1757000876.764,latency_s,6.361633
1757000876.764,latency_s,6.261318
1757000876.764,latency_s,6.428295
1757000876.764,latency_s,6.327775
1757000877.048,latency_s,6.442967
1757000877.048,latency_s,6.342939
1757000877.048,latency_s,6.483018
1757000877.048,latency_s,6.382726
1757000877.049,latency_s,6.282138
1757000877.049,latency_s,6.408392
1757000877.049,latency_s,6.308028
1757000877.049,latency_s,6.207746
1757000877.049,latency_s,6.439842
1757000877.049,latency_s,6.339676
1757000877.049,latency_s,6.239242
1757000877.542,latency_s,6.950277
1757000877.542,latency_s,6.849745
1757000877.542,latency_s,6.749685
1757000877.542,latency_s,6.468940
1757000877.542,latency_s,6.736617
1757000877.542,latency_s,6.632227
1757000877.542,latency_s,6.531339
1757000877.542,latency_s,6.675292
1757000877.542,latency_s,6.574824
1757000877.542,latency_s,6.474312
1757000877.542,latency_s,6.600540
1757000877.542,latency_s,6.500088
1757000877.542,latency_s,6.631527
1757000877.542,latency_s,6.531387
1757000877.542,latency_s,6.430629
1757000877.542,latency_s,6.649515
1757000877.542,latency_s,6.549012
1757000877.542,latency_s,6.446436
1757000877.542,latency_s,6.638274
1757000877.542,latency_s,6.537666
1757000877.542,latency_s,6.432199
1757000877.619,latency_s,6.348637
1757000877.619,latency_s,6.248346
1757000877.619,latency_s,6.477192
1757000877.619,latency_s,6.377059
1757000877.904,latency_s,6.561072
1757000877.904,latency_s,6.691932
1757000877.905,latency_s,6.592334
1757000877.905,latency_s,6.491943
1757000877.905,latency_s,6.708244
1757000877.905,latency_s,6.608014
1757000877.905,latency_s,6.507919
1757000878.115,latency_s,6.737524
1757000878.115,latency_s,6.635960
1757000878.115,latency_s,6.535872
1757000878.115,latency_s,6.702876
1757000878.115,latency_s,6.602326
1757000878.115,latency_s,6.501647
1757000878.115,latency_s,6.643798
1757000878.115,latency_s,6.543199
1757000878.115,latency_s,6.443049
1757000878.116,latency_s,6.672641
1757000878.116,latency_s,6.572263
1757000878.188,latency_s,6.544584
1757000878.188,latency_s,6.675362
1757000878.189,latency_s,6.574556
1757000878.189,latency_s,6.691490
1757000878.189,latency_s,6.590636
1757000878.189,latency_s,6.487974
1757000878.189,latency_s,6.675619
1757000878.189,latency_s,6.573998
1757000878.189,latency_s,6.473644
1757000878.189,latency_s,6.645652
1757000878.189,latency_s,6.373414
1757000878.189,latency_s,6.272824
1757000878.189,latency_s,6.444782
1757000878.189,latency_s,6.343385
1757000878.472,latency_s,6.456214
1757000878.473,latency_s,6.356092
1757000878.473,latency_s,6.255296
1757000878.473,latency_s,6.426458
1757000878.473,latency_s,6.326027
1757000878.474,latency_s,6.225982
1757000878.475,latency_s,6.457763
1757000878.475,latency_s,6.357471
1757000878.475,latency_s,6.256963
1757000878.475,latency_s,6.468713
1757000878.475,latency_s,6.365180
1757000878.475,latency_s,6.264633
1757000878.475,latency_s,6.458313
1757000878.475,latency_s,6.358117
1757000878.475,latency_s,6.257287
1757000878.475,latency_s,6.400670
1757000878.475,latency_s,6.300031
1757000878.475,latency_s,6.199818
1757000878.758,latency_s,6.439043
1757000878.758,latency_s,6.338961
1757000878.758,latency_s,6.408191
1757000878.758,latency_s,6.307586
1757000878.758,latency_s,6.206852
1757000878.758,latency_s,6.439383
1757000878.758,latency_s,6.339020
1757000878.758,latency_s,6.238631
1757000878.758,latency_s,6.446944
1757000878.758,latency_s,6.346523
1757000878.758,latency_s,6.245371
1757000878.758,latency_s,6.439578
1757000878.758,latency_s,6.339473
1757000878.758,latency_s,6.239062
1757000879.042,latency_s,6.361372
1757000879.043,latency_s,6.453335
1757000879.043,latency_s,6.352390
1757000879.327,latency_s,6.807765
1757000879.327,latency_s,6.707719
1757000879.327,latency_s,6.607289
1757000879.327,latency_s,6.674361
1757000879.327,latency_s,6.573318
1757000879.327,latency_s,6.707406
1757000879.327,latency_s,6.607242
1757000879.327,latency_s,6.506927
1757000879.327,latency_s,6.714002
1757000879.327,latency_s,6.613313
1757000879.327,latency_s,6.511328
1757000879.327,latency_s,6.707871
1757000879.327,latency_s,6.607634
1757000879.327,latency_s,6.507373
1757000879.327,latency_s,6.650247
1757000879.332,latency_s,6.335103
1757000879.332,latency_s,6.512006
1757000879.332,latency_s,6.410833
1757000879.332,latency_s,6.310546
1757000879.332,latency_s,6.477964
1757000879.332,latency_s,6.377624
1757000879.332,latency_s,6.277413
1757000879.332,latency_s,6.411028
1757000879.332,latency_s,6.310052
1757000879.332,latency_s,6.209067
1757000879.332,latency_s,6.415639
1757000879.332,latency_s,6.314907
1757000879.332,latency_s,6.214683
1757000879.333,latency_s,6.411465
1757000879.612,latency_s,6.309689
1757000879.612,latency_s,6.547251
1757000879.612,latency_s,6.447155
1757000879.616,latency_s,6.350461
1757000879.617,latency_s,6.494001
1757000879.617,latency_s,6.393914
1757000879.978,latency_s,6.653712
1757000879.978,latency_s,6.823361
1757000879.978,latency_s,6.722637
1757000879.978,latency_s,6.622496
1757000879.978,latency_s,6.754999
1757000879.978,latency_s,6.653523
1757000879.978,latency_s,6.757856
1757000879.978,latency_s,6.651516
1757000879.978,latency_s,6.755322
1757000879.978,latency_s,6.653955
1757000879.979,latency_s,6.798131
1757000879.979,latency_s,6.697827
1757000879.979,latency_s,6.597406
1757000879.979,latency_s,6.724566
1757000879.979,latency_s,6.620685
1757000879.979,latency_s,6.728339
1757000879.979,latency_s,6.628027
1757000879.979,latency_s,6.755060
1757000879.979,latency_s,6.653864
1757000879.979,latency_s,6.552841
1757000879.979,latency_s,6.669474
1757000879.979,latency_s,6.568710
1757000879.979,latency_s,6.720560
1757000879.979,latency_s,6.351724
1757000879.979,latency_s,6.553548
1757000879.979,latency_s,6.451935
1757000879.979,latency_s,6.351642
1757000879.979,latency_s,6.523395
1757000879.979,latency_s,6.422599
1757000880.185,latency_s,6.356555
1757000880.185,latency_s,6.256391
1757000880.187,latency_s,6.518058
1757000880.264,latency_s,6.511125
1757000880.265,latency_s,6.407823
1757000880.265,latency_s,6.306309
1757000880.265,latency_s,6.436040
1757000880.473,latency_s,6.544199
1757000880.473,latency_s,6.444213
1757000880.473,latency_s,6.658981
1757000880.474,latency_s,6.558398
1757000880.474,latency_s,6.457347
1757000880.474,latency_s,6.610496
1757000880.474,latency_s,6.510361
1757000880.474,latency_s,6.409977
1757000880.474,latency_s,6.607563
1757000880.474,latency_s,6.507415
1757000880.474,latency_s,6.406617
1757000880.474,latency_s,6.544431
1757000880.474,latency_s,6.443823
1757000880.474,latency_s,6.343667
1757000880.474,latency_s,6.486761
1757000880.474,latency_s,6.386023
1757000880.474,latency_s,6.545439
1757000880.474,latency_s,6.462252
1757000880.474,latency_s,6.445366
1757000880.474,latency_s,6.344010
1757000880.474,latency_s,6.362164
1757000880.474,latency_s,6.444932
1757000880.549,latency_s,6.464325
1757000880.549,latency_s,6.364401
1757000880.549,latency_s,6.263915
1757000880.549,latency_s,6.483041
1757000880.549,latency_s,6.382799
1757000880.550,latency_s,6.282778
1757000880.833,latency_s,6.298102
1757000881.119,latency_s,6.733195
1757000881.119,latency_s,6.632445
1757000881.119,latency_s,6.751705
1757000881.119,latency_s,6.651504
1757000881.119,latency_s,6.551388
1757000881.119,latency_s,6.757289
1757000881.119,latency_s,6.657101
1757000881.119,latency_s,6.556904
1757000881.119,latency_s,6.686534
1757000881.120,latency_s,6.584736
1757000881.120,latency_s,6.653818
1757000881.120,latency_s,6.553696
1757000881.120,latency_s,6.699317
1757000881.120,latency_s,6.597993
1757000881.120,latency_s,6.497858
1757000881.120,latency_s,6.650959
1757000881.120,latency_s,6.550332
1757000881.120,latency_s,6.450187
1757000881.120,latency_s,6.687388
1757000881.120,latency_s,6.586499
1757000881.120,latency_s,6.485125
1757000881.120,latency_s,6.630605
1757000881.120,latency_s,6.529734
1757000881.120,latency_s,6.428832
1757000881.120,latency_s,6.606508
1757000881.120,latency_s,6.433370
1757000881.121,latency_s,6.333729
1757000881.121,latency_s,6.450976
1757000881.121,latency_s,6.349699
1757000881.121,latency_s,6.458041
1757000881.121,latency_s,6.357936
1757000881.403,latency_s,6.414041
1757000881.406,latency_s,6.339913
1757000881.406,latency_s,6.466550
1757000881.406,latency_s,6.365270
1757000881.406,latency_s,6.265157
1757000881.406,latency_s,6.438272
1757000881.693,latency_s,6.624009
1757000881.693,latency_s,6.523150
1757000881.693,latency_s,6.664043
1757000881.693,latency_s,6.561888
1757000881.693,latency_s,6.460952
1757000881.693,latency_s,6.620367
1757000881.693,latency_s,6.520153
1757000881.693,latency_s,6.655423
1757000881.693,latency_s,6.554365
1757000881.693,latency_s,6.453862
1757000881.693,latency_s,6.598277
1757000881.693,latency_s,6.496845
1757000881.693,latency_s,6.396055
1757000881.693,latency_s,6.575633
1757000881.693,latency_s,6.554896
1757000881.693,latency_s,6.475270
1757000881.693,latency_s,6.454530
1757000881.693,latency_s,6.373877
1757000881.693,latency_s,6.353123
1757000881.693,latency_s,6.552596
1757000881.694,latency_s,6.452502
1757000881.694,latency_s,6.426005
1757000881.694,latency_s,6.324696
1757000881.694,latency_s,6.452680
1757000881.694,latency_s,6.352374
1757000881.694,latency_s,6.252336
1757000881.977,latency_s,6.702221
1757000881.977,latency_s,6.397486
1757000881.978,latency_s,6.296812
1757000881.978,latency_s,6.508789
1757000881.978,latency_s,6.407508
1757000881.978,latency_s,6.306908
1757000882.261,latency_s,6.487371
1757000882.261,latency_s,6.386600
1757000882.261,latency_s,6.286469
1757000882.261,latency_s,6.411892
1757000882.261,latency_s,6.311763
1757000882.261,latency_s,6.376396
1757000882.264,latency_s,6.276906
1757000882.264,latency_s,6.415237
1757000882.264,latency_s,6.315019
1757000882.264,latency_s,6.214528
1757000882.264,latency_s,6.411003
1757000882.264,latency_s,6.310221
1757000882.264,latency_s,6.209490
1757000882.264,latency_s,6.363677
1757000882.264,latency_s,6.263562
1757000882.264,latency_s,6.163329
1757000882.264,latency_s,6.279224
1757000882.264,latency_s,6.179090
1757000882.264,latency_s,6.077821
1757000882.264,latency_s,6.320774
1757000882.264,latency_s,6.220380
1757000882.264,latency_s,6.120174
1757000882.264,latency_s,6.319454
1757000882.264,latency_s,6.218610
1757000882.264,latency_s,6.117618
1757000882.264,latency_s,6.261136
1757000882.546,latency_s,6.369731
1757000882.546,latency_s,6.269721
1757000882.546,latency_s,6.522835
1757000882.546,latency_s,6.422717
1757000882.546,latency_s,6.322117
1757000882.546,latency_s,6.496094
1757000882.830,latency_s,6.352844
1757000882.830,latency_s,6.251615
1757000882.830,latency_s,6.506027
1757000882.830,latency_s,6.405037
1757000882.830,latency_s,6.304930
1757000882.830,latency_s,6.478630
1757000882.831,latency_s,6.378523
1757000882.872,latency_s,6.319235
1757000882.873,latency_s,6.480984
1757000882.873,latency_s,6.377047
1757000882.873,latency_s,6.276412
1757000882.873,latency_s,6.421662
1757000882.873,latency_s,6.320859
1757000882.873,latency_s,6.220445
1757000882.873,latency_s,6.413619
1757000882.873,latency_s,6.313355
1757000882.873,latency_s,6.211303
1757000882.873,latency_s,6.370253
1757000883.115,latency_s,6.511551
1757000883.115,latency_s,6.411261
1757000883.116,latency_s,6.628003
1757000883.116,latency_s,6.527862
1757000883.116,latency_s,6.427710
1757000883.116,latency_s,6.567993
1757000883.116,latency_s,6.467175
1757000883.116,latency_s,6.366175
1757000883.116,latency_s,6.516459
1757000883.116,latency_s,6.416076
1757000883.116,latency_s,6.315629
1757000883.116,latency_s,6.525946
1757000883.116,latency_s,6.424601
1757000883.116,latency_s,6.324167
1757000883.400,latency_s,6.298782
1757000883.400,latency_s,6.506992
1757000883.400,latency_s,6.406076
1757000883.401,latency_s,6.305227
1757000883.401,latency_s,6.520713
1757000883.401,latency_s,6.420567
1757000883.401,latency_s,6.319852
1757000883.442,latency_s,6.512854
1757000883.442,latency_s,6.412737
1757000883.442,latency_s,6.312127
1757000883.442,latency_s,6.487202
1757000883.442,latency_s,6.386849
1757000883.442,latency_s,6.286460
1757000883.442,latency_s,6.438893
1757000883.442,latency_s,6.338365
1757000883.442,latency_s,6.236226
1757000883.442,latency_s,6.488204
1757000883.442,latency_s,6.385420
1757000883.686,latency_s,6.330640
1757000883.686,latency_s,6.483771
1757000883.686,latency_s,6.382956
1757000883.686,latency_s,6.282789
1757000883.686,latency_s,6.489734
1757000883.686,latency_s,6.389480
1757000884.055,latency_s,6.657570
1757000884.056,latency_s,6.874267
1757000884.056,latency_s,6.773447
1757000884.056,latency_s,6.672510
1757000884.056,latency_s,6.825475
1757000884.056,latency_s,6.725329
1757000884.056,latency_s,6.625096
1757000884.056,latency_s,6.799303
1757000884.056,latency_s,6.470866
1757000884.056,latency_s,6.370473
1757000884.056,latency_s,6.524392
1757000884.056,latency_s,6.424248
1757000884.056,latency_s,6.324035
1757000884.056,latency_s,6.548120
1757000884.056,latency_s,6.447659
1757000884.056,latency_s,6.346378
1757000884.056,latency_s,6.498286
1757000884.056,latency_s,6.396925
1757000884.056,latency_s,6.296684
1757000884.056,latency_s,6.647585
1757000884.056,latency_s,6.547454
1757000884.056,latency_s,6.446493
1757000884.056,latency_s,6.345096
1757000884.056,latency_s,6.495473
1757000884.056,latency_s,6.394630
1757000884.057,latency_s,6.293005
1757000884.255,latency_s,6.353206
1757000884.256,latency_s,6.469720
1757000884.256,latency_s,6.369484
1757000884.256,latency_s,6.269327
1757000884.256,latency_s,6.423364
1757000884.256,latency_s,6.323178
1757000884.540,latency_s,6.336684
1757000884.540,latency_s,6.452526
1757000884.541,latency_s,6.352424
1757000884.541,latency_s,6.251225
1757000884.541,latency_s,6.507148
1757000884.584,latency_s,6.449543
1757000884.584,latency_s,6.349212
1757000884.584,latency_s,6.470544
1757000884.584,latency_s,6.370055
1757000884.584,latency_s,6.268617
1757000884.584,latency_s,6.422132
1757000884.584,latency_s,6.321678
1757000884.584,latency_s,6.221533
1757000884.584,latency_s,6.471079
1757000884.584,latency_s,6.370050
1757000884.584,latency_s,6.268813
1757000884.825,latency_s,6.643216
1757000884.825,latency_s,6.539603
1757000884.825,latency_s,6.438166
1757000884.825,latency_s,6.659367
1757000884.825,latency_s,6.559210
1757000884.825,latency_s,6.459043
1757000884.825,latency_s,6.627967
1757000884.825,latency_s,6.527792
1757000884.825,latency_s,6.427663
1757000884.825,latency_s,6.559314
1757000884.825,latency_s,6.317352
1757000884.825,latency_s,6.435942
1757000884.826,latency_s,6.335824
1757000884.826,latency_s,6.490581
1757000884.826,latency_s,6.390456
1757000884.826,latency_s,6.289730
1757000885.109,latency_s,6.519397
1757000885.110,latency_s,6.419466
1757000885.110,latency_s,6.318789
1757000885.110,latency_s,6.473304
1757000885.110,latency_s,6.373168
1757000885.110,latency_s,6.272488
1757000885.111,latency_s,6.385582
1757000885.152,latency_s,6.325824
1757000885.152,latency_s,6.384480
1757000885.152,latency_s,6.284129
1757000885.152,latency_s,6.432239
1757000885.152,latency_s,6.331693
1757000885.152,latency_s,6.230511
1757000885.152,latency_s,6.361420
1757000885.152,latency_s,6.259021
1757000885.152,latency_s,6.382273
1757000885.394,latency_s,6.301099
1757000885.394,latency_s,6.456131
1757000885.394,latency_s,6.355262
1757000885.394,latency_s,6.255177
1757000885.394,latency_s,6.467389
1757000885.394,latency_s,6.366713
1757000885.394,latency_s,6.265947
1757000885.394,latency_s,6.425423
1757000885.395,latency_s,6.324693
1757000885.395,latency_s,6.224674
1757000885.477,latency_s,6.455159
1757000885.477,latency_s,6.353835
1757000885.477,latency_s,6.253525
1757000885.477,latency_s,6.483032
1757000885.477,latency_s,6.382719
1757000885.477,latency_s,6.279862
1757000885.679,latency_s,6.362708
1757000885.680,latency_s,6.263094
1757000885.680,latency_s,6.487389
1757000885.680,latency_s,6.386477
1757000885.680,latency_s,6.286352
1757000885.680,latency_s,6.439975
1757000885.680,latency_s,6.339826
1757000885.680,latency_s,6.239696
1757000885.680,latency_s,6.451490
1757000885.680,latency_s,6.350641
1757000885.680,latency_s,6.249693
1757000885.680,latency_s,6.410041
1757000885.680,latency_s,6.309865
1757000885.680,latency_s,6.209720
1757000885.680,latency_s,6.354907
1757000885.680,latency_s,6.254252
1757000885.964,latency_s,6.446047
1757000885.964,latency_s,6.345650
1757000885.964,latency_s,6.470541
1757000885.964,latency_s,6.369573
1757000885.965,latency_s,6.268113
1757000885.965,latency_s,6.423900
1757000885.965,latency_s,6.323257
1757000885.965,latency_s,6.223170
1757000886.249,latency_s,6.715736
1757000886.249,latency_s,6.615542
1757000886.249,latency_s,6.512518
1757000886.249,latency_s,6.677364
1757000886.249,latency_s,6.576529
1757000886.249,latency_s,6.476384
1757000886.249,latency_s,6.621013
1757000886.249,latency_s,6.519102
1757000886.250,latency_s,6.530254
1757000886.250,latency_s,6.429149
1757000886.250,latency_s,6.328342
1757000886.250,latency_s,6.453508
1757000886.250,latency_s,6.353112
1757000886.250,latency_s,6.252543
1757000886.250,latency_s,6.408621
1757000886.250,latency_s,6.307796
1757000886.250,latency_s,6.206777
1757000886.250,latency_s,6.412700
1757000886.251,latency_s,6.312429
1757000886.251,latency_s,6.211342
1757000886.251,latency_s,6.377761
1757000886.251,latency_s,6.276926
1757000886.251,latency_s,6.176772
1757000886.251,latency_s,6.419367
1757000886.534,latency_s,6.508491
1757000886.534,latency_s,6.408058
1757000886.534,latency_s,6.307451
1757000886.534,latency_s,6.536262
1757000886.534,latency_s,6.433849
1757000886.534,latency_s,6.333561
1757000886.534,latency_s,6.435595
1757000886.534,latency_s,6.335639
1757000886.819,latency_s,6.516829
1757000886.819,latency_s,6.415716
1757000886.821,latency_s,6.317302
1757000886.821,latency_s,6.504007
1757000886.821,latency_s,6.403359
1757000886.821,latency_s,6.303281
1757000886.821,latency_s,6.421435
1757000886.821,latency_s,6.321307
1757000886.821,latency_s,6.220851
1757000886.821,latency_s,6.475042
1757000886.821,latency_s,6.374487
1757000886.821,latency_s,6.274346
1757000886.821,latency_s,6.371579
1757000886.821,latency_s,6.270802
1757000886.821,latency_s,6.345418
1757000886.821,latency_s,6.245276
1757000886.821,latency_s,6.385025
1757000886.821,latency_s,6.284375
1757000886.821,latency_s,6.183146
1757000886.821,latency_s,6.310750
1757000886.821,latency_s,6.209949
1757000886.821,latency_s,6.109268
1757000886.822,latency_s,6.338770
1757000886.822,latency_s,6.237970
1757000887.102,latency_s,6.281719
1757000887.103,latency_s,6.468503
1757000887.103,latency_s,6.367975
1757000887.103,latency_s,6.266467
1757000887.103,latency_s,6.402233
1757000887.104,latency_s,6.303285
1757000887.104,latency_s,6.456855
1757000887.104,latency_s,6.356752
1757000887.387,latency_s,6.450711
1757000887.387,latency_s,6.349902
1757000887.388,latency_s,6.249514
1757000887.388,latency_s,6.486325
1757000887.389,latency_s,6.387254
1757000887.389,latency_s,6.287228
1757000887.390,latency_s,6.441254
1757000887.390,latency_s,6.341038
1757000887.390,latency_s,6.240565
1757000887.390,latency_s,6.436340
1757000887.390,latency_s,6.335783
1757000887.390,latency_s,6.235658
1757000887.390,latency_s,6.412823
1757000887.390,latency_s,6.311901
1757000887.390,latency_s,6.209713
1757000887.390,latency_s,6.348706
1757000887.390,latency_s,6.248174
1757000887.390,latency_s,6.147498
1757000887.390,latency_s,6.276126
1757000887.390,latency_s,6.175831
1757000887.390,latency_s,6.280408
1757000887.390,latency_s,6.179846
1757000887.390,latency_s,6.079770
1757000887.390,latency_s,6.301091
1757000887.673,latency_s,6.333211
1757000887.673,latency_s,6.232865
1757000887.957,latency_s,6.754226
1757000887.957,latency_s,6.653791
1757000887.958,latency_s,6.554161
1757000887.958,latency_s,6.708683
1757000887.958,latency_s,6.608131
1757000887.958,latency_s,6.507973
1757000888.243,latency_s,6.552306
1757000888.243,latency_s,6.702167
1757000888.243,latency_s,6.599888
1757000888.243,latency_s,6.738962
1757000888.243,latency_s,6.638408
1757000888.243,latency_s,6.538239
1757000888.243,latency_s,6.691321
1757000888.243,latency_s,6.591122
1757000888.243,latency_s,6.490739
1757000888.243,latency_s,6.685528
1757000888.243,latency_s,6.584889
1757000888.244,latency_s,6.484209
1757000888.244,latency_s,6.661511
1757000888.244,latency_s,6.561352
1757000888.244,latency_s,6.460810
1757000888.244,latency_s,6.699041
1757000888.244,latency_s,6.598466
1757000888.244,latency_s,6.498216
1757000888.244,latency_s,6.627666
1757000888.244,latency_s,6.527122
1757000888.244,latency_s,6.426972
1757000888.244,latency_s,6.630599
1757000888.244,latency_s,6.530482
1757000888.244,latency_s,6.430068
1757000888.244,latency_s,6.429571
1757000888.244,latency_s,6.329243
1757000888.530,latency_s,6.481462
1757000888.530,latency_s,6.380513
1757000888.530,latency_s,6.279770
1757000888.530,latency_s,6.481744
1757000888.530,latency_s,6.380665
1757000888.530,latency_s,6.280011
1757000888.815,latency_s,6.464254
1757000888.815,latency_s,6.364064
1757000889.100,latency_s,6.548501
1757000889.100,latency_s,6.749391
1757000889.100,latency_s,6.692102
1757000889.100,latency_s,6.649121
1757000889.100,latency_s,6.591896
1757000889.100,latency_s,6.548907
1757000889.100,latency_s,6.744778
1757000889.100,latency_s,6.644223
1757000889.100,latency_s,6.543684
1757000889.100,latency_s,6.735442
1757000889.100,latency_s,6.634995
1757000889.100,latency_s,6.534371
1757000889.100,latency_s,6.714999
1757000889.100,latency_s,6.614406
1757000889.100,latency_s,6.513811
1757000889.101,latency_s,6.649671
1757000889.101,latency_s,6.548837
1757000889.101,latency_s,6.448603
1757000889.101,latency_s,6.580467
1757000889.101,latency_s,6.480241
1757000889.101,latency_s,6.379186
1757000889.101,latency_s,6.583642
1757000889.101,latency_s,6.482975
1757000889.101,latency_s,6.382837
1757000889.101,latency_s,6.248177
1757000889.101,latency_s,6.492382
1757000889.101,latency_s,6.391463
1757000889.101,latency_s,6.289034
1757000889.101,latency_s,6.444434
1757000889.101,latency_s,6.343934
1757000889.384,latency_s,6.430678
1757000889.384,latency_s,6.369795
1757000889.385,latency_s,6.331612
1757000889.385,latency_s,6.231292
1757000889.385,latency_s,6.427145
1757000889.385,latency_s,6.326821
1757000889.670,latency_s,6.510595
1757000889.670,latency_s,6.697420
1757000889.670,latency_s,6.595792
1757000889.670,latency_s,6.494791
1757000889.670,latency_s,6.682226
1757000889.671,latency_s,6.581874
1757000889.671,latency_s,6.481342
1757000889.671,latency_s,6.617189
1757000889.671,latency_s,6.516892
1757000889.671,latency_s,6.647034
1757000889.671,latency_s,6.545331
1757000889.671,latency_s,6.444538
1757000889.671,latency_s,6.549992
1757000889.672,latency_s,6.450142
1757000889.672,latency_s,6.618114
1757000889.672,latency_s,6.517544
1757000889.672,latency_s,6.417000
1757000889.672,latency_s,6.974253
1757000889.672,latency_s,6.873585
1757000889.672,latency_s,6.563102
1757000889.672,latency_s,6.461795
1757000889.672,latency_s,6.361651
1757000889.672,latency_s,6.311921
1757000889.672,latency_s,6.211243
1757000889.672,latency_s,6.395711
1757000889.672,latency_s,6.295069
1757000889.672,latency_s,6.194387
1757000889.673,latency_s,6.382855
1757000889.954,latency_s,6.510379
1757000889.955,latency_s,6.530260
1757000889.955,latency_s,6.429431
1757000889.955,latency_s,6.410250
1757000889.956,latency_s,6.330774
1757000889.956,latency_s,6.500941
1757000889.957,latency_s,6.439406
1757000890.241,latency_s,6.684820
1757000890.241,latency_s,6.622951
1757000890.241,latency_s,6.584401
1757000890.241,latency_s,6.522274
1757000890.241,latency_s,6.679927
1757000890.241,latency_s,6.579727
1757000890.241,latency_s,6.661902
1757000890.241,latency_s,6.556504
1757000890.241,latency_s,6.650107
1757000890.241,latency_s,6.549931
1757000890.241,latency_s,6.449412
1757000890.241,latency_s,6.683686
1757000890.242,latency_s,6.582465
1757000890.242,latency_s,6.482013
1757000890.242,latency_s,6.611332
1757000890.242,latency_s,6.510725
1757000890.242,latency_s,6.410222
1757000890.242,latency_s,6.617365
1757000890.242,latency_s,6.515801
1757000890.242,latency_s,6.413630
1757000890.242,latency_s,6.583338
1757000890.242,latency_s,6.482919
1757000890.242,latency_s,6.382787
1757000890.242,latency_s,6.321734
1757000890.242,latency_s,6.284271
1757000890.242,latency_s,6.480092
1757000890.242,latency_s,6.379543
1757000890.242,latency_s,6.279451
1757000890.242,latency_s,6.456722
1757000890.526,latency_s,6.366946
1757000890.527,latency_s,6.304949
1757000890.527,latency_s,6.266522
1757000890.527,latency_s,6.463447
1757000890.527,latency_s,6.362903
1757000890.527,latency_s,6.262388
1757000890.527,latency_s,6.437355
1757000890.813,latency_s,6.621977
1757000890.813,latency_s,6.521169
1757000890.813,latency_s,6.719404
1757000890.813,latency_s,6.618811
1757000890.813,latency_s,6.518658
1757000890.813,latency_s,6.651207
1757000890.813,latency_s,6.549819
1757000890.813,latency_s,6.449253
1757000890.813,latency_s,6.578524
1757000890.813,latency_s,6.477486
1757000890.813,latency_s,6.551797
1757000890.813,latency_s,6.451609
1757000890.813,latency_s,6.582604
1757000890.813,latency_s,6.482420
1757000890.813,latency_s,6.381973
1757000890.813,latency_s,6.609871
1757000890.813,latency_s,6.509306
1757000890.813,latency_s,6.409195
1757000890.813,latency_s,6.594613
1757000890.813,latency_s,6.494093
1757000890.813,latency_s,6.393532
1757000890.813,latency_s,6.608068
1757000890.813,latency_s,6.507323
1757000891.178,latency_s,6.654185
1757000891.178,latency_s,6.813088
1757000891.178,latency_s,6.453660
1757000891.178,latency_s,6.353116
1757000891.178,latency_s,6.512392
1757000891.178,latency_s,6.412288
1757000891.178,latency_s,6.311791
1757000891.178,latency_s,6.481839
1757000891.178,latency_s,6.381407
1757000891.381,latency_s,6.455831
1757000891.381,latency_s,6.356036
1757000891.381,latency_s,6.256041
1757000891.381,latency_s,6.414987
1757000891.381,latency_s,6.314546
1757000891.381,latency_s,6.213938
1757000891.386,latency_s,6.388227
1757000891.386,latency_s,6.287703
1757000891.386,latency_s,6.187152
1757000891.386,latency_s,6.388024
1757000891.386,latency_s,6.287870
1757000891.386,latency_s,6.185230
1757000891.386,latency_s,6.416107
1757000891.386,latency_s,6.315075
1757000891.386,latency_s,6.214480
1757000891.386,latency_s,6.346237
1757000891.386,latency_s,6.245583
1757000891.386,latency_s,6.144793
1757000891.386,latency_s,6.321985
1757000891.386,latency_s,6.220697
1757000891.386,latency_s,6.120565
1757000891.386,latency_s,6.348539
1757000891.386,latency_s,6.247796
1757000891.665,latency_s,6.508203
1757000891.666,latency_s,6.408041
1757000891.666,latency_s,6.327598
1757000891.670,latency_s,6.311723
1757000891.670,latency_s,6.505615
1757000891.670,latency_s,6.405174
1757000891.670,latency_s,6.304643
1757000891.670,latency_s,6.443239
1757000891.670,latency_s,6.343113
1757000891.950,latency_s,6.285885
1757000891.950,latency_s,6.410282
1757000891.950,latency_s,6.309541
1757000891.950,latency_s,6.484234
1757000891.950,latency_s,6.384104
1757000891.950,latency_s,6.422156
1757000891.950,latency_s,6.283743
1757000892.494,latency_s,6.865747
1757000892.494,latency_s,6.765581
1757000892.494,latency_s,7.025141
1757000892.494,latency_s,6.924763
1757000892.494,latency_s,6.824495
1757000892.494,latency_s,6.892816
1757000892.494,latency_s,6.792673
1757000892.494,latency_s,6.888837
1757000892.494,latency_s,6.786283
1757000892.494,latency_s,6.917093
1757000892.494,latency_s,6.816483
1757000892.494,latency_s,6.713826
1757000892.495,latency_s,6.852092
1757000892.495,latency_s,6.751533
1757000892.495,latency_s,6.650908
1757000892.495,latency_s,6.852638
1757000892.495,latency_s,6.665990
1757000892.495,latency_s,6.626265
1757000892.495,latency_s,6.525788
1757000892.495,latency_s,6.565944
1757000892.495,latency_s,6.724624
1757000892.495,latency_s,6.624032
1757000892.495,latency_s,6.523022
1757000892.495,latency_s,6.692800
1757000892.495,latency_s,6.592052
1757000892.802,latency_s,6.773144
1757000892.802,latency_s,6.530895
1757000892.803,latency_s,6.673011
1757000892.803,latency_s,6.572907
1757000892.803,latency_s,6.730382
1757000892.803,latency_s,6.629759
1757000892.803,latency_s,6.529149
1757000892.803,latency_s,6.472515
1757000892.806,latency_s,6.231423
1757000892.806,latency_s,6.374548
1757000892.806,latency_s,6.273109
1757000892.806,latency_s,6.432021
1757000892.806,latency_s,6.331755
1757000892.806,latency_s,6.231116
1757000892.806,latency_s,6.402583
1757000892.806,latency_s,6.302438
1757000892.806,latency_s,6.201852
1757000892.806,latency_s,6.392728
1757000892.807,latency_s,6.292224
1757000893.451,latency_s,6.836436
1757000893.451,latency_s,7.061615
1757000893.452,latency_s,6.961734
1757000893.452,latency_s,6.861195
1757000893.452,latency_s,7.005278
1757000893.452,latency_s,6.904773
1757000893.452,latency_s,6.803495
1757000893.452,latency_s,7.004957
1757000893.452,latency_s,6.900864
1757000893.452,latency_s,6.976242
1757000893.452,latency_s,6.875887
1757000893.657,latency_s,6.980388
1757000893.657,latency_s,7.005158
1757000893.657,latency_s,7.002237
1757000893.657,latency_s,6.600388
1757000893.657,latency_s,6.723558
1757000893.657,latency_s,6.778573
1757000893.657,latency_s,6.677798
1757000893.657,latency_s,6.577917
1757000893.658,latency_s,6.623660
1757000893.658,latency_s,6.523057
1757000893.658,latency_s,6.680857
1757000893.658,latency_s,6.580412
1757000893.658,latency_s,6.651688
1757000893.658,latency_s,6.551564
1757000893.658,latency_s,6.451076
1757000893.658,latency_s,6.639902
1757000893.658,latency_s,6.539690
1757000893.658,latency_s,6.439471
1757000893.663,latency_s,6.668011
1757000893.663,latency_s,6.567561
1757000893.663,latency_s,6.466021
1757000893.736,latency_s,6.437917
1757000893.947,latency_s,6.267309
1757000893.947,latency_s,6.437091
1757000893.948,latency_s,6.336402
1757000894.063,latency_s,6.349629
1757000894.063,latency_s,6.537520
1757000894.063,latency_s,6.462651
1757000894.063,latency_s,6.437036
1757000894.064,latency_s,6.360172
1757000894.064,latency_s,6.336652
1757000894.064,latency_s,6.401786
1757000894.064,latency_s,6.300830
1757000894.064,latency_s,6.379115
1757000894.064,latency_s,6.278694
1757000894.064,latency_s,6.403527
1757000894.064,latency_s,6.302653
1757000894.064,latency_s,6.202361
1757000894.064,latency_s,6.437750
1757000894.064,latency_s,6.337164
1757000894.064,latency_s,6.236364
1757000894.064,latency_s,6.428463
1757000894.064,latency_s,6.327901
1757000894.064,latency_s,6.226342
1757000894.064,latency_s,6.428063
1757000894.064,latency_s,6.327728
1757000894.064,latency_s,6.226346
1757000894.232,latency_s,6.576564
1757000894.232,latency_s,6.476158
1757000894.232,latency_s,6.376023
1757000894.232,latency_s,6.503690
1757000894.232,latency_s,6.403601
1757000894.232,latency_s,6.315888
1757000894.232,latency_s,6.214416
1757000894.516,latency_s,6.296883
1757000894.517,latency_s,6.196462
1757000894.517,latency_s,6.409011
1757000894.517,latency_s,6.308855
1757000894.560,latency_s,6.251451
1757000894.560,latency_s,6.430510
1757000894.560,latency_s,6.328410
1757000894.560,latency_s,6.227509
1757000894.560,latency_s,6.395502
1757000894.560,latency_s,6.295293
1757000894.560,latency_s,6.194039
1757000894.560,latency_s,6.396438
1757000894.560,latency_s,6.295716
1757000894.560,latency_s,6.371728
1757000894.560,latency_s,6.195634
1757000894.801,latency_s,6.512144
1757000894.802,latency_s,6.411916
1757000894.802,latency_s,6.569974
1757000894.802,latency_s,6.469268
1757000894.802,latency_s,6.368671
1757000894.802,latency_s,6.562520
1757000894.802,latency_s,6.461933
1757000894.802,latency_s,6.361312
1757000894.802,latency_s,6.557045
1757000894.802,latency_s,6.456344
1757000894.802,latency_s,6.418641
1757000894.802,latency_s,6.318103
1757000894.802,latency_s,6.217576
1757000894.802,latency_s,6.380244
1757000894.802,latency_s,6.279728
1757000894.802,latency_s,6.179536
1757000894.802,latency_s,6.393759
1757000895.087,latency_s,6.437742
1757000895.087,latency_s,6.337020
1757000895.087,latency_s,6.236514
1757000895.087,latency_s,6.402350
1757000895.129,latency_s,6.343789
1757000895.129,latency_s,6.405494
1757000895.129,latency_s,6.303355
1757000895.129,latency_s,6.419459
1757000895.129,latency_s,6.318913
1757000895.129,latency_s,6.218575
1757000895.129,latency_s,6.393744
1757000895.129,latency_s,6.293189
1757000895.129,latency_s,6.361732
1757000895.129,latency_s,6.260674
1757000895.129,latency_s,6.160334
1757000895.371,latency_s,6.340859
1757000895.371,latency_s,6.239798
1757000895.371,latency_s,6.360255
1757000895.371,latency_s,6.259852
1757000895.371,latency_s,6.159488
1757000895.371,latency_s,6.434675
1757000895.371,latency_s,6.334589
1757000895.371,latency_s,6.234152
1757000895.940,latency_s,6.869796
1757000895.940,latency_s,6.769661
1757000895.940,latency_s,6.669659
1757000895.940,latency_s,6.844409
1757000895.940,latency_s,6.871713
1757000895.941,latency_s,6.743973
1757000895.941,latency_s,6.771235
1757000895.941,latency_s,6.670679
1757000895.941,latency_s,6.903027
1757000895.941,latency_s,6.607141
1757000895.941,latency_s,6.506872
1757000895.941,latency_s,6.628361
1757000895.941,latency_s,6.527759
1757000896.226,latency_s,6.987916
1757000896.226,latency_s,6.887902
1757000896.226,latency_s,6.787318
1757000896.226,latency_s,6.686769
1757000896.226,latency_s,6.850235
1757000896.226,latency_s,6.749875
1757000896.226,latency_s,6.855522
1757000896.226,latency_s,6.928116
1757000896.226,latency_s,6.827662
1757000896.226,latency_s,6.755437
1757000896.226,latency_s,6.727348
1757000896.226,latency_s,6.612559
1757000896.227,latency_s,6.512288
1757000896.227,latency_s,6.887071
1757000896.227,latency_s,6.786070
1757000896.227,latency_s,6.685495
1757000896.227,latency_s,6.584940
1757000896.227,latency_s,6.484791
1757000896.227,latency_s,6.586932
1757000896.227,latency_s,6.412365
1757000896.511,latency_s,6.318446
1757000896.511,latency_s,6.218126
1757000896.511,latency_s,6.368365
1757000896.512,latency_s,6.268274
1757000896.798,latency_s,6.453398
1757000896.798,latency_s,6.681093
1757000896.798,latency_s,6.580384
1757000896.798,latency_s,6.479753
1757000896.798,latency_s,6.653613
1757000896.798,latency_s,6.552347
1757000896.798,latency_s,6.451754
1757000896.798,latency_s,6.653381
1757000896.798,latency_s,6.352865
1757000896.798,latency_s,6.252227
1757000896.798,latency_s,6.379434
1757000896.798,latency_s,6.277878
1757000896.798,latency_s,6.177610
1757000896.798,latency_s,6.491516
1757000896.798,latency_s,6.391024
1757000896.798,latency_s,6.290599
1757000896.798,latency_s,6.189704
1757000896.798,latency_s,6.352060
1757000896.798,latency_s,6.251612
1757000896.798,latency_s,6.150987
1757000896.798,latency_s,6.350822
1757000896.798,latency_s,6.249709
1757000896.799,latency_s,6.147933
1757000896.799,latency_s,6.311969
1757000896.799,latency_s,6.211819
1757000896.799,latency_s,6.111660
1757000896.799,latency_s,6.323318
1757000896.799,latency_s,6.221904
1757000897.084,latency_s,6.437963
1757000897.085,latency_s,6.336213
1757000897.085,latency_s,6.235733
1757000897.085,latency_s,6.363690
1757000897.085,latency_s,6.375699
1757000897.085,latency_s,6.260022
1757000897.085,latency_s,6.274608
1757000897.370,latency_s,6.442984
1757000897.370,latency_s,6.459340
1757000897.370,latency_s,6.621829
1757000897.370,latency_s,6.521739
1757000897.370,latency_s,6.619686
1757000897.371,latency_s,6.519621
1757000897.371,latency_s,6.419487
1757000897.371,latency_s,6.583464
1757000897.371,latency_s,6.483039
1757000897.371,latency_s,6.593003
1757000897.371,latency_s,6.492513
1757000897.371,latency_s,6.391917
1757000897.371,latency_s,6.560579
1757000897.371,latency_s,6.459929
1757000897.371,latency_s,6.616915
1757000897.371,latency_s,6.516235
1757000897.371,latency_s,6.415650
1757000897.371,latency_s,6.604770
1757000897.371,latency_s,6.503231
1757000897.371,latency_s,6.402729
1757000897.371,latency_s,6.583247
1757000897.371,latency_s,6.482722
1757000897.371,latency_s,6.382300
1757000897.371,latency_s,6.359943
1757000897.372,latency_s,6.259798
1757000897.656,latency_s,6.219116
1757000897.656,latency_s,6.405921
1757000897.656,latency_s,6.305344
1757000897.656,latency_s,6.205285
1757000897.657,latency_s,6.403554
1757000897.657,latency_s,6.303113
1757000897.657,latency_s,6.202903
1757000897.941,latency_s,6.403369
1757000897.941,latency_s,6.302222
1757000897.941,latency_s,6.200183
1757000897.941,latency_s,6.389621
1757000897.941,latency_s,6.289034
1757000897.941,latency_s,6.187322
1757000897.983,latency_s,6.426934
1757000897.983,latency_s,6.325863
1757000897.983,latency_s,6.225456
1757000897.983,latency_s,6.367499
1757000897.983,latency_s,6.267376
1757000897.983,latency_s,6.167093
1757000897.983,latency_s,6.390818
1757000897.983,latency_s,6.290477
1757000897.983,latency_s,6.189961
1757000897.983,latency_s,6.401810
1757000897.983,latency_s,6.301203
1757000898.226,latency_s,6.443589
1757000898.226,latency_s,6.611261
1757000898.226,latency_s,6.510885
1757000898.226,latency_s,6.410238
1757000898.226,latency_s,6.565767
1757000898.226,latency_s,6.465396
1757000898.226,latency_s,6.364929
1757000898.226,latency_s,6.551603
1757000898.226,latency_s,6.421755
1757000898.226,latency_s,6.320832
1757000898.226,latency_s,6.219282
1757000898.226,latency_s,6.371699
1757000898.226,latency_s,6.271166
1757000898.226,latency_s,6.385066
1757000898.227,latency_s,6.283407
1757000898.511,latency_s,6.455381
1757000898.511,latency_s,6.354874
1757000898.512,latency_s,6.254749
1757000898.512,latency_s,6.366397
1757000898.512,latency_s,6.265987
1757000898.512,latency_s,6.163894
1757000898.552,latency_s,6.394040
1757000898.552,latency_s,6.293217
1757000898.552,latency_s,6.192579
1757000898.552,latency_s,6.390373
1757000898.552,latency_s,6.435115
1757000898.552,latency_s,6.287903
1757000898.552,latency_s,6.187186
1757000898.552,latency_s,6.334824
1757000898.552,latency_s,6.233303
1757000898.552,latency_s,6.356167
1757000898.552,latency_s,6.255965
1757000898.796,latency_s,6.286551
1757000898.796,latency_s,6.439070
1757000898.797,latency_s,6.338022
1757000898.797,latency_s,6.237536
1757000898.797,latency_s,6.346754
1757000898.797,latency_s,6.245401
1757000898.797,latency_s,6.337220
1757000898.797,latency_s,6.235807
1757000898.882,latency_s,6.416247
1757000898.882,latency_s,6.315826
1757000898.882,latency_s,6.213156
1757000898.882,latency_s,6.462806
1757000898.882,latency_s,6.362322
1757000898.882,latency_s,6.261257
1757000898.882,latency_s,6.383057
1757000899.366,latency_s,6.602995
1757000899.367,latency_s,6.502785
1757000899.367,latency_s,6.645498
1757000899.367,latency_s,6.597167
1757000899.368,latency_s,6.544874
1757000899.651,latency_s,6.779199
1757000899.651,latency_s,6.727724
1757000899.651,latency_s,6.950325
1757000899.651,latency_s,6.850055
1757000899.651,latency_s,6.749796
1757000899.651,latency_s,6.928982
1757000899.651,latency_s,6.828770
1757000899.651,latency_s,6.728039
1757000899.651,latency_s,6.879596
1757000899.652,latency_s,6.779307
1757000899.652,latency_s,6.679051
1757000899.652,latency_s,6.870280
1757000899.652,latency_s,6.597459
1757000899.652,latency_s,6.496851
1757000899.652,latency_s,6.687200
1757000899.652,latency_s,6.586300
1757000899.652,latency_s,6.484663
1757000899.652,latency_s,6.680037
1757000899.652,latency_s,6.578916
1757000899.652,latency_s,6.477336
1757000899.652,latency_s,6.628227
1757000899.652,latency_s,6.526387
1757000899.652,latency_s,6.425773
1757000899.652,latency_s,6.650297
1757000899.652,latency_s,6.550179
1757000899.652,latency_s,6.449574
1757000899.652,latency_s,6.628523
1757000899.652,latency_s,6.389088
1757000899.937,latency_s,6.218458
1757000899.937,latency_s,6.371664
1757000899.937,latency_s,6.271540
1757000900.299,latency_s,6.737516
1757000900.299,latency_s,6.636954
1757000900.299,latency_s,6.536460
1757000900.299,latency_s,6.728770
1757000900.299,latency_s,6.627674
1757000900.299,latency_s,6.526294
1757000900.300,latency_s,6.719055
1757000900.300,latency_s,6.617946
1757000900.300,latency_s,6.517045
1757000900.300,latency_s,6.433118
1757000900.300,latency_s,6.332936
1757000900.300,latency_s,6.426031
1757000900.300,latency_s,6.325833
1757000900.506,latency_s,6.622864
1757000900.506,latency_s,6.522886
1757000900.506,latency_s,6.642042
1757000900.506,latency_s,6.422709
1757000900.506,latency_s,6.541803
1757000900.506,latency_s,6.441561
1757000900.506,latency_s,6.600199
1757000900.506,latency_s,6.499644
1757000900.506,latency_s,6.399226
1757000900.506,latency_s,6.573494
1757000900.506,latency_s,6.472955
1757000900.507,latency_s,6.374002
1757000900.508,latency_s,6.577060
1757000900.508,latency_s,6.476628
1757000900.508,latency_s,6.376364
1757000900.508,latency_s,6.625997
1757000900.508,latency_s,6.182755
1757000900.508,latency_s,6.440761
1757000900.508,latency_s,6.340589
1757000901.122,latency_s,6.492372
1757000901.122,latency_s,6.654191
1757000901.123,latency_s,6.554136
1757000901.123,latency_s,6.735971
1757000901.123,latency_s,6.634875
1757000901.123,latency_s,6.531829
1757000901.123,latency_s,6.714839
1757000901.123,latency_s,6.614269
1757000901.123,latency_s,6.514160
1757000901.123,latency_s,6.687724
1757000901.123,latency_s,6.587314
1757000901.123,latency_s,6.487032
1757000901.123,latency_s,6.690178
1757000901.123,latency_s,6.241645
1757000901.123,latency_s,6.392877
1757000901.367,latency_s,6.535208
1757000901.367,latency_s,6.434433
1757000901.367,latency_s,6.697106
1757000901.367,latency_s,6.596441
1757000901.367,latency_s,6.675422
1757000901.367,latency_s,6.493564
1757000901.367,latency_s,6.574974
1757000901.367,latency_s,6.474452
1757000901.367,latency_s,6.658029
1757000901.367,latency_s,6.557865
1757000901.367,latency_s,6.457772
1757000901.407,latency_s,6.670691
1757000901.407,latency_s,6.673304
1757000901.407,latency_s,6.572790
1757000901.407,latency_s,6.569754
1757000901.407,latency_s,6.469311
1757000901.407,latency_s,6.472367
1757000901.692,latency_s,6.618108
1757000901.730,latency_s,6.434753
1757000901.731,latency_s,6.333918
1757000902.015,latency_s,6.517602
1757000902.015,latency_s,6.738359
1757000902.015,latency_s,6.637807
1757000902.015,latency_s,6.537620
1757000902.015,latency_s,6.703362
1757000902.015,latency_s,6.602799
1757000902.015,latency_s,6.502662
1757000902.015,latency_s,6.674414
1757000902.015,latency_s,6.678761
1757000902.016,latency_s,6.573896
1757000902.016,latency_s,6.472342
1757000902.016,latency_s,6.578708
1757000902.016,latency_s,6.478153
1757000902.016,latency_s,6.712332
1757000902.016,latency_s,6.609932
1757000902.016,latency_s,6.509362
1757000902.016,latency_s,6.619465
1757000902.016,latency_s,6.518834
1757000902.016,latency_s,6.417432
1757000902.016,latency_s,6.601893
1757000902.016,latency_s,6.501631
1757000902.016,latency_s,6.401406
1757000902.068,latency_s,6.668578
1757000902.068,latency_s,6.568583
1757000902.068,latency_s,6.467928
1757000902.068,latency_s,6.704405
1757000902.068,latency_s,6.604237
1757000902.068,latency_s,6.653943
1757000902.068,latency_s,6.504022
1757000902.068,latency_s,6.366969
1757000902.299,latency_s,6.395980
1757000902.342,latency_s,6.338230
1757000902.352,latency_s,6.412547
1757000902.627,latency_s,6.586213
1757000902.627,latency_s,6.681088
1757000902.627,latency_s,6.580476
1757000902.627,latency_s,6.718009
1757000902.627,latency_s,6.617280
1757000902.627,latency_s,6.517149
1757000902.627,latency_s,6.623098
1757000902.627,latency_s,6.522446
1757000902.627,latency_s,6.710212
1757000902.627,latency_s,6.609403
1757000902.627,latency_s,6.509161
1757000902.628,latency_s,6.626041
1757000902.628,latency_s,6.525248
1757000902.628,latency_s,6.425141
1757000902.628,latency_s,6.657003
1757000902.628,latency_s,6.555300
1757000902.628,latency_s,6.611225
1757000902.628,latency_s,6.454508
1757000902.628,latency_s,6.510207
1757000902.628,latency_s,6.592151
1757000902.628,latency_s,6.491543
1757000902.628,latency_s,6.391015
1757000903.197,latency_s,7.110072
1757000903.197,latency_s,7.181953
1757000903.197,latency_s,7.081952
1757000903.197,latency_s,6.981907
1757000903.197,latency_s,6.948848
1757000903.197,latency_s,6.847742
1757000903.197,latency_s,6.956308
1757000903.197,latency_s,6.855737
1757000903.197,latency_s,6.986396
1757000903.197,latency_s,6.488905
1757000903.198,latency_s,6.512056
1757000903.198,latency_s,6.388781
1757000903.198,latency_s,6.411499
1757000903.198,latency_s,6.311136
1757000903.198,latency_s,6.288573
1757000903.198,latency_s,6.479975
1757000903.198,latency_s,6.379546
1757000903.198,latency_s,6.278094
1757000903.198,latency_s,6.453244
1757000903.198,latency_s,6.445362
1757000903.198,latency_s,6.352995
1757000903.198,latency_s,6.344780
1757000903.790,latency_s,6.844945
1757000903.790,latency_s,6.836677
1757000903.791,latency_s,6.973572
1757000903.791,latency_s,6.873398
1757000903.791,latency_s,6.983049
1757000903.791,latency_s,6.882725
1757000903.791,latency_s,6.782415
1757000903.791,latency_s,6.967640
1757000903.791,latency_s,6.865279
1757000903.791,latency_s,6.764734
1757000903.791,latency_s,6.770263
1757000903.791,latency_s,6.539414
1757000904.053,latency_s,6.700907
1757000904.053,latency_s,6.600419
1757000904.053,latency_s,6.706017
1757000904.053,latency_s,6.605565
1757000904.053,latency_s,6.505379
1757000904.053,latency_s,6.692791
1757000904.053,latency_s,6.592219
1757000904.054,latency_s,6.490672
1757000904.054,latency_s,6.731229
1757000904.054,latency_s,6.629685
1757000904.054,latency_s,6.529095
1757000904.075,latency_s,6.662446
1757000904.075,latency_s,6.561989
1757000904.075,latency_s,6.461794
1757000904.075,latency_s,6.644814
1757000904.075,latency_s,6.543237
1757000904.075,latency_s,6.659709
1757000904.075,latency_s,6.558626
1757000904.075,latency_s,6.458473
1757000904.075,latency_s,6.644590
1757000904.359,latency_s,6.645664
1757000904.403,latency_s,6.487170
1757000904.688,latency_s,6.668489
1757000904.688,latency_s,6.568070
1757000904.688,latency_s,6.751604
1757000904.688,latency_s,6.650543
1757000904.688,latency_s,6.549949
1757000904.688,latency_s,6.768466
1757000904.688,latency_s,6.665788
1757000904.688,latency_s,6.565285
1757000904.688,latency_s,6.755275
1757000904.689,latency_s,6.654745
1757000904.689,latency_s,6.554317
1757000904.689,latency_s,6.701653
1757000904.689,latency_s,6.601236
1757000904.689,latency_s,6.500639
1757000904.689,latency_s,6.694506
1757000904.689,latency_s,6.593615
1757000904.689,latency_s,6.655054
1757000904.689,latency_s,6.493190
1757000904.689,latency_s,6.554137
1757000904.689,latency_s,6.453959
1757000904.689,latency_s,6.598056
1757000904.689,latency_s,6.497943
1757000904.690,latency_s,6.397157
1757000904.690,latency_s,6.582523
1757000904.690,latency_s,6.482056
1757000904.690,latency_s,6.381541
1757000904.690,latency_s,6.644917
1757000904.690,latency_s,6.544315
1757000904.690,latency_s,6.444175
1757000904.690,latency_s,6.570705
1757000904.973,latency_s,6.751012
1757000904.974,latency_s,6.332231
1757000904.974,latency_s,6.450971
1757000905.260,latency_s,6.635855
1757000905.261,latency_s,6.534702
1757000905.261,latency_s,6.715455
1757000905.261,latency_s,6.614783
1757000905.261,latency_s,6.514286
1757000905.261,latency_s,6.719506
1757000905.261,latency_s,6.771312
1757000905.261,latency_s,6.670766
1757000905.261,latency_s,6.618917
1757000905.261,latency_s,6.570578
1757000905.261,latency_s,6.516657
1757000905.261,latency_s,6.735307
1757000905.261,latency_s,6.634917
1757000905.261,latency_s,6.534093
1757000905.261,latency_s,6.660607
1757000905.261,latency_s,6.559336
1757000905.261,latency_s,6.458969
1757000905.261,latency_s,6.619186
1757000905.261,latency_s,6.517475
1757000905.261,latency_s,6.566592
1757000905.261,latency_s,6.465958
1757000905.261,latency_s,6.434001
1757000905.300,latency_s,6.371490
1757000905.300,latency_s,6.452972
1757000905.300,latency_s,6.270935
1757000905.300,latency_s,6.352581
1757000905.300,latency_s,6.455519
1757000905.300,latency_s,6.509510
1757000905.300,latency_s,6.355102
1757000905.300,latency_s,6.408980
1757000905.545,latency_s,6.496575
1757000905.546,latency_s,6.396237
1757000905.585,latency_s,6.336071
1757000905.585,latency_s,6.380766
1757000905.831,latency_s,6.481967
1757000905.831,latency_s,6.526352
1757000905.831,latency_s,6.425011
1757000905.832,latency_s,6.634806
1757000905.832,latency_s,6.534129
1757000905.832,latency_s,6.433527
1757000905.832,latency_s,6.580575
1757000905.832,latency_s,6.480392
1757000905.832,latency_s,6.617234
1757000905.832,latency_s,6.379882
1757000905.832,latency_s,6.516539
1757000905.832,latency_s,6.415003
1757000905.832,latency_s,6.528833
1757000905.832,latency_s,6.428685
1757000905.832,latency_s,6.601343
1757000905.832,latency_s,6.327394
1757000905.832,latency_s,6.500531
1757000905.832,latency_s,6.397980
1757000905.832,latency_s,6.498086
1757000905.832,latency_s,6.397884
1757000905.832,latency_s,6.569807
1757000905.832,latency_s,6.469636
1757000905.832,latency_s,6.369524
1757000905.832,latency_s,6.474590
1757000905.832,latency_s,6.446522
1757000905.869,latency_s,6.434026
1757000905.924,latency_s,6.389530
1757000905.925,latency_s,6.474552
1757000905.925,latency_s,6.374325
1757000905.925,latency_s,6.273957
1757000906.153,latency_s,6.257215
1757000906.153,latency_s,6.300946
1757000906.154,latency_s,6.518255
1757000906.154,latency_s,6.418281
1757000906.305,latency_s,6.468705
1757000906.305,latency_s,6.595070
1757000906.305,latency_s,6.553473
1757000906.305,latency_s,6.494584
1757000906.305,latency_s,6.393544
1757000906.305,latency_s,6.453108
1757000906.305,latency_s,6.352850
1757000906.305,latency_s,6.505140
1757000906.305,latency_s,6.404437
1757000906.305,latency_s,6.304297
1757000906.305,latency_s,6.480592
1757000906.305,latency_s,6.380053
1757000906.305,latency_s,6.279348
1757000906.306,latency_s,6.452694
1757000906.306,latency_s,6.352496
1757000906.306,latency_s,6.252084
1757000906.306,latency_s,6.467632
1757000906.306,latency_s,6.499822
1757000906.306,latency_s,6.366150
1757000906.306,latency_s,6.399235
1757000906.306,latency_s,6.265640
1757000906.306,latency_s,6.297686
1757000906.438,latency_s,6.602337
1757000906.439,latency_s,6.441764
1757000906.439,latency_s,6.501978
1757000906.439,latency_s,6.341812
1757000906.589,latency_s,6.550961
1757000906.589,latency_s,6.449026
1757000906.724,latency_s,6.469130
1757000906.724,latency_s,6.325696
1757000906.724,latency_s,6.382155
1757000906.724,latency_s,6.368925
1757000906.724,latency_s,6.281780
1757000906.724,latency_s,6.268635
1757000906.724,latency_s,6.369066
1757000906.724,latency_s,6.268367
1757000907.293,latency_s,6.976952
1757000907.294,latency_s,6.874548
1757000907.294,latency_s,6.773575
1757000907.294,latency_s,6.891012
1757000907.294,latency_s,6.790898
1757000907.294,latency_s,6.851557
1757000907.296,latency_s,6.752654
1757000907.296,latency_s,6.940870
1757000907.296,latency_s,6.840107
1757000907.296,latency_s,6.739733
1757000907.296,latency_s,6.853355
1757000907.296,latency_s,6.884779
1757000907.296,latency_s,6.753314
1757000907.296,latency_s,6.784666
1757000907.296,latency_s,6.684133
1757000907.296,latency_s,6.652745
1757000907.296,latency_s,6.852953
1757000907.296,latency_s,6.752822
1757000907.296,latency_s,6.639386
1757000907.296,latency_s,6.552674
1757000907.296,latency_s,6.539113
1757000907.296,latency_s,6.739602
1757000907.296,latency_s,6.675980
1757000907.296,latency_s,6.639561
1757000907.296,latency_s,6.337810
1757000907.578,latency_s,6.654943
1757000907.578,latency_s,6.554872
1757000907.579,latency_s,6.720181
1757000907.579,latency_s,6.619544
1757000907.579,latency_s,6.518566
1757000907.579,latency_s,6.673938
1757000907.579,latency_s,6.573412
1757000907.581,latency_s,6.478941
1757000907.581,latency_s,6.420610
1757000907.581,latency_s,6.333079
1757000907.582,latency_s,6.378612
1757000907.864,latency_s,6.510265
1757000907.864,latency_s,6.409649
1757000907.864,latency_s,6.300453
1757000907.864,latency_s,6.359993
1757000907.869,latency_s,6.313104
1757000907.869,latency_s,6.263784
1757000907.869,latency_s,6.517699
1757000907.869,latency_s,6.417222
1757000907.869,latency_s,6.316705
1757000907.869,latency_s,6.216550
1757000907.869,latency_s,6.443310
1757000907.869,latency_s,6.342989
1757000907.869,latency_s,6.405779
1757000907.869,latency_s,6.305415
1757000907.869,latency_s,6.204927
1757000907.869,latency_s,6.242312
1757000907.869,latency_s,6.362663
1757000907.869,latency_s,6.262254
1757000907.869,latency_s,6.161536
1757000907.869,latency_s,6.314225
1757000907.869,latency_s,6.213643
1757000907.869,latency_s,6.113419
1757000907.870,latency_s,6.307016
1757000907.870,latency_s,6.206811
1757000907.870,latency_s,6.106159
1757000907.870,latency_s,6.314509
1757000908.433,latency_s,6.776532
1757000908.433,latency_s,6.676283
1757000908.433,latency_s,6.627072
1757000908.433,latency_s,6.576262
1757000908.433,latency_s,6.680496
1757000908.433,latency_s,6.580325
1757000908.433,latency_s,6.425939
1757000908.433,latency_s,6.324733
1757000908.433,latency_s,6.379590
1757000908.436,latency_s,6.281683
1757000908.436,latency_s,6.406039
1757000908.436,latency_s,6.305461
1757000908.436,latency_s,6.205280
1757000908.436,latency_s,6.367430
1757000908.436,latency_s,6.267230
1757000908.436,latency_s,6.325392
1757000908.436,latency_s,6.224959
1757000908.436,latency_s,6.378066
1757000908.436,latency_s,6.277065
1757000908.718,latency_s,6.457759
1757000908.718,latency_s,6.653030
1757000908.718,latency_s,6.552361
1757000908.718,latency_s,6.451753
1757000908.718,latency_s,6.558755
1757000908.718,latency_s,6.458066
1757000908.718,latency_s,6.599457
1757000908.718,latency_s,6.498810
1757000908.718,latency_s,6.398153
1757000908.718,latency_s,6.558892
1757000908.718,latency_s,6.457592
1757000908.718,latency_s,6.357480
1757000908.718,latency_s,6.559141
1757000908.718,latency_s,6.463404
1757000909.002,latency_s,6.491683
1757000909.003,latency_s,6.534438
1757000909.003,latency_s,6.340712
1757000909.003,latency_s,6.433852
1757000909.003,latency_s,6.391440
1757000909.003,latency_s,6.290875
1757000909.003,latency_s,6.332324
1757000909.003,latency_s,6.446346
1757000909.003,latency_s,6.346275
1757000909.573,latency_s,6.815598
1757000909.573,latency_s,6.939957
1757000909.573,latency_s,6.839471
1757000909.573,latency_s,7.001384
1757000909.573,latency_s,6.900765
1757000909.573,latency_s,6.800121
1757000909.573,latency_s,6.960508
1757000909.573,latency_s,6.860216
1757000909.573,latency_s,6.758950
1757000909.573,latency_s,6.608996
1757000909.574,latency_s,6.660947
1757000909.574,latency_s,6.702355
1757000909.574,latency_s,6.560395
1757000909.574,latency_s,6.601785
1757000909.574,latency_s,6.739719
1757000909.574,latency_s,6.700282
1757000909.574,latency_s,6.639383
1757000909.574,latency_s,6.599879
1757000909.574,latency_s,6.538901
1757000909.574,latency_s,6.498545
1757000909.574,latency_s,6.715034
1757000909.574,latency_s,6.614481
1757000909.574,latency_s,6.514343
1757000909.588,latency_s,6.373699
1757000909.588,latency_s,6.413310
1757000909.588,latency_s,6.273268
1757000909.588,latency_s,6.310725
1757000909.588,latency_s,6.452339
1757000909.588,latency_s,6.412455
1757000909.588,latency_s,6.352323
1757000909.588,latency_s,6.309970
1757000909.588,latency_s,6.209493
1757000909.858,latency_s,6.491142
1757000910.157,latency_s,6.690378
1757000910.158,latency_s,6.588545
1757000910.158,latency_s,6.780076
1757000910.158,latency_s,6.679213
1757000910.158,latency_s,6.579050
1757000910.158,latency_s,6.721100
1757000910.158,latency_s,6.620959
1757000910.158,latency_s,6.520446
1757000910.158,latency_s,6.679209
1757000910.158,latency_s,6.578923
1757000910.158,latency_s,6.478569
1757000910.158,latency_s,6.696563
1757000910.158,latency_s,6.596062
1757000910.158,latency_s,6.495937
1757000910.158,latency_s,6.638531
1757000910.158,latency_s,6.538157
1757000910.158,latency_s,6.437643
1757000910.158,latency_s,6.591255
1757000910.158,latency_s,6.490727
1757000910.158,latency_s,6.586996
1757000910.158,latency_s,6.485979
1757000910.158,latency_s,6.590340
1757000910.158,latency_s,6.489937
1757000910.159,latency_s,6.388888
1757000910.159,latency_s,6.632224
1757000910.159,latency_s,6.529274
1757000910.159,latency_s,6.287807
1757000910.445,latency_s,6.764893
1757000910.445,latency_s,6.664037
1757000910.445,latency_s,6.563238
1757000910.445,latency_s,6.706736
1757000910.445,latency_s,6.605258
1757000910.445,latency_s,6.304340
1757000910.445,latency_s,6.462509
1757000910.445,latency_s,6.203981
1757000910.445,latency_s,6.362207
1757000911.504,latency_s,7.318252
1757000911.504,latency_s,7.480201
1757000911.504,latency_s,7.377943
1757000911.504,latency_s,7.277309
1757000911.504,latency_s,7.434767
1757000911.504,latency_s,7.429809
1757000911.504,latency_s,7.438308
1757000911.504,latency_s,7.333280
1757000911.504,latency_s,7.329766
1757000911.505,latency_s,7.232339
1757000911.505,latency_s,7.336798
1757000911.509,latency_s,7.232899
1757000911.509,latency_s,7.240375
1757000911.509,latency_s,7.367733
1757000911.509,latency_s,7.437256
1757000911.509,latency_s,7.265024
1757000911.509,latency_s,7.164024
1757000911.509,latency_s,7.337182
1757000911.509,latency_s,7.236599
1757000911.509,latency_s,7.336728
1757000911.509,latency_s,7.235794
1757000911.509,latency_s,7.134200
1757000911.509,latency_s,7.223035
1757000911.509,latency_s,6.783551
1757000911.509,latency_s,6.720708
1757000911.509,latency_s,6.725017
1757000911.509,latency_s,6.683486
1757000911.509,latency_s,6.620348
1757000911.509,latency_s,6.625001
1757000911.509,latency_s,6.583481
1757000911.509,latency_s,6.519106
1757000911.509,latency_s,6.523860
1757000911.788,latency_s,6.460108
1757000911.793,latency_s,6.300930
1757000911.793,latency_s,6.364179
1757000912.079,latency_s,6.691090
1757000912.079,latency_s,6.549217
1757000912.079,latency_s,6.590759
1757000912.079,latency_s,6.688751
1757000912.079,latency_s,6.588451
1757000912.079,latency_s,6.488301
1757000912.079,latency_s,6.744209
1757000912.079,latency_s,6.643692
1757000912.079,latency_s,6.543591
1757000912.079,latency_s,6.684144
1757000912.079,latency_s,6.582578
1757000912.079,latency_s,6.480542
1757000912.079,latency_s,6.681316
1757000912.080,latency_s,6.632017
1757000912.080,latency_s,6.579832
1757000912.080,latency_s,6.530961
1757000912.080,latency_s,6.479292
1757000912.080,latency_s,6.429962
1757000912.080,latency_s,6.543698
1757000912.080,latency_s,6.442946
1757000912.080,latency_s,6.601758
1757000912.080,latency_s,6.599528
1757000912.080,latency_s,6.501677
1757000912.080,latency_s,6.449656
1757000912.118,latency_s,6.323413
1757000912.118,latency_s,6.387531
1757000912.118,latency_s,6.287162
1757000912.118,latency_s,6.529582
1757000912.118,latency_s,6.429320
1757000912.119,latency_s,6.328828
1757000912.365,latency_s,6.368720
1757000912.365,latency_s,6.268813
1757000912.403,latency_s,6.370894
1757000912.403,latency_s,6.270455
1757000912.403,latency_s,6.512829
1757000912.651,latency_s,6.660904
1757000912.652,latency_s,6.560474
1757000912.652,latency_s,6.759336
1757000912.652,latency_s,6.659202
1757000912.652,latency_s,6.558731
1757000912.652,latency_s,6.714108
1757000912.652,latency_s,6.613844
1757000912.652,latency_s,6.512853
1757000912.652,latency_s,6.666363
1757000912.652,latency_s,6.566264
1757000912.652,latency_s,6.647230
1757000912.652,latency_s,6.546669
1757000912.652,latency_s,6.445970
1757000912.652,latency_s,6.645475
1757000912.652,latency_s,6.600361
1757000912.652,latency_s,6.544341
1757000912.652,latency_s,6.499962
1757000912.652,latency_s,6.442945
1757000912.652,latency_s,6.612436
1757000912.652,latency_s,6.512179
1757000912.652,latency_s,6.411300
1757000912.652,latency_s,6.571632
1757000912.687,latency_s,6.506048
1757000912.687,latency_s,6.604304
1757000912.687,latency_s,6.389977
1757000912.688,latency_s,6.288817
1757000912.935,latency_s,6.702173
1757000912.935,latency_s,6.602149
1757000912.935,latency_s,6.741700
1757000912.972,latency_s,6.538644
1757000912.973,latency_s,6.438552
1757000912.973,latency_s,6.338127
1757000912.973,latency_s,6.476924
1757000913.259,latency_s,6.662521
1757000913.259,latency_s,6.561143
1757000913.259,latency_s,6.716420
1757000913.259,latency_s,6.612648
1757000913.259,latency_s,6.771859
1757000913.259,latency_s,6.671761
1757000913.260,latency_s,6.571601
1757000913.260,latency_s,6.750424
1757000913.260,latency_s,6.650339
1757000913.260,latency_s,6.549212
1757000913.260,latency_s,6.706270
1757000913.260,latency_s,6.646958
1757000913.260,latency_s,6.606187
1757000913.260,latency_s,6.546385
1757000913.260,latency_s,6.506075
1757000913.260,latency_s,6.445752
1757000913.260,latency_s,6.666894
1757000913.260,latency_s,6.566354
1757000913.260,latency_s,6.465804
1757000913.260,latency_s,6.615207
1757000913.260,latency_s,6.514660
1757000913.260,latency_s,6.424411
1757000913.260,latency_s,6.323755
1757000913.260,latency_s,6.461859
1757000913.545,latency_s,6.646192
1757000913.546,latency_s,6.545850
1757000913.546,latency_s,6.798280
1757000913.546,latency_s,6.695240
1757000913.905,latency_s,6.704527
1757000913.905,latency_s,6.604097
1757000913.905,latency_s,6.852576
1757000913.905,latency_s,6.751193
1757000913.905,latency_s,6.346417
1757000913.905,latency_s,6.489397
1757000913.905,latency_s,6.388502
1757000914.118,latency_s,6.500756
1757000914.118,latency_s,6.725231
1757000914.118,latency_s,6.624791
1757000914.118,latency_s,6.524546
1757000914.118,latency_s,6.697739
1757000914.118,latency_s,6.661274
1757000914.118,latency_s,6.597176
1757000914.118,latency_s,6.561225
1757000914.119,latency_s,6.460572
1757000914.119,latency_s,6.497009
1757000914.119,latency_s,6.631131
1757000914.119,latency_s,6.530892
1757000914.119,latency_s,6.721920
1757000914.119,latency_s,6.622188
1757000914.119,latency_s,6.521538
1757000914.119,latency_s,6.666571
1757000914.119,latency_s,6.566431
1757000914.119,latency_s,6.466319
1757000914.119,latency_s,6.632075
1757000914.119,latency_s,6.531844
1757000914.119,latency_s,6.431471
1757000914.119,latency_s,6.414695
1757000914.119,latency_s,6.314130
1757000914.120,latency_s,6.460567
1757000914.190,latency_s,6.430828
1757000914.401,latency_s,6.494360
1757000914.972,latency_s,6.963445
1757000914.972,latency_s,7.003071
1757000914.972,latency_s,6.902553
1757000914.972,latency_s,6.863192
1757000914.972,latency_s,7.051691
1757000914.972,latency_s,6.950627
1757000914.972,latency_s,6.800221
1757000914.972,latency_s,6.560996
1757000914.972,latency_s,6.696642
1757000914.972,latency_s,6.596128
1757000914.972,latency_s,6.747508
1757000914.972,latency_s,6.646912
1757000914.972,latency_s,6.545979
1757000914.972,latency_s,6.671090
1757000914.972,latency_s,6.570728
1757000914.972,latency_s,6.642424
1757000914.972,latency_s,6.540629
1757000914.972,latency_s,6.710360
1757000914.972,latency_s,6.610176
1757000914.972,latency_s,6.509684
1757000914.973,latency_s,6.679354
1757000915.184,latency_s,6.790713
1757000915.184,latency_s,6.690364
1757000915.184,latency_s,6.884086
1757000915.184,latency_s,6.783661
1757000915.184,latency_s,6.683424
1757000915.184,latency_s,6.792181
1757000915.184,latency_s,6.691660
1757000915.185,latency_s,6.591045
1757000915.185,latency_s,6.782692
1757000915.185,latency_s,6.682383
1757000915.185,latency_s,6.506349
1757000915.256,latency_s,6.239508
1757000915.470,latency_s,6.446356
1757000915.471,latency_s,6.345748
1757000915.583,latency_s,6.355756
1757000915.583,latency_s,6.475031
1757000915.583,latency_s,6.374689
1757000915.583,latency_s,6.496867
1757000915.583,latency_s,6.466006
1757000915.583,latency_s,6.395384
1757000915.583,latency_s,6.365406
1757000915.583,latency_s,6.291924
1757000915.583,latency_s,6.445148
1757000915.583,latency_s,6.343822
1757000915.583,latency_s,6.478378
1757000915.583,latency_s,6.377687
1757000915.583,latency_s,6.277565
1757000915.583,latency_s,6.417496
1757000915.584,latency_s,6.316888
1757000915.584,latency_s,6.216731
1757000915.584,latency_s,6.384502
1757000915.584,latency_s,6.283934
1757000915.584,latency_s,6.182393
1757000915.584,latency_s,6.377171
1757000915.584,latency_s,6.275615
1757000915.584,latency_s,6.175420
1757000915.755,latency_s,6.549483
1757000915.755,latency_s,6.449378
1757000915.755,latency_s,6.348922
1757000915.755,latency_s,6.558088
1757000915.755,latency_s,6.457493
1757000915.755,latency_s,6.357342
1757000915.796,latency_s,6.487876
1757000915.797,latency_s,6.387789
1757000916.040,latency_s,6.438755
1757000916.040,latency_s,6.338175
1757000916.040,latency_s,6.208402
1757000916.125,latency_s,6.322410
1757000916.125,latency_s,6.563494
1757000916.125,latency_s,6.463110
1757000916.125,latency_s,6.361551
1757000916.125,latency_s,6.516075
1757000916.125,latency_s,6.415907
1757000916.126,latency_s,6.315437
1757000916.126,latency_s,6.529978
1757000916.126,latency_s,6.428400
1757000916.126,latency_s,6.327880
1757000916.126,latency_s,6.501976
1757000916.325,latency_s,6.600649
1757000916.325,latency_s,6.500591
1757000916.325,latency_s,6.681952
1757000916.325,latency_s,6.580363
1757000916.325,latency_s,6.480118
1757000916.326,latency_s,6.683009
1757000916.326,latency_s,6.581556
1757000916.326,latency_s,6.480740
1757000916.326,latency_s,6.617844
1757000916.326,latency_s,6.517693
1757000916.326,latency_s,6.220217
1757000916.326,latency_s,6.215238
1757000916.451,latency_s,6.518578
1757000916.451,latency_s,6.418122
1757000916.451,latency_s,6.547692
1757000916.451,latency_s,6.447281
1757000916.451,latency_s,6.344821
1757000916.451,latency_s,6.586773
1757000916.610,latency_s,6.302622
1757000916.611,latency_s,6.203090
1757000916.611,latency_s,6.270727
1757000916.611,latency_s,6.443484
1757000916.611,latency_s,6.342471
1757000916.611,latency_s,6.241893
1757000916.611,latency_s,6.399718
1757000916.611,latency_s,6.299575
1757000916.611,latency_s,6.199498
1757000916.611,latency_s,6.381577
1757000916.611,latency_s,6.411715
1757000916.611,latency_s,6.280784
1757000916.611,latency_s,6.358984
1757000916.612,latency_s,6.179396
1757000916.895,latency_s,6.217931
1757000916.895,latency_s,6.382607
1757000916.895,latency_s,6.281407
1757000916.895,latency_s,6.181235
1757000916.896,latency_s,6.362065
1757000916.896,latency_s,6.260868
1757000916.896,latency_s,6.442330
1757000916.896,latency_s,6.341761
1757000916.896,latency_s,6.394591
1757000916.896,latency_s,6.241225
1757000916.896,latency_s,6.294508
1757000916.896,latency_s,6.193970
1757000916.896,latency_s,6.388846
1757000916.896,latency_s,6.288316
1757000917.179,latency_s,6.471439
1757000917.179,latency_s,6.629928
1757000917.180,latency_s,6.527993
1757000917.180,latency_s,6.426921
1757000917.466,latency_s,6.585797
1757000917.466,latency_s,6.483434
1757000917.466,latency_s,6.650769
1757000917.466,latency_s,6.550510
1757000917.466,latency_s,6.730706
1757000917.466,latency_s,6.630561
1757000917.466,latency_s,6.529992
1757000917.466,latency_s,6.711488
1757000917.466,latency_s,6.611049
1757000917.466,latency_s,6.509339
1757000917.466,latency_s,6.663900
1757000917.466,latency_s,6.563796
1757000917.466,latency_s,6.463085
1757000917.466,latency_s,6.658395
1757000917.466,latency_s,6.219537
1757000917.467,latency_s,6.383098
1757000917.467,latency_s,6.281775
1757000917.751,latency_s,6.734740
1757000917.751,latency_s,6.634442
1757000917.751,latency_s,6.533967
1757000917.751,latency_s,6.712863
1757000917.751,latency_s,6.612033
1757000917.751,latency_s,6.511450
1757000917.751,latency_s,6.693853
1757000917.751,latency_s,6.592452
1757000917.751,latency_s,6.491849
1757000917.751,latency_s,6.647244
1757000917.751,latency_s,6.546741
1757000917.751,latency_s,6.235061
1757000917.751,latency_s,6.464653
1757000917.751,latency_s,6.363894
1757000918.035,latency_s,6.547028
1757000918.035,latency_s,6.485096
1757000918.037,latency_s,6.385865
1757000918.037,latency_s,6.285508
1757000918.037,latency_s,6.446812
1757000918.037,latency_s,6.345626
1757000918.037,latency_s,6.245389
1757000918.037,latency_s,6.419059
1757000918.037,latency_s,6.318952
1757000918.037,latency_s,6.218518
1757000918.037,latency_s,6.392690
1757000918.037,latency_s,6.291476
1757000918.037,latency_s,6.190564
1757000918.037,latency_s,6.429827
1757000918.037,latency_s,6.329720
1757000918.037,latency_s,6.229475
1757000918.037,latency_s,6.376082
1757000918.037,latency_s,6.275958
1757000918.321,latency_s,6.427030
1757000918.321,latency_s,6.325674
1757000918.321,latency_s,6.223222
1757000918.322,latency_s,6.374359
1757000918.322,latency_s,6.273750
1757000918.322,latency_s,6.414349
1757000918.322,latency_s,6.314242
1757000918.322,latency_s,6.213013
1757000918.322,latency_s,6.359633
1757000918.322,latency_s,6.258418
1757000918.322,latency_s,6.403445
1757000918.323,latency_s,6.303325
1757000918.323,latency_s,6.202765
1757000918.323,latency_s,6.360101
1757000918.607,latency_s,6.206566
1757000918.607,latency_s,6.457516
1757000918.607,latency_s,6.356325
1757000918.607,latency_s,6.255422
1757000918.607,latency_s,6.397011
1757000918.607,latency_s,6.295314
1757000918.607,latency_s,6.194432
1757000918.607,latency_s,6.442945
1757000918.607,latency_s,6.342233
1757000918.607,latency_s,6.241711
1757000918.607,latency_s,6.386398
1757000918.607,latency_s,6.285456
1757000918.607,latency_s,6.185263
1757000918.607,latency_s,6.342519
1757000918.607,latency_s,6.242000
1757000918.607,latency_s,6.141822
1757000918.607,latency_s,6.386716
1757000918.607,latency_s,6.286609
1757000918.891,latency_s,6.327611
1757000918.891,latency_s,6.267418
1757000918.891,latency_s,6.226185
1757000918.891,latency_s,6.388047
1757000918.891,latency_s,6.287741
1757000918.891,latency_s,6.439256
1757000919.175,latency_s,6.622453
1757000919.175,latency_s,6.521729
1757000919.175,latency_s,6.662036
1757000919.175,latency_s,6.560467
1757000919.176,latency_s,6.709339
1757000919.176,latency_s,6.459915
1757000919.176,latency_s,6.608825
1757000919.176,latency_s,6.506896
1757000919.177,latency_s,6.251274
1757000919.177,latency_s,6.311526
1757000919.177,latency_s,6.210670
1757000919.177,latency_s,6.471916
1757000919.177,latency_s,6.371757
1757000919.177,latency_s,6.270226
1757000919.177,latency_s,6.361209
1757000919.177,latency_s,6.422728
1757000919.177,latency_s,6.407747
1757000919.177,latency_s,6.261106
1757000919.177,latency_s,6.322722
1757000919.177,latency_s,6.222536
1757000919.178,latency_s,6.306518
1757000919.178,latency_s,6.205549
1757000919.178,latency_s,6.353306
1757000919.178,latency_s,6.252789
1757000919.178,latency_s,6.152587
1757000919.178,latency_s,6.408048
1757000919.461,latency_s,6.232300
1757000919.461,latency_s,6.394827
1757000919.461,latency_s,6.294471
1757000919.461,latency_s,6.453922
1757000919.462,latency_s,6.353678
1757000919.462,latency_s,6.253134
1757000919.746,latency_s,6.316204
1757000919.746,latency_s,6.216118
1757000919.747,latency_s,6.378531
1757000919.747,latency_s,6.278372
1757000920.107,latency_s,6.797765
1757000920.107,latency_s,6.697244
1757000920.107,latency_s,6.596375
1757000920.107,latency_s,6.788347
1757000920.107,latency_s,6.731055
1757000920.107,latency_s,6.630310
1757000920.107,latency_s,6.687199
1757000920.107,latency_s,6.749304
1757000920.107,latency_s,6.649152
1757000920.107,latency_s,6.548680
1757000920.107,latency_s,6.586288
1757000920.107,latency_s,6.730242
1757000920.107,latency_s,6.629718
1757000920.107,latency_s,6.529180
1757000920.107,latency_s,6.680465
1757000920.107,latency_s,6.580326
1757000920.107,latency_s,6.680369
1757000920.107,latency_s,6.580072
1757000920.107,latency_s,6.479166
1757000920.107,latency_s,6.706370
1757000920.107,latency_s,6.606153
1757000920.107,latency_s,6.505793
1757000920.107,latency_s,6.338171
1757000920.108,latency_s,6.496302
1757000920.108,latency_s,6.394914
1757000920.108,latency_s,6.294343
1757000920.318,latency_s,6.740613
1757000920.318,latency_s,6.659129
1757000920.324,latency_s,6.410575
1757000920.324,latency_s,6.309015
1757000920.324,latency_s,6.442873
1757000920.324,latency_s,6.397070
1757000920.602,latency_s,6.370525
1757000920.603,latency_s,6.436945
1757000920.603,latency_s,6.270597
1757000920.603,latency_s,6.418063
1757000920.653,latency_s,6.386176
1757000920.653,latency_s,6.367623
1757000920.653,latency_s,6.266027
1757000920.653,latency_s,6.284757
1757000920.653,latency_s,6.480607
1757000920.653,latency_s,6.380098
1757000920.653,latency_s,6.279494
1757000920.653,latency_s,6.464052
1757000920.653,latency_s,6.363018
1757000920.653,latency_s,6.259711
1757000920.653,latency_s,6.418526
1757000920.888,latency_s,6.552330
1757000920.888,latency_s,6.452090
1757000920.888,latency_s,6.655688
1757000920.888,latency_s,6.555566
1757000920.888,latency_s,6.455428
1757000920.888,latency_s,6.580188
1757000920.888,latency_s,6.478755
1757000920.888,latency_s,6.545863
1757000920.888,latency_s,6.565638
1757000920.888,latency_s,6.445773
1757000920.888,latency_s,6.345644
1757000920.889,latency_s,6.355633
1757000921.555,latency_s,7.116089
1757000921.555,latency_s,6.921998
1757000921.555,latency_s,7.015942
1757000921.555,latency_s,6.915354
1757000921.555,latency_s,7.135314
1757000921.556,latency_s,6.815562
1757000921.556,latency_s,6.715083
1757000921.556,latency_s,6.614546
1757000921.556,latency_s,6.832322
1757000921.556,latency_s,6.731371
1757000921.556,latency_s,6.631232
1757000921.556,latency_s,6.766132
1757000921.556,latency_s,6.665304
1757000921.556,latency_s,6.781040
1757000921.556,latency_s,6.779589
1757000921.556,latency_s,6.564479
1757000921.840,latency_s,7.106369
1757000921.841,latency_s,6.963040
1757000921.841,latency_s,6.964059
1757000921.841,latency_s,6.863324
1757000921.841,latency_s,6.803524
1757000921.841,latency_s,6.661095
1757000921.841,latency_s,6.560916
1757000921.841,latency_s,6.702303
1757000921.841,latency_s,6.763270
1757000921.841,latency_s,6.601624
1757000921.841,latency_s,6.662212
1757000921.841,latency_s,6.561291
1757000921.841,latency_s,6.737803
1757000921.841,latency_s,6.636466
1757000921.841,latency_s,6.535216
1757000921.841,latency_s,6.698927
1757000921.880,latency_s,6.330823
1757000921.880,latency_s,6.230066
1757000922.126,latency_s,6.585247
1757000922.126,latency_s,6.659913
1757000922.126,latency_s,6.484965
1757000922.126,latency_s,6.632718
1757000922.126,latency_s,6.559289
1757000922.126,latency_s,6.532634
1757000922.126,latency_s,6.458931
1757000922.126,latency_s,6.431763
1757000922.126,latency_s,6.586478
1757000922.126,latency_s,6.484985
1757000922.126,latency_s,6.384774
1757000922.126,latency_s,6.587790
1757000922.126,latency_s,6.487000
1757000922.126,latency_s,6.386527
1757000922.164,latency_s,6.397136
1757000922.165,latency_s,6.296564
1757000922.165,latency_s,6.423804
1757000922.207,latency_s,6.238000
1757000922.207,latency_s,6.412030
1757000922.207,latency_s,6.311950
1757000922.207,latency_s,6.365572
1757000922.207,latency_s,6.211030
1757000922.207,latency_s,6.265507
1757000922.207,latency_s,6.365049
1757000922.207,latency_s,6.264530
1757000922.207,latency_s,6.162917
1757000922.207,latency_s,6.366885
1757000922.207,latency_s,6.266176
1757000922.410,latency_s,6.368578
1757000922.410,latency_s,6.555981
1757000922.449,latency_s,6.316424
1757000922.449,latency_s,6.396874
1757000922.449,latency_s,6.296233
1757000922.449,latency_s,6.194846
1757000922.449,latency_s,6.380310
1757000922.449,latency_s,6.352314
1757000922.449,latency_s,6.279548
1757000922.449,latency_s,6.252150
1757000922.811,latency_s,6.513591
1757000922.811,latency_s,6.541042
1757000922.811,latency_s,6.769378
1757000922.811,latency_s,6.669288
1757000922.811,latency_s,6.568919
1757000922.811,latency_s,6.666587
1757000922.811,latency_s,6.565877
1757000922.811,latency_s,6.669638
1757000922.811,latency_s,6.355063
1757000922.811,latency_s,6.558883
1757000922.811,latency_s,6.458181
1757000922.811,latency_s,6.578148
1757000922.811,latency_s,6.578168
1757000922.812,latency_s,6.357211
1757000922.812,latency_s,6.476794
1757000922.812,latency_s,6.476830
1757000922.812,latency_s,6.376440
1757000922.812,latency_s,6.376470
1757000922.812,latency_s,6.456121
1757000922.812,latency_s,6.355888
1757000922.812,latency_s,6.254807
1757000922.812,latency_s,6.440927
1757000922.812,latency_s,6.340790
1757000922.844,latency_s,6.272363
1757000923.800,latency_s,7.163398
1757000923.800,latency_s,7.244524
1757000923.800,latency_s,7.262602
1757000923.800,latency_s,7.143421
1757000923.800,latency_s,7.063578
1757000923.800,latency_s,7.042797
1757000923.800,latency_s,7.160336
1757000923.800,latency_s,7.056394
1757000923.801,latency_s,6.700045
1757000923.801,latency_s,6.609365
1757000923.801,latency_s,6.598754
1757000923.801,latency_s,6.647142
1757000923.801,latency_s,6.547147
1757000923.801,latency_s,6.769480
1757000923.801,latency_s,6.666028
1757000923.801,latency_s,6.564439
1757000923.801,latency_s,6.737635
1757000923.801,latency_s,6.635970
1757000923.801,latency_s,6.535172
1757000923.801,latency_s,6.662182
1757000923.801,latency_s,6.561924
1757000923.801,latency_s,6.461602
1757000923.801,latency_s,6.651636
1757000923.802,latency_s,6.552016
1757000923.802,latency_s,6.451936
1757000923.802,latency_s,6.640909
1757000923.802,latency_s,6.539534
1757000923.802,latency_s,6.439360
1757000923.802,latency_s,6.641245
1757000923.802,latency_s,6.539934
1757000923.803,latency_s,6.439810
1757000923.803,latency_s,6.629406
1757000924.084,latency_s,6.491628
1757000924.086,latency_s,6.380772
1757000924.086,latency_s,6.393271
1757000924.086,latency_s,6.280825
1757000924.372,latency_s,6.615732
1757000924.372,latency_s,6.578334
1757000924.372,latency_s,6.733360
1757000924.373,latency_s,6.631812
1757000924.373,latency_s,6.527904
1757000924.373,latency_s,6.702298
1757000924.373,latency_s,6.602169
1757000924.373,latency_s,6.501895
1757000924.373,latency_s,6.731641
1757000924.373,latency_s,6.720250
1757000924.373,latency_s,6.631574
1757000924.373,latency_s,6.530624
1757000924.373,latency_s,6.620172
1757000924.373,latency_s,6.519518
1757000924.373,latency_s,6.605070
1757000924.373,latency_s,6.504184
1757000924.373,latency_s,6.607195
1757000924.373,latency_s,6.506205
1757000924.373,latency_s,6.406060
1757000924.373,latency_s,6.622116
1757000924.373,latency_s,6.595977
1757000924.373,latency_s,6.568616
1757000924.373,latency_s,6.495874
1757000924.373,latency_s,6.466369
1757000924.373,latency_s,6.365927
1757000924.373,latency_s,6.265836
1757000924.373,latency_s,6.478590
1757000924.374,latency_s,6.378177
1757000924.374,latency_s,6.516958
1757000924.657,latency_s,6.241870
1757000924.657,latency_s,6.448964
1757000924.657,latency_s,6.498974
1757000924.658,latency_s,6.461279
1757000924.943,latency_s,6.630419
1757000924.943,latency_s,6.645069
1757000924.943,latency_s,6.684908
1757000924.943,latency_s,6.544974
1757000924.943,latency_s,6.530448
1757000924.943,latency_s,6.584398
1757000924.943,latency_s,6.694752
1757000924.943,latency_s,6.593344
1757000924.943,latency_s,6.669836
1757000924.943,latency_s,6.566628
1757000924.943,latency_s,6.699318
1757000924.943,latency_s,6.598326
1757000924.943,latency_s,6.497487
1757000924.943,latency_s,6.688082
1757000924.943,latency_s,6.587916
1757000924.943,latency_s,6.487696
1757000924.943,latency_s,6.670216
1757000924.943,latency_s,6.567024
1757000924.944,latency_s,6.466340
1757000924.944,latency_s,6.574012
1757000924.944,latency_s,6.473853
1757000924.944,latency_s,6.636286
1757000924.944,latency_s,6.563640
1757000924.944,latency_s,6.589122
1757000924.944,latency_s,6.536200
1757000924.944,latency_s,6.375691
1757000925.227,latency_s,6.558519
1757000925.227,latency_s,6.711805
1757000925.227,latency_s,6.611575
1757000925.227,latency_s,6.727692
1757000925.227,latency_s,6.626265
1757000925.227,latency_s,6.255306
1757000925.511,latency_s,6.407335
1757000925.511,latency_s,6.392862
1757000925.511,latency_s,6.393179
1757000925.511,latency_s,6.446631
1757000925.512,latency_s,6.346644
1757000925.554,latency_s,6.350177
1757000925.554,latency_s,6.334893
1757000925.554,latency_s,6.289139
1757000925.554,latency_s,6.335272
1757000925.554,latency_s,6.498579
1757000925.554,latency_s,6.396718
1757000925.554,latency_s,6.294331
1757000925.554,latency_s,6.469543
1757000925.554,latency_s,6.368818
1757000925.554,latency_s,6.267524
1757000925.554,latency_s,6.405351
1757000925.797,latency_s,6.547504
1757000925.797,latency_s,6.732347
1757000925.797,latency_s,6.630819
1757000925.797,latency_s,6.530045
1757000925.797,latency_s,6.611412
1757000925.797,latency_s,6.510090
1757000925.797,latency_s,6.624413
1757000925.797,latency_s,6.524363
1757000925.797,latency_s,6.423351
1757000925.797,latency_s,6.635264
1757000925.797,latency_s,6.419494
1757000925.797,latency_s,6.318611
1757000925.797,latency_s,6.493327
1757000925.797,latency_s,6.391382
1757000925.797,latency_s,6.289923
1757000925.797,latency_s,6.477042
1757000926.081,latency_s,6.458788
1757000926.081,latency_s,6.513981
1757000926.081,latency_s,6.359202
1757000926.081,latency_s,6.459221
1757000926.081,latency_s,6.258611
1757000926.123,latency_s,6.456005
1757000926.123,latency_s,6.400897
1757000926.123,latency_s,6.355800
1757000926.123,latency_s,6.299529
1757000926.123,latency_s,6.456100
1757000926.123,latency_s,6.354403
1757000926.123,latency_s,6.543032
1757000926.123,latency_s,6.441566
1757000926.123,latency_s,6.336841
1757000926.123,latency_s,6.418372
1757000926.123,latency_s,6.317096
1757000926.365,latency_s,6.346280
1757000926.365,latency_s,6.246971
1757000926.365,latency_s,6.442415
1757000926.366,latency_s,6.340947
1757000926.730,latency_s,6.604907
1757000926.730,latency_s,6.862514
1757000926.730,latency_s,6.819621
1757000926.730,latency_s,6.806495
1757000926.730,latency_s,6.762017
1757000926.730,latency_s,6.661531
1757000926.730,latency_s,6.719585
1757000926.730,latency_s,6.618344
1757000926.730,latency_s,6.704808
1757000926.730,latency_s,6.601778
1757000926.730,latency_s,6.860815
1757000926.731,latency_s,6.760285
1757000926.731,latency_s,6.561540
1757000926.731,latency_s,6.500601
1757000926.731,latency_s,6.460745
1757000926.731,latency_s,6.518108
1757000926.734,latency_s,6.362517
1757000926.734,latency_s,6.402339
1757000926.734,latency_s,6.420634
1757000926.734,latency_s,6.319482
1757000926.734,latency_s,6.561063
1757000926.734,latency_s,6.460869
1757000926.734,latency_s,6.360714
1757000926.734,latency_s,6.525552
1757000926.734,latency_s,6.424612
1757000926.734,latency_s,6.323834
1757000926.936,latency_s,6.657669
1757000926.936,latency_s,6.557652
1757000926.936,latency_s,6.364261
1757000926.937,latency_s,6.509850
1757000926.937,latency_s,6.409754
1757000926.937,latency_s,6.309125
1757000927.221,latency_s,6.492756
1757000927.221,latency_s,6.479551
1757000927.221,latency_s,6.392472
1757000927.221,latency_s,6.502381
1757000927.221,latency_s,6.287837
1757000927.507,latency_s,6.665198
1757000927.508,latency_s,6.688704
1757000927.508,latency_s,6.563083
1757000927.508,latency_s,6.730539
1757000927.508,latency_s,6.629336
1757000927.508,latency_s,6.587922
1757000927.508,latency_s,6.528464
1757000927.508,latency_s,6.730714
1757000927.508,latency_s,6.629872
1757000927.508,latency_s,6.529351
1757000927.508,latency_s,6.686361
1757000927.508,latency_s,6.585325
1757000927.508,latency_s,6.694567
1757000927.508,latency_s,6.593487
1757000927.508,latency_s,6.493245
1757000927.508,latency_s,6.650780
1757000927.508,latency_s,6.550240
1757000927.508,latency_s,6.725994
1757000927.508,latency_s,6.625243
1757000927.508,latency_s,6.524703
1757000927.508,latency_s,6.599683
1757000927.508,latency_s,6.372204
1757000927.509,latency_s,6.487779
1757000927.509,latency_s,6.358553
1757000927.509,latency_s,6.427896
1757000927.792,latency_s,6.552511
1757000927.792,latency_s,6.610275
1757000927.792,latency_s,6.305617
1757000927.792,latency_s,6.448294
1757000927.792,latency_s,6.467680
1757000927.792,latency_s,6.342946
1757000927.792,latency_s,6.509372
1757000928.076,latency_s,6.283818
1757000928.076,latency_s,6.489821
1757000928.077,latency_s,6.388524
1757000928.077,latency_s,6.288087
1757000928.077,latency_s,6.490025
1757000928.118,latency_s,6.429837
1757000928.118,latency_s,6.329530
1757000928.118,latency_s,6.463708
1757000928.118,latency_s,6.491442
1757000928.118,latency_s,6.363527
1757000928.118,latency_s,6.464684
1757000928.118,latency_s,6.391091
1757000928.118,latency_s,6.363667
1757000928.118,latency_s,6.290186
1757000928.118,latency_s,6.438062
1757000928.118,latency_s,6.336791
1757000928.724,latency_s,7.098577
1757000928.724,latency_s,6.998266
1757000928.725,latency_s,6.897510
1757000928.725,latency_s,7.101202
1757000928.725,latency_s,6.999548
1757000928.725,latency_s,6.899172
1757000928.725,latency_s,7.059992
1757000928.725,latency_s,7.034306
1757000928.725,latency_s,6.934003
1757000928.725,latency_s,6.635034
1757000928.725,latency_s,6.834432
1757000928.725,latency_s,6.733121
1757000928.725,latency_s,6.631552
1757000928.725,latency_s,6.870267
1757000928.725,latency_s,6.770120
1757000928.725,latency_s,6.669314
1757000928.725,latency_s,6.427159
1757000928.725,latency_s,6.531293
1757000928.725,latency_s,6.430548
1757000928.725,latency_s,6.329557
1757000928.726,latency_s,6.569551
1757000928.931,latency_s,6.701379
1757000928.932,latency_s,6.675181
1757000928.932,latency_s,6.775318
1757000928.932,latency_s,6.574468
1757000928.932,latency_s,6.675202
1757000928.932,latency_s,6.600348
1757000928.932,latency_s,6.574604
1757000928.932,latency_s,6.702219
1757000928.932,latency_s,6.602041
1757000928.932,latency_s,6.501920
1757000928.932,latency_s,6.698531
1757000929.008,latency_s,6.328867
1757000929.216,latency_s,6.415231
1757000929.217,latency_s,6.315035
1757000929.217,latency_s,6.457175
1757000929.217,latency_s,6.453401
1757000929.338,latency_s,6.472869
1757000929.338,latency_s,6.603744
1757000929.338,latency_s,6.478404
1757000929.338,latency_s,6.371580
1757000929.338,latency_s,6.502626
1757000929.338,latency_s,6.378145
1757000929.338,latency_s,6.402454
1757000929.338,latency_s,6.606766
1757000929.338,latency_s,6.506676
1757000929.338,latency_s,6.406542
1757000929.501,latency_s,6.760889
1757000929.501,latency_s,6.660688
1757000929.502,latency_s,6.560091
1757000929.502,latency_s,6.714380
1757000929.502,latency_s,6.614256
1757000929.502,latency_s,6.513529
1757000929.502,latency_s,6.721422
1757000929.502,latency_s,6.620911
1757000929.502,latency_s,6.520028
1757000929.502,latency_s,6.700724
1757000929.502,latency_s,6.600318
1757000929.502,latency_s,6.498394
1757000929.502,latency_s,6.607115
1757000929.502,latency_s,6.506891
1757000929.502,latency_s,6.403920
1757000929.502,latency_s,6.583640
1757000929.502,latency_s,6.396448
1757000929.502,latency_s,6.296357
1757000929.786,latency_s,6.378737
1757000929.786,latency_s,6.278712
1757000929.786,latency_s,6.479396
1757000930.145,latency_s,6.737812
1757000930.145,latency_s,6.637765
1757000930.145,latency_s,6.782769
1757000930.145,latency_s,6.798566
1757000930.145,latency_s,6.682209
1757000930.145,latency_s,6.695572
1757000930.145,latency_s,6.594096
1757000930.145,latency_s,6.775615
1757000930.145,latency_s,6.675474
1757000930.145,latency_s,6.811166
1757000930.145,latency_s,6.711077
1757000930.145,latency_s,6.436759
1757000930.145,latency_s,6.336610
1757000930.145,latency_s,6.582335
1757000930.145,latency_s,6.575140
1757000930.145,latency_s,6.493952
1757000930.146,latency_s,6.481658
1757000930.146,latency_s,6.393507
1757000930.146,latency_s,6.474790
1757000930.146,latency_s,6.381283
1757000930.146,latency_s,6.374695
1757000930.146,latency_s,6.509957
1757000930.146,latency_s,6.409865
1757000930.146,latency_s,6.309077
1757000930.146,latency_s,6.494137
1757000930.146,latency_s,6.393776
1757000930.354,latency_s,6.500937
1757000930.354,latency_s,6.663141
1757000930.354,latency_s,6.562308
1757000930.926,latency_s,7.016528
1757000930.926,latency_s,6.916444
1757000930.926,latency_s,6.815898
1757000930.926,latency_s,6.770456
1757000930.926,latency_s,6.655024
1757000930.926,latency_s,6.553001
1757000930.926,latency_s,6.554729
1757000930.926,latency_s,6.659945
1757000930.926,latency_s,6.559827
1757000930.926,latency_s,6.660592
1757000930.926,latency_s,6.560073
1757000930.926,latency_s,6.661158
1757000930.926,latency_s,6.560567
1757000930.926,latency_s,6.459015
1757000930.926,latency_s,6.660430
1757000930.926,latency_s,6.559795
1757000930.926,latency_s,6.459494
1757000930.927,latency_s,6.661927
1757000930.927,latency_s,6.560083
1757000930.927,latency_s,6.458555
1757000930.927,latency_s,6.660190
1757000930.927,latency_s,6.560040
1757000930.927,latency_s,6.458503
1757000930.927,latency_s,6.560741
1757000930.927,latency_s,6.458842
1757000930.927,latency_s,6.561481
1757000930.927,latency_s,6.460993
1757000930.927,latency_s,6.561023
1757000930.927,latency_s,6.459188
1757000931.136,latency_s,6.663988
1757000931.136,latency_s,6.563282
1757000931.136,latency_s,6.461426
1757000931.210,latency_s,6.437257
1757000931.211,latency_s,6.338238
1757000931.469,latency_s,6.494905
1757000931.469,latency_s,6.701472
1757000931.469,latency_s,6.599789
1757000931.469,latency_s,6.499369
1757000931.469,latency_s,6.697819
1757000931.469,latency_s,6.597436
1757000931.469,latency_s,6.497215
1757000931.469,latency_s,6.697716
1757000931.469,latency_s,6.597676
1757000931.469,latency_s,6.497546
1757000931.469,latency_s,6.701175
1757000931.470,latency_s,6.600557
1757000931.470,latency_s,6.499611
1757000931.470,latency_s,6.598109
1757000931.470,latency_s,6.497833
1757000931.470,latency_s,6.397350
1757000931.470,latency_s,6.597803
1757000931.470,latency_s,6.497503
1757000931.470,latency_s,6.397038
1757000931.470,latency_s,6.598042
1757000931.470,latency_s,6.497728
1757000931.470,latency_s,6.397326
1757000931.495,latency_s,6.626276
1757000931.496,latency_s,6.525453
1757000931.496,latency_s,6.317385
1757000931.753,latency_s,6.682651
1757000931.753,latency_s,6.582340
1757000931.753,latency_s,6.482066
1757000931.753,latency_s,6.680835
1757000931.753,latency_s,6.580433
1757000931.753,latency_s,6.480143
1757000931.779,latency_s,6.405426
1757000931.779,latency_s,6.304571
1757000931.780,latency_s,6.203374
1757000932.065,latency_s,6.786216
1757000932.065,latency_s,6.686261
1757000932.065,latency_s,6.586090
1757000932.065,latency_s,6.485091
1757000932.065,latency_s,6.692732
1757000932.065,latency_s,6.590183
1757000932.065,latency_s,6.490032
1757000932.065,latency_s,6.892268
1757000932.065,latency_s,6.792162
1757000932.065,latency_s,6.691496
1757000932.065,latency_s,6.590789
1757000932.065,latency_s,6.490563
1757000932.065,latency_s,6.691086
1757000932.065,latency_s,6.590694
1757000932.065,latency_s,6.490408
1757000932.065,latency_s,6.590586
1757000932.065,latency_s,6.490313
1757000932.066,latency_s,6.389567
1757000932.066,latency_s,6.591162
1757000932.066,latency_s,6.491047
1757000932.066,latency_s,6.388759
1757000932.066,latency_s,6.288296
1757000932.066,latency_s,6.491035
1757000932.066,latency_s,6.389016
1757000932.066,latency_s,6.288347
1757000932.066,latency_s,6.491323
1757000932.066,latency_s,6.390704
1757000932.066,latency_s,6.290413
1757000932.066,latency_s,6.389582
1757000932.349,latency_s,6.471009
1757000932.349,latency_s,6.369032
1757000932.349,latency_s,6.269041
1757000932.351,latency_s,6.474871
1757000932.351,latency_s,6.374059
1757000932.964,latency_s,6.886931
1757000932.965,latency_s,7.086845
1757000932.965,latency_s,6.987349
1757000932.965,latency_s,6.887338
1757000932.965,latency_s,6.985838
1757000932.965,latency_s,6.885597
1757000932.965,latency_s,6.785488
1757000932.966,latency_s,6.985796
1757000932.966,latency_s,6.885500
1757000932.966,latency_s,6.785364
1757000932.966,latency_s,6.984937
1757000933.534,latency_s,7.452699
1757000933.534,latency_s,7.351613
1757000933.535,latency_s,7.557761
1757000933.535,latency_s,7.457259
1757000933.535,latency_s,7.356205
1757000933.535,latency_s,7.453370
1757000933.535,latency_s,7.352406
1757000933.535,latency_s,7.453365
1757000933.535,latency_s,7.352487
1757000933.535,latency_s,7.457673
1757000933.535,latency_s,7.356390
1757000933.535,latency_s,7.254759
1757000933.535,latency_s,7.457305
1757000933.535,latency_s,7.254633
1757000933.535,latency_s,7.154398
1757000933.535,latency_s,7.356479
1757000933.535,latency_s,7.254954
1757000933.535,latency_s,7.154749
1757000933.535,latency_s,7.356753
1757000933.535,latency_s,7.054587
1757000933.536,latency_s,6.953944
1757000933.536,latency_s,6.652370
1757000933.536,latency_s,6.350378
1757000933.819,latency_s,6.734290
1757000933.819,latency_s,6.634007
1757000933.819,latency_s,6.734148
1757000933.819,latency_s,6.633788
1757000933.819,latency_s,6.533391
1757000933.819,latency_s,6.734504
1757000933.819,latency_s,6.634160
1757000933.819,latency_s,6.533853
1757000933.819,latency_s,6.735414
1757000933.820,latency_s,6.331160
1757000934.104,latency_s,6.514191
1757000934.104,latency_s,6.414199
1757000934.105,latency_s,6.313019
1757000934.390,latency_s,6.801258
1757000934.391,latency_s,6.701233
1757000934.391,latency_s,6.599753
1757000934.391,latency_s,6.701084
1757000934.391,latency_s,6.599225
1757000934.391,latency_s,6.700855
1757000934.391,latency_s,6.599160
1757000934.391,latency_s,6.705033
1757000934.391,latency_s,6.604652
1757000934.391,latency_s,6.503627
1757000934.391,latency_s,6.700958
1757000934.391,latency_s,6.599736
1757000934.391,latency_s,6.499402
1757000934.391,latency_s,6.700691
1757000934.391,latency_s,6.599945
1757000934.391,latency_s,6.499611
1757000934.391,latency_s,6.600042
1757000934.391,latency_s,6.499653
1757000934.391,latency_s,6.701463
1757000934.391,latency_s,6.499974
1757000934.391,latency_s,6.399487
1757000934.391,latency_s,6.298299
1757000934.391,latency_s,6.498862
1757000934.391,latency_s,6.398317
1757000934.391,latency_s,6.297979
1757000934.391,latency_s,6.499595
1757000934.392,latency_s,6.399156
1757000934.392,latency_s,6.299123
1757000934.392,latency_s,6.403743
1757000934.675,latency_s,6.281926
1757000934.676,latency_s,6.482389
1757000934.676,latency_s,6.382031
1757000935.042,latency_s,6.647484
1757000935.042,latency_s,6.848667
1757000935.042,latency_s,6.849431
1757000935.042,latency_s,6.748384
1757000935.043,latency_s,6.647990
1757000935.043,latency_s,6.749272
1757000935.043,latency_s,6.648548
1757000935.043,latency_s,6.853940
1757000935.043,latency_s,6.753840
1757000935.043,latency_s,6.653613
1757000935.043,latency_s,6.749595
1757000935.043,latency_s,6.648720
1757000935.043,latency_s,6.548561
1757000935.043,latency_s,6.749619
1757000935.043,latency_s,6.648199
1757000935.043,latency_s,6.547705
1757000935.043,latency_s,6.750328
1757000935.043,latency_s,6.648986
1757000935.043,latency_s,6.548258
1757000935.043,latency_s,6.749252
1757000935.043,latency_s,6.649125
1757000935.043,latency_s,6.548815
1757000935.043,latency_s,6.648899
1757000935.043,latency_s,6.548109
1757000935.043,latency_s,6.447553
1757000935.043,latency_s,6.649593
1757000935.043,latency_s,6.447936
1757000935.245,latency_s,6.549396
1757000935.245,latency_s,6.550167
1757000935.246,latency_s,6.450047
1757000935.326,latency_s,6.429154
1757000935.326,latency_s,6.529335
1757000935.531,latency_s,6.634697
1757000935.532,latency_s,6.533186
1757000935.532,latency_s,6.431672
1757000935.532,latency_s,6.634615
1757000935.532,latency_s,6.533191
1757000935.532,latency_s,6.431129
1757000935.532,latency_s,6.629664
1757000935.532,latency_s,6.529210
1757000935.532,latency_s,6.428182
1757000935.532,latency_s,6.533439
1757000935.532,latency_s,6.431382
1757000935.532,latency_s,6.542588
1757000935.532,latency_s,6.441797
1757000935.532,latency_s,6.341370
1757000935.532,latency_s,6.533329
1757000935.532,latency_s,6.431664
1757000935.532,latency_s,6.330536
1757000935.532,latency_s,6.533916
1757000935.532,latency_s,6.432039
1757000935.532,latency_s,6.331019
1757000935.532,latency_s,6.529668
1757000935.532,latency_s,6.428581
1757000935.532,latency_s,6.327609
1757000935.532,latency_s,6.533588
1757000935.532,latency_s,6.432814
1757000935.532,latency_s,6.331241
1757000935.657,latency_s,6.250632
1757000935.815,latency_s,6.614119
1757000935.815,latency_s,6.513970
1757000935.816,latency_s,6.413759
1757000935.816,latency_s,6.524842
1757000935.816,latency_s,6.424337
1757000935.942,latency_s,6.439167
1757000936.309,latency_s,6.705179
1757000936.309,latency_s,6.604964
1757000936.309,latency_s,6.716743
1757000936.309,latency_s,6.615949
1757000936.309,latency_s,6.705662
1757000936.309,latency_s,6.605484
1757000936.309,latency_s,6.505401
1757000936.309,latency_s,6.701332
1757000936.309,latency_s,6.599630
1757000936.309,latency_s,6.498514
1757000936.309,latency_s,6.706586
1757000936.309,latency_s,6.606347
1757000936.309,latency_s,6.506196
1757000936.309,latency_s,6.705466
1757000936.309,latency_s,6.706103
1757000936.309,latency_s,6.605207
1757000936.309,latency_s,6.605573
1757000936.309,latency_s,6.505352
1757000936.309,latency_s,6.504965
1757000936.310,latency_s,6.706661
1757000936.310,latency_s,6.606468
1757000936.310,latency_s,6.506292
1757000936.310,latency_s,6.706216
1757000936.310,latency_s,6.605756
1757000936.310,latency_s,6.706831
1757000936.310,latency_s,6.297812
1757000936.310,latency_s,6.505528
1757000936.386,latency_s,6.481690
1757000936.386,latency_s,6.381333
1757000936.387,latency_s,6.592997
1757000936.387,latency_s,6.492870
1757000936.517,latency_s,6.203440
1757000936.999,latency_s,6.803384
1757000936.999,latency_s,6.702393
1757000936.999,latency_s,6.792149
1757000936.999,latency_s,6.690894
1757000936.999,latency_s,6.785750
1757000936.999,latency_s,6.685531
1757000936.999,latency_s,6.792264
1757000936.999,latency_s,6.690657
1757000936.999,latency_s,6.590273
1757000936.999,latency_s,6.792366
1757000936.999,latency_s,6.691126
1757000936.999,latency_s,6.590696
1757000936.999,latency_s,6.792313
1757000936.999,latency_s,6.690668
1757000936.999,latency_s,6.590266
1757000936.999,latency_s,6.792729
1757000936.999,latency_s,6.691443
1757000936.999,latency_s,6.591393
1757000936.999,latency_s,6.793953
1757000936.999,latency_s,6.693820
1757000937.000,latency_s,6.593704
1757000937.000,latency_s,6.792670
1757000937.000,latency_s,6.792740
1757000937.000,latency_s,6.691639
1757000937.000,latency_s,6.691630
1757000937.000,latency_s,6.591513
1757000937.085,latency_s,6.475826
1757000937.085,latency_s,6.586050
1757000937.085,latency_s,6.374366
1757000937.085,latency_s,6.485068
1757000937.085,latency_s,6.384959
1757000937.086,latency_s,6.576545
1757000937.325,latency_s,6.313999
1757000937.370,latency_s,6.258474
1757000937.370,latency_s,6.444712
1757000937.370,latency_s,6.340913
1757000937.370,latency_s,6.237822
1757000937.370,latency_s,6.659628
1757000937.370,latency_s,6.559302
1757000937.370,latency_s,6.458982
1757000937.371,latency_s,6.358853
1757000937.371,latency_s,6.258720
1757000937.371,latency_s,6.458351
1757000937.371,latency_s,6.358054
1757000937.372,latency_s,6.258743
1757000937.372,latency_s,6.372453
1757000937.372,latency_s,6.272231
1757000937.372,latency_s,6.171658
1757000937.372,latency_s,6.361667
1757000937.372,latency_s,6.260683
1757000937.372,latency_s,6.158877
1757000937.372,latency_s,6.344336
1757000937.372,latency_s,6.241545
1757000937.372,latency_s,6.137470
1757000937.372,latency_s,6.361913
1757000937.609,latency_s,6.498063
1757000937.609,latency_s,6.397078
1757000937.609,latency_s,6.596646
1757000937.656,latency_s,6.443262
1757000937.656,latency_s,6.342597
1757000937.657,latency_s,6.443803
1757000937.657,latency_s,6.342799
1757000937.657,latency_s,6.242481
1757000937.657,latency_s,6.422006
1757000937.893,latency_s,6.377812
1757000937.893,latency_s,6.277593
1757000937.982,latency_s,6.568072
1757000937.982,latency_s,6.467245
1757000937.982,latency_s,6.366791
1757000937.982,latency_s,6.467120
1757000937.982,latency_s,6.366878
1757000937.982,latency_s,6.445603
1757000937.982,latency_s,6.340846
1757000937.983,latency_s,6.467560
1757000937.983,latency_s,6.367420
1757000937.983,latency_s,6.267106
1757000937.983,latency_s,6.467073
1757000938.178,latency_s,6.562058
1757000938.178,latency_s,6.462021
1757000938.178,latency_s,6.676664
1757000938.178,latency_s,6.576236
1757000938.178,latency_s,6.476032
1757000938.178,latency_s,6.562469
1757000938.178,latency_s,6.461981
1757000938.178,latency_s,6.361299
1757000938.178,latency_s,6.536690
1757000938.178,latency_s,6.431574
1757000938.220,latency_s,6.504251
1757000938.221,latency_s,6.504365
1757000938.221,latency_s,6.403603
1757000938.221,latency_s,6.303324
1757000938.221,latency_s,6.403172
1757000938.221,latency_s,6.302774
1757000938.221,latency_s,6.504891
1757000938.221,latency_s,6.404145
1757000938.221,latency_s,6.302806
1757000938.462,latency_s,6.242737
1757000938.462,latency_s,6.443448
1757000938.462,latency_s,6.343281
1757000938.595,latency_s,6.375376
1757000938.595,latency_s,6.576334
1757000938.595,latency_s,6.475917
1757000938.595,latency_s,6.375415
1757000938.595,latency_s,6.540861
1757000938.595,latency_s,6.439331
1757000938.595,latency_s,6.339059
1757000938.595,latency_s,6.476535
1757000938.595,latency_s,6.375731
1757000938.595,latency_s,6.273748
1757000938.746,latency_s,6.326048
1757000938.747,latency_s,6.226652
1757000938.747,latency_s,6.427769
1757000938.747,latency_s,6.327035
1757000938.747,latency_s,6.226555
1757000938.748,latency_s,6.427736
1757000938.748,latency_s,6.327475
1757000938.748,latency_s,6.226797
1757000938.748,latency_s,6.389767
1757000938.748,latency_s,6.288279
1757000938.748,latency_s,6.184583
1757000938.748,latency_s,6.326115
1757000938.748,latency_s,6.224763
1757000938.748,latency_s,6.327372
1757000938.748,latency_s,6.227020
1757000938.748,latency_s,6.342938
1757000938.748,latency_s,6.242791
1757000938.748,latency_s,6.142584
1757000938.748,latency_s,6.327902
1757000939.031,latency_s,6.409670
1757000939.032,latency_s,6.310006
1757000939.032,latency_s,6.410304
1757000939.032,latency_s,6.310034
1757000939.032,latency_s,6.410547
1757000939.032,latency_s,6.310189
1757000939.032,latency_s,6.209073
1757000939.032,latency_s,6.368539
1757000939.032,latency_s,6.268121
1757000939.032,latency_s,6.167618
1757000939.033,latency_s,6.410695
1757000939.532,latency_s,6.908335
1757000939.533,latency_s,6.810308
1757000939.533,latency_s,6.708443
1757000939.533,latency_s,6.607749
1757000939.533,latency_s,6.507586
1757000939.533,latency_s,6.709026
1757000939.533,latency_s,6.607787
1757000939.533,latency_s,6.507604
1757000939.533,latency_s,6.607972
1757000939.533,latency_s,6.507761
1757000939.533,latency_s,6.406358
1757000939.533,latency_s,6.566764
1757000939.533,latency_s,6.462662
1757000939.533,latency_s,6.609324
1757000939.533,latency_s,6.509125
1757000939.533,latency_s,6.408927
1757000939.533,latency_s,6.606142
1757000939.533,latency_s,6.504645
1757000939.533,latency_s,6.404287
1757000939.533,latency_s,6.525546
1757000939.533,latency_s,6.425054
1757000939.601,latency_s,6.273215
1757000939.601,latency_s,6.474891
1757000939.601,latency_s,6.374145
1757000939.601,latency_s,6.474321
1757000939.601,latency_s,6.273630
1757000939.601,latency_s,6.373906
1757000939.601,latency_s,6.273750
1757000939.601,latency_s,6.374140
1757000939.601,latency_s,6.273680
1757000939.601,latency_s,6.430763
1757000939.601,latency_s,6.329633
1757000939.886,latency_s,6.457170
1757000939.886,latency_s,6.355756
1757000940.250,latency_s,6.619010
1757000940.251,latency_s,6.720434
1757000940.251,latency_s,6.619011
1757000940.251,latency_s,6.821977
1757000940.251,latency_s,6.720364
1757000940.251,latency_s,6.619107
1757000940.251,latency_s,6.777787
1757000940.251,latency_s,6.677465
1757000940.251,latency_s,6.576845
1757000940.251,latency_s,6.724438
1757000940.251,latency_s,6.623538
1757000940.251,latency_s,6.523162
1757000940.251,latency_s,6.719545
1757000940.251,latency_s,6.619349
1757000940.251,latency_s,6.519045
1757000940.251,latency_s,6.729041
1757000940.251,latency_s,6.627598
1757000940.251,latency_s,6.526300
1757000940.251,latency_s,6.720902
1757000940.251,latency_s,6.316938
1757000940.251,latency_s,6.519480
1757000940.455,latency_s,6.621946
1757000940.455,latency_s,6.520390
1757000940.455,latency_s,6.722817
1757000940.455,latency_s,6.620282
1757000940.455,latency_s,6.518135
1757000940.455,latency_s,6.680702
1757000940.455,latency_s,6.579844
1757000940.455,latency_s,6.475634
1757000940.455,latency_s,6.627249
1757000940.456,latency_s,6.319927
1757000940.456,latency_s,6.420748
1757000940.742,latency_s,6.402707
1757000940.742,latency_s,6.404950
1757000940.742,latency_s,6.302633
1757000940.779,latency_s,6.341718
1757000940.779,latency_s,6.439635
1757000940.779,latency_s,6.339315
1757000940.779,latency_s,6.238735
1757000940.779,latency_s,6.395132
1757000940.779,latency_s,6.293243
1757000940.779,latency_s,6.191116
1757000940.780,latency_s,6.446679
1757000940.780,latency_s,6.346472
1757000940.780,latency_s,6.245200
1757000940.780,latency_s,6.442674
1757000941.028,latency_s,6.590062
1757000941.028,latency_s,6.489820
1757000941.028,latency_s,6.594545
1757000941.028,latency_s,6.493760
1757000941.028,latency_s,6.588000
1757000941.028,latency_s,6.487251
1757000941.028,latency_s,6.387046
1757000941.028,latency_s,6.287051
1757000941.028,latency_s,6.490008
1757000941.028,latency_s,6.389812
1757000941.028,latency_s,6.487653
1757000941.028,latency_s,6.289137
1757000941.028,latency_s,6.387402
1757000941.028,latency_s,6.287235
1757000941.122,latency_s,6.481267
1757000941.122,latency_s,6.381196
1757000941.122,latency_s,6.279771
1757000941.122,latency_s,6.433434
1757000941.314,latency_s,6.370192
1757000941.314,latency_s,6.269828
1757000941.314,latency_s,6.474816
1757000941.737,latency_s,6.796970
1757000941.737,latency_s,6.894833
1757000941.737,latency_s,6.697053
1757000941.737,latency_s,6.793607
1757000941.737,latency_s,6.693431
1757000941.737,latency_s,6.793687
1757000941.737,latency_s,6.693143
1757000941.737,latency_s,6.845505
1757000941.737,latency_s,6.744277
1757000941.737,latency_s,6.643909
1757000941.737,latency_s,6.793596
1757000941.737,latency_s,6.592622
1757000941.737,latency_s,6.492380
1757000941.737,latency_s,6.596430
1757000941.737,latency_s,6.496134
1757000941.737,latency_s,6.592936
1757000941.737,latency_s,6.490909
1757000941.737,latency_s,6.395638
1757000941.738,latency_s,6.390241
1757000941.738,latency_s,6.592329
1757000941.738,latency_s,6.490983
1757000941.738,latency_s,6.390334
1757000941.738,latency_s,6.543223
1757000941.738,latency_s,6.442187
1757000941.886,latency_s,6.489968
1757000941.886,latency_s,6.644905
1757000941.886,latency_s,6.639271
1757000941.886,latency_s,6.538412
1757000941.886,latency_s,6.438071
1757000941.886,latency_s,6.440278
1757000942.021,latency_s,6.475046
1757000942.022,latency_s,6.676579
1757000942.170,latency_s,6.421834
1757000942.170,latency_s,6.321578
1757000942.211,latency_s,6.362642
1757000942.211,latency_s,6.563510
1757000942.211,latency_s,6.463049
1757000942.211,latency_s,6.362854
1757000942.211,latency_s,6.468835
1757000942.212,latency_s,6.367629
1757000942.212,latency_s,6.267467
1757000942.212,latency_s,6.461059
1757000942.212,latency_s,6.360861
1757000942.212,latency_s,6.260491
1757000942.212,latency_s,6.413310
1757000942.308,latency_s,6.407691
1757000942.308,latency_s,6.306343
1757000942.308,latency_s,6.557033
1757000942.308,latency_s,6.562282
1757000942.308,latency_s,6.456929
1757000942.308,latency_s,6.356496
1757000942.308,latency_s,6.461939
1757000942.308,latency_s,6.361773
1757000942.308,latency_s,6.557533
1757000942.308,latency_s,6.457323
1757000942.308,latency_s,6.356831
1757000942.455,latency_s,6.404626
1757000942.496,latency_s,6.345265
1757000942.496,latency_s,6.546898
1757000942.496,latency_s,6.446376
1757000942.496,latency_s,6.345106
1757000942.497,latency_s,6.546766
1757000942.497,latency_s,6.446457
1757000942.497,latency_s,6.346008
1757000942.603,latency_s,6.350949
1757000942.603,latency_s,6.251717
1757000942.604,latency_s,6.251038
1757000942.783,latency_s,6.537923
1757000942.783,latency_s,6.538069
1757000942.783,latency_s,6.430949
1757000942.783,latency_s,6.434322
1757000942.783,latency_s,6.541368
1757000942.783,latency_s,6.440850
1757000942.783,latency_s,6.340722
1757000942.783,latency_s,6.581460
1757000942.783,latency_s,6.481179
1757000942.783,latency_s,6.380676
1757000942.783,latency_s,6.531820
1757000942.783,latency_s,6.431699
1757000942.783,latency_s,6.330359
1757000942.783,latency_s,6.531557
1757000942.783,latency_s,6.431321
1757000942.783,latency_s,6.330345
1757000942.783,latency_s,6.531997
1757000942.877,latency_s,6.223300
1757000942.888,latency_s,6.335011
1757000942.889,latency_s,6.234985
1757000942.889,latency_s,6.435497
1757000942.889,latency_s,6.335170
1757000942.889,latency_s,6.234948
1757000942.889,latency_s,6.439429
1757000942.889,latency_s,6.338800
1757000942.889,latency_s,6.238682
1757000942.889,latency_s,6.346890
1757000942.889,latency_s,6.246655
1757000942.889,latency_s,6.386447
1757000943.068,latency_s,6.261423
1757000943.068,latency_s,6.414736
1757000943.069,latency_s,6.314545
1757000943.175,latency_s,6.320377
1757000943.175,latency_s,6.523782
1757000943.175,latency_s,6.422971
1757000943.175,latency_s,6.321400
1757000943.175,latency_s,6.518665
1757000943.175,latency_s,6.418541
1757000943.175,latency_s,6.315547
1757000943.175,latency_s,6.424583
1757000943.175,latency_s,6.323919
1757000943.176,latency_s,6.421549
1757000943.176,latency_s,6.320593
1757000943.176,latency_s,6.421523
1757000943.176,latency_s,6.320727
1757000943.176,latency_s,6.421553
1757000943.176,latency_s,6.220581
1757000943.176,latency_s,6.321142
1757000943.353,latency_s,6.343313
1757000943.353,latency_s,6.243101
1757000943.353,latency_s,6.398584
1757000943.354,latency_s,6.298540
1757000943.354,latency_s,6.197990
1757000943.354,latency_s,6.399456
1757000943.459,latency_s,6.404455
1757000943.459,latency_s,6.303824
1757000943.460,latency_s,6.499465
1757000943.460,latency_s,6.399222
1757000943.460,latency_s,6.298878
1757000943.460,latency_s,6.506250
1757000943.460,latency_s,6.406046
1757000943.638,latency_s,6.425480
1757000943.638,latency_s,6.324522
1757000943.638,latency_s,6.223226
1757000943.638,latency_s,6.382337
1757000943.638,latency_s,6.382518
1757000943.638,latency_s,6.281671
1757000943.638,latency_s,6.281256
1757000943.639,latency_s,6.374994
1757000943.639,latency_s,6.274443
1757000943.639,latency_s,6.383790
1757000943.639,latency_s,6.281558
1757000943.639,latency_s,6.181261
1757000943.639,latency_s,6.281805
1757000943.788,latency_s,6.430663
1757000943.788,latency_s,6.330516
1757000943.788,latency_s,6.330752
1757000943.788,latency_s,6.430953
1757000943.788,latency_s,6.330646
1757000943.788,latency_s,6.431124
1757000944.781,latency_s,7.324164
1757000944.781,latency_s,7.223676
1757000944.782,latency_s,7.123074
1757000944.782,latency_s,7.324117
1757000944.782,latency_s,7.223716
1757000944.782,latency_s,7.122996
1757000944.782,latency_s,7.317076
1757000944.782,latency_s,7.216913
1757000944.782,latency_s,7.116563
1757000944.782,latency_s,7.224031
1757000944.782,latency_s,7.123312
1757000944.782,latency_s,7.023017
1757000944.782,latency_s,7.224671
1757000944.782,latency_s,6.960240
1757000944.782,latency_s,6.856432
1757000944.782,latency_s,7.022413
1757000944.782,latency_s,7.022466
1757000944.782,latency_s,6.921960
1757000944.782,latency_s,6.920684
1757000944.782,latency_s,6.821355
1757000944.782,latency_s,7.016752
1757000944.782,latency_s,6.820604
1757000944.782,latency_s,6.916064
1757000944.782,latency_s,6.815818
1757000944.782,latency_s,7.224598
1757000944.782,latency_s,7.123543
1757000944.782,latency_s,7.022878
1757000944.783,latency_s,6.920769
1757000944.783,latency_s,6.819969
1757000944.783,latency_s,6.922712
1757000944.783,latency_s,6.821670
1757000944.783,latency_s,6.720712
1757000945.065,latency_s,6.434554
1757000945.067,latency_s,6.335414
1757000945.067,latency_s,6.234223
1757000945.068,latency_s,6.399107
1757000945.353,latency_s,6.584151
1757000945.353,latency_s,6.686605
1757000945.353,latency_s,6.680500
1757000945.353,latency_s,6.483793
1757000945.354,latency_s,6.584530
1757000945.354,latency_s,6.580175
1757000945.354,latency_s,6.484324
1757000945.354,latency_s,6.686273
1757000945.354,latency_s,6.584465
1757000945.354,latency_s,6.484214
1757000945.354,latency_s,6.686475
1757000945.354,latency_s,6.584302
1757000945.354,latency_s,6.484147
1757000945.354,latency_s,6.584837
1757000945.354,latency_s,6.485054
1757000945.354,latency_s,6.584901
1757000945.354,latency_s,6.383452
1757000945.355,latency_s,6.484732
1757000945.355,latency_s,6.383736
1757000945.355,latency_s,6.585425
1757000945.355,latency_s,6.485096
1757000945.355,latency_s,6.380294
1757000945.355,latency_s,6.285488
1757000945.355,latency_s,6.420964
1757000945.355,latency_s,6.319068
1757000945.355,latency_s,6.218143
1757000945.355,latency_s,6.479840
1757000945.355,latency_s,6.379841
1757000945.355,latency_s,6.279615
1757000945.637,latency_s,6.467572
1757000945.924,latency_s,6.654431
1757000945.924,latency_s,6.552919
1757000945.925,latency_s,6.686246
1757000945.925,latency_s,6.586062
1757000945.925,latency_s,6.748675
1757000945.925,latency_s,6.646515
1757000945.925,latency_s,6.544912
1757000945.925,latency_s,6.748914
1757000945.925,latency_s,6.748840
1757000945.925,latency_s,6.646327
1757000945.925,latency_s,6.646345
1757000945.925,latency_s,6.545041
1757000945.925,latency_s,6.544983
1757000945.925,latency_s,6.652279
1757000945.925,latency_s,6.551991
1757000945.925,latency_s,6.652291
1757000945.925,latency_s,6.552177
1757000945.925,latency_s,6.451766
1757000945.925,latency_s,6.652898
1757000945.925,latency_s,6.552772
1757000945.925,latency_s,6.452615
1757000945.925,latency_s,6.545411
1757000945.925,latency_s,6.445171
1757000945.925,latency_s,6.553803
1757000945.925,latency_s,6.453593
1757000945.926,latency_s,6.652965
1757000945.926,latency_s,6.552822
1757000945.926,latency_s,6.452602
1757000946.212,latency_s,6.640085
1757000946.212,latency_s,6.539985
1757000946.212,latency_s,6.773135
1757000946.212,latency_s,6.671506
1757000946.212,latency_s,6.261417
1757000946.212,latency_s,6.429317
1757000946.212,latency_s,6.429267
1757000946.212,latency_s,6.328843
1757000946.496,latency_s,6.513402
1757000946.497,latency_s,6.613226
1757000946.497,latency_s,6.512557
1757000946.497,latency_s,6.512397
1757000946.497,latency_s,6.722477
1757000946.497,latency_s,6.622326
1757000946.497,latency_s,6.521981
1757000946.497,latency_s,6.622745
1757000946.497,latency_s,6.522409
1757000946.497,latency_s,6.615290
1757000946.497,latency_s,6.622514
1757000946.497,latency_s,6.515121
1757000946.497,latency_s,6.522358
1757000946.497,latency_s,6.414704
1757000946.497,latency_s,6.422011
1757000946.497,latency_s,6.623303
1757000946.497,latency_s,6.523209
1757000946.498,latency_s,6.423092
1757000946.498,latency_s,6.623144
1757000946.498,latency_s,6.539553
1757000946.498,latency_s,6.438885
1757000946.498,latency_s,6.523037
1757000946.858,latency_s,6.682951
1757000946.858,latency_s,6.806252
1757000946.858,latency_s,6.380840
1757000946.858,latency_s,6.505065
1757000946.858,latency_s,6.404290
1757000946.858,latency_s,6.302412
1757000947.143,latency_s,6.754092
1757000947.143,latency_s,6.653439
1757000947.143,latency_s,6.755871
1757000947.143,latency_s,6.655543
1757000947.143,latency_s,6.486573
1757000947.143,latency_s,6.384053
1757000947.143,latency_s,6.283250
1757000947.143,latency_s,6.557392
1757000947.143,latency_s,6.457110
1757000947.143,latency_s,6.549985
1757000947.143,latency_s,6.553990
1757000947.143,latency_s,6.356127
1757000947.143,latency_s,6.453335
1757000947.143,latency_s,6.449469
1757000947.143,latency_s,6.348809
1757000947.143,latency_s,6.352609
1757000947.143,latency_s,6.462731
1757000947.143,latency_s,6.362052
1757000947.143,latency_s,6.261714
1757000947.143,latency_s,6.464754
1757000947.143,latency_s,6.364495
1757000947.143,latency_s,6.264275
1757000947.144,latency_s,6.362533
1757000947.144,latency_s,6.262421
1757000947.144,latency_s,6.357565
1757000947.144,latency_s,6.256826
1757000947.349,latency_s,6.369613
1757000947.352,latency_s,6.272207
1757000947.353,latency_s,6.392555
1757000947.353,latency_s,6.292299
1757000947.353,latency_s,6.465166
1757000947.353,latency_s,6.364989
1757000947.641,latency_s,6.460065
1757000947.641,latency_s,6.359988
1757000947.641,latency_s,6.259860
1757000947.641,latency_s,6.479800
1757000947.678,latency_s,6.415617
1757000947.678,latency_s,6.313288
1757000947.678,latency_s,6.489219
1757000947.678,latency_s,6.481188
1757000947.678,latency_s,6.387934
1757000947.678,latency_s,6.381027
1757000947.678,latency_s,6.280288
1757000947.678,latency_s,6.287842
1757000947.678,latency_s,6.483886
1757000947.678,latency_s,6.383002
1757000947.925,latency_s,6.527316
1757000947.925,latency_s,6.741166
1757000947.925,latency_s,6.640331
1757000947.925,latency_s,6.539904
1757000947.925,latency_s,6.642398
1757000947.925,latency_s,6.541724
1757000947.925,latency_s,6.441556
1757000947.925,latency_s,6.642649
1757000947.925,latency_s,6.541817
1757000947.925,latency_s,6.636746
1757000947.925,latency_s,6.441759
1757000947.925,latency_s,6.536317
1757000947.927,latency_s,6.245587
1757000947.928,latency_s,6.463108
1757000947.928,latency_s,6.362787
1757000947.928,latency_s,6.261319
1757000948.021,latency_s,6.530311
1757000948.021,latency_s,6.522120
1757000948.570,latency_s,6.575083
1757000948.570,latency_s,6.769378
1757000948.571,latency_s,6.771294
1757000948.571,latency_s,6.668010
1757000948.571,latency_s,6.671265
1757000948.571,latency_s,6.567835
1757000948.571,latency_s,6.571000
1757000948.571,latency_s,6.782236
1757000948.571,latency_s,6.681920
1757000948.571,latency_s,6.581216
1757000948.571,latency_s,6.786306
1757000948.571,latency_s,6.685915
1757000948.571,latency_s,6.584158
1757000948.571,latency_s,6.482866
1757000948.571,latency_s,6.397759
1757000948.571,latency_s,6.291541
1757000948.571,latency_s,6.475745
1757000948.571,latency_s,6.374490
1757000948.571,latency_s,6.467652
1757000948.783,latency_s,6.682336
1757000948.783,latency_s,6.578680
1757000948.783,latency_s,6.582189
1757000948.783,latency_s,6.692851
1757000948.783,latency_s,6.592513
1757000948.783,latency_s,6.492285
1757000948.783,latency_s,6.593847
1757000948.783,latency_s,6.493028
1757000948.783,latency_s,6.590428
1757000948.783,latency_s,6.490291
1757000948.783,latency_s,6.596892
1757000948.785,latency_s,6.391620
1757000948.785,latency_s,6.498251
1757000948.854,latency_s,6.259875
1757000949.139,latency_s,6.345767
1757000949.139,latency_s,6.245543
1757000949.139,latency_s,6.344384
1757000949.139,latency_s,6.244229
1757000949.636,latency_s,6.845077
1757000949.920,latency_s,7.029223
1757000949.920,latency_s,7.167676
1757000949.920,latency_s,7.067479
1757000949.920,latency_s,6.965925
1757000949.920,latency_s,7.119097
1757000949.920,latency_s,7.017834
1757000949.920,latency_s,6.917141
1757000949.920,latency_s,7.127295
1757000949.920,latency_s,7.026856
1757000949.920,latency_s,6.926409
1757000949.920,latency_s,7.129877
1757000949.920,latency_s,7.127443
1757000949.921,latency_s,7.029762
1757000949.921,latency_s,7.026967
1757000949.921,latency_s,6.929478
1757000949.921,latency_s,6.926844
1757000949.921,latency_s,7.127757
1757000949.921,latency_s,7.027783
1757000949.921,latency_s,6.927187
1757000949.921,latency_s,7.040096
1757000949.921,latency_s,6.939630
1757000949.921,latency_s,7.046761
1757000949.921,latency_s,6.946132
1757000949.921,latency_s,6.845481
1757000949.921,latency_s,7.032797
1757000949.921,latency_s,6.932487
1757000949.921,latency_s,6.929003
1757000949.921,latency_s,6.625152
1757000949.922,latency_s,6.524969
1757000949.922,latency_s,6.627151
1757000949.922,latency_s,6.526582
1757000949.994,latency_s,6.397680
1757000950.206,latency_s,6.296015
1757000950.206,latency_s,6.379167
1757000950.206,latency_s,6.389709
1757000950.328,latency_s,6.400722
1757000950.328,latency_s,6.410417
1757000950.328,latency_s,6.531686
1757000950.328,latency_s,6.431329
1757000950.328,latency_s,6.331233
1757000950.329,latency_s,6.670310
1757000950.329,latency_s,6.570160
1757000950.329,latency_s,6.469576
1757000950.329,latency_s,6.368203
1757000950.329,latency_s,6.268015
1757000950.329,latency_s,6.428698
1757000950.329,latency_s,6.328115
1757000950.329,latency_s,6.429130
1757000950.329,latency_s,6.428797
1757000950.329,latency_s,6.328661
1757000950.329,latency_s,6.328419
1757000950.329,latency_s,6.227708
1757000950.329,latency_s,6.227853
1757000950.329,latency_s,6.429260
1757000950.329,latency_s,6.418927
1757000950.329,latency_s,6.329002
1757000950.329,latency_s,6.228048
1757000950.490,latency_s,6.479013
1757000950.490,latency_s,6.268313
1757000950.490,latency_s,6.479643
1757000950.490,latency_s,6.462497
1757000950.490,latency_s,6.378561
1757000950.490,latency_s,6.359708
1757000950.490,latency_s,6.255799
1757000950.774,latency_s,6.447147
1757000950.774,latency_s,6.343432
1757000950.774,latency_s,6.242752
1757000950.774,latency_s,6.461070
1757000950.774,latency_s,6.360386
1757000950.819,latency_s,6.303977
1757000950.819,latency_s,6.477181
1757000950.819,latency_s,6.374249
1757000950.819,latency_s,6.272918
1757000950.819,latency_s,6.420704
1757000950.819,latency_s,6.320481
1757000950.819,latency_s,6.416501
1757000950.819,latency_s,6.316162
1757000950.819,latency_s,6.215779
1757000950.820,latency_s,6.354825
1757000950.820,latency_s,6.254605
1757000951.058,latency_s,6.393168
1757000951.058,latency_s,6.555672
1757000951.059,latency_s,6.555883
1757000951.059,latency_s,6.455706
1757000951.059,latency_s,6.455691
1757000951.059,latency_s,6.556192
1757000951.059,latency_s,6.456188
1757000951.060,latency_s,6.544589
1757000951.060,latency_s,6.356173
1757000951.060,latency_s,6.444520
1757000951.060,latency_s,6.341974
1757000951.060,latency_s,6.241731
1757000951.060,latency_s,6.412174
1757000951.060,latency_s,6.310809
1757000951.060,latency_s,6.210608
1757000951.060,latency_s,6.460836
1757000951.343,latency_s,6.222574
1757000951.343,latency_s,6.638959
1757000951.343,latency_s,6.538253
1757000951.343,latency_s,6.437128
1757000951.343,latency_s,6.336286
1757000951.390,latency_s,6.282913
1757000951.390,latency_s,6.489253
1757000951.390,latency_s,6.389128
1757000951.391,latency_s,6.288060
1757000951.391,latency_s,6.323071
1757000951.391,latency_s,6.222878
1757000951.391,latency_s,6.383796
1757000951.391,latency_s,6.283011
1757000951.391,latency_s,6.382974
1757000951.391,latency_s,6.181067
1757000951.627,latency_s,6.518592
1757000951.628,latency_s,6.419304
1757000951.628,latency_s,6.318753
1757000951.628,latency_s,6.218031
1757000951.628,latency_s,6.422846
1757000951.628,latency_s,6.321929
1757000951.628,latency_s,6.221148
1757000951.628,latency_s,6.360524
1757000951.628,latency_s,6.259786
1757000951.629,latency_s,6.158970
1757000951.629,latency_s,6.318357
1757000951.629,latency_s,6.218220
1757000951.718,latency_s,6.206847
1757000951.718,latency_s,6.411812
1757000951.718,latency_s,6.310962
1757000951.718,latency_s,6.210573
1757000951.718,latency_s,6.397317
1757000951.911,latency_s,6.352579
1757000951.914,latency_s,6.391106
1757000951.914,latency_s,6.289739
1757000951.914,latency_s,6.253623
1757000951.914,latency_s,6.403214
1757000951.914,latency_s,6.302442
1757000951.914,latency_s,6.202202
1757000951.914,latency_s,6.406497
1757000951.914,latency_s,6.304865
1757000951.915,latency_s,6.202948
1757000951.915,latency_s,6.343565
1757000951.915,latency_s,6.242631
1757000951.915,latency_s,6.142075
1757000951.915,latency_s,6.302542
1757000951.915,latency_s,6.202224
1757000952.196,latency_s,6.330254
1757000952.196,latency_s,6.471680
1757000952.196,latency_s,6.243736
1757000952.197,latency_s,6.228030
1757000952.199,latency_s,6.372874
1757000952.199,latency_s,6.272738
1757000952.199,latency_s,6.386290
1757000952.199,latency_s,6.286098
1757000952.199,latency_s,6.386152
1757000952.199,latency_s,6.285885
1757000952.199,latency_s,6.185638
1757000952.199,latency_s,6.325283
1757000952.199,latency_s,6.224626
1757000952.199,latency_s,6.123025
1757000952.199,latency_s,6.285835
1757000952.199,latency_s,6.185515
1757000952.199,latency_s,6.085262
1757000952.481,latency_s,6.428368
1757000952.482,latency_s,6.327179
1757000952.482,latency_s,6.412724
1757000952.842,latency_s,6.814955
1757000952.842,latency_s,6.586914
1757000952.842,latency_s,6.672049
1757000952.842,latency_s,6.567147
1757000952.842,latency_s,6.715039
1757000952.842,latency_s,6.612295
1757000952.842,latency_s,6.828800
1757000952.842,latency_s,6.728647
1757000952.842,latency_s,6.627681
1757000952.842,latency_s,6.728381
1757000952.842,latency_s,6.627505
1757000952.842,latency_s,6.525923
1757000952.842,latency_s,6.413480
1757000952.842,latency_s,6.313105
1757000952.842,latency_s,6.486527
1757000953.053,latency_s,6.721947
1757000953.053,latency_s,6.676547
1757000953.053,latency_s,6.597125
1757000953.053,latency_s,6.621702
1757000953.053,latency_s,6.575862
1757000953.053,latency_s,6.496935
1757000953.053,latency_s,6.520468
1757000953.053,latency_s,6.738835
1757000953.053,latency_s,6.637038
1757000953.053,latency_s,6.536907
1757000953.054,latency_s,6.436160
1757000953.054,latency_s,6.634915
1757000953.054,latency_s,6.533830
1757000953.054,latency_s,6.433699
1757000953.054,latency_s,6.475549
1757000953.054,latency_s,6.316187
1757000953.054,latency_s,6.374907
1757000953.336,latency_s,6.276806
1757000953.336,latency_s,6.255259
1757000953.696,latency_s,6.674267
1757000953.696,latency_s,6.573989
1757000953.696,latency_s,6.473460
1757000953.696,latency_s,6.710779
1757000953.696,latency_s,6.610341
1757000953.696,latency_s,6.509578
1757000953.696,latency_s,6.677019
1757000953.696,latency_s,6.576424
1757000953.697,latency_s,6.475732
1757000953.697,latency_s,6.678504
1757000953.697,latency_s,6.578161
1757000953.697,latency_s,6.477423
1757000953.697,latency_s,6.684163
1757000953.697,latency_s,6.537065
1757000953.697,latency_s,6.436896
1757000953.697,latency_s,6.336266
1757000953.697,latency_s,6.578600
1757000953.697,latency_s,6.477710
1757000953.697,latency_s,6.375307
1757000953.697,latency_s,6.274735
1757000953.697,latency_s,6.373406
1757000953.697,latency_s,6.272758
1757000953.697,latency_s,6.409029
1757000953.697,latency_s,6.308377
1757000953.697,latency_s,6.207687
1757000953.697,latency_s,6.375608
1757000953.697,latency_s,6.275463
1757000953.697,latency_s,6.174697
1757000953.697,latency_s,6.375823
1757000953.697,latency_s,6.275629
1757000953.908,latency_s,6.383744
1757000953.946,latency_s,6.320626
1757000953.981,latency_s,6.357761
1757000953.981,latency_s,6.155998
1757000954.232,latency_s,6.506647
1757000954.232,latency_s,6.406295
1757000954.232,latency_s,6.614625
1757000954.232,latency_s,6.513356
1757000954.232,latency_s,6.412250
1757000954.232,latency_s,6.709533
1757000954.232,latency_s,6.608603
1757000954.232,latency_s,6.506914
1757000954.232,latency_s,6.406498
1757000954.232,latency_s,6.782278
1757000954.232,latency_s,6.681113
1757000954.232,latency_s,6.608523
1757000954.232,latency_s,6.579738
1757000954.232,latency_s,6.507111
1757000954.232,latency_s,6.479614
1757000954.232,latency_s,6.379433
1757000954.232,latency_s,6.609050
1757000954.232,latency_s,6.406556
1757000954.232,latency_s,6.507399
1757000954.232,latency_s,6.406990
1757000954.233,latency_s,6.595983
1757000954.233,latency_s,6.495954
1757000954.265,latency_s,6.427989
1757000954.265,latency_s,6.539487
1757000954.265,latency_s,6.169053
1757000954.319,latency_s,6.392680
1757000954.319,latency_s,6.292698
1757000954.319,latency_s,6.392617
1757000954.319,latency_s,6.292326
1757000954.319,latency_s,6.399209
1757000954.549,latency_s,6.214492
1757000954.549,latency_s,6.425255
1757000954.549,latency_s,6.320353
1757000954.599,latency_s,6.269248
1757000954.599,latency_s,6.471484
1757000954.599,latency_s,6.370707
1757000954.599,latency_s,6.269975
1757000954.599,latency_s,6.369814
1757000954.599,latency_s,6.369894
1757000954.599,latency_s,6.269534
1757000954.599,latency_s,6.168825
1757000954.599,latency_s,6.269712
1757000954.599,latency_s,6.169555
1757000954.604,latency_s,6.364980
1757000954.604,latency_s,6.264749
1757000954.604,latency_s,6.164476
1757000954.604,latency_s,6.448631
1757000954.604,latency_s,6.347622
1757000954.604,latency_s,6.247129
1757000954.604,latency_s,6.146633
1757000954.604,latency_s,6.376119
1757000954.604,latency_s,6.275077
1757000954.604,latency_s,6.174068
1757000954.604,latency_s,6.369739
1757000954.834,latency_s,6.203593
1757000954.834,latency_s,6.298796
1757000954.835,latency_s,6.197987
1757000954.888,latency_s,6.457857
1757000954.888,latency_s,6.357335
1757000954.888,latency_s,6.256017
1757000954.888,latency_s,6.458473
1757000954.888,latency_s,6.357942
1757000955.118,latency_s,6.180542
1757000955.118,latency_s,6.385257
1757000955.119,latency_s,6.285591
1757000955.119,latency_s,6.185101
1757000955.119,latency_s,6.386347
1757000955.119,latency_s,6.285856
1757000955.119,latency_s,6.185241
1757000955.119,latency_s,6.386729
1757000955.120,latency_s,6.283318
1757000955.120,latency_s,6.182230
1757000955.120,latency_s,6.387847
1757000955.120,latency_s,6.283546
1757000955.120,latency_s,6.182457
1757000955.215,latency_s,6.474289
1757000955.215,latency_s,6.373754
1757000955.215,latency_s,6.273195
1757000955.215,latency_s,6.453019
1757000955.215,latency_s,6.351126
1757000955.215,latency_s,6.250417
1757000955.215,latency_s,6.378609
1757000955.215,latency_s,6.277456
1757000955.215,latency_s,6.176906
1757000955.215,latency_s,6.375050
1757000955.215,latency_s,6.274395
1757000955.403,latency_s,6.163212
1757000956.261,latency_s,7.226805
1757000956.261,latency_s,7.124946
1757000956.261,latency_s,7.024329
1757000956.261,latency_s,7.225987
1757000956.261,latency_s,7.125174
1757000956.261,latency_s,7.024455
1757000956.261,latency_s,7.226048
1757000956.261,latency_s,6.856017
1757000956.261,latency_s,6.755041
1757000956.261,latency_s,6.921167
1757000956.261,latency_s,6.924044
1757000956.261,latency_s,6.821024
1757000956.261,latency_s,6.823413
1757000956.261,latency_s,6.924138
1757000956.262,latency_s,6.823448
1757000956.262,latency_s,6.722965
1757000956.262,latency_s,6.924166
1757000956.262,latency_s,6.823467
1757000956.262,latency_s,6.723013
1757000956.262,latency_s,6.921977
1757000956.262,latency_s,6.921919
1757000956.262,latency_s,6.821298
1757000956.262,latency_s,6.720854
1757000956.262,latency_s,6.821357
1757000956.262,latency_s,6.721030
1757000956.262,latency_s,6.918501
1757000956.262,latency_s,6.817992
1757000956.262,latency_s,6.717414
1757000956.262,latency_s,6.894215
1757000956.262,latency_s,6.794032
1757000956.262,latency_s,6.693496
1757000956.262,latency_s,6.724061
1757000956.545,latency_s,6.198782
1757000956.546,latency_s,6.401683
1757000956.546,latency_s,6.401610
1757000956.546,latency_s,6.400537
1757000956.832,latency_s,6.585807
1757000956.832,latency_s,6.586323
1757000956.832,latency_s,6.585731
1757000956.832,latency_s,6.485377
1757000956.832,latency_s,6.485532
1757000956.832,latency_s,6.484908
1757000956.832,latency_s,6.687402
1757000956.832,latency_s,6.688086
1757000956.832,latency_s,6.586517
1757000956.832,latency_s,6.485818
1757000956.832,latency_s,6.586771
1757000956.832,latency_s,6.485879
1757000956.832,latency_s,6.584640
1757000956.832,latency_s,6.484444
1757000956.833,latency_s,6.560520
1757000956.833,latency_s,6.459836
1757000956.833,latency_s,6.589670
1757000956.833,latency_s,6.489024
1757000956.833,latency_s,6.388462
1757000956.833,latency_s,6.586463
1757000956.833,latency_s,6.485321
1757000956.833,latency_s,6.385119
1757000956.833,latency_s,6.385826
1757000956.833,latency_s,6.284813
1757000956.833,latency_s,6.385438
1757000957.324,latency_s,6.776047
1757000957.324,latency_s,6.675731
1757000957.324,latency_s,6.675241
1757000957.324,latency_s,6.877319
1757000957.324,latency_s,6.575822
1757000957.324,latency_s,6.475193
1757000957.324,latency_s,6.374822
1757000957.400,latency_s,6.178638
1757000957.400,latency_s,6.350809
1757000957.401,latency_s,6.350935
1757000957.895,latency_s,6.744731
1757000957.895,latency_s,6.745099
1757000957.895,latency_s,6.844370
1757000957.895,latency_s,6.744182
1757000957.895,latency_s,6.643943
1757000957.895,latency_s,6.844755
1757000957.895,latency_s,6.744384
1757000957.895,latency_s,6.644227
1757000957.895,latency_s,6.845300
1757000957.895,latency_s,6.745223
1757000957.896,latency_s,6.645213
1757000957.896,latency_s,6.847293
1757000957.896,latency_s,6.747084
1757000957.896,latency_s,6.646850
1757000957.896,latency_s,6.845329
1757000957.896,latency_s,6.745114
1757000957.896,latency_s,6.644755
1757000957.896,latency_s,6.846411
1757000957.896,latency_s,6.746344
1757000957.896,latency_s,6.646097
1757000957.896,latency_s,6.820709
1757000957.896,latency_s,6.720435
1757000957.896,latency_s,6.546085
1757000957.896,latency_s,6.444479
1757000957.896,latency_s,6.446030
1757000957.896,latency_s,6.545242
1757000957.896,latency_s,6.545042
1757000957.897,latency_s,6.445422
1757000957.898,latency_s,6.445964
1757000957.970,latency_s,6.418440
1757000957.971,latency_s,6.317883
1757000958.178,latency_s,6.424813
1757000958.182,latency_s,6.485524
1757000958.257,latency_s,6.370683
1757000958.257,latency_s,6.459896
1757000958.257,latency_s,6.359560
1757000958.257,latency_s,6.528055
1757000958.257,latency_s,6.427892
1757000958.257,latency_s,6.327348
1757000958.257,latency_s,6.405999
1757000958.257,latency_s,6.304883
1757000958.257,latency_s,6.204754
1757000958.257,latency_s,6.361223
1757000958.257,latency_s,6.259685
1757000958.257,latency_s,6.404238
1757000958.257,latency_s,6.403264
1757000958.257,latency_s,6.304100
1757000958.257,latency_s,6.302805
1757000958.257,latency_s,6.202472
1757000958.257,latency_s,6.203530
1757000958.257,latency_s,6.403642
1757000958.257,latency_s,6.404100
1757000958.257,latency_s,6.303499
1757000958.258,latency_s,6.203227
1757000958.258,latency_s,6.303976
1757000958.258,latency_s,6.203658
1757000958.258,latency_s,6.328167
1757000958.258,latency_s,6.225496
1757000958.466,latency_s,6.433649
1757000958.466,latency_s,6.333346
1757000958.541,latency_s,6.305640
1757000958.541,latency_s,6.388475
1757000958.541,latency_s,6.288113
1757000958.541,latency_s,6.186571
1757000958.542,latency_s,6.387485
1757000958.542,latency_s,6.186183
1757000958.542,latency_s,6.286724
1757000958.753,latency_s,6.397362
1757000958.753,latency_s,6.620445
1757000958.753,latency_s,6.515956
1757000958.753,latency_s,6.415287
1757000958.754,latency_s,6.600912
1757000958.754,latency_s,6.500640
1757000958.754,latency_s,6.399151
1757000958.754,latency_s,6.598896
1757000958.754,latency_s,6.498017
1757000958.754,latency_s,6.397842
1757000958.754,latency_s,6.598265
1757000958.754,latency_s,6.497876
1757000958.754,latency_s,6.397417
1757000958.754,latency_s,6.572566
1757000958.754,latency_s,6.472007
1757000958.754,latency_s,6.371235
1757000958.754,latency_s,6.599653
1757000958.754,latency_s,6.498362
1757000958.754,latency_s,6.500898
1757000958.754,latency_s,6.399406
1757000958.754,latency_s,6.298905
1757000958.754,latency_s,6.398139
1757000959.111,latency_s,6.454528
1757000959.111,latency_s,6.554821
1757000959.111,latency_s,6.454292
1757000959.111,latency_s,6.671126
1757000959.112,latency_s,6.569005
1757000959.112,latency_s,6.468774
1757000959.112,latency_s,6.656440
1757000959.681,latency_s,6.924031
1757000959.681,latency_s,6.823292
1757000959.681,latency_s,6.723162
1757000959.681,latency_s,6.923864
1757000959.681,latency_s,6.823334
1757000959.681,latency_s,6.723013
1757000959.681,latency_s,6.937906
1757000959.681,latency_s,6.836673
1757000959.682,latency_s,6.736090
1757000959.682,latency_s,6.924520
1757000959.682,latency_s,6.823601
1757000959.682,latency_s,6.924365
1757000959.682,latency_s,6.723490
1757000959.682,latency_s,6.823430
1757000959.682,latency_s,6.723201
1757000959.682,latency_s,6.924109
1757000959.682,latency_s,6.823710
1757000959.682,latency_s,6.723513
1757000959.682,latency_s,6.923913
1757000959.682,latency_s,6.823420
1757000959.682,latency_s,6.723191
1757000959.682,latency_s,6.895147
1757000959.682,latency_s,6.792372
1757000959.682,latency_s,6.689870
1757000959.682,latency_s,6.924389
1757000959.682,latency_s,6.623571
1757000959.682,latency_s,6.221188
1757000959.965,latency_s,6.656095
1757000959.965,latency_s,6.555561
1757000959.966,latency_s,6.614828
1757000959.966,latency_s,6.454985
1757000959.966,latency_s,6.514743
1757000959.966,latency_s,6.152549
1757000959.967,latency_s,6.414886
1757000960.251,latency_s,6.598321
1757000960.251,latency_s,6.498194
1757000960.251,latency_s,6.689649
1757000960.251,latency_s,6.589530
1757000960.251,latency_s,6.488998
1757000960.251,latency_s,6.587435
1757000960.251,latency_s,6.487294
1757000960.251,latency_s,6.587497
1757000960.251,latency_s,6.487371
1757000960.251,latency_s,6.555161
1757000960.251,latency_s,6.587606
1757000960.252,latency_s,6.455599
1757000960.252,latency_s,6.488021
1757000960.252,latency_s,6.387543
1757000960.252,latency_s,6.588570
1757000960.252,latency_s,6.488433
1757000960.252,latency_s,6.388358
1757000960.252,latency_s,6.588387
1757000960.252,latency_s,6.488183
1757000960.252,latency_s,6.387934
1757000960.252,latency_s,6.590604
1757000960.252,latency_s,6.490063
1757000960.253,latency_s,6.389820
1757000960.253,latency_s,6.588790
1757000960.537,latency_s,6.623301
1757000960.537,latency_s,6.519859
1757000960.537,latency_s,6.683361
1757000960.537,latency_s,6.583152
1757000960.538,latency_s,6.482933
1757000960.538,latency_s,6.674999
1757000960.538,latency_s,6.574461
1757000960.538,latency_s,6.171974
1757000960.538,latency_s,6.419735
1757000960.822,latency_s,6.667499
1757000960.822,latency_s,6.603962
1757000960.822,latency_s,6.502506
1757000960.822,latency_s,6.567543
1757000960.823,latency_s,6.467401
1757000960.823,latency_s,6.658529
1757000960.823,latency_s,6.557963
1757000960.823,latency_s,6.457897
1757000960.823,latency_s,6.657539
1757000960.823,latency_s,6.557342
1757000960.823,latency_s,6.355933
1757000960.864,latency_s,6.297123
1757000960.865,latency_s,6.196958
1757000960.865,latency_s,6.398545
1757000960.865,latency_s,6.297766
1757000960.865,latency_s,6.197611
1757000960.865,latency_s,6.444522
1757000960.865,latency_s,6.409487
1757000960.865,latency_s,6.343914
1757000960.865,latency_s,6.309362
1757000960.865,latency_s,6.243256
1757000960.865,latency_s,6.209138
1757000960.865,latency_s,6.399815
1757000961.107,latency_s,6.384356
1757000961.148,latency_s,6.325610
1757000961.148,latency_s,6.292285
1757000961.148,latency_s,6.192166
1757000961.149,latency_s,6.225444
1757000961.149,latency_s,6.380943
1757000961.149,latency_s,6.279645
1757000961.149,latency_s,6.179560
1757000961.149,latency_s,6.380428
1757000961.391,latency_s,6.334291
1757000961.391,latency_s,6.366507
1757000961.391,latency_s,6.234384
1757000961.963,latency_s,6.836694
1757000961.964,latency_s,6.735945
1757000961.964,latency_s,6.894280
1757000961.964,latency_s,6.793984
1757000961.964,latency_s,6.894553
1757000961.964,latency_s,6.794000
1757000961.964,latency_s,6.693276
1757000961.964,latency_s,6.855211
1757000961.964,latency_s,6.894598
1757000961.964,latency_s,6.794207
1757000961.964,latency_s,6.693929
1757000961.964,latency_s,6.755103
1757000961.964,latency_s,6.895225
1757000961.964,latency_s,6.795145
1757000961.964,latency_s,6.694596
1757000961.964,latency_s,6.895034
1757000961.964,latency_s,6.794629
1757000961.964,latency_s,6.694417
1757000961.964,latency_s,6.894550
1757000961.964,latency_s,6.794298
1757000961.964,latency_s,6.636706
1757000961.964,latency_s,6.506383
1757000961.964,latency_s,6.536481
1757000961.965,latency_s,6.436243
1757000961.965,latency_s,6.694398
1757000961.965,latency_s,6.593812
1757000961.965,latency_s,6.594339
1757000961.965,latency_s,6.494241
1757000961.965,latency_s,6.493487
1757000961.965,latency_s,6.293623
1757000962.249,latency_s,6.476549
1757000962.249,latency_s,6.575724
1757000962.249,latency_s,6.274663
1757000962.609,latency_s,6.634474
1757000962.609,latency_s,6.534591
1757000962.817,latency_s,6.741446
1757000962.817,latency_s,6.956053
1757000962.817,latency_s,6.855928
1757000962.817,latency_s,6.755725
1757000962.817,latency_s,6.987257
1757000962.817,latency_s,6.886658
1757000962.817,latency_s,6.785960
1757000962.817,latency_s,6.943225
1757000962.817,latency_s,6.842968
1757000962.817,latency_s,6.944428
1757000962.817,latency_s,6.742579
1757000962.895,latency_s,6.921895
1757000962.895,latency_s,6.820719
1757000962.895,latency_s,6.920877
1757000962.895,latency_s,6.820402
1757000962.895,latency_s,6.981224
1757000962.895,latency_s,6.880098
1757000962.895,latency_s,6.779377
1757000962.895,latency_s,6.921213
1757000962.895,latency_s,6.820601
1757000962.895,latency_s,6.917855
1757000962.895,latency_s,6.817087
1757000962.896,latency_s,6.920759
1757000963.101,latency_s,6.725085
1757000963.101,latency_s,6.940148
1757000963.102,latency_s,6.839518
1757000963.102,latency_s,6.969786
1757000963.102,latency_s,6.436569
1757000963.102,latency_s,6.668435
1757000963.102,latency_s,6.568246
1757000963.180,latency_s,6.313968
1757000963.180,latency_s,6.345180
1757000963.180,latency_s,6.244552
1757000963.180,latency_s,6.402958
1757000963.180,latency_s,6.301853
1757000963.180,latency_s,6.400188
1757000963.180,latency_s,6.356811
1757000963.180,latency_s,6.300047
1757000963.180,latency_s,6.403549
1757000963.181,latency_s,6.256014
1757000963.181,latency_s,6.199540
1757000963.427,latency_s,6.549073
1757000963.428,latency_s,6.448518
1757000963.428,latency_s,6.290600
1757000963.465,latency_s,6.397460
1757000963.465,latency_s,6.296808
1757000963.465,latency_s,6.227826
1757000963.465,latency_s,6.485430
1757000963.465,latency_s,6.385155
1757000963.465,latency_s,6.281632
1757000963.465,latency_s,6.383373
1757000963.465,latency_s,6.439542
1757000963.465,latency_s,6.282818
1757000963.465,latency_s,6.385566
1757000963.465,latency_s,6.339352
1757000963.712,latency_s,6.531461
1757000963.712,latency_s,6.485260
1757000963.712,latency_s,6.429202
1757000963.712,latency_s,6.431634
1757000963.712,latency_s,6.624252
1757000963.712,latency_s,6.523280
1757000963.712,latency_s,6.422401
1757000963.713,latency_s,6.226413
1757000963.809,latency_s,6.471457
1757000963.810,latency_s,6.541132
1757000963.810,latency_s,6.371000
1757000963.810,latency_s,6.440681
1757000963.810,latency_s,6.340537
1757000963.810,latency_s,6.525815
1757000963.810,latency_s,6.425375
1757000963.810,latency_s,6.323320
1757000963.810,latency_s,6.426553
1757000963.810,latency_s,6.428548
1757000963.997,latency_s,6.209060
1757000963.997,latency_s,6.427301
1757000964.137,latency_s,6.598317
1757000964.137,latency_s,6.466821
1757000964.137,latency_s,6.366712
1757000964.137,latency_s,6.497997
1757000964.138,latency_s,6.397336
1757000964.138,latency_s,6.550655
1757000964.138,latency_s,6.450559
1757000964.138,latency_s,6.350049
1757000964.138,latency_s,6.505547
1757000964.138,latency_s,6.452643
1757000964.138,latency_s,6.352392
1757000964.282,latency_s,6.549138
1757000964.324,latency_s,6.251303
1757000964.324,latency_s,6.383275
1757000964.324,latency_s,6.282587
1757000964.324,latency_s,6.435695
1757000964.324,latency_s,6.335453
1757000964.324,latency_s,6.235384
1757000964.324,latency_s,6.390763
1757000964.325,latency_s,6.290389
1757000964.325,latency_s,6.189541
1757000964.325,latency_s,6.438866
1757000964.325,latency_s,6.338523
1757000964.325,latency_s,6.238290
1757000964.325,latency_s,6.439270
1757000964.325,latency_s,6.338858
1757000964.325,latency_s,6.237076
1757000964.325,latency_s,6.437321
1757000964.325,latency_s,6.336909
1757000964.325,latency_s,6.235847
1757000964.569,latency_s,6.326262
1757000964.569,latency_s,6.226024
1757000964.608,latency_s,6.418717
1757000964.609,latency_s,6.318557
1757000964.609,latency_s,6.218804
1757000964.609,latency_s,6.422148
1757000964.609,latency_s,6.319587
1757000964.609,latency_s,6.219357
1757000964.609,latency_s,6.372533
1757000964.609,latency_s,6.421142
1757000964.609,latency_s,6.271468
1757000964.609,latency_s,6.319550
1757000964.609,latency_s,6.170835
1757000964.609,latency_s,6.219309
1757000964.855,latency_s,6.665066
1757000964.855,latency_s,6.564897
1757000964.855,latency_s,6.464635
1757000964.855,latency_s,6.567767
1757000964.855,latency_s,6.466791
1757000964.855,latency_s,6.557612
1757000964.855,latency_s,6.456617
1757000964.856,latency_s,6.565778
1757000964.856,latency_s,6.465622
1757000964.856,latency_s,6.364645
1757000964.856,latency_s,6.566187
1757000964.856,latency_s,6.465892
1757000964.856,latency_s,6.365563
1757000964.856,latency_s,6.607879
1757000964.856,latency_s,6.507776
1757000964.856,latency_s,6.407158
1757000964.856,latency_s,6.539918
1757000964.893,latency_s,6.418024
1757000964.893,latency_s,6.449262
1757000964.894,latency_s,6.349423
1757000965.178,latency_s,6.331656
1757000965.178,latency_s,6.501870
1757000965.178,latency_s,6.231639
1757000965.179,latency_s,6.403022
1757000965.179,latency_s,6.302389
1757000965.179,latency_s,6.486880
1757000965.179,latency_s,6.386001
1757000965.179,latency_s,6.285376
1757000965.179,latency_s,6.386421
1757000965.179,latency_s,6.284451
1757000965.179,latency_s,6.184183
1757000965.179,latency_s,6.386493
1757000965.179,latency_s,6.285693
1757000965.179,latency_s,6.185302
1757000965.179,latency_s,6.386127
1757000965.180,latency_s,6.285595
1757000965.180,latency_s,6.184901
1757000965.180,latency_s,6.388871
1757000965.180,latency_s,6.288083
1757000965.180,latency_s,6.186984
1757000965.180,latency_s,6.435158
1757000965.180,latency_s,6.334096
1757000965.180,latency_s,6.233263
1757000965.180,latency_s,6.131850
1757000965.180,latency_s,6.376332
1757000965.463,latency_s,6.558821
1757000965.463,latency_s,6.458069
1757000965.463,latency_s,6.670010
1757000965.463,latency_s,6.568152
1757000965.463,latency_s,6.469079
1757000965.463,latency_s,6.368715
1757000965.463,latency_s,6.268735
1757000965.747,latency_s,6.298748
1757000965.748,latency_s,6.468710
1757000965.748,latency_s,6.368201
1757000965.750,latency_s,6.269362
1757000965.750,latency_s,6.454617
1757000965.750,latency_s,6.353349
1757000965.750,latency_s,6.253323
1757000965.750,latency_s,6.453329
1757000965.750,latency_s,6.352198
1757000965.750,latency_s,6.251356
1757000965.750,latency_s,6.453431
1757000965.750,latency_s,6.352484
1757000965.750,latency_s,6.251685
1757000965.750,latency_s,6.352750
1757000965.750,latency_s,6.251884
1757000965.751,latency_s,6.352538
1757000965.751,latency_s,6.251720
1757000965.751,latency_s,6.401089
1757000965.751,latency_s,6.150882
1757000965.751,latency_s,6.300257
1757000965.751,latency_s,6.200026
1757000965.751,latency_s,6.341037
1757000965.751,latency_s,6.240422
1757000965.751,latency_s,6.139393
1757000965.751,latency_s,6.353150
1757000966.896,latency_s,7.298423
1757000966.896,latency_s,7.197832
1757000966.896,latency_s,7.097896
1757000966.896,latency_s,7.296529
1757000966.896,latency_s,7.196335
1757000966.896,latency_s,7.095336
1757000966.896,latency_s,7.297064
1757000966.896,latency_s,6.896966
1757000966.896,latency_s,6.796879
1757000966.896,latency_s,6.994507
1757000966.896,latency_s,6.893820
1757000966.896,latency_s,6.793440
1757000966.897,latency_s,6.995612
1757000966.897,latency_s,6.895219
1757000966.897,latency_s,6.794578
1757000966.897,latency_s,6.931739
1757000966.897,latency_s,6.995498
1757000966.897,latency_s,6.831264
1757000966.897,latency_s,6.895187
1757000966.897,latency_s,6.731127
1757000966.897,latency_s,6.794700
1757000966.897,latency_s,6.894301
1757000966.897,latency_s,6.794158
1757000966.897,latency_s,6.983761
1757000966.897,latency_s,6.883276
1757000966.897,latency_s,6.782711
1757000966.897,latency_s,6.894550
1757000966.897,latency_s,6.794618
1757000966.898,latency_s,6.894886
1757000966.898,latency_s,6.794768
1757000966.898,latency_s,6.694475
1757000966.898,latency_s,6.935716
1757000967.180,latency_s,6.424000
1757000967.182,latency_s,6.325488
1757000967.182,latency_s,6.494397
1757000967.182,latency_s,6.393838
1757000967.467,latency_s,6.578557
1757000967.468,latency_s,6.698400
1757000967.468,latency_s,6.597727
1757000967.468,latency_s,6.765600
1757000967.468,latency_s,6.665429
1757000967.468,latency_s,6.564806
1757000967.468,latency_s,6.660965
1757000967.468,latency_s,6.560674
1757000967.468,latency_s,6.662092
1757000967.468,latency_s,6.561915
1757000967.468,latency_s,6.460526
1757000967.468,latency_s,6.660733
1757000967.468,latency_s,6.659795
1757000967.468,latency_s,6.560527
1757000967.468,latency_s,6.559528
1757000967.469,latency_s,6.460728
1757000967.469,latency_s,6.459921
1757000967.469,latency_s,6.649748
1757000967.469,latency_s,6.549038
1757000967.469,latency_s,6.446905
1757000967.469,latency_s,6.741214
1757000967.469,latency_s,6.640489
1757000967.469,latency_s,6.310561
1757000967.469,latency_s,6.378454
1757000967.469,latency_s,6.277751
1757000967.469,latency_s,6.499192
1757000967.753,latency_s,6.681612
1757000967.753,latency_s,6.581936
1757000967.753,latency_s,6.749432
1757000968.114,latency_s,6.640231
1757000968.114,latency_s,6.808308
1757000968.114,latency_s,6.708131
1757000968.114,latency_s,6.305810
1757000968.114,latency_s,6.503562
1757000968.114,latency_s,6.403216
1757000968.114,latency_s,6.302277
1757000968.114,latency_s,6.504074
1757000968.323,latency_s,6.612160
1757000968.323,latency_s,6.511575
1757000968.323,latency_s,6.711073
1757000968.323,latency_s,6.710895
1757000968.323,latency_s,6.610024
1757000968.323,latency_s,6.609911
1757000968.323,latency_s,6.509251
1757000968.323,latency_s,6.509245
1757000968.323,latency_s,6.696280
1757000968.323,latency_s,6.594756
1757000968.323,latency_s,6.493884
1757000968.329,latency_s,6.696564
1757000968.329,latency_s,6.595958
1757000968.329,latency_s,6.495848
1757000968.329,latency_s,6.616749
1757000968.329,latency_s,6.515407
1757000968.329,latency_s,6.616812
1757000968.329,latency_s,6.515812
1757000968.330,latency_s,6.415632
1757000968.330,latency_s,6.647974
1757000968.330,latency_s,6.546032
1757000968.330,latency_s,6.454149
1757000968.330,latency_s,6.352538
1757000968.330,latency_s,6.252409
1757000968.607,latency_s,6.227987
1757000968.607,latency_s,6.497618
1757000968.607,latency_s,6.397172
1757000969.108,latency_s,6.797067
1757000969.108,latency_s,6.992993
1757000969.108,latency_s,6.892527
1757000969.108,latency_s,6.792435
1757000969.108,latency_s,6.893833
1757000969.108,latency_s,6.628705
1757000969.108,latency_s,6.528016
1757000969.108,latency_s,6.697308
1757000969.108,latency_s,6.596716
1757000969.108,latency_s,6.496062
1757000969.108,latency_s,6.692451
1757000969.108,latency_s,6.592081
1757000969.108,latency_s,6.491556
1757000969.108,latency_s,6.592401
1757000969.109,latency_s,6.492162
1757000969.109,latency_s,6.592481
1757000969.109,latency_s,6.492302
1757000969.109,latency_s,6.391152
1757000969.109,latency_s,6.592497
1757000969.109,latency_s,6.492017
1757000969.109,latency_s,6.391247
1757000969.109,latency_s,6.590890
1757000969.109,latency_s,6.490702
1757000969.109,latency_s,6.390071
1757000969.109,latency_s,6.570262
1757000969.109,latency_s,6.468339
1757000969.109,latency_s,6.366443
1757000969.109,latency_s,6.592861
1757000969.110,latency_s,6.492652
1757000969.537,latency_s,6.824572
1757000969.537,latency_s,6.723962
1757000969.537,latency_s,6.622330
1757000969.537,latency_s,6.418573
1757000969.537,latency_s,6.318022
1757000969.537,latency_s,6.518237
1757000969.537,latency_s,6.418106
1757000969.537,latency_s,6.317874
1757000969.537,latency_s,6.518519
1757000969.538,latency_s,6.418277
1757000969.538,latency_s,6.317986
1757000969.538,latency_s,6.417820
1757000969.538,latency_s,6.418775
1757000969.538,latency_s,6.317742
1757000969.538,latency_s,6.318339
1757000969.538,latency_s,6.489928
1757000969.538,latency_s,6.389276
1757000969.679,latency_s,6.429463
1757000969.679,latency_s,6.560061
1757000969.679,latency_s,6.459380
1757000969.679,latency_s,6.631427
1757000969.679,latency_s,6.530810
1757000969.679,latency_s,6.358900
1757000969.679,latency_s,6.429873
1757000969.679,latency_s,6.560583
1757000969.679,latency_s,6.460027
1757000969.679,latency_s,6.359407
1757000969.679,latency_s,6.578041
1757000969.679,latency_s,6.477301
1757000969.682,latency_s,6.296584
1757000969.682,latency_s,6.196001
1757000969.682,latency_s,6.361544
1757000969.963,latency_s,6.276079
1757000969.963,latency_s,6.176097
1757000969.963,latency_s,6.340626
1757000969.964,latency_s,6.240714
1757000970.009,latency_s,6.387051
1757000970.009,latency_s,6.286833
1757000970.009,latency_s,6.186629
1757000970.009,latency_s,6.387104
1757000970.009,latency_s,6.286791
1757000970.009,latency_s,6.186640
1757000970.009,latency_s,6.387551
1757000970.009,latency_s,6.387224
1757000970.009,latency_s,6.287336
1757000970.009,latency_s,6.187163
1757000970.009,latency_s,6.287116
1757000970.247,latency_s,6.425023
1757000970.247,latency_s,6.595563
1757000970.249,latency_s,6.361005
1757000970.249,latency_s,6.260462
1757000970.249,latency_s,6.429828
1757000970.249,latency_s,6.329189
1757000970.249,latency_s,6.160410
1757000970.249,latency_s,6.228577
1757000970.249,latency_s,6.426651
1757000970.249,latency_s,6.326269
1757000970.249,latency_s,6.226139
1757000970.249,latency_s,6.326910
1757000970.249,latency_s,6.226585
1757000970.249,latency_s,6.126310
1757000970.249,latency_s,6.326986
1757000970.250,latency_s,6.226558
1757000970.250,latency_s,6.126338
1757000970.531,latency_s,6.200682
1757000970.531,latency_s,6.358262
1757000970.532,latency_s,6.258312
1757000970.532,latency_s,6.342952
1757000970.534,latency_s,6.243913
1757000970.534,latency_s,6.412928
1757000970.534,latency_s,6.312278
1757000970.534,latency_s,6.212147
1757000970.534,latency_s,6.410382
1757000970.534,latency_s,6.309933
1757000970.534,latency_s,6.209828
1757000970.534,latency_s,6.309987
1757000970.534,latency_s,6.209861
1757000970.534,latency_s,6.309937
1757000970.534,latency_s,6.209682
1757000970.815,latency_s,6.223880
1757000970.816,latency_s,6.392762
1757000970.816,latency_s,6.293404
1757000970.817,latency_s,6.192916
1757000970.817,latency_s,6.392342
1757000970.817,latency_s,6.292281
1757000970.817,latency_s,6.191830
1757000970.817,latency_s,6.392269
1757000970.817,latency_s,6.292033
1757000970.817,latency_s,6.191735
1757000970.817,latency_s,6.292023
1757000970.817,latency_s,6.384260
1757000970.817,latency_s,6.191847
1757000970.818,latency_s,6.285121
1757000970.818,latency_s,6.183006
1757000970.818,latency_s,6.293859
1757000970.818,latency_s,6.193521
1757000971.100,latency_s,6.307576
1757000971.100,latency_s,6.275706
1757000971.102,latency_s,6.176808
1757000971.102,latency_s,6.208954
1757000971.102,latency_s,6.376930
1757000971.102,latency_s,6.276814
1757000971.102,latency_s,6.176641
1757000971.102,latency_s,6.375419
1757000971.102,latency_s,6.275105
1757000971.102,latency_s,6.174859
1757000971.102,latency_s,6.375662
1757000971.102,latency_s,6.274980
1757000971.102,latency_s,6.174541
1757000971.102,latency_s,6.366159
1757000971.102,latency_s,6.264830
1757000971.384,latency_s,6.358637
1757000971.671,latency_s,6.545176
1757000971.671,latency_s,6.445199
1757000971.671,latency_s,6.643485
1757000971.671,latency_s,6.542839
1757000971.671,latency_s,6.442587
1757000971.672,latency_s,6.643231
1757000971.672,latency_s,6.542686
1757000971.672,latency_s,6.442463
1757000971.672,latency_s,6.631365
1757000971.672,latency_s,6.530779
1757000971.672,latency_s,6.428146
1757000971.672,latency_s,6.644267
1757000971.672,latency_s,6.543130
1757000971.672,latency_s,6.442913
1757000971.672,latency_s,6.646335
1757000971.672,latency_s,6.545887
1757000971.672,latency_s,6.295506
1757000971.955,latency_s,6.478776
1757000971.956,latency_s,6.629047
1757000971.956,latency_s,6.528471
1757000971.956,latency_s,6.428142
1757000971.956,latency_s,6.626374
1757000971.956,latency_s,6.526200
1757000971.956,latency_s,6.425037
1757000971.956,latency_s,6.629524
1757000971.956,latency_s,6.528960
1757000971.956,latency_s,6.428728
1757000971.956,latency_s,6.626587
1757000971.956,latency_s,6.526241
1757000971.956,latency_s,6.611788
1757000971.956,latency_s,6.510917
1757000971.957,latency_s,6.159466
1757000972.240,latency_s,6.290711
1757000972.241,latency_s,6.190154
1757000972.242,latency_s,6.344044
1757000972.242,latency_s,6.243434
1757000972.242,latency_s,6.364458
1757000972.242,latency_s,6.264258
1757000972.242,latency_s,6.164128
1757000972.242,latency_s,6.308294
1757000972.242,latency_s,6.312093
1757000972.242,latency_s,6.208173
1757000972.242,latency_s,6.210024
1757000972.242,latency_s,6.291045
1757000972.242,latency_s,6.190735
1757000972.242,latency_s,6.308747
1757000972.242,latency_s,6.208297
1757000972.242,latency_s,6.108001
1757000972.242,latency_s,6.312566
1757000972.525,latency_s,6.145909
1757000972.525,latency_s,6.390406
1757000972.527,latency_s,6.291810
1757000972.527,latency_s,6.191664
1757000972.527,latency_s,6.393506
1757000972.527,latency_s,6.293338
1757000972.527,latency_s,6.193222
1757000972.527,latency_s,6.373898
1757000972.527,latency_s,6.273534
1757000972.527,latency_s,6.292326
1757000972.527,latency_s,6.173107
1757000972.527,latency_s,6.192225
1757000972.527,latency_s,6.295594
1757000972.527,latency_s,6.194918
1757000972.527,latency_s,6.093268
1757000972.809,latency_s,6.408299
1757000972.809,latency_s,6.308263
1757000972.809,latency_s,6.208165
1757000972.812,latency_s,6.332724
1757000972.812,latency_s,6.232589
1757000972.812,latency_s,6.376071
1757000972.812,latency_s,6.377641
1757000972.812,latency_s,6.275109
1757000972.812,latency_s,6.277610
1757000972.812,latency_s,6.174656
1757000972.812,latency_s,6.176986
1757000972.812,latency_s,6.357234
1757000972.812,latency_s,6.376795
1757000972.812,latency_s,6.275476
1757000972.812,latency_s,6.256262
1757000972.812,latency_s,6.174968
1757000972.812,latency_s,6.153755
1757000973.094,latency_s,6.356076
1757000973.094,latency_s,6.255342
1757000973.094,latency_s,6.154935
1757000973.094,latency_s,6.358800
1757000973.096,latency_s,6.258647
1757000973.096,latency_s,6.157532
1757000973.096,latency_s,6.336983
1757000973.096,latency_s,6.358690
1757000973.096,latency_s,6.258511
1757000973.096,latency_s,6.233462
1757000973.097,latency_s,6.157362
1757000973.097,latency_s,6.132865
1757000973.097,latency_s,6.361562
1757000973.097,latency_s,6.260820
1757000973.097,latency_s,6.159180
1757000973.378,latency_s,6.174031
1757000973.378,latency_s,6.396261
1757000973.379,latency_s,6.295866
1757000973.379,latency_s,6.195244
1757000973.379,latency_s,6.339187
1757000973.425,latency_s,6.385757
1757000973.425,latency_s,6.285649
1757000973.425,latency_s,6.285604
1757000973.426,latency_s,6.185128
1757000973.426,latency_s,6.185284
1757000973.426,latency_s,6.385753
1757000973.426,latency_s,6.285592
1757000973.426,latency_s,6.185325
1757000973.426,latency_s,6.387375
1757000973.426,latency_s,6.287270
1757000973.426,latency_s,6.187153
1757000974.025,latency_s,6.946305
1757000974.025,latency_s,6.581616
1757000974.025,latency_s,6.767515
1757000974.025,latency_s,6.666823
1757000974.026,latency_s,6.566139
1757000974.026,latency_s,6.721210
1757000974.026,latency_s,6.620585
1757000974.026,latency_s,6.519912
1757000974.026,latency_s,6.741507
1757000974.026,latency_s,6.641408
1757000974.026,latency_s,6.540671
1757000974.026,latency_s,6.684755
1757000974.026,latency_s,6.684810
1757000974.026,latency_s,6.581250
1757000974.026,latency_s,6.584101
1757000974.026,latency_s,6.483652
1757000974.026,latency_s,6.500486
1757000974.026,latency_s,6.399759
1757000974.026,latency_s,6.481777
1757000974.026,latency_s,6.381454
1757000974.026,latency_s,6.279843
1757000974.233,latency_s,6.673028
1757000974.233,latency_s,6.572635
1757000974.233,latency_s,6.471908
1757000974.233,latency_s,6.626328
1757000974.233,latency_s,6.526182
1757000974.233,latency_s,6.647223
1757000974.233,latency_s,6.545571
1757000974.233,latency_s,6.444501
1757000974.233,latency_s,6.587121
1757000974.233,latency_s,6.486615
1757000974.233,latency_s,6.590744
1757000974.310,latency_s,6.362316
1757000974.517,latency_s,6.367711
1757000974.518,latency_s,6.307376
1757000974.518,latency_s,6.267643
1757000974.518,latency_s,6.167521
1757000974.636,latency_s,6.325839
1757000974.636,latency_s,6.386753
1757000974.637,latency_s,6.286622
1757000974.637,latency_s,6.453018
1757000974.637,latency_s,6.389205
1757000974.637,latency_s,6.352960
1757000974.637,latency_s,6.289019
1757000974.637,latency_s,6.252704
1757000974.637,latency_s,6.437384
1757000974.637,latency_s,6.334646
1757000974.637,latency_s,6.233845
1757000974.803,latency_s,6.555848
1757000974.803,latency_s,6.455836
1757000974.803,latency_s,6.355637
1757000974.803,latency_s,6.626722
1757000974.803,latency_s,6.524103
1757000974.804,latency_s,6.421583
1757000974.804,latency_s,6.560760
1757000974.804,latency_s,6.460563
1757000974.804,latency_s,6.360429
1757000974.804,latency_s,6.555160
1757000974.804,latency_s,6.454228
1757000974.804,latency_s,6.353750
1757000974.804,latency_s,6.556363
1757000974.804,latency_s,6.455928
1757000974.804,latency_s,6.355770
1757000974.804,latency_s,6.393341
1757000974.804,latency_s,6.153142
1757000975.088,latency_s,6.286087
1757000975.088,latency_s,6.185503
1757000975.088,latency_s,6.336746
1757000975.088,latency_s,6.236582
1757000975.088,latency_s,6.135968
1757000975.130,latency_s,6.419165
1757000975.131,latency_s,6.318646
1757000975.131,latency_s,6.218531
1757000975.131,latency_s,6.380917
1757000975.131,latency_s,6.344386
1757000975.131,latency_s,6.379449
1757000975.131,latency_s,6.244187
1757000975.131,latency_s,6.280224
1757000975.131,latency_s,6.279171
1757000975.131,latency_s,6.144186
1757000975.372,latency_s,6.404253
1757000975.375,latency_s,6.306325
1757000975.375,latency_s,6.206276
1757000975.375,latency_s,6.370684
1757000975.375,latency_s,6.269487
1757000975.375,latency_s,6.166826
1757000975.375,latency_s,6.322476
1757000975.375,latency_s,6.222143
1757000975.375,latency_s,6.362040
1757000975.375,latency_s,6.261345
1757000975.375,latency_s,6.160673
1757000975.375,latency_s,6.121870
1757000975.375,latency_s,6.323696
1757000975.375,latency_s,6.322483
1757000975.375,latency_s,6.264280
1757000975.375,latency_s,6.287138
1757000975.375,latency_s,6.223032
1757000975.656,latency_s,6.386739
1757000975.656,latency_s,6.286159
1757000975.656,latency_s,6.185533
1757000975.656,latency_s,6.347517
1757000975.660,latency_s,6.249418
1757000975.660,latency_s,6.147784
1757000975.660,latency_s,6.306393
1757000975.660,latency_s,6.206234
1757000975.660,latency_s,6.344966
1757000975.660,latency_s,6.244797
1757000975.660,latency_s,6.144153
1757000975.660,latency_s,6.347122
1757000975.660,latency_s,6.306847
1757000975.660,latency_s,6.269648
1757000975.660,latency_s,6.246993
1757000975.940,latency_s,6.268301
1757000975.940,latency_s,6.326731
1757000975.942,latency_s,6.226620
1757000975.942,latency_s,6.325168
1757000975.942,latency_s,6.225029
1757000975.942,latency_s,6.124287
1757000975.942,latency_s,6.350500
1757000975.942,latency_s,6.287058
1757000975.942,latency_s,6.250438
1757000975.942,latency_s,6.287302
1757000975.942,latency_s,6.327893
1757000975.942,latency_s,6.186250
1757000975.942,latency_s,6.149945
1757000975.942,latency_s,6.085655
1757000975.942,latency_s,6.227239
1757000975.942,latency_s,6.186496
1757000975.942,latency_s,6.125596
1757000976.224,latency_s,6.350774
1757000976.224,latency_s,6.250747
1757000976.224,latency_s,6.306159
1757000976.227,latency_s,6.208938
1757000976.227,latency_s,6.410283
1757000976.227,latency_s,6.309733
1757000976.227,latency_s,6.209109
1757000976.227,latency_s,6.108639
1757000976.227,latency_s,6.334382
1757000976.227,latency_s,6.234168
1757000976.227,latency_s,6.270243
1757000976.227,latency_s,6.270499
1757000976.227,latency_s,6.309955
1757000976.227,latency_s,6.170187
1757000976.227,latency_s,6.209366
1757000976.509,latency_s,6.244648
1757000976.509,latency_s,6.143968
1757000976.509,latency_s,6.390976
1757000976.509,latency_s,6.290296
1757000976.512,latency_s,6.192080
1757000976.512,latency_s,6.290948
1757000976.512,latency_s,6.190240
1757000976.512,latency_s,6.354074
1757000976.512,latency_s,6.253502
1757000976.512,latency_s,6.317693
1757000976.512,latency_s,6.292153
1757000976.512,latency_s,6.152816
1757000976.512,latency_s,6.190221
1757000976.512,latency_s,6.216539
1757000976.512,latency_s,6.086701
1757000976.512,latency_s,6.116381
1757000976.512,latency_s,6.254827
1757000976.794,latency_s,6.334376
1757000976.794,latency_s,6.234227
1757000976.794,latency_s,6.418818
1757000976.794,latency_s,6.318690
1757000976.794,latency_s,6.217445
1757000976.794,latency_s,6.374447
1757000976.795,latency_s,6.273774
1757000976.795,latency_s,6.173174
1757000976.795,latency_s,6.372107
1757000976.795,latency_s,6.272092
1757000976.796,latency_s,6.172502
1757000976.796,latency_s,6.330074
1757000976.796,latency_s,6.229386
1757000976.796,latency_s,6.128354
1757000976.796,latency_s,6.269911
1757000977.079,latency_s,6.217859
1757000977.079,latency_s,6.402082
1757000977.080,latency_s,6.301852
1757000977.080,latency_s,6.201321
1757000977.080,latency_s,6.357817
1757000977.080,latency_s,6.257618
1757000977.080,latency_s,6.156992
1757000977.080,latency_s,6.355994
1757000977.080,latency_s,6.255838
1757000977.080,latency_s,6.155118
1757000977.080,latency_s,6.311572
1757000977.080,latency_s,6.210029
1757000977.080,latency_s,6.109337
1757000977.080,latency_s,6.282627
1757000977.080,latency_s,6.318975
1757000977.080,latency_s,6.353165
1757000977.080,latency_s,6.182009
1757000977.364,latency_s,6.358878
1757000977.365,latency_s,6.257862
1757000977.365,latency_s,6.402889
1757000977.365,latency_s,6.301874
1757000977.365,latency_s,6.201295
1757000977.365,latency_s,6.385952
1757000977.365,latency_s,6.285447
1757000977.649,latency_s,6.468827
1757000977.649,latency_s,6.625528
1757000977.649,latency_s,6.525325
1757000977.649,latency_s,6.424539
1757000977.649,latency_s,6.623533
1757000977.649,latency_s,6.521610
1757000977.649,latency_s,6.420904
1757000977.649,latency_s,6.550776
1757000977.649,latency_s,6.369220
1757000977.651,latency_s,6.270090
1757000977.651,latency_s,6.579057
1757000977.651,latency_s,6.478448
1757000977.651,latency_s,6.377843
1757000977.651,latency_s,6.276179
1757000977.651,latency_s,6.175146
1757000977.651,latency_s,6.326171
1757000977.651,latency_s,6.226023
1757000977.651,latency_s,6.125824
1757000977.651,latency_s,6.322194
1757000977.652,latency_s,6.220611
1757000977.652,latency_s,6.119990
1757000977.652,latency_s,6.352500
1757000977.652,latency_s,6.251851
1757000977.652,latency_s,6.286889
1757000977.652,latency_s,6.185832
1757000977.933,latency_s,6.350188
1757000977.933,latency_s,6.249843
1757000977.933,latency_s,6.355551
1757000977.933,latency_s,6.254732
1757000977.934,latency_s,6.153262
1757000977.934,latency_s,6.307919
1757000977.935,latency_s,6.208569
1757000978.218,latency_s,6.433283
1757000978.218,latency_s,6.332728
1757000978.218,latency_s,6.232609
1757000978.218,latency_s,6.336510
1757000978.219,latency_s,6.237256
1757000978.219,latency_s,6.392532
1757000978.219,latency_s,6.291912
1757000978.219,latency_s,6.191206
1757000978.219,latency_s,6.380260
1757000978.219,latency_s,6.279603
1757000978.219,latency_s,6.178942
1757000978.219,latency_s,6.277154
1757000978.220,latency_s,6.349987
1757000978.220,latency_s,6.176107
1757000978.220,latency_s,6.318348
1757000978.220,latency_s,6.074478
1757000978.220,latency_s,6.217645
1757000978.220,latency_s,6.249746
1757000978.220,latency_s,6.117026
1757000978.220,latency_s,6.149166
1757000978.220,latency_s,6.253062
1757000978.260,latency_s,6.192359
1757000978.260,latency_s,6.355002
1757000978.260,latency_s,6.254690
1757000978.260,latency_s,6.154069
1757000978.502,latency_s,6.330202
1757000978.502,latency_s,6.230347
1757000978.503,latency_s,6.416738
1757000978.503,latency_s,6.316455
1757000978.503,latency_s,6.214936
1757000978.503,latency_s,6.421433
1757000978.504,latency_s,6.319077
1757000978.786,latency_s,6.197605
1757000979.070,latency_s,6.684720
1757000979.070,latency_s,6.583761
1757000979.070,latency_s,6.483670
1757000979.070,latency_s,6.902520
1757000979.071,latency_s,6.802129
1757000979.071,latency_s,6.701762
1757000979.071,latency_s,6.601616
1757000979.071,latency_s,6.500474
1757000979.071,latency_s,6.641661
1757000979.071,latency_s,6.541071
1757000979.071,latency_s,6.440468
1757000979.071,latency_s,6.628002
1757000979.071,latency_s,6.527712
1757000979.071,latency_s,6.427087
1757000979.071,latency_s,6.623154
1757000979.071,latency_s,6.565992
1757000979.071,latency_s,6.465816
1757000979.071,latency_s,6.596248
1757000979.071,latency_s,6.523001
1757000979.071,latency_s,6.365174
1757000979.071,latency_s,6.422531
1757000979.071,latency_s,6.494560
1757000979.071,latency_s,6.394259
1757000979.071,latency_s,6.563398
1757000979.072,latency_s,6.356707
1757000979.073,latency_s,6.256729
1757000979.073,latency_s,6.395994
1757000979.073,latency_s,6.295359
1757000979.073,latency_s,6.194879
1757000979.073,latency_s,6.384042
1757000979.073,latency_s,6.283358
1757000979.354,latency_s,6.337556
1757000979.358,latency_s,6.279254
1757000979.359,latency_s,6.367332
1757000979.359,latency_s,6.267221
1757000979.359,latency_s,6.368813
1757000979.359,latency_s,6.268211
1757000979.359,latency_s,6.167877
1757000979.359,latency_s,6.326539
1757000979.359,latency_s,6.225862
1757000979.359,latency_s,6.125276
1757000979.853,latency_s,6.804104
1757000979.853,latency_s,6.701539
1757000979.853,latency_s,6.845777
1757000979.853,latency_s,6.801796
1757000979.853,latency_s,6.745723
1757000979.853,latency_s,6.701580
1757000979.853,latency_s,6.600658
1757000979.854,latency_s,6.601166
1757000979.854,latency_s,6.645740
1757000979.854,latency_s,6.840604
1757000979.854,latency_s,6.740448
1757000979.854,latency_s,6.639726
1757000979.854,latency_s,6.774981
1757000979.854,latency_s,6.673856
1757000979.854,latency_s,6.573713
1757000979.854,latency_s,6.774859
1757000979.854,latency_s,6.673843
1757000979.854,latency_s,6.573308
1757000979.854,latency_s,6.461857
1757000979.854,latency_s,6.562766
1757000979.854,latency_s,6.462011
1757000979.854,latency_s,6.519787
1757000979.854,latency_s,6.419673
1757000979.931,latency_s,6.437811
1757000979.931,latency_s,6.336525
1757000979.931,latency_s,6.236155
1757000979.931,latency_s,6.395863
1757000979.931,latency_s,6.295205
1757000979.931,latency_s,6.195008
1757000979.931,latency_s,6.957474
1757000979.931,latency_s,6.855865
1757000979.931,latency_s,6.755696
1757000980.215,latency_s,6.341767
1757000980.215,latency_s,6.493980
1757000980.215,latency_s,6.393822
1757000980.215,latency_s,6.293779
1757000980.215,latency_s,6.431548
1757000980.787,latency_s,6.901433
1757000980.787,latency_s,6.801214
1757000980.787,latency_s,6.991162
1757000980.787,latency_s,6.890514
1757000980.787,latency_s,6.789911
1757000980.788,latency_s,6.992084
1757000980.788,latency_s,6.891833
1757000980.788,latency_s,6.791681
1757000980.788,latency_s,6.950914
1757000980.788,latency_s,6.850513
1757000980.788,latency_s,6.750319
1757000980.788,latency_s,6.922298
1757000980.788,latency_s,6.821449
1757000980.788,latency_s,6.831506
1757000980.788,latency_s,6.720597
1757000980.788,latency_s,6.876133
1757000980.788,latency_s,6.731125
1757000980.788,latency_s,6.775551
1757000980.788,latency_s,6.614170
1757000980.788,latency_s,6.766207
1757000980.789,latency_s,6.665691
1757000980.789,latency_s,6.565555
1757000980.789,latency_s,6.702568
1757000980.789,latency_s,6.602394
1757000980.789,latency_s,6.502118
1757000980.789,latency_s,6.690866
1757000980.789,latency_s,6.590315
1757000980.789,latency_s,6.413121
1757000980.789,latency_s,6.312286
1757000980.789,latency_s,6.465313
1757000980.789,latency_s,6.364656
1757000980.789,latency_s,6.264556
1757000981.072,latency_s,6.246177
1757000981.073,latency_s,6.385759
1757000981.074,latency_s,6.285633
1757000981.074,latency_s,6.370232
1757000981.074,latency_s,6.269034
1757000981.074,latency_s,6.329918
1757000981.075,latency_s,6.229968
1757000981.075,latency_s,6.129368
1757000981.075,latency_s,6.375190
1757000981.076,latency_s,6.274764
1757000981.359,latency_s,6.458174
1757000981.360,latency_s,6.641741
1757000981.360,latency_s,6.539157
1757000981.360,latency_s,6.577578
1757000981.360,latency_s,6.436586
1757000981.360,latency_s,6.475045
1757000981.360,latency_s,6.374536
1757000981.360,latency_s,6.570327
1757000981.360,latency_s,6.469870
1757000981.360,latency_s,6.369730
1757000981.360,latency_s,6.634683
1757000981.360,latency_s,6.534370
1757000981.360,latency_s,6.433541
1757000981.360,latency_s,6.572625
1757000981.360,latency_s,6.472513
1757000981.360,latency_s,6.371906
1757000981.360,latency_s,6.397567
1757000981.360,latency_s,6.297422
1757000981.360,latency_s,6.472000
1757000981.360,latency_s,6.371586
1757000981.360,latency_s,6.271224
1757000981.360,latency_s,6.454947
1757000981.360,latency_s,6.353064
1757000981.645,latency_s,6.481440
1757000981.645,latency_s,6.380981
1757000981.645,latency_s,6.280717
1757000981.645,latency_s,6.455111
1757000981.645,latency_s,6.351583
1757000981.645,latency_s,6.251367
1757000981.645,latency_s,6.437423
1757000981.645,latency_s,6.337283
1757000981.645,latency_s,6.237077
1757000981.931,latency_s,6.502768
1757000981.931,latency_s,6.402817
1757000981.931,latency_s,6.302181
1757000981.931,latency_s,6.465973
1757000981.931,latency_s,6.364490
1757000981.931,latency_s,6.263829
1757000981.931,latency_s,6.436748
1757000981.931,latency_s,6.336676
1757000981.931,latency_s,6.236294
1757000981.931,latency_s,6.422745
1757000981.931,latency_s,6.322209
1757000981.932,latency_s,6.221485
1757000982.217,latency_s,6.662531
1757000982.217,latency_s,6.561032
1757000982.217,latency_s,6.460927
1757000982.217,latency_s,6.611016
1757000982.217,latency_s,6.510834
1757000982.217,latency_s,6.587753
1757000982.217,latency_s,6.484476
1757000982.217,latency_s,6.384139
1757000982.217,latency_s,6.620795
1757000982.217,latency_s,6.519908
1757000982.217,latency_s,6.419785
1757000982.217,latency_s,6.522504
1757000982.218,latency_s,6.421341
1757000982.218,latency_s,6.320616
1757000982.218,latency_s,6.487962
1757000982.218,latency_s,6.387795
1757000982.218,latency_s,6.287139
1757000982.218,latency_s,6.449126
1757000982.218,latency_s,6.348449
1757000982.218,latency_s,6.421935
1757000982.501,latency_s,6.302856
1757000982.501,latency_s,6.470186
1757000982.786,latency_s,6.653162
1757000982.786,latency_s,6.553155
1757000982.786,latency_s,6.816221
1757000982.786,latency_s,6.714700
1757000982.786,latency_s,6.614518
1757000982.786,latency_s,6.688609
1757000982.787,latency_s,6.588222
1757000982.787,latency_s,6.487767
1757000982.787,latency_s,6.671951
1757000982.787,latency_s,6.570658
1757000982.791,latency_s,6.375494
1757000982.791,latency_s,6.273999
1757000982.791,latency_s,6.518887
1757000982.791,latency_s,6.417928
1757000982.792,latency_s,6.316610
1757000982.792,latency_s,6.392226
1757000982.792,latency_s,6.291674
1757000982.792,latency_s,6.372937
1757000982.792,latency_s,6.272318
1757000982.792,latency_s,6.331624
1757000982.792,latency_s,6.230943
1757000982.792,latency_s,6.381557
1757000982.792,latency_s,6.280854
1757000982.792,latency_s,6.180612
1757000982.792,latency_s,6.346098
1757000982.792,latency_s,6.244416
1757000982.792,latency_s,6.143307
1757000982.792,latency_s,6.290371
1757000982.792,latency_s,6.189928
1757000982.792,latency_s,6.089303
1757000983.071,latency_s,6.436079
1757000983.071,latency_s,6.352825
1757000983.076,latency_s,6.500890
1757000983.076,latency_s,6.400329
1757000983.076,latency_s,6.298844
1757000983.077,latency_s,6.476478
1757000983.077,latency_s,6.376207
1757000983.077,latency_s,6.271833
1757000983.077,latency_s,6.456750
1757000983.358,latency_s,6.636339
1757000983.358,latency_s,6.535604
1757000983.358,latency_s,6.696278
1757000983.358,latency_s,6.596119
1757000983.358,latency_s,6.495421
1757000983.358,latency_s,6.646061
1757000983.358,latency_s,6.545413
1757000983.358,latency_s,6.445312
1757000983.358,latency_s,6.608558
1757000983.358,latency_s,6.508108
1757000983.358,latency_s,6.407796
1757000983.358,latency_s,6.552908
1757000983.358,latency_s,6.452193
1757000983.358,latency_s,6.552310
1757000983.358,latency_s,6.452065
1757000983.358,latency_s,6.351423
1757000983.358,latency_s,6.557724
1757000983.358,latency_s,6.457253
1757000983.358,latency_s,6.357015
1757000983.361,latency_s,6.441463
1757000983.361,latency_s,6.339695
1757000983.361,latency_s,6.324199
1757000983.361,latency_s,6.480856
1757000983.361,latency_s,6.380690
1757000983.361,latency_s,6.279936
1757000983.645,latency_s,6.508010
1757000983.645,latency_s,6.463274
1757000983.645,latency_s,6.322633
1757000983.645,latency_s,6.361974
1757000983.646,latency_s,6.407884
1757000983.646,latency_s,6.261873
1757000983.646,latency_s,6.307325
1757000983.646,latency_s,6.432729
1757000983.646,latency_s,6.332561
1757000983.646,latency_s,6.232044
1757000983.646,latency_s,6.419787
1757000983.930,latency_s,6.601996
1757000983.930,latency_s,6.499465
1757000983.930,latency_s,6.665360
1757000983.930,latency_s,6.565125
1757000983.930,latency_s,6.464535
1757000983.930,latency_s,6.613642
1757000983.930,latency_s,6.511949
1757000983.930,latency_s,6.575604
1757000983.930,latency_s,6.474843
1757000983.930,latency_s,6.374348
1757000983.930,latency_s,6.622184
1757000983.931,latency_s,6.521949
1757000983.931,latency_s,6.421793
1757000983.931,latency_s,6.583243
1757000983.931,latency_s,6.481378
1757000983.931,latency_s,6.446612
1757000983.931,latency_s,6.305432
1757000983.931,latency_s,6.346328
1757000983.931,latency_s,6.492151
1757000983.931,latency_s,6.391969
1757000983.931,latency_s,6.291330
1757000984.503,latency_s,6.675498
1757000984.503,latency_s,6.818131
1757000984.503,latency_s,6.575101
1757000984.503,latency_s,6.662595
1757000984.503,latency_s,6.718257
1757000984.503,latency_s,6.561971
1757000984.503,latency_s,6.617839
1757000984.503,latency_s,6.686313
1757000984.504,latency_s,6.585248
1757000984.504,latency_s,6.670703
1757000984.504,latency_s,6.569406
1757000984.504,latency_s,6.361341
1757000984.505,latency_s,6.316897
1757000984.505,latency_s,6.262233
1757000984.505,latency_s,6.476699
1757000984.505,latency_s,6.376152
1757000984.505,latency_s,6.275582
1757000984.505,latency_s,6.486617
1757000984.505,latency_s,6.386405
1757000984.505,latency_s,6.286095
1757000984.505,latency_s,6.470696
1757000984.505,latency_s,6.370008
1757000984.506,latency_s,6.269882
1757000984.787,latency_s,6.616881
1757000984.788,latency_s,6.516461
1757000984.788,latency_s,6.664346
1757000984.788,latency_s,6.564229
1757000984.788,latency_s,6.463707
1757000984.788,latency_s,6.622202
1757000984.788,latency_s,6.522153
1757000984.788,latency_s,6.421644
1757000984.788,latency_s,6.573593
1757000984.789,latency_s,6.468719
1757000985.073,latency_s,6.238055
1757000985.073,latency_s,6.450837
1757000985.073,latency_s,6.350401
1757000985.073,latency_s,6.250118
1757000985.074,latency_s,6.435039
1757000985.074,latency_s,6.334419
1757000985.074,latency_s,6.233874
1757000985.074,latency_s,6.400751
1757000985.074,latency_s,6.300565
1757000985.645,latency_s,6.917176
1757000985.645,latency_s,6.816636
1757000985.646,latency_s,6.715625
1757000985.646,latency_s,6.772079
1757000985.646,latency_s,6.874230
1757000985.646,latency_s,6.773607
1757000985.646,latency_s,6.672971
1757000985.646,latency_s,6.927691
1757000985.646,latency_s,6.827534
1757000985.646,latency_s,6.726761
1757000985.646,latency_s,6.821682
1757000985.646,latency_s,6.828504
1757000985.646,latency_s,6.828597
1757000985.646,latency_s,6.727156
1757000985.646,latency_s,6.828139
1757000985.646,latency_s,6.728530
1757000985.646,latency_s,6.627490
1757000985.646,latency_s,6.720170
1757000985.646,latency_s,6.627100
1757000985.646,latency_s,6.753381
1757000985.646,latency_s,6.700545
1757000985.646,latency_s,6.652786
1757000985.646,latency_s,6.600024
1757000986.500,latency_s,7.252503
1757000986.500,latency_s,7.180018
1757000986.500,latency_s,7.205531
1757000986.501,latency_s,7.152839
1757000986.501,latency_s,7.262098
1757000986.501,latency_s,7.161947
1757000986.501,latency_s,7.256151
1757000986.501,latency_s,7.155672
1757000986.501,latency_s,7.055466
1757000986.501,latency_s,6.879256
1757000986.501,latency_s,6.649174
1757000986.501,latency_s,6.759331
1757000986.501,latency_s,6.659215
1757000986.501,latency_s,6.558022
1757000986.501,latency_s,6.753057
1757000986.501,latency_s,6.652654
1757000986.501,latency_s,6.551774
1757000986.501,latency_s,6.672238
1757000986.501,latency_s,6.572109
1757000986.501,latency_s,6.470909
1757000986.501,latency_s,6.623964
1757000986.501,latency_s,6.522841
1757000986.501,latency_s,6.660009
1757000986.784,latency_s,6.842489
1757000986.785,latency_s,6.741591
1757000986.785,latency_s,6.903888
1757000986.785,latency_s,6.803265
1757000986.785,latency_s,6.702640
1757000986.785,latency_s,6.854128
1757000986.785,latency_s,6.753529
1757000986.785,latency_s,6.653296
1757000986.785,latency_s,6.847830
1757000986.785,latency_s,6.430717
1757000987.069,latency_s,6.311911
1757000987.069,latency_s,6.441853
1757000987.069,latency_s,6.341164
1757000987.069,latency_s,6.240476
1757000987.069,latency_s,6.420340
1757000987.355,latency_s,6.605364
1757000987.355,latency_s,6.700001
1757000987.355,latency_s,6.599317
1757000987.355,latency_s,6.498838
1757000987.355,latency_s,6.721812
1757000987.355,latency_s,6.621603
1757000987.355,latency_s,6.521347
1757000987.355,latency_s,6.674587
1757000987.356,latency_s,6.573626
1757000987.356,latency_s,6.708669
1757000987.356,latency_s,6.473256
1757000987.356,latency_s,6.607978
1757000987.356,latency_s,6.507817
1757000987.356,latency_s,6.567567
1757000987.356,latency_s,6.467430
1757000987.356,latency_s,6.518334
1757000987.356,latency_s,6.418094
1757000987.712,latency_s,6.754485
1757000987.713,latency_s,6.654030
1757000987.713,latency_s,6.783909
1757000987.713,latency_s,6.683793
1757000987.713,latency_s,6.862235
1757000987.713,latency_s,6.761300
1757000987.925,latency_s,6.873047
1757000987.925,latency_s,6.965917
1757000987.925,latency_s,6.864328
1757000987.925,latency_s,6.763724
1757000987.925,latency_s,6.718283
1757000987.925,latency_s,6.616679
1757000987.997,latency_s,6.636718
1757000987.997,latency_s,6.868059
1757000987.997,latency_s,6.767687
1757000987.997,latency_s,6.566525
1757000987.998,latency_s,6.466394
1757000987.998,latency_s,6.365803
1757000987.998,latency_s,6.542676
1757000987.998,latency_s,6.442284
1757000987.998,latency_s,6.341400
1757000987.998,latency_s,6.532943
1757000987.998,latency_s,6.432368
1757000987.998,latency_s,6.329684
1757000987.998,latency_s,6.456872
1757000987.998,latency_s,6.356176
1757000987.998,latency_s,6.256058
1757000987.998,latency_s,6.413054
1757000987.999,latency_s,6.312949
1757000987.999,latency_s,6.446224
1757000987.999,latency_s,6.345846
1757000987.999,latency_s,6.245170
1757000988.209,latency_s,6.369232
1757000988.210,latency_s,6.270062
1757000988.210,latency_s,6.477672
1757000988.211,latency_s,6.377689
1757000988.211,latency_s,6.453326
1757000988.211,latency_s,6.277169
1757000988.494,latency_s,6.530185
1757000988.494,latency_s,6.428624
1757000988.494,latency_s,6.327986
1757000988.494,latency_s,6.454094
1757000988.536,latency_s,6.395285
1757000988.536,latency_s,6.502590
1757000988.536,latency_s,6.402469
1757000988.536,latency_s,6.477397
1757000988.536,latency_s,6.302239
1757000988.536,latency_s,6.376740
1757000988.536,latency_s,6.276429
1757000988.536,latency_s,6.460692
1757000988.536,latency_s,6.359137
1757000988.537,latency_s,6.256429
1757000988.537,latency_s,6.490913
1757000988.781,latency_s,6.634475
1757000988.781,latency_s,6.534416
1757000988.781,latency_s,6.693347
1757000988.782,latency_s,6.592919
1757000988.782,latency_s,6.492774
1757000988.782,latency_s,6.625910
1757000988.782,latency_s,6.523847
1757000988.782,latency_s,6.580616
1757000988.782,latency_s,6.480093
1757000988.782,latency_s,6.379704
1757000988.782,latency_s,6.532908
1757000988.782,latency_s,6.314043
1757000988.782,latency_s,6.540089
1757000988.782,latency_s,6.439479
1757000988.782,latency_s,6.338521
1757000988.782,latency_s,6.446990
1757000988.782,latency_s,6.346449
1757000989.065,latency_s,6.420774
1757000989.065,latency_s,6.318602
1757000989.065,latency_s,6.397128
1757000989.065,latency_s,6.295119
1757000989.066,latency_s,6.429005
1757000989.106,latency_s,6.543951
1757000989.106,latency_s,6.369279
1757000989.106,latency_s,6.442382
1757000989.106,latency_s,6.339450
1757000989.106,latency_s,6.421693
1757000989.106,latency_s,6.321191
1757000989.106,latency_s,6.457396
1757000989.106,latency_s,6.356767
1757000989.106,latency_s,6.256625
1757000989.106,latency_s,6.416043
1757000989.349,latency_s,6.377957
1757000989.351,latency_s,6.301641
1757000989.351,latency_s,6.278974
1757000989.351,latency_s,6.483551
1757000989.351,latency_s,6.513780
1757000989.351,latency_s,6.382827
1757000989.351,latency_s,6.281525
1757000989.351,latency_s,6.413056
1757000989.351,latency_s,6.312426
1757000989.351,latency_s,6.465733
1757000989.351,latency_s,6.365142
1757000989.351,latency_s,6.265030
1757000989.351,latency_s,6.400893
1757000989.351,latency_s,6.300589
1757000989.351,latency_s,6.200452
1757000989.352,latency_s,6.360703
1757000989.352,latency_s,6.260661
1757000989.634,latency_s,6.461464
1757000989.635,latency_s,6.405265
1757000989.635,latency_s,6.362091
1757000989.635,latency_s,6.305353
1757000990.142,latency_s,6.971327
1757000990.142,latency_s,7.002732
1757000990.142,latency_s,6.869941
1757000990.142,latency_s,6.902124
1757000990.142,latency_s,6.769389
1757000990.142,latency_s,6.801558
1757000990.142,latency_s,6.955000
1757000990.142,latency_s,6.854442
1757000990.142,latency_s,6.752640
1757000990.142,latency_s,6.891148
1757000990.425,latency_s,7.073678
1757000990.425,latency_s,6.951617
1757000990.425,latency_s,6.894365
1757000990.425,latency_s,6.851559
1757000990.425,latency_s,6.793730
1757000990.425,latency_s,6.951848
1757000990.425,latency_s,6.851687
1757000990.425,latency_s,6.984386
1757000990.426,latency_s,6.751369
1757000990.426,latency_s,6.884284
1757000990.426,latency_s,6.783564
1757000990.426,latency_s,6.935173
1757000990.426,latency_s,6.834416
1757000990.426,latency_s,6.734177
1757000990.426,latency_s,6.873757
1757000990.426,latency_s,6.773329
1757000990.426,latency_s,6.931927
1757000990.426,latency_s,6.831728
1757000990.426,latency_s,6.693507
1757000990.426,latency_s,6.593285
1757000990.426,latency_s,6.751826
1757000990.426,latency_s,6.669684
1757000990.487,latency_s,6.353024
1757000990.488,latency_s,6.412149
1757000990.489,latency_s,6.329400
1757000990.489,latency_s,6.311896
1757000990.489,latency_s,6.513484
1757000990.489,latency_s,6.445014
1757000990.489,latency_s,6.413413
1757000990.489,latency_s,6.344833
1757000990.489,latency_s,6.311975
1757000990.490,latency_s,6.244840
1757000990.772,latency_s,6.537074
1757000990.772,latency_s,6.436580
1757000990.776,latency_s,6.498175
1757000990.776,latency_s,6.339611
1757000990.776,latency_s,6.397855
1757000990.776,latency_s,6.297240
1757000990.776,latency_s,6.498147
1757000990.776,latency_s,6.396916
1757000990.776,latency_s,6.296328
1757000990.776,latency_s,6.431119
1757000990.776,latency_s,6.330957
1757000990.776,latency_s,6.419250
1757000990.776,latency_s,6.319126
1757000990.776,latency_s,6.218985
1757000990.776,latency_s,6.375460
1757000990.776,latency_s,6.274871
1757000990.776,latency_s,6.172289
1757000990.776,latency_s,6.377561
1757000990.776,latency_s,6.276973
1757000990.776,latency_s,6.175828
1757000990.776,latency_s,6.297617
1757000990.776,latency_s,6.196465
1757000991.057,latency_s,6.478275
1757000991.057,latency_s,6.289263
1757000991.060,latency_s,6.422980
1757000991.060,latency_s,6.322417
1757000991.060,latency_s,6.380850
1757000991.060,latency_s,6.280741
1757000991.060,latency_s,6.478940
1757000991.060,latency_s,6.515053
1757000991.061,latency_s,6.378115
1757000991.061,latency_s,6.415012
1757000991.341,latency_s,6.360239
1757000991.342,latency_s,6.471536
1757000991.342,latency_s,6.370956
1757000991.342,latency_s,6.270571
1757000991.347,latency_s,6.464626
1757000991.348,latency_s,6.500314
1757000991.348,latency_s,6.400205
1757000991.348,latency_s,6.364761
1757000991.348,latency_s,6.299737
1757000991.348,latency_s,6.264089
1757000991.348,latency_s,6.388574
1757000991.348,latency_s,6.287998
1757000991.348,latency_s,6.187857
1757000991.348,latency_s,6.440837
1757000991.348,latency_s,6.340596
1757000991.348,latency_s,6.239813
1757000991.348,latency_s,6.345485
1757000991.348,latency_s,6.244784
1757000991.348,latency_s,6.364727
1757000991.348,latency_s,6.264448
1757000991.348,latency_s,6.163635
1757000991.348,latency_s,6.275029
1757000991.626,latency_s,6.385998
1757000992.195,latency_s,7.113015
1757000992.195,latency_s,6.923337
1757000992.195,latency_s,6.854998
1757000992.195,latency_s,7.012577
1757000992.195,latency_s,6.912284
1757000992.195,latency_s,7.022840
1757000992.195,latency_s,6.921893
1757000992.195,latency_s,6.821191
1757000992.195,latency_s,7.010821
1757000992.195,latency_s,6.658317
1757000992.195,latency_s,6.755132
1757000992.195,latency_s,6.823304
1757000992.195,latency_s,6.654490
1757000992.195,latency_s,6.812029
1757000992.195,latency_s,6.722786
1757000992.196,latency_s,6.554399
1757000992.196,latency_s,6.712416
1757000992.196,latency_s,6.612383
1757000992.196,latency_s,6.623198
1757000992.196,latency_s,6.717483
1757000992.196,latency_s,6.617133
1757000992.196,latency_s,6.709260
1757000992.196,latency_s,6.744560
1757000992.197,latency_s,6.609014
1757000992.197,latency_s,6.643757
1757000992.197,latency_s,6.543082
1757000992.197,latency_s,6.734684
1757000992.197,latency_s,6.633546
1757000992.197,latency_s,6.533317
1757000992.197,latency_s,6.691344
1757000992.197,latency_s,6.591237
1757000992.197,latency_s,6.455011
1757000992.481,latency_s,6.495002
1757000992.840,latency_s,6.765229
1757000992.840,latency_s,6.897212
1757000992.840,latency_s,6.754671
1757000992.840,latency_s,6.797153
1757000992.840,latency_s,6.654049
1757000992.840,latency_s,6.665319
1757000992.840,latency_s,6.697102
1757000992.840,latency_s,6.859792
1757000992.841,latency_s,6.759618
1757000992.841,latency_s,6.659024
1757000992.841,latency_s,6.784390
1757000992.841,latency_s,6.683758
1757000992.841,latency_s,6.850892
1757000992.841,latency_s,6.596945
1757000992.841,latency_s,6.554219
1757000992.841,latency_s,6.496426
1757000992.841,latency_s,6.395296
1757000992.841,latency_s,6.453933
1757000992.841,latency_s,6.353801
1757000992.841,latency_s,6.559203
1757000992.841,latency_s,6.458579
1757000992.841,latency_s,6.357879
1757000992.841,latency_s,6.583504
1757000992.841,latency_s,6.548474
1757000992.841,latency_s,6.483162
1757000992.841,latency_s,6.382702
1757000992.841,latency_s,6.448368
1757000992.841,latency_s,6.348475
1757000992.842,latency_s,6.475347
1757000992.842,latency_s,6.375210
1757000992.842,latency_s,6.274632
1757000993.100,latency_s,6.321685
1757000993.127,latency_s,6.275197
1757000993.127,latency_s,6.174468
1757000993.411,latency_s,6.620611
1757000993.411,latency_s,6.520502
1757000993.411,latency_s,6.418279
1757000993.411,latency_s,6.651303
1757000993.411,latency_s,6.617249
1757000993.411,latency_s,6.549687
1757000993.411,latency_s,6.516706
1757000993.411,latency_s,6.449565
1757000993.411,latency_s,6.416504
1757000993.412,latency_s,6.621366
1757000993.412,latency_s,6.636254
1757000993.413,latency_s,6.536977
1757000993.413,latency_s,6.522500
1757000993.413,latency_s,6.436938
1757000993.413,latency_s,6.420027
1757000993.413,latency_s,6.561270
1757000993.413,latency_s,6.460558
1757000993.413,latency_s,6.360194
1757000993.413,latency_s,6.719845
1757000993.413,latency_s,6.619713
1757000993.413,latency_s,6.519523
1757000993.413,latency_s,6.419399
1757000993.413,latency_s,6.534385
1757000993.413,latency_s,6.565481
1757000993.413,latency_s,6.359743
1757000993.413,latency_s,6.318647
1757000993.413,latency_s,6.257650
1757000993.414,latency_s,6.217462
1757000993.414,latency_s,6.156417
1757000993.414,latency_s,6.351344
1757000993.695,latency_s,6.297695
1757000993.695,latency_s,6.197289
1757000993.700,latency_s,6.303019
1757000993.700,latency_s,6.336230
1757000993.981,latency_s,6.516791
1757000993.981,latency_s,6.622108
1757000993.981,latency_s,6.416497
1757000993.981,latency_s,6.483442
1757000993.981,latency_s,6.517574
1757000993.981,latency_s,6.599534
1757000993.981,latency_s,6.584254
1757000993.981,latency_s,6.416649
1757000993.981,latency_s,6.499490
1757000993.982,latency_s,6.382295
1757000993.982,latency_s,6.483471
1757000993.982,latency_s,6.398134
1757000993.982,latency_s,6.381129
1757000993.982,latency_s,6.627134
1757000993.982,latency_s,6.526546
1757000993.982,latency_s,6.425939
1757000993.982,latency_s,6.601075
1757000993.982,latency_s,6.500905
1757000993.982,latency_s,6.400421
1757000993.982,latency_s,6.588874
1757000993.982,latency_s,6.531184
1757000993.982,latency_s,6.488299
1757000993.984,latency_s,6.432441
1757000993.984,latency_s,6.390087
1757000994.025,latency_s,6.325644
1757000994.025,latency_s,6.224122
1757000994.025,latency_s,6.359960
1757000994.025,latency_s,6.324313
1757000994.025,latency_s,6.325901
1757000994.025,latency_s,6.360048
1757000994.268,latency_s,6.365909
1757000994.268,latency_s,6.264535
1757000994.269,latency_s,6.160096
1757000994.352,latency_s,6.384846
1757000994.352,latency_s,6.284222
1757000994.352,latency_s,6.183652
1757000994.352,latency_s,6.449661
1757000994.352,latency_s,6.348639
1757000994.352,latency_s,6.450113
1757000994.352,latency_s,6.246659
1757000994.352,latency_s,6.348676
1757000994.352,latency_s,6.362073
1757000994.352,latency_s,6.260800
1757000994.352,latency_s,6.247245
1757000994.352,latency_s,6.394923
1757000994.352,latency_s,6.294215
1757000994.353,latency_s,6.193578
1757000994.353,latency_s,6.397957
1757000994.353,latency_s,6.297216
1757000994.353,latency_s,6.197031
1757000994.353,latency_s,6.368932
1757000994.353,latency_s,6.268280
1757000994.353,latency_s,6.356660
1757000994.353,latency_s,6.256489
1757000994.553,latency_s,6.344260
1757000994.553,latency_s,6.243346
1757000994.553,latency_s,6.141771
1757000994.553,latency_s,6.284975
1757000994.553,latency_s,6.184886
1757000994.554,latency_s,6.347544
1757000994.554,latency_s,6.247362
1757000994.554,latency_s,6.146832
1757000994.838,latency_s,6.199131
1757000994.838,latency_s,6.325749
1757000994.838,latency_s,6.225431
1757000994.838,latency_s,6.369407
1757000994.879,latency_s,6.371856
1757000994.879,latency_s,6.372023
1757000994.879,latency_s,6.309835
1757000994.879,latency_s,6.379841
1757000994.879,latency_s,6.277858
1757000994.879,latency_s,6.270435
1757000994.879,latency_s,6.209273
1757000994.879,latency_s,6.174225
1757000994.879,latency_s,6.271521
1757000994.879,latency_s,6.169915
1757000994.879,latency_s,6.170964
1757000995.122,latency_s,6.561193
1757000995.123,latency_s,6.461078
1757000995.123,latency_s,6.564480
1757000995.123,latency_s,6.535784
1757000995.123,latency_s,6.435139
1757000995.123,latency_s,6.625256
1757000995.123,latency_s,6.464286
1757000995.123,latency_s,6.524589
1757000995.123,latency_s,6.363676
1757000995.481,latency_s,6.638803
1757000995.481,latency_s,6.767601
1757000995.481,latency_s,6.667417
1757000995.481,latency_s,6.567257
1757000995.481,latency_s,6.670231
1757000995.481,latency_s,6.569265
1757000995.481,latency_s,6.675697
1757000995.481,latency_s,6.468656
1757000995.482,latency_s,6.266210
1757000995.482,latency_s,6.374172
1757000995.482,latency_s,6.273540
1757000995.482,latency_s,6.370114
1757000995.491,latency_s,6.418879
1757000995.491,latency_s,6.182346
1757000995.491,latency_s,6.318311
1757000995.491,latency_s,6.279449
1757000995.491,latency_s,6.178437
1757000995.491,latency_s,6.218245
1757000995.491,latency_s,6.377755
1757000995.491,latency_s,6.276944
1757000995.491,latency_s,6.175760
1757000995.491,latency_s,6.427668
1757000995.491,latency_s,6.327072
1757000995.696,latency_s,6.349028
1757000995.696,latency_s,6.248839
1757000995.696,latency_s,6.380330
1757000995.696,latency_s,6.280109
1757000995.696,latency_s,6.179474
1757000995.696,latency_s,6.323094
1757000995.696,latency_s,6.287052
1757000995.696,latency_s,6.222933
1757000995.696,latency_s,6.283278
1757000995.980,latency_s,6.161753
1757000995.980,latency_s,6.363011
1757000995.980,latency_s,6.370249
1757000995.980,latency_s,6.261978
1757000995.980,latency_s,6.161883
1757000996.265,latency_s,6.553927
1757000996.265,latency_s,6.651321
1757000996.265,latency_s,6.551142
1757000996.265,latency_s,6.452872
1757000996.265,latency_s,6.451050
1757000996.265,latency_s,6.599080
1757000996.265,latency_s,6.498446
1757000996.265,latency_s,6.397819
1757000996.265,latency_s,6.596155
1757000996.265,latency_s,6.554738
1757000996.265,latency_s,6.573153
1757000996.266,latency_s,6.496394
1757000996.266,latency_s,6.454069
1757000996.266,latency_s,6.473880
1757000996.266,latency_s,6.353372
1757000996.266,latency_s,6.392956
1757000996.266,latency_s,6.373305
1757000996.266,latency_s,6.592580
1757000996.266,latency_s,6.146423
1757000996.266,latency_s,6.351996
1757000996.266,latency_s,6.251285
1757000996.267,latency_s,6.347265
1757000996.267,latency_s,6.353882
1757000996.267,latency_s,6.150454
1757000996.267,latency_s,6.246842
1757000996.267,latency_s,6.253111
1757000996.267,latency_s,6.146730
1757000996.833,latency_s,6.612584
1757000996.833,latency_s,6.511681
1757000996.833,latency_s,6.411039
1757000996.833,latency_s,6.617200
1757000996.834,latency_s,6.516753
1757000996.834,latency_s,6.619194
1757000996.834,latency_s,6.518943
1757000996.834,latency_s,6.416197
1757000996.834,latency_s,6.418647
1757000996.834,latency_s,6.612175
1757000996.834,latency_s,6.511188
1757000996.834,latency_s,6.410829
1757000996.834,latency_s,6.564917
1757000996.834,latency_s,6.464094
1757000996.834,latency_s,6.620157
1757000996.834,latency_s,6.519865
1757000996.834,latency_s,6.419546
1757000996.836,latency_s,6.558254
1757000996.836,latency_s,6.456557
1757000996.836,latency_s,6.355772
1757000996.836,latency_s,6.560025
1757000996.836,latency_s,6.459819
1757000996.836,latency_s,6.359578
1757000996.836,latency_s,6.521402
1757000996.836,latency_s,6.421170
1757000996.836,latency_s,6.541888
1757000996.836,latency_s,6.441752
1757000996.836,latency_s,6.341044
1757000996.836,latency_s,6.522232
1757000996.836,latency_s,6.422064
1757000996.836,latency_s,6.321420
1757000997.117,latency_s,6.491925
1757000997.119,latency_s,6.193655
1757000997.120,latency_s,6.300367
1757000997.120,latency_s,6.199745
1757000997.120,latency_s,6.302367
1757000997.404,latency_s,6.578196
1757000997.404,latency_s,6.383577
1757000997.404,latency_s,6.486212
1757000997.404,latency_s,6.477554
1757000997.404,latency_s,6.385850
1757000997.404,latency_s,6.375350
1757000997.405,latency_s,6.632658
1757000997.405,latency_s,6.532040
1757000997.405,latency_s,6.431885
1757000997.405,latency_s,6.588892
1757000997.405,latency_s,6.488759
1757000997.405,latency_s,6.617549
1757000997.405,latency_s,6.388798
1757000997.406,latency_s,6.175645
1757000997.406,latency_s,6.284651
1757000997.406,latency_s,6.183764
1757000997.406,latency_s,6.287464
1757000997.406,latency_s,6.276819
1757000997.406,latency_s,6.175610
1757000997.406,latency_s,6.186850
1757000997.407,latency_s,6.333583
1757000997.407,latency_s,6.233442
1757000997.407,latency_s,6.133051
1757000997.407,latency_s,6.289740
1757000997.407,latency_s,6.189139
1757000997.407,latency_s,6.087286
1757000997.407,latency_s,6.316871
1757000997.407,latency_s,6.216549
1757000997.689,latency_s,6.369666
1757000997.690,latency_s,6.265619
1757000997.690,latency_s,6.165483
1757000997.690,latency_s,6.269347
1757000997.691,latency_s,6.169827
1757000997.691,latency_s,6.317025
1757000997.975,latency_s,6.500690
1757000997.976,latency_s,6.401002
1757000997.976,latency_s,6.585202
1757000997.976,latency_s,6.485073
1757000997.976,latency_s,6.555738
1757000997.976,latency_s,6.384096
1757000997.976,latency_s,6.455113
1757000997.976,latency_s,6.354352
1757000997.976,latency_s,6.594781
1757000997.976,latency_s,6.645246
1757000997.976,latency_s,6.494522
1757000997.976,latency_s,6.544011
1757000997.976,latency_s,6.441896
1757000997.976,latency_s,6.394123
1757000997.976,latency_s,6.341255
1757000997.977,latency_s,6.556115
1757000997.977,latency_s,6.452517
1757000997.977,latency_s,6.352242
1757000997.977,latency_s,6.576916
1757000997.977,latency_s,6.571435
1757000997.977,latency_s,6.476324
1757000997.977,latency_s,6.470855
1757000997.977,latency_s,6.556349
1757000997.977,latency_s,6.375678
1757000997.977,latency_s,6.140227
1757000997.977,latency_s,6.354846
1757000998.014,latency_s,6.389487
1757000998.014,latency_s,6.291361
1757000998.014,latency_s,6.288817
1757000998.014,latency_s,6.189697
1757000998.260,latency_s,6.381036
1757000998.260,latency_s,6.280134
1757000999.116,latency_s,7.136190
1757000999.117,latency_s,7.179531
1757000999.117,latency_s,7.079237
1757000999.117,latency_s,7.191794
1757000999.117,latency_s,7.091466
1757000999.117,latency_s,7.189413
1757000999.117,latency_s,6.990209
1757000999.117,latency_s,7.087893
1757000999.117,latency_s,6.987500
1757000999.117,latency_s,7.140384
1757000999.117,latency_s,7.040149
1757000999.117,latency_s,7.121107
1757000999.117,latency_s,7.020299
1757000999.117,latency_s,7.192877
1757000999.117,latency_s,7.092673
1757000999.117,latency_s,6.992537
1757000999.117,latency_s,7.132664
1757000999.117,latency_s,7.031981
1757000999.117,latency_s,7.177134
1757000999.117,latency_s,6.931909
1757000999.117,latency_s,7.076039
1757000999.117,latency_s,6.975328
1757000999.118,latency_s,7.087219
1757000999.118,latency_s,6.986777
1757000999.118,latency_s,7.114223
1757000999.118,latency_s,7.014089
1757000999.118,latency_s,6.789015
1757000999.118,latency_s,6.887329
1757000999.118,latency_s,6.688074
1757000999.118,latency_s,6.786339
1757000999.118,latency_s,6.685678
1757000999.118,latency_s,6.940912
1757000999.762,latency_s,6.726120
1757000999.762,latency_s,6.726303
1757000999.762,latency_s,6.625214
1757000999.762,latency_s,6.678618
1757000999.762,latency_s,6.523745
1757000999.762,latency_s,6.625389
1757000999.763,latency_s,6.578010
1757000999.763,latency_s,6.477746
1757000999.763,latency_s,6.524232
1757000999.763,latency_s,6.627904
1757000999.763,latency_s,6.525270
1757000999.763,latency_s,6.655194
1757000999.763,latency_s,6.554889
1757000999.763,latency_s,6.454632
1757000999.763,latency_s,6.609025
1757000999.763,latency_s,6.508152
1757000999.763,latency_s,6.674191
1757000999.763,latency_s,6.574049
1757000999.763,latency_s,6.473709
1757000999.763,latency_s,6.625814
1757000999.763,latency_s,6.525599
1757000999.763,latency_s,6.424783
1757000999.763,latency_s,6.655622
1757000999.763,latency_s,6.555487
1757000999.763,latency_s,6.455343
1757000999.763,latency_s,6.640908
1757000999.973,latency_s,6.420765
1757000999.973,latency_s,6.633752
1757000999.973,latency_s,6.533373
1757000999.973,latency_s,6.432733
1757000999.973,latency_s,6.634290
1757000999.973,latency_s,6.533471
1757001000.047,latency_s,6.305883
1757001000.258,latency_s,6.360442
1757001000.258,latency_s,6.259894
1757001000.355,latency_s,6.500988
1757001000.355,latency_s,6.400494
1757001000.356,latency_s,6.297902
1757001000.356,latency_s,6.412992
1757001000.356,latency_s,6.311770
1757001000.356,latency_s,6.210979
1757001000.356,latency_s,6.468490
1757001000.356,latency_s,6.412836
1757001000.356,latency_s,6.312079
1757001000.356,latency_s,6.211308
1757001000.356,latency_s,6.368507
1757001000.543,latency_s,6.455313
1757001000.543,latency_s,6.603038
1757001000.543,latency_s,6.629553
1757001000.543,latency_s,6.502449
1757001000.543,latency_s,6.529081
1757001000.543,latency_s,6.401921
1757001000.543,latency_s,6.429015
1757001000.543,latency_s,6.552541
1757001000.543,latency_s,6.451859
1757001000.543,latency_s,6.351238
1757001000.544,latency_s,6.581215
1757001000.590,latency_s,6.526388
1757001000.590,latency_s,6.390621
1757001000.590,latency_s,6.290303
1757001000.590,latency_s,6.431039
1757001000.590,latency_s,6.329748
1757001000.590,latency_s,6.228213
1757001000.590,latency_s,6.345506
1757001000.590,latency_s,6.402568
1757001000.827,latency_s,6.279125
1757001000.827,latency_s,6.338046
1757001000.917,latency_s,6.268080
1757001000.917,latency_s,6.368687
1757001000.917,latency_s,6.327310
1757001000.917,latency_s,6.268246
1757001000.917,latency_s,6.226853
1757001000.917,latency_s,6.373143
1757001000.917,latency_s,6.396436
1757001000.917,latency_s,6.272996
1757001000.917,latency_s,6.172746
1757001000.917,latency_s,6.295609
1757001000.917,latency_s,6.194105
1757001001.111,latency_s,6.345431
1757001001.155,latency_s,6.288439
1757001001.155,latency_s,6.186903
1757001001.155,latency_s,6.406250
1757001001.155,latency_s,6.364491
1757001001.155,latency_s,6.264114
1757001001.155,latency_s,6.306127
1757001001.155,latency_s,6.406232
1757001001.155,latency_s,6.205860
1757001001.155,latency_s,6.160673
1757001001.155,latency_s,6.306109
1757001001.155,latency_s,6.205927
1757001001.201,latency_s,6.356675
1757001001.201,latency_s,6.256685
1757001001.201,latency_s,6.376781
1757001001.202,latency_s,6.276578
1757001001.202,latency_s,6.175994
1757001001.202,latency_s,6.426765
1757001001.202,latency_s,6.325118
1757001001.396,latency_s,6.187399
1757001001.396,latency_s,6.323626
1757001001.481,latency_s,6.308143
1757001001.481,latency_s,6.384401
1757001001.481,latency_s,6.284152
1757001001.481,latency_s,6.183947
1757001001.481,latency_s,6.430357
1757001001.481,latency_s,6.328960
1757001001.481,latency_s,6.430414
1757001001.481,latency_s,6.228642
1757001001.481,latency_s,6.329306
1757001001.481,latency_s,6.228462
1757001001.482,latency_s,6.436189
1757001001.682,latency_s,6.371196
1757001001.682,latency_s,6.270738
1757001001.722,latency_s,6.448324
1757001001.722,latency_s,6.346931
1757001001.722,latency_s,6.246068
1757001001.722,latency_s,6.324211
1757001001.722,latency_s,6.369031
1757001001.722,latency_s,6.369315
1757001001.722,latency_s,6.268391
1757001001.722,latency_s,6.268614
1757001001.722,latency_s,6.223404
1757001001.722,latency_s,6.168366
1757001001.722,latency_s,6.168450
1757001001.767,latency_s,6.439324
1757001001.767,latency_s,6.419916
1757001001.767,latency_s,6.338975
1757001001.767,latency_s,6.238394
1757001001.767,latency_s,6.319358
1757001001.767,latency_s,6.218726
1757001001.966,latency_s,6.386834
1757001001.966,latency_s,6.285806
1757001002.008,latency_s,6.226686
1757001002.008,latency_s,6.408721
1757001002.008,latency_s,6.308622
1757001002.008,latency_s,6.353703
1757001002.008,latency_s,6.253541
1757001002.008,latency_s,6.353791
1757001002.008,latency_s,6.207940
1757001002.008,latency_s,6.153080
1757001002.008,latency_s,6.253739
1757001002.008,latency_s,6.153203
1757001002.008,latency_s,6.379392
1757001002.250,latency_s,6.234627
1757001002.250,latency_s,6.435915
1757001002.251,latency_s,6.335581
1757001002.292,latency_s,6.275937
1757001002.292,latency_s,6.407960
1757001002.292,latency_s,6.306491
1757001002.292,latency_s,6.204525
1757001002.292,latency_s,6.391541
1757001002.292,latency_s,6.335847
1757001002.292,latency_s,6.235702
1757001002.292,latency_s,6.290607
1757001002.293,latency_s,6.188937
1757001002.293,latency_s,6.343578
1757001002.293,latency_s,6.359915
1757001002.293,latency_s,6.242935
1757001002.293,latency_s,6.257294
1757001002.293,latency_s,6.142378
1757001002.293,latency_s,6.156999
1757001002.293,latency_s,6.307286
1757001002.535,latency_s,6.346110
1757001003.104,latency_s,6.814940
1757001003.104,latency_s,6.710362
1757001003.104,latency_s,6.900198
1757001003.105,latency_s,6.799592
1757001003.105,latency_s,6.699375
1757001003.105,latency_s,6.946881
1757001003.105,latency_s,6.846313
1757001003.105,latency_s,6.746011
1757001003.105,latency_s,6.868484
1757001003.105,latency_s,6.854182
1757001003.105,latency_s,6.765828
1757001003.105,latency_s,6.753908
1757001003.105,latency_s,6.586712
1757001003.105,latency_s,6.486028
1757001003.105,latency_s,6.599100
1757001003.105,latency_s,6.645529
1757001003.105,latency_s,6.498546
1757001003.105,latency_s,6.544959
1757001003.105,latency_s,6.398240
1757001003.105,latency_s,6.443675
1757001003.105,latency_s,6.609608
1757001003.105,latency_s,6.509071
1757001003.105,latency_s,6.407877
1757001003.105,latency_s,6.563330
1757001003.105,latency_s,6.462677
1757001003.105,latency_s,6.361006
1757001003.106,latency_s,6.553910
1757001003.106,latency_s,6.452479
1757001003.106,latency_s,6.615939
1757001003.106,latency_s,6.602787
1757001003.106,latency_s,6.514733
1757001003.324,latency_s,6.500865
1757001003.389,latency_s,6.260787
1757001003.390,latency_s,6.263597
1757001003.390,latency_s,6.467113
1757001003.652,latency_s,6.628218
1757001003.652,latency_s,6.527876
1757001003.652,latency_s,6.541712
1757001003.652,latency_s,6.587358
1757001003.652,latency_s,6.441355
1757001003.652,latency_s,6.484927
1757001003.652,latency_s,6.384697
1757001003.652,latency_s,6.551554
1757001003.652,latency_s,6.450926
1757001003.652,latency_s,6.596973
1757001003.652,latency_s,6.496423
1757001003.653,latency_s,6.395953
1757001003.653,latency_s,6.555717
1757001003.653,latency_s,6.546452
1757001003.653,latency_s,6.455055
1757001003.653,latency_s,6.445780
1757001003.653,latency_s,6.345614
1757001003.653,latency_s,6.354969
1757001003.653,latency_s,6.589955
1757001003.653,latency_s,6.488723
1757001003.653,latency_s,6.387159
1757001003.653,latency_s,6.588075
1757001003.673,latency_s,6.507117
1757001003.673,latency_s,6.243920
1757001003.715,latency_s,6.490537
1757001003.715,latency_s,6.388053
1757001003.715,latency_s,6.283390
1757001003.715,latency_s,6.346654
1757001003.715,latency_s,6.403349
1757001003.715,latency_s,6.245567
1757001003.957,latency_s,6.220867
1757001003.957,latency_s,6.342635
1757001003.957,latency_s,6.286503
1757001003.958,latency_s,6.242749
1757001003.958,latency_s,6.185988
1757001004.064,latency_s,6.246443
1757001004.064,latency_s,6.456973
1757001004.064,latency_s,6.356305
1757001004.064,latency_s,6.255406
1757001004.064,latency_s,6.404212
1757001004.064,latency_s,6.304092
1757001004.064,latency_s,6.203880
1757001004.064,latency_s,6.359386
1757001004.064,latency_s,6.353354
1757001004.064,latency_s,6.394864
1757001004.242,latency_s,6.436029
1757001004.242,latency_s,6.430819
1757001004.242,latency_s,6.472414
1757001004.242,latency_s,6.371644
1757001004.242,latency_s,6.572329
1757001004.242,latency_s,6.471507
1757001004.242,latency_s,6.369815
1757001004.242,latency_s,6.582391
1757001004.242,latency_s,6.506803
1757001004.242,latency_s,6.582112
1757001004.242,latency_s,6.204384
1757001004.242,latency_s,6.405750
1757001004.243,latency_s,6.305755
1757001004.285,latency_s,6.247954
1757001004.285,latency_s,6.412748
1757001004.285,latency_s,6.310918
1757001004.285,latency_s,6.367471
1757001004.529,latency_s,6.391489
1757001004.529,latency_s,6.291143
1757001004.529,latency_s,6.390829
1757001004.529,latency_s,6.289290
1757001004.530,latency_s,6.391689
1757001004.612,latency_s,6.372392
1757001004.612,latency_s,6.272228
1757001004.612,latency_s,6.391691
1757001004.612,latency_s,6.432110
1757001004.612,latency_s,6.291121
1757001004.612,latency_s,6.331630
1757001004.612,latency_s,6.230742
1757001004.612,latency_s,6.191005
1757001004.612,latency_s,6.401259
1757001004.612,latency_s,6.300672
1757001004.814,latency_s,6.474995
1757001004.814,latency_s,6.374904
1757001004.814,latency_s,6.274285
1757001004.814,latency_s,6.473337
1757001004.814,latency_s,6.367842
1757001004.942,latency_s,6.394665
1757001004.942,latency_s,6.501293
1757001004.942,latency_s,6.401083
1757001004.942,latency_s,6.418295
1757001004.942,latency_s,6.459851
1757001004.942,latency_s,6.318224
1757001004.942,latency_s,6.359740
1757001004.942,latency_s,6.259143
1757001004.942,latency_s,6.427784
1757001004.942,latency_s,6.326796
1757001004.942,latency_s,6.224599
1757001005.098,latency_s,6.634460
1757001005.098,latency_s,6.516225
1757001005.099,latency_s,6.415529
1757001005.099,latency_s,6.314033
1757001005.099,latency_s,6.458460
1757001005.274,latency_s,6.531848
1757001005.274,latency_s,6.430556
1757001005.274,latency_s,6.625800
1757001005.274,latency_s,6.522153
1757001005.274,latency_s,6.422031
1757001005.274,latency_s,6.630076
1757001005.274,latency_s,6.528675
1757001005.274,latency_s,6.428023
1757001005.274,latency_s,6.549404
1757001005.274,latency_s,6.448889
1757001005.274,latency_s,6.490113
1757001005.383,latency_s,6.295678
1757001005.383,latency_s,6.438401
1757001005.384,latency_s,6.338736
1757001005.384,latency_s,6.429544
1757001005.384,latency_s,6.328608
1757001005.384,latency_s,6.228374
1757001005.384,latency_s,6.432728
1757001005.384,latency_s,6.331920
1757001005.384,latency_s,6.231200
1757001005.384,latency_s,6.296383
1757001005.384,latency_s,6.195538
1757001005.384,latency_s,6.357429
1757001005.384,latency_s,6.256509
1757001005.384,latency_s,6.155114
1757001005.384,latency_s,6.365922
1757001005.385,latency_s,6.265255
1757001005.668,latency_s,6.320862
1757001005.668,latency_s,6.410853
1757001005.668,latency_s,6.310059
1757001005.668,latency_s,6.208274
1757001005.669,latency_s,6.415047
1757001005.669,latency_s,6.314267
1757001005.669,latency_s,6.212760
1757001005.669,latency_s,6.380074
1757001005.669,latency_s,6.279456
1757001005.669,latency_s,6.177509
1757001005.669,latency_s,6.339749
1757001005.669,latency_s,6.239556
1757001005.669,latency_s,6.138977
1757001005.669,latency_s,6.299454
1757001005.670,latency_s,6.197623
1757001005.670,latency_s,6.096875
1757001005.952,latency_s,6.404195
1757001006.238,latency_s,6.589353
1757001006.238,latency_s,6.677591
1757001006.238,latency_s,6.577462
1757001006.522,latency_s,6.964522
1757001006.522,latency_s,6.864088
1757001006.523,latency_s,6.763498
1757001006.523,latency_s,6.930492
1757001006.523,latency_s,6.830388
1757001006.523,latency_s,6.888159
1757001006.523,latency_s,6.730340
1757001006.523,latency_s,6.784909
1757001006.523,latency_s,6.683368
1757001006.523,latency_s,6.850463
1757001006.523,latency_s,6.750413
1757001006.523,latency_s,6.650323
1757001006.524,latency_s,6.571133
1757001006.524,latency_s,6.762661
1757001006.524,latency_s,6.662179
1757001006.524,latency_s,6.558127
1757001006.524,latency_s,6.664767
1757001006.524,latency_s,6.564191
1757001006.524,latency_s,6.582062
1757001006.524,latency_s,6.631446
1757001006.524,latency_s,6.481475
1757001006.525,latency_s,6.527017
1757001006.525,latency_s,6.425524
1757001006.525,latency_s,6.551512
1757001006.525,latency_s,6.451049
1757001006.525,latency_s,6.593370
1757001006.525,latency_s,6.493291
1757001006.525,latency_s,6.602674
1757001006.526,latency_s,6.370744
1757001006.808,latency_s,6.451257
1757001006.808,latency_s,6.350524
1757001006.809,latency_s,6.249594
1757001006.809,latency_s,6.441129
1757001006.810,latency_s,6.340152
1757001007.095,latency_s,6.524329
1757001007.095,latency_s,6.729478
1757001007.095,latency_s,6.629307
1757001007.095,latency_s,6.529023
1757001007.095,latency_s,6.647437
1757001007.095,latency_s,6.546388
1757001007.095,latency_s,6.446018
1757001007.095,latency_s,6.593142
1757001007.095,latency_s,6.492219
1757001007.095,latency_s,6.391602
1757001007.095,latency_s,6.618396
1757001007.095,latency_s,6.517693
1757001007.095,latency_s,6.415192
1757001007.095,latency_s,6.560575
1757001007.095,latency_s,6.591447
1757001007.095,latency_s,6.459731
1757001007.095,latency_s,6.565555
1757001007.095,latency_s,6.491032
1757001007.095,latency_s,6.359659
1757001007.095,latency_s,6.462824
1757001007.095,latency_s,6.390952
1757001007.096,latency_s,6.360990
1757001007.096,latency_s,6.602933
1757001007.096,latency_s,6.502604
1757001007.096,latency_s,6.227677
1757001007.096,latency_s,6.291184
1757001007.096,latency_s,6.191008
1757001007.136,latency_s,6.386092
1757001007.136,latency_s,6.286045
1757001007.136,latency_s,6.185312
1757001007.380,latency_s,6.411536
1757001007.665,latency_s,6.596076
1757001007.666,latency_s,6.495812
1757001007.666,latency_s,6.614462
1757001007.666,latency_s,6.660838
1757001007.666,latency_s,6.513741
1757001007.666,latency_s,6.412803
1757001007.666,latency_s,6.559829
1757001007.666,latency_s,6.459177
1757001007.666,latency_s,6.581318
1757001007.666,latency_s,6.480675
1757001007.666,latency_s,6.380439
1757001007.666,latency_s,6.583580
1757001007.666,latency_s,6.482981
1757001007.666,latency_s,6.381579
1757001007.666,latency_s,6.558450
1757001007.666,latency_s,6.629216
1757001007.666,latency_s,6.629227
1757001007.666,latency_s,6.454829
1757001007.666,latency_s,6.529105
1757001007.666,latency_s,6.528531
1757001007.666,latency_s,6.428463
1757001007.666,latency_s,6.353432
1757001007.667,latency_s,6.428360
1757001007.667,latency_s,6.536190
1757001007.667,latency_s,6.571753
1757001007.667,latency_s,6.433536
1757001007.667,latency_s,6.471138
1757001008.234,latency_s,7.059503
1757001008.235,latency_s,6.957930
1757001008.235,latency_s,6.857235
1757001008.235,latency_s,6.964422
1757001008.235,latency_s,6.756224
1757001008.235,latency_s,6.561517
1757001008.236,latency_s,6.579765
1757001008.236,latency_s,6.479072
1757001008.236,latency_s,6.626727
1757001008.237,latency_s,6.525424
1757001008.237,latency_s,6.423808
1757001008.237,latency_s,6.547825
1757001008.237,latency_s,6.447042
1757001008.237,latency_s,6.620886
1757001008.237,latency_s,6.519737
1757001008.237,latency_s,6.548341
1757001008.237,latency_s,6.419187
1757001008.237,latency_s,6.447273
1757001008.237,latency_s,6.593351
1757001008.519,latency_s,6.773841
1757001008.519,latency_s,6.673317
1757001008.519,latency_s,6.822143
1757001008.519,latency_s,6.721440
1757001008.519,latency_s,6.884352
1757001008.519,latency_s,6.620765
1757001008.519,latency_s,6.783823
1757001008.520,latency_s,6.683180
1757001008.520,latency_s,6.822169
1757001008.520,latency_s,6.721485
1757001008.520,latency_s,6.620138
1757001008.521,latency_s,6.829161
1757001008.521,latency_s,6.746572
1757001008.521,latency_s,6.241622
1757001008.805,latency_s,6.641943
1757001008.805,latency_s,6.587133
1757001008.805,latency_s,6.541498
1757001008.805,latency_s,6.439791
1757001008.805,latency_s,6.486745
1757001008.805,latency_s,6.386032
1757001008.805,latency_s,6.584439
1757001008.805,latency_s,6.223094
1757001008.805,latency_s,6.339235
1757001008.805,latency_s,6.239125
1757001009.091,latency_s,6.423294
1757001009.091,latency_s,6.569484
1757001009.091,latency_s,6.468886
1757001009.091,latency_s,6.566626
1757001009.091,latency_s,6.594331
1757001009.091,latency_s,6.465951
1757001009.091,latency_s,6.493238
1757001009.091,latency_s,6.392586
1757001009.091,latency_s,6.365364
1757001009.091,latency_s,6.538711
1757001009.091,latency_s,6.438034
1757001009.091,latency_s,6.590156
1757001009.092,latency_s,6.489579
1757001009.092,latency_s,6.389459
1757001009.092,latency_s,6.551234
1757001009.092,latency_s,6.450999
1757001009.092,latency_s,6.350456
1757001009.092,latency_s,6.591746
1757001009.092,latency_s,6.490136
1757001009.092,latency_s,6.308892
1757001009.092,latency_s,6.208346
1757001009.092,latency_s,6.323440
1757001009.377,latency_s,6.392610
1757001009.377,latency_s,6.291370
1757001009.377,latency_s,6.306963
1757001009.419,latency_s,6.247058
1757001009.419,latency_s,6.144330
1757001009.419,latency_s,6.393182
1757001009.419,latency_s,6.290809
1757001009.419,latency_s,6.188610
1757001009.419,latency_s,6.391662
1757001009.419,latency_s,6.291418
1757001009.661,latency_s,6.268334
1757001009.661,latency_s,6.471968
1757001009.661,latency_s,6.371823
1757001009.746,latency_s,6.356564
1757001009.747,latency_s,6.371622
1757001009.747,latency_s,6.271081
1757001009.747,latency_s,6.415090
1757001009.747,latency_s,6.314618
1757001009.747,latency_s,6.213994
1757001009.747,latency_s,6.415477
1757001009.747,latency_s,6.314741
1757001009.747,latency_s,6.214324
1757001009.747,latency_s,6.340025
1757001009.747,latency_s,6.239094
1757001009.747,latency_s,6.384995
1757001009.747,latency_s,6.282711
1757001009.747,latency_s,6.181955
1757001009.747,latency_s,6.401989
1757001009.747,latency_s,6.342195
1757001009.747,latency_s,6.241468
1757001009.747,latency_s,6.301822
1757001009.747,latency_s,6.140901
1757001009.945,latency_s,6.352202
1757001009.946,latency_s,6.252527
1757001009.946,latency_s,6.454794
1757001009.946,latency_s,6.352745
1757001009.946,latency_s,6.252491
1757001009.946,latency_s,6.369471
1757001009.946,latency_s,6.268411
1757001009.946,latency_s,6.310885
1757001009.946,latency_s,6.135645
1757001009.946,latency_s,6.210742
1757001010.229,latency_s,6.293081
1757001010.229,latency_s,6.317014
1757001010.229,latency_s,6.192667
1757001010.229,latency_s,6.216843
1757001010.272,latency_s,6.156922
1757001010.272,latency_s,6.359622
1757001010.272,latency_s,6.360264
1757001010.272,latency_s,6.336330
1757001010.272,latency_s,6.259176
1757001010.272,latency_s,6.260175
1757001010.272,latency_s,6.158875
1757001010.272,latency_s,6.235366
1757001010.272,latency_s,6.157459
1757001010.272,latency_s,6.134963
1757001010.272,latency_s,6.360528
1757001010.513,latency_s,6.500873
1757001010.513,latency_s,6.400267
1757001010.513,latency_s,6.565160
1757001010.513,latency_s,6.463475
1757001010.513,latency_s,6.362735
1757001010.513,latency_s,6.598506
1757001010.513,latency_s,6.601431
1757001010.513,latency_s,6.197529
1757001010.514,latency_s,6.097762
1757001010.514,latency_s,6.300991
1757001010.514,latency_s,6.298752
1757001010.514,latency_s,6.200733
1757001010.515,latency_s,6.277097
1757001010.515,latency_s,6.198721
1757001010.515,latency_s,6.097979
1757001010.515,latency_s,6.176147
1757001010.515,latency_s,6.098856
1757001011.082,latency_s,6.464887
1757001011.082,latency_s,6.541244
1757001011.082,latency_s,6.440369
1757001011.082,latency_s,6.564877
1757001011.082,latency_s,6.464623
1757001011.082,latency_s,6.364370
1757001011.082,latency_s,6.565907
1757001011.082,latency_s,6.542761
1757001011.082,latency_s,6.465829
1757001011.082,latency_s,6.365456
1757001011.082,latency_s,6.442584
1757001011.082,latency_s,6.526852
1757001011.082,latency_s,6.423835
1757001011.082,latency_s,6.566981
1757001011.082,latency_s,6.466451
1757001011.084,latency_s,6.451491
1757001011.084,latency_s,6.351393
1757001011.084,latency_s,6.250713
1757001011.084,latency_s,6.569186
1757001011.084,latency_s,6.468484
1757001011.084,latency_s,6.367653
1757001011.085,latency_s,6.267329
1757001011.085,latency_s,6.166074
1757001011.085,latency_s,6.342073
1757001011.085,latency_s,6.240526
1757001011.085,latency_s,6.139867
1757001011.366,latency_s,6.649031
1757001011.366,latency_s,6.548978
1757001011.367,latency_s,6.448881
1757001011.367,latency_s,6.626619
1757001011.367,latency_s,6.524929
1757001011.367,latency_s,6.549045
1757001011.367,latency_s,6.332555
1757001011.650,latency_s,6.227514
1757001011.650,latency_s,6.127383
1757001011.651,latency_s,6.301975
1757001011.651,latency_s,6.202045
1757001011.651,latency_s,6.100365
1757001011.652,latency_s,6.329660
1757001011.935,latency_s,6.589444
1757001011.935,latency_s,6.488701
1757001011.935,latency_s,6.513165
1757001011.935,latency_s,6.613122
1757001011.935,latency_s,6.412808
1757001011.935,latency_s,6.387924
1757001011.935,latency_s,6.512998
1757001011.935,latency_s,6.412717
1757001011.936,latency_s,6.614659
1757001011.936,latency_s,6.571234
1757001011.936,latency_s,6.613515
1757001012.222,latency_s,6.799740
1757001012.222,latency_s,6.756768
1757001012.222,latency_s,6.699484
1757001012.222,latency_s,6.799634
1757001012.222,latency_s,6.656626
1757001012.222,latency_s,6.699633
1757001012.222,latency_s,6.799779
1757001012.222,latency_s,6.699375
1757001012.222,latency_s,6.599183
1757001012.222,latency_s,6.498621
1757001012.222,latency_s,6.398232
1757001012.503,latency_s,6.851125
1757001012.503,latency_s,6.750312
1757001012.503,latency_s,6.879544
1757001012.503,latency_s,6.852964
1757001012.503,latency_s,6.562837
1757001012.503,latency_s,6.578277
1757001012.503,latency_s,6.477783
1757001012.503,latency_s,6.648109
1757001012.503,latency_s,6.547750
1757001012.503,latency_s,6.447064
1757001012.506,latency_s,6.278472
1757001012.507,latency_s,6.453619
1757001012.507,latency_s,6.353455
1757001012.507,latency_s,6.253314
1757001012.507,latency_s,6.466698
1757001012.507,latency_s,6.365975
1757001012.507,latency_s,6.265316
1757001012.507,latency_s,6.381098
1757001012.507,latency_s,6.280910
1757001012.507,latency_s,6.180283
1757001012.507,latency_s,6.350314
1757001012.791,latency_s,6.248054
1757001012.791,latency_s,6.363093
1757001012.791,latency_s,6.262830
1757001012.791,latency_s,6.161461
1757001013.077,latency_s,6.618457
1757001013.077,latency_s,6.518084
1757001013.077,latency_s,6.417862
1757001013.077,latency_s,6.547905
1757001013.077,latency_s,6.547047
1757001013.077,latency_s,6.447423
1757001013.077,latency_s,6.446448
1757001013.077,latency_s,6.622154
1757001013.077,latency_s,6.521704
1757001013.077,latency_s,6.420183
1757001013.077,latency_s,6.549694
1757001013.077,latency_s,6.548395
1757001013.077,latency_s,6.448814
1757001013.078,latency_s,6.446902
1757001013.078,latency_s,6.602533
1757001013.078,latency_s,6.348226
1757001013.078,latency_s,6.501755
1757001013.078,latency_s,6.321609
1757001013.078,latency_s,6.220973
1757001013.078,latency_s,6.347821
1757001013.078,latency_s,6.246752
1757001013.078,latency_s,6.146206
1757001013.078,latency_s,6.318100
1757001013.078,latency_s,6.217246
1757001013.078,latency_s,6.117206
1757001013.572,latency_s,6.811747
1757001013.572,latency_s,6.841242
1757001013.572,latency_s,6.840822
1757001013.856,latency_s,6.798260
1757001013.856,latency_s,6.697794
1757001013.856,latency_s,6.823708
1757001013.856,latency_s,6.723482
1757001013.856,latency_s,6.496428
1757001013.856,latency_s,6.396283
1757001013.856,latency_s,6.521689
1757001013.856,latency_s,6.421052
1757001013.856,latency_s,6.320738
1757001013.856,latency_s,6.494664
1757001013.856,latency_s,6.394516
1757001013.856,latency_s,6.523280
1757001013.857,latency_s,6.523525
1757001013.857,latency_s,6.422880
1757001013.857,latency_s,6.423170
1757001013.857,latency_s,6.322651
1757001013.857,latency_s,6.322867
1757001013.857,latency_s,6.486401
1757001013.931,latency_s,6.460574
1757001013.931,latency_s,6.360053
1757001013.931,latency_s,6.593643
1757001013.931,latency_s,6.493008
1757001013.931,latency_s,6.598685
1757001013.931,latency_s,6.392335
1757001013.931,latency_s,6.498104
1757001013.931,latency_s,6.548927
1757001013.931,latency_s,6.397951
1757001013.932,latency_s,6.447361
1757001013.932,latency_s,6.347035
1757001013.932,latency_s,6.295393
1757001013.935,latency_s,6.197624
1757001013.935,latency_s,6.372472
1757001014.216,latency_s,6.354972
1757001014.216,latency_s,6.254973
1757001014.216,latency_s,6.377450
1757001014.220,latency_s,6.280759
1757001014.220,latency_s,6.180377
1757001014.220,latency_s,6.355669
1757001014.220,latency_s,6.254971
1757001014.220,latency_s,6.154345
1757001014.220,latency_s,6.345304
1757001014.220,latency_s,6.284266
1757001014.220,latency_s,6.283830
1757001014.220,latency_s,6.244642
1757001014.220,latency_s,6.183347
1757001014.220,latency_s,6.143203
1757001014.220,latency_s,6.082453
1757001014.220,latency_s,6.183742
1757001014.220,latency_s,6.083107
1757001014.220,latency_s,6.277678
1757001014.501,latency_s,6.248722
1757001014.501,latency_s,6.440000
1757001014.501,latency_s,6.339814
1757001014.501,latency_s,6.239634
1757001014.505,latency_s,6.365163
1757001014.505,latency_s,6.264021
1757001014.505,latency_s,6.163445
1757001014.505,latency_s,6.338268
1757001014.505,latency_s,6.237612
1757001014.505,latency_s,6.137501
1757001014.505,latency_s,6.327826
1757001014.505,latency_s,6.226252
1757001014.505,latency_s,6.125623
1757001014.505,latency_s,6.266891
1757001014.787,latency_s,6.224589
1757001014.787,latency_s,6.344933
1757001014.787,latency_s,6.244574
1757001014.787,latency_s,6.144463
1757001014.787,latency_s,6.319443
1757001014.787,latency_s,6.219253
1757001014.831,latency_s,6.162533
1757001014.832,latency_s,6.350852
1757001014.832,latency_s,6.249985
1757001014.832,latency_s,6.149173
1757001014.832,latency_s,6.391749
1757001014.832,latency_s,6.291483
1757001014.832,latency_s,6.190659
1757001014.832,latency_s,6.284192
1757001014.832,latency_s,6.291079
1757001014.832,latency_s,6.336632
1757001014.832,latency_s,6.183722
1757001015.072,latency_s,6.430485
1757001015.072,latency_s,6.532080
1757001015.072,latency_s,6.431058
1757001015.072,latency_s,6.330420
1757001015.072,latency_s,6.229726
1757001015.072,latency_s,6.328606
1757001015.159,latency_s,6.315349
1757001015.159,latency_s,6.214908
1757001015.159,latency_s,6.389624
1757001015.159,latency_s,6.289495
1757001015.159,latency_s,6.188832
1757001015.159,latency_s,6.376660
1757001015.159,latency_s,6.275662
1757001015.159,latency_s,6.174512
1757001015.160,latency_s,6.417710
1757001015.356,latency_s,6.191618
1757001015.356,latency_s,6.413106
1757001015.357,latency_s,6.312404
1757001015.357,latency_s,6.210661
1757001015.357,latency_s,6.309408
1757001015.357,latency_s,6.208965
1757001015.926,latency_s,6.854963
1757001015.926,latency_s,6.754366
1757001015.926,latency_s,6.654238
1757001015.926,latency_s,6.840290
1757001015.926,latency_s,6.740180
1757001015.926,latency_s,6.639487
1757001015.926,latency_s,6.881472
1757001015.926,latency_s,6.779961
1757001015.926,latency_s,6.679420
1757001015.926,latency_s,6.881903
1757001015.926,latency_s,6.875715
1757001015.926,latency_s,6.679581
1757001015.926,latency_s,6.577672
1757001015.926,latency_s,6.476992
1757001015.926,latency_s,6.677824
1757001015.926,latency_s,6.577688
1757001015.926,latency_s,6.477034
1757001015.926,latency_s,6.554553
1757001015.926,latency_s,6.454430
1757001015.927,latency_s,6.539809
1757001015.927,latency_s,6.439451
1757001015.927,latency_s,6.578936
1757001015.927,latency_s,6.477987
1757001015.927,latency_s,6.377012
1757001015.927,latency_s,6.572468
1757001015.927,latency_s,6.579079
1757001015.927,latency_s,6.261091
1757001015.927,latency_s,6.377078
1757001015.927,latency_s,6.276902
1757001015.927,latency_s,6.176338
1757001015.927,latency_s,6.377294
1757001015.927,latency_s,6.277084
1757001016.211,latency_s,6.258307
1757001016.211,latency_s,6.158234
1757001016.211,latency_s,6.360699
1757001016.211,latency_s,6.259495
1757001016.211,latency_s,6.159252
1757001016.496,latency_s,6.621357
1757001016.496,latency_s,6.520730
1757001016.496,latency_s,6.420159
1757001016.496,latency_s,6.543274
1757001016.496,latency_s,6.604239
1757001016.496,latency_s,6.442178
1757001016.496,latency_s,6.503974
1757001016.496,latency_s,6.402729
1757001016.496,latency_s,6.535866
1757001016.496,latency_s,6.543729
1757001016.496,latency_s,6.435238
1757001016.497,latency_s,6.584522
1757001016.497,latency_s,6.483631
1757001016.497,latency_s,6.444640
1757001016.497,latency_s,6.383504
1757001016.497,latency_s,6.344610
1757001016.497,latency_s,6.545681
1757001016.498,latency_s,6.442978
1757001016.498,latency_s,6.605166
1757001016.498,latency_s,6.342685
1757001016.498,latency_s,6.344756
1757001016.498,latency_s,6.242660
1757001016.498,latency_s,6.141754
1757001016.498,latency_s,6.345628
1757001016.498,latency_s,6.244636
1757001016.498,latency_s,6.144279
1757001016.498,latency_s,6.321887
1757001016.780,latency_s,6.312840
1757001016.780,latency_s,6.212793
1757001016.780,latency_s,6.324084
1757001016.780,latency_s,6.223918
1757001016.781,latency_s,6.303021
1757001016.782,latency_s,6.203687
1757001017.067,latency_s,6.387945
1757001017.067,latency_s,6.611136
1757001017.067,latency_s,6.571271
1757001017.067,latency_s,6.471158
1757001017.067,latency_s,6.511002
1757001017.067,latency_s,6.370177
1757001017.067,latency_s,6.409659
1757001017.067,latency_s,6.550346
1757001017.067,latency_s,6.449933
1757001017.068,latency_s,6.348935
1757001017.068,latency_s,6.612353
1757001017.068,latency_s,6.603315
1757001017.068,latency_s,6.511880
1757001017.068,latency_s,6.502679
1757001017.068,latency_s,6.402473
1757001017.068,latency_s,6.410979
1757001017.068,latency_s,6.511225
1757001017.068,latency_s,6.512177
1757001017.068,latency_s,6.410199
1757001017.068,latency_s,6.411113
1757001017.068,latency_s,6.572473
1757001017.068,latency_s,6.472080
1757001017.068,latency_s,6.371222
1757001017.068,latency_s,6.511716
1757001017.068,latency_s,6.411444
1757001017.068,latency_s,6.309957
1757001017.068,latency_s,6.170298
1757001017.068,latency_s,6.209706
1757001017.068,latency_s,6.109526
1757001017.351,latency_s,6.532150
1757001017.351,latency_s,6.594271
1757001017.351,latency_s,6.181774
1757001017.637,latency_s,6.578229
1757001017.637,latency_s,6.478112
1757001017.638,latency_s,6.578630
1757001017.638,latency_s,6.478383
1757001017.638,latency_s,6.374881
1757001017.638,latency_s,6.637880
1757001017.638,latency_s,6.537227
1757001017.638,latency_s,6.436532
1757001017.638,latency_s,6.615910
1757001017.638,latency_s,6.515093
1757001017.638,latency_s,6.414803
1757001017.638,latency_s,6.579223
1757001017.638,latency_s,6.478864
1757001017.638,latency_s,6.378437
1757001017.638,latency_s,6.567054
1757001017.638,latency_s,6.466573
1757001017.638,latency_s,6.365266
1757001017.638,latency_s,6.556835
1757001017.638,latency_s,6.456637
1757001017.638,latency_s,6.354982
1757001017.638,latency_s,6.579266
1757001017.638,latency_s,6.579744
1757001017.638,latency_s,6.479436
1757001017.638,latency_s,6.378720
1757001017.638,latency_s,6.479220
1757001017.638,latency_s,6.536236
1757001017.638,latency_s,6.268344
1757001017.921,latency_s,6.659506
1757001017.922,latency_s,6.559221
1757001017.922,latency_s,6.458193
1757001017.922,latency_s,6.558645
1757001017.922,latency_s,6.620163
1757001017.922,latency_s,6.351220
1757001017.923,latency_s,6.252450
1757001017.923,latency_s,6.358725
1757001017.924,latency_s,6.258603
1757001018.208,latency_s,6.439990
1757001018.208,latency_s,6.542782
1757001018.208,latency_s,6.440248
1757001018.208,latency_s,6.605900
1757001018.208,latency_s,6.504485
1757001018.208,latency_s,6.403487
1757001018.208,latency_s,6.580652
1757001018.208,latency_s,6.478112
1757001018.208,latency_s,6.531000
1757001018.208,latency_s,6.546206
1757001018.208,latency_s,6.377540
1757001018.208,latency_s,6.430349
1757001018.208,latency_s,6.440749
1757001018.208,latency_s,6.522754
1757001018.208,latency_s,6.422096
1757001018.208,latency_s,6.546426
1757001018.208,latency_s,6.542955
1757001018.209,latency_s,6.440898
1757001018.209,latency_s,6.440517
1757001018.209,latency_s,6.340598
1757001018.209,latency_s,6.340182
1757001018.209,latency_s,6.543801
1757001018.209,latency_s,6.340624
1757001018.209,latency_s,6.240247
1757001018.209,latency_s,6.303598
1757001018.209,latency_s,6.202912
1757001018.492,latency_s,6.623574
1757001018.492,latency_s,6.523291
1757001018.492,latency_s,6.385889
1757001018.492,latency_s,6.322920
1757001018.492,latency_s,6.221451
1757001018.492,latency_s,6.424778
1757001018.776,latency_s,6.300871
1757001019.062,latency_s,6.485708
1757001019.062,latency_s,6.690913
1757001019.062,latency_s,6.590416
1757001019.062,latency_s,6.690570
1757001019.062,latency_s,6.490190
1757001019.062,latency_s,6.590111
1757001019.062,latency_s,6.489534
1757001019.062,latency_s,6.552713
1757001019.062,latency_s,6.452043
1757001019.062,latency_s,6.590075
1757001019.062,latency_s,6.489638
1757001019.062,latency_s,6.389221
1757001019.062,latency_s,6.622689
1757001019.063,latency_s,6.522016
1757001019.063,latency_s,6.421359
1757001019.063,latency_s,6.591088
1757001019.063,latency_s,6.576973
1757001019.063,latency_s,6.490210
1757001019.063,latency_s,6.389431
1757001019.063,latency_s,6.476246
1757001019.063,latency_s,6.374507
1757001019.063,latency_s,6.571703
1757001019.063,latency_s,6.471462
1757001019.063,latency_s,6.370765
1757001019.063,latency_s,6.591615
1757001019.063,latency_s,6.349082
1757001019.063,latency_s,6.248379
1757001019.345,latency_s,6.669030
1757001019.346,latency_s,6.568541
1757001019.346,latency_s,6.467757
1757001019.346,latency_s,6.672731
1757001019.347,latency_s,6.431917
1757001019.347,latency_s,6.331513
1757001019.347,latency_s,6.368802
1757001019.348,latency_s,6.268810
1757001019.634,latency_s,6.659639
1757001019.634,latency_s,6.558871
1757001019.634,latency_s,6.660466
1757001019.634,latency_s,6.458354
1757001019.634,latency_s,6.560513
1757001019.634,latency_s,6.460310
1757001019.634,latency_s,6.860626
1757001019.634,latency_s,6.760237
1757001019.634,latency_s,6.659909
1757001019.634,latency_s,6.559186
1757001019.634,latency_s,6.458704
1757001019.634,latency_s,6.618640
1757001019.634,latency_s,6.516985
1757001019.634,latency_s,6.559466
1757001019.634,latency_s,6.416312
1757001019.634,latency_s,6.458653
1757001019.634,latency_s,6.358331
1757001019.635,latency_s,6.581592
1757001019.635,latency_s,6.481226
1757001019.635,latency_s,6.541950
1757001019.635,latency_s,6.381107
1757001019.635,latency_s,6.439802
1757001019.635,latency_s,6.539999
1757001019.635,latency_s,6.354710
1757001019.635,latency_s,6.254197
1757001019.635,latency_s,6.358869
1757001019.918,latency_s,6.541896
1757001019.918,latency_s,6.439744
1757001019.918,latency_s,6.644207
1757001019.918,latency_s,6.398943
1757001019.919,latency_s,6.298485
1757001019.919,latency_s,6.437365
1757001020.204,latency_s,6.319877
1757001020.204,latency_s,6.219302
1757001020.204,latency_s,6.424205
1757001020.204,latency_s,6.323040
1757001020.204,latency_s,6.424488
1757001020.205,latency_s,6.223026
1757001020.205,latency_s,6.323675
1757001020.205,latency_s,6.223122
1757001020.205,latency_s,6.327027
1757001020.205,latency_s,6.226522
1757001020.205,latency_s,6.125493
1757001020.205,latency_s,6.281229
1757001020.205,latency_s,6.326401
1757001020.205,latency_s,6.180896
1757001020.205,latency_s,6.226020
1757001020.205,latency_s,6.080698
1757001020.205,latency_s,6.125180
1757001020.205,latency_s,6.247248
1757001020.205,latency_s,6.305295
1757001020.205,latency_s,6.146944
1757001020.205,latency_s,6.205156
1757001020.205,latency_s,6.101398
1757001020.205,latency_s,6.305887
1757001020.205,latency_s,6.205324
1757001020.205,latency_s,6.104626
1757001020.205,latency_s,6.324265
1757001020.489,latency_s,6.364912
1757001020.489,latency_s,6.264623
1757001020.489,latency_s,6.404061
1757001020.850,latency_s,6.664542
1757001020.850,latency_s,6.564396
1757001020.850,latency_s,6.767554
1757001020.850,latency_s,6.525089
1757001020.850,latency_s,6.424799
1757001020.850,latency_s,6.324286
1757001020.850,latency_s,6.464380
1757001020.850,latency_s,6.364192
1757001020.850,latency_s,6.263986
1757001021.058,latency_s,6.671799
1757001021.059,latency_s,6.674996
1757001021.059,latency_s,6.571405
1757001021.059,latency_s,6.574737
1757001021.059,latency_s,6.470368
1757001021.059,latency_s,6.474237
1757001021.059,latency_s,6.576377
1757001021.059,latency_s,6.475308
1757001021.059,latency_s,6.633689
1757001021.059,latency_s,6.533380
1757001021.059,latency_s,6.431266
1757001021.060,latency_s,6.574877
1757001021.061,latency_s,6.474514
1757001021.061,latency_s,6.374278
1757001021.061,latency_s,6.601447
1757001021.061,latency_s,6.554652
1757001021.061,latency_s,6.500933
1757001021.061,latency_s,6.400181
1757001021.061,latency_s,6.454080
1757001021.061,latency_s,6.353876
1757001021.061,latency_s,6.475998
1757001021.061,latency_s,6.375558
1757001021.061,latency_s,6.274921
1757001021.344,latency_s,6.356848
1757001021.344,latency_s,6.256465
1757001021.345,latency_s,6.357550
1757001021.345,latency_s,6.355078
1757001021.345,latency_s,6.257102
1757001021.345,latency_s,6.254973
1757001021.345,latency_s,6.156903
1757001021.345,latency_s,6.154436
1757001021.345,latency_s,6.358998
1757001021.629,latency_s,6.339793
1757001021.629,latency_s,6.498491
1757001021.629,latency_s,6.397833
1757001021.629,latency_s,6.297515
1757001021.629,latency_s,6.441185
1757001021.673,latency_s,6.383957
1757001021.673,latency_s,6.282077
1757001021.673,latency_s,6.384119
1757001021.673,latency_s,6.381979
1757001021.673,latency_s,6.281744
1757001021.673,latency_s,6.283544
1757001021.673,latency_s,6.385217
1757001021.673,latency_s,6.284496
1757001021.673,latency_s,6.183826
1757001021.673,latency_s,6.341851
1757001021.673,latency_s,6.241224
1757001021.913,latency_s,6.624405
1757001021.913,latency_s,6.380642
1757001021.913,latency_s,6.523566
1757001021.913,latency_s,6.423067
1757001021.913,latency_s,6.548579
1757001021.913,latency_s,6.447527
1757001021.913,latency_s,6.600520
1757001022.198,latency_s,6.766159
1757001022.198,latency_s,6.665372
1757001022.198,latency_s,6.564855
1757001022.198,latency_s,6.707074
1757001022.198,latency_s,6.606717
1757001022.198,latency_s,6.506531
1757001022.198,latency_s,6.708277
1757001022.198,latency_s,6.707055
1757001022.198,latency_s,6.608096
1757001022.204,latency_s,6.308877
1757001022.205,latency_s,6.470703
1757001022.205,latency_s,6.369948
1757001022.205,latency_s,6.269656
1757001022.205,latency_s,6.412297
1757001022.205,latency_s,6.309031
1757001022.205,latency_s,6.208400
1757001022.205,latency_s,6.412686
1757001022.205,latency_s,6.413681
1757001022.205,latency_s,6.312027
1757001022.288,latency_s,6.395202
1757001022.288,latency_s,6.295077
1757001022.288,latency_s,6.294887
1757001022.288,latency_s,6.353596
1757001022.288,latency_s,6.394355
1757001022.288,latency_s,6.252958
1757001022.482,latency_s,6.446370
1757001022.482,latency_s,6.345979
1757001023.034,latency_s,6.796214
1757001023.034,latency_s,6.937116
1757001023.035,latency_s,6.836393
1757001023.035,latency_s,6.735699
1757001023.035,latency_s,6.941195
1757001023.035,latency_s,6.595016
1757001023.035,latency_s,6.940964
1757001023.035,latency_s,6.840259
1757001023.035,latency_s,6.739106
1757001023.035,latency_s,6.638253
1757001023.035,latency_s,6.537901
1757001023.035,latency_s,6.634205
1757001023.035,latency_s,6.533090
1757001023.035,latency_s,6.638669
1757001023.035,latency_s,6.538033
1757001023.035,latency_s,6.437419
1757001023.035,latency_s,6.595427
1757001023.035,latency_s,6.538010
1757001023.035,latency_s,6.494809
1757001023.035,latency_s,6.437281
1757001023.035,latency_s,6.336658
1757001023.035,latency_s,6.394116
1757001023.035,latency_s,6.538016
1757001023.035,latency_s,6.437529
1757001023.035,latency_s,6.337128
1757001023.035,latency_s,6.563541
1757001023.035,latency_s,6.463063
1757001023.036,latency_s,6.362514
1757001023.036,latency_s,6.509623
1757001023.036,latency_s,6.407043
1757001023.051,latency_s,6.353279
1757001023.052,latency_s,6.448282
1757001023.321,latency_s,6.477636
1757001023.321,latency_s,6.379226
1757001024.174,latency_s,7.275094
1757001024.175,latency_s,7.230614
1757001024.175,latency_s,7.174715
1757001024.175,latency_s,7.174955
1757001024.175,latency_s,7.133092
1757001024.175,latency_s,7.130604
1757001024.175,latency_s,7.376275
1757001024.175,latency_s,7.276024
1757001024.175,latency_s,7.175365
1757001024.175,latency_s,7.370424
1757001024.175,latency_s,7.270070
1757001024.175,latency_s,7.169402
1757001024.175,latency_s,7.332276
1757001024.175,latency_s,7.231685
1757001024.175,latency_s,7.131409
1757001024.175,latency_s,7.276204
1757001024.175,latency_s,7.175573
1757001024.175,latency_s,7.270271
1757001024.175,latency_s,7.169383
1757001024.176,latency_s,7.067596
1757001024.176,latency_s,7.074764
1757001024.176,latency_s,7.175779
1757001024.176,latency_s,7.075442
1757001024.176,latency_s,7.176252
1757001024.176,latency_s,6.869179
1757001024.176,latency_s,7.074904
1757001024.176,latency_s,6.973910
1757001024.176,latency_s,7.033325
1757001024.176,latency_s,6.933208
1757001024.176,latency_s,6.873444
1757001024.176,latency_s,6.728426
1757001024.176,latency_s,6.631114
1757001024.459,latency_s,6.344294
1757001024.460,latency_s,6.243183
1757001024.460,latency_s,6.513806
1757001024.461,latency_s,6.413941
1757001025.031,latency_s,6.883840
1757001025.031,latency_s,7.076431
1757001025.031,latency_s,6.975206
1757001025.031,latency_s,6.874576
1757001025.031,latency_s,6.922060
1757001025.031,latency_s,6.915631
1757001025.031,latency_s,6.815415
1757001025.031,latency_s,6.821599
1757001025.031,latency_s,6.921853
1757001025.031,latency_s,6.821475
1757001025.031,latency_s,6.721026
1757001025.315,latency_s,7.164832
1757001025.316,latency_s,7.064619
1757001025.316,latency_s,6.963880
1757001025.316,latency_s,7.106106
1757001025.316,latency_s,7.133565
1757001025.316,latency_s,7.032300
1757001025.316,latency_s,6.932134
1757001025.316,latency_s,7.005625
1757001025.316,latency_s,6.905305
1757001025.316,latency_s,7.092252
1757001025.316,latency_s,6.991534
1757001025.316,latency_s,6.864139
1757001025.316,latency_s,6.905188
1757001025.316,latency_s,7.106220
1757001025.316,latency_s,7.005886
1757001025.316,latency_s,6.905397
1757001025.316,latency_s,7.106057
1757001025.316,latency_s,6.603130
1757001025.316,latency_s,6.797734
1757001025.316,latency_s,6.697101
1757001025.316,latency_s,6.595984
1757001025.887,latency_s,6.862369
1757001025.887,latency_s,6.671714
1757001025.887,latency_s,6.571514
1757001025.887,latency_s,6.731508
1757001025.887,latency_s,6.630620
1757001025.887,latency_s,6.761780
1757001025.887,latency_s,6.661089
1757001025.887,latency_s,6.559361
1757001025.888,latency_s,6.718810
1757001025.888,latency_s,6.617555
1757001025.888,latency_s,6.773202
1757001025.888,latency_s,6.672571
1757001025.888,latency_s,6.572451
1757001025.888,latency_s,6.736436
1757001026.095,latency_s,6.843726
1757001026.095,latency_s,6.743584
1757001026.095,latency_s,6.881433
1757001026.096,latency_s,6.780764
1757001026.096,latency_s,6.874027
1757001026.096,latency_s,6.680586
1757001026.096,latency_s,6.773873
1757001026.096,latency_s,6.673276
1757001026.096,latency_s,6.780866
1757001026.096,latency_s,6.680493
1757001026.096,latency_s,6.809157
1757001026.172,latency_s,6.856389
1757001026.172,latency_s,6.784589
1757001026.172,latency_s,6.756390
1757001026.172,latency_s,6.684306
1757001026.172,latency_s,6.656010
1757001026.172,latency_s,6.827168
1757001026.172,latency_s,6.756467
1757001026.425,latency_s,6.606522
1757001026.496,latency_s,6.376930
1757001026.710,latency_s,6.489737
1757001026.710,latency_s,6.590044
1757001026.710,latency_s,6.485903
1757001026.710,latency_s,6.385477
1757001026.710,latency_s,6.518253
1757001026.710,latency_s,6.486023
1757001026.710,latency_s,6.417692
1757001026.710,latency_s,6.385502
1757001026.710,latency_s,6.317006
1757001026.710,latency_s,6.557989
1757001026.710,latency_s,6.457435
1757001026.711,latency_s,6.356732
1757001026.711,latency_s,6.490658
1757001026.711,latency_s,6.389998
1757001026.711,latency_s,6.548114
1757001026.711,latency_s,6.447460
1757001026.711,latency_s,6.346658
1757001026.711,latency_s,6.448498
1757001026.711,latency_s,6.487042
1757001026.711,latency_s,6.487091
1757001026.711,latency_s,6.348384
1757001026.711,latency_s,6.386438
1757001026.781,latency_s,6.317446
1757001026.781,latency_s,6.456208
1757001026.781,latency_s,6.355478
1757001026.781,latency_s,6.355562
1757001026.781,latency_s,6.561026
1757001026.781,latency_s,6.460334
1757001026.781,latency_s,6.360200
1757001026.781,latency_s,6.519668
1757001026.995,latency_s,6.473653
1757001027.426,latency_s,6.762107
1757001027.426,latency_s,6.660325
1757001027.426,latency_s,6.794480
1757001027.426,latency_s,6.694364
1757001027.426,latency_s,6.593408
1757001027.426,latency_s,6.804034
1757001027.426,latency_s,6.703812
1757001027.426,latency_s,6.603589
1757001027.426,latency_s,7.004680
1757001027.426,latency_s,6.903665
1757001027.426,latency_s,6.803100
1757001027.426,latency_s,6.702506
1757001027.426,latency_s,6.601923
1757001027.426,latency_s,6.699529
1757001027.427,latency_s,6.597888
1757001027.427,latency_s,6.496558
1757001027.427,latency_s,6.732735
1757001027.427,latency_s,6.632492
1757001027.427,latency_s,6.531936
1757001027.427,latency_s,6.700158
1757001027.427,latency_s,6.598940
1757001027.427,latency_s,6.498753
1757001027.427,latency_s,6.669362
1757001027.427,latency_s,6.358809
1757001027.635,latency_s,6.701953
1757001027.635,latency_s,6.712358
1757001027.635,latency_s,6.602074
1757001027.636,latency_s,6.608703
1757001027.636,latency_s,6.508500
1757001027.636,latency_s,6.501565
1757001027.638,latency_s,6.712713
1757001027.639,latency_s,6.612007
1757001027.710,latency_s,6.212254
1757001027.920,latency_s,6.383234
1757001027.920,latency_s,6.389417
1757001028.037,latency_s,6.405023
1757001028.037,latency_s,6.399977
1757001028.037,latency_s,6.506116
1757001028.037,latency_s,6.405831
1757001028.037,latency_s,6.302475
1757001028.037,latency_s,6.502173
1757001028.037,latency_s,6.400565
1757001028.037,latency_s,6.300099
1757001028.037,latency_s,6.406153
1757001028.037,latency_s,6.438217
1757001028.037,latency_s,6.302750
1757001028.205,latency_s,6.505407
1757001028.205,latency_s,6.405232
1757001028.205,latency_s,6.638437
1757001028.205,latency_s,6.536760
1757001028.205,latency_s,6.436620
1757001028.205,latency_s,6.532814
1757001028.205,latency_s,6.431871
1757001028.205,latency_s,6.532788
1757001028.205,latency_s,6.432220
1757001028.206,latency_s,6.331888
1757001028.206,latency_s,6.572637
1757001028.247,latency_s,6.513439
1757001028.247,latency_s,6.616562
1757001028.247,latency_s,6.410003
1757001028.247,latency_s,6.311456
1757001028.247,latency_s,6.309470
1757001028.247,latency_s,6.412316
1757001028.247,latency_s,6.311909
1757001028.247,latency_s,6.211728
1757001028.490,latency_s,6.352725
1757001028.490,latency_s,6.252240
1757001028.619,latency_s,6.483357
1757001028.619,latency_s,6.383278
1757001028.619,latency_s,6.480314
1757001028.619,latency_s,6.379889
1757001028.620,latency_s,6.279735
1757001028.620,latency_s,6.412017
1757001028.620,latency_s,6.482645
1757001028.620,latency_s,6.310570
1757001028.620,latency_s,6.381868
1757001028.620,latency_s,6.280995
1757001028.620,latency_s,6.445600
1757001028.774,latency_s,6.435119
1757001029.231,latency_s,6.791100
1757001029.231,latency_s,6.690432
1757001029.231,latency_s,6.894137
1757001029.231,latency_s,6.793489
1757001029.231,latency_s,6.692715
1757001029.231,latency_s,6.791035
1757001029.231,latency_s,6.690497
1757001029.231,latency_s,6.791611
1757001029.231,latency_s,6.821788
1757001029.231,latency_s,6.690828
1757001029.231,latency_s,6.590204
1757001029.342,latency_s,6.831858
1757001029.342,latency_s,6.730296
1757001029.342,latency_s,6.864078
1757001029.342,latency_s,6.763814
1757001029.342,latency_s,6.663319
1757001029.342,latency_s,6.863911
1757001029.342,latency_s,6.807642
1757001029.343,latency_s,6.501184
1757001029.516,latency_s,6.874627
1757001029.516,latency_s,6.774345
1757001029.516,latency_s,6.674149
1757001029.516,latency_s,6.877399
1757001029.516,latency_s,6.776816
1757001029.516,latency_s,6.676057
1757001029.516,latency_s,6.875203
1757001029.516,latency_s,6.774662
1757001029.516,latency_s,6.674558
1757001029.516,latency_s,6.774459
1757001029.516,latency_s,6.674217
1757001029.626,latency_s,6.914119
1757001029.627,latency_s,6.686218
1757001029.842,latency_s,6.558738
1757001029.842,latency_s,6.458072
1757001029.842,latency_s,6.601398
1757001029.842,latency_s,6.500673
1757001029.842,latency_s,6.399732
1757001029.842,latency_s,6.596144
1757001029.842,latency_s,6.495416
1757001029.842,latency_s,6.394921
1757001029.842,latency_s,6.497705
1757001029.842,latency_s,6.397361
1757001029.843,latency_s,6.297140
1757001029.843,latency_s,6.524113
1757001029.843,latency_s,6.421489
1757001029.843,latency_s,6.319913
1757001029.843,latency_s,6.558387
1757001029.843,latency_s,6.458138
1757001029.843,latency_s,6.356302
1757001029.843,latency_s,6.496261
1757001029.843,latency_s,6.461226
1757001029.951,latency_s,6.366007
1757001030.128,latency_s,6.442597
1757001030.128,latency_s,6.584392
1757001030.128,latency_s,6.483389
1757001030.128,latency_s,6.383096
1757001030.129,latency_s,6.580829
1757001030.129,latency_s,6.479927
1757001030.129,latency_s,6.379624
1757001030.129,latency_s,6.505151
1757001030.129,latency_s,6.482957
1757001030.129,latency_s,6.401685
1757001030.129,latency_s,6.382765
1757001030.129,latency_s,6.301060
1757001030.235,latency_s,6.448883
1757001030.698,latency_s,6.810760
1757001030.698,latency_s,6.709785
1757001030.698,latency_s,6.852371
1757001030.698,latency_s,6.752127
1757001030.698,latency_s,6.848923
1757001030.698,latency_s,6.748460
1757001030.698,latency_s,6.648180
1757001030.698,latency_s,6.768826
1757001030.698,latency_s,6.668642
1757001030.698,latency_s,6.852181
1757001030.698,latency_s,6.752100
1757001030.698,latency_s,6.651890
1757001030.698,latency_s,6.809571
1757001030.698,latency_s,6.708932
1757001030.699,latency_s,6.608753
1757001030.699,latency_s,6.750037
1757001030.699,latency_s,6.814180
1757001030.699,latency_s,6.749117
1757001030.699,latency_s,6.509111
1757001030.805,latency_s,6.515515
1757001030.805,latency_s,6.759142
1757001030.806,latency_s,6.658257
1757001030.806,latency_s,6.557961
1757001030.806,latency_s,6.655258
1757001030.806,latency_s,6.554794
1757001030.806,latency_s,6.675380
1757001030.806,latency_s,6.574597
1757001030.806,latency_s,6.658668
1757001030.806,latency_s,6.472994
1757001030.806,latency_s,6.558503
1757001030.982,latency_s,6.633841
1757001030.982,latency_s,6.432559
1757001031.090,latency_s,6.237751
1757001031.090,latency_s,6.437134
1757001031.310,latency_s,6.557031
1757001031.310,latency_s,6.456944
1757001031.310,latency_s,6.575715
1757001031.310,latency_s,6.558181
1757001031.310,latency_s,6.475152
1757001031.310,latency_s,6.457548
1757001031.310,latency_s,6.375054
1757001031.310,latency_s,6.355992
1757001031.311,latency_s,6.617520
1757001031.311,latency_s,6.517206
1757001031.311,latency_s,6.414041
1757001031.734,latency_s,6.981267
1757001031.734,latency_s,6.881238
1757001031.734,latency_s,6.941025
1757001031.734,latency_s,6.780667
1757001031.734,latency_s,6.840575
1757001031.734,latency_s,6.740303
1757001031.734,latency_s,6.639882
1757001031.735,latency_s,6.779898
1757001031.735,latency_s,6.679736
1757001031.735,latency_s,6.578973
1757001031.735,latency_s,6.780670
1757001031.735,latency_s,6.678905
1757001031.735,latency_s,6.578747
1757001031.735,latency_s,6.679713
1757001031.735,latency_s,6.699143
1757001031.735,latency_s,6.578854
1757001031.735,latency_s,6.596888
1757001031.735,latency_s,6.492355
1757001031.735,latency_s,6.737774
1757001031.735,latency_s,6.335887
1757001031.735,latency_s,6.235182
1757001031.735,latency_s,6.478750
1757001031.987,latency_s,6.630521
1757001031.987,latency_s,6.529874
1757001031.987,latency_s,6.428493
1757001031.987,latency_s,6.631875
1757001031.987,latency_s,6.531287
1757001031.987,latency_s,6.588223
1757001031.987,latency_s,6.430588
1757001031.988,latency_s,6.487887
1757001031.988,latency_s,6.630951
1757001031.988,latency_s,6.530488
1757001032.019,latency_s,6.418642
1757001032.272,latency_s,6.814384
1757001032.272,latency_s,6.814537
1757001032.379,latency_s,6.819817
1757001032.379,latency_s,6.818949
1757001032.379,latency_s,6.719392
1757001032.379,latency_s,6.718526
1757001032.379,latency_s,6.883554
1757001032.379,latency_s,6.782974
1757001032.380,latency_s,6.682579
1757001032.380,latency_s,6.879627
1757001032.380,latency_s,6.779310
1757001032.380,latency_s,6.678914
1757001032.380,latency_s,6.822934
1757001032.557,latency_s,6.899346
1757001032.557,latency_s,6.998095
1757001032.557,latency_s,6.897382
1757001032.557,latency_s,6.797285
1757001032.557,latency_s,7.012680
1757001032.557,latency_s,6.912450
1757001032.557,latency_s,6.811542
1757001032.557,latency_s,6.957365
1757001032.557,latency_s,6.856739
1757001032.557,latency_s,6.756468
1757001032.557,latency_s,6.897719
1757001032.598,latency_s,6.838590
1757001032.599,latency_s,6.737921
1757001032.599,latency_s,6.998612
1757001032.599,latency_s,6.898143
1757001032.599,latency_s,6.941592
1757001032.599,latency_s,6.798009
1757001032.599,latency_s,6.941293
1757001032.599,latency_s,6.841000
1757001033.200,latency_s,7.341715
1757001033.201,latency_s,7.442558
1757001033.201,latency_s,7.342129
1757001033.201,latency_s,7.504091
1757001033.201,latency_s,7.403507
1757001033.201,latency_s,7.543132
1757001033.201,latency_s,7.442760
1757001033.201,latency_s,7.342267
1757001033.201,latency_s,7.558013
1757001033.201,latency_s,7.454315
1757001033.201,latency_s,7.353803
1757001033.201,latency_s,7.540259
1757001033.201,latency_s,7.438620
1757001033.201,latency_s,7.337638
1757001033.201,latency_s,7.501003
1757001033.413,latency_s,7.612646
1757001033.413,latency_s,7.512341
1757001033.413,latency_s,7.650774
1757001033.414,latency_s,7.549979
1757001033.414,latency_s,7.653471
1757001033.414,latency_s,7.449300
1757001033.414,latency_s,7.552585
1757001033.414,latency_s,7.452363
1757001033.414,latency_s,7.616207
1757001033.414,latency_s,7.515602
1757001033.414,latency_s,7.612716
1757001033.485,latency_s,7.583246
1757001033.485,latency_s,7.482970
1757001033.485,latency_s,7.726751
1757001033.485,latency_s,7.626279
1757001033.485,latency_s,7.524487
1757001033.485,latency_s,7.624384
1757001033.739,latency_s,7.777229
1757001033.986,latency_s,7.922989
1757001034.348,latency_s,8.502176
1757001034.349,latency_s,8.402127
1757001034.349,latency_s,8.301460
1757001034.349,latency_s,8.447055
1757001034.349,latency_s,8.346664
1757001034.349,latency_s,8.246415
1757001034.349,latency_s,8.387524
1757001034.349,latency_s,8.285691
1757001034.349,latency_s,8.447711
1757001034.349,latency_s,8.347088
1757001034.349,latency_s,8.389480
1757001034.349,latency_s,8.246246
1757001034.349,latency_s,8.289354
1757001034.349,latency_s,8.188782
1757001034.349,latency_s,8.389838
1757001034.349,latency_s,8.289487
1757001034.349,latency_s,8.189019
1757001034.349,latency_s,8.451126
1757001034.349,latency_s,8.351020
1757001034.349,latency_s,8.250381
1757001034.349,latency_s,8.390036
1757001034.349,latency_s,8.289920
1757001034.349,latency_s,8.189226
1757001034.349,latency_s,8.401966
1757001034.350,latency_s,8.301370
1757001034.350,latency_s,8.200919
1757001034.350,latency_s,8.385321
1757001034.350,latency_s,8.284827
1757001034.350,latency_s,8.183185
1757001034.350,latency_s,8.348025
1757001034.350,latency_s,8.247773
1757001034.591,latency_s,8.388342
1757001034.634,latency_s,8.571421
1757001034.917,latency_s,8.753405
1757001034.917,latency_s,8.851956
1757001034.917,latency_s,8.653332
1757001034.917,latency_s,8.750655
1757001034.917,latency_s,8.650232
1757001034.918,latency_s,8.918247
1757001034.918,latency_s,8.817057
1757001034.918,latency_s,8.715846
1757001034.918,latency_s,8.857020
1757001034.918,latency_s,8.756493
1757001034.918,latency_s,8.655746
1757001034.919,latency_s,8.816637
1757001034.919,latency_s,8.716499
1757001034.919,latency_s,8.616430
1757001034.919,latency_s,8.755808
1757001034.919,latency_s,8.655107
1757001034.919,latency_s,8.554746
1757001034.919,latency_s,8.771189
1757001034.919,latency_s,8.668506
1757001034.919,latency_s,8.568153
1757001034.919,latency_s,8.716522
1757001034.919,latency_s,8.616342
1757001034.919,latency_s,8.755610
1757001034.919,latency_s,8.655224
1757001034.919,latency_s,8.554750
1757001035.203,latency_s,8.941409
1757001035.204,latency_s,8.839808
1757001035.204,latency_s,8.999867
1757001035.204,latency_s,8.942687
1757001035.204,latency_s,8.899743
1757001035.204,latency_s,8.798465
1757001035.204,latency_s,8.842589
1757001035.204,latency_s,9.004061
1757001035.204,latency_s,8.904003
1757001035.490,latency_s,9.088600
1757001035.490,latency_s,9.227873
1757001035.490,latency_s,9.126021
1757001035.490,latency_s,9.025149
1757001035.490,latency_s,9.238289
1757001035.490,latency_s,9.136892
1757001035.490,latency_s,9.036502
1757001035.490,latency_s,9.223104
1757001035.490,latency_s,9.122676
1757001035.490,latency_s,9.021723
1757001035.490,latency_s,9.187344
1757001035.490,latency_s,9.086699
1757001035.490,latency_s,9.122397
1757001035.490,latency_s,9.022089
1757001035.490,latency_s,9.186838
1757001035.491,latency_s,9.085322
1757001035.491,latency_s,8.984245
1757001035.491,latency_s,9.126052
1757001035.491,latency_s,9.025597
1757001035.491,latency_s,8.924614
1757001035.491,latency_s,9.126737
1757001035.491,latency_s,9.025800
1757001035.491,latency_s,8.924729
1757001035.775,latency_s,9.309731
1757001035.775,latency_s,9.209207
1757001035.775,latency_s,9.323733
1757001035.775,latency_s,9.223348
1757001036.059,latency_s,9.406554
1757001036.059,latency_s,9.655495
1757001036.059,latency_s,9.554687
1757001036.059,latency_s,9.454002
1757001036.059,latency_s,9.594277
1757001036.061,latency_s,9.495277
1757001036.061,latency_s,9.395213
1757001036.061,latency_s,9.596213
1757001036.061,latency_s,9.555585
1757001036.061,latency_s,9.455472
1757001036.061,latency_s,9.495650
1757001036.061,latency_s,9.354406
1757001036.061,latency_s,9.395181
1757001036.061,latency_s,9.558901
1757001036.061,latency_s,9.458268
1757001036.061,latency_s,9.358103
1757001036.061,latency_s,9.495633
1757001036.061,latency_s,9.395399
1757001036.062,latency_s,9.507319
1757001036.062,latency_s,9.406597
1757001036.062,latency_s,9.306430
1757001036.062,latency_s,9.492136
1757001036.062,latency_s,9.391313
1757001036.062,latency_s,9.557350
1757001036.062,latency_s,9.456657
1757001036.062,latency_s,9.355953
1757001036.062,latency_s,9.659064
1757001036.062,latency_s,9.559069
1757001036.346,latency_s,9.742708
1757001036.346,latency_s,9.642630
1757001036.346,latency_s,9.542053
1757001036.346,latency_s,9.776576
1757001036.346,latency_s,9.675554
1757001036.346,latency_s,9.574014
1757001036.632,latency_s,10.025859
1757001036.633,latency_s,9.925701
1757001036.633,latency_s,9.825540
1757001036.633,latency_s,9.966130
1757001036.633,latency_s,9.865938
1757001036.633,latency_s,9.765417
1757001036.633,latency_s,9.966264
1757001036.633,latency_s,9.865857
1757001036.633,latency_s,9.765501
1757001036.633,latency_s,10.171004
1757001036.633,latency_s,10.070258
1757001036.633,latency_s,9.970112
1757001036.633,latency_s,9.967104
1757001036.633,latency_s,9.866928
1757001036.633,latency_s,9.766661
1757001036.633,latency_s,9.869869
1757001036.633,latency_s,9.769717
1757001036.633,latency_s,9.879961
1757001036.633,latency_s,9.778263
1757001036.633,latency_s,9.677546
1757001036.633,latency_s,9.926671
1757001036.633,latency_s,9.826239
1757001036.633,latency_s,9.725527
1757001036.633,latency_s,9.867076
1757001036.633,latency_s,9.766843
1757001036.672,latency_s,9.704825
1757001036.917,latency_s,10.149705
1757001036.917,latency_s,10.049217
1757001036.917,latency_s,9.949562
1757001036.917,latency_s,10.110340
1757001036.917,latency_s,10.009461
1757001036.918,latency_s,9.908928
1757001037.487,latency_s,10.683276
1757001037.488,latency_s,10.582830
1757001037.488,latency_s,10.482750
1757001037.488,latency_s,10.721556
1757001037.488,latency_s,10.621287
1757001037.488,latency_s,10.520780
1757001037.488,latency_s,10.632625
1757001037.488,latency_s,10.532306
1757001037.488,latency_s,10.715894
1757001037.488,latency_s,10.615101
1757001037.488,latency_s,10.514116
1757001037.488,latency_s,10.682023
1757001037.488,latency_s,10.581410
1757001037.488,latency_s,10.481277
1757001037.488,latency_s,10.583331
1757001037.488,latency_s,10.482815
1757001037.488,latency_s,10.382228
1757001037.488,latency_s,10.615378
1757001037.488,latency_s,10.514431
1757001037.488,latency_s,10.413795
1757001037.488,latency_s,10.580639
1757001037.488,latency_s,10.479894
1757001037.488,latency_s,10.379760
1757001037.489,latency_s,10.520982
1757001037.489,latency_s,10.419881
1757001037.489,latency_s,10.520842
1757001037.489,latency_s,10.419920
1757001037.489,latency_s,10.525031
1757001037.771,latency_s,10.706724
1757001037.771,latency_s,10.605950
1757001037.771,latency_s,10.804071
1757001037.771,latency_s,10.703885
1757001037.773,latency_s,10.604803
1757001037.773,latency_s,10.714560
1757001037.773,latency_s,10.614403
1757001038.060,latency_s,11.051904
1757001038.061,latency_s,10.951886
1757001038.061,latency_s,10.851027
1757001038.061,latency_s,10.993360
1757001038.061,latency_s,10.890648
1757001038.061,latency_s,10.790276
1757001038.061,latency_s,10.992163
1757001038.061,latency_s,10.891786
1757001038.061,latency_s,10.952099
1757001038.061,latency_s,10.791131
1757001038.061,latency_s,10.851345
1757001038.061,latency_s,10.955317
1757001038.061,latency_s,10.855121
1757001038.061,latency_s,10.754995
1757001038.061,latency_s,10.993830
1757001038.061,latency_s,10.891131
1757001038.061,latency_s,10.790892
1757001038.061,latency_s,11.005363
1757001038.061,latency_s,10.904597
1757001038.061,latency_s,10.803809
1757001038.061,latency_s,10.986687
1757001038.061,latency_s,10.884801
1757001038.061,latency_s,10.784076
1757001038.061,latency_s,10.952805
1757001038.062,latency_s,10.851992
1757001038.099,latency_s,10.788254
1757001038.099,latency_s,10.892145
1757001038.099,latency_s,10.791466
1757001038.099,latency_s,10.923515
1757001038.345,latency_s,11.069002
1757001038.346,latency_s,10.968055
1757001038.346,latency_s,11.135927
1757001038.386,latency_s,11.075173
1757001038.386,latency_s,11.216700
1757001039.504,latency_s,12.235224
1757001039.505,latency_s,12.134899
1757001039.505,latency_s,12.334424
1757001039.505,latency_s,12.234238
1757001039.505,latency_s,12.133178
1757001039.505,latency_s,12.032955
1757001039.505,latency_s,12.235883
1757001039.505,latency_s,12.133298
1757001039.505,latency_s,12.239012
1757001039.505,latency_s,12.138818
1757001039.505,latency_s,12.032940
1757001039.505,latency_s,12.037463
1757001039.505,latency_s,12.245623
1757001039.505,latency_s,12.193830
1757001039.505,latency_s,12.145524
1757001039.505,latency_s,12.093590
1757001039.505,latency_s,12.044780
1757001039.505,latency_s,11.992680
1757001039.505,latency_s,12.133691
1757001039.505,latency_s,12.033347
1757001039.505,latency_s,12.134773
1757001039.505,latency_s,12.194074
1757001039.505,latency_s,12.093861
1757001039.505,latency_s,12.034336
1757001039.506,latency_s,11.992946
1757001039.506,latency_s,11.933000
1757001039.506,latency_s,12.099328
1757001039.506,latency_s,11.999364
1757001039.506,latency_s,12.132290
1757001039.506,latency_s,12.032155
1757001039.506,latency_s,11.931818
1757001039.572,latency_s,12.214583
1757001039.789,latency_s,12.330431
1757001039.789,latency_s,12.230755
1757001039.899,latency_s,12.520067
1757001039.899,latency_s,12.419315
1757001039.899,latency_s,12.318483
1757001039.899,latency_s,12.487717
1757001039.899,latency_s,12.387363
1757001039.899,latency_s,12.286523
1757001039.899,latency_s,12.491295
1757001039.899,latency_s,12.390484
1757001039.899,latency_s,12.289574
1757001039.899,latency_s,12.420852
1757001039.899,latency_s,12.319783
1757001039.899,latency_s,12.219373
1757001039.899,latency_s,12.487943
1757001039.899,latency_s,12.387585
1757001039.899,latency_s,12.286744
1757001039.899,latency_s,12.429395
1757001039.899,latency_s,12.329253
1757001039.899,latency_s,12.228595
1757001039.899,latency_s,12.327404
1757001039.899,latency_s,12.226705
1757001039.899,latency_s,12.327159
1757001039.900,latency_s,12.331511
1757001040.073,latency_s,12.400168
1757001040.073,latency_s,12.298814
1757001040.073,latency_s,12.405109
1757001040.183,latency_s,12.414428
1757001040.184,latency_s,12.620971
1757001040.184,latency_s,12.520256
1757001040.184,latency_s,12.570678
1757001040.184,latency_s,12.419569
1757001040.184,latency_s,12.470017
1757001040.357,latency_s,12.543270
1757001040.357,latency_s,12.784893
1757001040.358,latency_s,12.684623
1757001040.510,latency_s,12.735597
1757001040.510,latency_s,12.837066
1757001040.510,latency_s,12.897294
1757001040.510,latency_s,12.735755
1757001040.510,latency_s,12.796638
1757001040.510,latency_s,12.696484
1757001040.511,latency_s,12.903513
1757001040.511,latency_s,12.803218
1757001040.511,latency_s,12.702932
1757001040.511,latency_s,12.836317
1757001040.511,latency_s,12.735948
1757001040.644,latency_s,12.769455
1757001040.645,latency_s,12.985634
1757001040.645,latency_s,12.884982
1757001040.645,latency_s,12.784456
1757001040.645,latency_s,12.963750
1757001040.645,latency_s,12.862048
1757001040.645,latency_s,12.757910
1757001040.645,latency_s,12.931793
1757001040.645,latency_s,12.831051
1757001040.645,latency_s,12.730493
1757001040.645,latency_s,12.934379
1757001040.645,latency_s,12.831632
1757001040.645,latency_s,12.730884
1757001040.645,latency_s,12.864911
1757001040.645,latency_s,12.762159
1757001040.645,latency_s,12.931949
1757001040.645,latency_s,12.831602
1757001040.645,latency_s,12.731242
1757001040.930,latency_s,13.158502
1757001040.930,latency_s,13.057879
1757001040.930,latency_s,12.956788
1757001040.932,latency_s,13.159198
1757001040.932,latency_s,13.058508
1757001040.932,latency_s,12.957706
1757001040.932,latency_s,13.057365
1757001040.932,latency_s,13.062575
1757001040.932,latency_s,12.956840
1757001040.932,latency_s,12.856472
1757001040.932,latency_s,12.962412
1757001040.932,latency_s,12.861733
1757001040.933,latency_s,13.068125
1757001040.933,latency_s,12.967384
1757001041.215,latency_s,13.149082
1757001041.215,latency_s,13.300382
1757001041.216,latency_s,13.200712
1757001041.216,latency_s,13.340931
1757001041.216,latency_s,13.240367
1757001041.216,latency_s,13.140238
1757001041.216,latency_s,13.301367
1757001041.216,latency_s,13.341008
1757001041.216,latency_s,13.201177
1757001041.216,latency_s,13.240499
1757001041.216,latency_s,13.100512
1757001041.216,latency_s,13.140427
1757001041.216,latency_s,13.308307
1757001041.216,latency_s,13.208124
1757001041.216,latency_s,13.107857
1757001041.217,latency_s,13.241038
1757001041.217,latency_s,13.140785
1757001041.217,latency_s,13.255962
1757001041.499,latency_s,13.322320
1757001041.499,latency_s,13.437525
1757001041.499,latency_s,13.336960
1757001041.501,latency_s,13.512945
1757001041.501,latency_s,13.412278
1757001041.501,latency_s,13.311540
1757001041.501,latency_s,13.486114
1757001041.501,latency_s,13.385734
1757001041.501,latency_s,13.486388
1757001041.501,latency_s,13.385485
1757001041.501,latency_s,13.285187
1757001041.501,latency_s,13.517257
1757001041.501,latency_s,13.413604
1757001041.501,latency_s,13.313368
1757001041.784,latency_s,13.769617
1757001041.784,latency_s,13.668855
1757001041.784,latency_s,13.568406
1757001042.111,latency_s,14.037968
1757001042.112,latency_s,13.935873
1757001042.112,latency_s,13.835545
1757001042.112,latency_s,14.036446
1757001042.112,latency_s,13.936212
1757001042.112,latency_s,13.836083
1757001042.112,latency_s,13.934987
1757001042.112,latency_s,13.834712
1757001042.112,latency_s,13.940429
1757001042.112,latency_s,13.839764
1757001042.112,latency_s,13.943452
1757001042.112,latency_s,13.996467
1757001042.112,latency_s,13.842336
1757001042.112,latency_s,13.896308
1757001042.112,latency_s,13.741664
1757001042.112,latency_s,13.796139
1757001042.112,latency_s,13.935896
1757001042.112,latency_s,13.835772
1757001042.112,latency_s,13.733869
1757001042.112,latency_s,13.935610
1757001042.353,latency_s,14.137193
1757001042.353,latency_s,14.075995
1757001042.353,latency_s,14.037181
1757001042.353,latency_s,13.975090
1757001042.353,latency_s,13.937101
1757001042.353,latency_s,14.144656
1757001042.353,latency_s,14.044356
1757001042.353,latency_s,13.944146
1757001042.353,latency_s,14.076452
1757001042.357,latency_s,13.978526
1757001042.357,latency_s,14.093356
1757001042.357,latency_s,13.992913
1757001042.638,latency_s,14.171757
1757001042.922,latency_s,14.631565
1757001042.922,latency_s,14.530795
1757001042.922,latency_s,14.706938
1757001042.922,latency_s,14.606581
1757001042.922,latency_s,14.506463
1757001042.923,latency_s,14.606405
1757001042.923,latency_s,14.506039
1757001042.923,latency_s,14.405487
1757001042.923,latency_s,14.633070
1757001042.923,latency_s,14.532397
1757001042.923,latency_s,14.431483
1757001042.923,latency_s,14.606640
1757001042.923,latency_s,14.506505
1757001042.923,latency_s,14.406062
1757001042.923,latency_s,14.545743
1757001042.923,latency_s,14.444651
1757001042.923,latency_s,14.343257
1757001042.923,latency_s,14.546977
1757001042.923,latency_s,14.446808
1757001042.977,latency_s,14.399664
1757001042.977,latency_s,14.604213
1757001042.977,latency_s,14.598851
1757001042.977,latency_s,14.498710
1757001042.977,latency_s,14.397845
1757001042.977,latency_s,14.503725
1757001042.977,latency_s,14.403594
1757001042.977,latency_s,14.505555
1757001042.977,latency_s,14.560618
1757001042.977,latency_s,14.404294
1757001042.977,latency_s,14.460627
1757001043.208,latency_s,14.589313
1757001043.208,latency_s,14.728932
1757001043.261,latency_s,14.681755
1757001043.262,latency_s,14.581547
1757001043.858,latency_s,15.341638
1757001043.858,latency_s,15.380007
1757001043.859,latency_s,15.241031
1757001043.859,latency_s,15.278833
1757001043.859,latency_s,15.140364
1757001043.859,latency_s,15.178329
1757001043.859,latency_s,15.349440
1757001043.859,latency_s,15.247656
1757001043.859,latency_s,15.146881
1757001043.859,latency_s,15.380196
1757001043.859,latency_s,15.291274
1757001043.876,latency_s,15.296383
1757001043.876,latency_s,15.207890
1757001043.876,latency_s,15.196145
1757001043.876,latency_s,15.384318
1757001043.876,latency_s,15.283514
1757001043.876,latency_s,15.180904
1757001043.876,latency_s,15.359601
1757001043.876,latency_s,15.258617
1757001043.877,latency_s,15.158109
1757001043.877,latency_s,15.258959
1757001043.877,latency_s,15.157475
1757001043.877,latency_s,15.057245
1757001043.877,latency_s,15.284075
1757001043.877,latency_s,15.181659
1757001044.146,latency_s,15.350196
1757001044.146,latency_s,15.528347
1757001044.146,latency_s,15.427054
1757001044.146,latency_s,15.326845
1757001044.146,latency_s,15.465745
1757001044.146,latency_s,15.365599
1757001044.146,latency_s,15.468635
1757001044.200,latency_s,15.422132
1757001044.434,latency_s,15.555401
1757001044.434,latency_s,15.760551
1757001044.434,latency_s,15.660325
1757001044.434,latency_s,15.754735
1757001044.434,latency_s,15.559610
1757001044.435,latency_s,15.654014
1757001044.435,latency_s,15.553811
1757001044.435,latency_s,15.760985
1757001044.435,latency_s,15.660529
1757001044.435,latency_s,15.559758
1757001044.435,latency_s,15.715162
1757001044.435,latency_s,15.614933
1757001044.435,latency_s,15.514136
1757001044.435,latency_s,15.653210
1757001044.435,latency_s,15.553034
1757001044.435,latency_s,15.452878
1757001044.435,latency_s,15.616365
1757001044.435,latency_s,15.516209
1757001044.435,latency_s,15.652918
1757001044.435,latency_s,15.552289
1757001044.435,latency_s,15.451590
1757001044.485,latency_s,15.672366
1757001044.485,latency_s,15.572331
1757001044.485,latency_s,15.471667
1757001044.485,latency_s,15.715083
1757001044.719,latency_s,15.848073
1757001044.719,latency_s,15.936878
1757001044.719,latency_s,15.836005
1757001044.719,latency_s,15.744711
1757001044.719,latency_s,15.735369
1757001044.719,latency_s,15.922173
1757001044.769,latency_s,15.871342
1757001044.769,latency_s,15.770748
1757001044.813,latency_s,15.994280
1757001044.813,latency_s,15.894193
1757001044.813,latency_s,15.793964
1757001044.813,latency_s,15.892832
1757001044.813,latency_s,15.792148
1757001044.813,latency_s,15.913811
1757001044.813,latency_s,15.813092
1757001044.813,latency_s,15.712847
1757001044.813,latency_s,15.893059
1757001044.813,latency_s,15.792425
1757001044.814,latency_s,15.932611
1757001044.814,latency_s,15.831898
1757001044.814,latency_s,15.731730
1757001044.814,latency_s,15.834124
1757001044.814,latency_s,15.733960
1757001044.814,latency_s,15.633831
1757001044.814,latency_s,15.838723
1757001044.814,latency_s,15.737994
1757001044.814,latency_s,15.637269
1757001044.814,latency_s,15.832388
1757001045.053,latency_s,15.971630
1757001045.053,latency_s,15.871062
1757001045.098,latency_s,16.122803
1757001045.098,latency_s,16.022078
1757001045.099,latency_s,16.077271
1757001045.099,latency_s,15.919045
1757001045.099,latency_s,15.977034
1757001045.099,latency_s,15.875232
1757001045.099,latency_s,16.016460
1757001045.099,latency_s,15.916093
1757001045.337,latency_s,16.318156
1757001045.337,latency_s,16.253013
1757001045.338,latency_s,16.217363
1757001045.384,latency_s,16.199302
1757001045.384,latency_s,16.164023
1757001045.384,latency_s,16.099333
1757001045.384,latency_s,16.270776
1757001045.385,latency_s,16.170008
1757001045.385,latency_s,16.308789
1757001045.385,latency_s,16.300333
1757001045.385,latency_s,16.204833
1757001045.385,latency_s,16.199739
1757001045.385,latency_s,16.104366
1757001045.385,latency_s,16.098627
1757001045.385,latency_s,16.286218
1757001045.385,latency_s,16.185587
1757001045.385,latency_s,16.085395
1757001045.385,latency_s,16.264543
1757001045.385,latency_s,16.164278
1757001045.385,latency_s,16.063243
1757001045.385,latency_s,16.263665
1757001045.385,latency_s,16.162963
1757001045.622,latency_s,16.299330
1757001045.623,latency_s,16.421587
1757001045.623,latency_s,16.320917
1757001045.623,latency_s,16.501585
1757001045.623,latency_s,16.400810
1757001045.623,latency_s,16.300192
1757001045.623,latency_s,16.440394
1757001045.623,latency_s,16.339711
1757001045.623,latency_s,16.238214
1757001045.623,latency_s,16.342933
1757001045.907,latency_s,16.526402
1757001045.907,latency_s,16.425907
1757001045.907,latency_s,16.630354
1757001045.907,latency_s,16.529788
1757001045.950,latency_s,16.667295
1757001045.951,latency_s,16.472865
1757001045.951,latency_s,16.566739
1757001045.951,latency_s,16.466581
1757001045.951,latency_s,16.670294
1757001045.951,latency_s,16.570032
1757001045.951,latency_s,16.469166
1757001045.951,latency_s,16.627100
1757001045.951,latency_s,16.526217
1757001045.951,latency_s,16.667328
1757001045.951,latency_s,16.565799
1757001046.192,latency_s,16.706112
1757001046.192,latency_s,16.806786
1757001046.192,latency_s,16.706522
1757001046.192,latency_s,16.870633
1757001046.192,latency_s,16.770520
1757001046.192,latency_s,16.669815
1757001046.192,latency_s,16.877786
1757001046.554,latency_s,17.139085
1757001046.554,latency_s,17.039060
1757001046.554,latency_s,17.173732
1757001046.554,latency_s,17.167352
1757001046.554,latency_s,17.066797
1757001046.554,latency_s,16.966649
1757001046.554,latency_s,17.072249
1757001046.762,latency_s,17.178663
1757001046.762,latency_s,17.361189
1757001046.762,latency_s,17.260752
1757001046.762,latency_s,17.160144
1757001046.762,latency_s,17.338333
1757001046.762,latency_s,17.238028
1757001046.762,latency_s,17.137504
1757001046.763,latency_s,17.339401
1757001046.763,latency_s,17.239171
1757001046.763,latency_s,17.138665
1757001046.763,latency_s,17.359500
1757001046.763,latency_s,17.259281
1757001046.763,latency_s,17.158571
1757001046.763,latency_s,17.338765
1757001046.763,latency_s,17.238542
1757001046.763,latency_s,17.137824
1757001046.763,latency_s,17.277797
1757001046.763,latency_s,17.177491
1757001046.763,latency_s,17.076832
1757001046.763,latency_s,17.181630
1757001046.764,latency_s,17.080931
1757001046.764,latency_s,17.178871
1757001046.764,latency_s,17.078767
1757001046.764,latency_s,16.978646
1757001046.764,latency_s,17.180789
1757001047.046,latency_s,17.362292
1757001047.046,latency_s,17.261247
1757001047.047,latency_s,17.520597
1757001047.047,latency_s,17.420470
1757001047.047,latency_s,17.320188
1757001047.047,latency_s,17.468167
1757001047.047,latency_s,17.368020
1757001047.330,latency_s,17.550492
1757001047.331,latency_s,17.744447
1757001047.699,latency_s,18.012703
1757001047.699,latency_s,17.912700
