1757023978.810,latency_s,0.170330
1757023978.906,latency_s,0.165353
1757023978.967,latency_s,0.170304
1757023979.001,latency_s,0.160048
1757023979.063,latency_s,0.165859
1757023979.099,latency_s,0.157094
1757023979.112,latency_s,0.169125
1757023979.159,latency_s,0.161336
1757023979.194,latency_s,0.152102
1757023979.207,latency_s,0.164604
1757023979.255,latency_s,0.157324
1757023979.289,latency_s,0.146937
1757023979.302,latency_s,0.169113
1757023979.304,latency_s,0.161421
1757023979.353,latency_s,0.154378
1757023979.385,latency_s,0.141920
1757023979.400,latency_s,0.166026
1757023979.400,latency_s,0.157080
1757023979.448,latency_s,0.149194
1757023979.449,latency_s,0.170406
1757023979.480,latency_s,0.136273
1757023979.495,latency_s,0.160400
1757023979.497,latency_s,0.153214
1757023979.545,latency_s,0.144616
1757023979.545,latency_s,0.165293
1757023979.577,latency_s,0.132329
1757023979.591,latency_s,0.156568
1757023979.592,latency_s,0.147682
1757023979.613,latency_s,0.169041
1757023979.644,latency_s,0.143415
1757023979.644,latency_s,0.162952
1757023979.672,latency_s,0.127606
1757023979.687,latency_s,0.152128
1757023979.687,latency_s,0.142861
1757023979.709,latency_s,0.164275
1757023979.738,latency_s,0.156029
1757023979.738,latency_s,0.137105
1757023979.769,latency_s,0.123987
1757023979.783,latency_s,0.169081
1757023979.783,latency_s,0.147146
1757023979.783,latency_s,0.138091
1757023979.805,latency_s,0.160413
1757023979.835,latency_s,0.134264
1757023979.835,latency_s,0.153039
1757023979.864,latency_s,0.118420
1757023979.878,latency_s,0.132778
1757023979.878,latency_s,0.142192
1757023979.880,latency_s,0.166263
1757023979.900,latency_s,0.155166
1757023979.931,latency_s,0.147781
1757023979.931,latency_s,0.129499
1757023979.950,latency_s,0.169041
1757023979.959,latency_s,0.113086
1757023979.975,latency_s,0.139133
1757023979.976,latency_s,0.130174
1757023979.976,latency_s,0.161663
1757023979.998,latency_s,0.152956
1757023980.027,latency_s,0.144080
1757023980.030,latency_s,0.128252
1757023980.046,latency_s,0.164057
1757023980.054,latency_s,0.107741
1757023980.072,latency_s,0.134168
1757023980.072,latency_s,0.125963
1757023980.073,latency_s,0.158058
1757023980.094,latency_s,0.148037
1757023980.104,latency_s,0.168146
1757023980.127,latency_s,0.124634
1757023980.127,latency_s,0.143553
1757023980.142,latency_s,0.159672
1757023980.150,latency_s,0.103484
1757023980.166,latency_s,0.120111
1757023980.168,latency_s,0.128847
1757023980.169,latency_s,0.154019
1757023980.189,latency_s,0.143062
1757023980.202,latency_s,0.166418
1757023980.224,latency_s,0.120948
1757023980.224,latency_s,0.140026
1757023980.236,latency_s,0.152887
1757023980.245,latency_s,0.098186
1757023980.262,latency_s,0.123078
1757023980.262,latency_s,0.115694
1757023980.265,latency_s,0.149363
1757023980.280,latency_s,0.177870
1757023980.280,latency_s,0.077403
1757023980.284,latency_s,0.137831
1757023980.298,latency_s,0.162283
1757023980.320,latency_s,0.136334
1757023980.320,latency_s,0.117575
1757023980.333,latency_s,0.148758
1757023980.340,latency_s,0.093168
1757023980.358,latency_s,0.119087
1757023980.358,latency_s,0.111579
1757023980.359,latency_s,0.138946
1757023980.380,latency_s,0.133290
1757023980.393,latency_s,0.156682
1757023980.416,latency_s,0.112615
1757023980.417,latency_s,0.132341
1757023980.431,latency_s,0.146257
1757023980.434,latency_s,0.167762
1757023980.435,latency_s,0.087236
1757023980.457,latency_s,0.117503
1757023980.457,latency_s,0.110079
1757023980.457,latency_s,0.135695
1757023980.475,latency_s,0.172029
1757023980.476,latency_s,0.127828
1757023980.489,latency_s,0.152098
1757023980.512,latency_s,0.127235
1757023980.512,latency_s,0.108245
1757023980.527,latency_s,0.141727
1757023980.529,latency_s,0.155541
1757023980.531,latency_s,0.081614
1757023980.550,latency_s,0.109916
1757023980.551,latency_s,0.128860
1757023980.552,latency_s,0.104515
1757023980.571,latency_s,0.122173
1757023980.571,latency_s,0.167299
1757023980.586,latency_s,0.148540
1757023980.600,latency_s,0.168782
1757023980.608,latency_s,0.122306
1757023980.608,latency_s,0.103592
1757023980.624,latency_s,0.138412
1757023980.624,latency_s,0.150517
1757023980.626,latency_s,0.076771
1757023980.647,latency_s,0.106929
1757023980.647,latency_s,0.123591
1757023980.647,latency_s,0.099835
1757023980.669,latency_s,0.117718
1757023980.669,latency_s,0.164284
1757023980.683,latency_s,0.144858
1757023980.697,latency_s,0.164463
1757023980.703,latency_s,0.117942
1757023980.720,latency_s,0.134431
1757023980.721,latency_s,0.145668
1757023980.724,latency_s,0.074387
1757023980.743,latency_s,0.119325
1757023980.743,latency_s,0.095600
1757023980.743,latency_s,0.102831
1757023980.767,latency_s,0.162024
1757023980.767,latency_s,0.172073
1757023980.767,latency_s,0.115835
1757023980.779,latency_s,0.140571
1757023980.794,latency_s,0.160864
1757023980.799,latency_s,0.112943
1757023980.817,latency_s,0.141818
1757023980.817,latency_s,0.130947
1757023980.825,latency_s,0.074484
1757023980.839,latency_s,0.114617
1757023980.840,latency_s,0.098856
1757023980.840,latency_s,0.092048
1757023980.863,latency_s,0.157729
1757023980.863,latency_s,0.168110
1757023980.863,latency_s,0.111743
1757023980.876,latency_s,0.136611
1757023980.888,latency_s,0.153800
1757023980.894,latency_s,0.108073
1757023980.913,latency_s,0.308002
1757023980.913,latency_s,0.207758
1757023980.913,latency_s,0.107612
1757023980.913,latency_s,0.137711
1757023980.913,latency_s,0.126669
1757023980.925,latency_s,0.074652
1757023980.937,latency_s,0.111436
1757023980.937,latency_s,0.095784
1757023980.937,latency_s,0.088806
1757023980.943,latency_s,0.166614
1757023980.958,latency_s,0.162423
1757023980.960,latency_s,0.154253
1757023980.960,latency_s,0.108211
1757023980.972,latency_s,0.132636
1757023980.986,latency_s,0.150819
1757023980.990,latency_s,0.103463
1757023981.006,latency_s,0.100190
1757023981.006,latency_s,0.130565
1757023981.007,latency_s,0.120771
1757023981.025,latency_s,0.073987
1757023981.033,latency_s,0.107232
1757023981.033,latency_s,0.091309
1757023981.033,latency_s,0.083052
1757023981.040,latency_s,0.162275
1757023981.055,latency_s,0.159225
1757023981.056,latency_s,0.149490
1757023981.056,latency_s,0.103219
1757023981.069,latency_s,0.129282
1757023981.081,latency_s,0.146140
1757023981.085,latency_s,0.092863
1757023981.102,latency_s,0.093792
1757023981.103,latency_s,0.124241
1757023981.104,latency_s,0.111685
1757023981.117,latency_s,0.168988
1757023981.130,latency_s,0.077488
1757023981.130,latency_s,0.080076
1757023981.130,latency_s,0.088562
1757023981.130,latency_s,0.104618
1757023981.135,latency_s,0.156334
1757023981.151,latency_s,0.146238
1757023981.151,latency_s,0.098656
1757023981.152,latency_s,0.144832
1757023981.165,latency_s,0.124779
1757023981.177,latency_s,0.141860
1757023981.180,latency_s,0.087508
1757023981.308,latency_s,0.199996
1757023981.308,latency_s,0.228806
1757023981.308,latency_s,0.216133
1757023981.309,latency_s,0.260366
1757023981.309,latency_s,0.166365
1757023981.309,latency_s,0.182561
1757023981.309,latency_s,0.157892
1757023981.309,latency_s,0.155716
1757023981.309,latency_s,0.229232
1757023981.309,latency_s,0.203223
1757023981.309,latency_s,0.201200
1757023981.309,latency_s,0.155815
1757023981.309,latency_s,0.168619
1757023981.309,latency_s,0.204363
1757023981.309,latency_s,0.173085
1757023981.309,latency_s,0.116495
1757023981.309,latency_s,0.129345
1757023981.309,latency_s,0.100732
1757023981.309,latency_s,0.113502
1757023981.319,latency_s,0.169270
1757023981.321,latency_s,0.094786
1757023981.321,latency_s,0.078498
1757023981.325,latency_s,0.074240
1757023981.326,latency_s,0.146285
1757023981.345,latency_s,0.090861
1757023981.345,latency_s,0.139289
1757023981.345,latency_s,0.090817
1757023981.345,latency_s,0.136605
1757023981.357,latency_s,0.115996
1757023981.372,latency_s,0.135548
1757023981.372,latency_s,0.165909
1757023981.372,latency_s,0.079146
1757023981.405,latency_s,0.123952
1757023981.405,latency_s,0.095937
1757023981.405,latency_s,0.109095
1757023981.405,latency_s,0.155391
1757023981.419,latency_s,0.092165
1757023981.419,latency_s,0.075055
1757023981.426,latency_s,0.074261
1757023981.437,latency_s,0.075184
1757023981.441,latency_s,0.079703
1757023981.442,latency_s,0.134317
1757023981.442,latency_s,0.132938
1757023981.452,latency_s,0.111611
1757023981.467,latency_s,0.159761
1757023981.468,latency_s,0.130946
1757023981.468,latency_s,0.073921
1757023981.484,latency_s,0.169247
1757023981.486,latency_s,0.103896
1757023981.486,latency_s,0.076605
1757023981.500,latency_s,0.103695
1757023981.500,latency_s,0.149860
1757023981.515,latency_s,0.088585
1757023981.519,latency_s,0.074797
1757023981.526,latency_s,0.074549
1757023981.535,latency_s,0.127385
1757023981.536,latency_s,0.126331
1757023981.537,latency_s,0.074914
1757023981.537,latency_s,0.074117
1757023981.548,latency_s,0.107174
1757023981.562,latency_s,0.153897
1757023981.563,latency_s,0.126364
1757023981.571,latency_s,0.076735
1757023981.581,latency_s,0.164410
1757023981.596,latency_s,0.112805
1757023981.596,latency_s,0.099068
1757023981.596,latency_s,0.085758
1757023981.596,latency_s,0.145305
1757023981.610,latency_s,0.083297
1757023981.619,latency_s,0.074013
1757023981.626,latency_s,0.073833
1757023981.632,latency_s,0.123732
1757023981.633,latency_s,0.352332
1757023981.634,latency_s,0.253402
1757023981.634,latency_s,0.153261
1757023981.636,latency_s,0.073934
1757023981.637,latency_s,0.073870
1757023981.641,latency_s,0.167118
1757023981.644,latency_s,0.102312
1757023981.656,latency_s,0.148069
1757023981.657,latency_s,0.119890
1757023981.668,latency_s,0.073549
1757023981.691,latency_s,0.173742
1757023981.691,latency_s,0.106838
1757023981.691,latency_s,0.093358
1757023981.692,latency_s,0.080939
1757023981.692,latency_s,0.140614
1757023981.707,latency_s,0.078922
1757023981.720,latency_s,0.074053
1757023981.727,latency_s,0.074612
1757023981.729,latency_s,0.120951
1757023981.730,latency_s,0.145821
1757023981.738,latency_s,0.164176
1757023981.738,latency_s,0.075578
1757023981.739,latency_s,0.074753
1757023981.739,latency_s,0.095407
1757023981.787,latency_s,0.177913
1757023981.789,latency_s,0.150764
1757023981.789,latency_s,0.092367
1757023981.789,latency_s,0.101735
1757023981.789,latency_s,0.171098
1757023981.789,latency_s,0.090637
1757023981.789,latency_s,0.137289
1757023981.789,latency_s,0.076897
1757023981.802,latency_s,0.074465
1757023981.819,latency_s,0.168432
1757023981.819,latency_s,0.073448
1757023981.823,latency_s,0.113133
1757023981.824,latency_s,0.139181
1757023981.827,latency_s,0.073892
1757023981.834,latency_s,0.156048
1757023981.835,latency_s,0.091963
1757023981.838,latency_s,0.327731
1757023981.838,latency_s,0.226796
1757023981.883,latency_s,0.118498
1757023981.883,latency_s,0.119073
1757023981.883,latency_s,0.170416
1757023981.883,latency_s,0.173358
1757023981.883,latency_s,0.144503
1757023981.883,latency_s,0.095844
1757023981.884,latency_s,0.165571
1757023981.884,latency_s,0.086995
1757023981.884,latency_s,0.085190
1757023981.884,latency_s,0.131765
1757023981.888,latency_s,0.074127
1757023981.903,latency_s,0.074404
1757023981.916,latency_s,0.163992
1757023981.919,latency_s,0.108255
1757023981.978,latency_s,0.193650
1757023981.979,latency_s,0.131677
1757023981.979,latency_s,0.125956
1757023981.979,latency_s,0.199377
1757023981.979,latency_s,0.133698
1757023981.979,latency_s,0.165659
1757023981.979,latency_s,0.114930
1757023981.979,latency_s,0.114007
1757023981.979,latency_s,0.168718
1757023981.980,latency_s,0.140369
1757023981.980,latency_s,0.161223
1757023981.980,latency_s,0.091145
1757023981.980,latency_s,0.082120
1757023981.980,latency_s,0.080881
1757023981.980,latency_s,0.127400
1757023981.989,latency_s,0.074649
1757023982.003,latency_s,0.073545
1757023982.010,latency_s,0.157492
1757023982.073,latency_s,0.162103
1757023982.073,latency_s,0.186279
1757023982.074,latency_s,0.126806
1757023982.075,latency_s,0.194843
1757023982.075,latency_s,0.128994
1757023982.075,latency_s,0.121452
1757023982.075,latency_s,0.160243
1757023982.075,latency_s,0.110306
1757023982.075,latency_s,0.108883
1757023982.075,latency_s,0.164045
1757023982.075,latency_s,0.134664
1757023982.075,latency_s,0.156362
1757023982.075,latency_s,0.086152
1757023982.075,latency_s,0.076938
1757023982.170,latency_s,0.216837
1757023982.170,latency_s,0.171365
1757023982.171,latency_s,0.155976
1757023982.171,latency_s,0.217395
1757023982.171,latency_s,0.159186
1757023982.171,latency_s,0.181292
1757023982.171,latency_s,0.190376
1757023982.171,latency_s,0.124298
1757023982.171,latency_s,0.122730
1757023982.172,latency_s,0.156775
1757023982.172,latency_s,0.116839
1757023982.172,latency_s,0.159922
1757023982.172,latency_s,0.131302
1757023982.172,latency_s,0.107203
1757023982.172,latency_s,0.105740
1757023982.172,latency_s,0.153230
1757023982.172,latency_s,0.083045
1757023982.172,latency_s,0.115010
1757023982.266,latency_s,0.167376
1757023982.267,latency_s,0.167588
1757023982.267,latency_s,0.151884
1757023982.267,latency_s,0.212619
1757023982.267,latency_s,0.155365
1757023982.267,latency_s,0.177390
1757023982.267,latency_s,0.186491
1757023982.267,latency_s,0.152008
1757023982.267,latency_s,0.119467
1757023982.267,latency_s,0.118844
1757023982.267,latency_s,0.112428
1757023982.268,latency_s,0.155533
1757023982.268,latency_s,0.126581
1757023982.268,latency_s,0.102644
1757023982.363,latency_s,0.193154
1757023982.363,latency_s,0.244353
1757023982.364,latency_s,0.174297
1757023982.364,latency_s,0.206124
1757023982.364,latency_s,0.163832
1757023982.364,latency_s,0.163902
1757023982.364,latency_s,0.147777
1757023982.364,latency_s,0.209043
1757023982.364,latency_s,0.151647
1757023982.364,latency_s,0.173123
1757023982.364,latency_s,0.333743
1757023982.364,latency_s,0.233564
1757023982.364,latency_s,0.182557
1757023982.364,latency_s,0.147882
1757023982.364,latency_s,0.114200
1757023982.364,latency_s,0.113322
1757023982.364,latency_s,0.151671
1757023982.364,latency_s,0.123124
1757023982.460,latency_s,0.204561
1757023982.460,latency_s,0.194778
1757023982.460,latency_s,0.189375
1757023982.460,latency_s,0.239945
1757023982.460,latency_s,0.202022
1757023982.461,latency_s,0.170974
1757023982.461,latency_s,0.160928
1757023982.461,latency_s,0.160964
1757023982.461,latency_s,0.144838
1757023982.461,latency_s,0.206042
1757023982.461,latency_s,0.169553
1757023982.461,latency_s,0.148785
1757023982.462,latency_s,0.230794
1757023982.462,latency_s,0.178303
1757023982.555,latency_s,0.238638
1757023982.555,latency_s,0.242460
1757023982.556,latency_s,0.214440
1757023982.556,latency_s,0.204219
1757023982.556,latency_s,0.204165
1757023982.556,latency_s,0.200459
1757023982.556,latency_s,0.190528
1757023982.556,latency_s,0.235550
1757023982.556,latency_s,0.180012
1757023982.556,latency_s,0.197536
1757023982.556,latency_s,0.166577
1757023982.557,latency_s,0.156350
1757023982.557,latency_s,0.156359
1757023982.557,latency_s,0.201384
1757023982.557,latency_s,0.164491
1757023982.557,latency_s,0.140172
1757023982.557,latency_s,0.143993
1757023982.557,latency_s,0.226059
1757023982.650,latency_s,0.232257
1757023982.650,latency_s,0.266076
1757023982.651,latency_s,0.207900
1757023982.651,latency_s,0.237889
1757023982.652,latency_s,0.199496
1757023982.652,latency_s,0.199560
1757023982.652,latency_s,0.195850
1757023982.652,latency_s,0.230825
1757023982.652,latency_s,0.185965
1757023982.652,latency_s,0.175419
1757023982.652,latency_s,0.192399
1757023982.652,latency_s,0.161984
1757023982.652,latency_s,0.151655
1757023982.652,latency_s,0.150184
1757023982.745,latency_s,0.289567
1757023982.745,latency_s,0.252409
1757023982.746,latency_s,0.314388
1757023982.746,latency_s,0.232455
1757023982.746,latency_s,0.229028
1757023982.746,latency_s,0.261199
1757023982.746,latency_s,0.227316
1757023982.746,latency_s,0.232380
1757023982.746,latency_s,0.202754
1757023982.747,latency_s,0.194298
1757023982.747,latency_s,0.193848
1757023982.747,latency_s,0.190713
1757023982.747,latency_s,0.225132
1757023982.747,latency_s,0.180748
1757023982.747,latency_s,0.186793
1757023982.747,latency_s,0.168316
1757023982.747,latency_s,0.156578
1757023982.747,latency_s,0.146369
1757023982.840,latency_s,0.237196
1757023982.840,latency_s,0.284582
1757023982.841,latency_s,0.246795
1757023982.841,latency_s,0.309087
1757023982.841,latency_s,0.227200
1757023982.841,latency_s,0.223792
1757023982.841,latency_s,0.254942
1757023982.841,latency_s,0.221238
1757023982.841,latency_s,0.226969
1757023982.841,latency_s,0.193734
1757023982.841,latency_s,0.188508
1757023982.841,latency_s,0.187455
1757023982.841,latency_s,0.218664
1757023982.841,latency_s,0.184743
1757023982.937,latency_s,0.270298
1757023982.937,latency_s,0.275823
1757023982.937,latency_s,0.257646
1757023982.937,latency_s,0.246419
1757023982.938,latency_s,0.236970
1757023983.033,latency_s,0.338594
1757023983.033,latency_s,0.376727
1757023983.033,latency_s,0.401098
1757023983.033,latency_s,0.329381
1757023983.033,latency_s,0.319057
1757023983.033,latency_s,0.345765
1757023983.033,latency_s,0.314756
1757023983.033,latency_s,0.312253
1757023983.033,latency_s,0.318894
1757023983.033,latency_s,0.285525
1757023983.033,latency_s,0.309920
1757023983.033,latency_s,0.280460
1757023983.033,latency_s,0.278871
1757023983.036,latency_s,0.278804
1757023983.036,latency_s,0.269443
1757023983.036,latency_s,0.275105
1757023983.036,latency_s,0.255804
1757023983.036,latency_s,0.245350
1757023983.037,latency_s,0.279226
1757023983.037,latency_s,0.242101
1757023983.037,latency_s,0.304627
1757023983.037,latency_s,0.235502
1757023983.037,latency_s,0.233075
1757023983.037,latency_s,0.249385
1757023983.037,latency_s,0.222771
1757023983.037,latency_s,0.218376
1757023983.037,latency_s,0.214942
1757023983.128,latency_s,0.313377
1757023983.129,latency_s,0.305185
1757023983.129,latency_s,0.275868
1757023983.129,latency_s,0.274081
1757023983.129,latency_s,0.269853
1757023983.133,latency_s,0.270757
1757023983.133,latency_s,0.265777
1757023983.133,latency_s,0.251153
1757023983.133,latency_s,0.241686
1757023983.133,latency_s,0.273914
1757023983.133,latency_s,0.300672
1757023983.133,latency_s,0.237940
1757023983.133,latency_s,0.231518
1757023983.133,latency_s,0.228095
1757023983.133,latency_s,0.245427
1757023983.133,latency_s,0.217849
1757023983.133,latency_s,0.217293
1757023983.133,latency_s,0.214447
1757023983.133,latency_s,0.211015
1757023983.133,latency_s,0.209696
1757023983.133,latency_s,0.179891
1757023983.133,latency_s,0.178025
1757023983.134,latency_s,0.173668
1757023983.224,latency_s,0.261306
1757023983.229,latency_s,0.261660
1757023983.229,latency_s,0.246374
1757023983.229,latency_s,0.269607
1757023983.229,latency_s,0.296464
1757023983.229,latency_s,0.237560
1757023983.229,latency_s,0.233821
1757023983.229,latency_s,0.227430
1757023983.229,latency_s,0.241383
1757023983.229,latency_s,0.223891
1757023983.229,latency_s,0.212630
1757023983.229,latency_s,0.213731
1757023983.229,latency_s,0.210303
1757023983.230,latency_s,0.206793
1757023983.319,latency_s,0.294674
1757023983.319,latency_s,0.471032
1757023983.319,latency_s,0.370806
1757023983.319,latency_s,0.270297
1757023983.319,latency_s,0.265327
1757023983.319,latency_s,0.263012
1757023983.319,latency_s,0.258952
1757023983.319,latency_s,0.256299
1757023983.320,latency_s,0.252035
1757023983.320,latency_s,0.236135
1757023983.320,latency_s,0.259604
1757023983.325,latency_s,0.291990
1757023983.325,latency_s,0.232833
1757023983.325,latency_s,0.228428
1757023983.325,latency_s,0.236879
1757023983.325,latency_s,0.223121
1757023983.325,latency_s,0.219604
1757023983.325,latency_s,0.209410
1757023983.415,latency_s,0.297235
1757023983.415,latency_s,0.294566
1757023983.417,latency_s,0.293816
1757023983.417,latency_s,0.292381
1757023983.417,latency_s,0.267763
1757023983.417,latency_s,0.262851
1757023983.417,latency_s,0.259460
1757023983.417,latency_s,0.255944
1757023983.417,latency_s,0.252570
1757023983.417,latency_s,0.249197
1757023983.417,latency_s,0.256152
1757023983.417,latency_s,0.283839
1757023983.417,latency_s,0.233386
1757023983.417,latency_s,0.224841
1757023983.512,latency_s,0.322907
1757023983.512,latency_s,0.312722
1757023983.512,latency_s,0.309203
1757023983.512,latency_s,0.305905
1757023983.512,latency_s,0.295611
1757023983.512,latency_s,0.293907
1757023983.512,latency_s,0.290707
1757023983.512,latency_s,0.288385
1757023983.513,latency_s,0.287531
1757023983.513,latency_s,0.262826
1757023983.513,latency_s,0.258422
1757023983.513,latency_s,0.254438
1757023983.513,latency_s,0.251626
1757023983.513,latency_s,0.248169
1757023983.513,latency_s,0.244809
1757023983.513,latency_s,0.251752
1757023983.513,latency_s,0.279444
1757023983.513,latency_s,0.226674
1757023983.607,latency_s,0.318087
1757023983.607,latency_s,0.314669
1757023983.607,latency_s,0.307874
1757023983.607,latency_s,0.304563
1757023983.608,latency_s,0.301093
1757023983.608,latency_s,0.290979
1757023983.608,latency_s,0.288846
1757023983.608,latency_s,0.286386
1757023983.608,latency_s,0.284062
1757023983.608,latency_s,0.281920
1757023983.609,latency_s,0.257545
1757023983.609,latency_s,0.254152
1757023983.609,latency_s,0.248745
1757023983.609,latency_s,0.247365
1757023983.703,latency_s,0.338168
1757023983.703,latency_s,0.334880
1757023983.704,latency_s,0.341933
1757023983.704,latency_s,0.369623
1757023983.704,latency_s,0.316125
1757023983.704,latency_s,0.314402
1757023983.704,latency_s,0.310772
1757023983.704,latency_s,0.304029
1757023983.704,latency_s,0.300484
1757023983.704,latency_s,0.295605
1757023983.704,latency_s,0.287051
1757023983.704,latency_s,0.284441
1757023983.704,latency_s,0.282261
1757023983.704,latency_s,0.279490
1757023983.704,latency_s,0.277837
1757023983.827,latency_s,0.375596
1757023983.827,latency_s,0.372424
1757023983.827,latency_s,0.366552
1757023983.828,latency_s,0.365576
1757023983.828,latency_s,0.362138
1757023983.828,latency_s,0.365689
1757023983.828,latency_s,0.393345
1757023983.828,latency_s,0.358810
1757023983.828,latency_s,0.339937
1757023983.828,latency_s,0.338237
1757023983.828,latency_s,0.334707
1757023983.828,latency_s,0.326338
1757023983.828,latency_s,0.323620
1757023983.828,latency_s,0.318588
1757023983.828,latency_s,0.311302
1757023983.828,latency_s,0.308587
1757023983.828,latency_s,0.306133
1757023983.893,latency_s,0.367265
1757023983.893,latency_s,0.365441
1757023983.895,latency_s,0.341681
1757023983.895,latency_s,0.339849
1757023983.895,latency_s,0.333960
1757023983.895,latency_s,0.360701
1757023983.895,latency_s,0.333162
1757023983.895,latency_s,0.333016
1757023983.895,latency_s,0.329504
1757023983.895,latency_s,0.326233
1757023983.895,latency_s,0.306901
1757023983.895,latency_s,0.305548
1757023983.895,latency_s,0.302094
1757023983.896,latency_s,0.293743
1757023983.896,latency_s,0.291029
1757023983.988,latency_s,0.377217
1757023983.989,latency_s,0.371510
1757023983.990,latency_s,0.369787
1757023983.990,latency_s,0.367818
1757023983.990,latency_s,0.363239
1757023983.990,latency_s,0.362648
1757023983.991,latency_s,0.334843
1757023983.991,latency_s,0.355669
1757023983.991,latency_s,0.334502
1757023983.991,latency_s,0.327999
1757023983.991,latency_s,0.327918
1757023983.991,latency_s,0.327381
1757023983.991,latency_s,0.324456
1757023983.991,latency_s,0.321184
1757023983.991,latency_s,0.301486
1757023983.991,latency_s,0.300578
1757023983.991,latency_s,0.297248
1757023984.083,latency_s,0.380125
1757023984.083,latency_s,0.377237
1757023984.083,latency_s,0.372036
1757023984.084,latency_s,0.366367
1757023984.084,latency_s,0.363993
1757023984.084,latency_s,0.361198
1757023984.084,latency_s,0.356146
1757023984.085,latency_s,0.355950
1757023984.085,latency_s,0.349315
1757023984.085,latency_s,0.328095
1757023984.085,latency_s,0.327940
1757023984.085,latency_s,0.321058
1757023984.085,latency_s,0.321205
1757023984.085,latency_s,0.320783
1757023984.085,latency_s,0.318160
1757023984.179,latency_s,0.408727
1757023984.179,latency_s,0.388257
1757023984.179,latency_s,0.388376
1757023984.179,latency_s,0.385010
1757023984.179,latency_s,0.375620
1757023984.179,latency_s,0.372655
1757023984.179,latency_s,0.367830
1757023984.179,latency_s,0.360920
1757023984.179,latency_s,0.358500
1757023984.179,latency_s,0.355628
1757023984.179,latency_s,0.350600
1757023984.179,latency_s,0.350327
1757023984.179,latency_s,0.343894
1757023984.179,latency_s,0.322164
1757023984.179,latency_s,0.321962
1757023984.179,latency_s,0.314748
1757023984.180,latency_s,0.314996
1757023984.274,latency_s,0.408735
1757023984.274,latency_s,0.407326
1757023984.274,latency_s,0.403619
1757023984.274,latency_s,0.383430
1757023984.274,latency_s,0.382638
1757023984.274,latency_s,0.380042
1757023984.274,latency_s,0.369606
1757023984.274,latency_s,0.367675
1757023984.274,latency_s,0.362846
1757023984.274,latency_s,0.356134
1757023984.275,latency_s,0.352516
1757023984.275,latency_s,0.350115
1757023984.275,latency_s,0.345683
1757023984.275,latency_s,0.345399
1757023984.275,latency_s,0.338875
1757023984.369,latency_s,0.411110
1757023984.370,latency_s,0.411567
1757023984.370,latency_s,0.404577
1757023984.370,latency_s,0.404697
1757023984.370,latency_s,0.404117
1757023984.370,latency_s,0.402803
1757023984.370,latency_s,0.398503
1757023984.370,latency_s,0.378775
1757023984.370,latency_s,0.376689
1757023984.370,latency_s,0.375413
1757023984.370,latency_s,0.364444
1757023984.370,latency_s,0.362499
1757023984.371,latency_s,0.359006
1757023984.371,latency_s,0.352144
1757023984.371,latency_s,0.348866
1757023984.371,latency_s,0.346398
1757023984.372,latency_s,0.342514
1757023984.465,latency_s,0.435660
1757023984.466,latency_s,0.430326
1757023984.466,latency_s,0.408156
1757023984.467,latency_s,0.408034
1757023984.467,latency_s,0.399493
1757023984.467,latency_s,0.399965
1757023984.467,latency_s,0.400051
1757023984.467,latency_s,0.399921
1757023984.467,latency_s,0.395283
1757023984.467,latency_s,0.376072
1757023984.467,latency_s,0.373549
1757023984.468,latency_s,0.372765
1757023984.468,latency_s,0.360404
1757023984.468,latency_s,0.358956
1757023984.468,latency_s,0.355604
1757023984.562,latency_s,0.442931
1757023984.564,latency_s,0.441251
1757023984.564,latency_s,0.438892
1757023984.564,latency_s,0.434496
1757023984.564,latency_s,0.433049
1757023984.564,latency_s,0.427756
1757023984.564,latency_s,0.405144
1757023984.564,latency_s,0.404611
1757023984.564,latency_s,0.396002
1757023984.564,latency_s,0.396096
1757023984.564,latency_s,0.396101
1757023984.564,latency_s,0.396173
1757023984.565,latency_s,0.392236
1757023984.565,latency_s,0.371516
1757023984.565,latency_s,0.369617
1757023984.565,latency_s,0.366218
1757023984.565,latency_s,0.357327
1757023984.657,latency_s,0.448550
1757023984.658,latency_s,0.445051
1757023984.659,latency_s,0.439121
1757023984.659,latency_s,0.436106
1757023984.659,latency_s,0.433807
1757023984.659,latency_s,0.429405
1757023984.659,latency_s,0.427769
1757023984.659,latency_s,0.422576
1757023984.659,latency_s,0.398319
1757023984.659,latency_s,0.398268
1757023984.659,latency_s,0.389961
1757023984.659,latency_s,0.390027
1757023984.659,latency_s,0.389997
1757023984.659,latency_s,0.389610
1757023984.661,latency_s,0.387863
1757023984.755,latency_s,0.460955
1757023984.755,latency_s,0.459345
1757023984.755,latency_s,0.454316
1757023984.755,latency_s,0.446728
1757023984.755,latency_s,0.445921
1757023984.755,latency_s,0.442378
1757023984.755,latency_s,0.435246
1757023984.755,latency_s,0.432195
1757023984.755,latency_s,0.429817
1757023984.755,latency_s,0.425458
1757023984.755,latency_s,0.423069
1757023984.755,latency_s,0.418707
1757023984.755,latency_s,0.394519
1757023984.755,latency_s,0.391868
1757023984.756,latency_s,0.386032
1757023984.756,latency_s,0.386009
1757023984.756,latency_s,0.386651
1757023984.850,latency_s,0.479659
1757023984.850,latency_s,0.475698
1757023984.850,latency_s,0.455180
1757023984.850,latency_s,0.454037
1757023984.850,latency_s,0.448643
1757023984.851,latency_s,0.441389
1757023984.851,latency_s,0.441072
1757023984.851,latency_s,0.438141
1757023984.851,latency_s,0.431054
1757023984.851,latency_s,0.428025
1757023984.851,latency_s,0.425766
1757023984.851,latency_s,0.421315
1757023984.851,latency_s,0.418917
1757023984.852,latency_s,0.414578
1757023984.852,latency_s,0.390405
1757023984.945,latency_s,0.480458
1757023984.945,latency_s,0.475358
1757023984.945,latency_s,0.475424
1757023984.945,latency_s,0.475439
1757023984.946,latency_s,0.475106
1757023984.946,latency_s,0.471320
1757023985.041,latency_s,0.545471
1757023985.042,latency_s,0.545357
1757023985.042,latency_s,0.537318
1757023985.042,latency_s,0.532106
1757023985.042,latency_s,0.531196
1757023985.042,latency_s,0.528712
1757023985.042,latency_s,0.521920
1757023985.042,latency_s,0.518913
1757023985.042,latency_s,0.516530
1757023985.042,latency_s,0.512138
1757023985.042,latency_s,0.508610
1757023985.042,latency_s,0.505303
1757023985.043,latency_s,0.481083
1757023985.043,latency_s,0.477088
1757023985.043,latency_s,0.472062
1757023985.043,latency_s,0.471881
1757023985.043,latency_s,0.472368
1757023985.043,latency_s,0.472162
1757023985.043,latency_s,0.467477
1757023985.043,latency_s,0.446948
1757023985.043,latency_s,0.446496
1757023985.043,latency_s,0.438150
1757023985.043,latency_s,0.433154
1757023985.043,latency_s,0.431742
1757023985.043,latency_s,0.428823
1757023985.043,latency_s,0.422713
1757023985.137,latency_s,0.513309
1757023985.137,latency_s,0.511047
1757023985.137,latency_s,0.506577
1757023985.137,latency_s,0.503360
1757023985.137,latency_s,0.499959
1757023985.138,latency_s,0.475904
1757023985.138,latency_s,0.472129
1757023985.138,latency_s,0.467801
1757023985.139,latency_s,0.467708
1757023985.139,latency_s,0.467885
1757023985.139,latency_s,0.467600
1757023985.139,latency_s,0.462971
1757023985.139,latency_s,0.442405
1757023985.139,latency_s,0.441437
1757023985.139,latency_s,0.433156
1757023985.234,latency_s,0.522840
1757023985.234,latency_s,0.522230
1757023985.234,latency_s,0.519035
1757023985.234,latency_s,0.513205
1757023985.234,latency_s,0.510370
1757023985.234,latency_s,0.507933
1757023985.234,latency_s,0.503022
1757023985.234,latency_s,0.500091
1757023985.234,latency_s,0.496618
1757023985.234,latency_s,0.472501
1757023985.234,latency_s,0.467597
1757023985.235,latency_s,0.463659
1757023985.235,latency_s,0.463542
1757023985.235,latency_s,0.463747
1757023985.235,latency_s,0.463420
1757023985.235,latency_s,0.458776
1757023985.235,latency_s,0.438241
1757023985.235,latency_s,0.436729
1757023985.235,latency_s,0.427900
1757023985.235,latency_s,0.423795
1757023985.235,latency_s,0.422877
1757023985.235,latency_s,0.419980
1757023985.235,latency_s,0.413978
1757023985.329,latency_s,0.504947
1757023985.330,latency_s,0.503663
1757023985.330,latency_s,0.498373
1757023985.330,latency_s,0.495817
1757023985.330,latency_s,0.492537
1757023985.331,latency_s,0.468242
1757023985.331,latency_s,0.463361
1757023985.331,latency_s,0.458642
1757023985.331,latency_s,0.458035
1757023985.331,latency_s,0.458995
1757023985.331,latency_s,0.457962
1757023985.331,latency_s,0.454701
1757023985.331,latency_s,0.434011
1757023985.331,latency_s,0.432544
1757023985.331,latency_s,0.423549
1757023985.331,latency_s,0.418804
1757023985.331,latency_s,0.418042
1757023985.425,latency_s,0.509398
1757023985.426,latency_s,0.504567
1757023985.426,latency_s,0.502063
1757023985.426,latency_s,0.498655
1757023985.427,latency_s,0.493598
1757023985.427,latency_s,0.491755
1757023985.427,latency_s,0.488394
1757023985.427,latency_s,0.463694
1757023985.427,latency_s,0.458751
1757023985.427,latency_s,0.454546
1757023985.427,latency_s,0.454881
1757023985.427,latency_s,0.454008
1757023985.427,latency_s,0.453897
1757023985.427,latency_s,0.450628
1757023985.427,latency_s,0.430063
1757023985.521,latency_s,0.522011
1757023985.521,latency_s,0.512956
1757023985.522,latency_s,0.509246
1757023985.522,latency_s,0.508115
1757023985.522,latency_s,0.505104
1757023985.522,latency_s,0.500199
1757023985.522,latency_s,0.497336
1757023985.522,latency_s,0.494016
1757023985.522,latency_s,0.488063
1757023985.522,latency_s,0.487135
1757023985.522,latency_s,0.483786
1757023985.522,latency_s,0.458503
1757023985.522,latency_s,0.453785
1757023985.522,latency_s,0.449312
1757023985.522,latency_s,0.449420
1757023985.522,latency_s,0.449318
1757023985.523,latency_s,0.449487
1757023985.617,latency_s,0.539734
1757023985.617,latency_s,0.520303
1757023985.618,latency_s,0.517896
1757023985.618,latency_s,0.507231
1757023985.618,latency_s,0.505104
1757023985.618,latency_s,0.504033
1757023985.618,latency_s,0.500677
1757023985.618,latency_s,0.495965
1757023985.618,latency_s,0.492962
1757023985.618,latency_s,0.489577
1757023985.618,latency_s,0.483639
1757023985.618,latency_s,0.482833
1757023985.618,latency_s,0.479424
1757023985.618,latency_s,0.454165
1757023985.618,latency_s,0.449619
1757023985.809,latency_s,0.635596
1757023985.809,latency_s,0.635364
1757023985.809,latency_s,0.635388
1757023985.810,latency_s,0.635919
1757023985.810,latency_s,0.631747
1757023985.810,latency_s,0.612563
1757023985.810,latency_s,0.609144
1757023985.810,latency_s,0.598928
1757023985.810,latency_s,0.596458
1757023985.810,latency_s,0.592272
1757023985.811,latency_s,0.587357
1757023985.811,latency_s,0.585460
1757023985.811,latency_s,0.581940
1757023985.811,latency_s,0.576043
1757023985.811,latency_s,0.575097
1757023985.811,latency_s,0.571758
1757023985.811,latency_s,0.546123
1757023985.811,latency_s,0.541795
1757023985.811,latency_s,0.535662
1757023985.811,latency_s,0.535832
1757023985.811,latency_s,0.535856
1757023985.811,latency_s,0.535748
1757023985.811,latency_s,0.532188
1757023985.811,latency_s,0.513496
1757023985.811,latency_s,0.510057
1757023985.811,latency_s,0.499757
1757023985.811,latency_s,0.496310
1757023985.811,latency_s,0.492571
1757023985.812,latency_s,0.488148
1757023985.812,latency_s,0.486243
1757023985.812,latency_s,0.482764
1757023985.812,latency_s,0.475926
1757023985.905,latency_s,0.569177
1757023985.906,latency_s,0.567303
1757023985.907,latency_s,0.541618
1757023985.907,latency_s,0.536284
1757023985.907,latency_s,0.531263
1757023985.907,latency_s,0.531294
1757023985.907,latency_s,0.530925
1757023985.907,latency_s,0.530936
1757023985.907,latency_s,0.527503
1757023985.907,latency_s,0.508870
1757023985.907,latency_s,0.505495
1757023985.907,latency_s,0.693994
1757023985.907,latency_s,0.495187
1757023985.907,latency_s,0.593833
1757023986.002,latency_s,0.586219
1757023986.002,latency_s,0.581764
1757023986.003,latency_s,0.578456
1757023986.003,latency_s,0.577311
1757023986.003,latency_s,0.573934
1757023986.003,latency_s,0.566860
1757023986.003,latency_s,0.566563
1757023986.003,latency_s,0.563683
1757023986.003,latency_s,0.537572
1757023986.003,latency_s,0.530639
1757023986.003,latency_s,0.527329
1757023986.003,latency_s,0.526988
1757023986.003,latency_s,0.527092
1757023986.003,latency_s,0.527316
1757023986.003,latency_s,0.523562
1757023986.003,latency_s,0.505334
1757023986.004,latency_s,0.501902
1757023986.004,latency_s,0.589825
1757023986.004,latency_s,0.491674
1757023986.098,latency_s,0.581969
1757023986.099,latency_s,0.578457
1757023986.099,latency_s,0.574530
1757023986.099,latency_s,0.573771
1757023986.100,latency_s,0.570275
1757023986.100,latency_s,0.563208
1757023986.100,latency_s,0.562940
1757023986.100,latency_s,0.560008
1757023986.100,latency_s,0.533948
1757023986.100,latency_s,0.526499
1757023986.100,latency_s,0.523063
1757023986.100,latency_s,0.522790
1757023986.100,latency_s,0.522489
1757023986.100,latency_s,0.522482
1757023986.100,latency_s,0.518754
1757023986.100,latency_s,0.501695
1757023986.195,latency_s,0.592093
1757023986.195,latency_s,0.680206
1757023986.195,latency_s,0.582344
1757023986.195,latency_s,0.577594
1757023986.195,latency_s,0.574211
1757023986.195,latency_s,0.569917
1757023986.195,latency_s,0.569534
1757023986.196,latency_s,0.566257
1757023986.196,latency_s,0.557901
1757023986.196,latency_s,0.557645
1757023986.196,latency_s,0.555638
1757023986.196,latency_s,0.529366
1757023986.196,latency_s,0.522485
1757023986.196,latency_s,0.519112
1757023986.196,latency_s,0.518073
1757023986.196,latency_s,0.518057
1757023986.290,latency_s,0.612329
1757023986.290,latency_s,0.609151
1757023986.291,latency_s,0.675768
1757023986.291,latency_s,0.591956
1757023986.291,latency_s,0.586731
1757023986.291,latency_s,0.578799
1757023986.292,latency_s,0.574130
1757023986.292,latency_s,0.570698
1757023986.292,latency_s,0.565465
1757023986.292,latency_s,0.565399
1757023986.292,latency_s,0.562282
1757023986.292,latency_s,0.552914
1757023986.292,latency_s,0.552469
1757023986.292,latency_s,0.550531
1757023986.292,latency_s,0.525583
1757023986.330,latency_s,0.556434
1757023986.330,latency_s,0.552182
1757023986.330,latency_s,0.551962
1757023986.330,latency_s,0.551625
1757023986.386,latency_s,0.607058
1757023986.386,latency_s,0.604679
1757023986.386,latency_s,0.670461
1757023986.386,latency_s,0.587568
1757023986.387,latency_s,0.581893
1757023986.387,latency_s,0.574244
1757023986.387,latency_s,0.569172
1757023986.388,latency_s,0.565472
1757023986.388,latency_s,0.561041
1757023986.388,latency_s,0.560920
1757023986.388,latency_s,0.557723
1757023986.388,latency_s,0.547356
1757023986.388,latency_s,0.547171
1757023986.481,latency_s,0.639042
1757023986.481,latency_s,0.613971
1757023986.481,latency_s,0.606372
1757023986.481,latency_s,0.601732
1757023986.481,latency_s,0.602086
1757023986.482,latency_s,0.602120
1757023986.482,latency_s,0.599696
1757023986.482,latency_s,0.664452
1757023986.482,latency_s,0.580837
1757023986.482,latency_s,0.576460
1757023986.482,latency_s,0.567773
1757023986.482,latency_s,0.562981
1757023986.482,latency_s,0.559105
1757023986.483,latency_s,0.555759
1757023986.483,latency_s,0.555631
1757023986.483,latency_s,0.552543
1757023986.483,latency_s,0.542239
1757023986.483,latency_s,0.542110
1757023986.483,latency_s,0.540518
1757023986.576,latency_s,0.608647
1757023986.576,latency_s,0.600847
1757023986.576,latency_s,0.595911
1757023986.576,latency_s,0.595798
1757023986.576,latency_s,0.596042
1757023986.576,latency_s,0.594171
1757023986.576,latency_s,0.658510
1757023986.577,latency_s,0.573811
1757023986.577,latency_s,0.570175
1757023986.577,latency_s,0.560013
1757023986.577,latency_s,0.557663
1757023986.577,latency_s,0.553169
1757023986.577,latency_s,0.549673
1757023986.578,latency_s,0.551095
1757023986.578,latency_s,0.547948
1757023986.579,latency_s,0.537465
1757023986.579,latency_s,0.537445
1757023986.579,latency_s,0.535953
1757023986.579,latency_s,0.510323
1757023986.579,latency_s,0.699606
1757023986.579,latency_s,0.598839
1757023986.579,latency_s,0.501968
1757023986.673,latency_s,0.654517
1757023986.673,latency_s,0.592296
1757023986.673,latency_s,0.592238
1757023986.673,latency_s,0.591550
1757023986.673,latency_s,0.590741
1757023986.673,latency_s,0.569698
1757023986.673,latency_s,0.566388
1757023986.673,latency_s,0.556205
1757023986.673,latency_s,0.553319
1757023986.675,latency_s,0.550795
1757023986.675,latency_s,0.547405
1757023986.675,latency_s,0.547118
1757023986.675,latency_s,0.544286
1757023986.675,latency_s,0.532497
1757023986.675,latency_s,0.532277
1757023986.675,latency_s,0.532177
1757023986.675,latency_s,0.506450
1757023986.675,latency_s,0.593726
1757023986.675,latency_s,0.556333
1757023986.675,latency_s,0.497175
1757023986.675,latency_s,0.494629
1757023986.675,latency_s,0.494513
1757023986.675,latency_s,0.493872
1757023986.770,latency_s,0.587340
1757023986.771,latency_s,0.566925
1757023986.771,latency_s,0.562114
1757023986.771,latency_s,0.551765
1757023986.771,latency_s,0.550090
1757023986.771,latency_s,0.546599
1757023986.771,latency_s,0.543262
1757023986.771,latency_s,0.542941
1757023986.771,latency_s,0.540182
1757023986.771,latency_s,0.527960
1757023986.771,latency_s,0.528133
1757023986.771,latency_s,0.527606
1757023986.771,latency_s,0.589750
1757023986.771,latency_s,0.552427
1757023986.772,latency_s,0.502503
1757023986.772,latency_s,0.493155
1757023986.772,latency_s,0.490682
1757023986.772,latency_s,0.490482
1757023986.867,latency_s,0.585018
1757023986.867,latency_s,0.583277
1757023986.867,latency_s,0.563093
1757023986.867,latency_s,0.556636
1757023986.867,latency_s,0.547316
1757023986.867,latency_s,0.546446
1757023986.867,latency_s,0.542956
1757023986.867,latency_s,0.539670
1757023986.867,latency_s,0.537938
1757023986.867,latency_s,0.536273
1757023986.867,latency_s,0.523439
1757023986.868,latency_s,0.523275
1757023986.868,latency_s,0.522656
1757023986.868,latency_s,0.585569
1757023986.962,latency_s,0.641600
1757023986.962,latency_s,0.592462
1757023986.962,latency_s,0.582144
1757023986.962,latency_s,0.580741
1757023986.962,latency_s,0.580322
1757023986.962,latency_s,0.579834
1757023986.962,latency_s,0.577362
1757023986.962,latency_s,0.557534
1757023986.962,latency_s,0.551246
1757023986.962,latency_s,0.541799
1757023986.964,latency_s,0.542519
1757023986.964,latency_s,0.537723
1757023986.964,latency_s,0.535822
1757023986.964,latency_s,0.533803
1757023986.964,latency_s,0.532433
1757023986.964,latency_s,0.519768
1757023987.002,latency_s,0.557108
1757023987.003,latency_s,0.557287
1757023987.058,latency_s,0.675903
1757023987.059,latency_s,0.638339
1757023987.059,latency_s,0.589099
1757023987.059,latency_s,0.578971
1757023987.059,latency_s,0.577130
1757023987.059,latency_s,0.577254
1757023987.059,latency_s,0.575825
1757023987.059,latency_s,0.574396
1757023987.059,latency_s,0.553572
1757023987.059,latency_s,0.547340
1757023987.059,latency_s,0.537650
1757023987.059,latency_s,0.537718
1757023987.059,latency_s,0.533175
1757023987.059,latency_s,0.531235
1757023987.154,latency_s,0.622812
1757023987.154,latency_s,0.622474
1757023987.154,latency_s,0.608677
1757023987.154,latency_s,0.607281
1757023987.155,latency_s,0.607498
1757023987.155,latency_s,0.671124
1757023987.155,latency_s,0.633111
1757023987.155,latency_s,0.585048
1757023987.155,latency_s,0.572258
1757023987.155,latency_s,0.571276
1757023987.155,latency_s,0.570914
1757023987.250,latency_s,0.666200
1757023987.250,latency_s,0.664905
1757023987.250,latency_s,0.644102
1757023987.250,latency_s,0.636807
1757023987.250,latency_s,0.627401
1757023987.251,latency_s,0.627193
1757023987.345,latency_s,0.718330
1757023987.346,latency_s,0.717292
1757023987.346,latency_s,0.713994
1757023987.346,latency_s,0.714039
1757023987.346,latency_s,0.700268
1757023987.346,latency_s,0.698292
1757023987.346,latency_s,0.762446
1757023987.346,latency_s,0.723199
1757023987.346,latency_s,0.698658
1757023987.347,latency_s,0.676025
1757023987.347,latency_s,0.663773
1757023987.347,latency_s,0.662795
1757023987.347,latency_s,0.662410
1757023987.347,latency_s,0.662404
1757023987.347,latency_s,0.661016
1757023987.347,latency_s,0.639731
1757023987.347,latency_s,0.632849
1757023987.347,latency_s,0.623347
1757023987.347,latency_s,0.623096
1757023987.347,latency_s,0.619249
1757023987.347,latency_s,0.618401
1757023987.347,latency_s,0.615093
1757023987.347,latency_s,0.614811
1757023987.347,latency_s,0.663134
1757023987.347,latency_s,0.623756
1757023987.347,latency_s,0.601358
1757023987.442,latency_s,0.693379
1757023987.442,latency_s,0.692533
1757023987.442,latency_s,0.670939
1757023987.442,latency_s,0.658106
1757023987.442,latency_s,0.657604
1757023987.442,latency_s,0.657568
1757023987.442,latency_s,0.657475
1757023987.442,latency_s,0.656276
1757023987.442,latency_s,0.634782
1757023987.442,latency_s,0.627178
1757023987.442,latency_s,0.618375
1757023987.442,latency_s,0.618452
1757023987.538,latency_s,0.709625
1757023987.538,latency_s,0.709049
1757023987.538,latency_s,0.704767
1757023987.538,latency_s,0.704751
1757023987.538,latency_s,0.753713
1757023987.538,latency_s,0.714613
1757023987.538,latency_s,0.692217
1757023987.538,latency_s,0.689793
1757023987.539,latency_s,0.688918
1757023987.539,latency_s,0.666681
1757023987.539,latency_s,0.654409
1757023987.539,latency_s,0.653455
1757023987.539,latency_s,0.653528
1757023987.539,latency_s,0.653520
1757023987.539,latency_s,0.652606
1757023987.539,latency_s,0.628900
1757023987.539,latency_s,0.622540
1757023987.539,latency_s,0.614662
1757023987.539,latency_s,0.614649
1757023987.539,latency_s,0.609826
1757023987.634,latency_s,0.704311
1757023987.635,latency_s,0.750156
1757023987.635,latency_s,0.710954
1757023987.635,latency_s,0.700985
1757023987.635,latency_s,0.700357
1757023987.635,latency_s,0.688762
1757023987.635,latency_s,0.685505
1757023987.636,latency_s,0.684971
1757023987.636,latency_s,0.663534
1757023987.636,latency_s,0.651217
1757023987.636,latency_s,0.650186
1757023987.636,latency_s,0.649720
1757023987.636,latency_s,0.649855
1757023987.636,latency_s,0.649248
1757023987.636,latency_s,0.625253
1757023987.636,latency_s,0.617872
1757023987.636,latency_s,0.610497
1757023987.636,latency_s,0.610480
1757023987.730,latency_s,0.744921
1757023987.731,latency_s,0.705122
1757023987.731,latency_s,0.701043
1757023987.731,latency_s,0.701319
1757023987.731,latency_s,0.696420
1757023987.731,latency_s,0.695635
1757023987.731,latency_s,0.682845
1757023987.731,latency_s,0.679590
1757023987.731,latency_s,0.679627
1757023987.731,latency_s,0.658308
1757023987.731,latency_s,0.646441
1757023987.731,latency_s,0.645030
1757023987.731,latency_s,0.644725
1757023987.732,latency_s,0.645035
1757023987.827,latency_s,0.739621
1757023987.827,latency_s,0.715692
1757023987.827,latency_s,0.708679
1757023987.827,latency_s,0.740695
1757023987.827,latency_s,0.701049
1757023987.827,latency_s,0.701086
1757023987.827,latency_s,0.701016
1757023987.827,latency_s,0.697700
1757023987.828,latency_s,0.697636
1757023987.828,latency_s,0.693166
1757023987.828,latency_s,0.692192
1757023987.828,latency_s,0.679315
1757023987.828,latency_s,0.674845
1757023987.828,latency_s,0.674883
1757023987.828,latency_s,0.654372
1757023987.922,latency_s,0.736654
1757023987.923,latency_s,0.736003
1757023987.923,latency_s,0.736099
1757023987.923,latency_s,0.736045
1757023987.923,latency_s,0.735890
1757023987.923,latency_s,0.711537
1757023987.923,latency_s,0.735942
1757023987.923,latency_s,0.702125
1757023987.923,latency_s,0.695852
1757023987.923,latency_s,0.695794
1757023987.923,latency_s,0.695743
1757023987.923,latency_s,0.693400
1757023987.924,latency_s,0.693325
1757023987.924,latency_s,0.688765
1757023987.924,latency_s,0.687773
1757023987.924,latency_s,0.675035
1757023987.924,latency_s,0.669778
1757023988.017,latency_s,0.762330
1757023988.017,latency_s,0.743199
1757023988.019,latency_s,0.733753
1757023988.019,latency_s,0.732037
1757023988.019,latency_s,0.732049
1757023988.019,latency_s,0.731640
1757023988.019,latency_s,0.731668
1757023988.019,latency_s,0.706336
1757023988.019,latency_s,0.731749
1757023988.019,latency_s,0.697562
1757023988.019,latency_s,0.691160
1757023988.019,latency_s,0.690937
1757023988.019,latency_s,0.690938
1757023988.020,latency_s,0.689193
1757023988.020,latency_s,0.689264
1757023988.112,latency_s,0.776912
1757023988.112,latency_s,0.776094
1757023988.113,latency_s,0.763179
1757023988.113,latency_s,0.758267
1757023988.113,latency_s,0.756723
1757023988.113,latency_s,0.737593
1757023988.113,latency_s,0.727253
1757023988.113,latency_s,0.725562
1757023988.113,latency_s,0.725281
1757023988.113,latency_s,0.724939
1757023988.113,latency_s,0.724678
1757023988.113,latency_s,0.724841
1757023988.113,latency_s,0.695896
1757023988.113,latency_s,0.689448
1757023988.114,latency_s,0.684482
1757023988.114,latency_s,0.684320
1757023988.114,latency_s,0.684679
1757023988.210,latency_s,0.779840
1757023988.210,latency_s,0.779633
1757023988.211,latency_s,0.774679
1757023988.211,latency_s,0.774122
1757023988.211,latency_s,0.760428
1757023988.211,latency_s,0.755017
1757023988.211,latency_s,0.752568
1757023988.211,latency_s,0.735373
1757023988.211,latency_s,0.725249
1757023988.211,latency_s,0.723391
1757023988.211,latency_s,0.723205
1757023988.211,latency_s,0.722325
1757023988.211,latency_s,0.722251
1757023988.211,latency_s,0.722454
1757023988.211,latency_s,0.693649
1757023988.307,latency_s,0.781347
1757023988.308,latency_s,0.776832
1757023988.308,latency_s,0.776821
1757023988.308,latency_s,0.777191
1757023988.308,latency_s,0.776774
1757023988.308,latency_s,0.776737
1757023988.308,latency_s,0.771609
1757023988.308,latency_s,0.756468
1757023988.308,latency_s,0.751712
1757023988.308,latency_s,0.749895
1757023988.308,latency_s,0.732723
1757023988.308,latency_s,0.722368
1757023988.308,latency_s,0.719879
1757023988.308,latency_s,0.719841
1757023988.308,latency_s,0.718876
1757023988.308,latency_s,0.718651
1757023988.309,latency_s,0.719251
1757023988.403,latency_s,0.784587
1757023988.404,latency_s,0.777096
1757023988.404,latency_s,0.772563
1757023988.404,latency_s,0.772597
1757023988.404,latency_s,0.772160
1757023988.404,latency_s,0.771816
1757023988.404,latency_s,0.772420
1757023988.404,latency_s,0.767005
1757023988.404,latency_s,0.751961
1757023988.404,latency_s,0.746097
1757023988.404,latency_s,0.745188
1757023988.404,latency_s,0.728105
1757023988.404,latency_s,0.717767
1757023988.404,latency_s,0.715290
1757023988.404,latency_s,0.715411
1757023988.498,latency_s,0.808473
1757023988.499,latency_s,0.809018
1757023988.500,latency_s,0.809739
1757023988.500,latency_s,0.778808
1757023988.500,latency_s,0.772990
1757023988.500,latency_s,0.768419
1757023988.500,latency_s,0.768252
1757023988.500,latency_s,0.768123
1757023988.500,latency_s,0.767927
1757023988.500,latency_s,0.767736
1757023988.500,latency_s,0.761793
1757023988.500,latency_s,0.961358
1757023988.500,latency_s,0.860429
1757023988.500,latency_s,0.746469
1757023988.500,latency_s,0.741158
1757023988.500,latency_s,0.740674
1757023988.500,latency_s,0.724088
1757023988.595,latency_s,0.808500
1757023988.595,latency_s,0.805110
1757023988.595,latency_s,0.804955
1757023988.595,latency_s,0.805244
1757023988.595,latency_s,0.804716
1757023988.595,latency_s,0.805053
1757023988.595,latency_s,0.772578
1757023988.595,latency_s,0.768382
1757023988.595,latency_s,0.763801
1757023988.595,latency_s,0.763839
1757023988.596,latency_s,0.763582
1757023988.596,latency_s,0.763311
1757023988.596,latency_s,0.763163
1757023988.596,latency_s,0.855040
1757023988.596,latency_s,0.757437
1757023988.690,latency_s,0.835757
1757023988.690,latency_s,0.831059
1757023988.691,latency_s,0.830737
1757023988.691,latency_s,0.814407
1757023988.691,latency_s,0.804201
1757023988.691,latency_s,0.800716
1757023988.691,latency_s,0.800557
1757023988.691,latency_s,0.800665
1757023988.691,latency_s,0.800677
1757023988.691,latency_s,0.800477
1757023988.691,latency_s,0.768065
1757023988.691,latency_s,0.763932
1757023988.691,latency_s,0.849627
1757023988.691,latency_s,0.759722
1757023988.692,latency_s,0.759684
1757023988.692,latency_s,0.759420
1757023988.692,latency_s,0.759082
1757023988.785,latency_s,0.852262
1757023988.786,latency_s,0.845765
1757023988.881,latency_s,0.926308
1757023988.881,latency_s,0.921246
1757023988.881,latency_s,0.920148
1757023988.881,latency_s,0.904491
1757023988.881,latency_s,0.894324
1757023988.881,latency_s,0.889366
1757023988.881,latency_s,0.889296
1757023988.881,latency_s,0.889457
1757023988.881,latency_s,0.889491
1757023988.882,latency_s,0.889331
1757023988.882,latency_s,0.938471
1757023988.882,latency_s,0.857186
1757023988.882,latency_s,0.853924
1757023989.072,latency_s,1.039853
1757023989.072,latency_s,1.039867
1757023989.073,latency_s,1.039694
1757023989.073,latency_s,1.039755
1757023989.073,latency_s,1.039158
1757023989.073,latency_s,1.032350
1757023989.073,latency_s,1.018035
1757023989.073,latency_s,1.011626
1757023989.073,latency_s,1.011594
1757023989.073,latency_s,0.995936
1757023989.073,latency_s,0.985340
1757023989.073,latency_s,0.980463
1757023989.073,latency_s,0.980699
1757023989.073,latency_s,0.980430
1757023989.073,latency_s,0.980524
1757023989.073,latency_s,0.980613
1757023989.073,latency_s,1.029199
1757023989.073,latency_s,0.948582
1757023989.074,latency_s,0.945481
1757023989.167,latency_s,1.034544
1757023989.167,latency_s,1.034900
1757023989.167,latency_s,1.034392
1757023989.168,latency_s,1.034620
1757023989.168,latency_s,1.034017
1757023989.168,latency_s,1.027201
1757023989.168,latency_s,1.013014
1757023989.168,latency_s,1.006408
1757023989.168,latency_s,1.006619
1757023989.168,latency_s,0.991008
1757023989.168,latency_s,0.980304
1757023989.169,latency_s,0.975863
1757023989.169,latency_s,0.975625
1757023989.169,latency_s,0.976126
1757023989.169,latency_s,0.976031
1757023989.169,latency_s,0.976357
1757023989.169,latency_s,1.024997
1757023989.169,latency_s,0.943481
1757023989.170,latency_s,0.941142
1757023989.262,latency_s,1.029661
1757023989.263,latency_s,1.029312
1757023989.263,latency_s,1.029682
1757023989.263,latency_s,1.029382
1757023989.263,latency_s,1.028075
1757023989.263,latency_s,1.021670
1757023989.263,latency_s,1.007389
1757023989.263,latency_s,1.000004
1757023989.263,latency_s,0.999075
1757023989.263,latency_s,0.985149
1757023989.263,latency_s,0.974706
1757023989.264,latency_s,0.968551
1757023989.264,latency_s,0.968930
1757023989.265,latency_s,0.969436
1757023989.265,latency_s,0.970153
1757023989.265,latency_s,0.970385
1757023989.266,latency_s,1.016442
1757023989.266,latency_s,0.938543
1757023989.266,latency_s,0.936212
1757023989.266,latency_s,0.932705
1757023989.266,latency_s,0.932563
1757023989.266,latency_s,0.932059
1757023989.266,latency_s,0.932015
1757023989.266,latency_s,0.930443
1757023989.359,latency_s,1.017301
1757023989.359,latency_s,1.001887
1757023989.359,latency_s,0.995687
1757023989.359,latency_s,0.993244
1757023989.359,latency_s,0.980969
1757023989.359,latency_s,0.969874
1757023989.360,latency_s,0.964985
1757023989.360,latency_s,0.965143
1757023989.360,latency_s,0.964815
1757023989.360,latency_s,0.964923
1757023989.361,latency_s,0.964900
1757023989.361,latency_s,1.010014
1757023989.361,latency_s,0.932820
1757023989.361,latency_s,0.930849
1757023989.361,latency_s,0.927503
1757023989.361,latency_s,0.927368
1757023989.361,latency_s,0.926965
1757023989.361,latency_s,0.926896
1757023989.454,latency_s,1.018090
1757023989.454,latency_s,1.011755
1757023989.454,latency_s,0.996329
1757023989.454,latency_s,0.989825
1757023989.454,latency_s,0.986578
1757023989.454,latency_s,0.976283
1757023989.454,latency_s,0.963405
1757023989.454,latency_s,0.958434
1757023989.455,latency_s,0.958447
1757023989.455,latency_s,0.957689
1757023989.455,latency_s,0.957833
1757023989.455,latency_s,0.957594
1757023989.455,latency_s,1.003032
1757023989.455,latency_s,0.926555
1757023989.549,latency_s,1.017462
1757023989.549,latency_s,1.015695
1757023989.549,latency_s,1.015556
1757023989.549,latency_s,1.015042
1757023989.549,latency_s,1.014913
1757023989.549,latency_s,1.012380
1757023989.549,latency_s,1.006631
1757023989.550,latency_s,0.991614
1757023989.550,latency_s,0.984458
1757023989.550,latency_s,0.980505
1757023989.550,latency_s,0.971682
1757023989.550,latency_s,0.958503
1757023989.550,latency_s,0.953489
1757023989.550,latency_s,0.953412
1757023989.550,latency_s,0.953057
1757023989.550,latency_s,0.953169
1757023989.550,latency_s,0.952803
1757023989.550,latency_s,0.998055
1757023989.644,latency_s,1.015061
1757023989.644,latency_s,1.012250
1757023989.644,latency_s,1.010429
1757023989.646,latency_s,1.011762
1757023989.646,latency_s,1.011304
1757023989.646,latency_s,1.011333
1757023989.646,latency_s,1.006799
1757023989.646,latency_s,1.002874
1757023989.646,latency_s,0.986440
1757023989.646,latency_s,0.979614
1757023989.646,latency_s,0.975800
1757023989.646,latency_s,0.967406
1757023989.646,latency_s,0.953116
1757023989.646,latency_s,0.993637
1757023989.739,latency_s,1.041502
1757023989.739,latency_s,1.041364
1757023989.739,latency_s,1.041396
1757023989.739,latency_s,1.041322
1757023989.739,latency_s,1.041143
1757023989.739,latency_s,1.009966
1757023989.740,latency_s,1.007214
1757023989.740,latency_s,1.005740
1757023989.740,latency_s,1.005900
1757023989.740,latency_s,1.004562
1757023989.740,latency_s,1.004597
1757023989.740,latency_s,1.000717
1757023989.740,latency_s,0.995806
1757023989.740,latency_s,0.980365
1757023989.740,latency_s,0.972643
1757023989.740,latency_s,0.966174
1757023989.740,latency_s,0.961398
1757023989.740,latency_s,0.985536
1757023989.835,latency_s,1.041025
1757023989.835,latency_s,1.036264
1757023989.835,latency_s,1.036346
1757023989.835,latency_s,1.036340
1757023989.835,latency_s,1.035428
1757023989.835,latency_s,1.035379
1757023989.835,latency_s,1.005234
1757023989.835,latency_s,1.001991
1757023989.836,latency_s,1.001271
1757023989.836,latency_s,1.001113
1757023989.836,latency_s,0.999854
1757023989.836,latency_s,0.999881
1757023989.836,latency_s,0.995699
1757023989.836,latency_s,0.990273
1757023989.930,latency_s,1.069553
1757023989.930,latency_s,1.060858
1757023989.930,latency_s,1.054042
1757023989.930,latency_s,1.050709
1757023989.930,latency_s,1.074931
1757023989.930,latency_s,1.034336
1757023989.930,latency_s,1.031041
1757023989.930,latency_s,1.031093
1757023989.930,latency_s,1.031091
1757023989.930,latency_s,1.030206
1757023990.025,latency_s,1.125168
1757023990.025,latency_s,1.094148
1757023990.025,latency_s,1.091778
1757023990.025,latency_s,1.090847
1757023990.025,latency_s,1.090550
1757023990.025,latency_s,1.088485
1757023990.025,latency_s,1.088583
1757023990.026,latency_s,1.085068
1757023990.026,latency_s,1.079407
1757023990.026,latency_s,1.064621
1757023990.026,latency_s,1.055671
1757023990.026,latency_s,1.049762
1757023990.026,latency_s,1.070693
1757023990.026,latency_s,1.046510
1757023990.026,latency_s,1.030184
1757023990.026,latency_s,1.026829
1757023990.026,latency_s,1.025735
1757023990.026,latency_s,1.025707
1757023990.026,latency_s,1.025222
1757023990.026,latency_s,1.024673
1757023990.026,latency_s,0.994629
1757023990.026,latency_s,0.991793
1757023990.120,latency_s,1.085287
1757023990.120,latency_s,1.085703
1757023990.120,latency_s,1.083221
1757023990.120,latency_s,1.083235
1757023990.121,latency_s,1.078955
1757023990.121,latency_s,1.074028
1757023990.121,latency_s,1.059164
1757023990.121,latency_s,1.049862
1757023990.121,latency_s,1.063902
1757023990.121,latency_s,1.044239
1757023990.121,latency_s,1.041626
1757023990.216,latency_s,1.120033
1757023990.216,latency_s,1.117040
1757023990.216,latency_s,1.116070
1757023990.216,latency_s,1.114572
1757023990.216,latency_s,1.114634
1757023990.217,latency_s,1.114443
1757023990.217,latency_s,1.084773
1757023990.217,latency_s,1.081722
1757023990.217,latency_s,1.081404
1757023990.217,latency_s,1.080957
1757023990.217,latency_s,1.078220
1757023990.217,latency_s,1.078394
1757023990.217,latency_s,1.074914
1757023990.217,latency_s,1.069614
1757023990.217,latency_s,1.054305
1757023990.217,latency_s,1.059317
1757023990.217,latency_s,1.044851
1757023990.217,latency_s,1.039405
1757023990.217,latency_s,1.037243
1757023990.217,latency_s,1.020834
1757023990.217,latency_s,1.016787
1757023990.217,latency_s,1.015301
1757023990.217,latency_s,1.014858
1757023990.217,latency_s,1.014957
1757023990.217,latency_s,1.015324
1757023990.217,latency_s,0.985317
1757023990.311,latency_s,1.075745
1757023990.311,latency_s,1.075411
1757023990.311,latency_s,1.075187
1757023990.311,latency_s,1.071559
1757023990.311,latency_s,1.071595
1757023990.312,latency_s,1.069488
1757023990.312,latency_s,1.064049
1757023990.312,latency_s,1.048811
1757023990.312,latency_s,1.053327
1757023990.312,latency_s,1.038750
1757023990.312,latency_s,1.033178
1757023990.312,latency_s,1.032258
1757023990.313,latency_s,1.015150
1757023990.313,latency_s,1.011765
1757023990.313,latency_s,1.009709
1757023990.313,latency_s,1.009902
1757023990.408,latency_s,1.105159
1757023990.408,latency_s,1.104854
1757023990.408,latency_s,1.075274
1757023990.408,latency_s,1.072842
1757023990.408,latency_s,1.072529
1757023990.408,latency_s,1.072114
1757023990.408,latency_s,1.067867
1757023990.408,latency_s,1.067840
1757023990.408,latency_s,1.065856
1757023990.408,latency_s,1.060216
1757023990.408,latency_s,1.048294
1757023990.408,latency_s,1.043311
1757023990.409,latency_s,1.034128
1757023990.409,latency_s,1.029190
1757023990.409,latency_s,1.028229
1757023990.409,latency_s,1.010012
1757023990.409,latency_s,1.007533
1757023990.409,latency_s,1.005118
1757023990.409,latency_s,1.005169
1757023990.504,latency_s,1.100311
1757023990.504,latency_s,1.100154
1757023990.504,latency_s,1.070040
1757023990.504,latency_s,1.068655
1757023990.504,latency_s,1.067601
1757023990.504,latency_s,1.062755
1757023990.504,latency_s,1.062658
1757023990.504,latency_s,1.060361
1757023990.504,latency_s,1.054951
1757023990.504,latency_s,1.044121
1757023990.504,latency_s,1.038727
1757023990.505,latency_s,1.028735
1757023990.505,latency_s,1.023946
1757023990.505,latency_s,1.023733
1757023990.505,latency_s,1.005926
1757023990.600,latency_s,1.098750
1757023990.600,latency_s,1.096435
1757023990.601,latency_s,1.096330
1757023990.601,latency_s,1.096601
1757023990.601,latency_s,1.096350
1757023990.601,latency_s,1.065832
1757023990.601,latency_s,1.064854
1757023990.601,latency_s,1.063941
1757023990.601,latency_s,1.058037
1757023990.601,latency_s,1.058039
1757023990.601,latency_s,1.056413
1757023990.601,latency_s,1.051271
1757023990.601,latency_s,1.039420
1757023990.601,latency_s,1.034012
1757023990.601,latency_s,1.024124
1757023990.601,latency_s,1.020205
1757023990.601,latency_s,1.019985
1757023990.695,latency_s,1.095664
1757023990.695,latency_s,1.093872
1757023990.695,latency_s,1.090513
1757023990.696,latency_s,1.090212
1757023990.696,latency_s,1.090007
1757023990.696,latency_s,1.090474
1757023990.696,latency_s,1.059522
1757023990.696,latency_s,1.058960
1757023990.696,latency_s,1.058573
1757023990.696,latency_s,1.259190
1757023990.696,latency_s,1.158496
1757023990.696,latency_s,1.051742
1757023990.696,latency_s,1.051800
1757023990.736,latency_s,1.091097
1757023990.736,latency_s,1.086068
1757023990.791,latency_s,1.129598
1757023990.792,latency_s,1.124342
1757023990.792,latency_s,1.114048
1757023990.792,latency_s,1.110664
1757023990.792,latency_s,1.108175
1757023990.792,latency_s,1.091945
1757023990.792,latency_s,1.090027
1757023990.792,latency_s,1.086612
1757023990.792,latency_s,1.086346
1757023990.792,latency_s,1.086115
1757023990.792,latency_s,1.086361
1757023990.792,latency_s,1.154376
1757023990.792,latency_s,1.055598
1757023990.873,latency_s,1.135345
1757023990.873,latency_s,1.135429
1757023990.873,latency_s,1.128071
1757023990.873,latency_s,1.128150
1757023990.887,latency_s,1.141210
1757023990.887,latency_s,1.137105
1757023990.887,latency_s,1.124262
1757023990.887,latency_s,1.117985
1757023990.887,latency_s,1.109302
1757023990.887,latency_s,1.106216
1757023990.888,latency_s,1.102897
1757023990.888,latency_s,1.087049
1757023990.888,latency_s,1.085546
1757023990.888,latency_s,1.080679
1757023990.888,latency_s,1.080432
1757023990.888,latency_s,1.080724
1757023990.888,latency_s,1.080666
1757023990.984,latency_s,1.245540
1757023990.984,latency_s,1.145717
1757023990.984,latency_s,1.145279
1757023990.984,latency_s,1.145732
1757023990.984,latency_s,1.138897
1757023990.984,latency_s,1.138452
1757023990.984,latency_s,1.136928
1757023990.984,latency_s,1.133686
1757023990.984,latency_s,1.120769
1757023990.984,latency_s,1.112860
1757023990.984,latency_s,1.103367
1757023990.984,latency_s,1.102726
1757023990.984,latency_s,1.099165
1757023990.984,latency_s,1.083591
1757023990.984,latency_s,1.082098
1757023990.984,latency_s,1.077091
1757023990.984,latency_s,1.076942
1757023991.079,latency_s,1.170575
1757023991.080,latency_s,1.170821
1757023991.080,latency_s,1.240828
1757023991.080,latency_s,1.141394
1757023991.080,latency_s,1.141415
1757023991.080,latency_s,1.141104
1757023991.080,latency_s,1.134469
1757023991.080,latency_s,1.134561
1757023991.080,latency_s,1.132710
1757023991.080,latency_s,1.129512
1757023991.080,latency_s,1.115870
1757023991.080,latency_s,1.107486
1757023991.080,latency_s,1.098729
1757023991.081,latency_s,1.098744
1757023991.081,latency_s,1.094357
1757023991.176,latency_s,1.174127
1757023991.176,latency_s,1.173504
1757023991.176,latency_s,1.167917
1757023991.176,latency_s,1.168001
1757023991.176,latency_s,1.166562
1757023991.176,latency_s,1.166432
1757023991.176,latency_s,1.236764
1757023991.176,latency_s,1.137020
1757023991.176,latency_s,1.135518
1757023991.176,latency_s,1.135301
1757023991.176,latency_s,1.130171
1757023991.176,latency_s,1.130116
1757023991.176,latency_s,1.128285
1757023991.176,latency_s,1.125237
1757023991.176,latency_s,1.111602
1757023991.176,latency_s,1.101283
1757023991.176,latency_s,1.093986
1757023991.272,latency_s,1.189200
1757023991.272,latency_s,1.185363
1757023991.272,latency_s,1.169332
1757023991.272,latency_s,1.169315
1757023991.272,latency_s,1.163563
1757023991.272,latency_s,1.163588
1757023991.272,latency_s,1.162248
1757023991.272,latency_s,1.162321
1757023991.272,latency_s,1.232810
1757023991.272,latency_s,1.132622
1757023991.272,latency_s,1.131393
1757023991.272,latency_s,1.131424
1757023991.272,latency_s,1.126076
1757023991.273,latency_s,1.126121
1757023991.273,latency_s,1.123598
1757023991.368,latency_s,1.216702
1757023991.368,latency_s,1.202535
1757023991.368,latency_s,1.192694
1757023991.368,latency_s,1.184699
1757023991.368,latency_s,1.184931
1757023991.368,latency_s,1.180062
1757023991.368,latency_s,1.165429
1757023991.368,latency_s,1.165288
1757023991.368,latency_s,1.159567
1757023991.368,latency_s,1.159573
1757023991.369,latency_s,1.157196
1757023991.369,latency_s,1.157209
1757023991.369,latency_s,1.228904
1757023991.369,latency_s,1.128982
1757023991.369,latency_s,1.127691
1757023991.369,latency_s,1.127830
1757023991.369,latency_s,1.122658
1757023991.463,latency_s,1.216123
1757023991.560,latency_s,1.310471
1757023991.560,latency_s,1.307145
1757023991.560,latency_s,1.292990
1757023991.560,latency_s,1.282478
1757023991.560,latency_s,1.276262
1757023991.560,latency_s,1.276122
1757023991.560,latency_s,1.270755
1757023991.560,latency_s,1.257184
1757023991.560,latency_s,1.257051
1757023991.560,latency_s,1.319973
1757023991.560,latency_s,1.250317
1757023991.560,latency_s,1.250416
1757023991.561,latency_s,1.248764
1757023991.561,latency_s,1.249010
1757023991.561,latency_s,1.219451
1757023991.561,latency_s,1.219048
1757023991.561,latency_s,1.218759
1757023991.561,latency_s,1.213545
1757023991.561,latency_s,1.213183
1757023991.561,latency_s,1.210724
1757023991.561,latency_s,1.206974
1757023991.561,latency_s,1.193119
1757023991.562,latency_s,1.182620
1757023991.562,latency_s,1.177717
1757023991.562,latency_s,1.177577
1757023991.562,latency_s,1.171408
1757023991.562,latency_s,1.220490
1757023991.562,latency_s,1.158596
1757023991.562,latency_s,1.158447
1757023991.562,latency_s,1.150854
1757023991.562,latency_s,1.150866
1757023991.654,latency_s,1.242181
1757023991.656,latency_s,1.243928
1757023991.656,latency_s,1.214479
1757023991.656,latency_s,1.214184
1757023991.656,latency_s,1.213874
1757023991.656,latency_s,1.208705
1757023991.656,latency_s,1.207796
1757023991.656,latency_s,1.205274
1757023991.656,latency_s,1.200818
1757023991.656,latency_s,1.187976
1757023991.656,latency_s,1.176907
1757023991.752,latency_s,1.264226
1757023991.752,latency_s,1.264258
1757023991.752,latency_s,1.261083
1757023991.752,latency_s,1.310537
1757023991.753,latency_s,1.248843
1757023991.753,latency_s,1.248722
1757023991.753,latency_s,1.240471
1757023991.753,latency_s,1.240121
1757023991.753,latency_s,1.240385
1757023991.753,latency_s,1.210990
1757023991.753,latency_s,1.210775
1757023991.753,latency_s,1.210378
1757023991.753,latency_s,1.204168
1757023991.753,latency_s,1.203586
1757023991.753,latency_s,1.201796
1757023991.753,latency_s,1.197303
1757023991.753,latency_s,1.183476
1757023991.753,latency_s,1.173254
1757023991.753,latency_s,1.164344
1757023991.753,latency_s,1.164647
1757023991.848,latency_s,1.305703
1757023991.848,latency_s,1.255424
1757023991.848,latency_s,1.244023
1757023991.848,latency_s,1.244229
1757023991.848,latency_s,1.234754
1757023991.848,latency_s,1.234914
1757023991.848,latency_s,1.234644
1757023991.848,latency_s,1.205812
1757023991.848,latency_s,1.205832
1757023991.848,latency_s,1.205040
1757023991.848,latency_s,1.198343
1757023991.848,latency_s,1.197888
1757023991.849,latency_s,1.196191
1757023991.849,latency_s,1.193069
1757023991.944,latency_s,1.274308
1757023991.944,latency_s,1.263206
1757023991.944,latency_s,1.301495
1757023991.944,latency_s,1.254887
1757023991.944,latency_s,1.254643
1757023991.944,latency_s,1.250557
1757023991.944,latency_s,1.240056
1757023991.944,latency_s,1.229815
1757023991.945,latency_s,1.229932
1757023991.945,latency_s,1.432429
1757023991.945,latency_s,1.331471
1757023991.945,latency_s,1.230216
1757023991.945,latency_s,1.226816
1757023991.945,latency_s,1.201570
1757023991.945,latency_s,1.200325
1757023991.945,latency_s,1.201609
1757023991.945,latency_s,1.194293
1757023991.945,latency_s,1.194303
1757023991.945,latency_s,1.191465
1757023991.945,latency_s,1.187555
1757023991.945,latency_s,1.175239
1757023991.945,latency_s,1.163399
1757023991.945,latency_s,1.202060
1757023991.945,latency_s,1.154606
1757023991.945,latency_s,1.154785
1757023991.946,latency_s,1.150439
1757023991.946,latency_s,1.139965
1757023991.985,latency_s,1.170291
1757023991.985,latency_s,1.170371
1757023991.985,latency_s,1.170213
1757023992.041,latency_s,1.222571
1757023992.041,latency_s,1.197016
1757023992.041,latency_s,1.196294
1757023992.041,latency_s,1.196573
1757023992.041,latency_s,1.190342
1757023992.041,latency_s,1.190030
1757023992.041,latency_s,1.186968
1757023992.041,latency_s,1.183064
1757023992.041,latency_s,1.170691
1757023992.041,latency_s,1.197500
1757023992.041,latency_s,1.159474
1757023992.042,latency_s,1.150142
1757023992.042,latency_s,1.149957
1757023992.137,latency_s,1.230762
1757023992.137,latency_s,1.432920
1757023992.137,latency_s,1.331756
1757023992.137,latency_s,1.231013
1757023992.137,latency_s,1.222193
1757023992.137,latency_s,1.222219
1757023992.137,latency_s,1.221802
1757023992.137,latency_s,1.218693
1757023992.137,latency_s,1.193086
1757023992.137,latency_s,1.192476
1757023992.138,latency_s,1.192011
1757023992.138,latency_s,1.185979
1757023992.138,latency_s,1.186023
1757023992.138,latency_s,1.182101
1757023992.138,latency_s,1.178688
1757023992.138,latency_s,1.166410
1757023992.138,latency_s,1.193368
1757023992.138,latency_s,1.155154
1757023992.138,latency_s,1.143346
1757023992.233,latency_s,1.238168
1757023992.233,latency_s,1.226443
1757023992.233,latency_s,1.226166
1757023992.233,latency_s,1.217835
1757023992.233,latency_s,1.217288
1757023992.233,latency_s,1.217119
1757023992.233,latency_s,1.212969
1757023992.233,latency_s,1.188324
1757023992.233,latency_s,1.187882
1757023992.233,latency_s,1.187553
1757023992.233,latency_s,1.181382
1757023992.233,latency_s,1.181295
1757023992.234,latency_s,1.176858
1757023992.234,latency_s,1.171914
1757023992.234,latency_s,1.188799
1757023992.329,latency_s,1.257066
1757023992.329,latency_s,1.245748
1757023992.329,latency_s,1.433572
1757023992.329,latency_s,1.333385
1757023992.329,latency_s,1.234555
1757023992.329,latency_s,1.234515
1757023992.330,latency_s,1.222174
1757023992.330,latency_s,1.222461
1757023992.330,latency_s,1.214044
1757023992.330,latency_s,1.213115
1757023992.330,latency_s,1.212920
1757023992.330,latency_s,1.209171
1757023992.330,latency_s,1.184020
1757023992.330,latency_s,1.181937
1757023992.330,latency_s,1.181917
1757023992.330,latency_s,1.177722
1757023992.330,latency_s,1.177385
1757023992.330,latency_s,1.172826
1757023992.330,latency_s,1.184281
1757023992.330,latency_s,1.165594
1757023992.426,latency_s,1.253514
1757023992.426,latency_s,1.241310
1757023992.426,latency_s,1.329326
1757023992.426,latency_s,1.229557
1757023992.426,latency_s,1.229631
1757023992.426,latency_s,1.218103
1757023992.426,latency_s,1.218077
1757023992.426,latency_s,1.210513
1757023992.426,latency_s,1.208952
1757023992.426,latency_s,1.209048
1757023992.426,latency_s,1.203541
1757023992.426,latency_s,1.180116
1757023992.426,latency_s,1.178536
1757023992.426,latency_s,1.178357
1757023992.427,latency_s,1.174204
1757023992.427,latency_s,1.174002
1757023992.522,latency_s,1.264405
1757023992.522,latency_s,1.275909
1757023992.522,latency_s,1.257477
1757023992.522,latency_s,1.249086
1757023992.522,latency_s,1.236703
1757023992.522,latency_s,1.224463
1757023992.522,latency_s,1.224464
1757023992.522,latency_s,1.214039
1757023992.522,latency_s,1.206341
1757023992.522,latency_s,1.203964
1757023992.522,latency_s,1.201792
1757023992.522,latency_s,1.198394
1757023992.523,latency_s,1.175355
1757023992.523,latency_s,1.174132
1757023992.523,latency_s,1.174330
1757023992.523,latency_s,1.169865
1757023992.617,latency_s,1.264367
1757023992.618,latency_s,1.270414
1757023992.618,latency_s,1.259905
1757023992.618,latency_s,1.251777
1757023992.713,latency_s,1.338980
1757023992.713,latency_s,1.326791
1757023992.713,latency_s,1.314054
1757023992.713,latency_s,1.314003
1757023992.713,latency_s,1.303809
1757023992.713,latency_s,1.296035
1757023992.713,latency_s,1.293985
1757023992.713,latency_s,1.292115
1757023992.713,latency_s,1.287627
1757023992.713,latency_s,1.266037
1757023992.713,latency_s,1.264921
1757023992.713,latency_s,1.264817
1757023992.715,latency_s,1.266841
1757023992.715,latency_s,1.261338
1757023992.715,latency_s,1.261567
1757023992.715,latency_s,1.256202
1757023992.715,latency_s,1.246707
1757023992.715,latency_s,1.236482
1757023992.715,latency_s,1.227932
1757023992.715,latency_s,1.215472
1757023992.715,latency_s,1.215546
1757023992.715,latency_s,1.406900
1757023992.715,latency_s,1.305878
1757023992.715,latency_s,1.202308
1757023992.715,latency_s,1.197266
1757023992.715,latency_s,1.195334
1757023992.715,latency_s,1.193491
1757023992.715,latency_s,1.189503
1757023992.809,latency_s,1.261163
1757023992.809,latency_s,1.260535
1757023992.809,latency_s,1.259970
1757023992.809,latency_s,1.260511
1757023992.810,latency_s,1.255703
1757023992.810,latency_s,1.255736
1757023992.810,latency_s,1.249957
1757023992.810,latency_s,1.241867
1757023992.810,latency_s,1.231645
1757023992.810,latency_s,1.220773
1757023992.811,latency_s,1.613731
1757023992.905,latency_s,1.606827
1757023992.905,latency_s,1.505826
1757023992.905,latency_s,1.405365
1757023992.905,latency_s,1.304733
1757023992.905,latency_s,1.304790
1757023992.905,latency_s,1.395441
1757023992.905,latency_s,1.291934
1757023992.905,latency_s,1.286928
1757023992.905,latency_s,1.284881
1757023992.905,latency_s,1.282486
1757023992.905,latency_s,1.278146
1757023992.905,latency_s,1.257310
1757023992.905,latency_s,1.256566
1757023992.906,latency_s,1.257049
1757023992.906,latency_s,1.256534
1757023992.906,latency_s,1.251442
1757023992.906,latency_s,1.251123
1757023992.906,latency_s,1.245490
1757023992.906,latency_s,1.237236
1757023992.906,latency_s,1.226821
1757023992.906,latency_s,1.305708
1757023992.906,latency_s,1.215620
1757023992.906,latency_s,1.296603
1757023992.906,latency_s,1.206106
1757023992.907,latency_s,1.205940
1757023993.003,latency_s,1.289244
1757023993.003,latency_s,1.283961
1757023993.003,latency_s,1.280976
1757023993.003,latency_s,1.280119
1757023993.003,latency_s,1.275752
1757023993.003,latency_s,1.254124
1757023993.003,latency_s,1.253950
1757023993.003,latency_s,1.253301
1757023993.003,latency_s,1.253325
1757023993.003,latency_s,1.246841
1757023993.003,latency_s,1.246872
1757023993.003,latency_s,1.241116
1757023993.004,latency_s,1.233678
1757023993.004,latency_s,1.222357
1757023993.004,latency_s,1.302395
1757023993.004,latency_s,1.212606
1757023993.004,latency_s,1.293038
1757023993.004,latency_s,1.202729
1757023993.004,latency_s,1.202428
1757023993.097,latency_s,1.283717
1757023993.098,latency_s,1.278497
1757023993.098,latency_s,1.275184
1757023993.098,latency_s,1.275337
1757023993.099,latency_s,1.269459
1757023993.099,latency_s,1.248720
1757023993.099,latency_s,1.248816
1757023993.099,latency_s,1.248514
1757023993.099,latency_s,1.248173
1757023993.099,latency_s,1.242013
1757023993.099,latency_s,1.241765
1757023993.099,latency_s,1.235771
1757023993.099,latency_s,1.227280
1757023993.099,latency_s,1.297786
1757023993.099,latency_s,1.217352
1757023993.099,latency_s,1.207667
1757023993.099,latency_s,1.288062
1757023993.100,latency_s,1.197804
1757023993.100,latency_s,1.197945
1757023993.100,latency_s,1.185523
1757023993.223,latency_s,1.303055
1757023993.223,latency_s,1.299516
1757023993.223,latency_s,1.299550
1757023993.223,latency_s,1.293612
1757023993.223,latency_s,1.273076
1757023993.223,latency_s,1.272810
1757023993.223,latency_s,1.273029
1757023993.223,latency_s,1.272545
1757023993.223,latency_s,1.265988
1757023993.223,latency_s,1.264578
1757023993.223,latency_s,1.259662
1757023993.224,latency_s,1.251420
1757023993.224,latency_s,1.321752
1757023993.224,latency_s,1.241294
1757023993.224,latency_s,1.310809
1757023993.224,latency_s,1.230893
1757023993.224,latency_s,1.221801
1757023993.224,latency_s,1.221663
1757023993.224,latency_s,1.209016
1757023993.224,latency_s,1.202957
1757023993.224,latency_s,1.199566
1757023993.224,latency_s,1.199251
1757023993.224,latency_s,1.192704
1757023993.224,latency_s,1.173447
1757023993.224,latency_s,1.173544
1757023993.290,latency_s,1.238803
1757023993.291,latency_s,1.239762
1757023993.291,latency_s,1.231853
1757023993.291,latency_s,1.229978
1757023993.291,latency_s,1.226895
1757023993.291,latency_s,1.288999
1757023993.291,latency_s,1.218400
1757023993.322,latency_s,1.238233
1757023993.322,latency_s,1.308739
1757023993.322,latency_s,1.228345
1757023993.322,latency_s,1.219532
1757023993.323,latency_s,1.219868
1757023993.323,latency_s,1.207194
1757023993.323,latency_s,1.201323
1757023993.387,latency_s,1.261960
1757023993.387,latency_s,1.261792
1757023993.387,latency_s,1.255249
1757023993.387,latency_s,1.235614
1757023993.387,latency_s,1.235413
1757023993.387,latency_s,1.235379
1757023993.387,latency_s,1.234878
1757023993.387,latency_s,1.226339
1757023993.387,latency_s,1.225359
1757023993.387,latency_s,1.222513
1757023993.387,latency_s,1.284591
1757023993.418,latency_s,1.243545
1757023993.418,latency_s,1.304699
1757023993.418,latency_s,1.232685
1757023993.418,latency_s,1.223319
1757023993.418,latency_s,1.214977
1757023993.418,latency_s,1.215016
1757023993.418,latency_s,1.202567
1757023993.418,latency_s,1.196862
1757023993.418,latency_s,1.192372
1757023993.418,latency_s,1.192491
1757023993.418,latency_s,1.184873
1757023993.419,latency_s,1.166591
1757023993.419,latency_s,1.166886
1757023993.419,latency_s,1.166481
1757023993.513,latency_s,1.260019
1757023993.513,latency_s,1.309395
1757023993.513,latency_s,1.251713
1757023993.513,latency_s,1.250787
1757023993.513,latency_s,1.246791
1757023993.513,latency_s,1.297317
1757023993.635,latency_s,1.359747
1757023993.635,latency_s,1.347296
1757023993.635,latency_s,1.338248
1757023993.635,latency_s,1.330973
1757023993.635,latency_s,1.331429
1757023993.635,latency_s,1.318320
1757023993.635,latency_s,1.312718
1757023993.635,latency_s,1.308296
1757023993.635,latency_s,1.308330
1757023993.635,latency_s,1.300480
1757023993.635,latency_s,1.282267
1757023993.635,latency_s,1.282023
1757023993.635,latency_s,1.282290
1757023993.635,latency_s,1.282256
1757023993.635,latency_s,1.331458
1757023993.635,latency_s,1.273579
1757023993.635,latency_s,1.272129
1757023993.635,latency_s,1.268892
1757023993.635,latency_s,1.318867
1757023993.636,latency_s,1.256943
1757023993.636,latency_s,1.241304
1757023993.636,latency_s,1.238765
1757023993.703,latency_s,1.298224
1757023993.703,latency_s,1.298126
1757023993.703,latency_s,1.285405
1757023993.703,latency_s,1.280252
1757023993.705,latency_s,1.278164
1757023993.705,latency_s,1.277367
1757023993.705,latency_s,1.269626
1757023993.706,latency_s,1.300754
1757023993.706,latency_s,1.252239
1757023993.706,latency_s,1.252383
1757023993.731,latency_s,1.277934
1757023993.732,latency_s,1.278132
1757023993.732,latency_s,1.268101
1757023993.732,latency_s,1.313772
1757023993.732,latency_s,1.267289
1757023993.801,latency_s,1.334533
1757023993.802,latency_s,1.321835
1757023993.802,latency_s,1.307005
1757023993.802,latency_s,1.303686
1757023993.802,latency_s,1.295422
1757023993.802,latency_s,1.295365
1757023993.802,latency_s,1.282807
1757023993.802,latency_s,1.278143
1757023993.802,latency_s,1.274253
1757023993.802,latency_s,1.272778
1757023993.802,latency_s,1.264809
1757023993.802,latency_s,1.296184
1757023993.802,latency_s,1.248705
1757023993.827,latency_s,1.273866
1757023993.828,latency_s,1.274113
1757023993.828,latency_s,1.274318
1757023993.828,latency_s,1.309015
1757023993.828,latency_s,1.264189
1757023993.828,latency_s,1.261250
1757023993.899,latency_s,1.331782
1757023993.899,latency_s,1.318961
1757023993.899,latency_s,1.304156
1757023993.899,latency_s,1.300734
1757023993.899,latency_s,1.291266
1757023993.899,latency_s,1.291361
1757023993.899,latency_s,1.279055
1757023993.899,latency_s,1.275274
1757023993.923,latency_s,1.294765
1757023993.923,latency_s,1.293850
1757023993.924,latency_s,1.284687
1757023993.924,latency_s,1.315891
1757023993.924,latency_s,1.269607
1757023993.924,latency_s,1.269645
1757023993.924,latency_s,1.269770
1757023994.019,latency_s,1.365060
1757023994.019,latency_s,1.399042
1757023994.019,latency_s,1.355051
1757023994.019,latency_s,1.351135
1757023994.019,latency_s,1.351056
1757023994.019,latency_s,1.338854
1757023994.019,latency_s,1.324100
1757023994.019,latency_s,1.320615
1757023994.019,latency_s,1.311152
1757023994.019,latency_s,1.310700
1757023994.019,latency_s,1.298578
1757023994.019,latency_s,1.294729
1757023994.019,latency_s,1.289819
1757023994.019,latency_s,1.288338
1757023994.019,latency_s,1.311544
1757023994.020,latency_s,1.277974
1757023994.020,latency_s,1.298716
1757023994.020,latency_s,1.265604
1757023994.020,latency_s,1.265123
1757023994.115,latency_s,1.360863
1757023994.116,latency_s,1.361116
1757023994.116,latency_s,1.350496
1757023994.116,latency_s,1.347594
1757023994.116,latency_s,1.347457
1757023994.116,latency_s,1.334366
1757023994.116,latency_s,1.319632
1757023994.116,latency_s,1.315540
1757023994.116,latency_s,1.306930
1757023994.116,latency_s,1.306500
1757023994.116,latency_s,1.295034
1757023994.116,latency_s,1.290781
1757023994.116,latency_s,1.286382
1757023994.116,latency_s,1.307163
1757023994.116,latency_s,1.284792
1757023994.116,latency_s,1.273682
1757023994.116,latency_s,1.295043
1757023994.116,latency_s,1.262261
1757023994.116,latency_s,1.260912
1757023994.117,latency_s,1.261110
1757023994.211,latency_s,1.355529
1757023994.211,latency_s,1.345336
1757023994.211,latency_s,1.342020
1757023994.211,latency_s,1.341854
1757023994.212,latency_s,1.329865
1757023994.212,latency_s,1.314587
1757023994.212,latency_s,1.310831
1757023994.212,latency_s,1.301536
1757023994.212,latency_s,1.301639
1757023994.212,latency_s,1.290334
1757023994.212,latency_s,1.286589
1757023994.212,latency_s,1.301580
1757023994.212,latency_s,1.282046
1757023994.212,latency_s,1.280318
1757023994.212,latency_s,1.289273
1757023994.213,latency_s,1.268516
1757023994.213,latency_s,1.258317
1757023994.213,latency_s,1.256891
1757023994.213,latency_s,1.256467
1757023994.307,latency_s,1.349683
1757023994.307,latency_s,1.339074
1757023994.307,latency_s,1.334245
1757023994.307,latency_s,1.334179
1757023994.307,latency_s,1.323077
1757023994.307,latency_s,1.309557
1757023994.307,latency_s,1.305369
1757023994.307,latency_s,1.296032
1757023994.307,latency_s,1.295039
1757023994.307,latency_s,1.282510
1757023994.307,latency_s,1.293161
1757023994.307,latency_s,1.281574
1757023994.307,latency_s,1.275340
1757023994.307,latency_s,1.274880
1757023994.308,latency_s,1.281933
1757023994.402,latency_s,1.357602
1757023994.402,latency_s,1.347706
1757023994.497,latency_s,1.440753
1757023994.497,latency_s,1.439334
1757023994.498,latency_s,1.429038
1757023994.498,latency_s,1.424175
1757023994.498,latency_s,1.424162
1757023994.498,latency_s,1.411965
1757023994.498,latency_s,1.399722
1757023994.498,latency_s,1.394866
1757023994.498,latency_s,1.386358
1757023994.498,latency_s,1.385574
1757023994.498,latency_s,1.383015
1757023994.498,latency_s,1.372717
1757023994.498,latency_s,1.371823
1757023994.498,latency_s,1.371454
1757023994.498,latency_s,1.364871
1757023994.501,latency_s,1.367910
1757023994.501,latency_s,1.355448
1757023994.501,latency_s,1.346620
1757023994.501,latency_s,1.344213
1757023994.501,latency_s,1.342763
1757023994.502,latency_s,1.329138
1757023994.502,latency_s,1.328043
1757023994.502,latency_s,1.328086
1757023994.502,latency_s,1.315874
1757023994.502,latency_s,1.303039
1757023994.502,latency_s,1.298568
1757023994.502,latency_s,1.288282
1757023994.502,latency_s,1.288332
1757023994.502,latency_s,1.286754
1757023994.502,latency_s,1.276568
1757023994.593,latency_s,1.366295
1757023994.593,latency_s,1.366143
1757023994.597,latency_s,1.362568
1757023994.597,latency_s,1.362720
1757023994.597,latency_s,1.350941
1757023994.597,latency_s,1.341868
1757023994.597,latency_s,1.339774
1757023994.688,latency_s,1.428201
1757023994.688,latency_s,1.630386
1757023994.688,latency_s,1.530178
1757023994.688,latency_s,1.429954
1757023994.689,latency_s,1.415066
1757023994.689,latency_s,1.414531
1757023994.689,latency_s,1.414534
1757023994.689,latency_s,1.400959
1757023994.689,latency_s,1.386189
1757023994.689,latency_s,1.385254
1757023994.689,latency_s,1.374908
1757023994.689,latency_s,1.373974
1757023994.689,latency_s,1.373334
1757023994.689,latency_s,1.363211
1757023994.692,latency_s,1.364643
1757023994.692,latency_s,1.364522
1757023994.692,latency_s,1.357808
1757023994.693,latency_s,1.356883
1757023994.693,latency_s,1.345541
1757023994.693,latency_s,1.337187
1757023994.783,latency_s,1.424210
1757023994.783,latency_s,1.424229
1757023994.783,latency_s,1.422909
1757023994.783,latency_s,1.407899
1757023994.783,latency_s,1.407694
1757023994.783,latency_s,1.407977
1757023994.783,latency_s,1.394937
1757023994.790,latency_s,1.386926
1757023994.790,latency_s,1.386101
1757023994.790,latency_s,1.375820
1757023994.790,latency_s,1.374335
1757023994.790,latency_s,1.374188
1757023994.790,latency_s,1.364072
1757023994.790,latency_s,1.362154
1757023994.790,latency_s,1.361245
1757023994.886,latency_s,1.451046
1757023994.886,latency_s,1.449635
1757023994.886,latency_s,1.437472
1757023994.886,latency_s,1.430317
1757023994.886,latency_s,1.426152
1757023994.886,latency_s,1.426262
1757023994.886,latency_s,1.425312
1757023994.886,latency_s,1.409996
1757023994.886,latency_s,1.410015
1757023994.886,latency_s,1.410066
1757023994.886,latency_s,1.397835
1757023994.886,latency_s,1.382502
1757023994.886,latency_s,1.382398
1757023994.886,latency_s,1.372208
1757023994.887,latency_s,1.370610
1757023994.887,latency_s,1.369636
1757023994.887,latency_s,1.360430
1757023994.887,latency_s,1.358146
1757023994.887,latency_s,1.356863
1757023994.981,latency_s,1.445492
1757023994.981,latency_s,1.443733
1757023994.981,latency_s,1.430793
1757023994.981,latency_s,1.425108
1757023994.981,latency_s,1.420665
1757023994.982,latency_s,1.420943
1757023994.982,latency_s,1.420774
1757023994.982,latency_s,1.405391
1757023994.982,latency_s,1.405276
1757023994.982,latency_s,1.392619
1757023994.982,latency_s,1.377829
1757023994.982,latency_s,1.378042
1757023994.982,latency_s,1.367671
1757023994.982,latency_s,1.364202
1757023994.982,latency_s,1.364285
1757023994.982,latency_s,1.355484
1757023994.982,latency_s,1.353710
1757023994.982,latency_s,1.351557
1757023994.983,latency_s,1.346307
1757023994.983,latency_s,1.343971
1757023995.078,latency_s,1.426273
1757023995.078,latency_s,1.421842
1757023995.078,latency_s,1.416350
1757023995.078,latency_s,1.416079
1757023995.079,latency_s,1.416168
1757023995.079,latency_s,1.401737
1757023995.079,latency_s,1.401157
1757023995.079,latency_s,1.387957
1757023995.079,latency_s,1.374064
1757023995.079,latency_s,1.374293
1757023995.079,latency_s,1.363988
1757023995.079,latency_s,1.360406
1757023995.079,latency_s,1.360580
1757023995.079,latency_s,1.351203
1757023995.079,latency_s,1.349341
1757023995.079,latency_s,1.346849
1757023995.079,latency_s,1.341841
1757023995.173,latency_s,1.433210
1757023995.173,latency_s,1.420487
1757023995.173,latency_s,1.416635
1757023995.173,latency_s,1.410194
1757023995.173,latency_s,1.410192
1757023995.173,latency_s,1.410110
1757023995.173,latency_s,1.394968
1757023995.174,latency_s,1.597000
1757023995.174,latency_s,1.496705
1757023995.214,latency_s,1.434981
1757023995.215,latency_s,1.435903
1757023995.215,latency_s,1.423867
1757023995.215,latency_s,1.407365
1757023995.215,latency_s,1.407604
1757023995.215,latency_s,1.399711
1757023995.269,latency_s,1.449904
1757023995.269,latency_s,1.450393
1757023995.269,latency_s,1.441120
1757023995.269,latency_s,1.438744
1757023995.269,latency_s,1.435830
1757023995.269,latency_s,1.430649
1757023995.269,latency_s,1.428431
1757023995.269,latency_s,1.416166
1757023995.269,latency_s,1.412226
1757023995.269,latency_s,1.405920
1757023995.269,latency_s,1.405752
1757023995.269,latency_s,1.405758
1757023995.270,latency_s,1.390661
1757023995.270,latency_s,1.390727
1757023995.270,latency_s,1.389876
1757023995.270,latency_s,1.376984
1757023995.270,latency_s,1.361342
1757023995.365,latency_s,1.455913
1757023995.365,latency_s,1.449143
1757023995.365,latency_s,1.445793
1757023995.365,latency_s,1.445259
1757023995.365,latency_s,1.436712
1757023995.365,latency_s,1.434203
1757023995.365,latency_s,1.430691
1757023995.365,latency_s,1.424904
1757023995.365,latency_s,1.422927
1757023995.365,latency_s,1.411747
1757023995.459,latency_s,1.501472
1757023995.459,latency_s,1.494164
1757023995.459,latency_s,1.494258
1757023995.459,latency_s,1.494217
1757023995.460,latency_s,1.480028
1757023995.461,latency_s,1.481146
1757023995.461,latency_s,1.479795
1757023995.461,latency_s,1.466988
1757023995.461,latency_s,1.452041
1757023995.461,latency_s,1.451905
1757023995.461,latency_s,1.445251
1757023995.461,latency_s,1.440984
1757023995.461,latency_s,1.440472
1757023995.461,latency_s,1.432683
1757023995.461,latency_s,1.429765
1757023995.461,latency_s,1.425824
1757023995.461,latency_s,1.419374
1757023995.461,latency_s,1.418828
1757023995.461,latency_s,1.407124
1757023995.461,latency_s,1.402672
1757023995.461,latency_s,1.395934
1757023995.461,latency_s,1.396018
1757023995.555,latency_s,1.489165
1757023995.555,latency_s,1.475236
1757023995.555,latency_s,1.473528
1757023995.555,latency_s,1.445942
1757023995.555,latency_s,1.445913
1757023995.555,latency_s,1.439228
1757023995.555,latency_s,1.434358
1757023995.555,latency_s,1.434410
1757023995.555,latency_s,1.426508
1757023995.555,latency_s,1.423706
1757023995.556,latency_s,1.418382
1757023995.651,latency_s,1.508231
1757023995.651,latency_s,1.506509
1757023995.651,latency_s,1.496013
1757023995.651,latency_s,1.492295
1757023995.651,latency_s,1.484938
1757023995.651,latency_s,1.484962
1757023995.651,latency_s,1.484876
1757023995.651,latency_s,1.471313
1757023995.651,latency_s,1.469644
1757023995.651,latency_s,1.441963
1757023995.651,latency_s,1.440663
1757023995.651,latency_s,1.435317
1757023995.651,latency_s,1.428424
1757023995.651,latency_s,1.428358
1757023995.651,latency_s,1.421567
1757023995.652,latency_s,1.419181
1757023995.652,latency_s,1.412787
1757023995.652,latency_s,1.408657
1757023995.652,latency_s,1.406143
1757023995.652,latency_s,1.396242
1757023995.652,latency_s,1.392713
1757023995.652,latency_s,1.385340
1757023995.652,latency_s,1.385158
1757023995.652,latency_s,1.385297
1757023995.652,latency_s,1.372127
1757023995.652,latency_s,1.370648
1757023995.652,latency_s,1.557376
1757023995.746,latency_s,1.550377
1757023995.746,latency_s,1.436363
1757023995.746,latency_s,1.434616
1757023995.746,latency_s,1.429726
1757023995.746,latency_s,1.422943
1757023995.747,latency_s,1.423103
1757023995.747,latency_s,1.417351
1757023995.748,latency_s,1.413987
1757023995.748,latency_s,1.406182
1757023995.748,latency_s,1.403710
1757023995.748,latency_s,1.402073
1757023995.748,latency_s,1.391658
1757023995.748,latency_s,1.388124
1757023995.748,latency_s,1.380683
1757023995.748,latency_s,1.380556
1757023995.748,latency_s,1.380443
1757023995.842,latency_s,1.761530
1757023995.842,latency_s,1.662126
1757023995.842,latency_s,1.561990
1757023995.843,latency_s,1.461545
1757023995.843,latency_s,1.460495
1757023995.843,latency_s,1.546708
1757023995.843,latency_s,1.432936
1757023995.843,latency_s,1.430571
1757023995.843,latency_s,1.426202
1757023995.843,latency_s,1.418269
1757023995.843,latency_s,1.418483
1757023995.884,latency_s,1.453988
1757023995.884,latency_s,1.450596
1757023995.884,latency_s,1.442163
1757023995.885,latency_s,1.439355
1757023995.885,latency_s,1.438453
1757023995.885,latency_s,1.428144
1757023995.885,latency_s,1.424132
1757023995.885,latency_s,1.416371
1757023995.937,latency_s,1.467968
1757023995.938,latency_s,1.469084
1757023995.938,latency_s,1.557162
1757023995.938,latency_s,1.456968
1757023995.938,latency_s,1.541682
1757023995.938,latency_s,1.454466
1757023995.938,latency_s,1.428437
1757023995.938,latency_s,1.425858
1757023995.938,latency_s,1.421639
1757023995.938,latency_s,1.413243
1757023995.938,latency_s,1.412843
1757023995.939,latency_s,1.407900
1757023995.939,latency_s,1.404513
1757023996.032,latency_s,1.488948
1757023996.033,latency_s,1.486562
1757023996.132,latency_s,1.585655
1757023996.132,latency_s,1.575603
1757023996.132,latency_s,1.570670
1757023996.132,latency_s,1.563818
1757023996.132,latency_s,1.651199
1757023996.132,latency_s,1.562939
1757023996.133,latency_s,1.561888
1757023996.133,latency_s,1.635475
1757023996.133,latency_s,1.550090
1757023996.133,latency_s,1.547553
1757023996.133,latency_s,1.522550
1757023996.133,latency_s,1.519086
1757023996.133,latency_s,1.515735
1757023996.133,latency_s,1.507335
1757023996.133,latency_s,1.506818
1757023996.133,latency_s,1.501965
1757023996.133,latency_s,1.498567
1757023996.133,latency_s,1.488359
1757023996.133,latency_s,1.486049
1757023996.133,latency_s,1.482716
1757023996.133,latency_s,1.475852
1757023996.133,latency_s,1.471505
1757023996.133,latency_s,1.550928
1757023996.133,latency_s,1.464689
1757023996.134,latency_s,1.463094
1757023996.134,latency_s,1.462441
1757023996.134,latency_s,1.534754
1757023996.134,latency_s,1.450900
1757023996.134,latency_s,1.447444
1757023996.134,latency_s,1.423420
1757023996.229,latency_s,1.514679
1757023996.230,latency_s,1.512337
1757023996.230,latency_s,1.501810
1757023996.230,latency_s,1.501852
1757023996.230,latency_s,1.498574
1757023996.230,latency_s,1.495241
1757023996.230,latency_s,1.483951
1757023996.230,latency_s,1.481500
1757023996.230,latency_s,1.478998
1757023996.326,latency_s,1.567020
1757023996.327,latency_s,1.642428
1757023996.327,latency_s,1.564492
1757023996.327,latency_s,1.627660
1757023996.327,latency_s,1.557177
1757023996.327,latency_s,1.556076
1757023996.327,latency_s,1.554759
1757023996.327,latency_s,1.543943
1757023996.327,latency_s,1.540511
1757023996.327,latency_s,1.516399
1757023996.327,latency_s,1.510764
1757023996.327,latency_s,1.509891
1757023996.327,latency_s,1.498598
1757023996.327,latency_s,1.498573
1757023996.328,latency_s,1.495957
1757023996.328,latency_s,1.492783
1757023996.328,latency_s,1.478873
1757023996.328,latency_s,1.478861
1757023996.328,latency_s,1.476413
1757023996.328,latency_s,1.542461
1757023996.421,latency_s,1.562064
1757023996.421,latency_s,1.620750
1757023996.421,latency_s,1.558797
1757023996.423,latency_s,1.552608
1757023996.423,latency_s,1.552276
1757023996.423,latency_s,1.550597
1757023996.423,latency_s,1.540130
1757023996.423,latency_s,1.536874
1757023996.424,latency_s,1.512642
1757023996.424,latency_s,1.506736
1757023996.424,latency_s,1.505878
1757023996.424,latency_s,1.493939
1757023996.424,latency_s,1.493600
1757023996.424,latency_s,1.491132
1757023996.424,latency_s,1.488707
1757023996.424,latency_s,1.474812
1757023996.424,latency_s,1.474851
1757023996.424,latency_s,1.538188
1757023996.424,latency_s,1.471605
1757023996.424,latency_s,1.522472
1757023996.424,latency_s,1.463468
1757023996.519,latency_s,1.556156
1757023996.519,latency_s,1.545687
1757023996.519,latency_s,1.545611
1757023996.519,latency_s,1.544221
1757023996.519,latency_s,1.534624
1757023996.519,latency_s,1.531965
1757023996.519,latency_s,1.508103
1757023996.519,latency_s,1.501202
1757023996.519,latency_s,1.500740
1757023996.519,latency_s,1.489396
1757023996.519,latency_s,1.488804
1757023996.519,latency_s,1.485862
1757023996.519,latency_s,1.484158
1757023996.520,latency_s,1.532734
1757023996.614,latency_s,1.564716
1757023996.614,latency_s,1.564860
1757023996.615,latency_s,1.562577
1757023996.615,latency_s,1.612897
1757023996.615,latency_s,1.554321
1757023996.615,latency_s,1.552590
1757023996.616,latency_s,1.541673
1757023996.616,latency_s,1.541542
1757023996.616,latency_s,1.540596
1757023996.616,latency_s,1.530163
1757023996.616,latency_s,1.527585
1757023996.616,latency_s,1.504418
1757023996.616,latency_s,1.497561
1757023996.616,latency_s,1.497275
1757023996.616,latency_s,1.484910
1757023996.616,latency_s,1.484297
1757023996.616,latency_s,1.482418
1757023996.616,latency_s,1.480560
1757023996.709,latency_s,1.620327
1757023996.709,latency_s,1.605169
1757023996.710,latency_s,1.560052
1757023996.710,latency_s,1.560146
1757023996.710,latency_s,1.556666
1757023996.710,latency_s,1.548431
1757023996.710,latency_s,1.546969
1757023996.710,latency_s,1.536107
1757023996.710,latency_s,1.535972
1757023996.710,latency_s,1.535071
1757023996.710,latency_s,1.523880
1757023996.710,latency_s,1.521115
1757023996.710,latency_s,1.498608
1757023996.710,latency_s,1.491887
1757023996.804,latency_s,1.585103
1757023996.805,latency_s,1.573341
1757023996.805,latency_s,1.573210
1757023996.805,latency_s,1.570713
1757023996.805,latency_s,1.569423
1757023996.805,latency_s,1.600140
1757023996.805,latency_s,1.554197
1757023996.805,latency_s,1.554210
1757023996.805,latency_s,1.551268
1757023996.805,latency_s,1.542929
1757023996.805,latency_s,1.542105
1757023996.806,latency_s,1.531227
1757023996.806,latency_s,1.531022
1757023996.806,latency_s,1.530246
1757023996.806,latency_s,1.517957
1757023996.806,latency_s,1.515648
1757023996.806,latency_s,1.493734
1757023996.806,latency_s,1.486412
1757023996.900,latency_s,1.580571
1757023996.900,latency_s,1.568347
1757023996.900,latency_s,1.567867
1757023996.901,latency_s,1.564446
1757023996.901,latency_s,1.564464
1757023996.901,latency_s,1.594645
1757023996.901,latency_s,1.549355
1757023996.901,latency_s,1.549240
1757023996.901,latency_s,1.545842
1757023996.901,latency_s,1.537075
1757023996.901,latency_s,1.535568
1757023996.901,latency_s,1.526237
1757023996.901,latency_s,1.526013
1757023996.901,latency_s,1.525258
1757023996.996,latency_s,1.608009
1757023996.996,latency_s,1.604712
1757023996.997,latency_s,1.584572
1757023996.997,latency_s,1.576996
1757023996.997,latency_s,1.576473
1757023996.997,latency_s,1.565284
1757023996.997,latency_s,1.564195
1757023996.997,latency_s,1.590470
1757023996.997,latency_s,1.560853
1757023996.997,latency_s,1.560539
1757023996.997,latency_s,1.545659
1757023996.997,latency_s,1.545662
1757023996.997,latency_s,1.541203
1757023997.092,latency_s,1.626749
1757023997.092,latency_s,1.626657
1757023997.093,latency_s,1.617676
1757023997.093,latency_s,1.617579
1757023997.093,latency_s,1.616798
1757023997.093,latency_s,1.604362
1757023997.093,latency_s,1.599694
1757023997.093,latency_s,1.580458
1757023997.093,latency_s,1.572175
1757023997.093,latency_s,1.571233
1757023997.093,latency_s,1.904094
1757023997.093,latency_s,1.803552
1757023997.093,latency_s,1.703190
1757023997.093,latency_s,1.602623
1757023997.093,latency_s,1.586437
1757023997.093,latency_s,1.561315
1757023997.093,latency_s,1.559383
1757023997.093,latency_s,1.556980
1757023997.094,latency_s,1.555368
1757023997.188,latency_s,1.635771
1757023997.188,latency_s,1.635743
1757023997.188,latency_s,1.630755
1757023997.188,latency_s,1.621973
1757023997.188,latency_s,1.621691
1757023997.188,latency_s,1.613100
1757023997.188,latency_s,1.612973
1757023997.188,latency_s,1.611971
1757023997.188,latency_s,1.599530
1757023997.188,latency_s,1.594962
1757023997.189,latency_s,1.575882
1757023997.189,latency_s,1.596717
1757023997.189,latency_s,1.567625
1757023997.284,latency_s,1.661059
1757023997.284,latency_s,1.676560
1757023997.284,latency_s,1.652023
1757023997.284,latency_s,1.649549
1757023997.284,latency_s,1.647645
1757023997.284,latency_s,1.645744
1757023997.285,latency_s,1.632244
1757023997.285,latency_s,1.631938
1757023997.285,latency_s,1.625956
1757023997.285,latency_s,1.617712
1757023997.285,latency_s,1.609345
1757023997.285,latency_s,1.608997
1757023997.285,latency_s,1.608059
1757023997.285,latency_s,1.595129
1757023997.285,latency_s,1.591018
1757023997.285,latency_s,1.571957
1757023997.285,latency_s,1.592225
1757023997.285,latency_s,1.576303
1757023997.324,latency_s,1.602481
1757023997.324,latency_s,1.601036
1757023997.324,latency_s,1.590811
1757023997.324,latency_s,1.589421
1757023997.325,latency_s,1.587543
1757023997.325,latency_s,1.585116
1757023997.325,latency_s,1.571818
1757023997.325,latency_s,1.571431
1757023997.325,latency_s,1.565425
1757023997.325,latency_s,1.557635
1757023997.325,latency_s,1.549368
1757023997.380,latency_s,1.603273
1757023997.380,latency_s,1.603067
1757023997.380,latency_s,1.590550
1757023997.419,latency_s,1.624598
1757023997.421,latency_s,1.627827
1757023997.421,latency_s,1.607542
1757023997.421,latency_s,1.611844
1757023997.421,latency_s,1.598385
1757023997.421,latency_s,1.597232
1757023997.421,latency_s,1.587044
1757023997.421,latency_s,1.585164
1757023997.421,latency_s,1.583667
1757023997.421,latency_s,1.580268
1757023997.421,latency_s,1.566441
1757023997.421,latency_s,1.566139
1757023997.421,latency_s,1.560635
1757023997.421,latency_s,1.552750
1757023997.421,latency_s,1.753274
1757023997.421,latency_s,1.652980
1757023997.421,latency_s,1.545430
1757023997.421,latency_s,1.544393
1757023997.515,latency_s,1.636778
1757023997.515,latency_s,1.624633
1757023997.515,latency_s,1.620451
1757023997.515,latency_s,1.621065
1757023997.515,latency_s,1.605350
1757023997.515,latency_s,1.601943
1757023997.515,latency_s,1.592582
1757023997.515,latency_s,1.591570
1757023997.515,latency_s,1.581215
1757023997.515,latency_s,1.578854
1757023997.515,latency_s,1.577901
1757023997.515,latency_s,1.574399
1757023997.516,latency_s,1.560754
1757023997.516,latency_s,1.560465
1757023997.611,latency_s,1.649870
1757023997.611,latency_s,1.740789
1757023997.611,latency_s,1.642148
1757023997.611,latency_s,1.634704
1757023997.611,latency_s,1.633756
1757023997.611,latency_s,1.632828
1757023997.611,latency_s,1.620436
1757023997.611,latency_s,1.615606
1757023997.611,latency_s,1.616494
1757023997.611,latency_s,1.599858
1757023997.611,latency_s,1.597446
1757023997.611,latency_s,1.587105
1757023997.611,latency_s,1.586846
1757023997.611,latency_s,1.575318
1757023997.611,latency_s,1.574379
1757023997.611,latency_s,1.573426
1757023997.611,latency_s,1.569949
1757023997.611,latency_s,1.556354
1757023997.706,latency_s,1.650527
1757023997.707,latency_s,1.735966
1757023997.707,latency_s,1.645759
1757023997.707,latency_s,1.637945
1757023997.707,latency_s,1.630589
1757023997.707,latency_s,1.629454
1757023997.707,latency_s,1.628651
1757023997.707,latency_s,1.615766
1757023997.707,latency_s,1.611041
1757023997.707,latency_s,1.610227
1757023997.707,latency_s,1.595156
1757023997.707,latency_s,1.593280
1757023997.707,latency_s,1.582926
1757023997.707,latency_s,1.582473
1757023997.801,latency_s,1.664358
1757023997.801,latency_s,1.662953
1757023997.801,latency_s,1.662993
1757023997.801,latency_s,1.659400
1757023997.801,latency_s,1.645705
1757023997.802,latency_s,1.730578
1757023997.802,latency_s,1.646055
1757023997.802,latency_s,1.639676
1757023997.802,latency_s,1.633068
1757023997.802,latency_s,1.625618
1757023997.802,latency_s,1.623688
1757023997.802,latency_s,1.622706
1757023997.802,latency_s,1.610411
1757023997.802,latency_s,1.604503
1757023997.802,latency_s,1.604577
1757023997.803,latency_s,1.590478
1757023997.803,latency_s,1.587106
1757023997.803,latency_s,1.576746
1757023997.896,latency_s,1.670244
1757023997.897,latency_s,1.658107
1757023997.897,latency_s,1.658243
1757023997.897,latency_s,1.654662
1757023997.897,latency_s,1.725277
1757023997.897,latency_s,1.641255
1757023997.897,latency_s,1.639945
1757023997.897,latency_s,1.632104
1757023997.897,latency_s,1.627697
1757023997.897,latency_s,1.620289
1757023997.897,latency_s,1.617365
1757023997.897,latency_s,1.617409
1757023997.897,latency_s,1.605166
1757023997.897,latency_s,1.598695
1757023997.991,latency_s,1.691602
1757023997.991,latency_s,1.676858
1757023997.991,latency_s,1.675470
1757023997.991,latency_s,1.665187
1757023997.991,latency_s,1.664947
1757023997.992,latency_s,1.651464
1757023997.992,latency_s,1.651942
1757023997.992,latency_s,1.649072
1757023997.992,latency_s,1.719286
1757023997.992,latency_s,1.635695
1757023997.992,latency_s,1.632329
1757023997.992,latency_s,1.626096
1757023997.992,latency_s,1.622668
1757023997.992,latency_s,1.615282
1757023997.992,latency_s,1.610772
1757023997.992,latency_s,1.610895
1757023997.992,latency_s,1.599494
1757023997.993,latency_s,1.589941
1757023998.088,latency_s,1.685036
1757023998.088,latency_s,1.673227
1757023998.088,latency_s,1.671501
1757023998.088,latency_s,1.661034
1757023998.088,latency_s,1.661169
1757023998.088,latency_s,1.849821
1757023998.088,latency_s,1.747884
1757023998.088,latency_s,1.647969
1757023998.088,latency_s,1.647830
1757023998.088,latency_s,1.715146
1757023998.088,latency_s,1.644508
1757023998.088,latency_s,1.631700
1757023998.088,latency_s,1.627316
1757023998.089,latency_s,1.622290
1757023998.182,latency_s,1.712373
1757023998.183,latency_s,1.705868
1757023998.183,latency_s,1.701610
1757023998.184,latency_s,1.701669
1757023998.184,latency_s,1.690328
1757023998.184,latency_s,1.680098
1757023998.184,latency_s,1.680127
1757023998.184,latency_s,1.668813
1757023998.184,latency_s,1.667100
1757023998.184,latency_s,1.656100
1757023998.184,latency_s,1.656146
1757023998.184,latency_s,1.743152
1757023998.184,latency_s,1.710476
1757023998.184,latency_s,1.642945
1757023998.184,latency_s,1.642814
1757023998.184,latency_s,1.640024
1757023998.184,latency_s,1.627293
1757023998.184,latency_s,1.622299
1757023998.277,latency_s,1.710292
1757023998.278,latency_s,1.707425
1757023998.278,latency_s,1.700182
1757023998.278,latency_s,1.695908
1757023998.278,latency_s,1.695638
1757023998.278,latency_s,1.683300
1757023998.278,latency_s,1.673435
1757023998.278,latency_s,1.673519
1757023998.278,latency_s,1.663153
1757023998.278,latency_s,1.661507
1757023998.278,latency_s,1.737295
1757023998.278,latency_s,1.650460
1757023998.278,latency_s,1.647969
1757023998.279,latency_s,1.704764
1757023998.373,latency_s,1.730720
1757023998.468,latency_s,1.826430
1757023998.468,latency_s,1.823738
1757023998.469,latency_s,1.811568
1757023998.469,latency_s,1.804410
1757023998.469,latency_s,1.802004
1757023998.469,latency_s,1.798647
1757023998.469,latency_s,1.791245
1757023998.469,latency_s,1.786648
1757023998.469,latency_s,1.785966
1757023998.469,latency_s,1.773627
1757023998.469,latency_s,1.763610
1757023998.469,latency_s,1.763613
1757023998.469,latency_s,1.754003
1757023998.469,latency_s,1.752137
1757023998.470,latency_s,1.827696
1757023998.470,latency_s,1.740330
1757023998.470,latency_s,1.795579
1757023998.470,latency_s,1.738857
1757023998.470,latency_s,1.727628
1757023998.470,latency_s,1.726876
1757023998.470,latency_s,1.724445
1757023998.470,latency_s,1.712182
1757023998.470,latency_s,1.704729
1757023998.470,latency_s,1.702574
1757023998.470,latency_s,1.699383
1757023998.470,latency_s,1.691913
1757023998.470,latency_s,1.687401
1757023998.470,latency_s,1.686577
1757023998.470,latency_s,1.672835
1757023998.470,latency_s,1.663461
1757023998.470,latency_s,1.663511
1757023998.564,latency_s,1.820422
1757023998.565,latency_s,1.749339
1757023998.565,latency_s,1.747155
1757023998.565,latency_s,1.791015
1757023998.565,latency_s,1.735859
1757023998.565,latency_s,1.733926
1757023998.565,latency_s,1.722063
1757023998.565,latency_s,1.721567
1757023998.566,latency_s,1.719604
1757023998.566,latency_s,1.706919
1757023998.566,latency_s,1.700228
1757023998.661,latency_s,1.792049
1757023998.661,latency_s,1.782823
1757023998.661,latency_s,1.777943
1757023998.661,latency_s,1.776442
1757023998.661,latency_s,1.763513
1757023998.661,latency_s,1.754215
1757023998.661,latency_s,1.754293
1757023998.661,latency_s,1.815632
1757023998.661,latency_s,1.745537
1757023998.662,latency_s,1.743098
1757023998.662,latency_s,1.786711
1757023998.756,latency_s,1.826056
1757023998.756,latency_s,1.824257
1757023998.756,latency_s,1.812471
1757023998.756,latency_s,1.811634
1757023998.756,latency_s,1.809028
1757023998.756,latency_s,1.797342
1757023998.756,latency_s,1.789969
1757023998.756,latency_s,1.787016
1757023998.756,latency_s,1.777715
1757023998.756,latency_s,1.772899
1757023998.756,latency_s,1.770369
1757023998.758,latency_s,1.759007
1757023998.758,latency_s,1.810993
1757023998.758,latency_s,1.750228
1757023998.758,latency_s,1.750268
1757023998.758,latency_s,1.742002
1757023998.758,latency_s,1.782423
1757023998.758,latency_s,1.738628
1757023998.758,latency_s,1.728324
1757023998.758,latency_s,1.725876
1757023998.759,latency_s,1.714780
1757023998.947,latency_s,1.901292
1757023998.947,latency_s,1.899207
1757023998.947,latency_s,1.887195
1757023998.947,latency_s,1.879751
1757023998.947,latency_s,2.075967
1757023998.947,latency_s,1.975708
1757023998.947,latency_s,1.876930
1757023998.947,latency_s,1.868222
1757023998.947,latency_s,1.863242
1757023998.947,latency_s,1.860170
1757023998.947,latency_s,1.847898
1757023998.947,latency_s,1.899833
1757023998.947,latency_s,1.838578
1757023998.947,latency_s,1.838636
1757023998.947,latency_s,1.869290
1757023998.947,latency_s,1.830811
1757023998.947,latency_s,1.827411
1757023998.947,latency_s,1.817071
1757023998.947,latency_s,1.813400
1757023998.948,latency_s,1.803510
1757023998.948,latency_s,1.801966
1757023998.948,latency_s,1.799822
1757023998.948,latency_s,1.787373
1757023998.948,latency_s,1.876299
1757023998.948,latency_s,1.780535
1757023998.948,latency_s,1.776993
1757023998.948,latency_s,1.767110
1757023998.948,latency_s,1.763825
1757023998.948,latency_s,1.760982
1757023998.948,latency_s,1.800557
1757023998.948,latency_s,1.747387
1757023998.949,latency_s,1.739727
1757023999.043,latency_s,1.864742
1757023999.043,latency_s,1.834065
1757023999.043,latency_s,1.826654
1757023999.043,latency_s,1.823263
1757023999.043,latency_s,1.812914
1757023999.044,latency_s,1.807587
1757023999.138,latency_s,1.894039
1757023999.139,latency_s,1.892225
1757023999.139,latency_s,1.889967
1757023999.139,latency_s,1.966862
1757023999.139,latency_s,1.878017
1757023999.139,latency_s,1.867670
1757023999.139,latency_s,1.857248
1757023999.139,latency_s,1.853840
1757023999.139,latency_s,1.850852
1757023999.139,latency_s,1.890395
1757023999.139,latency_s,1.837288
1757023999.139,latency_s,1.859840
1757023999.139,latency_s,1.828900
1757023999.139,latency_s,1.828655
1757023999.139,latency_s,1.822098
1757023999.139,latency_s,1.818674
1757023999.139,latency_s,1.808309
1757023999.139,latency_s,1.802496
1757023999.233,latency_s,1.888443
1757023999.233,latency_s,1.886876
1757023999.234,latency_s,1.884028
1757023999.234,latency_s,1.961539
1757023999.234,latency_s,1.871663
1757023999.234,latency_s,1.861325
1757023999.234,latency_s,1.851898
1757023999.234,latency_s,1.848567
1757023999.234,latency_s,1.884893
1757023999.234,latency_s,1.845351
1757023999.234,latency_s,1.854488
1757023999.234,latency_s,1.830806
1757023999.234,latency_s,1.824103
1757023999.234,latency_s,1.823792
1757023999.329,latency_s,1.911403
1757023999.329,latency_s,1.908064
1757023999.329,latency_s,1.897753
1757023999.329,latency_s,1.888217
1757023999.329,latency_s,1.883685
1757023999.329,latency_s,1.881747
1757023999.369,latency_s,1.996894
1757023999.370,latency_s,1.919534
1757023999.370,latency_s,1.907577
1757023999.370,latency_s,2.102055
1757023999.370,latency_s,2.000925
1757023999.370,latency_s,1.897298
1757023999.370,latency_s,1.887672
1757023999.370,latency_s,1.920059
1757023999.370,latency_s,1.883469
1757023999.370,latency_s,1.880120
1757023999.370,latency_s,1.889536
1757023999.423,latency_s,1.919516
1757023999.424,latency_s,1.913217
1757023999.424,latency_s,1.911727
1757023999.424,latency_s,1.906336
1757023999.424,latency_s,1.903023
1757023999.424,latency_s,1.892842
1757023999.510,latency_s,1.968688
1757023999.511,latency_s,2.037126
1757023999.511,latency_s,1.965332
1757023999.511,latency_s,1.962076
1757023999.511,latency_s,1.960547
1757023999.511,latency_s,1.948442
1757023999.511,latency_s,2.040270
1757023999.511,latency_s,1.937857
1757023999.511,latency_s,1.960406
1757023999.519,latency_s,1.936631
1757023999.520,latency_s,1.931916
1757023999.520,latency_s,1.929407
1757023999.520,latency_s,1.938202
1757023999.520,latency_s,1.915649
1757023999.520,latency_s,1.908987
1757023999.520,latency_s,1.907252
1757023999.520,latency_s,1.901070
1757023999.520,latency_s,1.898615
1757023999.520,latency_s,1.888397
1757023999.520,latency_s,1.945659
1757023999.520,latency_s,1.877955
1757023999.520,latency_s,1.874368
1757023999.520,latency_s,1.871204
1757023999.520,latency_s,1.869339
1757023999.520,latency_s,1.949296
1757023999.520,latency_s,1.857510
1757023999.614,latency_s,1.963362
1757023999.615,latency_s,1.939080
1757023999.615,latency_s,1.931747
1757023999.615,latency_s,1.932100
1757023999.615,latency_s,1.926239
1757023999.736,latency_s,2.045968
1757023999.737,latency_s,2.031732
1757023999.737,latency_s,2.025446
1757023999.737,latency_s,2.023095
1757023999.737,latency_s,2.017130
1757023999.737,latency_s,2.015271
1757023999.737,latency_s,2.004926
1757023999.737,latency_s,2.062266
1757023999.737,latency_s,1.993637
1757023999.737,latency_s,1.991047
1757023999.737,latency_s,1.987712
1757023999.737,latency_s,1.985924
1757023999.737,latency_s,2.061481
1757023999.737,latency_s,1.974033
1757023999.737,latency_s,1.984885
1757023999.737,latency_s,1.960270
1757023999.806,latency_s,2.022846
1757023999.806,latency_s,2.022328
1757023999.806,latency_s,2.017179
1757023999.806,latency_s,2.015165
1757023999.806,latency_s,1.999596
1757023999.806,latency_s,1.994734
1757023999.806,latency_s,1.992172
1757023999.806,latency_s,1.986390
1757023999.806,latency_s,1.984427
1757023999.806,latency_s,2.031480
1757023999.806,latency_s,1.974179
1757023999.806,latency_s,1.962227
1757023999.806,latency_s,1.960257
1757023999.806,latency_s,2.029524
1757023999.806,latency_s,1.956841
1757023999.806,latency_s,1.954724
1757023999.901,latency_s,2.048960
1757023999.902,latency_s,2.038331
1757023999.902,latency_s,2.023623
1757023999.902,latency_s,2.017869
1757023999.944,latency_s,2.059878
1757023999.944,latency_s,2.054620
1757023999.944,latency_s,2.052698
1757023999.944,latency_s,2.036765
1757023999.944,latency_s,2.032583
1757023999.944,latency_s,2.030062
1757023999.944,latency_s,2.023802
1757023999.944,latency_s,2.022318
1757023999.944,latency_s,2.069233
1757023999.944,latency_s,2.011479
1757023999.944,latency_s,2.066353
1757023999.997,latency_s,2.052482
1757023999.998,latency_s,2.051490
1757023999.998,latency_s,2.047179
1757023999.998,latency_s,2.044749
1757023999.998,latency_s,2.044919
1757023999.998,latency_s,2.034624
1757023999.998,latency_s,2.019349
1757024000.080,latency_s,2.095802
1757024000.081,latency_s,2.096265
1757024000.081,latency_s,2.090315
1757024000.081,latency_s,2.088589
1757024000.081,latency_s,2.073018
1757024000.081,latency_s,2.068917
1757024000.081,latency_s,2.065437
1757024000.081,latency_s,2.060101
1757024000.081,latency_s,2.105590
1757024000.081,latency_s,2.058691
1757024000.094,latency_s,2.060627
1757024000.094,latency_s,2.115564
1757024000.094,latency_s,2.048050
1757024000.094,latency_s,2.047808
1757024000.094,latency_s,2.043568
1757024000.095,latency_s,2.040969
1757024000.095,latency_s,2.041252
1757024000.095,latency_s,2.030907
1757024000.095,latency_s,2.013140
1757024000.095,latency_s,2.010075
1757024000.095,latency_s,2.009772
1757024000.095,latency_s,2.004345
1757024000.095,latency_s,2.002090
1757024000.095,latency_s,1.986331
1757024000.095,latency_s,1.982953
1757024000.189,latency_s,2.073811
1757024000.190,latency_s,2.113641
1757024000.190,latency_s,2.068812
1757024000.190,latency_s,2.065753
1757024000.190,latency_s,2.108351
1757024000.190,latency_s,2.055595
1757024000.190,latency_s,2.043265
1757024000.191,latency_s,2.042845
1757024000.286,latency_s,2.135237
1757024000.287,latency_s,2.132948
1757024000.287,latency_s,2.132832
1757024000.287,latency_s,2.122735
1757024000.287,latency_s,2.105041
1757024000.287,latency_s,2.102060
1757024000.287,latency_s,2.101261
1757024000.287,latency_s,2.095380
1757024000.287,latency_s,2.092739
1757024000.287,latency_s,2.077982
1757024000.287,latency_s,2.110310
1757024000.287,latency_s,2.074550
1757024000.287,latency_s,2.069854
1757024000.287,latency_s,2.065989
1757024000.287,latency_s,2.063034
1757024000.287,latency_s,2.105458
1757024000.287,latency_s,2.052725
1757024000.287,latency_s,2.040370
1757024000.287,latency_s,2.039448
1757024000.288,latency_s,2.036098
1757024000.288,latency_s,2.033659
1757024000.288,latency_s,2.033578
1757024000.288,latency_s,2.023621
1757024000.288,latency_s,2.003846
1757024000.383,latency_s,2.098271
1757024000.383,latency_s,2.096897
1757024000.384,latency_s,2.091944
1757024000.384,latency_s,2.088656
1757024000.384,latency_s,2.107357
1757024000.384,latency_s,2.075160
1757024000.384,latency_s,2.071745
1757024000.385,latency_s,2.066042
1757024000.480,latency_s,2.157664
1757024000.480,latency_s,2.155632
1757024000.480,latency_s,2.197041
1757024000.480,latency_s,2.145311
1757024000.480,latency_s,2.132880
1757024000.480,latency_s,2.131285
1757024000.480,latency_s,2.127984
1757024000.480,latency_s,2.125904
1757024000.480,latency_s,2.125795
1757024000.480,latency_s,2.115809
1757024000.480,latency_s,2.095815
1757024000.480,latency_s,2.094882
1757024000.480,latency_s,2.092966
1757024000.480,latency_s,2.088251
1757024000.480,latency_s,2.083852
1757024000.480,latency_s,2.102155
1757024000.480,latency_s,2.070538
1757024000.481,latency_s,2.067678
1757024000.482,latency_s,2.062783
1757024000.482,latency_s,2.099024
1757024000.482,latency_s,2.060124
1757024000.482,latency_s,2.057679
1757024000.482,latency_s,2.047349
1757024000.482,latency_s,2.035059
1757024000.575,latency_s,2.125754
1757024000.575,latency_s,2.122912
1757024000.575,latency_s,2.120815
1757024000.575,latency_s,2.120690
1757024000.575,latency_s,2.109249
1757024000.575,latency_s,2.089964
1757024000.576,latency_s,2.088575
1757024000.577,latency_s,2.089586
1757024000.671,latency_s,2.178864
1757024000.672,latency_s,2.193020
1757024000.672,latency_s,2.174308
1757024000.672,latency_s,2.160231
1757024000.672,latency_s,2.158718
1757024000.672,latency_s,2.188395
1757024000.672,latency_s,2.152312
1757024000.672,latency_s,2.148468
1757024000.672,latency_s,2.147077
1757024000.672,latency_s,2.136711
1757024000.672,latency_s,2.124402
1757024000.672,latency_s,2.122797
1757024000.672,latency_s,2.119431
1757024000.673,latency_s,2.117450
1757024000.673,latency_s,2.117459
1757024000.673,latency_s,2.106193
1757024000.673,latency_s,2.086821
1757024000.674,latency_s,2.085824
1757024000.674,latency_s,2.085804
1757024000.674,latency_s,2.095511
1757024000.674,latency_s,2.081707
1757024000.674,latency_s,2.075899
1757024000.674,latency_s,2.090724
1757024000.675,latency_s,2.062168
1757024000.767,latency_s,2.153333
1757024000.767,latency_s,2.146411
1757024000.767,latency_s,2.143093
1757024000.767,latency_s,2.141783
1757024000.767,latency_s,2.130964
1757024000.767,latency_s,2.119054
1757024000.767,latency_s,2.116589
1757024000.768,latency_s,2.115060
1757024000.769,latency_s,2.112693
1757024000.771,latency_s,2.115120
1757024000.771,latency_s,2.104199
1757024000.771,latency_s,2.092323
1757024000.771,latency_s,2.085035
1757024000.772,latency_s,2.081981
1757024000.772,latency_s,2.081897
1757024000.772,latency_s,2.077144
1757024000.772,latency_s,2.071852
1757024000.772,latency_s,2.087537
1757024000.772,latency_s,2.058912
1757024000.772,latency_s,2.058150
1757024000.772,latency_s,2.050678
1757024000.772,latency_s,2.047851
1757024000.772,latency_s,2.046372
1757024000.772,latency_s,2.035050
1757024000.864,latency_s,2.115695
1757024000.864,latency_s,2.112226
1757024000.864,latency_s,2.109930
1757024000.864,latency_s,2.107574
1757024000.864,latency_s,2.107258
1757024000.864,latency_s,2.096359
1757024000.866,latency_s,2.086925
1757024000.866,latency_s,2.078594
1757024000.866,latency_s,2.076441
1757024000.866,latency_s,2.076662
1757024000.866,latency_s,2.071683
1757024000.866,latency_s,2.065432
1757024000.866,latency_s,2.082227
1757024000.866,latency_s,2.052381
1757024000.867,latency_s,2.052736
1757024000.959,latency_s,2.137161
1757024000.960,latency_s,2.135614
1757024000.960,latency_s,2.134156
1757024000.960,latency_s,2.123044
1757024000.960,latency_s,2.111664
1757024000.960,latency_s,2.107350
1757024000.960,latency_s,2.104813
1757024000.960,latency_s,2.103588
1757024001.002,latency_s,2.144632
1757024001.002,latency_s,2.133712
1757024001.002,latency_s,2.122458
1757024001.002,latency_s,2.113104
1757024001.002,latency_s,2.112005
1757024001.002,latency_s,2.111660
1757024001.002,latency_s,2.106802
1757024001.002,latency_s,2.116735
1757024001.002,latency_s,2.100419
1757024001.054,latency_s,2.139981
1757024001.056,latency_s,2.141445
1757024001.056,latency_s,2.133227
1757024001.056,latency_s,2.131428
1757024001.056,latency_s,2.129537
1757024001.056,latency_s,2.117680
1757024001.056,latency_s,2.107264
1757024001.056,latency_s,2.102422
1757024001.056,latency_s,2.100505
1757024001.056,latency_s,2.098474
1757024001.056,latency_s,2.098190
1757024001.056,latency_s,2.086742
1757024001.056,latency_s,2.076404
1757024001.056,latency_s,2.065994
1757024001.056,latency_s,2.065732
1757024001.149,latency_s,2.158332
1757024001.149,latency_s,2.163780
1757024001.149,latency_s,2.153284
1757024001.149,latency_s,2.145494
1757024001.149,latency_s,2.133657
1757024001.150,latency_s,2.133690
1757024001.150,latency_s,2.126657
1757024001.150,latency_s,2.124895
1757024001.151,latency_s,2.124221
1757024001.151,latency_s,2.112390
1757024001.151,latency_s,2.102037
1757024001.151,latency_s,2.097142
1757024001.151,latency_s,2.095034
1757024001.151,latency_s,2.092766
1757024001.151,latency_s,2.092801
1757024001.151,latency_s,2.081428
1757024001.151,latency_s,2.071182
1757024001.245,latency_s,2.159096
1757024001.245,latency_s,2.153492
1757024001.245,latency_s,2.153486
1757024001.245,latency_s,2.151172
1757024001.245,latency_s,2.148548
1757024001.245,latency_s,2.140402
1757024001.245,latency_s,2.129075
1757024001.245,latency_s,2.129055
1757024001.245,latency_s,2.121921
1757024001.289,latency_s,2.163738
1757024001.289,latency_s,2.161411
1757024001.289,latency_s,2.150154
1757024001.289,latency_s,2.139806
1757024001.289,latency_s,2.134418
1757024001.289,latency_s,2.132757
1757024001.340,latency_s,2.181992
1757024001.341,latency_s,2.182586
1757024001.342,latency_s,2.171755
1757024001.342,latency_s,2.161499
1757024001.342,latency_s,2.153915
1757024001.342,latency_s,2.149707
1757024001.342,latency_s,2.149734
1757024001.342,latency_s,2.147617
1757024001.342,latency_s,2.144293
1757024001.342,latency_s,2.136317
1757024001.342,latency_s,2.125041
1757024001.342,latency_s,2.124789
1757024001.342,latency_s,2.117798
1757024001.342,latency_s,2.116885
1757024001.342,latency_s,2.114641
1757024001.343,latency_s,2.103410
1757024001.533,latency_s,2.283436
1757024001.534,latency_s,2.278877
1757024001.534,latency_s,2.276600
1757024001.534,latency_s,2.274204
1757024001.534,latency_s,2.274094
1757024001.534,latency_s,2.264306
1757024001.535,latency_s,2.254158
1757024001.535,latency_s,2.246301
1757024001.535,latency_s,2.242324
1757024001.535,latency_s,2.242384
1757024001.535,latency_s,2.238936
1757024001.535,latency_s,2.236858
1757024001.535,latency_s,2.228607
1757024001.535,latency_s,2.217327
1757024001.535,latency_s,2.215331
1757024001.535,latency_s,2.210492
1757024001.535,latency_s,2.209557
1757024001.630,latency_s,2.301803
1757024001.630,latency_s,2.291115
1757024001.631,latency_s,2.280850
1757024001.632,latency_s,2.275921
1757024001.632,latency_s,2.273397
1757024001.632,latency_s,2.271484
1757024001.632,latency_s,2.270580
1757024001.632,latency_s,2.261280
1757024001.632,latency_s,2.250909
1757024001.632,latency_s,2.242493
1757024001.632,latency_s,2.238652
1757024001.632,latency_s,2.238211
1757024001.632,latency_s,2.234666
1757024001.632,latency_s,2.232294
1757024001.632,latency_s,2.225246
1757024001.632,latency_s,2.214101
1757024001.727,latency_s,2.306139
1757024001.727,latency_s,2.301197
1757024001.727,latency_s,2.301428
1757024001.727,latency_s,2.299112
1757024001.727,latency_s,2.287797
1757024001.728,latency_s,2.276963
1757024001.728,latency_s,2.272617
1757024001.822,latency_s,2.363160
1757024001.822,latency_s,2.361418
1757024001.822,latency_s,2.359015
1757024001.823,latency_s,2.351806
1757024001.823,latency_s,2.341732
1757024001.823,latency_s,2.333390
1757024001.823,latency_s,2.328959
1757024001.823,latency_s,2.328949
1757024001.823,latency_s,2.324413
1757024001.824,latency_s,2.323485
1757024001.824,latency_s,2.317178
1757024001.825,latency_s,2.305545
1757024001.825,latency_s,2.303653
1757024001.825,latency_s,2.298828
1757024001.825,latency_s,2.298870
1757024001.825,latency_s,2.295439
1757024001.825,latency_s,2.285145
1757024001.825,latency_s,2.272299
1757024001.825,latency_s,2.268818
1757024001.825,latency_s,2.265947
1757024001.825,latency_s,2.263173
1757024001.825,latency_s,2.258784
1757024001.825,latency_s,2.254373
1757024001.825,latency_s,2.244064
1757024001.825,latency_s,2.235726
1757024001.916,latency_s,2.322088
1757024001.917,latency_s,2.322021
1757024001.919,latency_s,2.318659
1757024001.919,latency_s,2.316568
1757024001.919,latency_s,2.311390
1757024001.919,latency_s,2.299407
1757024001.919,latency_s,2.297438
1757024001.920,latency_s,2.293809
1757024002.012,latency_s,2.385385
1757024002.012,latency_s,2.382411
1757024002.012,latency_s,2.372055
1757024002.012,latency_s,2.358308
1757024002.012,latency_s,2.355818
1757024002.012,latency_s,2.352469
1757024002.012,latency_s,2.349479
1757024002.012,latency_s,2.344619
1757024002.012,latency_s,2.341229
1757024002.012,latency_s,2.330930
1757024002.012,latency_s,2.322536
1757024002.013,latency_s,2.316807
1757024002.013,latency_s,2.317199
1757024002.013,latency_s,2.311911
1757024002.013,latency_s,2.310341
1757024002.013,latency_s,2.305017
1757024002.013,latency_s,2.291651
1757024002.013,latency_s,2.288761
1757024002.016,latency_s,2.289402
1757024002.016,latency_s,2.289107
1757024002.016,latency_s,2.286113
1757024002.016,latency_s,2.275797
1757024002.016,latency_s,2.261886
1757024002.016,latency_s,2.258366
1757024002.016,latency_s,2.254993
1757024002.107,latency_s,2.343634
1757024002.107,latency_s,2.337659
1757024002.107,latency_s,2.335949
1757024002.107,latency_s,2.325593
1757024002.107,latency_s,2.317194
1757024002.107,latency_s,2.311824
1757024002.109,latency_s,2.312566
1757024002.113,latency_s,2.311459
1757024002.113,latency_s,2.310539
1757024002.113,latency_s,2.303688
1757024002.113,latency_s,2.291903
1757024002.113,latency_s,2.288422
1757024002.113,latency_s,2.286554
1757024002.113,latency_s,2.286272
1757024002.113,latency_s,2.283129
1757024002.113,latency_s,2.272828
1757024002.113,latency_s,2.257492
1757024002.113,latency_s,2.255546
1757024002.114,latency_s,2.251347
1757024002.114,latency_s,2.249749
1757024002.114,latency_s,2.243395
1757024002.114,latency_s,2.241468
1757024002.114,latency_s,2.231637
1757024002.114,latency_s,2.222784
1757024002.204,latency_s,2.306149
1757024002.204,latency_s,2.301033
1757024002.204,latency_s,2.301158
1757024002.204,latency_s,2.294277
1757024002.204,latency_s,2.282181
1757024002.204,latency_s,2.278696
1757024002.204,latency_s,2.277337
1757024002.205,latency_s,2.277080
1757024002.208,latency_s,2.277408
1757024002.208,latency_s,2.267121
1757024002.208,latency_s,2.250823
1757024002.208,latency_s,2.249736
1757024002.208,latency_s,2.245546
1757024002.208,latency_s,2.243077
1757024002.299,latency_s,2.328497
1757024002.300,latency_s,2.326675
1757024002.300,latency_s,2.317365
1757024002.300,latency_s,2.308575
1757024002.300,latency_s,2.301707
1757024002.300,latency_s,2.296569
1757024002.300,latency_s,2.296031
1757024002.300,latency_s,2.289579
1757024002.300,latency_s,2.277329
1757024002.300,latency_s,2.274077
1757024002.300,latency_s,2.272584
1757024002.300,latency_s,2.272070
1757024002.300,latency_s,2.269274
1757024002.300,latency_s,2.258947
1757024002.300,latency_s,2.241333
1757024002.300,latency_s,2.241128
1757024002.300,latency_s,2.236633
1757024002.300,latency_s,2.234979
1757024002.396,latency_s,2.324808
1757024002.396,latency_s,2.322613
1757024002.397,latency_s,2.314292
1757024002.397,latency_s,2.305665
1757024002.397,latency_s,2.298584
1757024002.397,latency_s,2.501182
1757024002.397,latency_s,2.401335
1757024002.398,latency_s,2.301101
1757024002.398,latency_s,2.294252
1757024002.398,latency_s,2.292786
1757024002.398,latency_s,2.287118
1757024002.398,latency_s,2.274991
1757024002.398,latency_s,2.270256
1757024002.398,latency_s,2.270010
1757024002.490,latency_s,2.362400
1757024002.491,latency_s,2.359577
1757024002.491,latency_s,2.349140
1757024002.491,latency_s,2.331419
1757024002.491,latency_s,2.331291
1757024002.491,latency_s,2.326173
1757024002.491,latency_s,2.323616
1757024002.491,latency_s,2.318322
1757024002.491,latency_s,2.316877
1757024002.491,latency_s,2.308034
1757024002.491,latency_s,2.299278
1757024002.586,latency_s,2.389533
1757024002.586,latency_s,2.387628
1757024002.586,latency_s,2.381240
1757024002.586,latency_s,2.379354
1757024002.586,latency_s,2.374897
1757024002.587,latency_s,2.363652
1757024002.587,latency_s,2.358914
1757024002.587,latency_s,2.358783
1757024002.587,latency_s,2.358616
1757024002.587,latency_s,2.355637
1757024002.587,latency_s,2.345162
1757024002.587,latency_s,2.326466
1757024002.587,latency_s,2.326464
1757024002.587,latency_s,2.321184
1757024002.587,latency_s,2.319723
1757024002.587,latency_s,2.312393
1757024002.587,latency_s,2.312395
1757024002.587,latency_s,2.304087
1757024002.587,latency_s,2.294702
1757024002.587,latency_s,2.288026
1757024002.588,latency_s,2.280110
1757024002.682,latency_s,2.373047
1757024002.682,latency_s,2.369633
1757024002.682,latency_s,2.358900
1757024002.682,latency_s,2.354069
1757024002.682,latency_s,2.354067
1757024002.682,latency_s,2.353901
1757024002.682,latency_s,2.350764
1757024002.682,latency_s,2.340407
1757024002.682,latency_s,2.320534
1757024002.682,latency_s,2.320777
1757024002.683,latency_s,2.315419
1757024002.779,latency_s,2.411273
1757024002.779,latency_s,2.403420
1757024002.779,latency_s,2.402464
1757024002.779,latency_s,2.395654
1757024002.779,latency_s,2.386278
1757024002.779,latency_s,2.378400
1757024002.779,latency_s,2.371272
1757024002.779,latency_s,2.369560
1757024002.779,latency_s,2.366527
1757024002.779,latency_s,2.355324
1757024002.779,latency_s,2.350400
1757024002.779,latency_s,2.350467
1757024002.779,latency_s,2.350680
1757024002.779,latency_s,2.347549
1757024002.779,latency_s,2.337163
1757024002.779,latency_s,2.316453
1757024002.779,latency_s,2.311525
1757024002.779,latency_s,2.311496
1757024002.819,latency_s,2.343501
1757024002.819,latency_s,2.342700
1757024002.819,latency_s,2.335865
1757024002.819,latency_s,2.325510
1757024002.820,latency_s,2.318602
1757024002.820,latency_s,2.309136
1757024002.820,latency_s,2.309196
1757024002.820,latency_s,2.306437
1757024002.820,latency_s,2.295480
1757024002.874,latency_s,2.344542
1757024002.874,latency_s,2.344181
1757024002.874,latency_s,2.344683
1757024002.874,latency_s,2.341779
1757024002.874,latency_s,2.331307
1757024002.915,latency_s,2.351566
1757024002.915,latency_s,2.346673
1757024002.915,latency_s,2.345056
1757024002.915,latency_s,2.338245
1757024002.916,latency_s,2.338441
1757024002.916,latency_s,2.331805
1757024002.916,latency_s,2.618686
1757024002.916,latency_s,2.518540
1757024002.916,latency_s,2.418287
1757024002.916,latency_s,2.321718
1757024003.010,latency_s,2.408795
1757024003.010,latency_s,2.399194
1757024003.010,latency_s,2.399443
1757024003.010,latency_s,2.396128
1757024003.010,latency_s,2.385658
1757024003.010,latency_s,2.380882
1757024003.010,latency_s,2.380574
1757024003.010,latency_s,2.380622
1757024003.011,latency_s,2.378609
1757024003.011,latency_s,2.368377
1757024003.011,latency_s,2.548292
1757024003.011,latency_s,2.448268
1757024003.011,latency_s,2.348020
1757024003.011,latency_s,2.342713
1757024003.012,latency_s,2.341006
1757024003.012,latency_s,2.334394
1757024003.012,latency_s,2.334055
1757024003.012,latency_s,2.327613
1757024003.012,latency_s,2.414181
1757024003.105,latency_s,2.410394
1757024003.105,latency_s,2.403697
1757024003.105,latency_s,2.393358
1757024003.107,latency_s,2.394904
1757024003.107,latency_s,2.392593
1757024003.107,latency_s,2.382176
1757024003.107,latency_s,2.376902
1757024003.107,latency_s,2.376945
1757024003.107,latency_s,2.376757
1757024003.107,latency_s,2.374548
1757024003.107,latency_s,2.364171
1757024003.107,latency_s,2.443776
1757024003.107,latency_s,2.343080
1757024003.201,latency_s,2.431873
1757024003.201,latency_s,2.429482
1757024003.201,latency_s,2.423607
1757024003.201,latency_s,2.423309
1757024003.201,latency_s,2.416780
1757024003.201,latency_s,2.503217
1757024003.201,latency_s,2.406459
1757024003.201,latency_s,2.399793
1757024003.203,latency_s,2.391070
1757024003.203,latency_s,2.390818
1757024003.203,latency_s,2.387715
1757024003.203,latency_s,2.377397
1757024003.203,latency_s,2.372509
1757024003.203,latency_s,2.372147
1757024003.203,latency_s,2.371769
1757024003.203,latency_s,2.370621
1757024003.203,latency_s,2.360309
1757024003.203,latency_s,2.439607
1757024003.203,latency_s,2.338673
1757024003.297,latency_s,2.426923
1757024003.297,latency_s,2.424533
1757024003.297,latency_s,2.419112
1757024003.297,latency_s,2.415822
1757024003.297,latency_s,2.498907
1757024003.297,latency_s,2.412782
1757024003.297,latency_s,2.402456
1757024003.297,latency_s,2.395613
1757024003.298,latency_s,2.385295
1757024003.298,latency_s,2.384907
1757024003.298,latency_s,2.381815
1757024003.298,latency_s,2.371572
1757024003.298,latency_s,2.366630
1757024003.392,latency_s,2.461066
1757024003.393,latency_s,2.460821
1757024003.393,latency_s,2.459725
1757024003.393,latency_s,2.449434
1757024003.393,latency_s,2.526881
1757024003.393,latency_s,2.426284
1757024003.393,latency_s,2.421702
1757024003.393,latency_s,2.420241
1757024003.393,latency_s,2.495084
1757024003.394,latency_s,2.415519
1757024003.394,latency_s,2.412100
1757024003.394,latency_s,2.408849
1757024003.394,latency_s,2.398592
1757024003.394,latency_s,2.391722
1757024003.394,latency_s,2.381281
1757024003.394,latency_s,2.381065
1757024003.394,latency_s,2.376452
1757024003.394,latency_s,2.367633
1757024003.394,latency_s,2.362226
1757024003.488,latency_s,2.455991
1757024003.488,latency_s,2.456165
1757024003.488,latency_s,2.454949
1757024003.488,latency_s,2.520722
1757024003.488,latency_s,2.444732
1757024003.489,latency_s,2.421759
1757024003.489,latency_s,2.417238
1757024003.489,latency_s,2.490105
1757024003.489,latency_s,2.415623
1757024003.489,latency_s,2.410609
1757024003.489,latency_s,2.407101
1757024003.489,latency_s,2.403336
1757024003.489,latency_s,2.393377
1757024003.583,latency_s,2.480473
1757024003.583,latency_s,2.470259
1757024003.583,latency_s,2.469270
1757024003.583,latency_s,2.465269
1757024003.583,latency_s,2.456513
1757024003.583,latency_s,2.450631
1757024003.583,latency_s,2.450711
1757024003.583,latency_s,2.449908
1757024003.583,latency_s,2.449654
1757024003.584,latency_s,2.515747
1757024003.584,latency_s,2.439919
1757024003.584,latency_s,2.415780
1757024003.584,latency_s,2.484945
1757024003.626,latency_s,2.453296
1757024003.626,latency_s,2.451377
1757024003.627,latency_s,2.448096
1757024003.627,latency_s,2.443063
1757024003.627,latency_s,2.440186
1757024003.627,latency_s,2.430869
1757024003.678,latency_s,2.475009
1757024003.678,latency_s,2.465455
1757024003.679,latency_s,2.464041
1757024003.679,latency_s,2.460181
1757024003.679,latency_s,2.451780
1757024003.679,latency_s,2.509095
1757024003.679,latency_s,2.445940
1757024003.679,latency_s,2.445768
1757024003.679,latency_s,2.445173
1757024003.679,latency_s,2.444839
1757024003.679,latency_s,2.434756
1757024003.679,latency_s,2.479186
1757024003.679,latency_s,2.410592
1757024003.772,latency_s,2.498927
1757024003.773,latency_s,2.495861
1757024003.773,latency_s,2.494047
1757024003.773,latency_s,2.489051
1757024003.773,latency_s,2.485687
1757024003.773,latency_s,2.476848
1757024003.773,latency_s,2.469975
1757024003.773,latency_s,2.459642
1757024003.773,latency_s,2.457179
1757024003.773,latency_s,2.454395
1757024003.773,latency_s,2.502833
1757024003.773,latency_s,2.446089
1757024003.773,latency_s,2.439151
1757024003.773,latency_s,2.439145
1757024003.774,latency_s,2.439541
1757024003.868,latency_s,2.533558
1757024003.868,latency_s,2.523578
1757024003.868,latency_s,2.567591
1757024003.868,latency_s,2.499202
1757024003.868,latency_s,2.494085
1757024003.868,latency_s,2.489197
1757024003.868,latency_s,2.489278
1757024003.868,latency_s,2.483896
1757024003.868,latency_s,2.481075
1757024003.868,latency_s,2.472256
1757024003.869,latency_s,2.465403
1757024003.869,latency_s,2.455038
1757024003.869,latency_s,2.451699
1757024003.869,latency_s,2.449327
1757024003.869,latency_s,2.497764
1757024003.869,latency_s,2.441425
1757024003.869,latency_s,2.434918
1757024003.964,latency_s,2.529193
1757024003.964,latency_s,2.529001
1757024003.964,latency_s,2.528951
1757024003.964,latency_s,2.519207
1757024003.964,latency_s,2.562698
1757024003.964,latency_s,2.494387
1757024003.964,latency_s,2.489110
1757024003.964,latency_s,2.484727
1757024003.964,latency_s,2.484218
1757024003.964,latency_s,2.477850
1757024003.965,latency_s,2.475930
1757024003.965,latency_s,2.468133
1757024003.965,latency_s,2.461307
1757024003.965,latency_s,2.450985
1757024003.965,latency_s,2.493549
1757024004.059,latency_s,2.541884
1757024004.059,latency_s,2.539651
1757024004.059,latency_s,2.531694
1757024004.059,latency_s,2.524827
1757024004.059,latency_s,2.524760
1757024004.060,latency_s,2.523329
1757024004.061,latency_s,2.524048
1757024004.061,latency_s,2.514121
1757024004.061,latency_s,2.559175
1757024004.061,latency_s,2.487170
1757024004.061,latency_s,2.485699
1757024004.061,latency_s,2.481303
1757024004.061,latency_s,2.480335
1757024004.061,latency_s,2.473007
1757024004.061,latency_s,2.471066
1757024004.061,latency_s,2.464355
1757024004.061,latency_s,2.457565
1757024004.154,latency_s,2.580690
1757024004.154,latency_s,2.540308
1757024004.154,latency_s,2.536780
1757024004.154,latency_s,2.533474
1757024004.155,latency_s,2.526535
1757024004.155,latency_s,2.519608
1757024004.155,latency_s,2.519773
1757024004.155,latency_s,2.517542
1757024004.156,latency_s,2.518817
1757024004.156,latency_s,2.509667
1757024004.156,latency_s,2.554179
1757024004.156,latency_s,2.482637
1757024004.157,latency_s,2.480183
1757024004.157,latency_s,2.476794
1757024004.157,latency_s,2.475253
1757024004.249,latency_s,2.559910
1757024004.250,latency_s,2.559493
1757024004.250,latency_s,2.552720
1757024004.250,latency_s,2.545903
1757024004.250,latency_s,2.575723
1757024004.250,latency_s,2.534595
1757024004.250,latency_s,2.531678
1757024004.250,latency_s,2.528767
1757024004.250,latency_s,2.521942
1757024004.250,latency_s,2.515121
1757024004.250,latency_s,2.514989
1757024004.251,latency_s,2.512074
1757024004.251,latency_s,2.511639
1757024004.251,latency_s,2.548390
1757024004.251,latency_s,2.504023
1757024004.291,latency_s,2.515541
1757024004.291,latency_s,2.513855
1757024004.345,latency_s,2.564666
1757024004.345,latency_s,2.563152
1757024004.345,latency_s,2.555414
1757024004.345,latency_s,2.554001
1757024004.345,latency_s,2.547639
1757024004.345,latency_s,2.569154
1757024004.345,latency_s,2.540832
1757024004.345,latency_s,2.528783
1757024004.345,latency_s,2.526103
1757024004.346,latency_s,2.523537
1757024004.346,latency_s,2.517204
1757024004.346,latency_s,2.510183
1757024004.346,latency_s,2.510418
1757024004.346,latency_s,2.506780
1757024004.346,latency_s,2.506061
1757024004.441,latency_s,2.638179
1757024004.441,latency_s,2.593637
1757024004.441,latency_s,2.564084
1757024004.441,latency_s,2.562525
1757024004.441,latency_s,2.560644
1757024004.441,latency_s,2.559059
1757024004.441,latency_s,2.551274
1757024004.441,latency_s,2.549257
1757024004.441,latency_s,2.543564
1757024004.441,latency_s,2.564349
1757024004.441,latency_s,2.536711
1757024004.441,latency_s,2.523953
1757024004.441,latency_s,2.521446
1757024004.441,latency_s,2.517491
1757024004.441,latency_s,2.512708
1757024004.441,latency_s,2.505883
1757024004.442,latency_s,2.505763
1757024004.535,latency_s,2.632380
1757024004.535,latency_s,2.596003
1757024004.536,latency_s,2.595127
1757024004.536,latency_s,2.588358
1757024004.536,latency_s,2.558787
1757024004.536,latency_s,2.556343
1757024004.536,latency_s,2.555396
1757024004.536,latency_s,2.552960
1757024004.536,latency_s,2.546019
1757024004.536,latency_s,2.558746
1757024004.536,latency_s,2.542476
1757024004.536,latency_s,2.538344
1757024004.536,latency_s,2.531485
1757024004.536,latency_s,2.517622
1757024004.536,latency_s,2.516271
1757024004.631,latency_s,2.604829
1757024004.631,latency_s,2.602462
1757024004.631,latency_s,2.627733
1757024004.631,latency_s,2.595561
1757024004.632,latency_s,2.595412
1757024004.632,latency_s,2.591753
1757024004.632,latency_s,2.589838
1757024004.632,latency_s,2.583487
1757024004.632,latency_s,2.554474
1757024004.632,latency_s,2.551112
1757024004.632,latency_s,2.550860
1757024004.632,latency_s,2.548744
1757024004.632,latency_s,2.552782
1757024004.632,latency_s,2.540929
1757024004.632,latency_s,2.534981
1757024004.632,latency_s,2.534139
1757024004.632,latency_s,2.527352
1757024004.727,latency_s,2.608369
1757024004.727,latency_s,2.605863
1757024004.727,latency_s,2.600139
1757024004.727,latency_s,2.623463
1757024004.728,latency_s,2.597862
1757024004.728,latency_s,2.591376
1757024004.728,latency_s,2.591238
1757024004.728,latency_s,2.584603
1757024004.728,latency_s,2.584659
1757024004.728,latency_s,2.578565
1757024004.728,latency_s,2.550157
1757024004.728,latency_s,2.546503
1757024004.728,latency_s,2.546474
1757024004.728,latency_s,2.547766
1757024004.728,latency_s,2.543492
1757024004.824,latency_s,2.632390
1757024004.824,latency_s,2.626589
1757024004.824,latency_s,2.625673
1757024004.824,latency_s,2.618704
1757024004.824,latency_s,2.605029
1757024004.824,latency_s,2.601453
1757024004.824,latency_s,2.618897
1757024004.824,latency_s,2.596590
1757024004.824,latency_s,2.593293
1757024004.824,latency_s,2.587872
1757024004.824,latency_s,2.587715
1757024004.824,latency_s,2.580689
1757024004.824,latency_s,2.579562
1757024004.824,latency_s,2.575067
1757024004.824,latency_s,2.546658
1757024004.824,latency_s,2.543073
1757024004.825,latency_s,2.542766
1757024004.921,latency_s,2.639125
1757024004.921,latency_s,2.636284
1757024004.921,latency_s,2.629480
1757024004.921,latency_s,2.622576
1757024004.921,latency_s,2.621150
1757024004.921,latency_s,2.615619
1757024004.921,latency_s,2.615840
1757024004.921,latency_s,2.601897
1757024004.921,latency_s,2.598528
1757024004.921,latency_s,2.593141
1757024004.921,latency_s,2.590269
1757024004.921,latency_s,2.584824
1757024004.921,latency_s,2.584682
1757024004.922,latency_s,2.577378
1757024004.922,latency_s,2.576601
1757024005.016,latency_s,2.666032
1757024005.017,latency_s,2.638534
1757024005.017,latency_s,2.634932
1757024005.017,latency_s,2.634529
1757024005.017,latency_s,2.634648
1757024005.017,latency_s,2.631745
1757024005.017,latency_s,2.624911
1757024005.017,latency_s,2.618030
1757024005.017,latency_s,2.610840
1757024005.017,latency_s,2.611187
1757024005.017,latency_s,2.597061
1757024005.017,latency_s,2.593849
1757024005.017,latency_s,2.588526
1757024005.017,latency_s,2.585163
1757024005.017,latency_s,2.580217
1757024005.017,latency_s,2.580100
1757024005.017,latency_s,2.571669
1757024005.112,latency_s,2.666189
1757024005.112,latency_s,2.661174
1757024005.112,latency_s,2.633636
1757024005.112,latency_s,2.630075
1757024005.112,latency_s,2.629215
1757024005.112,latency_s,2.629292
1757024005.112,latency_s,2.626349
1757024005.112,latency_s,2.619935
1757024005.112,latency_s,2.613183
1757024005.112,latency_s,2.605719
1757024005.112,latency_s,2.605623
1757024005.112,latency_s,2.591127
1757024005.113,latency_s,2.589010
1757024005.113,latency_s,2.583397
1757024005.113,latency_s,2.580568
1757024005.207,latency_s,2.670419
1757024005.208,latency_s,2.670151
1757024005.208,latency_s,2.661748
1757024005.208,latency_s,2.661657
1757024005.208,latency_s,2.656875
1757024005.303,latency_s,2.724079
1757024005.303,latency_s,2.720726
1757024005.303,latency_s,2.719331
1757024005.303,latency_s,2.718355
1757024005.303,latency_s,2.716455
1757024005.303,latency_s,2.710564
1757024005.303,latency_s,2.703678
1757024005.303,latency_s,2.902282
1757024005.303,latency_s,2.800448
1757024005.303,latency_s,2.698824
1757024005.303,latency_s,2.696423
1757024005.303,latency_s,2.695863
1757024005.306,latency_s,2.684536
1757024005.306,latency_s,2.681331
1757024005.306,latency_s,2.675848
1757024005.306,latency_s,2.673501
1757024005.306,latency_s,2.668151
1757024005.306,latency_s,2.668156
1757024005.307,latency_s,2.657833
1757024005.307,latency_s,2.657683
1757024005.307,latency_s,2.654963
1757024005.307,latency_s,2.627963
1757024005.307,latency_s,2.624513
1757024005.307,latency_s,2.623080
1757024005.307,latency_s,2.621928
1757024005.307,latency_s,2.618690
1757024005.307,latency_s,2.614286
1757024005.400,latency_s,2.700094
1757024005.400,latency_s,2.695442
1757024005.400,latency_s,2.691942
1757024005.400,latency_s,2.691757
1757024005.400,latency_s,2.677900
1757024005.402,latency_s,2.676547
1757024005.402,latency_s,2.670270
1757024005.402,latency_s,2.667848
1757024005.402,latency_s,2.662949
1757024005.402,latency_s,2.662975
1757024005.402,latency_s,2.652525
1757024005.402,latency_s,2.650209
1757024005.402,latency_s,2.623318
1757024005.496,latency_s,2.713199
1757024005.496,latency_s,2.711451
1757024005.496,latency_s,2.709996
1757024005.496,latency_s,2.707359
1757024005.496,latency_s,2.703159
1757024005.496,latency_s,2.696253
1757024005.496,latency_s,2.691407
1757024005.496,latency_s,2.687904
1757024005.496,latency_s,2.687182
1757024005.496,latency_s,2.673205
1757024005.496,latency_s,2.670206
1757024005.498,latency_s,2.665147
1757024005.498,latency_s,2.663548
1757024005.498,latency_s,2.658569
1757024005.498,latency_s,2.658417
1757024005.498,latency_s,2.648174
1757024005.498,latency_s,2.644856
1757024005.498,latency_s,2.618762
1757024005.498,latency_s,2.615245
1757024005.498,latency_s,2.612812
1757024005.498,latency_s,2.611948
1757024005.498,latency_s,2.608489
1757024005.498,latency_s,2.605267
1757024005.591,latency_s,2.691276
1757024005.593,latency_s,2.688124
1757024005.593,latency_s,2.684518
1757024005.594,latency_s,2.683269
1757024005.594,latency_s,2.670702
1757024005.594,latency_s,2.665339
1757024005.594,latency_s,2.660418
1757024005.594,latency_s,2.659477
1757024005.594,latency_s,2.654069
1757024005.594,latency_s,2.654142
1757024005.594,latency_s,2.843761
1757024005.594,latency_s,2.743481
1757024005.594,latency_s,2.643719
1757024005.594,latency_s,2.640899
1757024005.594,latency_s,2.614817
1757024005.594,latency_s,2.611324
1757024005.594,latency_s,2.607668
1757024005.594,latency_s,2.607627
1757024005.594,latency_s,2.603552
1757024005.594,latency_s,2.601120
1757024005.688,latency_s,2.686903
1757024005.688,latency_s,2.681612
1757024005.688,latency_s,2.678683
1757024005.688,latency_s,2.676582
1757024005.688,latency_s,2.663870
1757024005.689,latency_s,2.658221
1757024005.689,latency_s,2.653833
1757024005.689,latency_s,2.653531
1757024005.689,latency_s,2.647976
1757024005.689,latency_s,2.647948
1757024005.689,latency_s,2.736922
1757024005.689,latency_s,2.636795
1757024005.689,latency_s,2.634990
1757024005.783,latency_s,2.703535
1757024005.783,latency_s,2.700267
1757024005.784,latency_s,2.695139
1757024005.784,latency_s,2.694587
1757024005.785,latency_s,2.692751
1757024005.785,latency_s,2.691105
1757024005.785,latency_s,2.682562
1757024005.785,latency_s,2.677864
1757024005.785,latency_s,2.673778
1757024005.785,latency_s,2.671350
1757024005.785,latency_s,2.659999
1757024005.785,latency_s,2.654275
1757024005.785,latency_s,2.649433
1757024005.785,latency_s,2.649212
1757024005.785,latency_s,2.732677
1757024005.785,latency_s,2.643899
1757024005.785,latency_s,2.643086
1757024005.785,latency_s,2.632602
1757024005.785,latency_s,2.630197
1757024005.879,latency_s,2.699172
1757024005.879,latency_s,2.695862
1757024005.879,latency_s,2.688462
1757024005.879,latency_s,2.689111
1757024005.880,latency_s,2.686503
1757024005.880,latency_s,2.685660
1757024005.880,latency_s,2.677377
1757024005.880,latency_s,2.672804
1757024005.880,latency_s,2.668627
1757024005.880,latency_s,2.666098
1757024005.880,latency_s,2.654888
1757024005.880,latency_s,2.727540
1757024005.880,latency_s,2.648098
1757024005.976,latency_s,2.740434
1757024005.976,latency_s,2.739734
1757024005.976,latency_s,2.735164
1757024005.976,latency_s,2.734002
1757024005.976,latency_s,2.723600
1757024005.976,latency_s,2.721365
1757024005.977,latency_s,2.696214
1757024005.977,latency_s,2.692787
1757024005.977,latency_s,2.685974
1757024005.977,latency_s,2.684925
1757024005.977,latency_s,2.682458
1757024005.977,latency_s,2.682117
1757024005.977,latency_s,2.673676
1757024005.977,latency_s,2.668406
1757024005.977,latency_s,2.665253
1757024005.977,latency_s,2.661899
1757024005.977,latency_s,2.651575
1757024005.977,latency_s,2.722704
1757024005.977,latency_s,2.644514
1757024006.072,latency_s,2.735710
1757024006.072,latency_s,2.733445
1757024006.072,latency_s,2.730452
1757024006.072,latency_s,2.729201
1757024006.072,latency_s,2.717929
1757024006.072,latency_s,2.715507
1757024006.072,latency_s,2.691300
1757024006.072,latency_s,2.687913
1757024006.072,latency_s,2.680955
1757024006.072,latency_s,2.678557
1757024006.072,latency_s,2.677351
1757024006.072,latency_s,2.677362
1757024006.072,latency_s,2.668297
1757024006.072,latency_s,2.663362
1757024006.072,latency_s,2.660487
1757024006.072,latency_s,2.657047
1757024006.072,latency_s,2.715665
1757024006.073,latency_s,2.646950
1757024006.167,latency_s,2.733387
1757024006.168,latency_s,2.731553
1757024006.168,latency_s,2.728182
1757024006.168,latency_s,2.725841
1757024006.168,latency_s,2.724838
1757024006.168,latency_s,2.712102
1757024006.168,latency_s,2.710970
1757024006.168,latency_s,2.687006
1757024006.168,latency_s,2.683212
1757024006.168,latency_s,2.676653
1757024006.168,latency_s,2.674216
1757024006.168,latency_s,2.673067
1757024006.168,latency_s,2.673132
1757024006.168,latency_s,2.664054
1757024006.168,latency_s,2.658589
1757024006.168,latency_s,2.656204
1757024006.168,latency_s,2.651452
1757024006.263,latency_s,2.806052
1757024006.263,latency_s,2.737579
1757024006.263,latency_s,2.729076
1757024006.263,latency_s,2.723826
1757024006.263,latency_s,2.720301
1757024006.264,latency_s,2.719985
1757024006.264,latency_s,2.706440
1757024006.264,latency_s,2.706466
1757024006.264,latency_s,2.682540
1757024006.264,latency_s,2.678626
1757024006.264,latency_s,2.671189
1757024006.264,latency_s,2.668793
1757024006.264,latency_s,2.668748
1757024006.264,latency_s,2.668571
1757024006.264,latency_s,2.659015
1757024006.359,latency_s,2.748485
1757024006.359,latency_s,2.801471
1757024006.359,latency_s,2.746708
1757024006.359,latency_s,2.741955
1757024006.359,latency_s,2.733166
1757024006.359,latency_s,2.722480
1757024006.359,latency_s,2.717814
1757024006.359,latency_s,2.715011
1757024006.359,latency_s,2.715084
1757024006.359,latency_s,2.702144
1757024006.359,latency_s,2.701765
1757024006.359,latency_s,2.678201
1757024006.360,latency_s,2.673766
1757024006.360,latency_s,2.666370
1757024006.360,latency_s,2.664434
1757024006.360,latency_s,2.663383
1757024006.360,latency_s,2.663579
1757024006.454,latency_s,2.748938
1757024006.455,latency_s,2.796538
1757024006.455,latency_s,2.743216
1757024006.455,latency_s,2.742160
1757024006.455,latency_s,2.736960
1757024006.455,latency_s,2.728602
1757024006.455,latency_s,2.717297
1757024006.455,latency_s,2.918807
1757024006.455,latency_s,2.818645
1757024006.455,latency_s,2.718049
1757024006.455,latency_s,2.712517
1757024006.455,latency_s,2.710053
1757024006.455,latency_s,2.710064
1757024006.455,latency_s,2.697756
1757024006.455,latency_s,2.696704
1757024006.550,latency_s,2.767964
1757024006.550,latency_s,2.763226
1757024006.550,latency_s,2.756247
1757024006.550,latency_s,2.754436
1757024006.550,latency_s,2.752974
1757024006.550,latency_s,2.752921
1757024006.550,latency_s,2.791521
1757024006.550,latency_s,2.744212
1757024006.550,latency_s,2.737456
1757024006.550,latency_s,2.737026
1757024006.550,latency_s,2.730651
1757024006.550,latency_s,2.723809
1757024006.550,latency_s,2.711972
1757024006.550,latency_s,2.711700
1757024006.551,latency_s,2.706697
1757024006.551,latency_s,2.705248
1757024006.551,latency_s,2.705157
1757024006.645,latency_s,2.786830
1757024006.645,latency_s,2.785467
1757024006.645,latency_s,2.762925
1757024006.645,latency_s,2.757962
1757024006.645,latency_s,2.750236
1757024006.645,latency_s,2.749289
1757024006.645,latency_s,2.745485
1757024006.645,latency_s,2.785579
1757024006.645,latency_s,2.745802
1757024006.645,latency_s,2.739110
1757024006.645,latency_s,2.732092
1757024006.645,latency_s,2.731710
1757024006.645,latency_s,2.723812
1757024006.645,latency_s,2.718634
1757024006.836,latency_s,2.897291
1757024006.836,latency_s,2.897130
1757024006.836,latency_s,2.890944
1757024006.836,latency_s,2.890199
1757024006.836,latency_s,2.890215
1757024006.836,latency_s,2.878325
1757024006.836,latency_s,2.875942
1757024006.836,latency_s,2.854313
1757024006.836,latency_s,2.848949
1757024006.836,latency_s,2.876029
1757024006.836,latency_s,2.841078
1757024006.837,latency_s,2.840595
1757024006.837,latency_s,2.836590
1757024006.837,latency_s,2.836719
1757024006.837,latency_s,2.830389
1757024006.837,latency_s,2.821973
1757024006.837,latency_s,2.821712
1757024006.837,latency_s,2.815114
1757024006.837,latency_s,2.809808
1757024006.837,latency_s,2.797538
1757024006.837,latency_s,2.797465
1757024006.837,latency_s,2.791118
1757024006.837,latency_s,2.790109
1757024006.837,latency_s,2.790047
1757024006.837,latency_s,2.778859
1757024006.837,latency_s,2.775352
1757024006.837,latency_s,2.754664
1757024006.837,latency_s,2.749420
1757024006.837,latency_s,2.775454
1757024006.837,latency_s,2.741506
1757024006.837,latency_s,2.741062
1757024006.837,latency_s,2.736907
1757024006.932,latency_s,2.832045
1757024006.933,latency_s,2.826080
1757024006.933,latency_s,2.817728
1757024006.933,latency_s,2.810562
1757024006.933,latency_s,2.805551
1757024006.933,latency_s,2.793178
1757024006.933,latency_s,2.792965
1757024006.933,latency_s,2.785860
1757024006.933,latency_s,2.785758
1757024006.933,latency_s,2.785808
1757024006.933,latency_s,2.774617
1757024006.933,latency_s,2.770359
1757024006.973,latency_s,2.789922
1757024006.973,latency_s,2.810039
1757024006.973,latency_s,2.784437
1757024007.028,latency_s,2.831506
1757024007.028,latency_s,2.832068
1757024007.029,latency_s,2.826964
1757024007.029,latency_s,2.823334
1757024007.029,latency_s,2.821370
1757024007.029,latency_s,2.813077
1757024007.029,latency_s,2.806183
1757024007.029,latency_s,2.801201
1757024007.029,latency_s,2.788491
1757024007.029,latency_s,2.788154
1757024007.029,latency_s,2.779710
1757024007.029,latency_s,2.779942
1757024007.029,latency_s,2.780063
1757024007.029,latency_s,2.770298
1757024007.029,latency_s,2.765075
1757024007.029,latency_s,2.765441
1757024007.029,latency_s,2.746184
1757024007.123,latency_s,2.833253
1757024007.123,latency_s,2.826541
1757024007.123,latency_s,2.826192
1757024007.123,latency_s,2.821696
1757024007.124,latency_s,2.816534
1757024007.124,latency_s,2.816101
1757024007.124,latency_s,2.807893
1757024007.124,latency_s,3.008007
1757024007.124,latency_s,2.800340
1757024007.124,latency_s,2.906764
1757024007.124,latency_s,2.806397
1757024007.124,latency_s,2.796147
1757024007.124,latency_s,2.782434
1757024007.124,latency_s,2.782326
1757024007.124,latency_s,2.774668
1757024007.220,latency_s,2.869840
1757024007.220,latency_s,2.869356
1757024007.220,latency_s,2.860986
1757024007.220,latency_s,2.855769
1757024007.220,latency_s,2.856146
1757024007.220,latency_s,2.836863
1757024007.220,latency_s,2.830102
1757024007.220,latency_s,2.823086
1757024007.220,latency_s,2.822902
1757024007.220,latency_s,2.817889
1757024007.220,latency_s,2.812955
1757024007.220,latency_s,2.812544
1757024007.220,latency_s,2.803656
1757024007.220,latency_s,2.802676
1757024007.221,latency_s,2.795455
1757024007.314,latency_s,2.886518
1757024007.315,latency_s,2.871799
1757024007.315,latency_s,2.871900
1757024007.315,latency_s,2.864502
1757024007.315,latency_s,2.864124
1757024007.315,latency_s,2.863821
1757024007.315,latency_s,2.855804
1757024007.315,latency_s,2.850196
1757024007.315,latency_s,2.850513
1757024007.315,latency_s,2.831693
1757024007.315,latency_s,2.824936
1757024007.315,latency_s,2.818007
1757024007.315,latency_s,2.817768
1757024007.315,latency_s,2.812124
1757024007.315,latency_s,2.807530
1757024007.315,latency_s,2.807186
1757024007.315,latency_s,2.797501
1757024007.410,latency_s,2.891911
1757024007.411,latency_s,2.884723
1757024007.411,latency_s,2.866984
1757024007.411,latency_s,2.866047
1757024007.411,latency_s,2.860127
1757024007.411,latency_s,2.859698
1757024007.411,latency_s,2.859114
1757024007.411,latency_s,2.850906
1757024007.411,latency_s,2.845233
1757024007.411,latency_s,2.845525
1757024007.411,latency_s,2.827222
1757024007.411,latency_s,2.820420
1757024007.411,latency_s,2.813338
1757024007.411,latency_s,2.807607
1757024007.411,latency_s,2.803154
1757024007.506,latency_s,2.897300
1757024007.506,latency_s,2.887528
1757024007.506,latency_s,2.886965
1757024007.506,latency_s,2.878642
1757024007.506,latency_s,2.862434
1757024007.506,latency_s,2.861424
1757024007.506,latency_s,2.855199
1757024007.506,latency_s,2.855207
1757024007.507,latency_s,2.854505
1757024007.507,latency_s,2.846321
1757024007.507,latency_s,2.840728
1757024007.507,latency_s,2.840931
1757024007.507,latency_s,2.822754
1757024007.507,latency_s,2.815918
1757024007.507,latency_s,2.808843
1757024007.507,latency_s,2.803129
1757024007.507,latency_s,2.798430
1757024007.601,latency_s,2.892308
1757024007.601,latency_s,2.881268
1757024007.601,latency_s,2.880943
1757024007.601,latency_s,2.872581
1757024007.602,latency_s,3.073254
1757024007.602,latency_s,2.973023
1757024007.602,latency_s,2.872799
1757024007.602,latency_s,2.857045
1757024007.602,latency_s,2.855437
1757024007.602,latency_s,2.850164
1757024007.602,latency_s,2.850121
1757024007.602,latency_s,2.849648
1757024007.602,latency_s,2.840960
1757024007.602,latency_s,2.834970
1757024007.602,latency_s,2.835093
1757024007.696,latency_s,2.911899
1757024007.696,latency_s,2.905113
1757024007.696,latency_s,3.098888
1757024007.696,latency_s,2.998788
1757024007.697,latency_s,2.898775
1757024007.697,latency_s,2.892598
1757024007.697,latency_s,2.888461
1757024007.697,latency_s,2.888130
1757024007.697,latency_s,2.876602
1757024007.697,latency_s,2.876092
1757024007.697,latency_s,2.868082
1757024007.697,latency_s,2.867721
1757024007.697,latency_s,2.852481
1757024007.697,latency_s,2.850897
1757024007.697,latency_s,2.844990
1757024007.697,latency_s,2.844066
1757024007.697,latency_s,2.844033
1757024007.792,latency_s,2.930832
1757024007.792,latency_s,2.924955
1757024007.792,latency_s,2.924978
1757024007.792,latency_s,2.907560
1757024007.792,latency_s,2.994260
1757024007.792,latency_s,2.895919
1757024007.792,latency_s,2.893089
1757024007.792,latency_s,2.887197
1757024007.792,latency_s,2.883606
1757024007.793,latency_s,2.883237
1757024007.793,latency_s,2.869852
1757024007.793,latency_s,2.868546
1757024007.793,latency_s,2.863186
1757024007.793,latency_s,2.862197
1757024007.793,latency_s,2.847843
1757024007.889,latency_s,2.942082
1757024007.889,latency_s,2.936273
1757024007.889,latency_s,2.935344
1757024007.889,latency_s,2.935397
1757024007.889,latency_s,2.926530
1757024007.889,latency_s,2.921655
1757024007.889,latency_s,2.921703
1757024007.889,latency_s,2.902876
1757024007.889,latency_s,2.989852
1757024007.889,latency_s,2.892529
1757024007.889,latency_s,2.889159
1757024007.889,latency_s,2.883280
1757024007.889,latency_s,2.878809
1757024007.983,latency_s,2.972909
1757024007.984,latency_s,2.959774
1757024007.984,latency_s,2.958770
1757024007.984,latency_s,2.953940
1757024008.079,latency_s,3.047779
1757024008.079,latency_s,3.033687
1757024008.079,latency_s,3.031649
1757024008.079,latency_s,3.025342
1757024008.079,latency_s,3.025325
1757024008.079,latency_s,3.024663
1757024008.079,latency_s,3.016574
1757024008.079,latency_s,3.011506
1757024008.079,latency_s,3.011596
1757024008.079,latency_s,3.079238
1757024008.079,latency_s,2.988460
1757024008.079,latency_s,2.981705
1757024008.080,latency_s,2.979229
1757024008.080,latency_s,2.973220
1757024008.080,latency_s,2.968912
1757024008.080,latency_s,2.968907
1757024008.080,latency_s,2.954078
1757024008.080,latency_s,2.953397
1757024008.080,latency_s,2.949801
1757024008.080,latency_s,2.948513
1757024008.080,latency_s,2.934350
1757024008.080,latency_s,2.931771
1757024008.080,latency_s,2.925983
1757024008.080,latency_s,2.925617
1757024008.080,latency_s,2.925285
1757024008.175,latency_s,3.011169
1757024008.175,latency_s,3.006873
1757024008.175,latency_s,3.006348
1757024008.175,latency_s,3.074575
1757024008.175,latency_s,2.982733
1757024008.175,latency_s,2.975828
1757024008.175,latency_s,2.973995
1757024008.175,latency_s,2.967192
1757024008.175,latency_s,2.963745
1757024008.175,latency_s,2.962255
1757024008.175,latency_s,2.949407
1757024008.175,latency_s,2.948684
1757024008.175,latency_s,2.945091
1757024008.175,latency_s,2.943038
1757024008.175,latency_s,2.928632
1757024008.175,latency_s,2.926265
1757024008.176,latency_s,2.921136
1757024008.270,latency_s,3.015375
1757024008.270,latency_s,3.014304
1757024008.270,latency_s,3.006641
1757024008.270,latency_s,3.002148
1757024008.271,latency_s,3.000801
1757024008.271,latency_s,3.069519
1757024008.271,latency_s,2.977089
1757024008.271,latency_s,2.971318
1757024008.271,latency_s,2.968893
1757024008.271,latency_s,2.962625
1757024008.271,latency_s,2.959190
1757024008.271,latency_s,2.957662
1757024008.271,latency_s,2.943832
1757024008.271,latency_s,2.943863
1757024008.271,latency_s,2.940669
1757024008.366,latency_s,3.032892
1757024008.366,latency_s,3.018245
1757024008.366,latency_s,3.016470
1757024008.366,latency_s,3.010471
1757024008.366,latency_s,3.010509
1757024008.366,latency_s,3.009380
1757024008.366,latency_s,3.002211
1757024008.366,latency_s,3.064291
1757024008.366,latency_s,2.997571
1757024008.366,latency_s,2.995508
1757024008.366,latency_s,2.970785
1757024008.366,latency_s,2.966739
1757024008.366,latency_s,2.964369
1757024008.366,latency_s,2.957900
1757024008.366,latency_s,2.954056
1757024008.367,latency_s,2.953022
1757024008.367,latency_s,2.939001
1757024008.462,latency_s,3.033064
1757024008.462,latency_s,3.027489
1757024008.462,latency_s,3.013758
1757024008.462,latency_s,3.011863
1757024008.462,latency_s,3.005435
1757024008.462,latency_s,3.005462
1757024008.462,latency_s,3.003516
1757024008.462,latency_s,2.997653
1757024008.462,latency_s,3.059711
1757024008.462,latency_s,2.992358
1757024008.462,latency_s,2.989899
1757024008.462,latency_s,2.965764
1757024008.462,latency_s,2.960264
1757024008.462,latency_s,2.958907
1757024008.556,latency_s,3.047587
1757024008.556,latency_s,3.042796
1757024008.557,latency_s,3.040406
1757024008.557,latency_s,3.027583
1757024008.557,latency_s,3.026633
1757024008.557,latency_s,3.020848
1757024008.557,latency_s,3.008634
1757024008.557,latency_s,3.006163
1757024008.557,latency_s,3.000274
1757024008.557,latency_s,3.000095
1757024008.557,latency_s,2.998310
1757024008.557,latency_s,3.053522
1757024008.557,latency_s,2.991666
1757024008.598,latency_s,3.027778
1757024008.599,latency_s,3.026091
1757024008.599,latency_s,3.001408
1757024008.599,latency_s,2.995037
1757024008.599,latency_s,2.995066
1757024008.651,latency_s,3.042276
1757024008.652,latency_s,3.037962
1757024008.652,latency_s,3.034516
1757024008.652,latency_s,3.022780
1757024008.652,latency_s,3.021403
1757024008.652,latency_s,3.015610
1757024008.652,latency_s,3.003784
1757024008.652,latency_s,3.001193
1757024008.652,latency_s,3.048592
1757024008.653,latency_s,2.995302
1757024008.653,latency_s,2.995378
1757024008.653,latency_s,2.993779
1757024008.653,latency_s,2.987026
1757024008.653,latency_s,2.981044
1757024008.746,latency_s,3.073461
1757024008.746,latency_s,3.315604
1757024008.746,latency_s,3.215348
1757024008.747,latency_s,3.115369
1757024008.748,latency_s,3.045811
1757024008.748,latency_s,3.043977
1757024008.748,latency_s,3.043777
1757024008.748,latency_s,3.038629
1757024008.748,latency_s,3.033717
1757024008.748,latency_s,3.030239
1757024008.748,latency_s,3.016255
1757024008.748,latency_s,3.015813
1757024008.748,latency_s,3.010532
1757024008.748,latency_s,2.999343
1757024008.748,latency_s,2.996650
1757024008.748,latency_s,3.044022
1757024008.748,latency_s,2.990586
1757024008.748,latency_s,2.990446
1757024008.842,latency_s,3.083136
1757024008.843,latency_s,3.076612
1757024008.843,latency_s,3.111199
1757024008.843,latency_s,3.069691
1757024008.843,latency_s,3.069584
1757024008.843,latency_s,3.040206
1757024008.843,latency_s,3.038756
1757024008.843,latency_s,3.038581
1757024008.843,latency_s,3.032708
1757024008.843,latency_s,3.028441
1757024008.843,latency_s,3.023259
1757024008.843,latency_s,3.010160
1757024008.843,latency_s,3.009161
1757024008.843,latency_s,3.005377
1757024009.033,latency_s,3.228687
1757024009.034,latency_s,3.184656
1757024009.034,latency_s,3.181214
1757024009.034,latency_s,3.175369
1757024009.034,latency_s,3.175431
1757024009.034,latency_s,3.174216
1757024009.034,latency_s,3.167629
1757024009.034,latency_s,3.202199
1757024009.034,latency_s,3.160440
1757024009.034,latency_s,3.160472
1757024009.034,latency_s,3.130564
1757024009.034,latency_s,3.129766
1757024009.034,latency_s,3.129450
1757024009.034,latency_s,3.123766
1757024009.034,latency_s,3.118463
1757024009.034,latency_s,3.113526
1757024009.034,latency_s,3.099808
1757024009.034,latency_s,3.097487
1757024009.034,latency_s,3.095409
1757024009.036,latency_s,3.130907
1757024009.036,latency_s,3.087007
1757024009.036,latency_s,3.081684
1757024009.036,latency_s,3.076694
1757024009.036,latency_s,3.076599
1757024009.036,latency_s,3.076571
1757024009.036,latency_s,3.104492
1757024009.037,latency_s,3.069832
1757024009.037,latency_s,3.061014
1757024009.037,latency_s,3.060631
1757024009.037,latency_s,3.032014
1757024009.037,latency_s,3.031587
1757024009.037,latency_s,3.032100
1757024009.129,latency_s,3.117143
1757024009.130,latency_s,3.111187
1757024009.130,latency_s,3.108746
1757024009.130,latency_s,3.095221
1757024009.130,latency_s,3.092726
1757024009.130,latency_s,3.124572
1757024009.130,latency_s,3.090591
1757024009.130,latency_s,3.080732
1757024009.131,latency_s,3.075644
1757024009.131,latency_s,3.099222
1757024009.132,latency_s,3.070563
1757024009.132,latency_s,3.070585
1757024009.132,latency_s,3.070571
1757024009.132,latency_s,3.064735
1757024009.132,latency_s,3.055442
1757024009.132,latency_s,3.052942
1757024009.132,latency_s,3.026853
1757024009.132,latency_s,3.026672
1757024009.226,latency_s,3.120561
1757024009.227,latency_s,3.114431
1757024009.227,latency_s,3.106442
1757024009.227,latency_s,3.104469
1757024009.227,latency_s,3.120745
1757024009.227,latency_s,3.090679
1757024009.227,latency_s,3.088322
1757024009.227,latency_s,3.085872
1757024009.227,latency_s,3.077064
1757024009.227,latency_s,3.090795
1757024009.227,latency_s,3.070293
1757024009.269,latency_s,3.107503
1757024009.269,latency_s,3.107658
1757024009.269,latency_s,3.107541
1757024009.269,latency_s,3.101699
1757024009.321,latency_s,3.143661
1757024009.322,latency_s,3.143219
1757024009.322,latency_s,3.117067
1757024009.322,latency_s,3.117208
1757024009.323,latency_s,3.116516
1757024009.323,latency_s,3.108783
1757024009.323,latency_s,3.102080
1757024009.323,latency_s,3.098652
1757024009.323,latency_s,3.116572
1757024009.323,latency_s,3.086309
1757024009.323,latency_s,3.082922
1757024009.323,latency_s,3.081491
1757024009.323,latency_s,3.086499
1757024009.323,latency_s,3.072702
1757024009.323,latency_s,3.065499
1757024009.323,latency_s,3.059835
1757024009.323,latency_s,3.057442
1757024009.418,latency_s,3.152458
1757024009.418,latency_s,3.150757
1757024009.418,latency_s,3.140241
1757024009.418,latency_s,3.138536
1757024009.418,latency_s,3.111304
1757024009.418,latency_s,3.111343
1757024009.418,latency_s,3.110586
1757024009.418,latency_s,3.104471
1757024009.419,latency_s,3.097197
1757024009.419,latency_s,3.094131
1757024009.419,latency_s,3.111396
1757024009.419,latency_s,3.082023
1757024009.419,latency_s,3.078550
1757024009.419,latency_s,3.077347
1757024009.419,latency_s,3.081812
1757024009.514,latency_s,3.162091
1757024009.514,latency_s,3.154913
1757024009.514,latency_s,3.149300
1757024009.514,latency_s,3.147906
1757024009.514,latency_s,3.148050
1757024009.514,latency_s,3.146211
1757024009.514,latency_s,3.132342
1757024009.514,latency_s,3.131941
1757024009.514,latency_s,3.106638
1757024009.514,latency_s,3.106755
1757024009.514,latency_s,3.105838
1757024009.514,latency_s,3.099487
1757024009.514,latency_s,3.106475
1757024009.609,latency_s,3.186863
1757024009.609,latency_s,3.182472
1757024009.609,latency_s,3.172319
1757024009.609,latency_s,3.171879
1757024009.609,latency_s,3.167513
1757024009.609,latency_s,3.167407
1757024009.609,latency_s,3.157798
1757024009.610,latency_s,3.150218
1757024009.610,latency_s,3.144031
1757024009.610,latency_s,3.143552
1757024009.610,latency_s,3.143617
1757024009.610,latency_s,3.141613
1757024009.610,latency_s,3.126261
1757024009.610,latency_s,3.124392
1757024009.610,latency_s,3.102118
1757024009.610,latency_s,3.101827
1757024009.610,latency_s,3.101254
1757024009.610,latency_s,3.101996
1757024009.704,latency_s,3.186979
1757024009.704,latency_s,3.182059
1757024009.705,latency_s,3.176786
1757024009.705,latency_s,3.167400
1757024009.705,latency_s,3.167071
1757024009.705,latency_s,3.162493
1757024009.705,latency_s,3.162540
1757024009.705,latency_s,3.152429
1757024009.705,latency_s,3.145048
1757024009.705,latency_s,3.138495
1757024009.705,latency_s,3.138503
1757024009.705,latency_s,3.138459
1757024009.705,latency_s,3.135831
1757024009.705,latency_s,3.121342
1757024009.799,latency_s,3.210844
1757024009.799,latency_s,3.190839
1757024009.799,latency_s,3.190543
1757024009.799,latency_s,3.190065
1757024009.799,latency_s,3.190838
1757024009.799,latency_s,3.182069
1757024009.799,latency_s,3.176459
1757024009.799,latency_s,3.170325
1757024009.799,latency_s,3.161578
1757024009.799,latency_s,3.160211
1757024009.799,latency_s,3.154743
1757024009.799,latency_s,3.154780
1757024009.799,latency_s,3.146099
1757024009.799,latency_s,3.139245
1757024009.799,latency_s,3.131648
1757024009.799,latency_s,3.131593
1757024009.799,latency_s,3.131776
1757024009.799,latency_s,3.129429
1757024009.895,latency_s,3.211062
1757024009.896,latency_s,3.207210
1757024009.896,latency_s,3.187360
1757024009.896,latency_s,3.187057
1757024009.896,latency_s,3.187105
1757024009.896,latency_s,3.186660
1757024009.896,latency_s,3.178296
1757024009.896,latency_s,3.172863
1757024009.896,latency_s,3.166970
1757024009.896,latency_s,3.158054
1757024009.896,latency_s,3.156707
1757024009.896,latency_s,3.151316
1757024009.896,latency_s,3.150299
1757024009.896,latency_s,3.142586
1757024009.991,latency_s,3.230561
1757024009.992,latency_s,3.222839
1757024009.992,latency_s,3.222858
1757024009.992,latency_s,3.222926
1757024009.992,latency_s,3.221481
1757024009.992,latency_s,3.207166
1757024009.992,latency_s,3.203150
1757024009.992,latency_s,3.181486
1757024009.992,latency_s,3.181256
1757024009.992,latency_s,3.181618
1757024009.992,latency_s,3.181393
1757024009.992,latency_s,3.172701
1757024009.992,latency_s,3.166452
1757024009.992,latency_s,3.162473
1757024010.087,latency_s,3.249124
1757024010.088,latency_s,3.247625
1757024010.088,latency_s,3.242634
1757024010.088,latency_s,3.241088
1757024010.088,latency_s,3.233297
1757024010.088,latency_s,3.225556
1757024010.088,latency_s,3.217211
1757024010.088,latency_s,3.217664
1757024010.088,latency_s,3.217728
1757024010.088,latency_s,3.217194
1757024010.088,latency_s,3.202517
1757024010.088,latency_s,3.199060
1757024010.088,latency_s,3.177409
1757024010.088,latency_s,3.177259
1757024010.088,latency_s,3.177192
1757024010.088,latency_s,3.176986
1757024010.088,latency_s,3.168101
1757024010.183,latency_s,3.257324
1757024010.183,latency_s,3.253057
1757024010.183,latency_s,3.243650
1757024010.183,latency_s,3.243282
1757024010.183,latency_s,3.237798
1757024010.184,latency_s,3.235961
1757024010.278,latency_s,3.322588
1757024010.278,latency_s,3.315722
1757024010.278,latency_s,3.306912
1757024010.278,latency_s,3.307515
1757024010.278,latency_s,3.307402
1757024010.278,latency_s,3.307555
1757024010.278,latency_s,3.291305
1757024010.278,latency_s,3.289400
1757024010.278,latency_s,3.267724
1757024010.281,latency_s,3.269742
1757024010.281,latency_s,3.268666
1757024010.281,latency_s,3.268739
1757024010.281,latency_s,3.256335
1757024010.281,latency_s,3.254534
1757024010.281,latency_s,3.250589
1757024010.281,latency_s,3.240199
1757024010.281,latency_s,3.239987
1757024010.281,latency_s,3.234885
1757024010.281,latency_s,3.232437
1757024010.281,latency_s,3.225583
1757024010.281,latency_s,3.217321
1757024010.282,latency_s,3.210466
1757024010.282,latency_s,3.210012
1757024010.282,latency_s,3.209943
1757024010.282,latency_s,3.209747
1757024010.282,latency_s,3.193888
1757024010.373,latency_s,3.282865
1757024010.373,latency_s,3.261763
1757024010.373,latency_s,3.261794
1757024010.373,latency_s,3.260990
1757024010.373,latency_s,3.261028
1757024010.374,latency_s,3.247092
1757024010.378,latency_s,3.250288
1757024010.378,latency_s,3.246250
1757024010.378,latency_s,3.235812
1757024010.378,latency_s,3.236046
1757024010.469,latency_s,3.319806
1757024010.469,latency_s,3.319534
1757024010.469,latency_s,3.313184
1757024010.469,latency_s,3.304670
1757024010.469,latency_s,3.297419
1757024010.469,latency_s,3.297287
1757024010.469,latency_s,3.297375
1757024010.469,latency_s,3.297075
1757024010.469,latency_s,3.279828
1757024010.469,latency_s,3.278889
1757024010.469,latency_s,3.257175
1757024010.469,latency_s,3.256764
1757024010.469,latency_s,3.256782
1757024010.469,latency_s,3.256491
1757024010.470,latency_s,3.242227
1757024010.473,latency_s,3.244920
1757024010.474,latency_s,3.239617
1757024010.474,latency_s,3.231299
1757024010.474,latency_s,3.231123
1757024010.474,latency_s,3.222924
1757024010.474,latency_s,3.222893
1757024010.474,latency_s,3.217569
1757024010.474,latency_s,3.206219
1757024010.474,latency_s,3.201462
1757024010.564,latency_s,3.291722
1757024010.565,latency_s,3.291468
1757024010.565,latency_s,3.291623
1757024010.565,latency_s,3.274840
1757024010.569,latency_s,3.278580
1757024010.569,latency_s,3.256384
1757024010.569,latency_s,3.256337
1757024010.569,latency_s,3.256396
1757024010.569,latency_s,3.255629
1757024010.570,latency_s,3.240809
1757024010.570,latency_s,3.240057
1757024010.570,latency_s,3.235051
1757024010.570,latency_s,3.227271
1757024010.570,latency_s,3.227031
1757024010.570,latency_s,3.217941
1757024010.665,latency_s,3.311805
1757024010.665,latency_s,3.308457
1757024010.665,latency_s,3.297012
1757024010.665,latency_s,3.292213
1757024010.665,latency_s,3.292056
1757024010.665,latency_s,3.291259
1757024010.665,latency_s,3.291358
1757024010.665,latency_s,3.274110
1757024010.665,latency_s,3.274147
1757024010.666,latency_s,3.252603
1757024010.666,latency_s,3.252375
1757024010.666,latency_s,3.251548
1757024010.666,latency_s,3.252035
1757024010.666,latency_s,3.236252
1757024010.666,latency_s,3.235315
1757024010.666,latency_s,3.228897
1757024010.666,latency_s,3.223446
1757024010.666,latency_s,3.223254
1757024010.666,latency_s,3.212873
1757024010.666,latency_s,3.213223
1757024010.667,latency_s,3.210052
1757024010.760,latency_s,3.287523
1757024010.760,latency_s,3.287185
1757024010.760,latency_s,3.287047
1757024010.760,latency_s,3.286249
1757024010.760,latency_s,3.286271
1757024010.760,latency_s,3.269111
1757024010.760,latency_s,3.269166
1757024010.761,latency_s,3.247028
1757024010.761,latency_s,3.247140
1757024010.761,latency_s,3.246791
1757024010.761,latency_s,3.246387
1757024010.762,latency_s,3.231263
1757024010.762,latency_s,3.230442
1757024010.856,latency_s,3.318461
1757024010.856,latency_s,3.312139
1757024010.856,latency_s,3.312163
1757024010.856,latency_s,3.302017
1757024010.856,latency_s,3.302058
1757024010.856,latency_s,3.299620
1757024010.857,latency_s,3.283388
1757024010.857,latency_s,3.283227
1757024010.857,latency_s,3.283041
1757024010.857,latency_s,3.282455
1757024010.857,latency_s,3.282537
1757024010.857,latency_s,3.265448
1757024010.857,latency_s,3.265137
1757024010.857,latency_s,3.242258
1757024010.857,latency_s,3.242250
1757024010.857,latency_s,3.242236
1757024010.857,latency_s,3.241857
1757024010.857,latency_s,3.224462
1757024010.857,latency_s,3.222611
1757024010.857,latency_s,3.218842
1757024010.857,latency_s,3.212231
1757024010.857,latency_s,3.212210
1757024010.857,latency_s,3.202097
1757024010.857,latency_s,3.201120
1757024010.857,latency_s,3.200232
1757024010.857,latency_s,3.183980
1757024010.857,latency_s,3.183771
1757024010.898,latency_s,3.223751
1757024010.898,latency_s,3.223288
1757024010.898,latency_s,3.223229
1757024010.952,latency_s,3.260127
1757024010.952,latency_s,3.259994
1757024010.952,latency_s,3.237089
1757024010.952,latency_s,3.237159
1757024010.953,latency_s,3.237432
1757024010.953,latency_s,3.237221
1757024010.953,latency_s,3.219882
1757024010.953,latency_s,3.218361
1757024010.953,latency_s,3.213953
1757024010.953,latency_s,3.208167
1757024010.953,latency_s,3.207759
1757024010.953,latency_s,3.198051
1757024010.953,latency_s,3.197094
1757024010.953,latency_s,3.196196
1757024010.953,latency_s,3.178700
1757024010.954,latency_s,3.178924
1757024010.954,latency_s,3.179001
1757024011.034,latency_s,3.259304
1757024011.034,latency_s,3.258802
1757024011.034,latency_s,3.242422
1757024011.034,latency_s,3.242267
1757024011.034,latency_s,3.218385
1757024011.035,latency_s,3.218403
1757024011.035,latency_s,3.218132
1757024011.035,latency_s,3.218104
1757024011.035,latency_s,3.201387
1757024011.050,latency_s,3.214943
1757024011.050,latency_s,3.211071
1757024011.050,latency_s,3.204738
1757024011.050,latency_s,3.204414
1757024011.050,latency_s,3.194269
1757024011.051,latency_s,3.193899
1757024011.051,latency_s,3.193116
1757024011.051,latency_s,3.175804
1757024011.051,latency_s,3.175534
1757024011.051,latency_s,3.175553
1757024011.130,latency_s,3.254283
1757024011.130,latency_s,3.254037
1757024011.130,latency_s,3.237822
1757024011.130,latency_s,3.237647
1757024011.147,latency_s,3.230464
1757024011.147,latency_s,3.230565
1757024011.147,latency_s,3.230191
1757024011.147,latency_s,3.230053
1757024011.147,latency_s,3.211121
1757024011.147,latency_s,3.211704
1757024011.147,latency_s,3.207027
1757024011.147,latency_s,3.200758
1757024011.147,latency_s,3.200407
1757024011.147,latency_s,3.190427
1757024011.147,latency_s,3.189473
1757024011.147,latency_s,3.189469
1757024011.147,latency_s,3.172318
1757024011.147,latency_s,3.171689
1757024011.147,latency_s,3.171765
1757024011.147,latency_s,3.171364
1757024011.225,latency_s,3.249295
1757024011.225,latency_s,3.233015
1757024011.225,latency_s,3.232852
1757024011.225,latency_s,3.208873
1757024011.225,latency_s,3.208808
1757024011.225,latency_s,3.208637
1757024011.226,latency_s,3.208134
1757024011.226,latency_s,3.189278
1757024011.226,latency_s,3.188867
1757024011.226,latency_s,3.184050
1757024011.226,latency_s,3.179001
1757024011.226,latency_s,3.178700
1757024011.243,latency_s,3.185302
1757024011.243,latency_s,3.185347
1757024011.322,latency_s,3.263152
1757024011.322,latency_s,3.246479
1757024011.322,latency_s,3.246005
1757024011.322,latency_s,3.245677
1757024011.322,latency_s,3.245374
1757024011.322,latency_s,3.246070
1757024011.322,latency_s,3.229416
1757024011.322,latency_s,3.229176
1757024011.322,latency_s,3.205135
1757024011.322,latency_s,3.204980
1757024011.322,latency_s,3.204992
1757024011.322,latency_s,3.204423
1757024011.322,latency_s,3.184590
1757024011.322,latency_s,3.184581
1757024011.322,latency_s,3.180212
1757024011.322,latency_s,3.174343
1757024011.322,latency_s,3.174372
1757024011.339,latency_s,3.180769
1757024011.339,latency_s,3.180392
1757024011.339,latency_s,3.180504
1757024011.339,latency_s,3.163712
1757024011.339,latency_s,3.163274
1757024011.339,latency_s,3.163117
1757024011.339,latency_s,3.162991
1757024011.340,latency_s,3.161995
1757024011.340,latency_s,3.146992
1757024011.340,latency_s,3.146827
1757024011.462,latency_s,3.244852
1757024011.462,latency_s,3.244649
1757024011.462,latency_s,3.244728
1757024011.462,latency_s,3.243319
1757024011.462,latency_s,3.224291
1757024011.462,latency_s,3.223476
1757024011.462,latency_s,3.218734
1757024011.462,latency_s,3.214226
1757024011.462,latency_s,3.212176
1757024011.462,latency_s,3.203990
1757024011.463,latency_s,3.201986
1757024011.463,latency_s,3.202030
1757024011.463,latency_s,3.186860
1757024011.463,latency_s,3.186494
1757024011.463,latency_s,3.186137
1757024011.463,latency_s,3.186361
1757024011.474,latency_s,3.196162
1757024011.475,latency_s,3.181566
1757024011.475,latency_s,3.181377
1757024011.475,latency_s,3.157267
1757024011.475,latency_s,3.157016
1757024011.475,latency_s,3.157184
1757024011.531,latency_s,3.211554
1757024011.534,latency_s,3.194427
1757024011.534,latency_s,3.193553
1757024011.534,latency_s,3.190216
1757024011.534,latency_s,3.185808
1757024011.534,latency_s,3.183320
1757024011.534,latency_s,3.175407
1757024011.534,latency_s,3.173037
1757024011.534,latency_s,3.173085
1757024011.534,latency_s,3.158445
1757024011.570,latency_s,3.194046
1757024011.570,latency_s,3.193882
1757024011.571,latency_s,3.193780
1757024011.571,latency_s,3.191118
1757024011.571,latency_s,3.177368
1757024011.571,latency_s,3.177135
1757024011.571,latency_s,3.153012
1757024011.571,latency_s,3.152752
1757024011.631,latency_s,3.213053
1757024011.631,latency_s,3.208727
1757024011.631,latency_s,3.190716
1757024011.631,latency_s,3.190473
1757024011.631,latency_s,3.186357
1757024011.632,latency_s,3.182913
1757024011.632,latency_s,3.180337
1757024011.632,latency_s,3.172066
1757024011.632,latency_s,3.170096
1757024011.632,latency_s,3.170135
1757024011.632,latency_s,3.155476
1757024011.666,latency_s,3.189465
1757024011.666,latency_s,3.189311
1757024011.666,latency_s,3.189035
1757024011.666,latency_s,3.186468
1757024011.666,latency_s,3.172706
1757024011.666,latency_s,3.172635
1757024011.666,latency_s,3.148628
1757024011.667,latency_s,3.148250
1757024011.667,latency_s,3.148103
1757024011.726,latency_s,3.203288
1757024011.726,latency_s,3.184202
1757024011.726,latency_s,3.184308
1757024011.726,latency_s,3.181158
1757024011.761,latency_s,3.211722
1757024011.761,latency_s,3.208398
1757024011.762,latency_s,3.201617
1757024011.762,latency_s,3.199360
1757024011.762,latency_s,3.198905
1757024011.762,latency_s,3.185663
1757024011.762,latency_s,3.185447
1757024011.762,latency_s,3.183874
1757024011.762,latency_s,3.183799
1757024011.762,latency_s,3.181321
1757024011.762,latency_s,3.168577
1757024011.762,latency_s,3.168320
1757024011.762,latency_s,3.144406
1757024011.762,latency_s,3.143759
1757024011.762,latency_s,3.144032
1757024011.762,latency_s,3.139143
1757024011.763,latency_s,3.119364
1757024011.763,latency_s,3.118656
1757024011.763,latency_s,3.115513
1757024011.856,latency_s,3.206550
1757024011.856,latency_s,3.203216
1757024011.856,latency_s,3.194829
1757024011.856,latency_s,3.192765
1757024011.856,latency_s,3.192367
1757024011.856,latency_s,3.179252
1757024011.856,latency_s,3.179050
1757024011.856,latency_s,3.177482
1757024011.856,latency_s,3.177408
1757024011.857,latency_s,3.174791
1757024011.857,latency_s,3.162695
1757024011.857,latency_s,3.162421
1757024011.857,latency_s,3.138565
1757024011.951,latency_s,3.231897
1757024011.951,latency_s,3.231811
1757024011.951,latency_s,3.226630
1757024011.951,latency_s,3.206376
1757024011.951,latency_s,3.206991
1757024011.952,latency_s,3.203999
1757024011.952,latency_s,3.202259
1757024011.952,latency_s,3.198375
1757024011.952,latency_s,3.189444
1757024011.952,latency_s,3.187036
1757024011.952,latency_s,3.186983
1757024011.952,latency_s,3.174847
1757024011.952,latency_s,3.174651
1757024011.952,latency_s,3.172957
1757024011.952,latency_s,3.171418
1757024011.952,latency_s,3.167749
1757024011.952,latency_s,3.157434
1757024011.952,latency_s,3.157702
1757024011.952,latency_s,3.133503
1757024012.046,latency_s,3.226889
1757024012.046,latency_s,3.226817
1757024012.046,latency_s,3.221465
1757024012.046,latency_s,3.201128
1757024012.046,latency_s,3.201069
1757024012.046,latency_s,3.198172
1757024012.046,latency_s,3.196562
1757024012.046,latency_s,3.192596
1757024012.046,latency_s,3.183602
1757024012.046,latency_s,3.181170
1757024012.046,latency_s,3.181472
1757024012.046,latency_s,3.169308
1757024012.046,latency_s,3.169120
1757024012.141,latency_s,3.261790
1757024012.141,latency_s,3.260364
1757024012.141,latency_s,3.256534
1757024012.141,latency_s,3.246737
1757024012.141,latency_s,3.246508
1757024012.141,latency_s,3.222558
1757024012.141,latency_s,3.222466
1757024012.142,latency_s,3.222312
1757024012.142,latency_s,3.215866
1757024012.142,latency_s,3.195341
1757024012.142,latency_s,3.195082
1757024012.142,latency_s,3.192928
1757024012.142,latency_s,3.191997
1757024012.183,latency_s,3.228935
1757024012.183,latency_s,3.219207
1757024012.183,latency_s,3.217166
1757024012.183,latency_s,3.217202
1757024012.183,latency_s,3.205547
1757024012.183,latency_s,3.205381
1757024012.237,latency_s,3.257259
1757024012.237,latency_s,3.255725
1757024012.237,latency_s,3.251572
1757024012.237,latency_s,3.242196
1757024012.237,latency_s,3.242085
1757024012.237,latency_s,3.218060
1757024012.237,latency_s,3.217850
1757024012.237,latency_s,3.217307
1757024012.237,latency_s,3.210397
1757024012.237,latency_s,3.190820
1757024012.237,latency_s,3.190546
1757024012.238,latency_s,3.187542
1757024012.238,latency_s,3.187717
1757024012.333,latency_s,3.278775
1757024012.333,latency_s,3.268849
1757024012.333,latency_s,3.267011
1757024012.333,latency_s,3.266937
1757024012.333,latency_s,3.255550
1757024012.333,latency_s,3.255764
1757024012.333,latency_s,3.253905
1757024012.334,latency_s,3.251908
1757024012.334,latency_s,3.247510
1757024012.334,latency_s,3.238647
1757024012.334,latency_s,3.238493
1757024012.334,latency_s,3.214538
1757024012.334,latency_s,3.214407
1757024012.334,latency_s,3.213696
1757024012.334,latency_s,3.206222
1757024012.334,latency_s,3.187032
1757024012.334,latency_s,3.185614
1757024012.334,latency_s,3.183705
1757024012.334,latency_s,3.183374
1757024012.428,latency_s,3.272640
1757024012.428,latency_s,3.263518
1757024012.428,latency_s,3.261187
1757024012.428,latency_s,3.260885
1757024012.428,latency_s,3.250110
1757024012.428,latency_s,3.249982
1757024012.428,latency_s,3.247812
1757024012.428,latency_s,3.246356
1757024012.428,latency_s,3.241907
1757024012.428,latency_s,3.233071
1757024012.428,latency_s,3.232888
1757024012.428,latency_s,3.209097
1757024012.429,latency_s,3.208957
1757024012.525,latency_s,3.303875
1757024012.525,latency_s,3.295855
1757024012.525,latency_s,3.277877
1757024012.525,latency_s,3.274472
1757024012.525,latency_s,3.274227
1757024012.525,latency_s,3.269143
1757024012.525,latency_s,3.259756
1757024012.525,latency_s,3.257076
1757024012.525,latency_s,3.257046
1757024012.525,latency_s,3.247024
1757024012.525,latency_s,3.246873
1757024012.525,latency_s,3.244607
1757024012.525,latency_s,3.242123
1757024012.525,latency_s,3.236091
1757024012.525,latency_s,3.229813
1757024012.525,latency_s,3.229573
1757024012.525,latency_s,3.205619
1757024012.525,latency_s,3.205434
1757024012.525,latency_s,3.203917
1757024012.620,latency_s,3.290417
1757024012.621,latency_s,3.273088
1757024012.621,latency_s,3.269875
1757024012.621,latency_s,3.269665
1757024012.621,latency_s,3.264696
1757024012.621,latency_s,3.254602
1757024012.621,latency_s,3.251763
1757024012.621,latency_s,3.251788
1757024012.621,latency_s,3.242477
1757024012.621,latency_s,3.242330
1757024012.621,latency_s,3.239200
1757024012.621,latency_s,3.237731
1757024012.621,latency_s,3.231371
1757024012.621,latency_s,3.225487
1757024012.621,latency_s,3.225279
1757024012.718,latency_s,3.296831
1757024012.718,latency_s,3.296885
1757024012.718,latency_s,3.295969
1757024012.718,latency_s,3.286653
1757024012.718,latency_s,3.270269
1757024012.718,latency_s,3.266987
1757024012.718,latency_s,3.266850
1757024012.718,latency_s,3.469537
1757024012.718,latency_s,3.368815
1757024012.718,latency_s,3.267958
1757024012.718,latency_s,3.262040
1757024012.718,latency_s,3.251871
1757024012.718,latency_s,3.248408
1757024012.718,latency_s,3.248431
1757024012.718,latency_s,3.239476
1757024012.718,latency_s,3.239700
1757024012.718,latency_s,3.236243
1757024012.812,latency_s,3.327819
1757024012.812,latency_s,3.321467
1757024012.812,latency_s,3.316043
1757024012.812,latency_s,3.316005
1757024012.812,latency_s,3.290565
1757024012.812,latency_s,3.289760
1757024012.813,latency_s,3.289746
1757024012.813,latency_s,3.279515
1757024012.813,latency_s,3.264533
1757024012.813,latency_s,3.261996
1757024012.813,latency_s,3.261609
1757024012.813,latency_s,3.261331
1757024012.813,latency_s,3.256570
1757024012.813,latency_s,3.244201
1757024012.852,latency_s,3.281934
1757024012.907,latency_s,3.336106
1757024012.908,latency_s,3.328835
1757024012.908,latency_s,3.328824
1757024012.908,latency_s,3.325760
1757024012.908,latency_s,3.323277
1757024012.908,latency_s,3.317305
1757024012.908,latency_s,3.311862
1757024012.908,latency_s,3.311897
1757024012.908,latency_s,3.286337
1757024012.908,latency_s,3.284254
1757024012.908,latency_s,3.284412
1757024012.909,latency_s,3.274995
1757024012.909,latency_s,3.260008
1757024012.909,latency_s,3.256765
1757024012.909,latency_s,3.256385
1757024012.909,latency_s,3.256175
1757024012.909,latency_s,3.252078
1757024013.002,latency_s,3.329331
1757024013.002,latency_s,3.329073
1757024013.002,latency_s,3.327244
1757024013.002,latency_s,3.322681
1757024013.002,latency_s,3.322482
1757024013.002,latency_s,3.319302
1757024013.002,latency_s,3.316892
1757024013.002,latency_s,3.310904
1757024013.002,latency_s,3.305471
1757024013.002,latency_s,3.305773
1757024013.002,latency_s,3.279766
1757024013.003,latency_s,3.277938
1757024013.003,latency_s,3.277887
1757024013.003,latency_s,3.266745
1757024013.003,latency_s,3.252994
1757024013.097,latency_s,3.345072
1757024013.097,latency_s,3.344811
1757024013.097,latency_s,3.344646
1757024013.097,latency_s,3.340473
1757024013.097,latency_s,3.323797
1757024013.097,latency_s,3.323409
1757024013.097,latency_s,3.321259
1757024013.097,latency_s,3.317981
1757024013.098,latency_s,3.317741
1757024013.098,latency_s,3.314679
1757024013.098,latency_s,3.311318
1757024013.098,latency_s,3.305963
1757024013.098,latency_s,3.300894
1757024013.098,latency_s,3.301038
1757024013.139,latency_s,3.315551
1757024013.139,latency_s,3.313701
1757024013.139,latency_s,3.313709
1757024013.193,latency_s,3.356269
1757024013.193,latency_s,3.343109
1757024013.193,latency_s,3.341082
1757024013.193,latency_s,3.339750
1757024013.193,latency_s,3.339600
1757024013.193,latency_s,3.335943
1757024013.194,latency_s,3.318975
1757024013.194,latency_s,3.318174
1757024013.194,latency_s,3.317216
1757024013.194,latency_s,3.313826
1757024013.194,latency_s,3.313345
1757024013.194,latency_s,3.310487
1757024013.194,latency_s,3.306964
1757024013.194,latency_s,3.301120
1757024013.194,latency_s,3.296564
1757024013.288,latency_s,3.390846
1757024013.288,latency_s,3.364753
1757024013.289,latency_s,3.362242
1757024013.289,latency_s,3.362018
1757024013.289,latency_s,3.349874
1757024013.289,latency_s,3.337719
1757024013.289,latency_s,3.336128
1757024013.289,latency_s,3.334846
1757024013.289,latency_s,3.334759
1757024013.289,latency_s,3.331287
1757024013.289,latency_s,3.313923
1757024013.289,latency_s,3.313339
1757024013.289,latency_s,3.311045
1757024013.289,latency_s,3.309168
1757024013.289,latency_s,3.308196
1757024013.289,latency_s,3.305812
1757024013.384,latency_s,3.396786
1757024013.384,latency_s,3.390074
1757024013.384,latency_s,3.386666
1757024013.384,latency_s,3.386310
1757024013.384,latency_s,3.359118
1757024013.384,latency_s,3.356642
1757024013.384,latency_s,3.356614
1757024013.384,latency_s,3.343667
1757024013.384,latency_s,3.332515
1757024013.384,latency_s,3.331519
1757024013.384,latency_s,3.329223
1757024013.384,latency_s,3.329140
1757024013.384,latency_s,3.326522
1757024013.384,latency_s,3.309130
1757024013.384,latency_s,3.308463
1757024013.385,latency_s,3.306281
1757024013.478,latency_s,3.398112
1757024013.478,latency_s,3.396748
1757024013.479,latency_s,3.394803
1757024013.479,latency_s,3.390951
1757024013.479,latency_s,3.383512
1757024013.479,latency_s,3.380933
1757024013.479,latency_s,3.380652
1757024013.479,latency_s,3.353528
1757024013.479,latency_s,3.350051
1757024013.479,latency_s,3.350117
1757024013.479,latency_s,3.336105
1757024013.479,latency_s,3.326243
1757024013.479,latency_s,3.326144
1757024013.479,latency_s,3.323795
1757024013.479,latency_s,3.323626
1757024013.479,latency_s,3.320968
1757024013.574,latency_s,3.397941
1757024013.574,latency_s,3.398044
1757024013.574,latency_s,3.395415
1757024013.574,latency_s,3.392429
1757024013.574,latency_s,3.392477
1757024013.575,latency_s,3.390523
1757024013.575,latency_s,3.386132
1757024013.575,latency_s,3.378768
1757024013.575,latency_s,3.376703
1757024013.575,latency_s,3.376385
1757024013.575,latency_s,3.349275
1757024013.575,latency_s,3.344837
1757024013.575,latency_s,3.343910
1757024013.575,latency_s,3.331510
1757024013.575,latency_s,3.321672
1757024013.575,latency_s,3.320911
1757024013.670,latency_s,3.413977
1757024013.670,latency_s,3.413909
1757024013.670,latency_s,3.410724
1757024013.670,latency_s,3.392510
1757024013.670,latency_s,3.392573
1757024013.670,latency_s,3.390625
1757024013.670,latency_s,3.387233
1757024013.670,latency_s,3.387216
1757024013.670,latency_s,3.385841
1757024013.670,latency_s,3.380886
1757024013.670,latency_s,3.373050
1757024013.670,latency_s,3.372020
1757024013.670,latency_s,3.371635
1757024013.670,latency_s,3.344556
1757024013.670,latency_s,3.338218
1757024013.670,latency_s,3.337525
1757024013.764,latency_s,3.418290
1757024013.764,latency_s,3.409437
1757024013.764,latency_s,3.409325
1757024013.764,latency_s,3.407013
1757024013.765,latency_s,3.408657
1757024013.766,latency_s,3.406299
1757024013.766,latency_s,3.388056
1757024013.766,latency_s,3.386592
1757024013.766,latency_s,3.385761
1757024013.766,latency_s,3.382262
1757024013.766,latency_s,3.381329
1757024013.766,latency_s,3.381599
1757024013.766,latency_s,3.376328
1757024013.766,latency_s,3.367488
1757024013.766,latency_s,3.367125
1757024013.766,latency_s,3.367641
1757024013.859,latency_s,3.432765
1757024013.859,latency_s,3.426211
1757024013.860,latency_s,3.426778
1757024013.860,latency_s,3.413804
1757024013.860,latency_s,3.404796
1757024013.860,latency_s,3.404837
1757024013.860,latency_s,3.402840
1757024013.860,latency_s,3.402857
1757024013.860,latency_s,3.399585
1757024013.860,latency_s,3.381403
1757024013.860,latency_s,3.380885
1757024013.860,latency_s,3.378971
1757024013.860,latency_s,3.376567
1757024013.860,latency_s,3.375879
1757024013.860,latency_s,3.375630
1757024013.860,latency_s,3.370051
1757024013.954,latency_s,3.455745
1757024013.954,latency_s,3.455908
1757024013.955,latency_s,3.455889
1757024013.955,latency_s,3.428754
1757024013.955,latency_s,3.421754
1757024013.955,latency_s,3.421833
1757024013.955,latency_s,3.408019
1757024013.955,latency_s,3.398759
1757024013.955,latency_s,3.398406
1757024013.955,latency_s,3.397839
1757024013.955,latency_s,3.397626
1757024013.955,latency_s,3.394484
1757024013.955,latency_s,3.374958
1757024013.956,latency_s,3.373741
1757024013.956,latency_s,3.373824
1757024013.956,latency_s,3.370690
1757024014.049,latency_s,3.464350
1757024014.050,latency_s,3.464658
1757024014.050,latency_s,3.458585
1757024014.051,latency_s,3.451842
1757024014.051,latency_s,3.451766
1757024014.051,latency_s,3.451452
1757024014.051,latency_s,3.423799
1757024014.051,latency_s,3.417315
1757024014.051,latency_s,3.417355
1757024014.051,latency_s,3.402198
1757024014.051,latency_s,3.393321
1757024014.051,latency_s,3.393327
1757024014.051,latency_s,3.393305
1757024014.051,latency_s,3.393170
1757024014.051,latency_s,3.390061
1757024014.051,latency_s,3.370327
1757024014.147,latency_s,3.463612
1757024014.147,latency_s,3.464121
1757024014.147,latency_s,3.462263
1757024014.147,latency_s,3.461999
1757024014.147,latency_s,3.461769
1757024014.148,latency_s,3.452492
1757024014.148,latency_s,3.448595
1757024014.148,latency_s,3.447004
1757024014.241,latency_s,3.540653
1757024014.242,latency_s,3.513885
1757024014.242,latency_s,3.508038
1757024014.242,latency_s,3.508125
1757024014.242,latency_s,3.492408
1757024014.242,latency_s,3.483869
1757024014.242,latency_s,3.484290
1757024014.242,latency_s,3.484123
1757024014.243,latency_s,3.484794
1757024014.243,latency_s,3.481060
1757024014.243,latency_s,3.461846
1757024014.243,latency_s,3.458937
1757024014.243,latency_s,3.458683
1757024014.243,latency_s,3.457530
1757024014.243,latency_s,3.457191
1757024014.243,latency_s,3.457071
1757024014.243,latency_s,3.447088
1757024014.243,latency_s,3.443875
1757024014.243,latency_s,3.441948
1757024014.243,latency_s,3.442056
1757024014.243,latency_s,3.415023
1757024014.243,latency_s,3.409615
1757024014.243,latency_s,3.409652
1757024014.243,latency_s,3.392999
1757024014.337,latency_s,3.478812
1757024014.337,latency_s,3.479243
1757024014.337,latency_s,3.479043
1757024014.337,latency_s,3.477870
1757024014.338,latency_s,3.475355
1757024014.338,latency_s,3.456614
1757024014.338,latency_s,3.451830
1757024014.338,latency_s,3.452033
1757024014.338,latency_s,3.452628
1757024014.338,latency_s,3.452238
1757024014.338,latency_s,3.452192
1757024014.338,latency_s,3.441872
1757024014.339,latency_s,3.439219
1757024014.434,latency_s,3.531999
1757024014.434,latency_s,3.532298
1757024014.434,latency_s,3.505865
1757024014.434,latency_s,3.500492
1757024014.435,latency_s,3.499349
1757024014.435,latency_s,3.483290
1757024014.435,latency_s,3.476297
1757024014.435,latency_s,3.475709
1757024014.435,latency_s,3.476257
1757024014.435,latency_s,3.475131
1757024014.435,latency_s,3.471700
1757024014.435,latency_s,3.453199
1757024014.435,latency_s,3.449012
1757024014.435,latency_s,3.448434
1757024014.435,latency_s,3.448833
1757024014.435,latency_s,3.448497
1757024014.435,latency_s,3.447274
1757024014.435,latency_s,3.437912
1757024014.435,latency_s,3.435420
1757024014.435,latency_s,3.432150
1757024014.435,latency_s,3.432186
1757024014.435,latency_s,3.406482
1757024014.435,latency_s,3.401230
1757024014.435,latency_s,3.400078
1757024014.435,latency_s,3.384014
1757024014.436,latency_s,3.377051
1757024014.529,latency_s,3.468986
1757024014.529,latency_s,3.469231
1757024014.529,latency_s,3.468964
1757024014.529,latency_s,3.465503
1757024014.529,latency_s,3.446314
1757024014.529,latency_s,3.443091
1757024014.531,latency_s,3.444307
1757024014.531,latency_s,3.444054
1757024014.531,latency_s,3.444085
1757024014.531,latency_s,3.442283
1757024014.531,latency_s,3.432920
1757024014.531,latency_s,3.430971
1757024014.531,latency_s,3.425862
1757024014.531,latency_s,3.401848
1757024014.531,latency_s,3.396552
1757024014.625,latency_s,3.488480
1757024014.625,latency_s,3.472863
1757024014.625,latency_s,3.466006
1757024014.626,latency_s,3.465422
1757024014.626,latency_s,3.465581
1757024014.626,latency_s,3.465441
1757024014.626,latency_s,3.461753
1757024014.626,latency_s,3.442988
1757024014.626,latency_s,3.439574
1757024014.626,latency_s,3.439297
1757024014.627,latency_s,3.439702
1757024014.627,latency_s,3.438932
1757024014.627,latency_s,3.437941
1757024014.627,latency_s,3.428440
1757024014.627,latency_s,3.426506
1757024014.627,latency_s,3.421526
1757024014.627,latency_s,3.397505
1757024014.627,latency_s,3.390155
1757024014.627,latency_s,3.388488
1757024014.627,latency_s,3.371440
1757024014.627,latency_s,3.368278
1757024014.627,latency_s,3.366909
1757024014.627,latency_s,3.366842
1757024014.721,latency_s,3.460055
1757024014.721,latency_s,3.456438
1757024014.722,latency_s,3.436914
1757024014.722,latency_s,3.435418
1757024014.722,latency_s,3.435118
1757024014.722,latency_s,3.435130
1757024014.722,latency_s,3.433674
1757024014.722,latency_s,3.431808
1757024014.722,latency_s,3.423416
1757024014.722,latency_s,3.619037
1757024014.722,latency_s,3.518657
1757024014.722,latency_s,3.421811
1757024014.723,latency_s,3.416968
1757024014.723,latency_s,3.392490
1757024014.723,latency_s,3.384892
1757024014.723,latency_s,3.383151
1757024014.723,latency_s,3.367140
1757024014.818,latency_s,3.458200
1757024014.818,latency_s,3.456851
1757024014.818,latency_s,3.457215
1757024014.818,latency_s,3.456924
1757024014.819,latency_s,3.453366
1757024014.819,latency_s,3.433640
1757024014.819,latency_s,3.431725
1757024014.819,latency_s,3.431345
1757024014.819,latency_s,3.429399
1757024014.819,latency_s,3.428164
1757024014.819,latency_s,3.514824
1757024014.819,latency_s,3.419191
1757024014.819,latency_s,3.417284
1757024014.819,latency_s,3.413297
1757024014.819,latency_s,3.388199
1757024014.819,latency_s,3.380334
1757024014.819,latency_s,3.378836
1757024014.914,latency_s,3.457263
1757024014.914,latency_s,3.454398
1757024014.914,latency_s,3.452155
1757024014.914,latency_s,3.452097
1757024014.914,latency_s,3.452040
1757024014.914,latency_s,3.447795
1757024014.914,latency_s,3.429202
1757024014.914,latency_s,3.427174
1757024014.914,latency_s,3.426809
1757024014.914,latency_s,3.424760
1757024014.914,latency_s,3.510227
1757024014.914,latency_s,3.422344
1757024014.914,latency_s,3.414449
1757024014.914,latency_s,3.412055
1757024014.915,latency_s,3.408194
1757024015.008,latency_s,3.477430
1757024015.009,latency_s,3.470001
1757024015.010,latency_s,3.468457
1757024015.010,latency_s,3.452835
1757024015.010,latency_s,3.450342
1757024015.010,latency_s,3.446898
1757024015.010,latency_s,3.446878
1757024015.010,latency_s,3.446835
1757024015.010,latency_s,3.443757
1757024015.011,latency_s,3.506135
1757024015.011,latency_s,3.425013
1757024015.011,latency_s,3.623296
1757024015.011,latency_s,3.422959
1757024015.011,latency_s,3.522969
1757024015.011,latency_s,3.422817
1757024015.011,latency_s,3.419928
1757024015.011,latency_s,3.418484
1757024015.104,latency_s,3.502898
1757024015.104,latency_s,3.501772
1757024015.105,latency_s,3.498047
1757024015.105,latency_s,3.472290
1757024015.105,latency_s,3.464450
1757024015.105,latency_s,3.461984
1757024015.105,latency_s,3.444743
1757024015.105,latency_s,3.443721
1757024015.105,latency_s,3.441520
1757024015.105,latency_s,3.441654
1757024015.105,latency_s,3.441637
1757024015.105,latency_s,3.438599
1757024015.105,latency_s,3.499358
1757024015.106,latency_s,3.517531
1757024015.106,latency_s,3.419848
1757024015.200,latency_s,3.512125
1757024015.200,latency_s,3.512085
1757024015.200,latency_s,3.508307
1757024015.200,latency_s,3.507936
1757024015.201,latency_s,3.499081
1757024015.201,latency_s,3.497181
1757024015.201,latency_s,3.493967
1757024015.201,latency_s,3.468250
1757024015.201,latency_s,3.459841
1757024015.201,latency_s,3.457904
1757024015.201,latency_s,3.440686
1757024015.201,latency_s,3.439226
1757024015.201,latency_s,3.437236
1757024015.201,latency_s,3.437096
1757024015.201,latency_s,3.437087
1757024015.201,latency_s,3.433948
1757024015.201,latency_s,3.494799
1757024015.295,latency_s,3.606606
1757024015.295,latency_s,3.508998
1757024015.296,latency_s,3.507199
1757024015.296,latency_s,3.507434
1757024015.296,latency_s,3.503031
1757024015.296,latency_s,3.502864
1757024015.296,latency_s,3.494262
1757024015.296,latency_s,3.492351
1757024015.296,latency_s,3.488885
1757024015.296,latency_s,3.463249
1757024015.296,latency_s,3.454614
1757024015.296,latency_s,3.452608
1757024015.296,latency_s,3.435640
1757024015.296,latency_s,3.434202
1757024015.296,latency_s,3.432137
1757024015.391,latency_s,3.526603
1757024015.391,latency_s,3.527234
1757024015.392,latency_s,3.524144
1757024015.392,latency_s,3.584247
1757024015.392,latency_s,3.602978
1757024015.392,latency_s,3.504494
1757024015.392,latency_s,3.502573
1757024015.392,latency_s,3.502655
1757024015.392,latency_s,3.498989
1757024015.392,latency_s,3.498975
1757024015.392,latency_s,3.490333
1757024015.392,latency_s,3.487889
1757024015.392,latency_s,3.484446
1757024015.392,latency_s,3.459256
1757024015.392,latency_s,3.450444
1757024015.393,latency_s,3.448452
1757024015.393,latency_s,3.431687
1757024015.488,latency_s,3.525291
1757024015.488,latency_s,3.523513
1757024015.488,latency_s,3.523223
1757024015.488,latency_s,3.523312
1757024015.488,latency_s,3.579931
1757024015.488,latency_s,3.520409
1757024015.488,latency_s,3.596117
1757024015.488,latency_s,3.500448
1757024015.488,latency_s,3.498335
1757024015.488,latency_s,3.498299
1757024015.609,latency_s,3.615208
1757024015.609,latency_s,3.614821
1757024015.610,latency_s,3.606685
1757024015.610,latency_s,3.604940
1757024015.610,latency_s,3.601313
1757024015.610,latency_s,3.576121
1757024015.610,latency_s,3.566796
1757024015.610,latency_s,3.564950
1757024015.610,latency_s,3.548683
1757024015.610,latency_s,3.600561
1757024015.610,latency_s,3.615906
1757024015.610,latency_s,3.546277
1757024015.610,latency_s,3.545320
1757024015.610,latency_s,3.545121
1757024015.610,latency_s,3.544890
1757024015.610,latency_s,3.541984
1757024015.610,latency_s,3.521295
1757024015.610,latency_s,3.519533
1757024015.610,latency_s,3.519886
1757024015.610,latency_s,3.515559
1757024015.610,latency_s,3.515501
1757024015.610,latency_s,3.506249
1757024015.679,latency_s,3.574167
1757024015.680,latency_s,3.570338
1757024015.680,latency_s,3.546273
1757024015.680,latency_s,3.535932
1757024015.681,latency_s,3.534971
1757024015.681,latency_s,3.570883
1757024015.681,latency_s,3.585917
1757024015.681,latency_s,3.519308
1757024015.681,latency_s,3.516860
1757024015.681,latency_s,3.516260
1757024015.705,latency_s,3.539168
1757024015.706,latency_s,3.539117
1757024015.706,latency_s,3.537385
1757024015.706,latency_s,3.515661
1757024015.706,latency_s,3.514453
1757024015.706,latency_s,3.514485
1757024015.706,latency_s,3.510829
1757024015.706,latency_s,3.510887
1757024015.706,latency_s,3.501592
1757024015.706,latency_s,3.500810
1757024015.776,latency_s,3.566205
1757024015.776,latency_s,3.541617
1757024015.776,latency_s,3.530994
1757024015.776,latency_s,3.530369
1757024015.776,latency_s,3.565499
1757024015.776,latency_s,3.581248
1757024015.776,latency_s,3.513960
1757024015.776,latency_s,3.511195
1757024015.801,latency_s,3.535524
1757024015.801,latency_s,3.533179
1757024015.801,latency_s,3.533370
1757024015.801,latency_s,3.532626
1757024015.801,latency_s,3.510957
1757024015.801,latency_s,3.509471
1757024015.801,latency_s,3.509506
1757024015.801,latency_s,3.505094
1757024015.801,latency_s,3.505059
1757024015.801,latency_s,3.496746
1757024015.801,latency_s,3.494833
1757024015.801,latency_s,3.491409
1757024015.801,latency_s,3.466276
1757024015.801,latency_s,3.455939
1757024015.896,latency_s,3.583227
1757024015.896,latency_s,3.550357
1757024015.896,latency_s,3.600132
1757024015.897,latency_s,3.533605
1757024015.897,latency_s,3.531262
1757024015.897,latency_s,3.531002
1757024015.897,latency_s,3.527868
1757024015.897,latency_s,3.527842
1757024015.897,latency_s,3.527918
1757024015.897,latency_s,3.505211
1757024015.897,latency_s,3.504737
1757024015.897,latency_s,3.504864
1757024015.897,latency_s,3.500409
1757024015.897,latency_s,3.500209
1757024015.938,latency_s,3.533302
1757024015.938,latency_s,3.531513
1757024015.938,latency_s,3.527569
1757024015.938,latency_s,3.502394
1757024015.991,latency_s,3.577337
1757024015.992,latency_s,3.594989
1757024015.992,latency_s,3.544276
1757024015.992,latency_s,3.544225
1757024015.992,latency_s,3.528261
1757024015.992,latency_s,3.526335
1757024015.992,latency_s,3.525862
1757024015.992,latency_s,3.522967
1757024015.992,latency_s,3.522978
1757024015.992,latency_s,3.522556
1757024015.992,latency_s,3.498580
1757024015.992,latency_s,3.498915
1757024015.992,latency_s,3.498646
1757024015.992,latency_s,3.495491
1757024016.087,latency_s,3.590437
1757024016.087,latency_s,3.582387
1757024016.087,latency_s,3.580462
1757024016.088,latency_s,3.576588
1757024016.088,latency_s,3.551381
1757024016.088,latency_s,3.573577
1757024016.088,latency_s,3.590851
1757024016.088,latency_s,3.537710
1757024016.088,latency_s,3.537302
1757024016.088,latency_s,3.523359
1757024016.088,latency_s,3.522107
1757024016.088,latency_s,3.521636
1757024016.088,latency_s,3.518720
1757024016.088,latency_s,3.518401
1757024016.088,latency_s,3.518227
1757024016.088,latency_s,3.494498
1757024016.088,latency_s,3.494314
1757024016.088,latency_s,3.494261
1757024016.183,latency_s,3.585873
1757024016.183,latency_s,3.585991
1757024016.183,latency_s,3.577707
1757024016.183,latency_s,3.570302
1757024016.184,latency_s,3.569010
1757024016.184,latency_s,3.585979
1757024016.184,latency_s,3.546643
1757024016.184,latency_s,3.533533
1757024016.184,latency_s,3.532630
1757024016.184,latency_s,3.517339
1757024016.184,latency_s,3.517990
1757024016.184,latency_s,3.517849
1757024016.184,latency_s,3.514351
1757024016.184,latency_s,3.514028
1757024016.278,latency_s,3.608144
1757024016.279,latency_s,3.585405
1757024016.279,latency_s,3.585648
1757024016.279,latency_s,3.585042
1757024016.279,latency_s,3.581242
1757024016.279,latency_s,3.581281
1757024016.279,latency_s,3.572949
1757024016.280,latency_s,3.566145
1757024016.280,latency_s,3.564824
1757024016.280,latency_s,3.581503
1757024016.280,latency_s,3.541900
1757024016.280,latency_s,3.528525
1757024016.280,latency_s,3.527297
1757024016.280,latency_s,3.513477
1757024016.280,latency_s,3.513286
1757024016.280,latency_s,3.513136
1757024016.280,latency_s,3.510015
1757024016.374,latency_s,3.603506
1757024016.375,latency_s,3.604143
1757024016.375,latency_s,3.581002
1757024016.375,latency_s,3.580812
1757024016.375,latency_s,3.580354
1757024016.375,latency_s,3.576054
1757024016.375,latency_s,3.575995
1757024016.375,latency_s,3.767844
1757024016.375,latency_s,3.667589
1757024016.375,latency_s,3.568423
1757024016.375,latency_s,3.560550
1757024016.375,latency_s,3.560188
1757024016.375,latency_s,3.576388
1757024016.375,latency_s,3.536430
1757024016.375,latency_s,3.523498
1757024016.469,latency_s,3.616724
1757024016.470,latency_s,3.602998
1757024016.470,latency_s,3.603043
1757024016.470,latency_s,3.603148
1757024016.470,latency_s,3.600054
1757024016.470,latency_s,3.598577
1757024016.470,latency_s,3.598398
1757024016.470,latency_s,3.575968
1757024016.470,latency_s,3.575762
1757024016.470,latency_s,3.575405
1757024016.470,latency_s,3.662539
1757024016.470,latency_s,3.570964
1757024016.470,latency_s,3.570151
1757024016.470,latency_s,3.563469
1757024016.470,latency_s,3.555438
1757024016.470,latency_s,3.555146
1757024016.470,latency_s,3.571302
1757024016.564,latency_s,3.624918
1757024016.565,latency_s,3.612654
1757024016.565,latency_s,3.612286
1757024016.565,latency_s,3.598519
1757024016.566,latency_s,3.598483
1757024016.566,latency_s,3.598547
1757024016.566,latency_s,3.595333
1757024016.566,latency_s,3.593878
1757024016.566,latency_s,3.593001
1757024016.566,latency_s,3.571229
1757024016.566,latency_s,3.657792
1757024016.566,latency_s,3.571265
1757024016.566,latency_s,3.570481
1757024016.566,latency_s,3.566048
1757024016.566,latency_s,3.565446
1757024016.662,latency_s,3.654280
1757024016.662,latency_s,3.661798
1757024016.662,latency_s,3.646246
1757024016.662,latency_s,3.646621
1757024016.662,latency_s,3.621452
1757024016.662,latency_s,3.608308
1757024016.662,latency_s,3.607150
1757024016.662,latency_s,3.594895
1757024016.662,latency_s,3.594682
1757024016.662,latency_s,3.594375
1757024016.662,latency_s,3.591426
1757024016.662,latency_s,3.589523
1757024016.662,latency_s,3.588138
1757024016.662,latency_s,3.653872
1757024016.662,latency_s,3.567452
1757024016.662,latency_s,3.567305
1757024016.662,latency_s,3.566443
1757024016.757,latency_s,3.656648
1757024016.758,latency_s,3.656655
1757024016.758,latency_s,3.649952
1757024016.758,latency_s,3.657622
1757024016.758,latency_s,3.642135
1757024016.758,latency_s,3.641934
1757024016.758,latency_s,3.616595
1757024016.758,latency_s,3.603425
1757024016.758,latency_s,3.600816
1757024016.758,latency_s,3.590732
1757024016.758,latency_s,3.590513
1757024016.758,latency_s,3.589439
1757024016.758,latency_s,3.587490
1757024016.758,latency_s,3.585112
1757024016.758,latency_s,3.584130
1757024016.852,latency_s,3.743392
1757024016.852,latency_s,3.657095
1757024016.852,latency_s,3.656972
1757024016.852,latency_s,3.656205
1757024016.853,latency_s,3.652096
1757024016.853,latency_s,3.651660
1757024016.853,latency_s,3.652656
1757024016.853,latency_s,3.645086
1757024016.853,latency_s,3.637089
1757024016.853,latency_s,3.636929
1757024016.853,latency_s,3.611676
1757024016.853,latency_s,3.597895
1757024016.853,latency_s,3.594997
1757024016.853,latency_s,3.585412
1757024016.853,latency_s,3.585664
1757024016.853,latency_s,3.582241
1757024016.853,latency_s,3.580793
1757024016.948,latency_s,3.674199
1757024016.948,latency_s,3.673653
1757024016.948,latency_s,3.739508
1757024016.948,latency_s,3.653057
1757024016.948,latency_s,3.652891
1757024016.948,latency_s,3.651670
1757024016.948,latency_s,3.647566
1757024016.948,latency_s,3.647844
1757024016.948,latency_s,3.646364
1757024016.949,latency_s,3.639380
1757024016.949,latency_s,3.632516
1757024016.949,latency_s,3.632357
1757024016.949,latency_s,3.605076
1757024016.949,latency_s,3.593206
1757024016.949,latency_s,3.589763
1757024017.044,latency_s,3.676041
1757024017.044,latency_s,3.675952
1757024017.044,latency_s,3.672744
1757024017.044,latency_s,3.670841
1757024017.044,latency_s,3.669363
1757024017.044,latency_s,3.668894
1757024017.044,latency_s,3.734911
1757024017.044,latency_s,3.648663
1757024017.044,latency_s,3.648530
1757024017.044,latency_s,3.647139
1757024017.044,latency_s,3.642927
1757024017.044,latency_s,3.642849
1757024017.044,latency_s,3.641927
1757024017.044,latency_s,3.634817
1757024017.044,latency_s,3.628130
1757024017.044,latency_s,3.627712
1757024017.044,latency_s,3.600287
1757024017.140,latency_s,3.682405
1757024017.140,latency_s,3.677531
1757024017.140,latency_s,3.672261
1757024017.140,latency_s,3.672078
1757024017.140,latency_s,3.730842
1757024017.140,latency_s,3.667445
1757024017.140,latency_s,3.666980
1757024017.141,latency_s,3.665483
1757024017.141,latency_s,3.665080
1757024017.141,latency_s,3.644915
1757024017.141,latency_s,3.644660
1757024017.141,latency_s,3.642956
1757024017.141,latency_s,3.639093
1757024017.141,latency_s,3.638909
1757024017.141,latency_s,3.637890
1757024017.237,latency_s,3.726996
1757024017.237,latency_s,3.717900
1757024017.237,latency_s,3.717751
1757024017.237,latency_s,3.689293
1757024017.237,latency_s,3.678050
1757024017.237,latency_s,3.672972
1757024017.237,latency_s,3.727021
1757024017.237,latency_s,3.668770
1757024017.237,latency_s,3.668538
1757024017.237,latency_s,3.663810
1757024017.237,latency_s,3.663450
1757024017.237,latency_s,3.660508
1757024017.237,latency_s,3.660511
1757024017.237,latency_s,3.641286
1757024017.237,latency_s,3.640204
1757024017.237,latency_s,3.638923
1757024017.237,latency_s,3.635493
1757024017.334,latency_s,3.732379
1757024017.335,latency_s,3.731221
1757024017.335,latency_s,3.724770
1757024017.335,latency_s,3.715574
1757024017.335,latency_s,3.714959
1757024017.335,latency_s,3.687199
1757024017.335,latency_s,3.674461
1757024017.335,latency_s,3.724429
1757024017.335,latency_s,3.670111
1757024017.335,latency_s,3.666624
1757024017.335,latency_s,3.666470
1757024017.335,latency_s,3.661213
1757024017.335,latency_s,3.661118
1757024017.335,latency_s,3.658312
1757024017.335,latency_s,3.658335
1757024017.431,latency_s,3.734382
1757024017.431,latency_s,3.731976
1757024017.431,latency_s,3.728594
1757024017.431,latency_s,3.728472
1757024017.431,latency_s,3.726743
1757024017.431,latency_s,3.720766
1757024017.431,latency_s,3.711477
1757024017.431,latency_s,3.710510
1757024017.431,latency_s,3.682673
1757024017.431,latency_s,3.719331
1757024017.431,latency_s,3.670146
1757024017.431,latency_s,3.665770
1757024017.431,latency_s,3.662138
1757024017.431,latency_s,3.662102
1757024017.431,latency_s,3.656931
1757024017.431,latency_s,3.656478
1757024017.621,latency_s,3.843050
1757024017.621,latency_s,3.842975
1757024017.621,latency_s,3.824581
1757024017.621,latency_s,3.821199
1757024017.621,latency_s,3.818794
1757024017.621,latency_s,3.818657
1757024017.621,latency_s,3.816334
1757024017.621,latency_s,3.810960
1757024017.621,latency_s,3.801526
1757024017.621,latency_s,3.800566
1757024017.621,latency_s,3.772542
1757024017.621,latency_s,3.809615
1757024017.622,latency_s,3.759429
1757024017.622,latency_s,3.755970
1757024017.622,latency_s,3.752490
1757024017.622,latency_s,3.751652
1757024017.622,latency_s,3.746661
1757024017.627,latency_s,3.752074
1757024017.627,latency_s,3.748825
1757024017.627,latency_s,3.748779
1757024017.628,latency_s,3.730867
1757024017.628,latency_s,3.930063
1757024017.628,latency_s,3.829278
1757024017.628,latency_s,3.729103
1757024017.628,latency_s,3.727584
1757024017.628,latency_s,3.724219
1757024017.628,latency_s,3.724174
1757024017.628,latency_s,3.721359
1757024017.628,latency_s,3.717422
1757024017.628,latency_s,3.707862
1757024017.628,latency_s,3.707041
1757024017.628,latency_s,3.715955
1757024017.716,latency_s,3.765440
1757024017.722,latency_s,3.759949
1757024017.722,latency_s,3.756589
1757024017.723,latency_s,3.753522
1757024017.723,latency_s,3.752104
1757024017.723,latency_s,3.747172
1757024017.723,latency_s,3.746889
1757024017.723,latency_s,3.744241
1757024017.723,latency_s,3.743974
1757024017.723,latency_s,3.726150
1757024017.723,latency_s,3.724269
1757024017.723,latency_s,3.722771
1757024017.723,latency_s,3.719179
1757024017.817,latency_s,3.813141
1757024017.817,latency_s,3.810145
1757024017.817,latency_s,3.806738
1757024017.817,latency_s,3.797298
1757024017.818,latency_s,3.796430
1757024017.818,latency_s,3.805174
1757024017.818,latency_s,3.766401
1757024017.818,latency_s,3.755430
1757024017.819,latency_s,3.752494
1757024017.819,latency_s,3.749036
1757024017.819,latency_s,3.745682
1757024017.819,latency_s,3.742880
1757024017.819,latency_s,3.742512
1757024017.819,latency_s,3.738753
1757024017.819,latency_s,3.738844
1757024017.819,latency_s,3.721695
1757024017.819,latency_s,3.719934
1757024017.819,latency_s,3.718169
1757024017.819,latency_s,3.714735
1757024017.819,latency_s,3.714418
1757024017.913,latency_s,3.805550
1757024017.913,latency_s,3.802297
1757024017.913,latency_s,3.791950
1757024017.913,latency_s,3.791781
1757024017.913,latency_s,3.799844
1757024017.913,latency_s,3.761923
1757024017.913,latency_s,3.749984
1757024017.913,latency_s,3.745902
1757024017.914,latency_s,3.743783
1757024017.914,latency_s,3.740115
1757024017.914,latency_s,3.736816
1757024017.914,latency_s,3.736650
1757024017.914,latency_s,3.734282
1757024017.915,latency_s,3.733987
1757024017.915,latency_s,3.717349
1757024018.009,latency_s,3.809099
1757024018.009,latency_s,3.807385
1757024018.009,latency_s,3.804950
1757024018.009,latency_s,3.804347
1757024018.009,latency_s,3.801550
1757024018.009,latency_s,3.798151
1757024018.009,latency_s,3.787820
1757024018.009,latency_s,3.787665
1757024018.009,latency_s,3.794267
1757024018.010,latency_s,3.757685
1757024018.010,latency_s,3.745947
1757024018.010,latency_s,3.741564
1757024018.010,latency_s,3.739633
1757024018.010,latency_s,3.736062
1757024018.010,latency_s,3.732304
1757024018.010,latency_s,3.732899
1757024018.010,latency_s,3.730073
1757024018.010,latency_s,3.728595
1757024018.011,latency_s,3.712888
1757024018.011,latency_s,3.709536
1757024018.011,latency_s,3.707144
1757024018.011,latency_s,3.706203
1757024018.011,latency_s,3.705264
1757024018.011,latency_s,3.702609
1757024018.011,latency_s,3.699323
1757024018.011,latency_s,3.689020
1757024018.011,latency_s,3.688733
1757024018.011,latency_s,3.695052
1757024018.011,latency_s,3.658848
1757024018.106,latency_s,3.741186
1757024018.106,latency_s,3.737398
1757024018.106,latency_s,3.735439
1757024018.106,latency_s,3.732167
1757024018.106,latency_s,3.728113
1757024018.106,latency_s,3.728049
1757024018.106,latency_s,3.724227
1757024018.106,latency_s,3.722301
1757024018.106,latency_s,3.708568
1757024018.106,latency_s,3.705115
1757024018.106,latency_s,3.702687
1757024018.106,latency_s,3.701759
1757024018.107,latency_s,3.700186
1757024018.107,latency_s,3.697693
1757024018.107,latency_s,3.694929
1757024018.107,latency_s,3.684571
1757024018.200,latency_s,3.778000
1757024018.201,latency_s,3.784554
1757024018.201,latency_s,3.748013
1757024018.201,latency_s,3.736251
1757024018.201,latency_s,3.731954
1757024018.201,latency_s,3.730011
1757024018.201,latency_s,3.727303
1757024018.201,latency_s,3.722559
1757024018.202,latency_s,3.722584
1757024018.202,latency_s,3.718792
1757024018.202,latency_s,3.717101
1757024018.202,latency_s,3.703575
1757024018.202,latency_s,3.700071
1757024018.202,latency_s,3.697562
1757024018.202,latency_s,3.696731
1757024018.202,latency_s,3.694265
1757024018.296,latency_s,3.786062
1757024018.296,latency_s,3.784226
1757024018.296,latency_s,3.779282
1757024018.296,latency_s,3.774021
1757024018.296,latency_s,3.773735
1757024018.296,latency_s,3.742884
1757024018.391,latency_s,3.825024
1757024018.391,latency_s,3.821133
1757024018.391,latency_s,3.818744
1757024018.391,latency_s,3.815716
1757024018.391,latency_s,3.811739
1757024018.391,latency_s,3.811805
1757024018.391,latency_s,3.806516
1757024018.391,latency_s,3.805531
1757024018.391,latency_s,3.792819
1757024018.391,latency_s,3.787875
1757024018.394,latency_s,3.788298
1757024018.394,latency_s,3.788395
1757024018.394,latency_s,3.784961
1757024018.394,latency_s,3.783532
1757024018.394,latency_s,3.781444
1757024018.394,latency_s,3.776210
1757024018.394,latency_s,3.771287
1757024018.394,latency_s,3.771110
1757024018.394,latency_s,3.738638
1757024018.394,latency_s,3.727390
1757024018.394,latency_s,3.723108
1757024018.394,latency_s,3.721738
1757024018.394,latency_s,3.718288
1757024018.394,latency_s,3.714474
1757024018.394,latency_s,3.714006
1757024018.394,latency_s,3.709507
1757024018.486,latency_s,3.799823
1757024018.487,latency_s,3.787808
1757024018.487,latency_s,3.781911
1757024018.487,latency_s,3.780993
1757024018.487,latency_s,3.779497
1757024018.487,latency_s,3.777731
1757024018.489,latency_s,3.778098
1757024018.489,latency_s,3.776164
1757024018.489,latency_s,3.770797
1757024018.489,latency_s,3.766405
1757024018.490,latency_s,3.766023
1757024018.582,latency_s,3.826397
1757024018.582,latency_s,3.815406
1757024018.582,latency_s,3.810891
1757024018.582,latency_s,3.809560
1757024018.582,latency_s,3.805971
1757024018.582,latency_s,3.802228
1757024018.582,latency_s,3.801496
1757024018.582,latency_s,3.797198
1757024018.582,latency_s,3.795570
1757024018.582,latency_s,3.783485
1757024018.582,latency_s,3.777687
1757024018.583,latency_s,3.776657
1757024018.583,latency_s,3.775217
1757024018.583,latency_s,3.773295
1757024018.584,latency_s,3.771913
1757024018.584,latency_s,3.770094
1757024018.584,latency_s,3.765181
1757024018.584,latency_s,3.760905
1757024018.585,latency_s,3.760764
1757024018.585,latency_s,3.726783
1757024018.585,latency_s,3.717853
1757024018.585,latency_s,3.713147
1757024018.585,latency_s,3.711674
1757024018.585,latency_s,3.707675
1757024018.585,latency_s,3.704679
1757024018.585,latency_s,3.703912
1757024018.585,latency_s,3.699505
1757024018.679,latency_s,3.791222
1757024018.679,latency_s,3.779857
1757024018.679,latency_s,3.773144
1757024018.679,latency_s,3.773251
1757024018.680,latency_s,3.771004
1757024018.680,latency_s,3.769828
1757024018.680,latency_s,3.766960
1757024018.680,latency_s,3.764950
1757024018.680,latency_s,3.759745
1757024018.680,latency_s,3.754976
1757024018.680,latency_s,3.754535
1757024018.680,latency_s,3.718190
1757024018.680,latency_s,3.712733
1757024018.680,latency_s,3.708370
1757024018.680,latency_s,3.706944
1757024018.680,latency_s,3.702530
1757024018.680,latency_s,3.699597
1757024018.680,latency_s,3.697999
1757024018.681,latency_s,3.693418
1757024018.774,latency_s,3.784618
1757024018.774,latency_s,3.774633
1757024018.775,latency_s,3.768176
1757024018.775,latency_s,3.768340
1757024018.775,latency_s,3.765807
1757024018.775,latency_s,3.764949
1757024018.775,latency_s,3.761969
1757024018.775,latency_s,3.760087
1757024018.775,latency_s,3.754601
1757024018.775,latency_s,3.749739
1757024018.775,latency_s,3.749359
1757024018.775,latency_s,3.712322
1757024018.775,latency_s,3.707400
1757024018.776,latency_s,3.703788
1757024018.776,latency_s,3.702059
1757024018.872,latency_s,3.792528
1757024018.872,latency_s,3.790266
1757024018.872,latency_s,3.788939
1757024018.872,latency_s,3.784450
1757024018.872,latency_s,3.782535
1757024018.872,latency_s,3.772220
1757024018.872,latency_s,3.765335
1757024018.872,latency_s,3.765325
1757024018.872,latency_s,3.762817
1757024018.872,latency_s,3.761905
1757024018.872,latency_s,3.758685
1757024018.872,latency_s,3.756619
1757024018.872,latency_s,3.751050
1757024018.872,latency_s,3.746271
1757024018.872,latency_s,3.746090
1757024018.872,latency_s,3.708508
1757024018.873,latency_s,3.704377
1757024018.873,latency_s,3.701050
1757024018.874,latency_s,3.699266
1757024018.874,latency_s,3.694046
1757024018.874,latency_s,3.691973
1757024018.874,latency_s,3.689490
1757024018.874,latency_s,3.685662
1757024018.874,latency_s,3.683561
1757024018.874,latency_s,3.673784
1757024018.874,latency_s,3.667021
1757024018.874,latency_s,3.667035
1757024018.874,latency_s,3.663519
1757024018.874,latency_s,3.663511
1757024018.874,latency_s,3.660142
1757024018.967,latency_s,3.750281
1757024018.967,latency_s,3.745371
1757024018.969,latency_s,3.741741
1757024018.969,latency_s,3.741614
1757024018.969,latency_s,3.703855
1757024018.969,latency_s,3.699509
1757024018.969,latency_s,3.695939
1757024018.969,latency_s,3.694391
1757024018.969,latency_s,3.689249
1757024019.062,latency_s,3.779022
1757024019.062,latency_s,3.777566
1757024019.062,latency_s,3.773124
1757024019.062,latency_s,3.771171
1757024019.062,latency_s,3.761948
1757024019.062,latency_s,3.755183
1757024019.062,latency_s,3.754691
1757024019.062,latency_s,3.751727
1757024019.063,latency_s,3.751366
1757024019.063,latency_s,3.747837
1757024019.063,latency_s,3.745870
1757024019.063,latency_s,3.740391
1757024019.063,latency_s,3.735348
1757024019.064,latency_s,3.735930
1757024019.064,latency_s,3.698074
1757024019.064,latency_s,3.694742
1757024019.064,latency_s,3.691243
1757024019.064,latency_s,3.689579
1757024019.064,latency_s,3.682836
1757024019.064,latency_s,3.681037
1757024019.064,latency_s,3.679116
1757024019.064,latency_s,3.674171
1757024019.064,latency_s,3.671733
1757024019.064,latency_s,3.663854
1757024019.064,latency_s,3.656971
1757024019.159,latency_s,3.750630
1757024019.159,latency_s,3.747829
1757024019.159,latency_s,3.746016
1757024019.159,latency_s,3.743267
1757024019.159,latency_s,3.741031
1757024019.159,latency_s,3.736057
1757024019.159,latency_s,3.730677
1757024019.159,latency_s,3.730758
1757024019.159,latency_s,3.692897
1757024019.159,latency_s,3.689498
1757024019.159,latency_s,3.686129
1757024019.159,latency_s,3.684450
1757024019.159,latency_s,3.677463
1757024019.159,latency_s,3.675810
1757024019.159,latency_s,3.674044
1757024019.159,latency_s,3.668325
1757024019.159,latency_s,3.665502
1757024019.160,latency_s,3.658594
1757024019.160,latency_s,3.651210
1757024019.254,latency_s,3.744813
1757024019.254,latency_s,3.743314
1757024019.254,latency_s,3.741311
1757024019.255,latency_s,3.738642
1757024019.255,latency_s,3.735781
1757024019.255,latency_s,3.730459
1757024019.255,latency_s,3.726501
1757024019.255,latency_s,3.726233
1757024019.255,latency_s,3.688422
1757024019.376,latency_s,3.806523
1757024019.377,latency_s,3.802996
1757024019.377,latency_s,3.801579
1757024019.377,latency_s,3.794318
1757024019.377,latency_s,3.792836
1757024019.377,latency_s,3.790414
1757024019.377,latency_s,3.784862
1757024019.377,latency_s,3.782561
1757024019.377,latency_s,3.776039
1757024019.377,latency_s,3.767630
1757024019.377,latency_s,3.767276
1757024019.377,latency_s,3.766072
1757024019.377,latency_s,3.763855
1757024019.377,latency_s,3.760872
1757024019.377,latency_s,3.756444
1757024019.377,latency_s,3.752104
1757024019.377,latency_s,3.748446
1757024019.377,latency_s,3.748649
1757024019.378,latency_s,3.710641
1757024019.378,latency_s,3.707617
1757024019.378,latency_s,3.704172
1757024019.378,latency_s,3.702789
1757024019.378,latency_s,3.694911
1757024019.445,latency_s,3.761317
1757024019.446,latency_s,3.759945
1757024019.447,latency_s,3.753975
1757024019.471,latency_s,3.776030
1757024019.472,latency_s,3.770154
1757024019.472,latency_s,3.761761
1757024019.472,latency_s,3.761431
1757024019.472,latency_s,3.759957
1757024019.472,latency_s,3.757514
1757024019.473,latency_s,3.755865
1757024019.473,latency_s,3.750572
1757024019.473,latency_s,3.747787
1757024019.543,latency_s,3.813193
1757024019.543,latency_s,3.812976
1757024019.543,latency_s,3.774862
1757024019.543,latency_s,3.772395
1757024019.543,latency_s,3.769054
1757024019.543,latency_s,3.767581
1757024019.543,latency_s,3.759705
1757024019.543,latency_s,3.758665
1757024019.543,latency_s,3.756231
1757024019.543,latency_s,3.750196
1757024019.543,latency_s,3.746962
1757024019.543,latency_s,3.741567
1757024019.543,latency_s,3.732242
1757024019.543,latency_s,3.732100
1757024019.543,latency_s,3.731195
1757024019.568,latency_s,3.753535
1757024019.568,latency_s,3.750550
1757024019.568,latency_s,3.745404
1757024019.568,latency_s,3.742344
1757024019.568,latency_s,3.738649
1757024019.568,latency_s,3.738269
1757024019.638,latency_s,3.768822
1757024019.638,latency_s,3.766981
1757024019.638,latency_s,3.763589
1757024019.638,latency_s,3.762126
1757024019.638,latency_s,3.753153
1757024019.638,latency_s,3.752911
1757024019.638,latency_s,3.750694
1757024019.638,latency_s,3.744536
1757024019.663,latency_s,3.766928
1757024019.664,latency_s,3.761985
1757024019.664,latency_s,3.752465
1757024019.664,latency_s,3.752460
1757024019.664,latency_s,3.751434
1757024019.664,latency_s,3.747800
1757024019.664,latency_s,3.745880
1757024019.664,latency_s,3.739907
1757024019.664,latency_s,3.737882
1757024019.664,latency_s,3.733093
1757024019.664,latency_s,3.733129
1757024019.664,latency_s,3.694208
1757024019.664,latency_s,3.693326
1757024019.664,latency_s,3.689866
1757024019.664,latency_s,3.687927
1757024019.758,latency_s,3.773358
1757024019.758,latency_s,3.773179
1757024019.758,latency_s,3.770802
1757024019.758,latency_s,3.764072
1757024019.759,latency_s,3.761565
1757024019.759,latency_s,3.756799
1757024019.759,latency_s,3.747334
1757024019.759,latency_s,3.747160
1757024019.759,latency_s,3.745794
1757024019.759,latency_s,3.742127
1757024019.759,latency_s,3.739720
1757024019.759,latency_s,3.734766
1757024019.759,latency_s,3.732575
1757024019.759,latency_s,3.727931
1757024019.759,latency_s,3.727521
1757024019.759,latency_s,3.687489
1757024019.759,latency_s,3.687514
1757024019.853,latency_s,3.778599
1757024019.853,latency_s,3.776627
1757024019.853,latency_s,3.767316
1757024019.854,latency_s,3.764975
1757024019.854,latency_s,3.765087
1757024019.854,latency_s,3.758274
1757024019.854,latency_s,3.756589
1757024019.854,latency_s,3.751179
1757024019.854,latency_s,3.741379
1757024019.854,latency_s,3.741472
1757024019.854,latency_s,3.740663
1757024019.854,latency_s,3.735582
1757024019.854,latency_s,3.733651
1757024019.854,latency_s,3.728717
1757024019.854,latency_s,3.726306
1757024019.950,latency_s,3.818508
1757024019.950,latency_s,3.816969
1757024019.951,latency_s,3.778210
1757024019.951,latency_s,3.777920
1757024019.951,latency_s,3.775270
1757024019.951,latency_s,3.773356
1757024019.951,latency_s,3.762984
1757024019.951,latency_s,3.760571
1757024019.951,latency_s,3.760604
1757024019.990,latency_s,3.792730
1757024019.990,latency_s,3.792029
1757024019.990,latency_s,3.786968
1757024019.990,latency_s,3.777601
1757024019.990,latency_s,3.777501
1757024019.991,latency_s,3.776423
1757024019.991,latency_s,3.771571
1757024019.991,latency_s,3.769315
1757024020.045,latency_s,3.818437
1757024020.046,latency_s,3.817999
1757024020.046,latency_s,3.813674
1757024020.046,latency_s,3.809106
1757024020.046,latency_s,3.773901
1757024020.046,latency_s,3.773149
1757024020.046,latency_s,3.770388
1757024020.047,latency_s,3.767893
1757024020.047,latency_s,3.757519
1757024020.047,latency_s,3.755856
1757024020.047,latency_s,3.756182
1757024020.047,latency_s,3.748820
1757024020.047,latency_s,3.748204
1757024020.047,latency_s,3.742493
1757024020.047,latency_s,3.733586
1757024020.141,latency_s,3.827303
1757024020.141,latency_s,3.826545
1757024020.236,latency_s,3.914000
1757024020.236,latency_s,3.913960
1757024020.236,latency_s,3.908644
1757024020.236,latency_s,3.906891
1757024020.236,latency_s,3.902695
1757024020.236,latency_s,3.897560
1757024020.236,latency_s,3.863198
1757024020.236,latency_s,3.862358
1757024020.236,latency_s,3.859061
1757024020.236,latency_s,3.856181
1757024020.236,latency_s,3.846768
1757024020.236,latency_s,3.844880
1757024020.236,latency_s,3.844879
1757024020.236,latency_s,3.836546
1757024020.236,latency_s,3.836491
1757024020.239,latency_s,3.834719
1757024020.239,latency_s,3.825771
1757024020.239,latency_s,3.825489
1757024020.239,latency_s,3.824347
1757024020.239,latency_s,3.817009
1757024020.240,latency_s,3.817044
1757024020.240,latency_s,3.812304
1757024020.240,latency_s,3.809875
1757024020.240,latency_s,3.805464
1757024020.240,latency_s,3.800621
1757024020.240,latency_s,3.766660
1757024020.240,latency_s,3.766073
1757024020.240,latency_s,3.762725
1757024020.240,latency_s,3.750443
1757024020.240,latency_s,3.747934
1757024020.330,latency_s,3.838296
1757024020.331,latency_s,3.830863
1757024020.334,latency_s,3.834169
1757024020.334,latency_s,3.829851
1757024020.334,latency_s,3.820766
1757024020.334,latency_s,3.820436
1757024020.335,latency_s,3.819228
1757024020.426,latency_s,3.903320
1757024020.426,latency_s,3.903168
1757024020.426,latency_s,3.897160
1757024020.426,latency_s,3.896230
1757024020.426,latency_s,3.890844
1757024020.426,latency_s,3.886717
1757024020.426,latency_s,3.852365
1757024020.426,latency_s,3.852272
1757024020.426,latency_s,3.836649
1757024020.426,latency_s,3.831654
1757024020.426,latency_s,3.831094
1757024020.426,latency_s,3.825904
1757024020.426,latency_s,3.825850
1757024020.427,latency_s,3.820541
1757024020.429,latency_s,3.815335
1757024020.430,latency_s,3.815671
1757024020.430,latency_s,3.813548
1757024020.430,latency_s,3.806669
1757024020.430,latency_s,3.806582
1757024020.430,latency_s,3.800304
1757024020.430,latency_s,3.799682
1757024020.430,latency_s,3.793915
1757024020.430,latency_s,3.790002
1757024020.430,latency_s,3.755982
1757024020.430,latency_s,3.755821
1757024020.430,latency_s,3.948674
1757024020.430,latency_s,3.845764
1757024020.524,latency_s,3.834192
1757024020.524,latency_s,3.828341
1757024020.524,latency_s,3.827933
1757024020.525,latency_s,3.823290
1757024020.525,latency_s,3.823279
1757024020.525,latency_s,3.818486
1757024020.526,latency_s,3.811355
1757024020.526,latency_s,3.811062
1757024020.526,latency_s,3.807973
1757024020.526,latency_s,3.799619
1757024020.526,latency_s,3.799646
1757024020.526,latency_s,3.793233
1757024020.526,latency_s,3.793154
1757024020.526,latency_s,3.789457
1757024020.526,latency_s,3.784981
1757024020.526,latency_s,3.751010
1757024020.526,latency_s,3.750889
1757024020.526,latency_s,3.841136
1757024020.526,latency_s,3.948213
1757024020.620,latency_s,3.941833
1757024020.621,latency_s,3.841779
1757024020.621,latency_s,3.830361
1757024020.621,latency_s,3.823577
1757024020.621,latency_s,3.823238
1757024020.621,latency_s,3.818724
1757024020.621,latency_s,3.818649
1757024020.621,latency_s,3.813362
1757024020.621,latency_s,3.806519
1757024020.621,latency_s,3.805551
1757024020.621,latency_s,3.802924
1757024020.621,latency_s,3.793737
1757024020.621,latency_s,3.793203
1757024020.716,latency_s,3.882311
1757024020.716,latency_s,3.882322
1757024020.716,latency_s,3.878607
1757024020.716,latency_s,3.873628
1757024020.716,latency_s,3.930370
1757024020.716,latency_s,3.840229
1757024020.716,latency_s,3.839978
1757024020.716,latency_s,3.835824
1757024020.716,latency_s,3.825259
1757024020.716,latency_s,3.818541
1757024020.811,latency_s,3.912983
1757024020.811,latency_s,3.908496
1757024020.811,latency_s,3.908314
1757024020.811,latency_s,3.903265
1757024020.811,latency_s,3.896301
1757024020.811,latency_s,3.894868
1757024020.811,latency_s,3.891879
1757024020.811,latency_s,3.883481
1757024020.811,latency_s,3.883135
1757024020.811,latency_s,3.877998
1757024020.812,latency_s,3.877847
1757024020.812,latency_s,3.874017
1757024020.812,latency_s,3.868999
1757024020.812,latency_s,3.926018
1757024020.812,latency_s,3.835862
1757024020.812,latency_s,3.834846
1757024020.812,latency_s,3.831452
1757024020.812,latency_s,3.820913
1757024020.812,latency_s,3.812658
1757024020.812,latency_s,3.812767
1757024020.812,latency_s,3.808300
1757024020.812,latency_s,3.808475
1757024020.906,latency_s,3.898316
1757024020.906,latency_s,3.891523
1757024020.906,latency_s,3.890086
1757024020.906,latency_s,3.886658
1757024020.907,latency_s,3.877727
1757024020.907,latency_s,3.877536
1757024020.907,latency_s,3.872049
1757024020.907,latency_s,3.872296
1757024020.907,latency_s,3.867573
1757024020.907,latency_s,3.862314
1757024020.907,latency_s,3.920723
1757024021.003,latency_s,3.926680
1757024021.003,latency_s,3.925612
1757024021.003,latency_s,3.922228
1757024021.003,latency_s,3.911783
1757024021.003,latency_s,3.903538
1757024021.003,latency_s,3.903325
1757024021.003,latency_s,3.898977
1757024021.003,latency_s,3.899135
1757024021.003,latency_s,3.894779
1757024021.003,latency_s,3.887946
1757024021.003,latency_s,3.886008
1757024021.003,latency_s,3.882731
1757024021.003,latency_s,3.873688
1757024021.003,latency_s,3.873682
1757024021.003,latency_s,3.868140
1757024021.003,latency_s,3.868166
1757024021.003,latency_s,3.863189
1757024021.003,latency_s,3.858073
1757024021.003,latency_s,3.915826
1757024021.004,latency_s,3.827349
1757024021.004,latency_s,3.826267
1757024021.004,latency_s,3.822749
1757024021.004,latency_s,3.812455
1757024021.004,latency_s,3.804072
1757024021.004,latency_s,3.803924
1757024021.004,latency_s,3.798733
1757024021.098,latency_s,3.892773
1757024021.098,latency_s,3.889634
1757024021.098,latency_s,3.882771
1757024021.098,latency_s,3.880271
1757024021.098,latency_s,3.877372
1757024021.098,latency_s,3.868597
1757024021.098,latency_s,3.868456
1757024021.098,latency_s,3.862041
1757024021.098,latency_s,3.857468
1757024021.099,latency_s,3.853015
1757024021.099,latency_s,3.910913
1757024021.099,latency_s,3.822010
1757024021.099,latency_s,3.820960
1757024021.195,latency_s,3.913472
1757024021.195,latency_s,3.903302
1757024021.195,latency_s,3.895008
1757024021.195,latency_s,3.894846
1757024021.195,latency_s,3.889378
1757024021.195,latency_s,3.889286
1757024021.195,latency_s,3.886334
1757024021.195,latency_s,3.879407
1757024021.195,latency_s,3.875832
1757024021.195,latency_s,3.873485
1757024021.195,latency_s,3.864044
1757024021.195,latency_s,3.864096
1757024021.195,latency_s,3.858449
1757024021.195,latency_s,3.854141
1757024021.195,latency_s,3.848620
1757024021.195,latency_s,3.905546
1757024021.195,latency_s,3.817661
1757024021.196,latency_s,3.817314
1757024021.196,latency_s,3.814381
1757024021.290,latency_s,3.898320
1757024021.290,latency_s,3.886666
1757024021.290,latency_s,3.886371
1757024021.290,latency_s,3.883875
1757024021.290,latency_s,3.883856
1757024021.291,latency_s,3.881645
1757024021.291,latency_s,3.874776
1757024021.291,latency_s,3.871105
1757024021.291,latency_s,3.868695
1757024021.291,latency_s,3.858448
1757024021.291,latency_s,3.858481
1757024021.291,latency_s,4.054550
1757024021.291,latency_s,3.953906
1757024021.291,latency_s,3.853192
1757024021.291,latency_s,3.848256
1757024021.291,latency_s,3.842656
1757024021.291,latency_s,3.900285
1757024021.291,latency_s,3.812912
1757024021.291,latency_s,3.812503
1757024021.386,latency_s,3.904716
1757024021.386,latency_s,3.894413
1757024021.386,latency_s,3.882607
1757024021.386,latency_s,3.882273
1757024021.387,latency_s,3.879037
1757024021.387,latency_s,3.879173
1757024021.387,latency_s,3.877448
1757024021.387,latency_s,3.870552
1757024021.387,latency_s,3.865110
1757024021.387,latency_s,3.863275
1757024021.387,latency_s,3.949068
1757024021.387,latency_s,3.853190
1757024021.387,latency_s,3.853321
1757024021.387,latency_s,3.848366
1757024021.387,latency_s,3.842957
1757024021.387,latency_s,3.894926
1757024021.387,latency_s,3.838206
1757024021.387,latency_s,3.808614
1757024021.387,latency_s,3.808317
1757024021.387,latency_s,3.805468
1757024021.482,latency_s,3.889567
1757024021.482,latency_s,3.877389
1757024021.482,latency_s,3.877336
1757024021.482,latency_s,3.874382
1757024021.482,latency_s,3.874390
1757024021.482,latency_s,3.873016
1757024021.482,latency_s,3.866171
1757024021.483,latency_s,3.860266
1757024021.483,latency_s,3.858355
1757024021.483,latency_s,3.943814
1757024021.483,latency_s,3.848040
1757024021.483,latency_s,3.847719
1757024021.483,latency_s,3.844045
1757024021.483,latency_s,3.890161
1757024021.483,latency_s,3.838382
1757024021.483,latency_s,3.833863
1757024021.483,latency_s,3.804299
1757024021.483,latency_s,3.804032
1757024021.577,latency_s,3.895414
1757024021.578,latency_s,3.885193
1757024021.578,latency_s,3.872393
1757024021.578,latency_s,3.872433
1757024021.578,latency_s,3.869958
1757024021.578,latency_s,3.869805
1757024021.578,latency_s,3.868128
1757024021.578,latency_s,3.861241
1757024021.578,latency_s,3.855339
1757024021.578,latency_s,3.937610
1757024021.578,latency_s,3.852562
1757024021.578,latency_s,3.843185
1757024021.578,latency_s,3.842554
1757024021.578,latency_s,3.884124
1757024021.578,latency_s,3.838759
1757024021.578,latency_s,3.832386
1757024021.578,latency_s,3.828742
1757024021.578,latency_s,3.799709
1757024021.579,latency_s,3.799468
1757024021.673,latency_s,3.890691
1757024021.673,latency_s,3.880487
1757024021.673,latency_s,3.867619
1757024021.673,latency_s,3.867455
1757024021.673,latency_s,3.864214
1757024021.673,latency_s,3.863520
1757024021.673,latency_s,3.863653
1757024021.673,latency_s,3.856553
1757024021.673,latency_s,3.932944
1757024021.673,latency_s,3.849622
1757024021.673,latency_s,3.847163
1757024021.673,latency_s,3.877353
1757024021.674,latency_s,3.837875
1757024021.768,latency_s,3.931985
1757024021.768,latency_s,3.928044
1757024021.768,latency_s,3.922357
1757024021.768,latency_s,3.918421
1757024021.768,latency_s,3.889314
1757024021.768,latency_s,3.889092
1757024021.768,latency_s,3.885897
1757024021.768,latency_s,3.875596
1757024021.768,latency_s,3.861676
1757024021.769,latency_s,3.861384
1757024021.769,latency_s,3.859538
1757024021.769,latency_s,3.858672
1757024021.863,latency_s,3.952847
1757024021.863,latency_s,4.022444
1757024021.863,latency_s,3.945621
1757024021.863,latency_s,3.939110
1757024021.863,latency_s,3.966771
1757024021.863,latency_s,3.935789
1757024021.863,latency_s,3.927053
1757024021.863,latency_s,3.926907
1757024021.863,latency_s,3.923012
1757024021.863,latency_s,3.916788
1757024021.863,latency_s,3.912837
1757024021.864,latency_s,3.884318
1757024021.864,latency_s,3.883990
1757024021.864,latency_s,3.880983
1757024021.864,latency_s,3.870647
1757024021.864,latency_s,3.856802
1757024021.864,latency_s,3.856200
1757024021.864,latency_s,3.923144
1757024021.864,latency_s,3.853517
1757024021.864,latency_s,3.853628
1757024021.958,latency_s,3.947522
1757024021.959,latency_s,3.940861
1757024021.959,latency_s,3.961131
1757024021.959,latency_s,3.934165
1757024021.959,latency_s,3.929256
1757024021.959,latency_s,3.921669
1757024021.959,latency_s,3.922048
1757024021.959,latency_s,3.917360
1757024021.959,latency_s,3.912488
1757024021.959,latency_s,3.908497
1757024021.960,latency_s,3.879984
1757024021.960,latency_s,3.879730
1757024021.960,latency_s,3.875966
1757024021.960,latency_s,3.866305
1757024021.960,latency_s,3.918372
1757024021.960,latency_s,3.852877
1757024021.960,latency_s,3.852245
1757024022.056,latency_s,3.944851
1757024022.056,latency_s,3.944972
1757024022.056,latency_s,3.944565
1757024022.056,latency_s,3.957262
1757024022.056,latency_s,3.937937
1757024022.056,latency_s,3.930905
1757024022.056,latency_s,3.925411
1757024022.056,latency_s,3.918528
1757024022.056,latency_s,3.918391
1757024022.056,latency_s,3.913636
1757024022.056,latency_s,3.908888
1757024022.056,latency_s,3.904536
1757024022.056,latency_s,3.876413
1757024022.056,latency_s,3.876131
1757024022.056,latency_s,3.872367
1757024022.056,latency_s,3.862576
1757024022.056,latency_s,3.914241
1757024022.056,latency_s,3.848801
1757024022.056,latency_s,3.847116
1757024022.057,latency_s,3.845580
1757024022.057,latency_s,3.845557
1757024022.151,latency_s,3.938606
1757024022.151,latency_s,3.951537
1757024022.151,latency_s,3.933172
1757024022.151,latency_s,3.924545
1757024022.151,latency_s,3.920599
1757024022.151,latency_s,3.912608
1757024022.152,latency_s,3.912272
1757024022.152,latency_s,3.908098
1757024022.152,latency_s,3.904083
1757024022.152,latency_s,3.900038
1757024022.152,latency_s,3.871766
1757024022.152,latency_s,3.871550
1757024022.152,latency_s,3.866872
1757024022.152,latency_s,3.858013
1757024022.152,latency_s,3.909432
1757024022.152,latency_s,3.844248
1757024022.152,latency_s,3.851281
1757024022.247,latency_s,3.937389
1757024022.247,latency_s,3.936058
1757024022.247,latency_s,3.936072
1757024022.247,latency_s,3.933464
1757024022.247,latency_s,3.929147
1757024022.247,latency_s,3.919890
1757024022.247,latency_s,3.915506
1757024022.247,latency_s,3.908436
1757024022.247,latency_s,3.907983
1757024022.248,latency_s,3.903696
1757024022.248,latency_s,3.899349
1757024022.248,latency_s,3.894916
1757024022.248,latency_s,3.867439
1757024022.248,latency_s,3.867085
1757024022.248,latency_s,3.862514
1757024022.248,latency_s,3.904988
1757024022.248,latency_s,3.853712
1757024022.248,latency_s,3.844837
1757024022.248,latency_s,3.839907
1757024022.248,latency_s,3.837749
1757024022.248,latency_s,3.836718
1757024022.438,latency_s,4.026093
1757024022.438,latency_s,4.022832
1757024022.438,latency_s,4.019437
1757024022.438,latency_s,4.010128
1757024022.438,latency_s,4.004646
1757024022.438,latency_s,3.996352
1757024022.438,latency_s,3.996307
1757024022.438,latency_s,3.993518
1757024022.438,latency_s,3.989546
1757024022.438,latency_s,3.985157
1757024022.438,latency_s,3.957524
1757024022.438,latency_s,3.957314
1757024022.438,latency_s,3.952238
1757024022.438,latency_s,3.995044
1757024022.438,latency_s,3.943603
1757024022.438,latency_s,3.934476
1757024022.438,latency_s,3.930099
1757024022.438,latency_s,3.927584
1757024022.438,latency_s,3.926631
1757024022.439,latency_s,3.926449
1757024022.439,latency_s,3.922558
1757024022.439,latency_s,3.920158
1757024022.439,latency_s,3.909782
1757024022.439,latency_s,3.904846
1757024022.439,latency_s,3.896870
1757024022.439,latency_s,3.896337
1757024022.439,latency_s,3.894248
1757024022.439,latency_s,3.889228
1757024022.439,latency_s,3.885753
1757024022.439,latency_s,3.858500
1757024022.440,latency_s,3.896437
1757024022.440,latency_s,3.859116
1757024022.534,latency_s,3.947368
1757024022.534,latency_s,3.938131
1757024022.534,latency_s,3.929241
1757024022.534,latency_s,3.925916
1757024022.535,latency_s,3.923503
1757024022.535,latency_s,3.922575
1757024022.535,latency_s,3.922116
1757024022.535,latency_s,3.915862
1757024022.535,latency_s,3.916587
1757024022.535,latency_s,3.905709
1757024022.536,latency_s,3.900352
1757024022.536,latency_s,3.892036
1757024022.536,latency_s,3.891989
1757024022.536,latency_s,3.890610
1757024022.536,latency_s,3.884771
1757024022.536,latency_s,3.882178
1757024022.536,latency_s,3.891751
1757024022.536,latency_s,3.854752
1757024022.630,latency_s,3.948642
1757024022.630,latency_s,3.943162
1757024022.630,latency_s,3.933829
1757024022.630,latency_s,3.924933
1757024022.630,latency_s,3.921749
1757024022.630,latency_s,3.919254
1757024022.631,latency_s,3.918308
1757024022.631,latency_s,3.917866
1757024022.631,latency_s,3.911516
1757024022.631,latency_s,3.911137
1757024022.631,latency_s,3.900172
1757024022.631,latency_s,3.894154
1757024022.631,latency_s,3.886466
1757024022.631,latency_s,3.886509
1757024022.725,latency_s,3.979983
1757024022.725,latency_s,3.973515
1757024022.725,latency_s,3.971683
1757024022.725,latency_s,3.980990
1757024022.725,latency_s,3.944220
1757024022.726,latency_s,3.943867
1757024022.726,latency_s,3.937356
1757024022.726,latency_s,3.928521
1757024022.726,latency_s,3.917850
1757024022.726,latency_s,3.916857
1757024022.726,latency_s,3.914380
1757024022.726,latency_s,3.911963
1757024022.821,latency_s,4.006989
1757024022.821,latency_s,4.001717
1757024022.821,latency_s,4.001416
1757024022.821,latency_s,3.988731
1757024022.821,latency_s,3.983420
1757024022.821,latency_s,3.975439
1757024022.822,latency_s,3.976626
1757024022.822,latency_s,3.976573
1757024022.822,latency_s,3.970386
1757024022.822,latency_s,3.968540
1757024022.822,latency_s,3.977481
1757024022.823,latency_s,3.941205
1757024022.823,latency_s,3.941009
1757024022.823,latency_s,3.934468
1757024022.823,latency_s,3.925172
1757024022.870,latency_s,3.961434
1757024022.870,latency_s,3.961111
1757024022.870,latency_s,3.957660
1757024022.871,latency_s,3.956438
1757024022.871,latency_s,3.955937
1757024022.917,latency_s,3.997736
1757024022.917,latency_s,3.996857
1757024022.918,latency_s,3.984903
1757024022.918,latency_s,3.979179
1757024022.918,latency_s,3.971510
1757024022.918,latency_s,3.971628
1757024022.918,latency_s,3.970708
1757024022.918,latency_s,3.965356
1757024022.918,latency_s,3.963322
1757024022.918,latency_s,3.970701
1757024022.918,latency_s,3.936281
1757024022.918,latency_s,3.936014
1757024023.013,latency_s,4.024020
1757024023.013,latency_s,4.014872
1757024023.013,latency_s,4.003577
1757024023.013,latency_s,4.003105
1757024023.013,latency_s,3.999234
1757024023.108,latency_s,4.093737
1757024023.108,latency_s,4.091885
1757024023.108,latency_s,4.088536
1757024023.108,latency_s,4.086986
1757024023.108,latency_s,4.074550
1757024023.108,latency_s,4.069667
1757024023.108,latency_s,4.060539
1757024023.108,latency_s,4.060775
1757024023.108,latency_s,4.059801
1757024023.109,latency_s,4.055167
1757024023.109,latency_s,4.053200
1757024023.109,latency_s,4.059798
1757024023.109,latency_s,4.026650
1757024023.109,latency_s,4.026407
1757024023.109,latency_s,4.019796
1757024023.110,latency_s,4.010217
1757024023.110,latency_s,4.000293
1757024023.110,latency_s,4.000007
1757024023.110,latency_s,3.995428
1757024023.110,latency_s,3.995414
1757024023.110,latency_s,3.993717
1757024023.110,latency_s,3.989771
1757024023.110,latency_s,3.987828
1757024023.110,latency_s,3.974968
1757024023.110,latency_s,3.970958
1757024023.110,latency_s,3.960886
1757024023.111,latency_s,3.959484
1757024023.203,latency_s,4.052230
1757024023.203,latency_s,4.052325
1757024023.203,latency_s,4.049362
1757024023.203,latency_s,4.046306
1757024023.204,latency_s,4.021427
1757024023.207,latency_s,4.024304
1757024023.207,latency_s,4.017747
1757024023.207,latency_s,4.006500
1757024023.207,latency_s,3.997202
1757024023.299,latency_s,4.088686
1757024023.299,latency_s,4.083348
1757024023.299,latency_s,4.083398
1757024023.299,latency_s,4.082337
1757024023.299,latency_s,4.078517
1757024023.299,latency_s,4.074946
1757024023.299,latency_s,4.062790
1757024023.299,latency_s,4.058315
1757024023.299,latency_s,4.049028
1757024023.299,latency_s,4.048059
1757024023.299,latency_s,4.047895
1757024023.299,latency_s,4.048143
1757024023.299,latency_s,4.044205
1757024023.300,latency_s,4.042251
1757024023.300,latency_s,4.017312
1757024023.302,latency_s,4.019637
1757024023.302,latency_s,4.013102
1757024023.303,latency_s,4.001325
1757024023.303,latency_s,3.991859
1757024023.303,latency_s,3.991813
1757024023.303,latency_s,3.985695
1757024023.303,latency_s,3.985673
1757024023.303,latency_s,3.985684
1757024023.394,latency_s,4.072259
1757024023.394,latency_s,4.069460
1757024023.394,latency_s,4.056637
1757024023.394,latency_s,4.053134
1757024023.394,latency_s,4.043838
1757024023.397,latency_s,4.045669
1757024023.397,latency_s,4.045366
1757024023.398,latency_s,4.046364
1757024023.398,latency_s,4.041228
1757024023.398,latency_s,4.040767
1757024023.398,latency_s,4.015644
1757024023.398,latency_s,4.015457
1757024023.398,latency_s,4.008738
1757024023.398,latency_s,3.996935
1757024023.398,latency_s,3.987446
1757024023.398,latency_s,3.987501
1757024023.399,latency_s,3.981468
1757024023.399,latency_s,3.981344
1757024023.399,latency_s,3.981085
1757024023.399,latency_s,3.976447
1757024023.399,latency_s,3.973003
1757024023.399,latency_s,3.959678
1757024023.399,latency_s,3.957150
1757024023.399,latency_s,3.946958
1757024023.493,latency_s,4.040164
1757024023.493,latency_s,4.040118
1757024023.493,latency_s,4.040534
1757024023.493,latency_s,4.035106
1757024023.493,latency_s,4.034828
1757024023.493,latency_s,4.010022
1757024023.493,latency_s,4.009827
1757024023.493,latency_s,4.003376
1757024023.493,latency_s,3.991610
1757024023.493,latency_s,3.981799
1757024023.493,latency_s,3.981534
1757024023.493,latency_s,3.975840
1757024023.493,latency_s,3.975605
1757024023.588,latency_s,4.070698
1757024023.589,latency_s,4.065809
1757024023.589,latency_s,4.062669
1757024023.589,latency_s,4.048982
1757024023.589,latency_s,4.047068
1757024023.589,latency_s,4.036793
1757024023.589,latency_s,4.035810
1757024023.589,latency_s,4.035813
1757024023.589,latency_s,4.035838
1757024023.589,latency_s,4.028417
1757024023.589,latency_s,4.028631
1757024023.629,latency_s,4.046220
1757024023.630,latency_s,4.046161
1757024023.630,latency_s,4.039541
1757024023.630,latency_s,4.026718
1757024023.630,latency_s,4.017085
1757024023.630,latency_s,4.017013
1757024023.630,latency_s,4.011553
1757024023.630,latency_s,4.011430
1757024023.684,latency_s,4.065523
1757024023.684,latency_s,4.060618
1757024023.684,latency_s,4.057766
1757024023.684,latency_s,4.044264
1757024023.685,latency_s,4.042557
1757024023.685,latency_s,4.030869
1757024023.685,latency_s,4.030812
1757024023.685,latency_s,4.030920
1757024023.685,latency_s,4.030633
1757024023.685,latency_s,4.024155
1757024023.685,latency_s,4.023211
1757024023.685,latency_s,4.001328
1757024023.685,latency_s,4.001577
1757024023.780,latency_s,4.089413
1757024023.780,latency_s,4.076706
1757024023.780,latency_s,4.066880
1757024023.780,latency_s,4.066815
1757024023.780,latency_s,4.060025
1757024023.780,latency_s,4.059946
1757024023.780,latency_s,4.059882
1757024023.780,latency_s,4.055699
1757024023.780,latency_s,4.052811
1757024023.902,latency_s,4.161132
1757024023.902,latency_s,4.159602
1757024023.902,latency_s,4.147502
1757024023.902,latency_s,4.147457
1757024023.902,latency_s,4.147598
1757024023.902,latency_s,4.147548
1757024023.902,latency_s,4.140727
1757024023.902,latency_s,4.139285
1757024023.902,latency_s,4.118731
1757024023.903,latency_s,4.118704
1757024023.903,latency_s,4.112081
1757024023.903,latency_s,4.098225
1757024023.903,latency_s,4.089440
1757024023.903,latency_s,4.089125
1757024023.903,latency_s,4.081101
1757024023.903,latency_s,4.081077
1757024023.903,latency_s,4.081064
1757024023.903,latency_s,4.077779
1757024023.903,latency_s,4.073787
1757024023.970,latency_s,4.128273
1757024023.970,latency_s,4.126413
1757024023.970,latency_s,4.115051
1757024023.970,latency_s,4.115132
1757024023.971,latency_s,4.115836
1757024023.971,latency_s,4.115792
1757024023.971,latency_s,4.108887
1757024023.971,latency_s,4.107959
1757024023.971,latency_s,4.087212
1757024023.971,latency_s,4.087062
1757024023.971,latency_s,4.080520
1757024023.971,latency_s,4.066581
1757024023.971,latency_s,4.057391
1757024023.998,latency_s,4.084099
1757024023.998,latency_s,4.076035
1757024023.998,latency_s,4.076096
1757024023.999,latency_s,4.076209
1757024024.066,latency_s,4.140753
1757024024.066,latency_s,4.135972
1757024024.066,latency_s,4.124068
1757024024.066,latency_s,4.122244
1757024024.066,latency_s,4.110745
1757024024.066,latency_s,4.110779
1757024024.066,latency_s,4.110349
1757024024.066,latency_s,4.110625
1757024024.066,latency_s,4.103945
1757024024.067,latency_s,4.102514
1757024024.067,latency_s,4.081871
1757024024.067,latency_s,4.080882
1757024024.067,latency_s,4.074516
1757024024.067,latency_s,4.061114
1757024024.094,latency_s,4.078726
1757024024.094,latency_s,4.078761
1757024024.094,latency_s,4.070166
1757024024.094,latency_s,4.070472
1757024024.094,latency_s,4.068441
1757024024.094,latency_s,4.061651
1757024024.161,latency_s,4.117926
1757024024.161,latency_s,4.116225
1757024024.161,latency_s,4.104803
1757024024.161,latency_s,4.105057
1757024024.161,latency_s,4.104848
1757024024.161,latency_s,4.105085
1757024024.162,latency_s,4.096804
1757024024.162,latency_s,4.095672
1757024024.188,latency_s,4.102643
1757024024.188,latency_s,4.101657
1757024024.190,latency_s,4.097467
1757024024.190,latency_s,4.083989
1757024024.190,latency_s,4.074487
1757024024.190,latency_s,4.074566
1757024024.190,latency_s,4.066783
1757024024.190,latency_s,4.065973
1757024024.191,latency_s,4.064650
1757024024.191,latency_s,4.057010
1757024024.191,latency_s,4.047192
1757024024.191,latency_s,4.043920
1757024024.191,latency_s,4.033543
1757024024.191,latency_s,4.033553
1757024024.191,latency_s,4.033627
1757024024.191,latency_s,4.033403
1757024024.191,latency_s,4.024785
1757024024.191,latency_s,4.023229
1757024024.283,latency_s,4.096196
1757024024.283,latency_s,4.090856
1757024024.283,latency_s,4.076989
1757024024.283,latency_s,4.067536
1757024024.283,latency_s,4.067550
1757024024.284,latency_s,4.260197
1757024024.285,latency_s,4.160827
1757024024.285,latency_s,4.061228
1757024024.285,latency_s,4.060289
1757024024.286,latency_s,4.059371
1757024024.286,latency_s,4.051754
1757024024.286,latency_s,4.041568
1757024024.286,latency_s,4.037608
1757024024.286,latency_s,4.028341
1757024024.379,latency_s,4.121450
1757024024.379,latency_s,4.121355
1757024024.379,latency_s,4.121393
1757024024.379,latency_s,4.112540
1757024024.379,latency_s,4.110622
1757024024.379,latency_s,4.091815
1757024024.379,latency_s,4.086461
1757024024.379,latency_s,4.072225
1757024024.379,latency_s,4.154213
1757024024.380,latency_s,4.063115
1757024024.380,latency_s,4.063205
1757024024.380,latency_s,4.054689
1757024024.380,latency_s,4.053426
1757024024.380,latency_s,4.053775
1757024024.380,latency_s,4.045594
1757024024.380,latency_s,4.035231
1757024024.380,latency_s,4.031362
1757024024.380,latency_s,4.022057
1757024024.474,latency_s,4.114149
1757024024.474,latency_s,4.114201
1757024024.474,latency_s,4.114181
1757024024.474,latency_s,4.107124
1757024024.475,latency_s,4.105167
1757024024.475,latency_s,4.288908
1757024024.475,latency_s,4.188188
1757024024.475,latency_s,4.087524
1757024024.475,latency_s,4.086996
1757024024.475,latency_s,4.081891
1757024024.570,latency_s,4.161644
1757024024.571,latency_s,4.244431
1757024024.571,latency_s,4.153962
1757024024.571,latency_s,4.153769
1757024024.571,latency_s,4.144123
1757024024.571,latency_s,4.144149
1757024024.571,latency_s,4.143943
1757024024.571,latency_s,4.135857
1757024024.571,latency_s,4.126058
1757024024.571,latency_s,4.121581
1757024024.571,latency_s,4.112272
1757024024.571,latency_s,4.110347
1757024024.571,latency_s,4.110195
1757024024.571,latency_s,4.109459
1757024024.571,latency_s,4.103082
1757024024.571,latency_s,4.101116
1757024024.571,latency_s,4.083874
1757024024.571,latency_s,4.082055
1757024024.571,latency_s,4.077518
1757024024.572,latency_s,4.063411
1757024024.572,latency_s,4.144836
1757024024.572,latency_s,4.054358
1757024024.665,latency_s,4.146733
1757024024.665,latency_s,4.138050
1757024024.665,latency_s,4.137856
1757024024.665,latency_s,4.138004
1757024024.665,latency_s,4.129923
1757024024.665,latency_s,4.119600
1757024024.665,latency_s,4.114188
1757024024.665,latency_s,4.106478
1757024024.665,latency_s,4.103846
1757024024.666,latency_s,4.103594
1757024024.667,latency_s,4.104756
1757024024.667,latency_s,4.098452
1757024024.667,latency_s,4.096544
1757024024.667,latency_s,4.078790
1757024024.667,latency_s,4.077374
1757024024.667,latency_s,4.072405
1757024024.667,latency_s,4.139570
1757024024.760,latency_s,4.151645
1757024024.760,latency_s,4.142751
1757024024.760,latency_s,4.142173
1757024024.760,latency_s,4.132822
1757024024.760,latency_s,4.132800
1757024024.760,latency_s,4.132715
1757024024.761,latency_s,4.124403
1757024024.761,latency_s,4.114196
1757024024.761,latency_s,4.109226
1757024024.761,latency_s,4.100926
1757024024.761,latency_s,4.098059
1757024024.764,latency_s,4.101148
1757024024.764,latency_s,4.101208
1757024024.764,latency_s,4.092914
1757024024.764,latency_s,4.091036
1757024024.764,latency_s,4.075241
1757024024.764,latency_s,4.073092
1757024024.764,latency_s,4.069403
1757024024.764,latency_s,4.135469
1757024024.764,latency_s,4.055549
1757024024.764,latency_s,4.046411
1757024024.764,latency_s,4.045380
1757024024.764,latency_s,4.036667
1757024024.764,latency_s,4.036478
1757024024.764,latency_s,4.036489
1757024024.860,latency_s,4.122900
1757024024.860,latency_s,4.113258
1757024024.860,latency_s,4.107931
1757024024.860,latency_s,4.099680
1757024024.860,latency_s,4.096721
1757024024.860,latency_s,4.096758
1757024024.860,latency_s,4.096724
1757024024.860,latency_s,4.088454
1757024024.860,latency_s,4.086517
1757024024.860,latency_s,4.070748
1757024024.860,latency_s,4.068948
1757024024.955,latency_s,4.159906
1757024024.955,latency_s,4.226614
1757024024.956,latency_s,4.146732
1757024024.956,latency_s,4.137754
1757024024.956,latency_s,4.135298
1757024024.956,latency_s,4.127573
1757024024.956,latency_s,4.127518
1757024024.956,latency_s,4.126654
1757024024.956,latency_s,4.118238
1757024024.956,latency_s,4.108823
1757024024.956,latency_s,4.103977
1757024024.956,latency_s,4.095595
1757024024.956,latency_s,4.090542
1757024024.956,latency_s,4.091064
1757024024.956,latency_s,4.090857
1757024024.956,latency_s,4.082845
1757024024.956,latency_s,4.082438
1757024024.956,latency_s,4.066708
1757024024.957,latency_s,4.125523
1757024024.957,latency_s,4.065020
1757024024.957,latency_s,4.060644
1757024025.051,latency_s,4.141108
1757024025.051,latency_s,4.131857
1757024025.051,latency_s,4.127865
1757024025.051,latency_s,4.121448
1757024025.051,latency_s,4.121600
1757024025.051,latency_s,4.121143
1757024025.051,latency_s,4.112308
1757024025.051,latency_s,4.102963
1757024025.051,latency_s,4.098045
1757024025.051,latency_s,4.089726
1757024025.052,latency_s,4.085670
1757024025.052,latency_s,4.085588
1757024025.147,latency_s,4.180872
1757024025.147,latency_s,4.172618
1757024025.147,latency_s,4.172616
1757024025.147,latency_s,4.216129
1757024025.147,latency_s,4.156983
1757024025.148,latency_s,4.155032
1757024025.148,latency_s,4.150658
1757024025.148,latency_s,4.138210
1757024025.149,latency_s,4.128917
1757024025.149,latency_s,4.124902
1757024025.149,latency_s,4.118536
1757024025.149,latency_s,4.118662
1757024025.149,latency_s,4.118155
1757024025.149,latency_s,4.109279
1757024025.149,latency_s,4.099999
1757024025.149,latency_s,4.095096
1757024025.149,latency_s,4.087330
1757024025.149,latency_s,4.082058
1757024025.149,latency_s,4.082020
1757024025.150,latency_s,4.081918
1757024025.150,latency_s,4.074168
1757024025.150,latency_s,4.074189
1757024025.150,latency_s,4.118101
1757024025.150,latency_s,4.059103
1757024025.150,latency_s,4.057030
1757024025.150,latency_s,4.052713
1757024025.242,latency_s,4.130515
1757024025.242,latency_s,4.122107
1757024025.242,latency_s,4.117817
1757024025.242,latency_s,4.111763
1757024025.243,latency_s,4.112166
1757024025.243,latency_s,4.112420
1757024025.245,latency_s,4.104957
1757024025.245,latency_s,4.095838
1757024025.245,latency_s,4.090199
1757024025.245,latency_s,4.083254
1757024025.245,latency_s,4.077046
1757024025.245,latency_s,4.076959
1757024025.246,latency_s,4.076986
1757024025.246,latency_s,4.113818
1757024025.246,latency_s,4.070071
1757024025.338,latency_s,4.162477
1757024025.339,latency_s,4.147014
1757024025.339,latency_s,4.144771
1757024025.339,latency_s,4.141173
1757024025.339,latency_s,4.127609
1757024025.339,latency_s,4.119224
1757024025.339,latency_s,4.114114
1757024025.340,latency_s,4.108460
1757024025.340,latency_s,4.108152
1757024025.340,latency_s,4.108798
1757024025.340,latency_s,4.099991
1757024025.340,latency_s,4.090662
1757024025.341,latency_s,4.084469
1757024025.341,latency_s,4.078778
1757024025.341,latency_s,4.072350
1757024025.341,latency_s,4.072273
1757024025.341,latency_s,4.071777
1757024025.341,latency_s,4.108879
1757024025.341,latency_s,4.063627
1757024025.341,latency_s,4.064404
1757024025.435,latency_s,4.143357
1757024025.435,latency_s,4.140875
1757024025.435,latency_s,4.136517
1757024025.437,latency_s,4.125037
1757024025.532,latency_s,4.211243
1757024025.532,latency_s,4.206457
1757024025.532,latency_s,4.200048
1757024025.532,latency_s,4.199819
1757024025.532,latency_s,4.199801
1757024025.532,latency_s,4.191406
1757024025.532,latency_s,4.181430
1757024025.532,latency_s,4.174596
1757024025.532,latency_s,4.169787
1757024025.532,latency_s,4.199727
1757024025.532,latency_s,4.163305
1757024025.532,latency_s,4.163096
1757024025.532,latency_s,4.161915
1757024025.532,latency_s,4.155041
1757024025.532,latency_s,4.154078
1757024025.532,latency_s,4.140280
1757024025.532,latency_s,4.137215
1757024025.532,latency_s,4.133456
1757024025.532,latency_s,4.120416
1757024025.533,latency_s,4.112125
1757024025.533,latency_s,4.106614
1757024025.533,latency_s,4.099973
1757024025.533,latency_s,4.099187
1757024025.533,latency_s,4.092207
1757024025.533,latency_s,4.082153
1757024025.533,latency_s,4.074764
1757024025.533,latency_s,4.099068
1757024025.533,latency_s,4.070564
1757024025.625,latency_s,4.155071
1757024025.625,latency_s,4.155178
1757024025.625,latency_s,4.154313
1757024025.625,latency_s,4.147169
1757024025.628,latency_s,4.149197
1757024025.628,latency_s,4.135478
1757024025.628,latency_s,4.132011
1757024025.628,latency_s,4.128127
1757024025.628,latency_s,4.115840
1757024025.721,latency_s,4.199668
1757024025.721,latency_s,4.193944
1757024025.721,latency_s,4.187755
1757024025.721,latency_s,4.187087
1757024025.721,latency_s,4.179848
1757024025.721,latency_s,4.169467
1757024025.721,latency_s,4.186825
1757024025.721,latency_s,4.162567
1757024025.721,latency_s,4.158285
1757024025.721,latency_s,4.150646
1757024025.721,latency_s,4.149871
1757024025.721,latency_s,4.150604
1757024025.721,latency_s,4.142540
1757024025.723,latency_s,4.143582
1757024025.723,latency_s,4.130400
1757024025.723,latency_s,4.126142
1757024025.723,latency_s,4.122798
1757024025.723,latency_s,4.110515
1757024025.723,latency_s,4.102077
1757024025.723,latency_s,4.093836
1757024025.723,latency_s,4.089770
1757024025.723,latency_s,4.088939
1757024025.724,latency_s,4.291034
1757024025.724,latency_s,4.190852
1757024025.724,latency_s,4.090145
1757024025.724,latency_s,4.081728
1757024025.724,latency_s,4.071883
1757024025.818,latency_s,4.183747
1757024025.819,latency_s,4.159830
1757024025.819,latency_s,4.154946
1757024025.819,latency_s,4.147563
1757024025.819,latency_s,4.147540
1757024025.819,latency_s,4.146912
1757024025.819,latency_s,4.138746
1757024025.819,latency_s,4.138792
1757024025.819,latency_s,4.126048
1757024025.819,latency_s,4.120963
1757024025.819,latency_s,4.118268
1757024025.819,latency_s,4.106103
1757024025.819,latency_s,4.097600
1757024025.819,latency_s,4.089298
1757024025.819,latency_s,4.085618
1757024025.819,latency_s,4.085426
1757024025.819,latency_s,4.084018
1757024025.819,latency_s,4.077172
1757024025.913,latency_s,4.178064
1757024025.914,latency_s,4.161304
1757024025.914,latency_s,4.154684
1757024025.914,latency_s,4.149643
1757024025.914,latency_s,4.142719
1757024025.914,latency_s,4.142791
1757024025.914,latency_s,4.141861
1757024025.914,latency_s,4.133486
1757024025.914,latency_s,4.133269
1757024025.914,latency_s,4.121245
1757024025.914,latency_s,4.115824
1757024025.914,latency_s,4.112907
1757024026.008,latency_s,4.195364
1757024026.008,latency_s,4.186979
1757024026.009,latency_s,4.178605
1757024026.009,latency_s,4.175528
1757024026.009,latency_s,4.175302
1757024026.009,latency_s,4.173747
1757024026.009,latency_s,4.173868
1757024026.009,latency_s,4.166448
1757024026.009,latency_s,4.156729
1757024026.009,latency_s,4.149760
1757024026.010,latency_s,4.144856
1757024026.010,latency_s,4.137516
1757024026.010,latency_s,4.137561
1757024026.010,latency_s,4.136584
1757024026.010,latency_s,4.128119
1757024026.010,latency_s,4.127465
1757024026.010,latency_s,4.115946
1757024026.010,latency_s,4.110498
1757024026.010,latency_s,4.107707
1757024026.010,latency_s,4.096779
1757024026.104,latency_s,4.182210
1757024026.104,latency_s,4.173166
1757024026.104,latency_s,4.170041
1757024026.104,latency_s,4.169888
1757024026.104,latency_s,4.168153
1757024026.104,latency_s,4.168181
1757024026.104,latency_s,4.161288
1757024026.104,latency_s,4.151410
1757024026.105,latency_s,4.144605
1757024026.105,latency_s,4.139127
1757024026.105,latency_s,4.131792
1757024026.105,latency_s,4.131812
1757024026.105,latency_s,4.131917
1757024026.106,latency_s,4.122386
1757024026.106,latency_s,4.122418
1757024026.106,latency_s,4.111279
1757024026.200,latency_s,4.199465
1757024026.200,latency_s,4.197098
1757024026.201,latency_s,4.187284
1757024026.201,latency_s,4.178715
1757024026.201,latency_s,4.168400
1757024026.201,latency_s,4.165891
1757024026.201,latency_s,4.165809
1757024026.201,latency_s,4.163953
1757024026.201,latency_s,4.164023
1757024026.201,latency_s,4.147790
1757024026.201,latency_s,4.140393
1757024026.201,latency_s,4.134977
1757024026.201,latency_s,4.128116
1757024026.201,latency_s,4.125691
1757024026.201,latency_s,4.125511
1757024026.201,latency_s,4.117929
1757024026.201,latency_s,4.117562
1757024026.201,latency_s,4.106724
1757024026.201,latency_s,4.100291
1757024026.202,latency_s,4.098531
1757024026.202,latency_s,4.088218
1757024026.202,latency_s,4.078872
1757024026.202,latency_s,4.069047
1757024026.202,latency_s,4.066458
1757024026.202,latency_s,4.066664
1757024026.202,latency_s,4.064109
1757024026.295,latency_s,4.157278
1757024026.295,latency_s,4.141166
1757024026.296,latency_s,4.134650
1757024026.296,latency_s,4.129889
1757024026.297,latency_s,4.123118
1757024026.297,latency_s,4.121076
1757024026.297,latency_s,4.119092
1757024026.297,latency_s,4.112743
1757024026.297,latency_s,4.112270
1757024026.297,latency_s,4.102087
1757024026.297,latency_s,4.095008
1757024026.297,latency_s,4.093157
1757024026.297,latency_s,4.083400
1757024026.297,latency_s,4.073654
1757024026.487,latency_s,4.254057
1757024026.487,latency_s,4.251308
1757024026.488,latency_s,4.251491
1757024026.488,latency_s,4.249102
1757024026.488,latency_s,4.249092
1757024026.488,latency_s,4.443344
1757024026.488,latency_s,4.342968
1757024026.488,latency_s,4.231093
1757024026.488,latency_s,4.225397
1757024026.488,latency_s,4.221260
1757024026.488,latency_s,4.214188
1757024026.488,latency_s,4.211375
1757024026.488,latency_s,4.209475
1757024026.488,latency_s,4.203146
1757024026.488,latency_s,4.202212
1757024026.488,latency_s,4.192878
1757024026.488,latency_s,4.185982
1757024026.488,latency_s,4.183516
1757024026.488,latency_s,4.174055
1757024026.488,latency_s,4.164126
1757024026.489,latency_s,4.155246
1757024026.493,latency_s,4.156349
1757024026.493,latency_s,4.156548
1757024026.493,latency_s,4.247998
1757024026.493,latency_s,4.154352
1757024026.493,latency_s,4.154575
1757024026.493,latency_s,4.136546
1757024026.493,latency_s,4.130080
1757024026.494,latency_s,4.126645
1757024026.494,latency_s,4.119631
1757024026.494,latency_s,4.116323
1757024026.494,latency_s,4.114369
1757024026.582,latency_s,4.197411
1757024026.584,latency_s,4.196081
1757024026.584,latency_s,4.188416
1757024026.584,latency_s,4.180910
1757024026.584,latency_s,4.179031
1757024026.584,latency_s,4.169716
1757024026.584,latency_s,4.159570
1757024026.630,latency_s,4.283408
1757024026.630,latency_s,4.196076
1757024026.630,latency_s,4.192815
1757024026.630,latency_s,4.191300
1757024026.630,latency_s,4.190273
1757024026.630,latency_s,4.190216
1757024026.630,latency_s,4.170381
1757024026.630,latency_s,4.164752
1757024026.630,latency_s,4.162909
1757024026.630,latency_s,4.155481
1757024026.630,latency_s,4.152573
1757024026.680,latency_s,4.199645
1757024026.680,latency_s,4.194096
1757024026.680,latency_s,4.189702
1757024026.680,latency_s,4.183899
1757024026.680,latency_s,4.176500
1757024026.680,latency_s,4.174465
1757024026.680,latency_s,4.165247
1757024026.680,latency_s,4.154898
1757024026.681,latency_s,4.234202
1757024026.766,latency_s,4.231759
1757024026.766,latency_s,4.227938
1757024026.766,latency_s,4.227083
1757024026.766,latency_s,4.226020
1757024026.766,latency_s,4.225744
1757024026.766,latency_s,4.205403
1757024026.777,latency_s,4.210874
1757024026.777,latency_s,4.208999
1757024026.777,latency_s,4.202267
1757024026.777,latency_s,4.197717
1757024026.777,latency_s,4.196113
1757024026.777,latency_s,4.190846
1757024026.777,latency_s,4.185802
1757024026.777,latency_s,4.180166
1757024026.777,latency_s,4.172644
1757024026.777,latency_s,4.170975
1757024026.777,latency_s,4.162279
1757024026.777,latency_s,4.230739
1757024026.777,latency_s,4.151889
1757024026.777,latency_s,4.143502
1757024026.777,latency_s,4.137506
1757024026.778,latency_s,4.137307
1757024026.778,latency_s,4.136701
1757024026.872,latency_s,4.232358
1757024026.872,latency_s,4.211672
1757024026.872,latency_s,4.203512
1757024026.872,latency_s,4.203528
1757024026.872,latency_s,4.196912
1757024026.872,latency_s,4.191451
1757024026.872,latency_s,4.190598
1757024026.873,latency_s,4.186180
1757024026.873,latency_s,4.181053
1757024026.873,latency_s,4.174894
1757024026.873,latency_s,4.167181
1757024027.090,latency_s,4.383080
1757024027.090,latency_s,4.374652
1757024027.090,latency_s,4.443230
1757024027.090,latency_s,4.364470
1757024027.090,latency_s,4.355229
1757024027.090,latency_s,4.350063
1757024027.090,latency_s,4.349765
1757024027.090,latency_s,4.349099
1757024027.090,latency_s,4.329484
1757024027.090,latency_s,4.321272
1757024027.090,latency_s,4.320451
1757024027.090,latency_s,4.314835
1757024027.091,latency_s,4.308826
1757024027.091,latency_s,4.308245
1757024027.091,latency_s,4.304012
1757024027.091,latency_s,4.298482
1757024027.091,latency_s,4.292656
1757024027.091,latency_s,4.284455
1757024027.091,latency_s,4.284002
1757024027.091,latency_s,4.275227
1757024027.091,latency_s,4.343935
1757024027.091,latency_s,4.264971
1757024027.091,latency_s,4.255588
1757024027.091,latency_s,4.250621
1757024027.091,latency_s,4.250418
1757024027.091,latency_s,4.249687
1757024027.091,latency_s,4.230112
1757024027.092,latency_s,4.221940
1757024027.092,latency_s,4.221148
1757024027.092,latency_s,4.215765
1757024027.092,latency_s,4.208852
1757024027.159,latency_s,4.276365
1757024027.185,latency_s,4.298108
1757024027.186,latency_s,4.293253
1757024027.187,latency_s,4.287776
1757024027.187,latency_s,4.279184
1757024027.187,latency_s,4.279519
1757024027.187,latency_s,4.338783
1757024027.281,latency_s,4.364343
1757024027.281,latency_s,4.354120
1757024027.281,latency_s,4.343621
1757024027.281,latency_s,4.541414
1757024027.281,latency_s,4.441250
1757024027.281,latency_s,4.340072
1757024027.282,latency_s,4.340140
1757024027.282,latency_s,4.340106
1757024027.284,latency_s,4.321620
1757024027.284,latency_s,4.313324
1757024027.284,latency_s,4.312940
1757024027.284,latency_s,4.307522
1757024027.284,latency_s,4.300062
1757024027.284,latency_s,4.300150
1757024027.284,latency_s,4.295741
1757024027.284,latency_s,4.287754
1757024027.284,latency_s,4.284395
1757024027.284,latency_s,4.335098
1757024027.284,latency_s,4.276623
1757024027.284,latency_s,4.276473
1757024027.284,latency_s,4.267503
1757024027.284,latency_s,4.257202
1757024027.284,latency_s,4.343089
1757024027.287,latency_s,4.248263
1757024027.287,latency_s,4.244820
1757024027.287,latency_s,4.243839
1757024027.287,latency_s,4.243357
1757024027.377,latency_s,4.315148
1757024027.377,latency_s,4.306369
1757024027.378,latency_s,4.306221
1757024027.378,latency_s,4.300543
1757024027.378,latency_s,4.293150
1757024027.380,latency_s,4.295865
1757024027.381,latency_s,4.292257
1757024027.381,latency_s,4.282946
1757024027.473,latency_s,4.373456
1757024027.473,latency_s,4.422791
1757024027.473,latency_s,4.365755
1757024027.473,latency_s,4.365448
1757024027.473,latency_s,4.355914
1757024027.473,latency_s,4.345596
1757024027.474,latency_s,4.431535
1757024027.474,latency_s,4.334833
1757024027.474,latency_s,4.330898
1757024027.474,latency_s,4.329929
1757024027.474,latency_s,4.329963
1757024027.474,latency_s,4.301354
1757024027.474,latency_s,4.301262
1757024027.474,latency_s,4.295997
1757024027.474,latency_s,4.288355
1757024027.475,latency_s,4.290161
1757024027.476,latency_s,4.286487
1757024027.476,latency_s,4.324877
1757024027.476,latency_s,4.276920
1757024027.476,latency_s,4.275267
1757024027.476,latency_s,4.268077
1757024027.477,latency_s,4.268393
1757024027.568,latency_s,4.350566
1757024027.568,latency_s,4.425682
1757024027.568,latency_s,4.340387
1757024027.568,latency_s,4.327341
1757024027.569,latency_s,4.325468
1757024027.569,latency_s,4.324588
1757024027.569,latency_s,4.324609
1757024027.571,latency_s,4.297881
1757024027.571,latency_s,4.297886
1757024027.571,latency_s,4.292679
1757024027.572,latency_s,4.285155
1757024027.572,latency_s,4.285250
1757024027.572,latency_s,4.282528
1757024027.572,latency_s,4.320427
1757024027.572,latency_s,4.272484
1757024027.572,latency_s,4.271469
1757024027.667,latency_s,4.358266
1757024027.667,latency_s,4.358117
1757024027.667,latency_s,4.348493
1757024027.667,latency_s,4.424058
1757024027.667,latency_s,4.338242
1757024027.667,latency_s,4.324397
1757024027.667,latency_s,4.323369
1757024027.667,latency_s,4.322447
1757024027.667,latency_s,4.322433
1757024027.667,latency_s,4.504482
1757024027.667,latency_s,4.404252
1757024027.667,latency_s,4.293524
1757024027.667,latency_s,4.293255
1757024027.668,latency_s,4.288788
1757024027.668,latency_s,4.280963
1757024027.668,latency_s,4.280993
1757024027.668,latency_s,4.278187
1757024027.668,latency_s,4.316275
1757024027.762,latency_s,4.360716
1757024027.762,latency_s,4.360835
1757024027.762,latency_s,4.353119
1757024027.762,latency_s,4.352606
1757024027.762,latency_s,4.418105
1757024027.763,latency_s,4.343882
1757024027.763,latency_s,4.334292
1757024027.763,latency_s,4.319861
1757024027.763,latency_s,4.319283
1757024027.763,latency_s,4.317871
1757024027.763,latency_s,4.317859
1757024027.763,latency_s,4.399696
1757024027.764,latency_s,4.289466
1757024027.764,latency_s,4.287952
1757024027.857,latency_s,4.377198
1757024027.857,latency_s,4.404495
1757024027.857,latency_s,4.368913
1757024027.857,latency_s,4.368932
1757024027.857,latency_s,4.366335
1757024027.857,latency_s,4.355978
1757024027.857,latency_s,4.356014
1757024027.857,latency_s,4.348570
1757024027.857,latency_s,4.347761
1757024027.898,latency_s,4.454582
1757024027.899,latency_s,4.378598
1757024027.899,latency_s,4.369256
1757024027.899,latency_s,4.353866
1757024027.899,latency_s,4.354001
1757024027.899,latency_s,4.353079
1757024027.899,latency_s,4.352828
1757024027.899,latency_s,4.433606
1757024027.899,latency_s,4.324478
1757024027.952,latency_s,4.375912
1757024027.952,latency_s,4.372054
1757024027.952,latency_s,4.398962
1757024027.952,latency_s,4.362351
1757024027.952,latency_s,4.362385
1757024027.952,latency_s,4.360590
1757024027.952,latency_s,4.350287
1757024027.952,latency_s,4.349358
1757024027.952,latency_s,4.407722
1757024027.953,latency_s,4.343765
1757024027.953,latency_s,4.342164
1757024027.953,latency_s,4.331905
1757024027.953,latency_s,4.323151
1757024028.034,latency_s,4.388835
1757024028.048,latency_s,4.401571
1757024028.048,latency_s,4.401645
1757024028.048,latency_s,4.401347
1757024028.048,latency_s,4.482554
1757024028.048,latency_s,4.373519
1757024028.048,latency_s,4.370761
1757024028.048,latency_s,4.394447
1757024028.048,latency_s,4.367946
1757024028.049,latency_s,4.357480
1757024028.049,latency_s,4.357562
1757024028.049,latency_s,4.356270
1757024028.049,latency_s,4.346372
1757024028.049,latency_s,4.403131
1757024028.049,latency_s,4.344563
1757024028.049,latency_s,4.338983
1757024028.049,latency_s,4.337942
1757024028.049,latency_s,4.327760
1757024028.049,latency_s,4.318412
1757024028.142,latency_s,4.476230
1757024028.143,latency_s,4.396864
1757024028.143,latency_s,4.396377
1757024028.143,latency_s,4.396460
1757024028.143,latency_s,4.395961
1757024028.143,latency_s,4.386218
1757024028.143,latency_s,4.368306
1757024028.144,latency_s,4.365175
1757024028.144,latency_s,4.362308
1757024028.144,latency_s,4.351974
1757024028.144,latency_s,4.352047
1757024028.238,latency_s,4.445296
1757024028.238,latency_s,4.492305
1757024028.238,latency_s,4.435100
1757024028.240,latency_s,4.432508
1757024028.240,latency_s,4.429827
1757024028.240,latency_s,4.428922
1757024028.240,latency_s,4.418576
1757024028.240,latency_s,4.409850
1757024028.240,latency_s,4.473305
1757024028.240,latency_s,4.393919
1757024028.240,latency_s,4.393826
1757024028.241,latency_s,4.393653
1757024028.241,latency_s,4.392780
1757024028.241,latency_s,4.382716
1757024028.241,latency_s,4.364993
1757024028.241,latency_s,4.362077
1757024028.241,latency_s,4.358649
1757024028.241,latency_s,4.347905
1757024028.241,latency_s,4.348351
1757024028.241,latency_s,4.394321
1757024028.241,latency_s,4.337150
1757024028.342,latency_s,4.433730
1757024028.342,latency_s,4.430554
1757024028.342,latency_s,4.430143
1757024028.342,latency_s,4.419240
1757024028.342,latency_s,4.411218
1757024028.342,latency_s,4.474597
1757024028.342,latency_s,4.394135
1757024028.342,latency_s,4.394032
1757024028.342,latency_s,4.394809
1757024028.342,latency_s,4.394981
1757024028.342,latency_s,4.383739
1757024028.343,latency_s,4.366125
1757024028.438,latency_s,4.458200
1757024028.438,latency_s,4.455560
1757024028.438,latency_s,4.489494
1757024028.438,latency_s,4.445217
1757024028.438,latency_s,4.445000
1757024028.438,latency_s,4.433495
1757024028.438,latency_s,4.429605
1757024028.438,latency_s,4.426709
1757024028.438,latency_s,4.425752
1757024028.438,latency_s,4.415392
1757024028.438,latency_s,4.407066
1757024028.438,latency_s,4.470263
1757024028.438,latency_s,4.388790
1757024028.438,latency_s,4.389030
1757024028.438,latency_s,4.388913
1757024028.438,latency_s,4.388875
1757024028.438,latency_s,4.378932
1757024028.439,latency_s,4.361351
1757024028.439,latency_s,4.358313
1757024028.439,latency_s,4.355711
1757024028.533,latency_s,4.484454
1757024028.534,latency_s,4.640821
1757024028.534,latency_s,4.540728
1757024028.534,latency_s,4.440242
1757024028.534,latency_s,4.440285
1757024028.534,latency_s,4.429083
1757024028.534,latency_s,4.425334
1757024028.534,latency_s,4.421746
1757024028.534,latency_s,4.421343
1757024028.534,latency_s,4.410420
1757024028.534,latency_s,4.465199
1757024028.534,latency_s,4.402841
1757024028.534,latency_s,4.384357
1757024028.629,latency_s,4.478784
1757024028.630,latency_s,4.478584
1757024028.630,latency_s,4.469102
1757024028.630,latency_s,4.452199
1757024028.630,latency_s,4.479737
1757024028.630,latency_s,4.448766
1757024028.630,latency_s,4.446658
1757024028.630,latency_s,4.536140
1757024028.630,latency_s,4.436337
1757024028.630,latency_s,4.435959
1757024028.630,latency_s,4.425048
1757024028.630,latency_s,4.420385
1757024028.630,latency_s,4.416874
1757024028.630,latency_s,4.416949
1757024028.630,latency_s,4.459350
1757024028.630,latency_s,4.405695
1757024028.630,latency_s,4.398756
1757024028.753,latency_s,4.502468
1757024028.753,latency_s,4.501615
1757024028.753,latency_s,4.501688
1757024028.753,latency_s,4.491357
1757024028.753,latency_s,4.502548
1757024028.753,latency_s,4.475217
1757024028.753,latency_s,4.470716
1757024028.753,latency_s,4.469636
1757024028.753,latency_s,4.559057
1757024028.753,latency_s,4.459312
1757024028.753,latency_s,4.458891
1757024028.753,latency_s,4.447647
1757024028.753,latency_s,4.443225
1757024028.753,latency_s,4.439848
1757024028.753,latency_s,4.439598
1757024028.822,latency_s,4.550328
1757024028.822,latency_s,4.497668
1757024028.824,latency_s,4.492091
1757024028.824,latency_s,4.673904
1757024028.825,latency_s,4.573852
1757024028.825,latency_s,4.473561
1757024028.825,latency_s,4.473171
1757024028.825,latency_s,4.473345
1757024028.825,latency_s,4.462404
1757024028.825,latency_s,4.473806
1757024028.825,latency_s,4.446725
1757024028.825,latency_s,4.530569
1757024028.825,latency_s,4.440850
1757024028.825,latency_s,4.440563
1757024028.825,latency_s,4.430521
1757024028.825,latency_s,4.430264
1757024028.825,latency_s,4.419344
1757024028.918,latency_s,4.507175
1757024028.919,latency_s,4.545665
1757024028.919,latency_s,4.504470
1757024028.919,latency_s,4.504052
1757024028.919,latency_s,4.493877
1757024028.919,latency_s,4.486537
1757024028.919,latency_s,4.568435
1757024028.919,latency_s,4.467956
1757024028.920,latency_s,4.467803
1757024028.920,latency_s,4.467945
1757024028.920,latency_s,4.455485
1757024028.920,latency_s,4.468543
1757024028.920,latency_s,4.524694
1757024028.920,latency_s,4.441385
1757024028.920,latency_s,4.434954
1757024029.015,latency_s,4.529453
1757024029.015,latency_s,4.520154
1757024029.015,latency_s,4.519492
1757024029.015,latency_s,4.508320
1757024029.015,latency_s,4.541065
1757024029.015,latency_s,4.503414
1757024029.015,latency_s,4.499948
1757024029.015,latency_s,4.499818
1757024029.015,latency_s,4.489402
1757024029.055,latency_s,4.520901
1757024029.055,latency_s,4.603228
1757024029.055,latency_s,4.502681
1757024029.055,latency_s,4.502699
1757024029.055,latency_s,4.500392
1757024029.055,latency_s,4.503095
1757024029.055,latency_s,4.490256
1757024029.055,latency_s,4.559759
1757024029.109,latency_s,4.530225
1757024029.111,latency_s,4.525736
1757024029.111,latency_s,4.524881
1757024029.111,latency_s,4.516766
1757024029.111,latency_s,4.515573
1757024029.112,latency_s,4.537648
1757024029.112,latency_s,4.504833
1757024029.112,latency_s,4.499470
1757024029.112,latency_s,4.496570
1757024029.112,latency_s,4.496381
1757024029.112,latency_s,4.484760
1757024029.112,latency_s,4.557202
1757024029.112,latency_s,4.477904
1757024029.112,latency_s,4.459116
1757024029.112,latency_s,4.459004
1757024029.206,latency_s,4.550629
1757024029.206,latency_s,4.552444
1757024029.206,latency_s,4.609833
1757024029.206,latency_s,4.538306
1757024029.206,latency_s,4.525882
1757024029.206,latency_s,4.520081
1757024029.206,latency_s,4.518622
1757024029.206,latency_s,4.510725
1757024029.206,latency_s,4.509871
1757024029.207,latency_s,4.532751
1757024029.207,latency_s,4.499430
1757024029.207,latency_s,4.494011
1757024029.207,latency_s,4.491752
1757024029.207,latency_s,4.491207
1757024029.207,latency_s,4.479865
1757024029.207,latency_s,4.552416
1757024029.207,latency_s,4.472556
1757024029.301,latency_s,4.547257
1757024029.301,latency_s,4.546984
1757024029.302,latency_s,4.546645
1757024029.302,latency_s,4.546542
1757024029.302,latency_s,4.606136
1757024029.302,latency_s,4.534307
1757024029.302,latency_s,4.522240
1757024029.302,latency_s,4.515816
1757024029.302,latency_s,4.514861
1757024029.302,latency_s,4.528208
1757024029.302,latency_s,4.506502
1757024029.303,latency_s,4.506093
1757024029.303,latency_s,4.494246
1757024029.303,latency_s,4.488874
1757024029.303,latency_s,4.486887
1757024029.396,latency_s,4.580247
1757024029.396,latency_s,4.640759
1757024029.396,latency_s,4.568344
1757024029.396,latency_s,4.561689
1757024029.396,latency_s,4.542734
1757024029.397,latency_s,4.541208
1757024029.397,latency_s,4.540293
1757024029.397,latency_s,4.540347
1757024029.397,latency_s,4.598754
1757024029.398,latency_s,4.529075
1757024029.398,latency_s,4.516900
1757024029.398,latency_s,4.523411
1757024029.398,latency_s,4.511191
1757024029.398,latency_s,4.509650
1757024029.398,latency_s,4.501333
1757024029.398,latency_s,4.499348
1757024029.398,latency_s,4.489035
1757024029.492,latency_s,4.576507
1757024029.492,latency_s,4.575929
1757024029.492,latency_s,4.575979
1757024029.493,latency_s,4.636253
1757024029.493,latency_s,4.563803
1757024029.493,latency_s,4.557778
1757024029.493,latency_s,4.594020
1757024029.493,latency_s,4.538299
1757024029.493,latency_s,4.537183
1757024029.493,latency_s,4.536272
1757024029.493,latency_s,4.536315
1757024029.493,latency_s,4.523388
1757024029.493,latency_s,4.511263
1757024029.493,latency_s,4.517761
1757024029.493,latency_s,4.505456
1757024029.588,latency_s,4.597625
1757024029.588,latency_s,4.590925
1757024029.588,latency_s,4.589023
1757024029.588,latency_s,4.578736
1757024029.588,latency_s,4.631483
1757024029.588,latency_s,4.572158
1757024029.588,latency_s,4.571917
1757024029.588,latency_s,4.571322
1757024029.588,latency_s,4.559155
1757024029.588,latency_s,4.552782
1757024029.588,latency_s,4.589224
1757024029.588,latency_s,4.532999
1757024029.588,latency_s,4.532034
1757024029.588,latency_s,4.531652
1757024029.588,latency_s,4.531437
1757024029.588,latency_s,4.518660
1757024029.588,latency_s,4.512473
1757024029.683,latency_s,4.600812
1757024029.683,latency_s,4.595352
1757024029.683,latency_s,4.592696
1757024029.683,latency_s,4.585725
1757024029.684,latency_s,4.584635
1757024029.684,latency_s,4.627010
1757024029.684,latency_s,4.573717
1757024029.684,latency_s,4.567779
1757024029.684,latency_s,4.567561
1757024029.684,latency_s,4.566422
1757024029.684,latency_s,4.554086
1757024029.684,latency_s,4.548445
1757024029.684,latency_s,4.584580
1757024029.684,latency_s,4.528049
1757024029.684,latency_s,4.527490
1757024029.778,latency_s,4.620875
1757024029.778,latency_s,4.620726
1757024029.778,latency_s,4.607825
1757024029.778,latency_s,4.601512
1757024029.778,latency_s,4.595701
1757024029.778,latency_s,4.590305
1757024029.778,latency_s,4.587215
1757024029.779,latency_s,4.580757
1757024029.779,latency_s,4.579385
1757024029.779,latency_s,4.621774
1757024029.779,latency_s,4.568158
1757024029.779,latency_s,4.562279
1757024029.779,latency_s,4.562309
1757024029.779,latency_s,4.560765
1757024029.779,latency_s,4.548535
1757024029.779,latency_s,4.543409
1757024029.779,latency_s,4.579317
1757024029.873,latency_s,4.616785
1757024029.873,latency_s,4.615838
1757024029.873,latency_s,4.615918
1757024029.873,latency_s,4.615406
1757024029.873,latency_s,4.602319
1757024029.874,latency_s,4.597558
1757024029.875,latency_s,4.591234
1757024029.875,latency_s,4.586339
1757024029.875,latency_s,4.583266
1757024029.875,latency_s,4.576058
1757024029.875,latency_s,4.617435
1757024029.875,latency_s,4.573765
1757024029.875,latency_s,4.563318
1757024029.875,latency_s,4.557370
1757024029.875,latency_s,4.557242
1757024029.968,latency_s,4.650038
1757024029.969,latency_s,4.637730
1757024029.969,latency_s,4.667905
1757024029.969,latency_s,4.632548
1757024029.969,latency_s,4.611764
1757024029.969,latency_s,4.611298
1757024030.064,latency_s,4.706874
1757024030.064,latency_s,4.706342
1757024030.064,latency_s,4.692978
1757024030.064,latency_s,4.686785
1757024030.065,latency_s,4.680384
1757024030.065,latency_s,4.675510
1757024030.065,latency_s,4.672443
1757024030.065,latency_s,4.706977
1757024030.065,latency_s,4.665338
1757024030.065,latency_s,4.663406
1757024030.065,latency_s,4.653023
1757024030.066,latency_s,4.647893
1757024030.066,latency_s,4.647992
1757024030.066,latency_s,4.646518
1757024030.066,latency_s,4.664300
1757024030.066,latency_s,4.634615
1757024030.066,latency_s,4.628896
1757024030.066,latency_s,4.608073
1757024030.066,latency_s,4.608200
1757024030.066,latency_s,4.607741
1757024030.066,latency_s,4.607808
1757024030.066,latency_s,4.592081
1757024030.066,latency_s,4.587748
1757024030.066,latency_s,4.581896
1757024030.066,latency_s,4.576421
1757024030.066,latency_s,4.607819
1757024030.159,latency_s,4.666561
1757024030.159,latency_s,4.659342
1757024030.160,latency_s,4.657812
1757024030.160,latency_s,4.647069
1757024030.160,latency_s,4.639839
1757024030.160,latency_s,4.639887
1757024030.161,latency_s,4.641082
1757024030.161,latency_s,4.659343
1757024030.350,latency_s,4.818536
1757024030.350,latency_s,4.812864
1757024030.350,latency_s,4.792208
1757024030.350,latency_s,4.791959
1757024030.350,latency_s,4.791540
1757024030.350,latency_s,4.791576
1757024030.350,latency_s,4.775450
1757024030.350,latency_s,4.771594
1757024030.350,latency_s,4.765530
1757024030.350,latency_s,4.791548
1757024030.350,latency_s,4.760391
1757024030.350,latency_s,4.754936
1757024030.350,latency_s,4.750102
1757024030.350,latency_s,4.748575
1757024030.351,latency_s,4.737264
1757024030.351,latency_s,4.748661
1757024030.351,latency_s,4.730503
1757024030.351,latency_s,4.730328
1757024030.351,latency_s,4.730387
1757024030.351,latency_s,4.719317
1757024030.351,latency_s,4.712956
1757024030.351,latency_s,4.692243
1757024030.351,latency_s,4.692023
1757024030.351,latency_s,4.691861
1757024030.351,latency_s,4.691503
1757024030.351,latency_s,4.675467
1757024030.351,latency_s,4.671685
1757024030.351,latency_s,4.692073
1757024030.351,latency_s,4.666173
1757024030.351,latency_s,4.660951
1757024030.351,latency_s,4.655219
1757024030.351,latency_s,4.650878
1757024030.447,latency_s,4.744791
1757024030.447,latency_s,4.745330
1757024030.448,latency_s,4.734004
1757024030.448,latency_s,4.726629
1757024030.448,latency_s,4.725612
1757024030.448,latency_s,4.724741
1757024030.448,latency_s,4.715946
1757024030.448,latency_s,4.708992
1757024030.448,latency_s,4.688250
1757024030.448,latency_s,4.688273
1757024030.448,latency_s,4.687948
1757024030.448,latency_s,4.688191
1757024030.448,latency_s,4.671127
1757024030.448,latency_s,4.688070
1757024030.448,latency_s,4.667772
1757024030.448,latency_s,4.661838
1757024030.448,latency_s,4.657467
1757024030.448,latency_s,4.651605
1757024030.544,latency_s,4.743184
1757024030.544,latency_s,4.741160
1757024030.544,latency_s,4.741403
1757024030.544,latency_s,4.730098
1757024030.544,latency_s,4.723290
1757024030.544,latency_s,4.721792
1757024030.544,latency_s,4.720850
1757024030.545,latency_s,4.712621
1757024030.639,latency_s,4.800221
1757024030.639,latency_s,4.779436
1757024030.639,latency_s,4.779090
1757024030.639,latency_s,4.778923
1757024030.639,latency_s,4.778661
1757024030.639,latency_s,4.778863
1757024030.639,latency_s,4.761712
1757024030.639,latency_s,4.759066
1757024030.639,latency_s,4.753136
1757024030.640,latency_s,4.748770
1757024030.640,latency_s,4.742954
1757024030.640,latency_s,4.738400
1757024030.640,latency_s,4.736415
1757024030.640,latency_s,4.736496
1757024030.640,latency_s,4.724754
1757024030.640,latency_s,4.717968
1757024030.640,latency_s,4.715459
1757024030.640,latency_s,4.715378
1757024030.735,latency_s,4.802583
1757024030.735,latency_s,4.795325
1757024030.735,latency_s,4.774675
1757024030.735,latency_s,4.774438
1757024030.735,latency_s,4.774472
1757024030.735,latency_s,4.774323
1757024030.830,latency_s,4.869316
1757024030.830,latency_s,4.851921
1757024030.830,latency_s,4.849689
1757024030.830,latency_s,4.843805
1757024030.830,latency_s,4.838901
1757024030.831,latency_s,4.833497
1757024030.831,latency_s,4.828635
1757024030.831,latency_s,4.826648
1757024030.831,latency_s,4.826742
1757024030.831,latency_s,4.815092
1757024030.832,latency_s,4.808911
1757024030.832,latency_s,4.806727
1757024030.832,latency_s,4.806748
1757024030.832,latency_s,4.798766
1757024030.832,latency_s,4.791406
1757024030.832,latency_s,4.771280
1757024030.832,latency_s,4.770853
1757024030.832,latency_s,4.770970
1757024030.832,latency_s,4.770532
1757024030.832,latency_s,4.770827
1757024030.832,latency_s,4.753031
1757024030.925,latency_s,4.844211
1757024030.925,latency_s,4.838462
1757024030.925,latency_s,4.833064
1757024030.925,latency_s,4.828183
1757024030.925,latency_s,4.823265
1757024030.925,latency_s,4.820806
1757024030.925,latency_s,4.820626
1757024030.926,latency_s,4.809342
1757024030.926,latency_s,4.802291
1757024030.926,latency_s,4.800561
1757024030.926,latency_s,4.800533
1757024030.927,latency_s,4.793323
1757024030.927,latency_s,4.786697
1757024030.927,latency_s,4.765429
1757024031.021,latency_s,4.859028
1757024031.021,latency_s,4.858823
1757024031.021,latency_s,4.858903
1757024031.021,latency_s,4.859343
1757024031.021,latency_s,4.841991
1757024031.021,latency_s,4.840291
1757024031.022,latency_s,4.833883
1757024031.022,latency_s,4.828546
1757024031.022,latency_s,4.823807
1757024031.022,latency_s,4.818196
1757024031.022,latency_s,4.816244
1757024031.022,latency_s,4.815859
1757024031.022,latency_s,4.804967
1757024031.022,latency_s,4.797600
1757024031.022,latency_s,4.795622
1757024031.022,latency_s,4.795568
1757024031.023,latency_s,4.788725
1757024031.023,latency_s,4.782701
1757024031.023,latency_s,4.761208
1757024031.024,latency_s,4.761303
1757024031.117,latency_s,4.854468
1757024031.117,latency_s,4.854552
1757024031.117,latency_s,4.854845
1757024031.117,latency_s,4.837009
1757024031.117,latency_s,4.835408
1757024031.117,latency_s,4.829050
1757024031.117,latency_s,4.824166
1757024031.117,latency_s,4.818704
1757024031.118,latency_s,4.812757
1757024031.118,latency_s,4.812520
1757024031.118,latency_s,4.812175
1757024031.118,latency_s,4.799820
1757024031.118,latency_s,4.793883
1757024031.118,latency_s,4.791773
1757024031.118,latency_s,4.791891
1757024031.119,latency_s,4.783710
1757024031.119,latency_s,4.777496
1757024031.215,latency_s,4.851454
1757024031.215,latency_s,4.851750
1757024031.215,latency_s,4.851556
1757024031.215,latency_s,4.851759
1757024031.215,latency_s,4.851850
1757024031.215,latency_s,4.833153
1757024031.215,latency_s,4.832317
1757024031.215,latency_s,4.826525
1757024031.215,latency_s,4.821102
1757024031.215,latency_s,4.816214
1757024031.215,latency_s,4.809644
1757024031.215,latency_s,4.809348
1757024031.215,latency_s,4.808855
1757024031.215,latency_s,4.795613
1757024031.215,latency_s,4.790227
1757024031.215,latency_s,4.788189
1757024031.215,latency_s,4.788141
1757024031.215,latency_s,4.779962
1757024031.215,latency_s,4.773591
1757024031.216,latency_s,4.751867
1757024031.216,latency_s,4.752051
1757024031.216,latency_s,4.751568
1757024031.216,latency_s,4.751681
1757024031.310,latency_s,4.845436
1757024031.310,latency_s,4.826399
1757024031.310,latency_s,4.826437
1757024031.310,latency_s,4.821252
1757024031.310,latency_s,4.815202
1757024031.310,latency_s,4.809370
1757024031.310,latency_s,4.804027
1757024031.406,latency_s,4.899812
1757024031.407,latency_s,4.899220
1757024031.407,latency_s,4.885768
1757024031.407,latency_s,4.880701
1757024031.407,latency_s,4.877844
1757024031.407,latency_s,4.877798
1757024031.407,latency_s,4.871078
1757024031.407,latency_s,4.864654
1757024031.407,latency_s,4.842919
1757024031.407,latency_s,4.842905
1757024031.407,latency_s,4.842050
1757024031.407,latency_s,4.842396
1757024031.407,latency_s,4.842140
1757024031.407,latency_s,4.823317
1757024031.407,latency_s,4.823056
1757024031.407,latency_s,4.817952
1757024031.407,latency_s,4.812111
1757024031.407,latency_s,4.805583
1757024031.407,latency_s,4.800826
1757024031.407,latency_s,4.800440
1757024031.446,latency_s,4.838018
1757024031.446,latency_s,4.825091
1757024031.446,latency_s,4.820296
1757024031.447,latency_s,4.816915
1757024031.447,latency_s,4.817173
1757024031.501,latency_s,4.864890
1757024031.502,latency_s,4.858623
1757024031.502,latency_s,4.836239
1757024031.502,latency_s,4.837246
1757024031.502,latency_s,4.836455
1757024031.502,latency_s,4.836158
1757024031.502,latency_s,4.836111
1757024031.502,latency_s,4.817697
1757024031.542,latency_s,4.857672
1757024031.542,latency_s,4.853152
1757024031.542,latency_s,4.846724
1757024031.543,latency_s,4.840394
1757024031.543,latency_s,4.835456
1757024031.543,latency_s,4.834986
1757024031.543,latency_s,4.834346
1757024031.543,latency_s,4.819676
1757024031.543,latency_s,4.815846
1757024031.543,latency_s,4.811848
1757024031.543,latency_s,4.812000
1757024031.543,latency_s,4.805566
1757024031.543,latency_s,4.799166
1757024031.543,latency_s,4.778246
1757024031.543,latency_s,4.777578
1757024031.543,latency_s,4.777294
1757024031.543,latency_s,4.777154
1757024031.598,latency_s,4.831837
1757024031.598,latency_s,4.813375
1757024031.598,latency_s,4.813176
1757024031.598,latency_s,4.808656
1757024031.598,latency_s,4.801648
1757024031.598,latency_s,4.795872
1757024031.637,latency_s,4.829507
1757024031.637,latency_s,4.829532
1757024031.637,latency_s,4.828857
1757024031.638,latency_s,4.813457
1757024031.638,latency_s,4.810370
1757024031.638,latency_s,4.805731
1757024031.638,latency_s,4.805882
1757024031.638,latency_s,4.799540
1757024031.692,latency_s,4.848501
1757024031.693,latency_s,4.827706
1757024031.694,latency_s,4.828036
1757024031.694,latency_s,4.827939
1757024031.694,latency_s,4.827761
1757024031.694,latency_s,4.827862
1757024031.694,latency_s,4.809222
1757024031.694,latency_s,4.808886
1757024031.694,latency_s,4.804209
1757024031.694,latency_s,4.797374
1757024031.694,latency_s,4.790940
1757024031.694,latency_s,4.785529
1757024031.694,latency_s,4.782403
1757024031.694,latency_s,4.782618
1757024031.694,latency_s,4.769294
1757024031.694,latency_s,4.766949
1757024031.694,latency_s,4.762019
1757024031.694,latency_s,4.762045
1757024031.788,latency_s,4.849448
1757024031.788,latency_s,4.843813
1757024031.788,latency_s,4.822595
1757024031.789,latency_s,4.823007
1757024031.789,latency_s,4.822701
1757024031.789,latency_s,4.822816
1757024031.789,latency_s,4.822714
1757024031.789,latency_s,4.804093
1757024031.789,latency_s,4.803820
1757024031.789,latency_s,4.799103
1757024031.789,latency_s,4.792281
1757024031.789,latency_s,4.785692
1757024031.789,latency_s,4.780389
1757024031.789,latency_s,4.776654
1757024031.883,latency_s,4.870431
1757024031.883,latency_s,4.857360
1757024031.883,latency_s,4.855640
1757024031.883,latency_s,4.850270
1757024031.883,latency_s,4.850316
1757024031.883,latency_s,4.844463
1757024031.883,latency_s,4.839057
1757024031.884,latency_s,4.817948
1757024031.925,latency_s,4.859332
1757024031.925,latency_s,4.858748
1757024031.926,latency_s,4.858903
1757024031.926,latency_s,4.858890
1757024031.926,latency_s,4.840208
1757024031.926,latency_s,4.839997
1757024031.926,latency_s,4.834830
1757024031.926,latency_s,4.827223
1757024031.926,latency_s,4.821615
1757024031.926,latency_s,4.816204
1757024031.979,latency_s,4.865367
1757024031.979,latency_s,4.865550
1757024031.979,latency_s,4.852541
1757024031.979,latency_s,4.850821
1757024031.979,latency_s,4.845930
1757024031.979,latency_s,4.845219
1757024031.979,latency_s,4.839562
1757024031.979,latency_s,4.834679
1757024031.979,latency_s,4.813012
1757024031.979,latency_s,4.812755
1757024031.979,latency_s,4.812709
1757024031.979,latency_s,4.812428
1757024031.980,latency_s,4.812616
1757024032.062,latency_s,4.876307
1757024032.074,latency_s,4.888257
1757024032.074,latency_s,4.882635
1757024032.074,latency_s,4.875162
1757024032.074,latency_s,4.869173
1757024032.074,latency_s,4.864634
1757024032.074,latency_s,4.860080
1757024032.074,latency_s,4.860105
1757024032.074,latency_s,4.846843
1757024032.075,latency_s,4.846052
1757024032.170,latency_s,4.935929
1757024032.170,latency_s,4.933021
1757024032.170,latency_s,4.929538
1757024032.170,latency_s,4.925404
1757024032.170,latency_s,4.903122
1757024032.170,latency_s,4.902697
1757024032.170,latency_s,4.902652
1757024032.170,latency_s,4.902730
1757024032.170,latency_s,4.902665
1757024032.170,latency_s,4.884537
1757024032.170,latency_s,4.884284
1757024032.171,latency_s,4.878196
1757024032.171,latency_s,4.871245
1757024032.171,latency_s,4.864884
1757024032.171,latency_s,4.860667
1757024032.171,latency_s,4.855567
1757024032.171,latency_s,4.855383
1757024032.171,latency_s,4.842330
1757024032.171,latency_s,4.841530
1757024032.171,latency_s,4.836087
1757024032.265,latency_s,4.926832
1757024032.265,latency_s,4.923718
1757024032.265,latency_s,4.919614
1757024032.266,latency_s,4.898529
1757024032.266,latency_s,4.898223
1757024032.266,latency_s,4.898129
1757024032.266,latency_s,4.898208
1757024032.266,latency_s,4.896166
1757024032.266,latency_s,4.879330
1757024032.266,latency_s,4.879423
1757024032.266,latency_s,4.873595
1757024032.266,latency_s,4.859841
1757024032.267,latency_s,4.856326
1757024032.267,latency_s,4.851444
1757024032.267,latency_s,4.850168
1757024032.361,latency_s,4.932824
1757024032.362,latency_s,4.931376
1757024032.362,latency_s,4.926583
1757024032.362,latency_s,4.923024
1757024032.362,latency_s,4.920215
1757024032.362,latency_s,4.915344
1757024032.362,latency_s,4.893100
1757024032.362,latency_s,4.892913
1757024032.362,latency_s,4.893038
1757024032.362,latency_s,4.892949
1757024032.362,latency_s,4.891229
1757024032.362,latency_s,4.875037
1757024032.362,latency_s,4.874360
1757024032.362,latency_s,4.869315
1757024032.362,latency_s,4.855424
1757024032.362,latency_s,4.851444
1757024032.362,latency_s,4.846096
1757024032.362,latency_s,4.843710
1757024032.362,latency_s,4.832987
1757024032.363,latency_s,4.832307
1757024032.457,latency_s,4.920902
1757024032.457,latency_s,4.917091
1757024032.457,latency_s,4.915314
1757024032.457,latency_s,4.910513
1757024032.457,latency_s,4.888253
1757024032.457,latency_s,4.888050
1757024032.457,latency_s,4.887526
1757024032.457,latency_s,4.887440
1757024032.457,latency_s,4.886095
1757024032.457,latency_s,4.869721
1757024032.457,latency_s,4.868458
1757024032.457,latency_s,4.864290
1757024032.457,latency_s,5.057982
1757024032.458,latency_s,4.957663
1757024032.458,latency_s,4.857579
1757024032.499,latency_s,4.891123
1757024032.499,latency_s,4.887952
1757024032.499,latency_s,4.881957
1757024032.499,latency_s,4.880025
1757024032.499,latency_s,4.869346
1757024032.499,latency_s,4.868238
1757024032.499,latency_s,4.862731
1757024032.499,latency_s,4.858443
1757024032.499,latency_s,4.856953
1757024032.499,latency_s,4.852231
1757024032.499,latency_s,4.829488
1757024032.552,latency_s,4.882087
1757024032.552,latency_s,4.881578
1757024032.552,latency_s,4.881864
1757024032.552,latency_s,4.880332
1757024032.553,latency_s,4.863569
1757024032.553,latency_s,4.863212
1757024032.553,latency_s,4.859846
1757024032.553,latency_s,4.852449
1757024032.553,latency_s,4.842085
1757024032.554,latency_s,4.834749
1757024032.594,latency_s,4.874308
1757024032.594,latency_s,4.863155
1757024032.594,latency_s,4.862206
1757024032.594,latency_s,4.857394
1757024032.594,latency_s,4.852960
1757024032.595,latency_s,4.851919
1757024032.651,latency_s,4.903615
1757024032.651,latency_s,4.881197
1757024032.651,latency_s,4.880473
1757024032.651,latency_s,4.880536
1757024032.651,latency_s,4.880697
1757024032.651,latency_s,4.878545
1757024032.651,latency_s,4.860749
1757024032.651,latency_s,4.860415
1757024032.651,latency_s,4.857858
1757024032.651,latency_s,4.849632
1757024032.651,latency_s,4.839305
1757024032.652,latency_s,4.831402
1757024032.689,latency_s,4.868431
1757024032.689,latency_s,4.856113
1757024032.689,latency_s,4.856045
1757024032.689,latency_s,4.852071
1757024032.689,latency_s,4.846750
1757024032.689,latency_s,4.845806
1757024032.690,latency_s,4.842091
1757024032.690,latency_s,4.819520
1757024032.690,latency_s,4.818617
1757024032.690,latency_s,4.818612
1757024032.690,latency_s,4.818703
1757024032.690,latency_s,4.816167
1757024032.690,latency_s,4.798960
1757024032.690,latency_s,4.798010
1757024032.784,latency_s,4.890024
1757024032.784,latency_s,4.882243
1757024032.785,latency_s,5.076181
1757024032.785,latency_s,4.975768
1757024032.785,latency_s,4.871960
1757024032.785,latency_s,4.862521
1757024032.785,latency_s,4.862150
1757024032.785,latency_s,4.851346
1757024032.785,latency_s,4.850993
1757024032.785,latency_s,4.847453
1757024032.785,latency_s,4.841989
1757024032.785,latency_s,4.841206
1757024032.827,latency_s,4.878932
1757024032.827,latency_s,4.856300
1757024032.827,latency_s,4.856101
1757024032.827,latency_s,4.856091
1757024032.827,latency_s,4.856005
1757024032.827,latency_s,4.852519
1757024032.880,latency_s,4.888218
1757024032.880,latency_s,4.886385
1757024032.880,latency_s,4.885451
1757024032.880,latency_s,4.877090
1757024032.880,latency_s,4.970447
1757024032.880,latency_s,4.867685
1757024032.881,latency_s,4.857615
1757024032.881,latency_s,4.857261
1757024032.881,latency_s,4.846394
1757024032.881,latency_s,4.842794
1757024032.881,latency_s,4.836053
1757024032.881,latency_s,4.832192
1757024032.881,latency_s,4.809646
1757024032.963,latency_s,4.891470
1757024032.975,latency_s,4.903230
1757024032.976,latency_s,4.904136
1757024032.976,latency_s,4.900349
1757024032.976,latency_s,4.883658
1757024032.976,latency_s,4.880777
1757024032.976,latency_s,4.880130
1757024032.976,latency_s,4.965687
1757024032.976,latency_s,4.872910
1757024032.976,latency_s,4.863474
1757024032.976,latency_s,4.852650
1757024032.977,latency_s,4.851713
1757024032.977,latency_s,4.841374
1757024032.977,latency_s,4.838524
1757024032.977,latency_s,4.830748
1757024032.977,latency_s,4.827921
1757024032.977,latency_s,4.805347
1757024032.977,latency_s,4.804863
1757024032.977,latency_s,4.804926
1757024033.070,latency_s,4.897537
1757024033.070,latency_s,4.893878
1757024033.070,latency_s,4.877188
1757024033.070,latency_s,4.957913
1757024033.071,latency_s,4.874186
1757024033.071,latency_s,4.873838
1757024033.071,latency_s,4.857039
1757024033.071,latency_s,4.843171
1757024033.071,latency_s,4.842983
1757024033.071,latency_s,4.835420
1757024033.071,latency_s,5.037379
1757024033.071,latency_s,4.936774
1757024033.071,latency_s,4.836441
1757024033.071,latency_s,4.832033
1757024033.165,latency_s,5.120321
1757024033.165,latency_s,5.019580
1757024033.165,latency_s,4.919122
1757024033.165,latency_s,4.916431
1757024033.166,latency_s,4.894355
1757024033.166,latency_s,4.893410
1757024033.166,latency_s,4.893931
1757024033.166,latency_s,4.893270
1757024033.166,latency_s,4.889843
1757024033.166,latency_s,4.953414
1757024033.166,latency_s,4.873084
1757024033.166,latency_s,4.868404
1757024033.166,latency_s,4.868443
1757024033.167,latency_s,4.852835
1757024033.167,latency_s,4.836350
1757024033.260,latency_s,4.929166
1757024033.260,latency_s,4.925081
1757024033.261,latency_s,4.924753
1757024033.261,latency_s,5.014968
1757024033.261,latency_s,4.921589
1757024033.261,latency_s,4.914123
1757024033.261,latency_s,4.911322
1757024033.261,latency_s,4.889467
1757024033.261,latency_s,4.888854
1757024033.261,latency_s,4.888108
1757024033.261,latency_s,4.888200
1757024033.261,latency_s,4.884285
1757024033.261,latency_s,4.948406
1757024033.261,latency_s,4.867784
1757024033.261,latency_s,4.861373
1757024033.261,latency_s,4.861682
1757024033.261,latency_s,4.830532
1757024033.356,latency_s,4.924671
1757024033.356,latency_s,5.009554
1757024033.356,latency_s,4.920827
1757024033.356,latency_s,4.920277
1757024033.356,latency_s,4.916949
1757024033.357,latency_s,4.908709
1757024033.357,latency_s,4.905914
1757024033.357,latency_s,5.152253
1757024033.357,latency_s,5.051867
1757024033.357,latency_s,4.951510
1757024033.357,latency_s,4.884887
1757024033.357,latency_s,4.884228
1757024033.357,latency_s,4.883421
1757024033.357,latency_s,4.883272
1757024033.357,latency_s,4.878984
1757024033.451,latency_s,5.037304
1757024033.451,latency_s,4.956701
1757024033.452,latency_s,4.951785
1757024033.452,latency_s,4.951567
1757024033.452,latency_s,5.004229
1757024033.452,latency_s,4.920170
1757024033.452,latency_s,4.919725
1757024033.452,latency_s,4.915357
1757024033.452,latency_s,4.915059
1757024033.452,latency_s,4.911954
1757024033.452,latency_s,4.903297
1757024033.452,latency_s,4.901325
1757024033.452,latency_s,4.946797
1757024033.452,latency_s,4.879913
1757024033.452,latency_s,4.879570
1757024033.452,latency_s,4.878750
1757024033.452,latency_s,4.878502
1757024033.547,latency_s,5.032987
1757024033.547,latency_s,4.968776
1757024033.547,latency_s,4.951952
1757024033.547,latency_s,4.946623
1757024033.547,latency_s,4.944388
1757024033.547,latency_s,5.132484
1757024033.547,latency_s,5.032309
1757024033.547,latency_s,4.998685
1757024033.547,latency_s,4.914694
1757024033.548,latency_s,4.914788
1757024033.548,latency_s,4.909985
1757024033.548,latency_s,4.910034
1757024033.548,latency_s,4.907146
1757024033.548,latency_s,4.896676
1757024033.548,latency_s,4.897266
1757024033.643,latency_s,5.036164
1757024033.643,latency_s,5.028649
1757024033.643,latency_s,4.969589
1757024033.643,latency_s,4.969595
1757024033.643,latency_s,4.969173
1757024033.643,latency_s,4.968778
1757024033.643,latency_s,4.963488
1757024033.643,latency_s,4.947311
1757024033.643,latency_s,4.942033
1757024033.643,latency_s,4.938817
1757024033.643,latency_s,5.028134
1757024033.643,latency_s,4.994286
1757024033.643,latency_s,4.910320
1757024033.643,latency_s,4.910345
1757024033.643,latency_s,4.904897
1757024033.643,latency_s,4.905042
1757024033.738,latency_s,4.996961
1757024033.738,latency_s,5.031117
1757024033.738,latency_s,4.987057
1757024033.738,latency_s,4.986777
1757024033.738,latency_s,5.023192
1757024033.738,latency_s,4.964450
1757024033.738,latency_s,4.964232
1757024033.738,latency_s,4.964025
1757024033.738,latency_s,4.963183
1757024033.738,latency_s,4.958484
1757024033.738,latency_s,4.942315
1757024033.739,latency_s,4.936916
1757024033.739,latency_s,5.022927
1757024033.739,latency_s,4.934021
1757024033.739,latency_s,4.988420
1757024033.739,latency_s,4.905041
1757024033.834,latency_s,4.999966
1757024033.834,latency_s,4.994698
1757024033.834,latency_s,4.994179
1757024033.834,latency_s,4.992827
1757024033.834,latency_s,5.025922
1757024033.834,latency_s,4.982482
1757024033.834,latency_s,4.982208
1757024033.834,latency_s,5.019179
1757024033.834,latency_s,4.960518
1757024033.834,latency_s,4.960345
1757024033.834,latency_s,4.960196
1757024033.834,latency_s,4.959108
1757024033.834,latency_s,4.953707
1757024033.834,latency_s,4.937486
1757024033.834,latency_s,5.018544
1757024033.835,latency_s,4.932120
1757024033.929,latency_s,5.023832
1757024033.930,latency_s,5.077927
1757024033.930,latency_s,4.995131
1757024033.930,latency_s,4.995117
1757024033.930,latency_s,5.021281
1757024033.930,latency_s,4.990108
1757024033.930,latency_s,4.989437
1757024033.930,latency_s,4.988718
1757024033.930,latency_s,4.976874
1757024033.930,latency_s,4.975795
1757024033.930,latency_s,5.014575
1757024033.931,latency_s,4.956793
1757024033.931,latency_s,4.956763
1757024033.931,latency_s,4.956655
1757024033.931,latency_s,4.955261
1757024033.931,latency_s,4.948556
1757024034.025,latency_s,5.107873
1757024034.025,latency_s,5.027253
1757024034.026,latency_s,5.023109
1757024034.026,latency_s,5.019640
1757024034.026,latency_s,5.072625
1757024034.026,latency_s,4.991087
1757024034.026,latency_s,5.016918
1757024034.026,latency_s,4.990075
1757024034.026,latency_s,4.984844
1757024034.026,latency_s,4.984025
1757024034.026,latency_s,4.984270
1757024034.026,latency_s,4.972889
1757024034.027,latency_s,5.010034
1757024034.027,latency_s,4.971063
1757024034.027,latency_s,4.952259
1757024034.027,latency_s,4.952305
1757024034.121,latency_s,5.046381
1757024034.121,latency_s,5.044899
1757024034.121,latency_s,5.036479
1757024034.121,latency_s,5.101900
1757024034.122,latency_s,5.023016
1757024034.122,latency_s,5.068026
1757024034.122,latency_s,5.018595
1757024034.122,latency_s,5.015696
1757024034.122,latency_s,5.012237
1757024034.122,latency_s,4.986623
1757024034.122,latency_s,4.986073
1757024034.122,latency_s,4.980207
1757024034.122,latency_s,4.980075
1757024034.122,latency_s,4.979776
1757024034.122,latency_s,5.005633
1757024034.122,latency_s,4.968156
1757024034.216,latency_s,5.059646
1757024034.216,latency_s,5.041085
1757024034.216,latency_s,5.041022
1757024034.216,latency_s,5.040681
1757024034.216,latency_s,5.039811
1757024034.216,latency_s,5.096753
1757024034.216,latency_s,5.030856
1757024034.216,latency_s,5.061883
1757024034.216,latency_s,5.017678
1757024034.217,latency_s,5.012917
1757024034.217,latency_s,5.009703
1757024034.217,latency_s,5.006003
1757024034.217,latency_s,4.980914
1757024034.217,latency_s,4.980789
1757024034.217,latency_s,4.974941
1757024034.217,latency_s,4.974855
1757024034.312,latency_s,5.068637
1757024034.312,latency_s,5.094311
1757024034.312,latency_s,5.056802
1757024034.312,latency_s,5.054861
1757024034.312,latency_s,5.036168
1757024034.312,latency_s,5.036142
1757024034.312,latency_s,5.036045
1757024034.312,latency_s,5.035571
1757024034.312,latency_s,5.091741
1757024034.312,latency_s,5.026066
1757024034.312,latency_s,5.056777
1757024034.312,latency_s,5.013589
1757024034.313,latency_s,5.008880
1757024034.313,latency_s,5.004897
1757024034.313,latency_s,5.000855
1757024034.504,latency_s,5.167429
1757024034.505,latency_s,5.167607
1757024034.505,latency_s,5.186973
1757024034.505,latency_s,5.161742
1757024034.505,latency_s,5.160741
1757024034.505,latency_s,5.160670
1757024034.505,latency_s,5.149549
1757024034.505,latency_s,5.146058
1757024034.505,latency_s,5.183072
1757024034.505,latency_s,5.128973
1757024034.505,latency_s,5.127992
1757024034.505,latency_s,5.127931
1757024034.505,latency_s,5.117714
1757024034.505,latency_s,5.148928
1757024034.505,latency_s,5.105999
1757024034.505,latency_s,5.101095
1757024034.505,latency_s,5.097116
1757024034.505,latency_s,5.092793
1757024034.505,latency_s,5.068125
1757024034.505,latency_s,5.067977
1757024034.505,latency_s,5.062311
1757024034.506,latency_s,5.060715
1757024034.506,latency_s,5.060707
1757024034.506,latency_s,5.050126
1757024034.506,latency_s,5.045663
1757024034.506,latency_s,5.081785
1757024034.506,latency_s,5.029102
1757024034.506,latency_s,5.027886
1757024034.506,latency_s,5.027827
1757024034.506,latency_s,5.048820
1757024034.506,latency_s,5.017835
1757024034.506,latency_s,5.006618
1757024034.600,latency_s,5.095372
1757024034.600,latency_s,5.091023
1757024034.600,latency_s,5.087193
1757024034.600,latency_s,5.061772
1757024034.600,latency_s,5.061358
1757024034.601,latency_s,5.056448
1757024034.601,latency_s,5.055372
1757024034.601,latency_s,5.055380
1757024034.601,latency_s,5.045269
1757024034.601,latency_s,5.040385
1757024034.601,latency_s,5.076509
1757024034.601,latency_s,5.023746
1757024034.601,latency_s,5.043577
1757024034.696,latency_s,5.117621
1757024034.696,latency_s,5.117416
1757024034.696,latency_s,5.318531
1757024034.696,latency_s,5.218371
1757024034.696,latency_s,5.118144
1757024034.696,latency_s,5.107243
1757024034.696,latency_s,5.096524
1757024034.696,latency_s,5.091276
1757024034.696,latency_s,5.086684
1757024034.696,latency_s,5.082803
1757024034.696,latency_s,5.057624
1757024034.697,latency_s,5.057363
1757024034.697,latency_s,5.278128
1757024034.697,latency_s,5.178022
1757024034.697,latency_s,5.077696
1757024034.697,latency_s,5.052105
1757024034.697,latency_s,5.051063
1757024034.697,latency_s,5.050884
1757024034.697,latency_s,5.040843
1757024034.697,latency_s,5.035470
1757024034.697,latency_s,5.069458
1757024034.697,latency_s,5.038439
1757024034.791,latency_s,5.113034
1757024034.791,latency_s,5.111617
1757024034.792,latency_s,5.112362
1757024034.792,latency_s,5.112617
1757024034.792,latency_s,5.101386
1757024034.792,latency_s,5.092057
1757024034.792,latency_s,5.086999
1757024034.792,latency_s,5.081852
1757024034.792,latency_s,5.077918
1757024034.792,latency_s,5.073071
1757024034.792,latency_s,5.050849
1757024034.792,latency_s,5.050888
1757024034.792,latency_s,5.046889
1757024034.792,latency_s,5.046004
1757024034.792,latency_s,5.046015
1757024034.793,latency_s,5.063860
1757024034.793,latency_s,5.035752
1757024034.793,latency_s,5.030349
1757024034.793,latency_s,5.033653
1757024034.793,latency_s,5.014107
1757024034.793,latency_s,5.013166
1757024034.793,latency_s,5.013133
1757024034.887,latency_s,5.107584
1757024034.887,latency_s,5.095560
1757024034.888,latency_s,5.087230
1757024034.888,latency_s,5.081864
1757024034.888,latency_s,5.077100
1757024034.888,latency_s,5.072747
1757024034.888,latency_s,5.067875
1757024034.888,latency_s,5.045018
1757024034.888,latency_s,5.044108
1757024034.888,latency_s,5.041748
1757024034.888,latency_s,5.040807
1757024034.888,latency_s,5.040407
1757024034.888,latency_s,5.058540
1757024034.888,latency_s,5.030544
1757024034.888,latency_s,5.025181
1757024034.888,latency_s,5.028708
1757024034.888,latency_s,5.009008
1757024034.888,latency_s,5.008619
1757024034.888,latency_s,5.008431
1757024034.888,latency_s,5.008245
1757024034.889,latency_s,4.993939
1757024034.983,latency_s,5.082242
1757024034.983,latency_s,5.077129
1757024034.983,latency_s,5.072401
1757024034.983,latency_s,5.068174
1757024034.984,latency_s,5.062782
1757024034.984,latency_s,5.039885
1757024034.984,latency_s,5.037116
1757024034.984,latency_s,5.037129
1757024034.984,latency_s,5.036175
1757024034.984,latency_s,5.035718
1757024034.984,latency_s,5.053450
1757024034.984,latency_s,5.026217
1757024034.984,latency_s,5.023726
1757024034.984,latency_s,5.020854
1757024034.984,latency_s,5.004082
1757024034.984,latency_s,5.004082
1757024035.079,latency_s,5.098917
1757024035.079,latency_s,5.098692
1757024035.079,latency_s,5.084476
1757024035.079,latency_s,5.077517
1757024035.079,latency_s,5.072562
1757024035.079,latency_s,5.068134
1757024035.079,latency_s,5.063303
1757024035.079,latency_s,5.057927
1757024035.079,latency_s,5.047595
1757024035.080,latency_s,5.035753
1757024035.080,latency_s,5.032527
1757024035.080,latency_s,5.032567
1757024035.080,latency_s,5.032141
1757024035.080,latency_s,5.031402
1757024035.080,latency_s,5.021792
1757024035.080,latency_s,5.019338
1757024035.080,latency_s,5.015926
1757024035.080,latency_s,4.999765
1757024035.174,latency_s,5.093701
1757024035.174,latency_s,5.093777
1757024035.174,latency_s,5.093493
1757024035.175,latency_s,5.078470
1757024035.175,latency_s,5.072675
1757024035.175,latency_s,5.067828
1757024035.175,latency_s,5.063427
1757024035.175,latency_s,5.058059
1757024035.175,latency_s,5.053238
1757024035.175,latency_s,5.037275
1757024035.175,latency_s,5.030621
1757024035.175,latency_s,5.027046
1757024035.175,latency_s,5.027131
1757024035.175,latency_s,5.026855
1757024035.269,latency_s,5.120821
1757024035.270,latency_s,5.111333
1757024035.270,latency_s,5.108543
1757024035.270,latency_s,5.105867
1757024035.270,latency_s,5.089070
1757024035.270,latency_s,5.089005
1757024035.270,latency_s,5.088745
1757024035.270,latency_s,5.088809
1757024035.270,latency_s,5.074214
1757024035.271,latency_s,5.067925
1757024035.271,latency_s,5.062656
1757024035.271,latency_s,5.058744
1757024035.271,latency_s,5.053852
1757024035.272,latency_s,5.049624
1757024035.272,latency_s,5.032358
1757024035.272,latency_s,5.026408
1757024035.272,latency_s,5.023372
1757024035.272,latency_s,5.023667
1757024035.365,latency_s,5.115940
1757024035.365,latency_s,5.116581
1757024035.366,latency_s,5.107029
1757024035.366,latency_s,5.102552
1757024035.366,latency_s,5.100586
1757024035.366,latency_s,5.083872
1757024035.366,latency_s,5.083809
1757024035.366,latency_s,5.083614
1757024035.366,latency_s,5.083299
1757024035.366,latency_s,5.068703
1757024035.366,latency_s,5.062626
1757024035.366,latency_s,5.056450
1757024035.366,latency_s,5.053375
1757024035.366,latency_s,5.048163
1757024035.460,latency_s,5.137387
1757024035.460,latency_s,5.120290
1757024035.460,latency_s,5.113903
1757024035.460,latency_s,5.111139
1757024035.460,latency_s,5.111195
1757024035.460,latency_s,5.110975
1757024035.460,latency_s,5.110798
1757024035.460,latency_s,5.101572
1757024035.460,latency_s,5.095634
1757024035.460,latency_s,5.094640
1757024035.460,latency_s,5.078499
1757024035.461,latency_s,5.078287
1757024035.461,latency_s,5.078269
1757024035.461,latency_s,5.077721
1757024035.461,latency_s,5.062971
1757024035.461,latency_s,5.057201
1757024035.462,latency_s,5.052225
1757024035.462,latency_s,5.049059
1757024035.556,latency_s,5.137109
1757024035.556,latency_s,5.115366
1757024035.556,latency_s,5.109202
1757024035.556,latency_s,5.106443
1757024035.557,latency_s,5.107422
1757024035.557,latency_s,5.107479
1757024035.557,latency_s,5.106630
1757024035.557,latency_s,5.098289
1757024035.557,latency_s,5.091271
1757024035.557,latency_s,5.090617
1757024035.557,latency_s,5.074706
1757024035.557,latency_s,5.074658
1757024035.557,latency_s,5.074709
1757024035.558,latency_s,5.074425
1757024035.650,latency_s,5.151570
1757024035.651,latency_s,5.146197
1757024035.651,latency_s,5.140923
1757024035.651,latency_s,5.137643
1757024035.651,latency_s,5.131757
1757024035.651,latency_s,5.109080
1757024035.651,latency_s,5.104201
1757024035.651,latency_s,5.100416
1757024035.651,latency_s,5.100771
1757024035.651,latency_s,5.100824
1757024035.651,latency_s,5.100251
1757024035.651,latency_s,5.091990
1757024035.651,latency_s,5.084573
1757024035.651,latency_s,5.083675
1757024035.652,latency_s,5.068713
1757024035.652,latency_s,5.068918
1757024035.653,latency_s,5.068869
1757024035.653,latency_s,5.068694
1757024035.746,latency_s,5.141644
1757024035.746,latency_s,5.140980
1757024035.747,latency_s,5.136475
1757024035.747,latency_s,5.133025
1757024035.747,latency_s,5.127182
1757024035.747,latency_s,5.104532
1757024035.747,latency_s,5.099267
1757024035.747,latency_s,5.096384
1757024035.747,latency_s,5.096406
1757024035.747,latency_s,5.096158
1757024035.747,latency_s,5.095731
1757024035.747,latency_s,5.087227
1757024035.747,latency_s,5.324753
1757024035.747,latency_s,5.224092
1757024035.841,latency_s,5.216722
1757024035.842,latency_s,5.174205
1757024035.843,latency_s,5.174379
1757024035.843,latency_s,5.159056
1757024035.843,latency_s,5.159025
1757024035.843,latency_s,5.159050
1757024035.843,latency_s,5.158799
1757024035.843,latency_s,5.138274
1757024035.843,latency_s,5.136219
1757024035.843,latency_s,5.132564
1757024035.843,latency_s,5.129734
1757024035.844,latency_s,5.123916
1757024035.844,latency_s,5.099711
1757024035.844,latency_s,5.095594
1757024035.844,latency_s,5.092379
1757024035.844,latency_s,5.092321
1757024035.844,latency_s,5.092407
1757024035.844,latency_s,5.092016
1757024035.935,latency_s,5.174615
1757024035.935,latency_s,5.211117
1757024035.940,latency_s,5.171551
1757024035.940,latency_s,5.170720
1757024035.940,latency_s,5.155498
1757024035.940,latency_s,5.155509
1757024035.940,latency_s,5.155373
1757024035.940,latency_s,5.155342
1757024035.940,latency_s,5.132804
1757024035.940,latency_s,5.132830
1757024035.940,latency_s,5.128508
1757024035.940,latency_s,5.125629
1757024035.940,latency_s,5.120246
1757024035.940,latency_s,5.096138
1757024036.030,latency_s,5.181930
1757024036.030,latency_s,5.178246
1757024036.030,latency_s,5.178229
1757024036.030,latency_s,5.177964
1757024036.031,latency_s,5.178411
1757024036.031,latency_s,5.205656
1757024036.031,latency_s,5.169249
1757024036.031,latency_s,5.162299
1757024036.031,latency_s,5.161475
1757024036.031,latency_s,5.146342
1757024036.031,latency_s,5.146197
1757024036.031,latency_s,5.146095
1757024036.031,latency_s,5.145638
1757024036.031,latency_s,5.123382
1757024036.031,latency_s,5.123103
1757024036.031,latency_s,5.119431
1757024036.034,latency_s,5.119534
1757024036.035,latency_s,5.114465
1757024036.126,latency_s,5.179163
1757024036.126,latency_s,5.177457
1757024036.126,latency_s,5.173806
1757024036.126,latency_s,5.173889
1757024036.126,latency_s,5.173671
1757024036.126,latency_s,5.173331
1757024036.126,latency_s,5.201223
1757024036.126,latency_s,5.164645
1757024036.126,latency_s,5.156459
1757024036.126,latency_s,5.156243
1757024036.126,latency_s,5.141123
1757024036.126,latency_s,5.141305
1757024036.126,latency_s,5.140756
1757024036.127,latency_s,5.140986
1757024036.221,latency_s,5.211542
1757024036.221,latency_s,5.208580
1757024036.221,latency_s,5.205781
1757024036.221,latency_s,5.200704
1757024036.221,latency_s,5.173679
1757024036.221,latency_s,5.195422
1757024036.221,latency_s,5.171361
1757024036.221,latency_s,5.168211
1757024036.221,latency_s,5.168332
1757024036.221,latency_s,5.168345
1757024036.221,latency_s,5.167980
1757024036.221,latency_s,5.159518
1757024036.221,latency_s,5.149310
1757024036.221,latency_s,5.148982
1757024036.221,latency_s,5.135513
1757024036.222,latency_s,5.135498
1757024036.222,latency_s,5.135457
1757024036.222,latency_s,5.112057
1757024036.317,latency_s,5.203050
1757024036.317,latency_s,5.200689
1757024036.317,latency_s,5.196093
1757024036.317,latency_s,5.190696
1757024036.317,latency_s,5.167931
1757024036.317,latency_s,5.167118
1757024036.317,latency_s,5.164190
1757024036.317,latency_s,5.163749
1757024036.317,latency_s,5.163262
1757024036.317,latency_s,5.163821
1757024036.317,latency_s,5.154924
1757024036.317,latency_s,5.144983
1757024036.317,latency_s,5.144587
1757024036.317,latency_s,5.131294
1757024036.413,latency_s,5.226929
1757024036.413,latency_s,5.226685
1757024036.413,latency_s,5.202956
1757024036.413,latency_s,5.404419
1757024036.413,latency_s,5.303765
1757024036.413,latency_s,5.203075
1757024036.413,latency_s,5.199261
1757024036.414,latency_s,5.197028
1757024036.414,latency_s,5.192477
1757024036.414,latency_s,5.185993
1757024036.414,latency_s,5.163750
1757024036.414,latency_s,5.162900
1757024036.508,latency_s,5.254246
1757024036.508,latency_s,5.254514
1757024036.508,latency_s,5.253602
1757024036.508,latency_s,5.253485
1757024036.508,latency_s,5.245270
1757024036.508,latency_s,5.233925
1757024036.508,latency_s,5.233443
1757024036.508,latency_s,5.221557
1757024036.509,latency_s,5.221663
1757024036.509,latency_s,5.221545
1757024036.509,latency_s,5.422982
1757024036.509,latency_s,5.322744
1757024036.509,latency_s,5.222252
1757024036.509,latency_s,5.198626
1757024036.509,latency_s,5.198682
1757024036.509,latency_s,5.194389
1757024036.509,latency_s,5.192717
1757024036.509,latency_s,5.187015
1757024036.509,latency_s,5.181676
1757024036.509,latency_s,5.159440
1757024036.603,latency_s,5.251847
1757024036.603,latency_s,5.248660
1757024036.603,latency_s,5.248774
1757024036.603,latency_s,5.248385
1757024036.604,latency_s,5.248435
1757024036.604,latency_s,5.239660
1757024036.604,latency_s,5.228351
1757024036.604,latency_s,5.228375
1757024036.604,latency_s,5.216529
1757024036.604,latency_s,5.216561
1757024036.604,latency_s,5.216401
1757024036.604,latency_s,5.216497
1757024036.605,latency_s,5.193175
1757024036.699,latency_s,5.287769
1757024036.699,latency_s,5.283448
1757024036.699,latency_s,5.282335
1757024036.699,latency_s,5.275704
1757024036.699,latency_s,5.271309
1757024036.699,latency_s,5.249079
1757024036.699,latency_s,5.248024
1757024036.699,latency_s,5.244727
1757024036.699,latency_s,5.244142
1757024036.700,latency_s,5.244249
1757024036.700,latency_s,5.244735
1757024036.700,latency_s,5.235468
1757024036.700,latency_s,5.224117
1757024036.700,latency_s,5.224197
1757024036.700,latency_s,5.212307
1757024036.700,latency_s,5.212429
1757024036.700,latency_s,5.212242
1757024036.700,latency_s,5.212128
1757024036.700,latency_s,5.188362
1757024036.700,latency_s,5.188036
1757024036.700,latency_s,5.184049
1757024036.700,latency_s,5.183019
1757024036.700,latency_s,5.175864
1757024036.700,latency_s,5.171990
1757024036.700,latency_s,5.149560
1757024036.700,latency_s,5.148601
1757024036.701,latency_s,5.145275
1757024036.701,latency_s,5.145382
1757024036.701,latency_s,5.145184
1757024036.701,latency_s,5.145222
1757024036.701,latency_s,5.136186
1757024036.795,latency_s,5.218637
1757024036.795,latency_s,5.218860
1757024036.795,latency_s,5.207560
1757024036.795,latency_s,5.207326
1757024036.795,latency_s,5.207333
1757024036.795,latency_s,5.207057
1757024036.795,latency_s,5.182404
1757024036.795,latency_s,5.182154
1757024036.795,latency_s,5.178647
1757024036.795,latency_s,5.178126
1757024036.796,latency_s,5.170518
1757024036.796,latency_s,5.167157
1757024036.796,latency_s,5.145164
1757024036.796,latency_s,5.140689
1757024036.796,latency_s,5.140754
1757024036.796,latency_s,5.140277
1757024036.796,latency_s,5.140582
1757024036.796,latency_s,5.130853
1757024036.797,latency_s,5.119521
1757024036.797,latency_s,5.119590
1757024036.797,latency_s,5.108979
1757024036.797,latency_s,5.108665
1757024036.891,latency_s,5.202156
1757024036.891,latency_s,5.202324
1757024036.891,latency_s,5.177358
1757024036.891,latency_s,5.177436
1757024036.891,latency_s,5.173502
1757024036.891,latency_s,5.172509
1757024036.891,latency_s,5.165751
1757024036.891,latency_s,5.161329
1757024036.891,latency_s,5.135636
1757024036.891,latency_s,5.135473
1757024036.892,latency_s,5.135845
1757024036.892,latency_s,5.135752
1757024036.892,latency_s,5.135134
1757024036.892,latency_s,5.126035
1757024036.892,latency_s,5.114413
1757024036.892,latency_s,5.114707
1757024036.987,latency_s,5.199493
1757024036.988,latency_s,5.199149
1757024036.988,latency_s,5.198844
1757024036.988,latency_s,5.198954
1757024036.988,latency_s,5.173812
1757024036.988,latency_s,5.173927
1757024036.988,latency_s,5.170117
1757024036.988,latency_s,5.169081
1757024036.988,latency_s,5.161925
1757024036.988,latency_s,5.157461
1757024036.988,latency_s,5.336126
1757024036.988,latency_s,5.235583
1757024036.988,latency_s,5.131953
1757024036.988,latency_s,5.131960
1757024036.988,latency_s,5.131475
1757024036.988,latency_s,5.130555
1757024036.988,latency_s,5.131424
1757024036.988,latency_s,5.121751
1757024036.988,latency_s,5.110710
1757024036.988,latency_s,5.110655
1757024036.989,latency_s,5.100222
1757024036.989,latency_s,5.099994
1757024036.989,latency_s,5.099320
1757024036.989,latency_s,5.099325
1757024036.989,latency_s,5.074085
1757024036.989,latency_s,5.073971
1757024037.083,latency_s,5.164336
1757024037.083,latency_s,5.163437
1757024037.083,latency_s,5.156704
1757024037.083,latency_s,5.152210
1757024037.083,latency_s,5.228785
1757024037.083,latency_s,5.126207
1757024037.083,latency_s,5.126356
1757024037.083,latency_s,5.125956
1757024037.083,latency_s,5.125373
1757024037.083,latency_s,5.125603
1757024037.083,latency_s,5.116142
1757024037.083,latency_s,5.105685
1757024037.084,latency_s,5.105689
1757024037.084,latency_s,5.094379
1757024037.084,latency_s,5.094532
1757024037.084,latency_s,5.094392
1757024037.178,latency_s,5.188591
1757024037.178,latency_s,5.163604
1757024037.178,latency_s,5.163484
1757024037.178,latency_s,5.159290
1757024037.178,latency_s,5.158700
1757024037.179,latency_s,5.152133
1757024037.179,latency_s,5.147051
1757024037.179,latency_s,5.223570
1757024037.180,latency_s,5.122308
1757024037.180,latency_s,5.121988
1757024037.180,latency_s,5.122135
1757024037.180,latency_s,5.121500
1757024037.180,latency_s,5.121463
1757024037.180,latency_s,5.112280
1757024037.180,latency_s,5.101887
1757024037.180,latency_s,5.101650
1757024037.180,latency_s,5.089987
1757024037.180,latency_s,5.090089
1757024037.180,latency_s,5.090070
1757024037.180,latency_s,5.090019
1757024037.180,latency_s,5.065113
1757024037.274,latency_s,5.158895
1757024037.274,latency_s,5.154689
1757024037.274,latency_s,5.154261
1757024037.274,latency_s,5.147613
1757024037.275,latency_s,5.142552
1757024037.275,latency_s,5.219658
1757024037.275,latency_s,5.117048
1757024037.275,latency_s,5.116601
1757024037.275,latency_s,5.116672
1757024037.275,latency_s,5.116572
1757024037.275,latency_s,5.116565
1757024037.275,latency_s,5.107533
1757024037.275,latency_s,5.096548
1757024037.275,latency_s,5.096606
1757024037.275,latency_s,5.085296
1757024037.275,latency_s,5.085157
1757024037.275,latency_s,5.084547
1757024037.275,latency_s,5.084692
1757024037.369,latency_s,5.153893
1757024037.369,latency_s,5.153709
1757024037.369,latency_s,5.149151
1757024037.369,latency_s,5.148673
1757024037.369,latency_s,5.141837
1757024037.369,latency_s,5.213944
1757024037.370,latency_s,5.136715
1757024037.370,latency_s,5.109858
1757024037.370,latency_s,5.109893
1757024037.370,latency_s,5.109942
1757024037.370,latency_s,5.109854
1757024037.370,latency_s,5.109906
1757024037.370,latency_s,5.101775
1757024037.370,latency_s,5.090434
1757024037.464,latency_s,5.184642
1757024037.464,latency_s,5.174142
1757024037.464,latency_s,5.174043
1757024037.464,latency_s,5.173364
1757024037.465,latency_s,5.173419
1757024037.465,latency_s,5.149111
1757024037.465,latency_s,5.149286
1757024037.465,latency_s,5.144101
1757024037.465,latency_s,5.143739
1757024037.465,latency_s,5.209227
1757024037.465,latency_s,5.136782
1757024037.465,latency_s,5.131935
1757024037.465,latency_s,5.104544
1757024037.465,latency_s,5.104818
1757024037.465,latency_s,5.104713
1757024037.465,latency_s,5.104796
1757024037.465,latency_s,5.104814
1757024037.507,latency_s,5.138702
1757024037.560,latency_s,5.179295
1757024037.560,latency_s,5.179334
1757024037.560,latency_s,5.169182
1757024037.560,latency_s,5.169054
1757024037.560,latency_s,5.168221
1757024037.560,latency_s,5.168156
1757024037.560,latency_s,5.143790
1757024037.560,latency_s,5.143889
1757024037.560,latency_s,5.138494
1757024037.560,latency_s,5.138373
1757024037.560,latency_s,5.204196
1757024037.560,latency_s,5.131740
1757024037.560,latency_s,5.126344
1757024037.560,latency_s,5.098720
1757024037.656,latency_s,5.193991
1757024037.656,latency_s,5.194081
1757024037.656,latency_s,5.194084
1757024037.656,latency_s,5.194211
1757024037.656,latency_s,5.186898
1757024037.656,latency_s,5.174592
1757024037.656,latency_s,5.174627
1757024037.656,latency_s,5.165222
1757024037.656,latency_s,5.165088
1757024037.656,latency_s,5.163377
1757024037.656,latency_s,5.163310
1757024037.656,latency_s,5.139618
1757024037.656,latency_s,5.139149
1757024037.656,latency_s,5.199538
1757024037.656,latency_s,5.134426
1757024037.656,latency_s,5.134172
1757024037.656,latency_s,5.127168
1757024037.656,latency_s,5.122289
1757024037.751,latency_s,5.189015
1757024037.751,latency_s,5.189537
1757024037.751,latency_s,5.189083
1757024037.751,latency_s,5.189074
1757024037.751,latency_s,5.188723
1757024037.752,latency_s,5.181884
1757024037.752,latency_s,5.169536
1757024037.752,latency_s,5.168630
1757024037.752,latency_s,5.159942
1757024037.752,latency_s,5.160369
1757024037.752,latency_s,5.158381
1757024037.752,latency_s,5.158311
1757024037.752,latency_s,5.194713
1757024037.752,latency_s,5.134343
1757024037.846,latency_s,5.229066
1757024037.847,latency_s,5.224085
1757024037.847,latency_s,5.223829
1757024037.847,latency_s,5.216852
1757024037.847,latency_s,5.212005
1757024037.847,latency_s,5.184860
1757024037.847,latency_s,5.184414
1757024037.847,latency_s,5.184650
1757024037.847,latency_s,5.184165
1757024037.847,latency_s,5.183615
1757024037.847,latency_s,5.176847
1757024037.847,latency_s,5.164598
1757024037.847,latency_s,5.164216
1757024037.847,latency_s,5.155330
1757024037.847,latency_s,5.155248
1757024037.847,latency_s,5.153369
1757024037.847,latency_s,5.153462
1757024037.848,latency_s,5.190180
1757024037.941,latency_s,5.223738
1757024037.942,latency_s,5.223647
1757024037.942,latency_s,5.219098
1757024037.942,latency_s,5.218994
1757024037.942,latency_s,5.212378
1757024037.942,latency_s,5.207005
1757024037.943,latency_s,5.180318
1757024037.943,latency_s,5.178865
1757024037.943,latency_s,5.178810
1757024037.943,latency_s,5.178785
1757024037.943,latency_s,5.177963
1757024037.943,latency_s,5.171952
1757024037.943,latency_s,5.158257
1757024037.943,latency_s,5.157311
1757024038.038,latency_s,5.246031
1757024038.039,latency_s,5.246129
1757024038.039,latency_s,5.243757
1757024038.039,latency_s,5.243535
1757024038.039,latency_s,5.281068
1757024038.039,latency_s,5.220427
1757024038.039,latency_s,5.219306
1757024038.039,latency_s,5.215289
1757024038.039,latency_s,5.215173
1757024038.039,latency_s,5.208187
1757024038.039,latency_s,5.202738
1757024038.039,latency_s,5.176080
1757024038.039,latency_s,5.174131
1757024038.039,latency_s,5.173992
1757024038.039,latency_s,5.174166
1757024038.039,latency_s,5.174268
1757024038.039,latency_s,5.167915
1757024038.039,latency_s,5.154582
1757024038.135,latency_s,5.249056
1757024038.135,latency_s,5.242000
1757024038.135,latency_s,5.241936
1757024038.135,latency_s,5.240058
1757024038.135,latency_s,5.239725
1757024038.230,latency_s,5.371256
1757024038.230,latency_s,5.310276
1757024038.230,latency_s,5.309527
1757024038.230,latency_s,5.305687
1757024038.230,latency_s,5.305275
1757024038.230,latency_s,5.298642
1757024038.230,latency_s,5.293404
1757024038.230,latency_s,5.266272
1757024038.230,latency_s,5.264369
1757024038.232,latency_s,5.266046
1757024038.232,latency_s,5.266146
1757024038.232,latency_s,5.266120
1757024038.232,latency_s,5.259806
1757024038.232,latency_s,5.246527
1757024038.232,latency_s,5.244326
1757024038.232,latency_s,5.238188
1757024038.232,latency_s,5.238107
1757024038.232,latency_s,5.273512
1757024038.232,latency_s,5.236307
1757024038.232,latency_s,5.212335
1757024038.232,latency_s,5.211742
1757024038.232,latency_s,5.207340
1757024038.232,latency_s,5.207026
1757024038.232,latency_s,5.200522
1757024038.232,latency_s,5.195707
1757024038.232,latency_s,5.168041
1757024038.232,latency_s,5.165932
1757024038.324,latency_s,5.258131
1757024038.325,latency_s,5.258258
1757024038.325,latency_s,5.258389
1757024038.325,latency_s,5.252388
1757024038.325,latency_s,5.238886
1757024038.327,latency_s,5.239065
1757024038.327,latency_s,5.268490
1757024038.327,latency_s,5.233429
1757024038.327,latency_s,5.233214
1757024038.327,latency_s,5.230966
1757024038.327,latency_s,5.207377
1757024038.328,latency_s,5.206886
1757024038.328,latency_s,5.202599
1757024038.421,latency_s,5.295219
1757024038.421,latency_s,5.288917
1757024038.421,latency_s,5.284134
1757024038.421,latency_s,5.256509
1757024038.421,latency_s,5.254565
1757024038.421,latency_s,5.254631
1757024038.421,latency_s,5.254486
1757024038.421,latency_s,5.254244
1757024038.421,latency_s,5.247329
1757024038.421,latency_s,5.261648
1757024038.421,latency_s,5.234795
1757024038.423,latency_s,5.233950
1757024038.423,latency_s,5.228264
1757024038.423,latency_s,5.228143
1757024038.423,latency_s,5.427237
1757024038.423,latency_s,5.326591
1757024038.423,latency_s,5.226459
1757024038.423,latency_s,5.202975
1757024038.423,latency_s,5.202430
1757024038.423,latency_s,5.197535
1757024038.423,latency_s,5.197286
1757024038.423,latency_s,5.191128
1757024038.423,latency_s,5.186260
1757024038.423,latency_s,5.158726
1757024038.519,latency_s,5.252429
1757024038.520,latency_s,5.251959
1757024038.520,latency_s,5.252014
1757024038.520,latency_s,5.245579
1757024038.520,latency_s,5.259098
1757024038.520,latency_s,5.233029
1757024038.520,latency_s,5.230398
1757024038.520,latency_s,5.323098
1757024038.520,latency_s,5.224980
1757024038.520,latency_s,5.224815
1757024038.520,latency_s,5.221791
1757024038.520,latency_s,5.199402
1757024038.520,latency_s,5.198844
1757024038.520,latency_s,5.194120
1757024038.520,latency_s,5.193444
1757024038.615,latency_s,5.282255
1757024038.615,latency_s,5.277784
1757024038.615,latency_s,5.249807
1757024038.615,latency_s,5.248043
1757024038.616,latency_s,5.247011
1757024038.616,latency_s,5.246673
1757024038.616,latency_s,5.241254
1757024038.616,latency_s,5.253637
1757024038.616,latency_s,5.317527
1757024038.616,latency_s,5.227248
1757024038.616,latency_s,5.225842
1757024038.616,latency_s,5.220636
1757024038.616,latency_s,5.218168
1757024038.616,latency_s,5.215288
1757024038.616,latency_s,5.194540
1757024038.616,latency_s,5.194213
1757024038.616,latency_s,5.189900
1757024038.710,latency_s,5.282943
1757024038.710,latency_s,5.276638
1757024038.710,latency_s,5.271790
1757024038.711,latency_s,5.244555
1757024038.711,latency_s,5.443114
1757024038.711,latency_s,5.341957
1757024038.711,latency_s,5.242683
1757024038.711,latency_s,5.241128
1757024038.711,latency_s,5.248022
1757024038.711,latency_s,5.240373
1757024038.711,latency_s,5.235958
1757024038.711,latency_s,5.312241
1757024038.711,latency_s,5.222184
1757024038.711,latency_s,5.220721
1757024038.711,latency_s,5.215372
1757024038.805,latency_s,5.307204
1757024038.806,latency_s,5.304923
1757024038.806,latency_s,5.283766
1757024038.806,latency_s,5.283438
1757024038.806,latency_s,5.278826
1757024038.806,latency_s,5.278434
1757024038.806,latency_s,5.272201
1757024038.806,latency_s,5.266301
1757024038.806,latency_s,5.335316
1757024038.806,latency_s,5.242917
1757024038.806,latency_s,5.240050
1757024038.806,latency_s,5.236170
1757024038.806,latency_s,5.235209
1757024038.806,latency_s,5.234263
1757024038.806,latency_s,5.230893
1757024038.806,latency_s,5.307252
1757024038.806,latency_s,5.216774
1757024038.901,latency_s,5.310274
1757024038.901,latency_s,5.305393
1757024038.901,latency_s,5.302935
1757024038.902,latency_s,5.299549
1757024038.902,latency_s,5.279694
1757024038.902,latency_s,5.279024
1757024038.902,latency_s,5.274565
1757024038.902,latency_s,5.273612
1757024038.902,latency_s,5.267706
1757024038.902,latency_s,5.262114
1757024038.902,latency_s,5.329977
1757024038.902,latency_s,5.238441
1757024038.902,latency_s,5.235072
1757024038.902,latency_s,5.231919
1757024038.902,latency_s,5.229749
1757024038.996,latency_s,5.322121
1757024038.996,latency_s,5.320450
1757024038.996,latency_s,5.396674
1757024038.996,latency_s,5.305699
1757024038.996,latency_s,5.305543
1757024038.997,latency_s,5.299818
1757024038.997,latency_s,5.297366
1757024038.997,latency_s,5.292967
1757024038.997,latency_s,5.274326
1757024038.997,latency_s,5.273714
1757024038.997,latency_s,5.268941
1757024038.997,latency_s,5.267426
1757024038.997,latency_s,5.262333
1757024038.997,latency_s,5.256404
1757024038.997,latency_s,5.323230
1757024038.997,latency_s,5.233419
1757024038.997,latency_s,5.229918
1757024039.091,latency_s,5.320456
1757024039.092,latency_s,5.318631
1757024039.092,latency_s,5.391510
1757024039.092,latency_s,5.317322
1757024039.092,latency_s,5.315814
1757024039.092,latency_s,5.300167
1757024039.092,latency_s,5.300202
1757024039.092,latency_s,5.294841
1757024039.092,latency_s,5.292429
1757024039.092,latency_s,5.286955
1757024039.092,latency_s,5.269309
1757024039.092,latency_s,5.268700
1757024039.092,latency_s,5.264011
1757024039.092,latency_s,5.261466
1757024039.092,latency_s,5.257175
1757024039.187,latency_s,5.345452
1757024039.187,latency_s,5.412584
1757024039.187,latency_s,5.322303
1757024039.187,latency_s,5.319208
1757024039.187,latency_s,5.386231
1757024039.187,latency_s,5.314548
1757024039.187,latency_s,5.313581
1757024039.187,latency_s,5.312129
1757024039.187,latency_s,5.310239
1757024039.187,latency_s,5.294987
1757024039.188,latency_s,5.293416
1757024039.188,latency_s,5.290080
1757024039.188,latency_s,5.286641
1757024039.188,latency_s,5.280598
1757024039.188,latency_s,5.263952
1757024039.188,latency_s,5.264339
1757024039.188,latency_s,5.259091
1757024039.282,latency_s,5.349492
1757024039.282,latency_s,5.346023
1757024039.282,latency_s,5.340640
1757024039.282,latency_s,5.406983
1757024039.282,latency_s,5.379429
1757024039.282,latency_s,5.317069
1757024039.282,latency_s,5.314368
1757024039.282,latency_s,5.309520
1757024039.282,latency_s,5.306831
1757024039.282,latency_s,5.305899
1757024039.282,latency_s,5.305052
1757024039.282,latency_s,5.289282
1757024039.282,latency_s,5.286227
1757024039.283,latency_s,5.284378
1757024039.283,latency_s,5.280007
1757024039.377,latency_s,5.369597
1757024039.377,latency_s,5.353306
1757024039.377,latency_s,5.353278
1757024039.377,latency_s,5.348116
1757024039.377,latency_s,5.344554
1757024039.378,latency_s,5.341228
1757024039.378,latency_s,5.336070
1757024039.378,latency_s,5.401021
1757024039.378,latency_s,5.372531
1757024039.378,latency_s,5.312472
1757024039.378,latency_s,5.308787
1757024039.378,latency_s,5.305017
1757024039.378,latency_s,5.301514
1757024039.378,latency_s,5.299369
1757024039.378,latency_s,5.300052
1757024039.378,latency_s,5.284702
1757024039.378,latency_s,5.280911
1757024039.473,latency_s,5.373840
1757024039.473,latency_s,5.369815
1757024039.473,latency_s,5.363762
1757024039.473,latency_s,5.348623
1757024039.473,latency_s,5.347458
1757024039.473,latency_s,5.343077
1757024039.473,latency_s,5.338144
1757024039.474,latency_s,5.335577
1757024039.474,latency_s,5.395296
1757024039.474,latency_s,5.331963
1757024039.474,latency_s,5.368103
1757024039.474,latency_s,5.307791
1757024039.474,latency_s,5.303930
1757024039.474,latency_s,5.298746
1757024039.474,latency_s,5.296586
1757024039.569,latency_s,5.389696
1757024039.570,latency_s,5.390209
1757024039.570,latency_s,5.375901
1757024039.570,latency_s,5.372320
1757024039.570,latency_s,5.370750
1757024039.570,latency_s,5.365699
1757024039.570,latency_s,5.359414
1757024039.570,latency_s,5.345117
1757024039.570,latency_s,5.343175
1757024039.570,latency_s,5.339806
1757024039.570,latency_s,5.390780
1757024039.570,latency_s,5.334766
1757024039.570,latency_s,5.331439
1757024039.570,latency_s,5.327570
1757024039.570,latency_s,5.364147
1757024039.570,latency_s,5.303766
1757024039.570,latency_s,5.300241
1757024039.665,latency_s,5.388644
1757024039.665,latency_s,5.385864
1757024039.665,latency_s,5.384382
1757024039.665,latency_s,5.384244
1757024039.665,latency_s,5.371018
1757024039.665,latency_s,5.365098
1757024039.665,latency_s,5.365585
1757024039.665,latency_s,5.360850
1757024039.665,latency_s,5.353729
1757024039.665,latency_s,5.340329
1757024039.665,latency_s,5.337891
1757024039.665,latency_s,5.334658
1757024039.666,latency_s,5.385121
1757024039.666,latency_s,5.329305
1757024039.666,latency_s,5.326335
1757024039.760,latency_s,5.451925
1757024039.761,latency_s,5.393093
1757024039.761,latency_s,5.390150
1757024039.761,latency_s,5.384297
1757024039.761,latency_s,5.379916
1757024039.761,latency_s,5.379628
1757024039.761,latency_s,5.378060
1757024039.761,latency_s,5.366190
1757024039.761,latency_s,5.360830
1757024039.761,latency_s,5.360647
1757024039.761,latency_s,5.355853
1757024039.761,latency_s,5.348931
1757024039.761,latency_s,5.335278
1757024039.761,latency_s,5.379833
1757024039.761,latency_s,5.332405
1757024039.761,latency_s,5.329966
1757024039.761,latency_s,5.324804
1757024039.857,latency_s,5.417119
1757024039.858,latency_s,5.446993
1757024039.858,latency_s,5.414347
1757024039.858,latency_s,5.390014
1757024039.858,latency_s,5.386988
1757024039.858,latency_s,5.379827
1757024039.858,latency_s,5.376756
1757024039.858,latency_s,5.375407
1757024039.858,latency_s,5.374869
1757024039.858,latency_s,5.362670
1757024039.858,latency_s,5.357260
1757024039.858,latency_s,5.356333
1757024039.858,latency_s,5.351367
1757024039.858,latency_s,5.345532
1757024039.858,latency_s,5.376390
1757024039.955,latency_s,5.414283
1757024039.955,latency_s,5.411386
1757024039.955,latency_s,5.386962
1757024039.955,latency_s,5.383549
1757024039.955,latency_s,5.376519
1757024039.955,latency_s,5.373130
1757024039.955,latency_s,5.372250
1757024039.955,latency_s,5.371345
1757024039.955,latency_s,5.359792
1757024039.955,latency_s,5.354101
1757024039.955,latency_s,5.352613
1757024039.955,latency_s,5.347640
1757024039.955,latency_s,5.341330
1757024039.955,latency_s,5.373449
1757024039.955,latency_s,5.328202
1757024039.956,latency_s,5.325050
1757024039.956,latency_s,5.323306
1757024040.051,latency_s,5.438087
1757024040.051,latency_s,5.413581
1757024040.051,latency_s,5.409624
1757024040.051,latency_s,5.406200
1757024040.051,latency_s,5.382516
1757024040.051,latency_s,5.379559
1757024040.051,latency_s,5.372751
1757024040.052,latency_s,5.369235
1757024040.052,latency_s,5.368280
1757024040.052,latency_s,5.367397
1757024040.052,latency_s,5.355562
1757024040.052,latency_s,5.350144
1757024040.052,latency_s,5.348843
1757024040.052,latency_s,5.342245
1757024040.052,latency_s,5.369210
1757024040.147,latency_s,5.433939
1757024040.148,latency_s,5.414890
1757024040.148,latency_s,5.409861
1757024040.148,latency_s,5.404577
1757024040.148,latency_s,5.401921
1757024040.148,latency_s,5.378771
1757024040.148,latency_s,5.375818
1757024040.148,latency_s,5.368510
1757024040.148,latency_s,5.365548
1757024040.148,latency_s,5.363273
1757024040.148,latency_s,5.361781
1757024040.148,latency_s,5.351451
1757024040.148,latency_s,5.346030
1757024040.148,latency_s,5.344126
1757024040.148,latency_s,5.365374
1757024040.148,latency_s,5.337566
1757024040.148,latency_s,5.332325
1757024040.243,latency_s,5.404413
1757024040.243,latency_s,5.398184
1757024040.243,latency_s,5.396773
1757024040.243,latency_s,5.373507
1757024040.243,latency_s,5.369995
1757024040.243,latency_s,5.363110
1757024040.243,latency_s,5.359754
1757024040.243,latency_s,5.357550
1757024040.243,latency_s,5.355951
1757024040.243,latency_s,5.346666
1757024040.244,latency_s,5.340957
1757024040.244,latency_s,5.360354
1757024040.244,latency_s,5.339499
1757024040.244,latency_s,5.331634
1757024040.244,latency_s,5.327420
1757024040.339,latency_s,5.607955
1757024040.339,latency_s,5.507488
1757024040.339,latency_s,5.405167
1757024040.339,latency_s,5.399303
1757024040.339,latency_s,5.393312
1757024040.339,latency_s,5.392711
1757024040.339,latency_s,5.369349
1757024040.339,latency_s,5.365661
1757024040.339,latency_s,5.358247
1757024040.339,latency_s,5.355350
1757024040.339,latency_s,5.353353
1757024040.460,latency_s,5.473086
1757024040.461,latency_s,5.462917
1757024040.461,latency_s,5.476832
1757024040.461,latency_s,5.456088
1757024040.461,latency_s,5.447217
1757024040.461,latency_s,5.445773
1757024040.461,latency_s,5.431955
1757024040.461,latency_s,5.426602
1757024040.461,latency_s,5.420673
1757024040.461,latency_s,5.414730
1757024040.461,latency_s,5.414480
1757024040.461,latency_s,5.390579
1757024040.461,latency_s,5.387287
1757024040.461,latency_s,5.379288
1757024040.461,latency_s,5.377164
1757024040.461,latency_s,5.374628
1757024040.461,latency_s,5.373412
1757024040.461,latency_s,5.376972
1757024040.461,latency_s,5.361410
1757024040.461,latency_s,5.352225
1757024040.461,latency_s,5.346292
1757024040.529,latency_s,5.394576
1757024040.530,latency_s,5.388079
1757024040.531,latency_s,5.384002
1757024040.531,latency_s,5.383799
1757024040.531,latency_s,5.358972
1757024040.531,latency_s,5.356538
1757024040.531,latency_s,5.348318
1757024040.531,latency_s,5.345947
1757024040.531,latency_s,5.344275
1757024040.531,latency_s,5.343127
1757024040.531,latency_s,5.346281
1757024040.557,latency_s,5.356862
1757024040.557,latency_s,5.554425
1757024040.558,latency_s,5.454008
1757024040.558,latency_s,5.347008
1757024040.558,latency_s,5.341776
1757024040.558,latency_s,5.341571
1757024040.558,latency_s,5.423980
1757024040.558,latency_s,5.339705
1757024040.558,latency_s,5.328690
1757024040.558,latency_s,5.322870
1757024040.625,latency_s,5.382650
1757024040.625,latency_s,5.377714
1757024040.625,latency_s,5.377246
1757024040.625,latency_s,5.351703
1757024040.625,latency_s,5.350250
1757024040.625,latency_s,5.342250
1757024040.625,latency_s,5.339919
1757024040.625,latency_s,5.337965
1757024040.653,latency_s,5.367212
1757024040.653,latency_s,5.364295
1757024040.653,latency_s,5.449110
1757024040.654,latency_s,5.352587
1757024040.654,latency_s,5.342797
1757024040.654,latency_s,5.419557
1757024040.654,latency_s,5.337450
1757024040.654,latency_s,5.337478
1757024040.654,latency_s,5.335572
1757024040.654,latency_s,5.323738
1757024040.654,latency_s,5.318397
1757024040.654,latency_s,5.311120
1757024040.654,latency_s,5.306702
1757024040.694,latency_s,5.345343
1757024040.750,latency_s,5.376714
1757024040.751,latency_s,5.375696
1757024040.751,latency_s,5.367519
1757024040.751,latency_s,5.365294
1757024040.751,latency_s,5.364895
1757024040.751,latency_s,5.363020
1757024040.751,latency_s,5.361742
1757024040.751,latency_s,5.446418
1757024040.751,latency_s,5.349340
1757024040.751,latency_s,5.414903
1757024040.751,latency_s,5.339071
1757024040.751,latency_s,5.334488
1757024040.751,latency_s,5.334559
1757024040.751,latency_s,5.332435
1757024040.751,latency_s,5.320537
1757024040.751,latency_s,5.315179
1757024040.751,latency_s,5.307835
1757024040.751,latency_s,5.302959
1757024040.846,latency_s,5.397041
1757024040.846,latency_s,5.371684
1757024040.846,latency_s,5.370297
1757024040.846,latency_s,5.362433
1757024040.846,latency_s,5.360044
1757024040.846,latency_s,5.359640
1757024040.846,latency_s,5.357172
1757024040.846,latency_s,5.357033
1757024040.846,latency_s,5.441378
1757024040.846,latency_s,5.344514
1757024040.847,latency_s,5.409608
1757024040.847,latency_s,5.334471
1757024040.847,latency_s,5.329571
1757024040.847,latency_s,5.329369
1757024040.941,latency_s,5.404966
1757024040.942,latency_s,5.396609
1757024040.942,latency_s,5.393006
1757024040.942,latency_s,5.392277
1757024040.942,latency_s,5.367172
1757024040.942,latency_s,5.365593
1757024040.942,latency_s,5.357161
1757024040.942,latency_s,5.436673
1757024040.942,latency_s,5.355864
1757024040.942,latency_s,5.355387
1757024040.942,latency_s,5.352255
1757024040.942,latency_s,5.352417
1757024040.943,latency_s,5.403257
1757024040.943,latency_s,5.340244
1757024040.944,latency_s,5.331054
1757024040.944,latency_s,5.326118
1757024040.944,latency_s,5.325925
1757024040.944,latency_s,5.324254
1757024041.037,latency_s,5.405276
1757024041.038,latency_s,5.400957
1757024041.039,latency_s,5.390259
1757024041.039,latency_s,5.389320
1757024041.039,latency_s,5.364171
1757024041.039,latency_s,5.362242
1757024041.039,latency_s,5.433563
1757024041.039,latency_s,5.352909
1757024041.039,latency_s,5.352904
1757024041.039,latency_s,5.351984
1757024041.039,latency_s,5.349011
1757024041.040,latency_s,5.348067
1757024041.040,latency_s,5.400014
1757024041.040,latency_s,5.336782
1757024041.134,latency_s,5.413919
1757024041.134,latency_s,5.401304
1757024041.134,latency_s,5.396854
1757024041.135,latency_s,5.385597
1757024041.135,latency_s,5.383419
1757024041.135,latency_s,5.359189
1757024041.135,latency_s,5.428503
1757024041.135,latency_s,5.357628
1757024041.135,latency_s,5.394002
1757024041.135,latency_s,5.347381
1757024041.135,latency_s,5.347481
1757024041.135,latency_s,5.346502
1757024041.135,latency_s,5.344348
1757024041.135,latency_s,5.342188
1757024041.135,latency_s,5.331843
1757024041.135,latency_s,5.321225
1757024041.135,latency_s,5.316562
1757024041.135,latency_s,5.316234
1757024041.228,latency_s,5.394972
1757024041.228,latency_s,5.390385
1757024041.228,latency_s,5.582954
1757024041.228,latency_s,5.481472
1757024041.228,latency_s,5.379180
1757024041.229,latency_s,5.376856
1757024041.229,latency_s,5.421927
1757024041.229,latency_s,5.352718
1757024041.229,latency_s,5.351222
1757024041.229,latency_s,5.387373
1757024041.229,latency_s,5.340940
1757024041.229,latency_s,5.340674
1757024041.229,latency_s,5.340230
1757024041.229,latency_s,5.337892
1757024041.324,latency_s,5.405191
1757024041.324,latency_s,5.404945
1757024041.324,latency_s,5.403558
1757024041.324,latency_s,5.390487
1757024041.324,latency_s,5.386097
1757024041.325,latency_s,5.477335
1757024041.325,latency_s,5.374914
1757024041.325,latency_s,5.372102
1757024041.325,latency_s,5.417406
1757024041.325,latency_s,5.348099
1757024041.325,latency_s,5.346342
1757024041.325,latency_s,5.382957
1757024041.325,latency_s,5.336861
1757024041.325,latency_s,5.336490
1757024041.325,latency_s,5.336222
1757024041.326,latency_s,5.334215
1757024041.326,latency_s,5.332349
1757024041.326,latency_s,5.322167
1757024041.419,latency_s,5.399719
1757024041.419,latency_s,5.399925
1757024041.422,latency_s,5.400068
1757024041.422,latency_s,5.474187
1757024041.422,latency_s,5.387575
1757024041.422,latency_s,5.381956
1757024041.422,latency_s,5.371133
1757024041.422,latency_s,5.368893
1757024041.422,latency_s,5.414125
1757024041.422,latency_s,5.380221
1757024041.422,latency_s,5.345403
1757024041.422,latency_s,5.343733
1757024041.422,latency_s,5.333580
1757024041.423,latency_s,5.332828
1757024041.514,latency_s,5.399631
1757024041.514,latency_s,5.394375
1757024041.515,latency_s,5.394347
1757024041.515,latency_s,5.392267
1757024041.515,latency_s,5.466914
1757024041.518,latency_s,5.383448
1757024041.518,latency_s,5.377970
1757024041.518,latency_s,5.366693
1757024041.518,latency_s,5.364518
1757024041.518,latency_s,5.409833
1757024041.518,latency_s,5.375264
1757024041.518,latency_s,5.340622
1757024041.518,latency_s,5.339135
1757024041.518,latency_s,5.328680
1757024041.518,latency_s,5.327825
1757024041.518,latency_s,5.327863
1757024041.518,latency_s,5.324410
1757024041.518,latency_s,5.323413
1757024041.612,latency_s,5.395902
1757024041.612,latency_s,5.391063
1757024041.612,latency_s,5.391164
1757024041.612,latency_s,5.389270
1757024041.612,latency_s,5.463975
1757024041.612,latency_s,5.377296
1757024041.612,latency_s,5.371836
1757024041.612,latency_s,5.360172
1757024041.612,latency_s,5.403043
1757024041.612,latency_s,5.357909
1757024041.612,latency_s,5.368753
1757024041.612,latency_s,5.334146
1757024041.612,latency_s,5.333015
1757024041.612,latency_s,5.322523
1757024041.708,latency_s,5.400394
1757024041.708,latency_s,5.391370
1757024041.708,latency_s,5.459044
1757024041.708,latency_s,5.386359
1757024041.708,latency_s,5.386459
1757024041.708,latency_s,5.385307
1757024041.709,latency_s,5.373535
1757024041.709,latency_s,5.368231
1757024041.709,latency_s,5.399167
1757024041.709,latency_s,5.355908
1757024041.709,latency_s,5.354216
1757024041.709,latency_s,5.364843
1757024041.709,latency_s,5.330185
1757024041.709,latency_s,5.328732
1757024041.709,latency_s,5.318383
1757024041.709,latency_s,5.317421
1757024041.709,latency_s,5.317420
1757024041.709,latency_s,5.314337
1757024041.804,latency_s,5.408469
1757024041.805,latency_s,5.395695
1757024041.805,latency_s,5.455586
1757024041.805,latency_s,5.387944
1757024041.805,latency_s,5.382865
1757024041.805,latency_s,5.382577
1757024041.805,latency_s,5.381134
1757024041.805,latency_s,5.369732
1757024041.805,latency_s,5.363998
1757024041.805,latency_s,5.395129
1757024041.805,latency_s,5.352119
1757024041.805,latency_s,5.360549
1757024041.805,latency_s,5.350260
1757024041.805,latency_s,5.326041
1757024041.900,latency_s,5.402326
1757024041.900,latency_s,5.450283
1757024041.900,latency_s,5.389658
1757024041.900,latency_s,5.382710
1757024041.900,latency_s,5.377892
1757024041.900,latency_s,5.376987
1757024041.900,latency_s,5.375804
1757024041.900,latency_s,5.364232
1757024041.900,latency_s,5.358786
1757024041.900,latency_s,5.388494
1757024041.900,latency_s,5.352861
1757024041.900,latency_s,5.347049
1757024041.900,latency_s,5.343535
1757024041.901,latency_s,5.320943
1757024041.901,latency_s,5.319291
1757024041.901,latency_s,5.309009
1757024041.901,latency_s,5.309103
1757024041.901,latency_s,5.308649
1757024041.996,latency_s,5.446101
1757024041.996,latency_s,5.385490
1757024041.996,latency_s,5.378827
1757024041.996,latency_s,5.374159
1757024041.997,latency_s,5.373177
1757024041.997,latency_s,5.371827
1757024041.997,latency_s,5.360040
1757024041.997,latency_s,5.383953
1757024041.997,latency_s,5.354826
1757024041.997,latency_s,5.348568
1757024041.997,latency_s,5.343253
1757024041.997,latency_s,5.339551
1757024041.997,latency_s,5.316862
1757024041.997,latency_s,5.315321
1757024042.092,latency_s,5.441991
1757024042.093,latency_s,5.381271
1757024042.093,latency_s,5.374354
1757024042.093,latency_s,5.369487
1757024042.093,latency_s,5.368538
1757024042.093,latency_s,5.367530
1757024042.093,latency_s,5.379011
1757024042.093,latency_s,5.355968
1757024042.093,latency_s,5.350382
1757024042.093,latency_s,5.343450
1757024042.093,latency_s,5.338647
1757024042.094,latency_s,5.335246
1757024042.094,latency_s,5.313148
1757024042.094,latency_s,5.311715
1757024042.095,latency_s,5.302284
1757024042.095,latency_s,5.302000
1757024042.095,latency_s,5.301444
1757024042.095,latency_s,5.498760
1757024042.190,latency_s,5.492753
1757024042.190,latency_s,5.439198
1757024042.190,latency_s,5.390560
1757024042.190,latency_s,5.378704
1757024042.191,latency_s,5.372156
1757024042.191,latency_s,5.367310
1757024042.191,latency_s,5.366256
1757024042.191,latency_s,5.365636
1757024042.191,latency_s,5.376962
1757024042.191,latency_s,5.353750
1757024042.191,latency_s,5.348349
1757024042.191,latency_s,5.339649
1757024042.191,latency_s,5.336323
1757024042.191,latency_s,5.332043
1757024042.286,latency_s,5.393629
1757024042.286,latency_s,5.393349
1757024042.287,latency_s,5.392889
1757024042.287,latency_s,5.385769
1757024042.287,latency_s,5.374448
1757024042.287,latency_s,5.367520
1757024042.287,latency_s,5.362910
1757024042.287,latency_s,5.371090
1757024042.287,latency_s,5.360698
1757024042.287,latency_s,5.360164
1757024042.287,latency_s,5.348911
1757024042.287,latency_s,5.343543
1757024042.287,latency_s,5.333983
1757024042.287,latency_s,5.331411
1757024042.287,latency_s,5.326776
1757024042.287,latency_s,5.305618
1757024042.287,latency_s,5.304241
1757024042.287,latency_s,5.388934
1757024042.383,latency_s,5.388338
1757024042.383,latency_s,5.388356
1757024042.383,latency_s,5.381592
1757024042.383,latency_s,5.370261
1757024042.383,latency_s,5.363347
1757024042.383,latency_s,5.364921
1757024042.383,latency_s,5.358477
1757024042.383,latency_s,5.356558
1757024042.383,latency_s,5.356126
1757024042.383,latency_s,5.345120
1757024042.384,latency_s,5.339986
1757024042.384,latency_s,5.330590
1757024042.384,latency_s,5.328107
1757024042.384,latency_s,5.323448
1757024042.481,latency_s,5.398945
1757024042.482,latency_s,5.398140
1757024042.482,latency_s,5.388316
1757024042.483,latency_s,5.387662
1757024042.483,latency_s,5.387828
1757024042.483,latency_s,5.381132
1757024042.483,latency_s,5.369944
1757024042.483,latency_s,5.364553
1757024042.483,latency_s,5.362699
1757024042.483,latency_s,5.357821
1757024042.483,latency_s,5.355819
1757024042.483,latency_s,5.355333
1757024042.483,latency_s,5.343963
1757024042.483,latency_s,5.338675
1757024042.483,latency_s,5.329343
1757024042.483,latency_s,5.326850
1757024042.483,latency_s,5.321877
1757024042.483,latency_s,5.329849
1757024042.576,latency_s,5.476931
1757024042.577,latency_s,5.394137
1757024042.577,latency_s,5.393020
1757024042.672,latency_s,5.477876
1757024042.672,latency_s,5.475868
1757024042.672,latency_s,5.475827
1757024042.672,latency_s,5.470031
1757024042.672,latency_s,5.458832
1757024042.672,latency_s,5.451710
1757024042.672,latency_s,5.451629
1757024042.672,latency_s,5.447253
1757024042.673,latency_s,5.443431
1757024042.673,latency_s,5.443330
1757024042.673,latency_s,5.433148
1757024042.673,latency_s,5.473624
1757024042.674,latency_s,5.390552
1757024042.674,latency_s,5.389087
1757024042.674,latency_s,5.378662
1757024042.674,latency_s,5.376847
1757024042.674,latency_s,5.376427
1757024042.674,latency_s,5.370888
1757024042.674,latency_s,5.359609
1757024042.674,latency_s,5.351157
1757024042.674,latency_s,5.350392
1757024042.675,latency_s,5.349189
1757024042.675,latency_s,5.345167
1757024042.675,latency_s,5.344876
1757024042.675,latency_s,5.335684
1757024042.675,latency_s,5.330210
1757024042.676,latency_s,5.320816
1757024042.676,latency_s,5.318379
1757024042.676,latency_s,5.311142
1757024042.767,latency_s,5.412514
1757024042.768,latency_s,5.467631
1757024042.768,latency_s,5.384702
1757024042.770,latency_s,5.385167
1757024042.867,latency_s,5.471327
1757024042.867,latency_s,5.469080
1757024042.867,latency_s,5.469201
1757024042.867,latency_s,5.462616
1757024042.867,latency_s,5.452309
1757024042.867,latency_s,5.444098
1757024042.867,latency_s,5.442103
1757024042.867,latency_s,5.440518
1757024042.867,latency_s,5.436110
1757024042.867,latency_s,5.436048
1757024042.867,latency_s,5.426781
1757024042.867,latency_s,5.421368
1757024042.867,latency_s,5.412221
1757024042.867,latency_s,5.409464
1757024042.867,latency_s,5.412359
1757024042.867,latency_s,5.466701
1757024042.868,latency_s,5.402335
1757024042.868,latency_s,5.383616
1757024042.868,latency_s,5.381725
1757024042.868,latency_s,5.371458
1757024042.868,latency_s,5.369884
1757024042.868,latency_s,5.369597
1757024042.868,latency_s,5.362727
1757024042.868,latency_s,5.352808
1757024042.868,latency_s,5.343401
1757024042.868,latency_s,5.342364
1757024042.868,latency_s,5.341244
1757024042.868,latency_s,5.335506
1757024042.868,latency_s,5.335588
1757024042.868,latency_s,5.327248
1757024042.868,latency_s,5.321840
1757024042.961,latency_s,5.402163
1757024042.964,latency_s,5.397281
1757024042.964,latency_s,5.379401
1757024042.964,latency_s,5.377724
1757024042.964,latency_s,5.367365
1757024042.964,latency_s,5.365672
1757024042.964,latency_s,5.365361
1757024042.964,latency_s,5.356357
1757024042.964,latency_s,5.348686
1757024043.059,latency_s,5.434062
1757024043.059,latency_s,5.433206
1757024043.059,latency_s,5.431868
1757024043.059,latency_s,5.424797
1757024043.059,latency_s,5.424936
1757024043.059,latency_s,5.417657
1757024043.059,latency_s,5.412721
1757024043.059,latency_s,5.457759
1757024043.059,latency_s,5.403385
1757024043.059,latency_s,5.400893
1757024043.060,latency_s,5.400664
1757024043.060,latency_s,5.393763
1757024043.060,latency_s,5.375589
1757024043.060,latency_s,5.374188
1757024043.061,latency_s,5.363796
1757024043.061,latency_s,5.361923
1757024043.061,latency_s,5.361760
1757024043.061,latency_s,5.352576
1757024043.101,latency_s,5.384727
1757024043.101,latency_s,5.374302
1757024043.101,latency_s,5.374612
1757024043.101,latency_s,5.373183
1757024043.101,latency_s,5.365856
1757024043.101,latency_s,5.365667
1757024043.157,latency_s,5.409671
1757024043.157,latency_s,5.454809
1757024043.157,latency_s,5.400778
1757024043.157,latency_s,5.397892
1757024043.157,latency_s,5.397496
1757024043.157,latency_s,5.389106
1757024043.157,latency_s,5.371872
1757024043.157,latency_s,5.370673
1757024043.196,latency_s,5.397131
1757024043.196,latency_s,5.385255
1757024043.196,latency_s,5.380033
1757024043.197,latency_s,5.369666
1757024043.197,latency_s,5.369608
1757024043.197,latency_s,5.368683
1757024043.253,latency_s,5.416829
1757024043.253,latency_s,5.416633
1757024043.253,latency_s,5.411055
1757024043.253,latency_s,5.450608
1757024043.253,latency_s,5.405694
1757024043.253,latency_s,5.396312
1757024043.253,latency_s,5.391842
1757024043.253,latency_s,5.388307
1757024043.253,latency_s,5.384968
1757024043.254,latency_s,5.367661
1757024043.254,latency_s,5.366279
1757024043.254,latency_s,5.355937
1757024043.292,latency_s,5.392216
1757024043.292,latency_s,5.391995
1757024043.292,latency_s,5.379941
1757024043.292,latency_s,5.375162
1757024043.292,latency_s,5.364774
1757024043.292,latency_s,5.364801
1757024043.292,latency_s,5.363535
1757024043.292,latency_s,5.354742
1757024043.293,latency_s,5.354873
1757024043.349,latency_s,5.445883
1757024043.349,latency_s,5.406758
1757024043.349,latency_s,5.401093
1757024043.349,latency_s,5.391617
1757024043.349,latency_s,5.387503
1757024043.388,latency_s,5.400370
1757024043.388,latency_s,5.390248
1757024043.388,latency_s,5.388309
1757024043.388,latency_s,5.388298
1757024043.388,latency_s,5.375538
1757024043.389,latency_s,5.371192
1757024043.389,latency_s,5.360731
1757024043.389,latency_s,5.359338
1757024043.389,latency_s,5.359307
1757024043.389,latency_s,5.384145
1757024043.389,latency_s,5.350437
1757024043.389,latency_s,5.349959
1757024043.389,latency_s,5.346032
1757024043.389,latency_s,5.340231
1757024043.389,latency_s,5.329789
1757024043.389,latency_s,5.326920
1757024043.389,latency_s,5.320999
1757024043.389,latency_s,5.319382
1757024043.483,latency_s,5.395234
1757024043.483,latency_s,5.385036
1757024043.483,latency_s,5.382788
1757024043.483,latency_s,5.382852
1757024043.484,latency_s,5.370182
1757024043.484,latency_s,5.365832
1757024043.484,latency_s,5.355337
1757024043.484,latency_s,5.353530
1757024043.484,latency_s,5.353543
1757024043.484,latency_s,5.378341
1757024043.484,latency_s,5.345311
1757024043.578,latency_s,5.438894
1757024043.578,latency_s,5.434473
1757024043.578,latency_s,5.429118
1757024043.579,latency_s,5.390116
1757024043.579,latency_s,5.380114
1757024043.579,latency_s,5.378485
1757024043.579,latency_s,5.378566
1757024043.579,latency_s,5.365190
1757024043.580,latency_s,5.360967
1757024043.580,latency_s,5.372819
1757024043.580,latency_s,5.351049
1757024043.580,latency_s,5.349636
1757024043.620,latency_s,5.390060
1757024043.621,latency_s,5.381436
1757024043.621,latency_s,5.381392
1757024043.621,latency_s,5.376874
1757024043.621,latency_s,5.369673
1757024043.621,latency_s,5.360651
1757024043.621,latency_s,5.355717
1757024043.621,latency_s,5.350217
1757024043.621,latency_s,5.348845
1757024043.674,latency_s,5.385070
1757024043.674,latency_s,5.384754
1757024043.675,latency_s,5.375226
1757024043.675,latency_s,5.373364
1757024043.675,latency_s,5.373410
1757024043.675,latency_s,5.360604
1757024043.675,latency_s,5.356152
1757024043.675,latency_s,5.367931
1757024043.675,latency_s,5.345583
1757024043.675,latency_s,5.344395
1757024043.675,latency_s,5.344283
1757024043.770,latency_s,5.379522
1757024043.770,latency_s,5.379228
1757024043.770,latency_s,5.370080
1757024043.770,latency_s,5.367843
1757024043.771,latency_s,5.368976
1757024043.771,latency_s,5.356154
1757024043.771,latency_s,5.363327
1757024043.771,latency_s,5.351842
1757024043.771,latency_s,5.341487
1757024043.771,latency_s,5.339587
1757024043.771,latency_s,5.339591
1757024043.771,latency_s,5.329212
1757024043.771,latency_s,5.327752
1757024043.771,latency_s,5.326320
1757024043.771,latency_s,5.319711
1757024043.771,latency_s,5.310431
1757024043.771,latency_s,5.304535
1757024043.771,latency_s,5.300169
1757024043.772,latency_s,5.296772
1757024043.772,latency_s,5.281353
1757024043.772,latency_s,5.280611
1757024043.865,latency_s,5.364129
1757024043.865,latency_s,5.361345
1757024043.865,latency_s,5.362819
1757024043.865,latency_s,5.356801
1757024043.865,latency_s,5.349086
1757024043.865,latency_s,5.344160
1757024043.865,latency_s,5.335295
1757024043.866,latency_s,5.332886
1757024043.866,latency_s,5.332601
1757024043.866,latency_s,5.322577
1757024043.866,latency_s,5.321676
1757024043.867,latency_s,5.321452
1757024043.867,latency_s,5.314301
1757024043.961,latency_s,5.399166
1757024043.961,latency_s,5.389392
1757024043.961,latency_s,5.386045
1757024043.961,latency_s,5.370726
1757024043.961,latency_s,5.368795
1757024043.961,latency_s,5.360400
1757024043.961,latency_s,5.356886
1757024043.961,latency_s,5.352754
1757024043.961,latency_s,5.358594
1757024043.962,latency_s,5.344608
1757024043.962,latency_s,5.338027
1757024043.962,latency_s,5.329460
1757024043.962,latency_s,5.328517
1757024043.962,latency_s,5.328550
1757024043.962,latency_s,5.317237
1757024043.962,latency_s,5.316200
1757024043.962,latency_s,5.317008
1757024043.962,latency_s,5.308892
1757024043.962,latency_s,5.393546
1757024043.962,latency_s,5.299883
1757024043.962,latency_s,5.289471
1757024043.962,latency_s,5.286216
1757024043.962,latency_s,5.271267
1757024043.962,latency_s,5.268965
1757024043.962,latency_s,5.260903
1757024043.962,latency_s,5.256863
1757024043.962,latency_s,5.258916
1757024044.005,latency_s,5.296180
1757024044.005,latency_s,5.287898
1757024044.005,latency_s,5.281031
1757024044.059,latency_s,5.325545
1757024044.059,latency_s,5.324113
1757024044.059,latency_s,5.322658
1757024044.059,latency_s,5.312384
1757024044.059,latency_s,5.312418
1757024044.059,latency_s,5.311972
1757024044.059,latency_s,5.389219
1757024044.059,latency_s,5.296708
1757024044.059,latency_s,5.286063
1757024044.059,latency_s,5.282753
1757024044.059,latency_s,5.268250
1757024044.059,latency_s,5.265693
1757024044.100,latency_s,5.298402
1757024044.100,latency_s,5.296489
1757024044.100,latency_s,5.293113
1757024044.100,latency_s,5.291512
1757024044.101,latency_s,5.281369
1757024044.154,latency_s,5.328594
1757024044.155,latency_s,5.320535
1757024044.155,latency_s,5.319558
1757024044.155,latency_s,5.318329
1757024044.155,latency_s,5.401611
1757024044.155,latency_s,5.307425
1757024044.155,latency_s,5.307207
1757024044.155,latency_s,5.307086
1757024044.155,latency_s,5.383181
1757024044.155,latency_s,5.292335
1757024044.155,latency_s,5.281537
1757024044.155,latency_s,5.278091
1757024044.195,latency_s,5.303466
1757024044.196,latency_s,5.299932
1757024044.196,latency_s,5.293257
1757024044.196,latency_s,5.287765
1757024044.196,latency_s,5.285964
1757024044.196,latency_s,5.275621
1757024044.196,latency_s,5.261244
1757024044.196,latency_s,5.258775
1757024044.196,latency_s,5.341027
1757024044.196,latency_s,5.248368
1757024044.196,latency_s,5.247975
1757024044.196,latency_s,5.248502
1757024044.250,latency_s,5.286327
1757024044.250,latency_s,5.276068
1757024044.250,latency_s,5.272746
1757024044.291,latency_s,5.297824
1757024044.291,latency_s,5.294878
1757024044.291,latency_s,5.288234
1757024044.291,latency_s,5.283217
1757024044.292,latency_s,5.281691
1757024044.292,latency_s,5.365029
1757024044.292,latency_s,5.270487
1757024044.292,latency_s,5.336312
1757024044.292,latency_s,5.255722
1757024044.292,latency_s,5.254352
1757024044.292,latency_s,5.243365
1757024044.292,latency_s,5.227204
1757024044.292,latency_s,5.217848
1757024044.292,latency_s,5.214394
1757024044.292,latency_s,5.198827
1757024044.292,latency_s,5.195200
1757024044.292,latency_s,5.188798
1757024044.387,latency_s,5.482591
1757024044.387,latency_s,5.382214
1757024044.387,latency_s,5.282067
1757024044.387,latency_s,5.277976
1757024044.387,latency_s,5.276164
1757024044.387,latency_s,5.357927
1757024044.387,latency_s,5.265141
1757024044.387,latency_s,5.330381
1757024044.387,latency_s,5.451678
1757024044.387,latency_s,5.351023
1757024044.387,latency_s,5.339392
1757024044.387,latency_s,5.249213
1757024044.387,latency_s,5.515393
1757024044.387,latency_s,5.415176
1757024044.387,latency_s,5.314483
1757024044.482,latency_s,5.333506
1757024044.482,latency_s,5.316466
1757024044.483,latency_s,5.307899
1757024044.483,latency_s,5.304495
1757024044.483,latency_s,5.289077
1757024044.483,latency_s,5.284749
1757024044.483,latency_s,5.278866
1757024044.483,latency_s,5.277650
1757024044.483,latency_s,5.350610
1757024044.483,latency_s,5.273486
1757024044.483,latency_s,5.271636
1757024044.483,latency_s,5.325630
1757024044.483,latency_s,5.259805
1757024044.483,latency_s,5.344911
1757024044.483,latency_s,5.334911
1757024044.577,latency_s,5.338018
1757024044.577,latency_s,5.403499
1757024044.577,latency_s,5.328153
1757024044.578,latency_s,5.529461
1757024044.578,latency_s,5.429351
1757024044.578,latency_s,5.328708
1757024044.578,latency_s,5.311372
1757024044.578,latency_s,5.302753
1757024044.578,latency_s,5.299426
1757024044.578,latency_s,5.284280
1757024044.578,latency_s,5.279723
1757024044.578,latency_s,5.344595
1757024044.578,latency_s,5.274173
1757024044.578,latency_s,5.271920
1757024044.578,latency_s,5.268466
1757024044.578,latency_s,5.266886
1757024044.617,latency_s,5.359527
1757024044.673,latency_s,5.434674
1757024044.673,latency_s,5.349889
1757024044.673,latency_s,5.424469
1757024044.674,latency_s,5.334359
1757024044.768,latency_s,5.629913
1757024044.768,latency_s,5.529118
1757024044.768,latency_s,5.492799
1757024044.768,latency_s,5.418822
1757024044.768,latency_s,5.417861
1757024044.768,latency_s,5.400905
1757024044.768,latency_s,5.392714
1757024044.768,latency_s,5.373934
1757024044.768,latency_s,5.433350
1757024044.768,latency_s,5.369452
1757024044.768,latency_s,5.363663
1757024044.771,latency_s,5.361261
1757024044.772,latency_s,5.359759
1757024044.772,latency_s,5.413396
1757024044.772,latency_s,5.432669
1757024044.772,latency_s,5.346062
1757024044.772,latency_s,5.421413
1757024044.772,latency_s,5.432135
1757024044.772,latency_s,5.396253
1757024044.772,latency_s,5.332545
1757024044.773,latency_s,5.322370
1757024044.773,latency_s,5.322120
1757024044.773,latency_s,5.303657
1757024044.773,latency_s,5.393702
1757024044.773,latency_s,5.295178
1757024044.773,latency_s,5.336969
1757024044.773,latency_s,5.278007
1757024044.773,latency_s,5.273030
1757024044.863,latency_s,5.352281
1757024044.863,latency_s,5.423104
1757024044.863,latency_s,5.351081
1757024044.863,latency_s,5.412414
1757024044.868,latency_s,5.341445
1757024044.868,latency_s,5.428117
1757024044.868,latency_s,5.390453
1757024044.868,latency_s,5.317771
1757024044.868,latency_s,5.316952
1757024044.868,latency_s,5.388726
1757024044.868,latency_s,5.298848
1757024044.958,latency_s,5.379972
1757024044.959,latency_s,5.422195
1757024044.959,latency_s,5.363490
1757024044.959,latency_s,5.358027
1757024044.959,latency_s,5.399129
1757024044.959,latency_s,5.353457
1757024044.959,latency_s,5.417850
1757024044.959,latency_s,5.351501
1757024044.959,latency_s,5.347862
1757024044.959,latency_s,5.346361
1757024044.959,latency_s,5.407681
1757024044.959,latency_s,5.418152
1757024044.964,latency_s,5.385680
1757024044.964,latency_s,5.335793
1757024044.964,latency_s,5.423498
1757024044.964,latency_s,5.313687
1757024044.964,latency_s,5.312949
1757024044.964,latency_s,5.384471
1757024044.965,latency_s,5.294485
1757024044.965,latency_s,5.285660
1757024044.965,latency_s,5.327310
1757024044.965,latency_s,5.268888
1757024044.965,latency_s,5.304851
1757024044.965,latency_s,5.322875
1757024044.965,latency_s,5.258621
1757024045.059,latency_s,5.350851
1757024045.059,latency_s,5.347208
1757024045.059,latency_s,5.406854
1757024045.059,latency_s,5.344466
1757024045.059,latency_s,5.417237
1757024045.059,latency_s,5.380025
1757024045.059,latency_s,5.417100
1757024045.059,latency_s,5.330209
1757024045.060,latency_s,5.308022
1757024045.060,latency_s,5.307827
1757024045.060,latency_s,5.379458
1757024045.060,latency_s,5.288249
1757024045.060,latency_s,5.280700
1757024045.060,latency_s,5.322202
1757024045.060,latency_s,5.358760
1757024045.060,latency_s,5.263782
1757024045.060,latency_s,5.299462
1757024045.060,latency_s,5.317292
1757024045.060,latency_s,5.253466
1757024045.153,latency_s,5.401304
1757024045.154,latency_s,5.345756
1757024045.154,latency_s,5.341611
1757024045.154,latency_s,5.339272
1757024045.154,latency_s,5.411215
1757024045.154,latency_s,5.375068
1757024045.154,latency_s,5.411468
1757024045.154,latency_s,5.324878
1757024045.154,latency_s,5.373459
1757024045.154,latency_s,5.301587
1757024045.154,latency_s,5.301222
1757024045.154,latency_s,5.278963
1757024045.154,latency_s,5.315598
1757024045.155,latency_s,5.275553
1757024045.155,latency_s,5.353611
1757024045.155,latency_s,5.294575
1757024045.155,latency_s,5.311221
1757024045.156,latency_s,5.259116
1757024045.156,latency_s,5.302081
1757024045.156,latency_s,5.248962
1757024045.156,latency_s,5.247801
1757024045.249,latency_s,5.405309
1757024045.249,latency_s,5.369411
1757024045.249,latency_s,5.336300
1757024045.249,latency_s,5.405453
1757024045.249,latency_s,5.319126
1757024045.249,latency_s,5.368023
1757024045.249,latency_s,5.295495
1757024045.249,latency_s,5.295973
1757024045.249,latency_s,5.308677
1757024045.249,latency_s,5.269009
1757024045.250,latency_s,5.270842
1757024045.250,latency_s,5.346771
1757024045.251,latency_s,5.305034
1757024045.251,latency_s,5.289366
1757024045.251,latency_s,5.296684
1757024045.251,latency_s,5.254013
1757024045.251,latency_s,5.335638
1757024045.251,latency_s,5.306817
1757024045.251,latency_s,5.270773
1757024045.251,latency_s,5.243032
1757024045.251,latency_s,5.242549
1757024045.251,latency_s,5.307166
1757024045.251,latency_s,5.220301
1757024045.251,latency_s,5.268849
1757024045.345,latency_s,5.291798
1757024045.345,latency_s,5.290398
1757024045.345,latency_s,5.304386
1757024045.345,latency_s,5.341080
1757024045.345,latency_s,5.263905
1757024045.345,latency_s,5.263844
1757024045.345,latency_s,5.299565
1757024045.345,latency_s,5.283816
1757024045.346,latency_s,5.290915
1757024045.346,latency_s,5.248105
1757024045.346,latency_s,5.301291
1757024045.346,latency_s,5.330197
1757024045.346,latency_s,5.332952
1757024045.346,latency_s,5.265633
1757024045.346,latency_s,5.301849
1757024045.346,latency_s,5.236989
1757024045.346,latency_s,5.237003
1757024045.346,latency_s,5.212775
1757024045.440,latency_s,5.358125
1757024045.441,latency_s,5.287127
1757024045.441,latency_s,5.285685
1757024045.441,latency_s,5.299748
1757024045.441,latency_s,5.335731
1757024045.441,latency_s,5.294204
1757024045.441,latency_s,5.257471
1757024045.441,latency_s,5.278923
1757024045.441,latency_s,5.257722
1757024045.441,latency_s,5.286251
1757024045.441,latency_s,5.243068
1757024045.441,latency_s,5.296296
1757024045.441,latency_s,5.325382
1757024045.442,latency_s,5.328115
1757024045.536,latency_s,5.354602
1757024045.536,latency_s,5.391113
1757024045.536,latency_s,5.325213
1757024045.537,latency_s,5.326012
1757024045.537,latency_s,5.354060
1757024045.537,latency_s,5.300287
1757024045.537,latency_s,5.281255
1757024045.537,latency_s,5.295282
1757024045.537,latency_s,5.331903
1757024045.537,latency_s,5.290275
1757024045.537,latency_s,5.274557
1757024045.537,latency_s,5.281523
1757024045.537,latency_s,5.253583
1757024045.537,latency_s,5.252232
1757024045.537,latency_s,5.291755
1757024045.537,latency_s,5.256290
1757024045.537,latency_s,5.320852
1757024045.538,latency_s,5.323215
1757024045.631,latency_s,5.385267
1757024045.631,latency_s,5.331894
1757024045.631,latency_s,5.319604
1757024045.631,latency_s,5.319441
1757024045.631,latency_s,5.347552
1757024045.631,latency_s,5.289809
1757024045.631,latency_s,5.377526
1757024045.631,latency_s,5.288954
1757024045.631,latency_s,5.325580
1757024045.631,latency_s,5.282947
1757024045.631,latency_s,5.268238
1757024045.632,latency_s,5.275191
1757024045.632,latency_s,5.247495
1757024045.632,latency_s,5.245688
1757024045.726,latency_s,5.378015
1757024045.726,latency_s,5.408453
1757024045.726,latency_s,5.343630
1757024045.726,latency_s,5.411732
1757024045.727,latency_s,5.379031
1757024045.727,latency_s,5.327195
1757024045.727,latency_s,5.314850
1757024045.727,latency_s,5.314876
1757024045.727,latency_s,5.342596
1757024045.727,latency_s,5.371967
1757024045.727,latency_s,5.280999
1757024045.727,latency_s,5.370312
1757024045.727,latency_s,5.281067
1757024045.727,latency_s,5.320901
1757024045.727,latency_s,5.278043
1757024045.727,latency_s,5.263177
1757024045.727,latency_s,5.270152
1757024045.727,latency_s,5.242473
1757024045.820,latency_s,5.372075
1757024045.821,latency_s,5.400455
1757024045.821,latency_s,5.338128
1757024045.821,latency_s,5.405242
1757024045.821,latency_s,5.372368
1757024045.821,latency_s,5.334028
1757024045.821,latency_s,5.321224
1757024045.821,latency_s,5.308365
1757024045.821,latency_s,5.308731
1757024045.821,latency_s,5.336220
1757024045.821,latency_s,5.366095
1757024045.821,latency_s,5.364251
1757024045.821,latency_s,5.274359
1757024045.821,latency_s,5.272790
1757024045.916,latency_s,5.367377
1757024045.916,latency_s,5.400587
1757024045.916,latency_s,5.395202
1757024045.917,latency_s,5.367850
1757024045.917,latency_s,5.333042
1757024045.917,latency_s,5.329066
1757024045.917,latency_s,5.316854
1757024045.917,latency_s,5.304079
1757024045.917,latency_s,5.303864
1757024045.917,latency_s,5.331791
1757024045.917,latency_s,5.361649
1757024045.917,latency_s,5.359581
1757024045.917,latency_s,5.267964
1757024045.917,latency_s,5.267935
1757024045.917,latency_s,5.309755
1757024045.957,latency_s,5.305892
1757024045.957,latency_s,5.297351
1757024045.957,latency_s,5.292154
1757024046.011,latency_s,5.426184
1757024046.012,latency_s,5.395279
1757024046.012,latency_s,5.362731
1757024046.012,latency_s,5.388725
1757024046.012,latency_s,5.362151
1757024046.012,latency_s,5.328326
1757024046.012,latency_s,5.311197
1757024046.012,latency_s,5.324620
1757024046.012,latency_s,5.299294
1757024046.012,latency_s,5.298973
1757024046.012,latency_s,5.356716
1757024046.012,latency_s,5.354485
1757024046.012,latency_s,5.304802
1757024046.012,latency_s,5.262388
1757024046.107,latency_s,5.356457
1757024046.107,latency_s,5.389991
1757024046.107,latency_s,5.383255
1757024046.107,latency_s,5.421333
1757024046.107,latency_s,5.356841
1757024046.107,latency_s,5.419328
1757024046.107,latency_s,5.323026
1757024046.107,latency_s,5.306065
1757024046.107,latency_s,5.315843
1757024046.107,latency_s,5.293448
1757024046.107,latency_s,5.293323
1757024046.107,latency_s,5.350956
1757024046.107,latency_s,5.348764
1757024046.107,latency_s,5.298916
1757024046.107,latency_s,5.257221
1757024046.107,latency_s,5.256854
1757024046.107,latency_s,5.256174
1757024046.108,latency_s,5.247236
1757024046.202,latency_s,5.336309
1757024046.202,latency_s,5.352057
1757024046.202,latency_s,5.385247
1757024046.202,latency_s,5.376724
1757024046.203,latency_s,5.416516
1757024046.203,latency_s,5.352119
1757024046.203,latency_s,5.413973
1757024046.203,latency_s,5.318426
1757024046.203,latency_s,5.311006
1757024046.203,latency_s,5.300810
1757024046.203,latency_s,5.288524
1757024046.203,latency_s,5.288270
1757024046.203,latency_s,5.345590
1757024046.203,latency_s,5.344051
1757024046.297,latency_s,5.346463
1757024046.297,latency_s,5.369175
1757024046.297,latency_s,5.346267
1757024046.297,latency_s,5.410829
1757024046.297,latency_s,5.378032
1757024046.393,latency_s,5.426936
1757024046.393,latency_s,5.501758
1757024046.393,latency_s,5.408295
1757024046.393,latency_s,5.401062
1757024046.393,latency_s,5.391095
1757024046.393,latency_s,5.435708
1757024046.394,latency_s,5.378603
1757024046.394,latency_s,5.434268
1757024046.394,latency_s,5.384378
1757024046.394,latency_s,5.442337
1757024046.394,latency_s,5.342041
1757024046.394,latency_s,5.341820
1757024046.394,latency_s,5.342425
1757024046.394,latency_s,5.342458
1757024046.394,latency_s,5.365245
1757024046.394,latency_s,5.374125
1757024046.394,latency_s,5.407170
1757024046.394,latency_s,5.332227
1757024046.394,latency_s,5.327235
1757024046.394,latency_s,5.402144
1757024046.394,latency_s,5.308980
1757024046.394,latency_s,5.301739
1757024046.394,latency_s,5.290966
1757024046.394,latency_s,5.379582
1757024046.394,latency_s,5.336389
1757024046.394,latency_s,5.334731
1757024046.394,latency_s,5.279348
1757024046.487,latency_s,5.335066
1757024046.487,latency_s,5.334884
1757024046.487,latency_s,5.366688
1757024046.487,latency_s,5.399664
1757024046.487,latency_s,5.335598
1757024046.489,latency_s,5.337273
1757024046.489,latency_s,5.356414
1757024046.489,latency_s,5.327157
1757024046.489,latency_s,5.396919
1757024046.489,latency_s,5.322204
1757024046.489,latency_s,5.303085
1757024046.583,latency_s,5.389708
1757024046.583,latency_s,5.467733
1757024046.583,latency_s,5.378595
1757024046.583,latency_s,5.424640
1757024046.583,latency_s,5.421234
1757024046.583,latency_s,5.366259
1757024046.583,latency_s,5.372740
1757024046.583,latency_s,5.430615
1757024046.583,latency_s,5.361595
1757024046.583,latency_s,5.395218
1757024046.583,latency_s,5.330249
1757024046.583,latency_s,5.350128
1757024046.585,latency_s,5.332528
1757024046.585,latency_s,5.332235
1757024046.585,latency_s,5.392304
1757024046.585,latency_s,5.322897
1757024046.585,latency_s,5.317621
1757024046.585,latency_s,5.298735
1757024046.585,latency_s,5.291825
1757024046.585,latency_s,5.369796
1757024046.585,latency_s,5.326166
1757024046.586,latency_s,5.280817
1757024046.678,latency_s,5.416075
1757024046.678,latency_s,5.358881
1757024046.678,latency_s,5.367813
1757024046.679,latency_s,5.425887
1757024046.681,latency_s,5.428089
1757024046.681,latency_s,5.346162
1757024046.681,latency_s,5.359556
1757024046.681,latency_s,5.393320
1757024046.681,latency_s,5.328516
1757024046.681,latency_s,5.387698
1757024046.681,latency_s,5.328120
1757024046.681,latency_s,5.328058
1757024046.681,latency_s,5.317928
1757024046.681,latency_s,5.313423
1757024046.682,latency_s,5.294633
1757024046.682,latency_s,5.365609
1757024046.777,latency_s,5.382401
1757024046.777,latency_s,5.415955
1757024046.777,latency_s,5.412626
1757024046.777,latency_s,5.372384
1757024046.777,latency_s,5.366185
1757024046.777,latency_s,5.424390
1757024046.777,latency_s,5.341502
1757024046.778,latency_s,5.389513
1757024046.778,latency_s,5.355762
1757024046.778,latency_s,5.383128
1757024046.778,latency_s,5.324687
1757024046.778,latency_s,5.324198
1757024046.778,latency_s,5.323961
1757024046.778,latency_s,5.314204
1757024046.778,latency_s,5.309335
1757024046.778,latency_s,5.361286
1757024046.778,latency_s,5.290842
1757024046.778,latency_s,5.314630
1757024046.778,latency_s,5.312434
1757024046.873,latency_s,5.377331
1757024046.873,latency_s,5.419233
1757024046.873,latency_s,5.383537
1757024046.873,latency_s,5.348954
1757024046.873,latency_s,5.336101
1757024046.874,latency_s,5.377464
1757024046.874,latency_s,5.320738
1757024046.874,latency_s,5.320139
1757024046.874,latency_s,5.319767
1757024046.875,latency_s,5.307416
1757024046.875,latency_s,5.305572
1757024046.875,latency_s,5.357218
1757024046.875,latency_s,5.286769
1757024046.875,latency_s,5.307612
1757024046.969,latency_s,5.398589
1757024046.969,latency_s,5.371948
1757024046.969,latency_s,5.444847
1757024046.969,latency_s,5.356322
1757024046.969,latency_s,5.415385
1757024046.969,latency_s,5.414762
1757024046.969,latency_s,5.379181
1757024046.969,latency_s,5.341112
1757024046.969,latency_s,5.331724
1757024046.969,latency_s,5.372191
1757024046.969,latency_s,5.315500
1757024046.969,latency_s,5.314766
1757024046.969,latency_s,5.314292
1757024046.969,latency_s,5.299727
1757024046.969,latency_s,5.299766
1757024046.969,latency_s,5.351492
1757024046.969,latency_s,5.299773
1757024046.969,latency_s,5.297386
1757024046.969,latency_s,5.281068
1757024046.970,latency_s,5.363542
1757024046.970,latency_s,5.272095
1757024046.970,latency_s,5.345239
1757024046.970,latency_s,5.315848
1757024047.064,latency_s,5.351485
1757024047.064,latency_s,5.409875
1757024047.064,latency_s,5.373975
1757024047.064,latency_s,5.334354
1757024047.064,latency_s,5.366903
1757024047.064,latency_s,5.326780
1757024047.065,latency_s,5.310332
1757024047.065,latency_s,5.309843
1757024047.065,latency_s,5.309394
1757024047.065,latency_s,5.294648
1757024047.160,latency_s,5.390357
1757024047.161,latency_s,5.441058
1757024047.161,latency_s,5.387210
1757024047.161,latency_s,5.384678
1757024047.161,latency_s,5.372035
1757024047.161,latency_s,5.454550
1757024047.161,latency_s,5.435855
1757024047.161,latency_s,5.362942
1757024047.161,latency_s,5.406724
1757024047.161,latency_s,5.347894
1757024047.161,latency_s,5.406290
1757024047.161,latency_s,5.368447
1757024047.161,latency_s,5.363256
1757024047.161,latency_s,5.330323
1757024047.161,latency_s,5.323055
1757024047.161,latency_s,5.305729
1757024047.161,latency_s,5.305759
1757024047.161,latency_s,5.303237
1757024047.161,latency_s,5.341758
1757024047.162,latency_s,5.291374
1757024047.162,latency_s,5.291273
1757024047.162,latency_s,5.288092
1757024047.256,latency_s,5.448651
1757024047.256,latency_s,5.366633
1757024047.256,latency_s,5.430834
1757024047.256,latency_s,5.400360
1757024047.256,latency_s,5.355262
1757024047.256,latency_s,5.342877
1757024047.256,latency_s,5.400473
1757024047.256,latency_s,5.363082
1757024047.256,latency_s,5.356372
1757024047.257,latency_s,5.325562
1757024047.257,latency_s,5.317982
1757024047.257,latency_s,5.299789
1757024047.257,latency_s,5.299383
1757024047.257,latency_s,5.298368
1757024047.257,latency_s,5.336080
1757024047.257,latency_s,5.286317
1757024047.257,latency_s,5.286049
1757024047.352,latency_s,5.377446
1757024047.352,latency_s,5.374009
1757024047.352,latency_s,5.444451
1757024047.352,latency_s,5.426194
1757024047.352,latency_s,5.362268
1757024047.352,latency_s,5.394644
1757024047.352,latency_s,5.338206
1757024047.352,latency_s,5.395184
1757024047.352,latency_s,5.359029
1757024047.352,latency_s,5.351956
1757024047.352,latency_s,5.320768
1757024047.352,latency_s,5.310595
1757024047.352,latency_s,5.331328
1757024047.352,latency_s,5.294911
1757024047.352,latency_s,5.294638
1757024047.353,latency_s,5.292456
1757024047.353,latency_s,5.281096
1757024047.353,latency_s,5.279591
1757024047.353,latency_s,5.277725
1757024047.353,latency_s,5.274096
1757024047.353,latency_s,5.344538
1757024047.353,latency_s,5.325540
1757024047.448,latency_s,5.356933
1757024047.448,latency_s,5.390159
1757024047.448,latency_s,5.354051
1757024047.448,latency_s,5.346679
1757024047.448,latency_s,5.333604
1757024047.448,latency_s,5.315621
1757024047.448,latency_s,5.305265
1757024047.448,latency_s,5.326702
1757024047.448,latency_s,5.289869
1757024047.448,latency_s,5.289515
1757024047.448,latency_s,5.287724
1757024047.448,latency_s,5.276207
1757024047.448,latency_s,5.274147
1757024047.448,latency_s,5.339428
1757024047.448,latency_s,5.272823
1757024047.448,latency_s,5.269215
1757024047.448,latency_s,5.319897
1757024047.448,latency_s,5.257291
1757024047.448,latency_s,5.447335
1757024047.543,latency_s,5.442012
1757024047.544,latency_s,5.341903
1757024047.544,latency_s,5.349013
1757024047.544,latency_s,5.342231
1757024047.544,latency_s,5.385582
1757024047.544,latency_s,5.328302
1757024047.544,latency_s,5.311116
1757024047.544,latency_s,5.299197
1757024047.544,latency_s,5.321987
1757024047.544,latency_s,5.283853
1757024047.544,latency_s,5.283118
1757024047.544,latency_s,5.335173
1757024047.544,latency_s,5.271895
1757024047.544,latency_s,5.269423
1757024047.544,latency_s,5.268733
1757024047.544,latency_s,5.315468
1757024047.545,latency_s,5.265349
1757024047.545,latency_s,5.253767
1757024047.545,latency_s,5.487232
1757024047.545,latency_s,5.386773
1757024047.545,latency_s,5.285106
1757024047.640,latency_s,5.337030
1757024047.640,latency_s,5.344884
1757024047.640,latency_s,5.381247
1757024047.640,latency_s,5.336138
1757024047.640,latency_s,5.324098
1757024047.640,latency_s,5.306145
1757024047.640,latency_s,5.294652
1757024047.640,latency_s,5.317518
1757024047.640,latency_s,5.278436
1757024047.640,latency_s,5.330813
1757024047.640,latency_s,5.310959
1757024047.640,latency_s,5.265916
1757024047.640,latency_s,5.264867
1757024047.640,latency_s,5.264062
1757024047.640,latency_s,5.260572
1757024047.641,latency_s,5.279581
1757024047.641,latency_s,5.249808
1757024047.641,latency_s,5.238492
1757024047.641,latency_s,5.246191
1757024047.641,latency_s,5.236777
1757024047.641,latency_s,5.282516
1757024047.735,latency_s,5.317922
1757024047.735,latency_s,5.299838
1757024047.735,latency_s,5.311827
1757024047.735,latency_s,5.287839
1757024047.735,latency_s,5.325253
1757024047.735,latency_s,5.474165
1757024047.735,latency_s,5.373927
1757024047.735,latency_s,5.273239
1757024047.736,latency_s,5.305762
1757024047.736,latency_s,5.261053
1757024047.736,latency_s,5.258888
1757024047.736,latency_s,5.259179
1757024047.736,latency_s,5.256003
1757024047.737,latency_s,5.274514
1757024047.831,latency_s,5.335722
1757024047.831,latency_s,5.371169
1757024047.831,latency_s,5.327724
1757024047.831,latency_s,5.325822
1757024047.831,latency_s,5.314292
1757024047.831,latency_s,5.295666
1757024047.831,latency_s,5.307075
1757024047.831,latency_s,5.321001
1757024047.831,latency_s,5.367527
1757024047.831,latency_s,5.269024
1757024047.831,latency_s,5.470438
1757024047.832,latency_s,5.369298
1757024047.832,latency_s,5.301336
1757024047.832,latency_s,5.268644
1757024047.832,latency_s,5.256317
1757024047.832,latency_s,5.254231
1757024047.832,latency_s,5.253746
1757024047.832,latency_s,5.269223
1757024047.832,latency_s,5.251205
1757024047.832,latency_s,5.235912
1757024047.832,latency_s,5.271953
1757024047.832,latency_s,5.228118
1757024047.832,latency_s,5.214948
1757024047.832,latency_s,5.207426
1757024047.832,latency_s,5.195992
1757024047.832,latency_s,5.221497
1757024047.832,latency_s,5.267443
1757024047.926,latency_s,5.295525
1757024047.926,latency_s,5.263108
1757024047.927,latency_s,5.263967
1757024047.927,latency_s,5.264431
1757024047.927,latency_s,5.251815
1757024048.022,latency_s,5.344550
1757024048.023,latency_s,5.343087
1757024048.023,latency_s,5.341233
1757024048.023,latency_s,5.361717
1757024048.023,latency_s,5.530618
1757024048.023,latency_s,5.430146
1757024048.023,latency_s,5.329220
1757024048.023,latency_s,5.326199
1757024048.023,latency_s,5.315406
1757024048.023,latency_s,5.305475
1757024048.023,latency_s,5.297982
1757024048.023,latency_s,5.282814
1757024048.023,latency_s,5.311736
1757024048.023,latency_s,5.357563
1757024048.023,latency_s,5.472233
1757024048.023,latency_s,5.371716
1757024048.024,latency_s,5.293000
1757024048.024,latency_s,5.259929
1757024048.024,latency_s,5.259771
1757024048.024,latency_s,5.259783
1757024048.025,latency_s,5.248713
1757024048.025,latency_s,5.246090
1757024048.025,latency_s,5.243915
1757024048.025,latency_s,5.242862
1757024048.025,latency_s,5.262333
1757024048.025,latency_s,5.231035
1757024048.025,latency_s,5.228048
1757024048.025,latency_s,5.418351
1757024048.025,latency_s,5.317994
1757024048.118,latency_s,5.310109
1757024048.118,latency_s,5.300296
1757024048.118,latency_s,5.293112
1757024048.120,latency_s,5.307676
1757024048.120,latency_s,5.353348
1757024048.120,latency_s,5.367849
1757024048.120,latency_s,5.276356
1757024048.120,latency_s,5.288317
1757024048.120,latency_s,5.255232
1757024048.214,latency_s,5.348542
1757024048.214,latency_s,5.348449
1757024048.214,latency_s,5.337704
1757024048.214,latency_s,5.335330
1757024048.214,latency_s,5.332061
1757024048.214,latency_s,5.351425
1757024048.215,latency_s,5.316908
1757024048.215,latency_s,5.407408
1757024048.215,latency_s,5.306490
1757024048.215,latency_s,5.296427
1757024048.215,latency_s,5.289577
1757024048.215,latency_s,5.320823
1757024048.215,latency_s,5.347661
1757024048.215,latency_s,5.303112
1757024048.215,latency_s,5.362734
1757024048.216,latency_s,5.268570
1757024048.216,latency_s,5.283901
1757024048.216,latency_s,5.250369
1757024048.216,latency_s,5.250593
1757024048.216,latency_s,5.250455
1757024048.216,latency_s,5.238993
1757024048.216,latency_s,5.236945
1757024048.217,latency_s,5.252659
1757024048.217,latency_s,5.233806
1757024048.217,latency_s,5.308576
1757024048.217,latency_s,5.217637
1757024048.310,latency_s,5.301135
1757024048.310,latency_s,5.291040
1757024048.310,latency_s,5.315616
1757024048.310,latency_s,5.283754
1757024048.310,latency_s,5.341206
1757024048.310,latency_s,5.356611
1757024048.310,latency_s,5.297181
1757024048.310,latency_s,5.277518
1757024048.311,latency_s,5.259191
1757024048.311,latency_s,5.245440
1757024048.312,latency_s,5.245631
1757024048.406,latency_s,5.339819
1757024048.406,latency_s,5.342058
1757024048.406,latency_s,5.328646
1757024048.406,latency_s,5.325692
1757024048.406,latency_s,5.523594
1757024048.406,latency_s,5.323051
1757024048.406,latency_s,5.423088
1757024048.406,latency_s,5.397744
1757024048.406,latency_s,5.306963
1757024048.406,latency_s,5.293024
1757024048.406,latency_s,5.286724
1757024048.407,latency_s,5.311558
1757024048.407,latency_s,5.279466
1757024048.407,latency_s,5.337322
1757024048.407,latency_s,5.293542
1757024048.407,latency_s,5.352503
1757024048.407,latency_s,5.273830
1757024048.407,latency_s,5.252000
1757024048.407,latency_s,5.240690
1757024048.407,latency_s,5.240895
1757024048.407,latency_s,5.240489
1757024048.407,latency_s,5.242974
1757024048.407,latency_s,5.323988
1757024048.407,latency_s,5.229202
1757024048.407,latency_s,5.226151
1757024048.408,latency_s,5.223791
1757024048.408,latency_s,5.298057
1757024048.408,latency_s,5.207601
1757024048.408,latency_s,5.192789
1757024048.502,latency_s,5.306230
1757024048.502,latency_s,5.282022
1757024048.502,latency_s,5.332116
1757024048.599,latency_s,5.383712
1757024048.599,latency_s,5.443468
1757024048.599,latency_s,5.371127
1757024048.599,latency_s,5.365526
1757024048.599,latency_s,5.341016
1757024048.599,latency_s,5.332137
1757024048.599,latency_s,5.332062
1757024048.599,latency_s,5.331895
1757024048.599,latency_s,5.334487
1757024048.599,latency_s,5.415461
1757024048.599,latency_s,5.320431
1757024048.599,latency_s,5.388673
1757024048.599,latency_s,5.316964
1757024048.599,latency_s,5.314895
1757024048.599,latency_s,5.298753
1757024048.599,latency_s,5.303644
1757024048.599,latency_s,5.284179
1757024048.599,latency_s,5.279058
1757024048.599,latency_s,5.284494
1757024048.600,latency_s,5.329383
1757024048.600,latency_s,5.342103
1757024048.600,latency_s,5.272238
1757024048.600,latency_s,5.265935
1757024048.600,latency_s,5.241230
1757024048.600,latency_s,5.234677
1757024048.600,latency_s,5.232853
1757024048.600,latency_s,5.232755
1757024048.600,latency_s,5.315932
1757024048.600,latency_s,5.232387
1757024048.600,latency_s,5.289471
1757024048.600,latency_s,5.221514
1757024048.600,latency_s,5.217492
1757024048.696,latency_s,5.310819
1757024048.696,latency_s,5.295223
1757024048.696,latency_s,5.299389
1757024048.696,latency_s,5.280614
1757024048.696,latency_s,5.325121
1757024048.696,latency_s,5.337028
1757024048.696,latency_s,5.275551
1757024048.696,latency_s,5.267383
1757024048.696,latency_s,5.260516
1757024048.696,latency_s,5.236231
1757024048.696,latency_s,5.311337
1757024048.696,latency_s,5.230356
1757024048.696,latency_s,5.228416
1757024048.696,latency_s,5.228330
1757024048.696,latency_s,5.284928
1757024048.697,latency_s,5.227001
1757024048.697,latency_s,5.216704
1757024048.697,latency_s,5.212818
1757024048.791,latency_s,5.305181
1757024048.791,latency_s,5.289511
1757024048.791,latency_s,5.294059
1757024048.791,latency_s,5.319791
1757024048.791,latency_s,5.331157
1757024048.791,latency_s,5.274922
1757024048.791,latency_s,5.270432
1757024048.791,latency_s,5.262096
1757024048.792,latency_s,5.255655
1757024048.886,latency_s,5.400094
1757024048.886,latency_s,5.324906
1757024048.886,latency_s,5.374010
1757024048.886,latency_s,5.319125
1757024048.886,latency_s,5.316176
1757024048.888,latency_s,5.317564
1757024048.888,latency_s,5.317392
1757024048.888,latency_s,5.307469
1757024048.888,latency_s,5.303047
1757024048.888,latency_s,5.301130
1757024048.888,latency_s,5.290465
1757024048.888,latency_s,5.285861
1757024048.888,latency_s,5.316000
1757024048.888,latency_s,5.326940
1757024048.888,latency_s,5.271061
1757024048.888,latency_s,5.472756
1757024048.888,latency_s,5.372420
1757024048.888,latency_s,5.272203
1757024048.888,latency_s,5.266910
1757024048.888,latency_s,5.257440
1757024048.888,latency_s,5.251604
1757024048.888,latency_s,5.301612
1757024048.888,latency_s,5.275913
1757024048.982,latency_s,5.320481
1757024048.983,latency_s,5.315511
1757024048.983,latency_s,5.311810
1757024048.983,latency_s,5.311852
1757024048.983,latency_s,5.311600
1757024048.983,latency_s,5.302288
1757024048.983,latency_s,5.297552
1757024048.983,latency_s,5.295106
1757024048.983,latency_s,5.285215
1757024048.983,latency_s,5.310413
1757024049.079,latency_s,5.416734
1757024049.079,latency_s,5.375664
1757024049.079,latency_s,5.363163
1757024049.079,latency_s,5.361890
1757024049.079,latency_s,5.348092
1757024049.079,latency_s,5.342291
1757024049.079,latency_s,5.391729
1757024049.080,latency_s,5.366609
1757024049.080,latency_s,5.316142
1757024049.080,latency_s,5.312247
1757024049.080,latency_s,5.308587
1757024049.080,latency_s,5.308680
1757024049.080,latency_s,5.308210
1757024049.080,latency_s,5.298548
1757024049.080,latency_s,5.291546
1757024049.080,latency_s,5.289282
1757024049.080,latency_s,5.307102
1757024049.080,latency_s,5.316555
1757024049.080,latency_s,5.281440
1757024049.080,latency_s,5.276228
1757024049.080,latency_s,5.263935
1757024049.080,latency_s,5.262392
1757024049.080,latency_s,5.248619
1757024049.080,latency_s,5.243037
1757024049.080,latency_s,5.290142
1757024049.080,latency_s,5.267205
1757024049.175,latency_s,5.311038
1757024049.176,latency_s,5.307982
1757024049.176,latency_s,5.304384
1757024049.176,latency_s,5.304208
1757024049.176,latency_s,5.303489
1757024049.176,latency_s,5.294129
1757024049.176,latency_s,5.286727
1757024049.176,latency_s,5.285132
1757024049.176,latency_s,5.302653
1757024049.176,latency_s,5.310571
1757024049.176,latency_s,5.277469
1757024049.271,latency_s,5.366524
1757024049.271,latency_s,5.354661
1757024049.271,latency_s,5.352853
1757024049.271,latency_s,5.549233
1757024049.271,latency_s,5.448361
1757024049.271,latency_s,5.339213
1757024049.271,latency_s,5.333280
1757024049.271,latency_s,5.380806
1757024049.271,latency_s,5.358076
1757024049.271,latency_s,5.306564
1757024049.271,latency_s,5.303246
1757024049.272,latency_s,5.300018
1757024049.272,latency_s,5.299854
1757024049.272,latency_s,5.299077
1757024049.272,latency_s,5.289779
1757024049.272,latency_s,5.297959
1757024049.272,latency_s,5.305644
1757024049.272,latency_s,5.282340
1757024049.272,latency_s,5.280813
1757024049.272,latency_s,5.272496
1757024049.272,latency_s,5.267202
1757024049.366,latency_s,5.349671
1757024049.367,latency_s,5.443313
1757024049.367,latency_s,5.347910
1757024049.367,latency_s,5.334126
1757024049.367,latency_s,5.327380
1757024049.367,latency_s,5.375929
1757024049.367,latency_s,5.353092
1757024049.367,latency_s,5.301148
1757024049.367,latency_s,5.298144
1757024049.367,latency_s,5.294760
1757024049.367,latency_s,5.294358
1757024049.462,latency_s,5.389469
1757024049.462,latency_s,5.388151
1757024049.462,latency_s,5.380387
1757024049.462,latency_s,5.394775
1757024049.463,latency_s,5.372002
1757024049.463,latency_s,5.371051
1757024049.463,latency_s,5.362698
1757024049.463,latency_s,5.357272
1757024049.463,latency_s,5.439269
1757024049.463,latency_s,5.345011
1757024049.463,latency_s,5.343226
1757024049.463,latency_s,5.329733
1757024049.463,latency_s,5.369790
1757024049.463,latency_s,5.348840
1757024049.463,latency_s,5.322913
1757024049.463,latency_s,5.296995
1757024049.463,latency_s,5.293260
1757024049.463,latency_s,5.290275
1757024049.463,latency_s,5.289982
1757024049.463,latency_s,5.289194
1757024049.463,latency_s,5.286045
1757024049.557,latency_s,5.389400
1757024049.558,latency_s,5.374475
1757024049.558,latency_s,5.365741
1757024049.558,latency_s,5.363985
1757024049.558,latency_s,5.356921
1757024049.558,latency_s,5.433632
1757024049.558,latency_s,5.350446
1757024049.558,latency_s,5.339265
1757024049.681,latency_s,5.460593
1757024049.681,latency_s,5.487731
1757024049.682,latency_s,5.466327
1757024049.682,latency_s,5.448267
1757024049.682,latency_s,5.441375
1757024049.682,latency_s,5.414648
1757024049.682,latency_s,5.412058
1757024049.682,latency_s,5.408344
1757024049.682,latency_s,5.412045
1757024049.682,latency_s,5.407959
1757024049.682,latency_s,5.407399
1757024049.682,latency_s,5.404496
1757024049.682,latency_s,5.398134
1757024049.682,latency_s,5.389770
1757024049.682,latency_s,5.387802
1757024049.682,latency_s,5.381205
1757024049.682,latency_s,5.457597
1757024049.682,latency_s,5.374532
1757024049.682,latency_s,5.363202
1757024049.682,latency_s,5.359878
1757024049.683,latency_s,5.388185
1757024049.683,latency_s,5.365978
1757024049.683,latency_s,5.348692
1757024049.683,latency_s,5.341789
1757024049.683,latency_s,5.312844
1757024049.683,latency_s,5.312677
1757024049.683,latency_s,5.312673
1757024049.683,latency_s,5.309067
1757024049.777,latency_s,5.402581
1757024049.777,latency_s,5.402493
1757024049.777,latency_s,5.398259
1757024049.777,latency_s,5.393323
1757024049.777,latency_s,5.384656
1757024049.777,latency_s,5.382192
1757024049.778,latency_s,5.452024
1757024049.778,latency_s,5.376325
1757024049.778,latency_s,5.369075
1757024049.843,latency_s,5.424244
1757024049.844,latency_s,5.449054
1757024049.844,latency_s,5.426622
1757024049.844,latency_s,5.420733
1757024049.844,latency_s,5.409345
1757024049.844,latency_s,5.402545
1757024049.844,latency_s,5.373624
1757024049.844,latency_s,5.373628
1757024049.844,latency_s,5.373377
1757024049.844,latency_s,5.370169
1757024049.872,latency_s,5.396745
1757024049.872,latency_s,5.397111
1757024049.872,latency_s,5.393051
1757024049.873,latency_s,5.388069
1757024049.873,latency_s,5.379293
1757024049.873,latency_s,5.446914
1757024049.873,latency_s,5.375692
1757024049.873,latency_s,5.370508
1757024049.873,latency_s,5.363876
1757024049.873,latency_s,5.377893
1757024049.873,latency_s,5.354783
1757024049.873,latency_s,5.353408
1757024049.873,latency_s,5.348463
1757024049.968,latency_s,5.441752
1757024049.968,latency_s,5.373122
1757024049.968,latency_s,5.369176
1757024049.968,latency_s,5.365660
1757024049.968,latency_s,5.358886
1757024049.968,latency_s,5.372385
1757024049.968,latency_s,5.348680
1757024049.968,latency_s,5.348712
1757024049.968,latency_s,5.343288
1757024049.968,latency_s,5.333026
1757024049.968,latency_s,5.296779
1757024049.968,latency_s,5.296969
1757024049.968,latency_s,5.295948
1757024049.968,latency_s,5.293618
1757024049.969,latency_s,5.290647
1757024049.969,latency_s,5.290612
1757024049.969,latency_s,5.287950
1757024049.969,latency_s,5.341711
1757024049.969,latency_s,5.283335
1757024050.063,latency_s,5.366936
1757024050.063,latency_s,5.363566
1757024050.063,latency_s,5.360876
1757024050.064,latency_s,5.366895
1757024050.064,latency_s,5.353602
1757024050.064,latency_s,5.343960
1757024050.064,latency_s,5.343970
1757024050.064,latency_s,5.338359
1757024050.064,latency_s,5.326500
1757024050.064,latency_s,5.522043
1757024050.064,latency_s,5.421587
1757024050.064,latency_s,5.291485
1757024050.064,latency_s,5.291502
1757024050.158,latency_s,5.377322
1757024050.159,latency_s,5.372804
1757024050.159,latency_s,5.362512
1757024050.159,latency_s,5.361592
1757024050.159,latency_s,5.356020
1757024050.159,latency_s,5.356255
1757024050.159,latency_s,5.348501
1757024050.159,latency_s,5.338491
1757024050.159,latency_s,5.337415
1757024050.159,latency_s,5.331615
1757024050.159,latency_s,5.416332
1757024050.159,latency_s,5.321295
1757024050.159,latency_s,5.286486
1757024050.159,latency_s,5.331763
1757024050.159,latency_s,5.286204
1757024050.159,latency_s,5.283531
1757024050.159,latency_s,5.279780
1757024050.159,latency_s,5.279657
1757024050.159,latency_s,5.277769
1757024050.253,latency_s,5.367255
1757024050.253,latency_s,5.357023
1757024050.254,latency_s,5.355039
1757024050.254,latency_s,5.350171
1757024050.254,latency_s,5.349160
1757024050.254,latency_s,5.343222
1757024050.254,latency_s,5.332827
1757024050.254,latency_s,5.332186
1757024050.254,latency_s,5.326410
1757024050.254,latency_s,5.410855
1757024050.254,latency_s,5.316108
1757024050.254,latency_s,5.326461
1757024050.254,latency_s,5.281188
1757024050.254,latency_s,5.280231
1757024050.254,latency_s,5.277618
1757024050.254,latency_s,5.273906
1757024050.254,latency_s,5.273939
1757024050.254,latency_s,5.272389
1757024050.254,latency_s,5.267572
1757024050.349,latency_s,5.351646
1757024050.349,latency_s,5.349831
1757024050.349,latency_s,5.344919
1757024050.349,latency_s,5.343961
1757024050.349,latency_s,5.338318
1757024050.349,latency_s,5.327916
1757024050.349,latency_s,5.327106
1757024050.349,latency_s,5.405544
1757024050.349,latency_s,5.320531
1757024050.349,latency_s,5.310482
1757024050.349,latency_s,5.320949
1757024050.349,latency_s,5.276266
1757024050.349,latency_s,5.474751
1757024050.349,latency_s,5.374549
1757024050.349,latency_s,5.273837
1757024050.350,latency_s,5.272608
1757024050.350,latency_s,5.268177
1757024050.350,latency_s,5.268206
1757024050.350,latency_s,5.267196
1757024050.350,latency_s,5.262471
1757024050.444,latency_s,5.346413
1757024050.444,latency_s,5.344575
1757024050.444,latency_s,5.339578
1757024050.445,latency_s,5.339308
1757024050.445,latency_s,5.333254
1757024050.445,latency_s,5.322943
1757024050.445,latency_s,5.322568
1757024050.445,latency_s,5.314119
1757024050.445,latency_s,5.305768
1757024050.445,latency_s,5.316157
1757024050.445,latency_s,5.369590
1757024050.445,latency_s,5.271192
1757024050.445,latency_s,5.269303
1757024050.445,latency_s,5.267998
1757024050.445,latency_s,5.263191
1757024050.539,latency_s,5.355865
1757024050.540,latency_s,5.352099
1757024050.540,latency_s,5.341788
1757024050.540,latency_s,5.339504
1757024050.540,latency_s,5.333560
1757024050.540,latency_s,5.333606
1757024050.540,latency_s,5.327834
1757024050.540,latency_s,5.317474
1757024050.540,latency_s,5.316985
1757024050.540,latency_s,5.308427
1757024050.540,latency_s,5.299865
1757024050.635,latency_s,5.405495
1757024050.635,latency_s,5.459003
1757024050.635,latency_s,5.360376
1757024050.635,latency_s,5.358362
1757024050.635,latency_s,5.357453
1757024050.635,latency_s,5.351410
1757024050.635,latency_s,5.351006
1757024050.636,latency_s,5.347535
1757024050.636,latency_s,5.337318
1757024050.636,latency_s,5.335395
1757024050.636,latency_s,5.329500
1757024050.636,latency_s,5.328344
1757024050.636,latency_s,5.323926
1757024050.636,latency_s,5.313517
1757024050.636,latency_s,5.313036
1757024050.636,latency_s,5.303276
1757024050.636,latency_s,5.295912
1757024050.636,latency_s,5.306478
1757024050.636,latency_s,5.359989
1757024050.636,latency_s,5.261843
1757024050.636,latency_s,5.258081
1757024050.730,latency_s,5.341492
1757024050.730,latency_s,5.331253
1757024050.730,latency_s,5.329241
1757024050.731,latency_s,5.322370
1757024050.731,latency_s,5.321812
1757024050.731,latency_s,5.317574
1757024050.731,latency_s,5.307217
1757024050.731,latency_s,5.306904
1757024050.731,latency_s,5.686835
1757024050.731,latency_s,5.586461
1757024050.731,latency_s,5.486064
1757024050.731,latency_s,5.385562
1757024050.731,latency_s,5.297462
1757024050.828,latency_s,5.386971
1757024050.828,latency_s,5.397575
1757024050.828,latency_s,5.449576
1757024050.828,latency_s,5.352585
1757024050.828,latency_s,5.348780
1757024050.828,latency_s,5.348803
1757024050.828,latency_s,5.343707
1757024050.828,latency_s,5.343663
1757024050.828,latency_s,5.343612
1757024050.828,latency_s,5.339425
1757024050.828,latency_s,5.329103
1757024050.828,latency_s,5.325316
1757024050.828,latency_s,5.318963
1757024050.829,latency_s,5.318409
1757024050.829,latency_s,5.315040
1757024050.829,latency_s,5.382437
1757024050.829,latency_s,5.304575
1757024050.829,latency_s,5.304576
1757024050.829,latency_s,5.294149
1757024050.829,latency_s,5.287193
1757024050.829,latency_s,5.298384
1757024050.829,latency_s,5.349516
1757024050.829,latency_s,5.253062
1757024050.829,latency_s,5.249558
1757024050.829,latency_s,5.249579
1757024050.867,latency_s,5.282279
1757024050.867,latency_s,5.282362
1757024050.923,latency_s,5.337276
1757024050.923,latency_s,5.332856
1757024050.923,latency_s,5.323249
1757024050.924,latency_s,5.318748
1757024050.924,latency_s,5.312464
1757024050.924,latency_s,5.312378
1757024050.924,latency_s,5.310557
1757024050.924,latency_s,5.377618
1757024050.924,latency_s,5.299827
1757024050.924,latency_s,5.300030
1757024050.925,latency_s,5.289187
1757024051.003,latency_s,5.371954
1757024051.003,latency_s,5.361497
1757024051.004,latency_s,5.423139
1757024051.004,latency_s,5.326621
1757024051.004,latency_s,5.323680
1757024051.004,latency_s,5.323098
1757024051.004,latency_s,5.318331
1757024051.004,latency_s,5.318274
1757024051.004,latency_s,5.318133
1757024051.004,latency_s,5.313460
1757024051.004,latency_s,5.303270
1757024051.004,latency_s,5.297713
1757024051.020,latency_s,5.308255
1757024051.020,latency_s,5.373021
1757024051.020,latency_s,5.307785
1757024051.020,latency_s,5.305729
1757024051.020,latency_s,5.295401
1757024051.020,latency_s,5.294697
1757024051.020,latency_s,5.288550
1757024051.020,latency_s,5.284132
1757024051.020,latency_s,5.277257
1757024051.021,latency_s,5.339977
1757024051.098,latency_s,5.320495
1757024051.099,latency_s,5.318501
1757024051.099,latency_s,5.317713
1757024051.117,latency_s,5.330723
1757024051.117,latency_s,5.330581
1757024051.117,latency_s,5.330589
1757024051.117,latency_s,5.326370
1757024051.117,latency_s,5.315424
1757024051.117,latency_s,5.369190
1757024051.117,latency_s,5.309370
1757024051.117,latency_s,5.303439
1757024051.117,latency_s,5.303098
1757024051.117,latency_s,5.302351
1757024051.117,latency_s,5.291602
1757024051.117,latency_s,5.290697
1757024051.117,latency_s,5.285163
1757024051.117,latency_s,5.279380
1757024051.117,latency_s,5.336361
1757024051.117,latency_s,5.273870
1757024051.117,latency_s,5.238618
1757024051.117,latency_s,5.236419
1757024051.195,latency_s,5.312970
1757024051.195,latency_s,5.308157
1757024051.195,latency_s,5.308178
1757024051.195,latency_s,5.307859
1757024051.195,latency_s,5.303513
1757024051.195,latency_s,5.293249
1757024051.195,latency_s,5.347378
1757024051.196,latency_s,5.286993
1757024051.196,latency_s,5.281624
1757024051.196,latency_s,5.281614
1757024051.196,latency_s,5.279825
1757024051.212,latency_s,5.286806
1757024051.213,latency_s,5.284632
1757024051.213,latency_s,5.279740
1757024051.291,latency_s,5.409728
1757024051.291,latency_s,5.351338
1757024051.291,latency_s,5.347607
1757024051.291,latency_s,5.311204
1757024051.291,latency_s,5.309975
1757024051.291,latency_s,5.309655
1757024051.291,latency_s,5.304553
1757024051.292,latency_s,5.304475
1757024051.292,latency_s,5.304357
1757024051.292,latency_s,5.299842
1757024051.292,latency_s,5.342929
1757024051.292,latency_s,5.286008
1757024051.292,latency_s,5.282589
1757024051.292,latency_s,5.277201
1757024051.292,latency_s,5.276896
1757024051.292,latency_s,5.275661
1757024051.292,latency_s,5.265425
1757024051.308,latency_s,5.279435
1757024051.309,latency_s,5.326962
1757024051.309,latency_s,5.275404
1757024051.309,latency_s,5.268048
1757024051.309,latency_s,5.265060
1757024051.309,latency_s,5.228542
1757024051.309,latency_s,5.227310
1757024051.309,latency_s,5.226869
1757024051.309,latency_s,5.221614
1757024051.309,latency_s,5.221598
1757024051.309,latency_s,5.221660
1757024051.386,latency_s,5.336985
1757024051.389,latency_s,5.296617
1757024051.405,latency_s,5.298736
1757024051.405,latency_s,5.294479
1757024051.405,latency_s,5.290027
1757024051.405,latency_s,5.289590
1757024051.405,latency_s,5.288537
1757024051.405,latency_s,5.323268
1757024051.405,latency_s,5.278101
1757024051.405,latency_s,5.276354
1757024051.405,latency_s,5.271843
1757024051.405,latency_s,5.263600
1757024051.405,latency_s,5.260722
1757024051.405,latency_s,5.224333
1757024051.405,latency_s,5.223088
1757024051.406,latency_s,5.222018
1757024051.406,latency_s,5.255886
1757024051.406,latency_s,5.217456
1757024051.406,latency_s,5.217628
1757024051.406,latency_s,5.217700
1757024051.484,latency_s,5.291211
1757024051.484,latency_s,5.275303
1757024051.484,latency_s,5.271863
1757024051.484,latency_s,5.267679
1757024051.484,latency_s,5.267375
1757024051.484,latency_s,5.267532
1757024051.484,latency_s,5.301672
1757024051.484,latency_s,5.256546
1757024051.485,latency_s,5.255112
1757024051.485,latency_s,5.250169
1757024051.485,latency_s,5.242279
1757024051.485,latency_s,5.239765
1757024051.500,latency_s,5.218820
1757024051.502,latency_s,5.251663
1757024051.580,latency_s,5.297642
1757024051.580,latency_s,5.296652
1757024051.580,latency_s,5.291990
1757024051.581,latency_s,5.292022
1757024051.581,latency_s,5.292066
1757024051.581,latency_s,5.287274
1757024051.581,latency_s,5.271491
1757024051.581,latency_s,5.267689
1757024051.581,latency_s,5.297814
1757024051.581,latency_s,5.262161
1757024051.581,latency_s,5.261539
1757024051.581,latency_s,5.261749
1757024051.581,latency_s,5.252716
1757024051.581,latency_s,5.251173
1757024051.581,latency_s,5.245994
1757024051.581,latency_s,5.237113
1757024051.581,latency_s,5.235655
1757024051.597,latency_s,5.246207
1757024051.597,latency_s,5.215189
1757024051.597,latency_s,5.214377
1757024051.597,latency_s,5.211722
1757024051.597,latency_s,5.208194
1757024051.597,latency_s,5.208239
1757024051.597,latency_s,5.208211
1757024051.597,latency_s,5.203897
1757024051.598,latency_s,5.214318
1757024051.598,latency_s,5.187874
1757024051.598,latency_s,5.183018
1757024051.598,latency_s,5.178586
1757024051.675,latency_s,5.255668
1757024051.675,latency_s,5.255721
1757024051.693,latency_s,5.264026
1757024051.693,latency_s,5.262141
1757024051.693,latency_s,5.257643
1757024051.693,latency_s,5.248241
1757024051.693,latency_s,5.247797
1757024051.693,latency_s,5.242100
1757024051.693,latency_s,5.210906
1757024051.693,latency_s,5.209460
1757024051.693,latency_s,5.207480
1757024051.694,latency_s,5.203990
1757024051.694,latency_s,5.203838
1757024051.694,latency_s,5.203573
1757024051.694,latency_s,5.199236
1757024051.694,latency_s,5.209329
1757024051.694,latency_s,5.183413
1757024051.787,latency_s,5.270894
1757024051.787,latency_s,5.266130
1757024051.787,latency_s,5.264742
1757024051.788,latency_s,5.265363
1757024051.790,latency_s,5.260089
1757024051.790,latency_s,5.258608
1757024051.790,latency_s,5.253731
1757024051.790,latency_s,5.244873
1757024051.790,latency_s,5.243431
1757024051.790,latency_s,5.236491
1757024051.790,latency_s,5.206789
1757024051.790,latency_s,5.204431
1757024051.790,latency_s,5.203656
1757024051.790,latency_s,5.199840
1757024051.790,latency_s,5.199727
1757024051.790,latency_s,5.199947
1757024051.790,latency_s,5.195187
1757024051.882,latency_s,5.296218
1757024051.882,latency_s,5.271333
1757024051.882,latency_s,5.263032
1757024051.883,latency_s,5.261405
1757024051.883,latency_s,5.259642
1757024051.883,latency_s,5.259597
1757024051.883,latency_s,5.253051
1757024051.883,latency_s,5.251152
1757024051.883,latency_s,5.246419
1757024051.883,latency_s,5.237282
1757024051.883,latency_s,5.235117
1757024051.883,latency_s,5.229260
1757024051.883,latency_s,5.199514
1757024051.885,latency_s,5.199085
1757024051.885,latency_s,5.198190
1757024051.978,latency_s,5.287262
1757024051.978,latency_s,5.287308
1757024051.978,latency_s,5.287444
1757024051.979,latency_s,5.292222
1757024051.979,latency_s,5.283686
1757024051.979,latency_s,5.264068
1757024051.979,latency_s,5.258196
1757024051.979,latency_s,5.257192
1757024051.979,latency_s,5.254272
1757024051.979,latency_s,5.254592
1757024051.979,latency_s,5.248964
1757024051.979,latency_s,5.246987
1757024051.979,latency_s,5.242349
1757024051.979,latency_s,5.233078
1757024051.979,latency_s,5.231137
1757024051.979,latency_s,5.224895
1757024051.979,latency_s,5.195264
1757024052.075,latency_s,5.289302
1757024052.075,latency_s,5.287899
1757024052.075,latency_s,5.288690
1757024052.075,latency_s,5.284542
1757024052.075,latency_s,5.284647
1757024052.075,latency_s,5.284554
1757024052.075,latency_s,5.279684
1757024052.076,latency_s,5.255601
1757024052.076,latency_s,5.254552
1757024052.076,latency_s,5.253540
1757024052.076,latency_s,5.250160
1757024052.076,latency_s,5.250088
1757024052.076,latency_s,5.245570
1757024052.076,latency_s,5.243355
1757024052.076,latency_s,5.238424
1757024052.169,latency_s,5.322728
1757024052.169,latency_s,5.320921
1757024052.171,latency_s,5.315379
1757024052.171,latency_s,5.286549
1757024052.171,latency_s,5.285259
1757024052.171,latency_s,5.284464
1757024052.171,latency_s,5.283793
1757024052.171,latency_s,5.280077
1757024052.171,latency_s,5.280010
1757024052.171,latency_s,5.279753
1757024052.171,latency_s,5.275195
1757024052.172,latency_s,5.251018
1757024052.172,latency_s,5.249021
1757024052.172,latency_s,5.249036
1757024052.172,latency_s,5.245600
1757024052.172,latency_s,5.245517
1757024052.172,latency_s,5.240804
1757024052.265,latency_s,5.332514
1757024052.265,latency_s,5.327592
1757024052.265,latency_s,5.317076
1757024052.265,latency_s,5.316916
1757024052.266,latency_s,5.308423
1757024052.266,latency_s,5.280658
1757024052.266,latency_s,5.279408
1757024052.266,latency_s,5.277442
1757024052.266,latency_s,5.277877
1757024052.266,latency_s,5.273885
1757024052.266,latency_s,5.273639
1757024052.266,latency_s,5.273659
1757024052.266,latency_s,5.268656
1757024052.266,latency_s,5.244302
1757024052.266,latency_s,5.242964
1757024052.360,latency_s,5.336637
1757024052.360,latency_s,5.333380
1757024052.360,latency_s,5.333412
1757024052.360,latency_s,5.329039
1757024052.361,latency_s,5.327689
1757024052.361,latency_s,5.322684
1757024052.361,latency_s,5.311527
1757024052.361,latency_s,5.311452
1757024052.361,latency_s,5.302133
1757024052.361,latency_s,5.275320
1757024052.361,latency_s,5.273859
1757024052.361,latency_s,5.271985
1757024052.361,latency_s,5.271987
1757024052.361,latency_s,5.268504
1757024052.361,latency_s,5.268398
1757024052.361,latency_s,5.268832
1757024052.362,latency_s,5.264318
1757024052.455,latency_s,5.332894
1757024052.455,latency_s,5.331517
1757024052.455,latency_s,5.331372
1757024052.455,latency_s,5.328243
1757024052.455,latency_s,5.328607
1757024052.455,latency_s,5.323411
1757024052.455,latency_s,5.321645
1757024052.455,latency_s,5.316605
1757024052.455,latency_s,5.305914
1757024052.456,latency_s,5.306212
1757024052.456,latency_s,5.295915
1757024052.456,latency_s,5.269854
1757024052.456,latency_s,5.268309
1757024052.456,latency_s,5.266456
1757024052.456,latency_s,5.266533
1757024052.551,latency_s,5.358007
1757024052.551,latency_s,5.358087
1757024052.551,latency_s,5.358207
1757024052.551,latency_s,5.353236
1757024052.551,latency_s,5.328159
1757024052.551,latency_s,5.327332
1757024052.551,latency_s,5.326971
1757024052.551,latency_s,5.323631
1757024052.551,latency_s,5.323798
1757024052.551,latency_s,5.319032
1757024052.551,latency_s,5.316893
1757024052.551,latency_s,5.312207
1757024052.551,latency_s,5.301812
1757024052.552,latency_s,5.301659
1757024052.552,latency_s,5.289451
1757024052.552,latency_s,5.265365
1757024052.552,latency_s,5.263845
1757024052.647,latency_s,5.357598
1757024052.647,latency_s,5.357658
1757024052.647,latency_s,5.354127
1757024052.647,latency_s,5.354152
1757024052.648,latency_s,5.354187
1757024052.648,latency_s,5.349014
1757024052.648,latency_s,5.324181
1757024052.648,latency_s,5.323195
1757024052.648,latency_s,5.323211
1757024052.648,latency_s,5.320071
1757024052.648,latency_s,5.320004
1757024052.648,latency_s,5.315192
1757024052.648,latency_s,5.311736
1757024052.648,latency_s,5.307882
1757024052.648,latency_s,5.297575
1757024052.743,latency_s,5.392123
1757024052.743,latency_s,5.380217
1757024052.743,latency_s,5.356478
1757024052.743,latency_s,5.354945
1757024052.743,latency_s,5.352857
1757024052.743,latency_s,5.352864
1757024052.743,latency_s,5.349535
1757024052.743,latency_s,5.349586
1757024052.743,latency_s,5.349205
1757024052.743,latency_s,5.344571
1757024052.743,latency_s,5.318502
1757024052.743,latency_s,5.318478
1757024052.744,latency_s,5.318365
1757024052.744,latency_s,5.315549
1757024052.744,latency_s,5.315425
1757024052.744,latency_s,5.310934
1757024052.744,latency_s,5.306935
1757024052.839,latency_s,5.387717
1757024052.839,latency_s,5.373805
1757024052.839,latency_s,5.351254
1757024052.839,latency_s,5.350535
1757024052.839,latency_s,5.348397
1757024052.839,latency_s,5.348393
1757024052.839,latency_s,5.343892
1757024052.839,latency_s,5.343861
1757024052.839,latency_s,5.343896
1757024052.839,latency_s,5.340163
1757024052.839,latency_s,5.314407
1757024052.839,latency_s,5.313932
1757024052.840,latency_s,5.313920
1757024052.840,latency_s,5.310682
1757024052.840,latency_s,5.310850
1757024052.934,latency_s,5.393780
1757024052.935,latency_s,5.383392
1757024052.935,latency_s,5.383595
1757024052.935,latency_s,5.369596
1757024052.935,latency_s,5.346717
1757024052.935,latency_s,5.346140
1757024052.935,latency_s,5.343637
1757024052.935,latency_s,5.343731
1757024052.935,latency_s,5.338901
1757024052.935,latency_s,5.338516
1757024052.935,latency_s,5.338646
1757024052.935,latency_s,5.335962
1757024052.935,latency_s,5.309347
1757024052.935,latency_s,5.309301
1757024052.935,latency_s,5.309446
1757024052.935,latency_s,5.306139
1757024052.935,latency_s,5.305822
1757024053.030,latency_s,5.390697
1757024053.030,latency_s,5.388272
1757024053.126,latency_s,5.473686
1757024053.126,latency_s,5.472156
1757024053.126,latency_s,5.460257
1757024053.126,latency_s,5.437704
1757024053.126,latency_s,5.436273
1757024053.126,latency_s,5.434307
1757024053.126,latency_s,5.434260
1757024053.126,latency_s,5.429423
1757024053.126,latency_s,5.428833
1757024053.126,latency_s,5.428850
1757024053.126,latency_s,5.425084
1757024053.126,latency_s,5.399957
1757024053.126,latency_s,5.399790
1757024053.126,latency_s,5.386122
1757024053.126,latency_s,5.384540
1757024053.126,latency_s,5.374217
1757024053.126,latency_s,5.372282
1757024053.126,latency_s,5.360022
1757024053.126,latency_s,5.337795
1757024053.127,latency_s,5.336761
1757024053.127,latency_s,5.334574
1757024053.127,latency_s,5.333103
1757024053.127,latency_s,5.329218
1757024053.127,latency_s,5.329253
1757024053.127,latency_s,5.327759
1757024053.127,latency_s,5.325341
1757024053.127,latency_s,5.300153
1757024053.127,latency_s,5.300079
1757024053.127,latency_s,5.300217
1757024053.127,latency_s,5.296803
1757024053.220,latency_s,5.379330
1757024053.220,latency_s,5.378170
1757024053.222,latency_s,5.369510
1757024053.222,latency_s,5.365174
1757024053.222,latency_s,5.354590
1757024053.222,latency_s,5.333460
1757024053.222,latency_s,5.332177
1757024053.222,latency_s,5.328065
1757024053.222,latency_s,5.328242
1757024053.222,latency_s,5.323823
1757024053.223,latency_s,5.323860
1757024053.223,latency_s,5.323050
1757024053.223,latency_s,5.321074
1757024053.223,latency_s,5.295248
1757024053.315,latency_s,5.388216
1757024053.316,latency_s,5.388034
1757024053.316,latency_s,5.384920
1757024053.316,latency_s,5.383741
1757024053.316,latency_s,5.379918
1757024053.316,latency_s,5.374682
1757024053.317,latency_s,5.375132
1757024053.318,latency_s,5.364373
1757024053.318,latency_s,5.360332
1757024053.318,latency_s,5.350140
1757024053.318,latency_s,5.328414
1757024053.318,latency_s,5.327865
1757024053.318,latency_s,5.323555
1757024053.318,latency_s,5.323766
1757024053.318,latency_s,5.318196
1757024053.318,latency_s,5.316640
1757024053.319,latency_s,5.317188
1757024053.359,latency_s,5.356893
1757024053.359,latency_s,5.331234
1757024053.359,latency_s,5.331182
1757024053.412,latency_s,5.379605
1757024053.412,latency_s,5.376473
1757024053.412,latency_s,5.369338
1757024053.413,latency_s,5.369577
1757024053.413,latency_s,5.359498
1757024053.413,latency_s,5.354072
1757024053.413,latency_s,5.343951
1757024053.413,latency_s,5.323203
1757024053.413,latency_s,5.323001
1757024053.413,latency_s,5.318291
1757024053.413,latency_s,5.318182
1757024053.413,latency_s,5.312909
1757024053.414,latency_s,5.311477
1757024053.414,latency_s,5.311081
1757024053.414,latency_s,5.311065
1757024053.414,latency_s,5.285242
1757024053.414,latency_s,5.285079
1757024053.414,latency_s,5.281843
1757024053.508,latency_s,5.374608
1757024053.508,latency_s,5.371448
1757024053.508,latency_s,5.364427
1757024053.508,latency_s,5.364565
1757024053.508,latency_s,5.354175
1757024053.508,latency_s,5.348481
1757024053.508,latency_s,5.338389
1757024053.508,latency_s,5.317636
1757024053.509,latency_s,5.317239
1757024053.509,latency_s,5.312455
1757024053.509,latency_s,5.311944
1757024053.509,latency_s,5.307158
1757024053.509,latency_s,5.306279
1757024053.509,latency_s,5.305914
1757024053.603,latency_s,5.373733
1757024053.603,latency_s,5.370627
1757024053.603,latency_s,5.365172
1757024053.603,latency_s,5.359286
1757024053.604,latency_s,5.359338
1757024053.604,latency_s,5.349134
1757024053.604,latency_s,5.342651
1757024053.604,latency_s,5.332918
1757024053.604,latency_s,5.311924
1757024053.604,latency_s,5.311426
1757024053.604,latency_s,5.306685
1757024053.604,latency_s,5.306720
1757024053.604,latency_s,5.300256
1757024053.604,latency_s,5.300231
1757024053.604,latency_s,5.300331
1757024053.604,latency_s,5.299491
1757024053.604,latency_s,5.274303
1757024053.604,latency_s,5.273988
1757024053.697,latency_s,5.569157
1757024053.698,latency_s,5.469061
1757024053.698,latency_s,5.366178
1757024053.699,latency_s,5.368854
1757024053.699,latency_s,5.360851
1757024053.699,latency_s,5.353460
1757024053.699,latency_s,5.353572
1757024053.699,latency_s,5.343242
1757024053.699,latency_s,5.336179
1757024053.699,latency_s,5.327420
1757024053.699,latency_s,5.306757
1757024053.699,latency_s,5.306182
1757024053.699,latency_s,5.301604
1757024053.699,latency_s,5.301283
1757024053.794,latency_s,5.363769
1757024053.794,latency_s,5.363643
1757024053.794,latency_s,5.361151
1757024053.794,latency_s,5.559796
1757024053.795,latency_s,5.459945
1757024053.795,latency_s,5.356176
1757024053.795,latency_s,5.349291
1757024053.795,latency_s,5.348330
1757024053.795,latency_s,5.338920
1757024053.795,latency_s,5.331938
1757024053.795,latency_s,5.323191
1757024053.795,latency_s,5.302464
1757024053.795,latency_s,5.302263
1757024053.795,latency_s,5.297354
1757024053.795,latency_s,5.296975
1757024053.795,latency_s,5.289991
1757024053.795,latency_s,5.290287
1757024053.795,latency_s,5.289961
1757024053.890,latency_s,5.359317
1757024053.890,latency_s,5.359408
1757024053.890,latency_s,5.455027
1757024053.890,latency_s,5.359267
1757024053.891,latency_s,5.357468
1757024053.891,latency_s,5.351630
1757024053.891,latency_s,5.345079
1757024053.891,latency_s,5.334020
1757024053.891,latency_s,5.327556
1757024053.891,latency_s,5.318769
1757024053.891,latency_s,5.298283
1757024053.891,latency_s,5.297914
1757024053.891,latency_s,5.292938
1757024053.892,latency_s,5.293075
1757024053.985,latency_s,5.354066
1757024053.985,latency_s,5.353750
1757024053.985,latency_s,5.353799
1757024053.985,latency_s,5.351780
1757024053.986,latency_s,5.346263
1757024053.986,latency_s,5.339013
1757024053.986,latency_s,5.328682
1757024053.987,latency_s,5.322781
1757024053.987,latency_s,5.312469
1757024053.987,latency_s,5.293255
1757024053.987,latency_s,5.291776
1757024053.987,latency_s,5.287149
1757024053.987,latency_s,5.287395
1757024053.987,latency_s,5.281491
1757024053.987,latency_s,5.279432
1757024053.987,latency_s,5.279445
1757024053.987,latency_s,5.279526
1757024053.988,latency_s,5.350370
1757024054.081,latency_s,5.349318
1757024054.081,latency_s,5.349122
1757024054.081,latency_s,5.349241
1757024054.081,latency_s,5.346808
1757024054.083,latency_s,5.342595
1757024054.083,latency_s,5.335710
1757024054.083,latency_s,5.534840
1757024054.083,latency_s,5.434394
1757024054.083,latency_s,5.325493
1757024054.083,latency_s,5.318903
1757024054.083,latency_s,5.308502
1757024054.083,latency_s,5.289309
1757024054.083,latency_s,5.287534
1757024054.083,latency_s,5.283372
1757024054.179,latency_s,5.370696
1757024054.179,latency_s,5.441236
1757024054.179,latency_s,5.345361
1757024054.179,latency_s,5.345397
1757024054.179,latency_s,5.345043
1757024054.179,latency_s,5.344332
1757024054.179,latency_s,5.337590
1757024054.179,latency_s,5.430133
1757024054.179,latency_s,5.331995
1757024054.179,latency_s,5.319903
1757024054.179,latency_s,5.314475
1757024054.179,latency_s,5.304098
1757024054.179,latency_s,5.284832
1757024054.179,latency_s,5.283314
1757024054.180,latency_s,5.279446
1757024054.180,latency_s,5.276520
1757024054.180,latency_s,5.273103
1757024054.180,latency_s,5.271190
1757024054.275,latency_s,5.366069
1757024054.275,latency_s,5.435960
1757024054.275,latency_s,5.341008
1757024054.275,latency_s,5.340693
1757024054.275,latency_s,5.340288
1757024054.275,latency_s,5.339924
1757024054.275,latency_s,5.332381
1757024054.276,latency_s,5.327458
1757024054.276,latency_s,5.315582
1757024054.276,latency_s,5.310288
1757024054.276,latency_s,5.298974
1757024054.276,latency_s,5.426441
1757024054.276,latency_s,5.324672
1757024054.276,latency_s,5.280868
1757024054.371,latency_s,5.362243
1757024054.371,latency_s,5.362187
1757024054.371,latency_s,5.431764
1757024054.371,latency_s,5.336775
1757024054.372,latency_s,5.336623
1757024054.372,latency_s,5.336541
1757024054.372,latency_s,5.336047
1757024054.372,latency_s,5.328158
1757024054.372,latency_s,5.323226
1757024054.372,latency_s,5.311777
1757024054.372,latency_s,5.305569
1757024054.372,latency_s,5.320408
1757024054.372,latency_s,5.293700
1757024054.372,latency_s,5.276482
1757024054.372,latency_s,5.275320
1757024054.372,latency_s,5.270795
1757024054.372,latency_s,5.268370
1757024054.373,latency_s,5.332345
1757024054.468,latency_s,5.360759
1757024054.468,latency_s,5.358517
1757024054.468,latency_s,5.358279
1757024054.468,latency_s,5.358384
1757024054.468,latency_s,5.332895
1757024054.468,latency_s,5.332616
1757024054.468,latency_s,5.332667
1757024054.468,latency_s,5.331922
1757024054.469,latency_s,5.324339
1757024054.469,latency_s,5.319786
1757024054.469,latency_s,5.307038
1757024054.469,latency_s,5.301962
1757024054.469,latency_s,5.316036
1757024054.469,latency_s,5.289809
1757024054.563,latency_s,5.359934
1757024054.563,latency_s,5.358551
1757024054.563,latency_s,5.355810
1757024054.563,latency_s,5.353228
1757024054.563,latency_s,5.352998
1757024054.563,latency_s,5.353285
1757024054.564,latency_s,5.327662
1757024054.564,latency_s,5.326883
1757024054.564,latency_s,5.326607
1757024054.564,latency_s,5.326753
1757024054.564,latency_s,5.319109
1757024054.564,latency_s,5.314176
1757024054.564,latency_s,5.310086
1757024054.564,latency_s,5.296927
1757024054.564,latency_s,5.284628
1757024054.564,latency_s,5.322516
1757024054.564,latency_s,5.267456
1757024054.564,latency_s,5.265557
1757024054.659,latency_s,5.354188
1757024054.659,latency_s,5.353338
1757024054.659,latency_s,5.349438
1757024054.659,latency_s,5.348373
1757024054.659,latency_s,5.348199
1757024054.659,latency_s,5.347024
1757024054.659,latency_s,5.323174
1757024054.659,latency_s,5.322301
1757024054.659,latency_s,5.322092
1757024054.659,latency_s,5.321840
1757024054.659,latency_s,5.314458
1757024054.659,latency_s,5.309243
1757024054.659,latency_s,5.304717
1757024054.659,latency_s,5.292261
1757024054.754,latency_s,5.348282
1757024054.754,latency_s,5.348024
1757024054.754,latency_s,5.342776
1757024054.754,latency_s,5.342964
1757024054.754,latency_s,5.342724
1757024054.754,latency_s,5.340576
1757024054.754,latency_s,5.317304
1757024054.754,latency_s,5.317052
1757024054.754,latency_s,5.316580
1757024054.754,latency_s,5.316482
1757024054.754,latency_s,5.308645
1757024054.755,latency_s,5.304242
1757024054.755,latency_s,5.298393
1757024054.755,latency_s,5.492965
1757024054.755,latency_s,5.392209
1757024054.755,latency_s,5.286741
1757024054.755,latency_s,5.274500
1757024054.755,latency_s,5.310726
1757024054.850,latency_s,5.349803
1757024054.850,latency_s,5.342396
1757024054.850,latency_s,5.341935
1757024054.850,latency_s,5.338611
1757024054.850,latency_s,5.338652
1757024054.850,latency_s,5.338241
1757024054.850,latency_s,5.336284
1757024054.850,latency_s,5.312970
1757024054.850,latency_s,5.312983
1757024054.850,latency_s,5.311857
1757024054.850,latency_s,5.312002
1757024054.850,latency_s,5.304598
1757024054.850,latency_s,5.299254
1757024054.850,latency_s,5.387501
1757024054.945,latency_s,5.386649
1757024054.945,latency_s,5.376400
1757024054.945,latency_s,5.364068
1757024054.945,latency_s,5.399645
1757024054.945,latency_s,5.347299
1757024054.946,latency_s,5.345068
1757024054.946,latency_s,5.337739
1757024054.946,latency_s,5.337684
1757024054.946,latency_s,5.333817
1757024054.946,latency_s,5.334043
1757024054.946,latency_s,5.333653
1757024054.946,latency_s,5.331598
1757024054.946,latency_s,5.307950
1757024054.946,latency_s,5.307983
1757024054.946,latency_s,5.307751
1757024054.946,latency_s,5.307320
1757024054.946,latency_s,5.300397
1757024054.946,latency_s,5.382877
1757024055.040,latency_s,5.387235
1757024055.041,latency_s,5.382602
1757024055.041,latency_s,5.371488
1757024055.041,latency_s,5.395065
1757024055.041,latency_s,5.359706
1757024055.041,latency_s,5.343102
1757024055.041,latency_s,5.339066
1757024055.041,latency_s,5.332910
1757024055.042,latency_s,5.332574
1757024055.042,latency_s,5.329445
1757024055.042,latency_s,5.329480
1757024055.042,latency_s,5.329392
1757024055.042,latency_s,5.327268
1757024055.043,latency_s,5.303573
1757024055.135,latency_s,5.388826
1757024055.135,latency_s,5.471117
1757024055.135,latency_s,5.382306
1757024055.135,latency_s,5.376191
1757024055.136,latency_s,5.366658
1757024055.136,latency_s,5.390151
1757024055.137,latency_s,5.354605
1757024055.137,latency_s,5.337779
1757024055.137,latency_s,5.333835
1757024055.137,latency_s,5.327453
1757024055.137,latency_s,5.327323
1757024055.137,latency_s,5.323502
1757024055.137,latency_s,5.323017
1757024055.137,latency_s,5.323800
1757024055.137,latency_s,5.321329
1757024055.137,latency_s,5.298500
1757024055.137,latency_s,5.297493
1757024055.137,latency_s,5.297595
1757024055.230,latency_s,5.465712
1757024055.230,latency_s,5.383848
1757024055.230,latency_s,5.376680
1757024055.230,latency_s,5.370816
1757024055.231,latency_s,5.383681
1757024055.231,latency_s,5.360501
1757024055.231,latency_s,5.348356
1757024055.231,latency_s,5.331122
1757024055.231,latency_s,5.327656
1757024055.231,latency_s,5.320814
1757024055.231,latency_s,5.320375
1757024055.231,latency_s,5.317374
1757024055.231,latency_s,5.316945
1757024055.231,latency_s,5.317198
1757024055.326,latency_s,5.385545
1757024055.326,latency_s,5.379562
1757024055.326,latency_s,5.372432
1757024055.326,latency_s,5.366227
1757024055.327,latency_s,5.379302
1757024055.327,latency_s,5.356431
1757024055.327,latency_s,5.343832
1757024055.327,latency_s,5.326567
1757024055.327,latency_s,5.321581
1757024055.327,latency_s,5.316621
1757024055.327,latency_s,5.316181
1757024055.327,latency_s,5.312865
1757024055.327,latency_s,5.312820
1757024055.327,latency_s,5.312602
1757024055.327,latency_s,5.310430
1757024055.327,latency_s,5.361466
1757024055.327,latency_s,5.287281
1757024055.327,latency_s,5.287022
1757024055.422,latency_s,5.381846
1757024055.423,latency_s,5.381231
1757024055.423,latency_s,5.374811
1757024055.423,latency_s,5.368463
1757024055.423,latency_s,5.374619
1757024055.423,latency_s,5.362590
1757024055.423,latency_s,5.351962
1757024055.423,latency_s,5.339664
1757024055.423,latency_s,5.320818
1757024055.423,latency_s,5.317530
1757024055.423,latency_s,5.312035
1757024055.423,latency_s,5.311735
1757024055.423,latency_s,5.308456
1757024055.423,latency_s,5.308404
1757024055.517,latency_s,5.376478
1757024055.518,latency_s,5.377040
1757024055.518,latency_s,5.376366
1757024055.518,latency_s,5.375917
1757024055.518,latency_s,5.369704
1757024055.518,latency_s,5.369336
1757024055.518,latency_s,5.361697
1757024055.518,latency_s,5.355991
1757024055.518,latency_s,5.346693
1757024055.518,latency_s,5.334358
1757024055.518,latency_s,5.315590
1757024055.518,latency_s,5.312103
1757024055.518,latency_s,5.306799
1757024055.519,latency_s,5.306029
1757024055.519,latency_s,5.303393
1757024055.519,latency_s,5.302950
1757024055.519,latency_s,5.303132
1757024055.519,latency_s,5.301068
1757024055.614,latency_s,5.447198
1757024055.614,latency_s,5.372614
1757024055.614,latency_s,5.372427
1757024055.614,latency_s,5.372507
1757024055.614,latency_s,5.371253
1757024055.614,latency_s,5.365273
1757024055.614,latency_s,5.364806
1757024055.615,latency_s,5.349313
1757024055.615,latency_s,5.342898
1757024055.615,latency_s,5.330253
1757024055.615,latency_s,5.312051
1757024055.615,latency_s,5.306280
1757024055.615,latency_s,5.303300
1757024055.615,latency_s,5.302261
1757024055.710,latency_s,5.390948
1757024055.711,latency_s,5.369676
1757024055.712,latency_s,5.370172
1757024055.712,latency_s,5.369679
1757024055.712,latency_s,5.368201
1757024055.712,latency_s,5.362516
1757024055.712,latency_s,5.362196
1757024055.712,latency_s,5.345915
1757024055.712,latency_s,5.339581
1757024055.712,latency_s,5.327282
1757024055.712,latency_s,5.308473
1757024055.712,latency_s,5.301543
1757024055.712,latency_s,5.300380
1757024055.712,latency_s,5.344767
1757024055.712,latency_s,5.299276
1757024055.712,latency_s,5.296332
1757024055.713,latency_s,5.296439
1757024055.713,latency_s,5.296425
1757024055.807,latency_s,5.364079
1757024055.807,latency_s,5.364194
1757024055.807,latency_s,5.363211
1757024055.808,latency_s,5.363551
1757024055.808,latency_s,5.356857
1757024055.808,latency_s,5.357091
1757024055.808,latency_s,5.550851
1757024055.808,latency_s,5.450865
1757024055.808,latency_s,5.350619
1757024055.808,latency_s,5.340932
1757024055.808,latency_s,5.335280
1757024055.808,latency_s,5.322627
1757024055.808,latency_s,5.304179
1757024055.808,latency_s,5.340394
1757024055.902,latency_s,5.385113
1757024055.902,latency_s,5.379893
1757024055.903,latency_s,5.358380
1757024055.903,latency_s,5.358196
1757024055.903,latency_s,5.358067
1757024055.903,latency_s,5.358054
1757024055.903,latency_s,5.352070
1757024055.903,latency_s,5.352075
1757024055.903,latency_s,5.344957
1757024055.903,latency_s,5.333026
1757024055.903,latency_s,5.329986
1757024055.903,latency_s,5.315745
1757024055.903,latency_s,5.334639
1757024055.903,latency_s,5.298685
1757024055.903,latency_s,5.291347
1757024055.903,latency_s,5.291147
1757024055.903,latency_s,5.288601
1757024055.903,latency_s,5.286239
1757024055.997,latency_s,5.379560
1757024055.998,latency_s,5.374805
1757024056.092,latency_s,5.447180
1757024056.092,latency_s,5.446777
1757024056.092,latency_s,5.446732
1757024056.092,latency_s,5.447063
1757024056.092,latency_s,5.441292
1757024056.092,latency_s,5.440985
1757024056.093,latency_s,5.433784
1757024056.093,latency_s,5.421815
1757024056.093,latency_s,5.418479
1757024056.093,latency_s,5.404923
1757024056.093,latency_s,5.423547
1757024056.093,latency_s,5.387367
1757024056.096,latency_s,5.378021
1757024056.096,latency_s,5.378103
1757024056.096,latency_s,5.377731
1757024056.096,latency_s,5.371363
1757024056.096,latency_s,5.350642
1757024056.096,latency_s,5.350348
1757024056.096,latency_s,5.349962
1757024056.096,latency_s,5.348266
1757024056.096,latency_s,5.344962
1757024056.096,latency_s,5.337157
1757024056.096,latency_s,5.323245
1757024056.097,latency_s,5.321993
1757024056.097,latency_s,5.308199
1757024056.097,latency_s,5.327059
1757024056.097,latency_s,5.290914
1757024056.097,latency_s,5.283598
1757024056.097,latency_s,5.283309
1757024056.097,latency_s,5.278711
1757024056.187,latency_s,5.368295
1757024056.188,latency_s,5.368540
1757024056.192,latency_s,5.366551
1757024056.192,latency_s,5.346122
1757024056.192,latency_s,5.346013
1757024056.192,latency_s,5.345658
1757024056.192,latency_s,5.343752
1757024056.192,latency_s,5.340646
1757024056.192,latency_s,5.331978
1757024056.192,latency_s,5.318634
1757024056.192,latency_s,5.317504
1757024056.192,latency_s,5.322166
1757024056.193,latency_s,5.303691
1757024056.193,latency_s,5.286752
1757024056.284,latency_s,5.370287
1757024056.284,latency_s,5.369675
1757024056.284,latency_s,5.365143
1757024056.284,latency_s,5.363667
1757024056.284,latency_s,5.363320
1757024056.284,latency_s,5.363236
1757024056.284,latency_s,5.358558
1757024056.287,latency_s,5.341229
1757024056.288,latency_s,5.341249
1757024056.288,latency_s,5.341160
1757024056.288,latency_s,5.339219
1757024056.288,latency_s,5.336227
1757024056.288,latency_s,5.535649
1757024056.288,latency_s,5.435072
1757024056.288,latency_s,5.334668
1757024056.288,latency_s,5.327659
1757024056.288,latency_s,5.312496
1757024056.288,latency_s,5.311422
1757024056.288,latency_s,5.317595
1757024056.288,latency_s,5.299087
1757024056.383,latency_s,5.363593
1757024056.383,latency_s,5.361202
1757024056.383,latency_s,5.361563
1757024056.383,latency_s,5.361405
1757024056.383,latency_s,5.357148
1757024056.384,latency_s,5.336811
1757024056.384,latency_s,5.336626
1757024056.384,latency_s,5.336508
1757024056.384,latency_s,5.334910
1757024056.384,latency_s,5.331898
1757024056.384,latency_s,5.330011
1757024056.384,latency_s,5.323210
1757024056.384,latency_s,5.308007
1757024056.384,latency_s,5.306053
1757024056.384,latency_s,5.312705
1757024056.384,latency_s,5.293967
1757024056.384,latency_s,5.277044
1757024056.384,latency_s,5.270126
1757024056.384,latency_s,5.268528
1757024056.480,latency_s,5.360807
1757024056.480,latency_s,5.358507
1757024056.480,latency_s,5.358392
1757024056.480,latency_s,5.358082
1757024056.480,latency_s,5.352731
1757024056.480,latency_s,5.333303
1757024056.480,latency_s,5.332714
1757024056.480,latency_s,5.332671
1757024056.480,latency_s,5.331360
1757024056.480,latency_s,5.328298
1757024056.480,latency_s,5.326263
1757024056.480,latency_s,5.319740
1757024056.481,latency_s,5.308618
1757024056.481,latency_s,5.304596
1757024056.481,latency_s,5.302588
1757024056.481,latency_s,5.289918
1757024056.481,latency_s,5.273619
1757024056.577,latency_s,5.362233
1757024056.577,latency_s,5.361048
1757024056.577,latency_s,5.357438
1757024056.577,latency_s,5.355047
1757024056.577,latency_s,5.354666
1757024056.577,latency_s,5.354618
1757024056.577,latency_s,5.348336
1757024056.577,latency_s,5.328604
1757024056.577,latency_s,5.328599
1757024056.577,latency_s,5.328381
1757024056.577,latency_s,5.327973
1757024056.577,latency_s,5.324921
1757024056.577,latency_s,5.318450
1757024056.577,latency_s,5.316346
1757024056.577,latency_s,5.304700
1757024056.673,latency_s,5.365364
1757024056.674,latency_s,5.358573
1757024056.674,latency_s,5.357669
1757024056.674,latency_s,5.353799
1757024056.674,latency_s,5.351766
1757024056.674,latency_s,5.350901
1757024056.674,latency_s,5.350894
1757024056.674,latency_s,5.344946
1757024056.674,latency_s,5.324607
1757024056.674,latency_s,5.324825
1757024056.674,latency_s,5.324875
1757024056.674,latency_s,5.324924
1757024056.674,latency_s,5.321069
1757024056.674,latency_s,5.314621
1757024056.674,latency_s,5.312983
1757024056.674,latency_s,5.301467
1757024056.674,latency_s,5.298019
1757024056.770,latency_s,5.353314
1757024056.770,latency_s,5.349132
1757024056.770,latency_s,5.347215
1757024056.770,latency_s,5.346270
1757024056.770,latency_s,5.345970
1757024056.770,latency_s,5.337946
1757024056.770,latency_s,5.320207
1757024056.770,latency_s,5.320266
1757024056.770,latency_s,5.320363
1757024056.770,latency_s,5.320401
1757024056.770,latency_s,5.317272
1757024056.770,latency_s,5.310272
1757024056.771,latency_s,5.309173
1757024056.771,latency_s,5.296990
1757024056.771,latency_s,5.294116
1757024056.865,latency_s,5.349283
1757024056.866,latency_s,5.349052
1757024056.866,latency_s,5.344622
1757024056.866,latency_s,5.342730
1757024056.866,latency_s,5.342287
1757024056.866,latency_s,5.341923
1757024056.866,latency_s,5.333373
1757024056.867,latency_s,5.316548
1757024056.867,latency_s,5.316390
1757024056.867,latency_s,5.316394
1757024056.867,latency_s,5.316195
1757024056.867,latency_s,5.313151
1757024056.867,latency_s,5.306150
1757024056.867,latency_s,5.305304
1757024056.867,latency_s,5.292630
1757024056.867,latency_s,5.289680
1757024056.867,latency_s,5.286649
1757024056.960,latency_s,5.350857
1757024056.960,latency_s,5.343535
1757024056.961,latency_s,5.342974
1757024056.962,latency_s,5.340258
1757024056.962,latency_s,5.336502
1757024056.962,latency_s,5.336931
1757024056.962,latency_s,5.336517
1757024056.962,latency_s,5.327949
1757024056.962,latency_s,5.311377
1757024056.962,latency_s,5.311193
1757024056.962,latency_s,5.311386
1757024056.962,latency_s,5.311051
1757024056.962,latency_s,5.307621
1757024056.962,latency_s,5.300623
1757024056.962,latency_s,5.300437
1757024057.057,latency_s,5.382282
1757024057.057,latency_s,5.378933
1757024057.057,latency_s,5.375818
1757024057.057,latency_s,5.364341
1757024057.057,latency_s,5.346016
1757024057.057,latency_s,5.340018
1757024057.057,latency_s,5.338684
1757024057.057,latency_s,5.334811
1757024057.057,latency_s,5.331899
1757024057.057,latency_s,5.331513
1757024057.057,latency_s,5.331477
1757024057.058,latency_s,5.322760
1757024057.058,latency_s,5.306680
1757024057.058,latency_s,5.306508
1757024057.058,latency_s,5.306071
1757024057.058,latency_s,5.306489
1757024057.058,latency_s,5.302339
1757024057.155,latency_s,5.392737
1757024057.155,latency_s,5.391814
1757024057.155,latency_s,5.379641
1757024057.155,latency_s,5.376698
1757024057.155,latency_s,5.372653
1757024057.155,latency_s,5.361964
1757024057.155,latency_s,5.343190
1757024057.155,latency_s,5.337758
1757024057.155,latency_s,5.336388
1757024057.155,latency_s,5.331996
1757024057.155,latency_s,5.329085
1757024057.155,latency_s,5.328899
1757024057.155,latency_s,5.328473
1757024057.155,latency_s,5.319801
1757024057.155,latency_s,5.303553
1757024057.251,latency_s,5.395309
1757024057.251,latency_s,5.389074
1757024057.251,latency_s,5.386451
1757024057.251,latency_s,5.375309
1757024057.251,latency_s,5.372683
1757024057.251,latency_s,5.368508
1757024057.251,latency_s,5.358152
1757024057.251,latency_s,5.339403
1757024057.251,latency_s,5.333925
1757024057.251,latency_s,5.332127
1757024057.251,latency_s,5.328243
1757024057.252,latency_s,5.324925
1757024057.252,latency_s,5.322942
1757024057.252,latency_s,5.323339
1757024057.252,latency_s,5.315624
1757024057.252,latency_s,5.299436
1757024057.252,latency_s,5.299453
1757024057.347,latency_s,5.390249
1757024057.348,latency_s,5.385726
1757024057.348,latency_s,5.382354
1757024057.348,latency_s,5.372084
1757024057.348,latency_s,5.369488
1757024057.348,latency_s,5.364761
1757024057.348,latency_s,5.354446
1757024057.348,latency_s,5.335716
1757024057.348,latency_s,5.330734
1757024057.348,latency_s,5.328269
1757024057.349,latency_s,5.324605
1757024057.349,latency_s,5.321795
1757024057.349,latency_s,5.319200
1757024057.349,latency_s,5.319250
1757024057.349,latency_s,5.312275
1757024057.444,latency_s,5.390601
1757024057.444,latency_s,5.387202
1757024057.445,latency_s,5.381799
1757024057.538,latency_s,5.471680
1757024057.539,latency_s,5.462506
1757024057.539,latency_s,5.460464
1757024057.539,latency_s,5.454921
1757024057.540,latency_s,5.445358
1757024057.540,latency_s,5.427217
1757024057.540,latency_s,5.420810
1757024057.540,latency_s,5.419805
1757024057.540,latency_s,5.415463
1757024057.540,latency_s,5.412521
1757024057.540,latency_s,5.410255
1757024057.540,latency_s,5.408676
1757024057.540,latency_s,5.403112
1757024057.540,latency_s,5.386461
1757024057.540,latency_s,5.385864
1757024057.540,latency_s,5.386444
1757024057.540,latency_s,5.382651
1757024057.540,latency_s,5.376269
1757024057.541,latency_s,5.372327
1757024057.541,latency_s,5.363321
1757024057.541,latency_s,5.361416
1757024057.541,latency_s,5.355973
1757024057.541,latency_s,5.345754
1757024057.541,latency_s,5.327563
1757024057.541,latency_s,5.321129
1757024057.541,latency_s,5.319073
1757024057.541,latency_s,5.316298
1757024057.541,latency_s,5.313380
1757024057.541,latency_s,5.310945
1757024057.633,latency_s,5.395419
1757024057.633,latency_s,5.379332
1757024057.634,latency_s,5.379404
1757024057.636,latency_s,5.381842
1757024057.636,latency_s,5.381217
1757024057.636,latency_s,5.377731
1757024057.636,latency_s,5.371331
1757024057.636,latency_s,5.367337
1757024057.636,latency_s,5.358021
1757024057.636,latency_s,5.356093
1757024057.636,latency_s,5.349189
1757024057.636,latency_s,5.340812
1757024057.636,latency_s,5.322743
1757024057.637,latency_s,5.315874
1757024057.729,latency_s,5.403986
1757024057.729,latency_s,5.403520
1757024057.729,latency_s,5.400245
1757024057.729,latency_s,5.397652
1757024057.729,latency_s,5.396731
1757024057.729,latency_s,5.389982
1757024057.729,latency_s,5.374109
1757024057.732,latency_s,5.376602
1757024057.732,latency_s,5.376767
1757024057.732,latency_s,5.376801
1757024057.732,latency_s,5.373456
1757024057.732,latency_s,5.366961
1757024057.732,latency_s,5.360491
1757024057.732,latency_s,5.353877
1757024057.732,latency_s,5.351928
1757024057.732,latency_s,5.344349
1757024057.732,latency_s,5.336153
1757024057.732,latency_s,5.318434
1757024057.732,latency_s,5.311629
1757024057.732,latency_s,5.306845
1757024057.733,latency_s,5.307194
1757024057.828,latency_s,5.394181
1757024057.829,latency_s,5.388822
1757024057.829,latency_s,5.373680
1757024057.829,latency_s,5.373351
1757024057.829,latency_s,5.372235
1757024057.829,latency_s,5.372008
1757024057.829,latency_s,5.369663
1757024057.829,latency_s,5.363264
1757024057.829,latency_s,5.356420
1757024057.829,latency_s,5.350037
1757024057.829,latency_s,5.340687
1757024057.829,latency_s,5.332311
1757024057.829,latency_s,5.315091
1757024057.829,latency_s,5.308180
1757024057.829,latency_s,5.303653
1757024057.924,latency_s,5.397816
1757024057.924,latency_s,5.395555
1757024057.925,latency_s,5.391296
1757024057.925,latency_s,5.390510
1757024057.925,latency_s,5.384802
1757024057.925,latency_s,5.369720
1757024057.925,latency_s,5.368708
1757024057.925,latency_s,5.368283
1757024057.925,latency_s,5.368462
1757024057.925,latency_s,5.365382
1757024057.925,latency_s,5.358445
1757024057.926,latency_s,5.352073
1757024057.926,latency_s,5.345704
1757024057.926,latency_s,5.336140
1757024057.926,latency_s,5.328552
1757024057.926,latency_s,5.311322
1757024057.926,latency_s,5.304384
1757024058.021,latency_s,5.385603
1757024058.021,latency_s,5.365746
1757024058.022,latency_s,5.364053
1757024058.022,latency_s,5.364195
1757024058.022,latency_s,5.364096
1757024058.022,latency_s,5.361384
1757024058.022,latency_s,5.353924
1757024058.022,latency_s,5.346540
1757024058.022,latency_s,5.341657
1757024058.022,latency_s,5.540715
1757024058.022,latency_s,5.440020
1757024058.022,latency_s,5.339252
1757024058.022,latency_s,5.331470
1757024058.022,latency_s,5.324687
1757024058.022,latency_s,5.307292
1757024058.117,latency_s,5.381244
1757024058.118,latency_s,5.361514
1757024058.118,latency_s,5.360770
1757024058.118,latency_s,5.360818
1757024058.119,latency_s,5.360675
1757024058.119,latency_s,5.357502
1757024058.119,latency_s,5.350147
1757024058.119,latency_s,5.342347
1757024058.119,latency_s,5.338357
1757024058.119,latency_s,5.335953
1757024058.119,latency_s,5.327522
1757024058.119,latency_s,5.321212
1757024058.119,latency_s,5.303995
1757024058.119,latency_s,5.296620
1757024058.119,latency_s,5.291146
1757024058.119,latency_s,5.291188
1757024058.214,latency_s,5.383116
1757024058.215,latency_s,5.573404
1757024058.215,latency_s,5.472648
1757024058.215,latency_s,5.357720
1757024058.215,latency_s,5.356115
1757024058.215,latency_s,5.356423
1757024058.215,latency_s,5.356507
1757024058.215,latency_s,5.353723
1757024058.215,latency_s,5.346269
1757024058.216,latency_s,5.338517
1757024058.216,latency_s,5.335121
1757024058.216,latency_s,5.332218
1757024058.216,latency_s,5.323868
1757024058.216,latency_s,5.318026
1757024058.216,latency_s,5.300234
1757024058.216,latency_s,5.293394
1757024058.311,latency_s,5.373589
1757024058.311,latency_s,5.467459
1757024058.311,latency_s,5.371065
1757024058.312,latency_s,5.353993
1757024058.312,latency_s,5.352413
1757024058.312,latency_s,5.352842
1757024058.312,latency_s,5.352872
1757024058.312,latency_s,5.349506
1757024058.312,latency_s,5.341666
1757024058.312,latency_s,5.334833
1757024058.312,latency_s,5.331381
1757024058.312,latency_s,5.328525
1757024058.312,latency_s,5.317609
1757024058.312,latency_s,5.313665
1757024058.312,latency_s,5.296519
1757024058.312,latency_s,5.288928
1757024058.407,latency_s,5.375086
1757024058.407,latency_s,5.463112
1757024058.407,latency_s,5.367931
1757024058.407,latency_s,5.365858
1757024058.407,latency_s,5.349285
1757024058.407,latency_s,5.347175
1757024058.407,latency_s,5.346975
1757024058.407,latency_s,5.347136
1757024058.407,latency_s,5.344512
1757024058.408,latency_s,5.336770
1757024058.408,latency_s,5.329935
1757024058.408,latency_s,5.326098
1757024058.408,latency_s,5.323238
1757024058.408,latency_s,5.311888
1757024058.408,latency_s,5.308471
1757024058.408,latency_s,5.290984
1757024058.503,latency_s,5.373991
1757024058.503,latency_s,5.370744
1757024058.503,latency_s,5.363626
1757024058.503,latency_s,5.361722
1757024058.503,latency_s,5.345468
1757024058.504,latency_s,5.343008
1757024058.504,latency_s,5.342704
1757024058.504,latency_s,5.343066
1757024058.504,latency_s,5.340225
1757024058.504,latency_s,5.332711
1757024058.504,latency_s,5.324913
1757024058.504,latency_s,5.321499
1757024058.504,latency_s,5.319132
1757024058.504,latency_s,5.307375
1757024058.504,latency_s,5.304436
1757024058.504,latency_s,5.285342
1757024058.598,latency_s,5.369009
1757024058.598,latency_s,5.365193
1757024058.599,latency_s,5.356105
1757024058.599,latency_s,5.354229
1757024058.599,latency_s,5.340460
1757024058.599,latency_s,5.338147
1757024058.599,latency_s,5.338088
1757024058.599,latency_s,5.337700
1757024058.599,latency_s,5.335324
1757024058.599,latency_s,5.327908
1757024058.599,latency_s,5.319547
1757024058.599,latency_s,5.316635
1757024058.599,latency_s,5.314185
1757024058.599,latency_s,5.301795
1757024058.599,latency_s,5.298971
1757024058.599,latency_s,5.280149
1757024058.693,latency_s,5.363391
1757024058.693,latency_s,5.359776
1757024058.694,latency_s,5.349140
1757024058.694,latency_s,5.347808
1757024058.694,latency_s,5.335649
1757024058.694,latency_s,5.332704
1757024058.694,latency_s,5.332551
1757024058.694,latency_s,5.332785
1757024058.694,latency_s,5.329918
1757024058.694,latency_s,5.322524
1757024058.694,latency_s,5.314664
1757024058.694,latency_s,5.311156
1757024058.694,latency_s,5.309338
1757024058.694,latency_s,5.296512
1757024058.694,latency_s,5.293657
1757024058.695,latency_s,5.346272
1757024058.788,latency_s,5.358812
1757024058.789,latency_s,5.359001
1757024058.789,latency_s,5.355247
1757024058.789,latency_s,5.343993
1757024058.789,latency_s,5.342065
1757024058.789,latency_s,5.330765
1757024058.789,latency_s,5.327309
1757024058.790,latency_s,5.327742
1757024058.790,latency_s,5.327705
1757024058.790,latency_s,5.324361
1757024058.790,latency_s,5.317451
1757024058.790,latency_s,5.309075
1757024058.790,latency_s,5.306363
1757024058.790,latency_s,5.304435
1757024058.790,latency_s,5.292164
1757024058.790,latency_s,5.288802
1757024058.885,latency_s,5.357400
1757024058.885,latency_s,5.355144
1757024058.885,latency_s,5.353679
1757024058.885,latency_s,5.350263
1757024058.885,latency_s,5.336014
1757024058.885,latency_s,5.333996
1757024058.885,latency_s,5.326380
1757024058.885,latency_s,5.322703
1757024058.885,latency_s,5.322867
1757024058.885,latency_s,5.322721
1757024058.885,latency_s,5.319419
1757024058.885,latency_s,5.312582
1757024058.885,latency_s,5.304202
1757024058.885,latency_s,5.300703
1757024058.885,latency_s,5.298685
1757024058.885,latency_s,5.286417
1757024058.978,latency_s,5.429003
1757024058.978,latency_s,5.356569
1757024058.978,latency_s,5.350362
1757024058.979,latency_s,5.348504
1757024058.979,latency_s,5.346835
1757024058.979,latency_s,5.344137
1757024058.979,latency_s,5.329364
1757024058.979,latency_s,5.327428
1757024058.979,latency_s,5.320158
1757024058.979,latency_s,5.316258
1757024058.979,latency_s,5.316400
1757024058.979,latency_s,5.316354
1757024058.980,latency_s,5.314018
1757024058.980,latency_s,5.307212
1757024058.980,latency_s,5.298539
1757024058.980,latency_s,5.294444
1757024059.076,latency_s,5.389015
1757024059.076,latency_s,5.376382
1757024059.076,latency_s,5.373562
1757024059.076,latency_s,5.426281
1757024059.076,latency_s,5.353893
1757024059.076,latency_s,5.345557
1757024059.076,latency_s,5.345289
1757024059.076,latency_s,5.343690
1757024059.076,latency_s,5.340920
1757024059.076,latency_s,5.323921
1757024059.077,latency_s,5.322120
1757024059.077,latency_s,5.317368
1757024059.077,latency_s,5.312749
1757024059.077,latency_s,5.312686
1757024059.077,latency_s,5.312765
1757024059.077,latency_s,5.310442
1757024059.171,latency_s,5.384449
1757024059.171,latency_s,5.383513
1757024059.171,latency_s,5.418733
1757024059.171,latency_s,5.371368
1757024059.171,latency_s,5.368624
1757024059.171,latency_s,5.348365
1757024059.171,latency_s,5.340575
1757024059.171,latency_s,5.339512
1757024059.172,latency_s,5.337980
1757024059.172,latency_s,5.335267
1757024059.172,latency_s,5.318961
1757024059.172,latency_s,5.317069
1757024059.172,latency_s,5.312541
1757024059.172,latency_s,5.307458
1757024059.172,latency_s,5.307251
1757024059.172,latency_s,5.306727
1757024059.266,latency_s,5.383132
1757024059.266,latency_s,5.378846
1757024059.266,latency_s,5.378371
1757024059.266,latency_s,5.413272
1757024059.267,latency_s,5.365988
1757024059.267,latency_s,5.363192
1757024059.267,latency_s,5.343455
1757024059.267,latency_s,5.335498
1757024059.267,latency_s,5.333958
1757024059.267,latency_s,5.333619
1757024059.267,latency_s,5.330417
1757024059.267,latency_s,5.314207
1757024059.268,latency_s,5.312247
1757024059.268,latency_s,5.307880
1757024059.268,latency_s,5.302828
1757024059.268,latency_s,5.302697
1757024059.362,latency_s,5.387855
1757024059.362,latency_s,5.378568
1757024059.362,latency_s,5.374759
1757024059.362,latency_s,5.374288
1757024059.362,latency_s,5.408461
1757024059.362,latency_s,5.361020
1757024059.362,latency_s,5.358183
1757024059.362,latency_s,5.338411
1757024059.363,latency_s,5.331298
1757024059.363,latency_s,5.329452
1757024059.363,latency_s,5.328479
1757024059.363,latency_s,5.325534
1757024059.363,latency_s,5.308794
1757024059.363,latency_s,5.306816
1757024059.363,latency_s,5.302969
1757024059.363,latency_s,5.297568
1757024059.458,latency_s,5.390669
1757024059.458,latency_s,5.384012
1757024059.458,latency_s,5.374005
1757024059.458,latency_s,5.404229
1757024059.458,latency_s,5.370216
1757024059.458,latency_s,5.370167
1757024059.553,latency_s,5.451760
1757024059.553,latency_s,5.448467
1757024059.553,latency_s,5.428788
1757024059.553,latency_s,5.421981
1757024059.553,latency_s,5.419508
1757024059.553,latency_s,5.418424
1757024059.554,latency_s,5.415626
1757024059.554,latency_s,5.398757
1757024059.554,latency_s,5.396873
1757024059.554,latency_s,5.393128
1757024059.555,latency_s,5.387947
1757024059.555,latency_s,5.387214
1757024059.555,latency_s,5.381088
1757024059.555,latency_s,5.399871
1757024059.555,latency_s,5.371097
1757024059.555,latency_s,5.366668
1757024059.555,latency_s,5.366599
1757024059.556,latency_s,5.352958
1757024059.556,latency_s,5.350504
1757024059.556,latency_s,5.329803
1757024059.556,latency_s,5.324215
1757024059.556,latency_s,5.321685
1757024059.556,latency_s,5.319455
1757024059.556,latency_s,5.317284
1757024059.556,latency_s,5.299144
1757024059.556,latency_s,5.298818
1757024059.648,latency_s,5.381994
1757024059.649,latency_s,5.381002
1757024059.649,latency_s,5.380153
1757024059.649,latency_s,5.374007
1757024059.649,latency_s,5.392718
1757024059.649,latency_s,5.364067
1757024059.652,latency_s,5.362419
1757024059.652,latency_s,5.362515
1757024059.652,latency_s,5.349165
1757024059.652,latency_s,5.346418
1757024059.652,latency_s,5.325453
1757024059.652,latency_s,5.320298
1757024059.652,latency_s,5.317412
1757024059.653,latency_s,5.315573
1757024059.744,latency_s,5.405163
1757024059.744,latency_s,5.386613
1757024059.744,latency_s,5.386630
1757024059.744,latency_s,5.382287
1757024059.744,latency_s,5.376866
1757024059.744,latency_s,5.376607
1757024059.744,latency_s,5.376461
1757024059.744,latency_s,5.375730
1757024059.744,latency_s,5.387914
1757024059.744,latency_s,5.369146
1757024059.745,latency_s,5.358793
1757024059.747,latency_s,5.357489
1757024059.747,latency_s,5.357590
1757024059.747,latency_s,5.342792
1757024059.747,latency_s,5.341036
1757024059.747,latency_s,5.320112
1757024059.748,latency_s,5.315458
1757024059.748,latency_s,5.312129
1757024059.748,latency_s,5.310382
1757024059.748,latency_s,5.308546
1757024059.748,latency_s,5.289818
1757024059.748,latency_s,5.289860
1757024059.748,latency_s,5.285989
1757024059.748,latency_s,5.280528
1757024059.843,latency_s,5.374569
1757024059.843,latency_s,5.374431
1757024059.843,latency_s,5.374237
1757024059.843,latency_s,5.386547
1757024059.843,latency_s,5.367135
1757024059.843,latency_s,5.355812
1757024059.843,latency_s,5.352769
1757024059.843,latency_s,5.337718
1757024059.843,latency_s,5.336218
1757024059.843,latency_s,5.315506
1757024059.843,latency_s,5.311100
1757024059.844,latency_s,5.306779
1757024059.844,latency_s,5.305211
1757024059.844,latency_s,5.303363
1757024059.844,latency_s,5.284758
1757024059.883,latency_s,5.321455
1757024059.884,latency_s,5.321104
1757024059.884,latency_s,5.326150
1757024059.884,latency_s,5.315810
1757024059.938,latency_s,5.368374
1757024059.938,latency_s,5.368250
1757024059.938,latency_s,5.368545
1757024059.938,latency_s,5.361799
1757024059.938,latency_s,5.350423
1757024059.938,latency_s,5.346612
1757024059.938,latency_s,5.331814
1757024059.938,latency_s,5.330884
1757024059.938,latency_s,5.310329
1757024059.939,latency_s,5.305966
1757024059.939,latency_s,5.300444
1757024059.939,latency_s,5.299832
1757024059.939,latency_s,5.298271
1757024060.033,latency_s,5.370152
1757024060.033,latency_s,5.365202
1757024060.033,latency_s,5.363683
1757024060.033,latency_s,5.363362
1757024060.033,latency_s,5.363315
1757024060.034,latency_s,5.356553
1757024060.034,latency_s,5.345361
1757024060.034,latency_s,5.543422
1757024060.034,latency_s,5.442774
1757024060.034,latency_s,5.341330
1757024060.034,latency_s,5.326355
1757024060.034,latency_s,5.326355
1757024060.034,latency_s,5.305658
1757024060.034,latency_s,5.301305
1757024060.034,latency_s,5.295519
1757024060.034,latency_s,5.294888
1757024060.034,latency_s,5.293049
1757024060.128,latency_s,5.370255
1757024060.128,latency_s,5.367441
1757024060.129,latency_s,5.365847
1757024060.129,latency_s,5.365562
1757024060.129,latency_s,5.359486
1757024060.129,latency_s,5.358980
1757024060.129,latency_s,5.358416
1757024060.129,latency_s,5.358164
1757024060.129,latency_s,5.351290
1757024060.129,latency_s,5.436730
1757024060.129,latency_s,5.340030
1757024060.129,latency_s,5.333451
1757024060.130,latency_s,5.320708
1757024060.130,latency_s,5.300025
1757024060.130,latency_s,5.296155
1757024060.223,latency_s,5.361840
1757024060.224,latency_s,5.359962
1757024060.224,latency_s,5.359956
1757024060.224,latency_s,5.352610
1757024060.224,latency_s,5.352707
1757024060.224,latency_s,5.352540
1757024060.224,latency_s,5.351787
1757024060.224,latency_s,5.345955
1757024060.224,latency_s,5.430863
1757024060.224,latency_s,5.334495
1757024060.224,latency_s,5.327334
1757024060.224,latency_s,5.315032
1757024060.224,latency_s,5.294359
1757024060.224,latency_s,5.289993
1757024060.224,latency_s,5.281442
1757024060.224,latency_s,5.281470
1757024060.224,latency_s,5.281402
1757024060.319,latency_s,5.359868
1757024060.319,latency_s,5.356988
1757024060.319,latency_s,5.355070
1757024060.319,latency_s,5.354801
1757024060.319,latency_s,5.347656
1757024060.319,latency_s,5.347444
1757024060.319,latency_s,5.347738
1757024060.319,latency_s,5.346681
1757024060.319,latency_s,5.425375
1757024060.319,latency_s,5.341008
1757024060.319,latency_s,5.329092
1757024060.319,latency_s,5.321820
1757024060.320,latency_s,5.309848
1757024060.320,latency_s,5.511803
1757024060.320,latency_s,5.409489
1757024060.414,latency_s,5.379816
1757024060.414,latency_s,5.371366
1757024060.414,latency_s,5.370600
1757024060.414,latency_s,5.370536
1757024060.414,latency_s,5.354712
1757024060.414,latency_s,5.351947
1757024060.415,latency_s,5.350049
1757024060.415,latency_s,5.349075
1757024060.415,latency_s,5.342587
1757024060.415,latency_s,5.342238
1757024060.415,latency_s,5.342344
1757024060.415,latency_s,5.420147
1757024060.415,latency_s,5.341990
1757024060.510,latency_s,5.431514
1757024060.510,latency_s,5.419342
1757024060.510,latency_s,5.411815
1757024060.510,latency_s,5.399734
1757024060.510,latency_s,5.366683
1757024060.510,latency_s,5.365715
1757024060.510,latency_s,5.365640
1757024060.510,latency_s,5.349726
1757024060.510,latency_s,5.347000
1757024060.510,latency_s,5.345643
1757024060.510,latency_s,5.344118
1757024060.510,latency_s,5.414692
1757024060.510,latency_s,5.337655
1757024060.510,latency_s,5.337660
1757024060.511,latency_s,5.337610
1757024060.511,latency_s,5.337563
1757024060.511,latency_s,5.332077
1757024060.511,latency_s,5.318991
1757024060.511,latency_s,5.311393
1757024060.604,latency_s,5.360672
1757024060.606,latency_s,5.360906
1757024060.606,latency_s,5.360909
1757024060.606,latency_s,5.344666
1757024060.606,latency_s,5.410015
1757024060.606,latency_s,5.342360
1757024060.606,latency_s,5.341476
1757024060.606,latency_s,5.339534
1757024060.606,latency_s,5.332055
1757024060.607,latency_s,5.331783
1757024060.607,latency_s,5.331807
1757024060.607,latency_s,5.332081
1757024060.607,latency_s,5.327981
1757024060.607,latency_s,5.314028
1757024060.607,latency_s,5.306532
1757024060.607,latency_s,5.295310
1757024060.607,latency_s,5.295021
1757024060.607,latency_s,5.271716
1757024060.607,latency_s,5.270240
1757024060.607,latency_s,5.262455
1757024060.607,latency_s,5.261599
1757024060.607,latency_s,5.261415
1757024060.607,latency_s,5.310080
1757024060.701,latency_s,5.339504
1757024060.702,latency_s,5.336400
1757024060.702,latency_s,5.336068
1757024060.702,latency_s,5.333881
1757024060.702,latency_s,5.327024
1757024060.702,latency_s,5.326822
1757024060.702,latency_s,5.326689
1757024060.702,latency_s,5.326701
1757024060.702,latency_s,5.322809
1757024060.702,latency_s,5.308640
1757024060.703,latency_s,5.301795
1757024060.703,latency_s,5.290668
1757024060.703,latency_s,5.289680
1757024060.703,latency_s,5.266065
1757024060.703,latency_s,5.266119
1757024060.703,latency_s,5.257768
1757024060.703,latency_s,5.256787
1757024060.703,latency_s,5.256716
1757024060.703,latency_s,5.305746
1757024060.703,latency_s,5.240457
1757024060.703,latency_s,5.237270
1757024060.798,latency_s,5.331557
1757024060.798,latency_s,5.329075
1757024060.798,latency_s,5.322678
1757024060.798,latency_s,5.322716
1757024060.798,latency_s,5.322778
1757024060.798,latency_s,5.322513
1757024060.798,latency_s,5.318960
1757024060.798,latency_s,5.303170
1757024060.895,latency_s,5.392455
1757024060.895,latency_s,5.382492
1757024060.895,latency_s,5.382020
1757024060.895,latency_s,5.357909
1757024060.895,latency_s,5.357950
1757024060.895,latency_s,5.349560
1757024060.895,latency_s,5.348583
1757024060.895,latency_s,5.348516
1757024060.896,latency_s,5.397598
1757024060.896,latency_s,5.332507
1757024060.896,latency_s,5.329074
1757024060.896,latency_s,5.329101
1757024060.896,latency_s,5.325613
1757024060.896,latency_s,5.319710
1757024060.896,latency_s,5.319651
1757024060.896,latency_s,5.319669
1757024060.896,latency_s,5.319394
1757024060.896,latency_s,5.315914
1757024060.896,latency_s,5.300138
1757024060.896,latency_s,5.292469
1757024060.896,latency_s,5.282369
1757024060.896,latency_s,5.282310
1757024060.896,latency_s,5.258240
1757024060.896,latency_s,5.258218
1757024060.988,latency_s,5.389694
1757024060.988,latency_s,5.342403
1757024060.989,latency_s,5.340995
1757024060.989,latency_s,5.340866
1757024060.989,latency_s,5.325036
1757024060.989,latency_s,5.321944
1757024060.989,latency_s,5.321847
1757024060.990,latency_s,5.319578
1757024060.991,latency_s,5.314673
1757024060.991,latency_s,5.314557
1757024061.084,latency_s,5.408000
1757024061.085,latency_s,5.407806
1757024061.085,latency_s,5.403979
1757024061.085,latency_s,5.386752
1757024061.085,latency_s,5.380362
1757024061.085,latency_s,5.369983
1757024061.085,latency_s,5.369801
1757024061.085,latency_s,5.346439
1757024061.085,latency_s,5.385935
1757024061.085,latency_s,5.345952
1757024061.085,latency_s,5.338064
1757024061.085,latency_s,5.337122
1757024061.085,latency_s,5.336940
1757024061.085,latency_s,5.320466
1757024061.085,latency_s,5.317552
1757024061.085,latency_s,5.317365
1757024061.086,latency_s,5.314834
1757024061.086,latency_s,5.308782
1757024061.086,latency_s,5.308826
1757024061.086,latency_s,5.308724
1757024061.086,latency_s,5.308887
1757024061.086,latency_s,5.305169
1757024061.086,latency_s,5.287336
1757024061.086,latency_s,5.280046
1757024061.128,latency_s,5.312291
1757024061.128,latency_s,5.312197
1757024061.128,latency_s,5.328789
1757024061.128,latency_s,5.288843
1757024061.128,latency_s,5.288252
1757024061.128,latency_s,5.280599
1757024061.181,latency_s,5.333146
1757024061.182,latency_s,5.333313
1757024061.182,latency_s,5.316375
1757024061.182,latency_s,5.313602
1757024061.182,latency_s,5.313231
1757024061.182,latency_s,5.309269
1757024061.182,latency_s,5.304268
1757024061.224,latency_s,5.346368
1757024061.224,latency_s,5.346622
1757024061.224,latency_s,5.344961
1757024061.224,latency_s,5.342910
1757024061.224,latency_s,5.325192
1757024061.225,latency_s,5.317784
1757024061.225,latency_s,5.309111
1757024061.225,latency_s,5.309080
1757024061.225,latency_s,5.325393
1757024061.225,latency_s,5.285803
1757024061.225,latency_s,5.285193
1757024061.277,latency_s,5.328332
1757024061.277,latency_s,5.328002
1757024061.277,latency_s,5.328363
1757024061.277,latency_s,5.311619
1757024061.277,latency_s,5.308302
1757024061.277,latency_s,5.308300
1757024061.277,latency_s,5.303734
1757024061.278,latency_s,5.299515
1757024061.278,latency_s,5.299737
1757024061.278,latency_s,5.299021
1757024061.278,latency_s,5.297974
1757024061.278,latency_s,5.295446
1757024061.278,latency_s,5.277394
1757024061.278,latency_s,5.269814
1757024061.372,latency_s,5.355197
1757024061.372,latency_s,5.355216
1757024061.372,latency_s,5.372277
1757024061.373,latency_s,5.332761
1757024061.373,latency_s,5.330324
1757024061.373,latency_s,5.323503
1757024061.373,latency_s,5.323550
1757024061.373,latency_s,5.323513
1757024061.373,latency_s,5.305821
1757024061.373,latency_s,5.302905
1757024061.373,latency_s,5.302925
1757024061.373,latency_s,5.298349
1757024061.373,latency_s,5.294650
1757024061.373,latency_s,5.294600
1757024061.373,latency_s,5.294286
1757024061.373,latency_s,5.293399
1757024061.373,latency_s,5.289347
1757024061.373,latency_s,5.272707
1757024061.467,latency_s,5.357521
1757024061.467,latency_s,5.349918
1757024061.468,latency_s,5.350044
1757024061.468,latency_s,5.367445
1757024061.468,latency_s,5.327133
1757024061.468,latency_s,5.323531
1757024061.468,latency_s,5.317809
1757024061.468,latency_s,5.317863
1757024061.468,latency_s,5.315958
1757024061.468,latency_s,5.300090
1757024061.468,latency_s,5.296694
1757024061.468,latency_s,5.296738
1757024061.468,latency_s,5.292903
1757024061.468,latency_s,5.288885
1757024061.563,latency_s,5.383443
1757024061.563,latency_s,5.383122
1757024061.563,latency_s,5.382734
1757024061.563,latency_s,5.378870
1757024061.563,latency_s,5.362092
1757024061.563,latency_s,5.352790
1757024061.563,latency_s,5.362191
1757024061.563,latency_s,5.344407
1757024061.563,latency_s,5.344333
1757024061.563,latency_s,5.321915
1757024061.563,latency_s,5.317544
1757024061.563,latency_s,5.312513
1757024061.563,latency_s,5.312461
1757024061.563,latency_s,5.311186
1757024061.563,latency_s,5.293852
1757024061.563,latency_s,5.291923
1757024061.657,latency_s,5.385610
1757024061.657,latency_s,5.381503
1757024061.658,latency_s,5.377997
1757024061.658,latency_s,5.377967
1757024061.658,latency_s,5.377421
1757024061.658,latency_s,5.376986
1757024061.658,latency_s,5.373521
1757024061.658,latency_s,5.356891
1757024061.658,latency_s,5.357323
1757024061.658,latency_s,5.345930
1757024061.659,latency_s,5.339482
1757024061.659,latency_s,5.339474
1757024061.659,latency_s,5.316497
1757024061.659,latency_s,5.311575
1757024061.659,latency_s,5.307676
1757024061.659,latency_s,5.307215
1757024061.752,latency_s,5.380260
1757024061.752,latency_s,5.380505
1757024061.752,latency_s,5.376218
1757024061.752,latency_s,5.372426
1757024061.753,latency_s,5.372378
1757024061.753,latency_s,5.371505
1757024061.753,latency_s,5.370936
1757024061.753,latency_s,5.367160
1757024061.753,latency_s,5.351166
1757024061.753,latency_s,5.348502
1757024061.753,latency_s,5.338414
1757024061.753,latency_s,5.333547
1757024061.753,latency_s,5.310865
1757024061.753,latency_s,5.305110
1757024061.753,latency_s,5.301592
1757024061.754,latency_s,5.301881
1757024061.847,latency_s,5.376127
1757024061.847,latency_s,5.375176
1757024061.847,latency_s,5.374959
1757024061.847,latency_s,5.367470
1757024061.848,latency_s,5.367522
1757024061.848,latency_s,5.367507
1757024061.848,latency_s,5.366638
1757024061.848,latency_s,5.366185
1757024061.848,latency_s,5.362435
1757024061.848,latency_s,5.345676
1757024061.848,latency_s,5.342774
1757024061.848,latency_s,5.333418
1757024061.848,latency_s,5.328414
1757024061.848,latency_s,5.305349
1757024061.848,latency_s,5.298462
1757024061.848,latency_s,5.295801
1757024061.942,latency_s,5.361650
1757024061.942,latency_s,5.361496
1757024061.943,latency_s,5.361389
1757024061.943,latency_s,5.361108
1757024061.943,latency_s,5.360294
1757024061.943,latency_s,5.356423
1757024061.943,latency_s,5.340200
1757024061.943,latency_s,5.336703
1757024061.943,latency_s,5.327345
1757024061.943,latency_s,5.523449
1757024061.943,latency_s,5.423301
1757024061.943,latency_s,5.322565
1757024061.943,latency_s,5.321041
1757024061.943,latency_s,5.299421
1757024061.943,latency_s,5.292522
1757024061.943,latency_s,5.290111
1757024062.037,latency_s,5.364139
1757024062.037,latency_s,5.364496
1757024062.038,latency_s,5.365343
1757024062.038,latency_s,5.356577
1757024062.038,latency_s,5.356471
1757024062.038,latency_s,5.356421
1757024062.038,latency_s,5.356385
1757024062.038,latency_s,5.355761
1757024062.038,latency_s,5.351301
1757024062.039,latency_s,5.334987
1757024062.039,latency_s,5.331400
1757024062.039,latency_s,5.322281
1757024062.039,latency_s,5.317403
1757024062.039,latency_s,5.316339
1757024062.039,latency_s,5.294805
1757024062.039,latency_s,5.287542
1757024062.132,latency_s,5.378201
1757024062.133,latency_s,5.377090
1757024062.133,latency_s,5.359028
1757024062.133,latency_s,5.358919
1757024062.133,latency_s,5.358972
1757024062.133,latency_s,5.350319
1757024062.133,latency_s,5.350400
1757024062.133,latency_s,5.350637
1757024062.133,latency_s,5.350367
1757024062.133,latency_s,5.350493
1757024062.133,latency_s,5.345173
1757024062.133,latency_s,5.329767
1757024062.134,latency_s,5.322682
1757024062.134,latency_s,5.317026
1757024062.134,latency_s,5.311593
1757024062.134,latency_s,5.308604
1757024062.228,latency_s,5.372106
1757024062.228,latency_s,5.372267
1757024062.228,latency_s,5.354223
1757024062.228,latency_s,5.354344
1757024062.229,latency_s,5.353965
1757024062.229,latency_s,5.345851
1757024062.229,latency_s,5.345883
1757024062.229,latency_s,5.345702
1757024062.229,latency_s,5.345469
1757024062.229,latency_s,5.345064
1757024062.229,latency_s,5.340159
1757024062.229,latency_s,5.324809
1757024062.229,latency_s,5.317760
1757024062.229,latency_s,5.311301
1757024062.229,latency_s,5.306119
1757024062.229,latency_s,5.303238
1757024062.323,latency_s,5.367248
1757024062.324,latency_s,5.367121
1757024062.324,latency_s,5.367152
1757024062.324,latency_s,5.349433
1757024062.324,latency_s,5.349211
1757024062.324,latency_s,5.349417
1757024062.324,latency_s,5.340711
1757024062.324,latency_s,5.340624
1757024062.324,latency_s,5.340776
1757024062.324,latency_s,5.340394
1757024062.324,latency_s,5.340310
1757024062.324,latency_s,5.334471
1757024062.324,latency_s,5.320234
1757024062.324,latency_s,5.312820
1757024062.418,latency_s,5.399280
1757024062.419,latency_s,5.395694
1757024062.419,latency_s,5.366360
1757024062.419,latency_s,5.363434
1757024062.419,latency_s,5.361808
1757024062.420,latency_s,5.361866
1757024062.420,latency_s,5.344314
1757024062.420,latency_s,5.343991
1757024062.420,latency_s,5.344162
1757024062.420,latency_s,5.335521
1757024062.420,latency_s,5.335551
1757024062.420,latency_s,5.335439
1757024062.420,latency_s,5.335287
1757024062.420,latency_s,5.335543
1757024062.420,latency_s,5.328162
1757024062.420,latency_s,5.314978
1757024062.420,latency_s,5.307390
1757024062.420,latency_s,5.300192
1757024062.513,latency_s,5.366022
1757024062.513,latency_s,5.359720
1757024062.514,latency_s,5.356806
1757024062.514,latency_s,5.355722
1757024062.514,latency_s,5.355516
1757024062.514,latency_s,5.338108
1757024062.514,latency_s,5.337962
1757024062.514,latency_s,5.338058
1757024062.514,latency_s,5.329439
1757024062.515,latency_s,5.328748
1757024062.515,latency_s,5.328910
1757024062.515,latency_s,5.328963
1757024062.515,latency_s,5.328875
1757024062.515,latency_s,5.322233
1757024062.608,latency_s,5.353823
1757024062.609,latency_s,5.351700
1757024062.609,latency_s,5.350148
1757024062.609,latency_s,5.349949
1757024062.609,latency_s,5.333075
1757024062.609,latency_s,5.332871
1757024062.609,latency_s,5.332831
1757024062.609,latency_s,5.323364
1757024062.609,latency_s,5.323500
1757024062.609,latency_s,5.323167
1757024062.609,latency_s,5.323072
1757024062.609,latency_s,5.323132
1757024062.609,latency_s,5.315881
1757024062.609,latency_s,5.302958
1757024062.610,latency_s,5.288707
1757024062.610,latency_s,5.284765
1757024062.610,latency_s,5.281417
1757024062.610,latency_s,5.261319
1757024062.704,latency_s,5.347857
1757024062.704,latency_s,5.345537
1757024062.704,latency_s,5.344525
1757024062.704,latency_s,5.344423
1757024062.704,latency_s,5.328182
1757024062.704,latency_s,5.327309
1757024062.704,latency_s,5.327250
1757024062.705,latency_s,5.318563
1757024062.705,latency_s,5.318547
1757024062.705,latency_s,5.318251
1757024062.705,latency_s,5.318233
1757024062.705,latency_s,5.317830
1757024062.705,latency_s,5.310535
1757024062.705,latency_s,5.298281
1757024062.798,latency_s,5.369601
1757024062.798,latency_s,5.349157
1757024062.798,latency_s,5.341759
1757024062.799,latency_s,5.340080
1757024062.799,latency_s,5.339020
1757024062.799,latency_s,5.338804
1757024062.799,latency_s,5.322366
1757024062.799,latency_s,5.321576
1757024062.799,latency_s,5.321553
1757024062.799,latency_s,5.312201
1757024062.799,latency_s,5.312326
1757024062.799,latency_s,5.312121
1757024062.799,latency_s,5.312262
1757024062.799,latency_s,5.311649
1757024062.799,latency_s,5.303124
1757024062.799,latency_s,5.292483
1757024062.799,latency_s,5.484055
1757024062.799,latency_s,5.382888
1757024062.893,latency_s,5.367074
1757024062.894,latency_s,5.365986
1757024062.894,latency_s,5.364639
1757024062.894,latency_s,5.344038
1757024062.894,latency_s,5.335536
1757024062.894,latency_s,5.335239
1757024062.894,latency_s,5.333777
1757024062.894,latency_s,5.333627
1757024062.894,latency_s,5.317647
1757024062.894,latency_s,5.316051
1757024062.894,latency_s,5.315977
1757024062.894,latency_s,5.306793
1757024062.894,latency_s,5.306715
1757024062.894,latency_s,5.305423
1757024062.989,latency_s,5.470599
1757024062.989,latency_s,5.362892
1757024062.990,latency_s,5.360482
1757024062.990,latency_s,5.359992
1757024062.990,latency_s,5.338909
1757024062.990,latency_s,5.330553
1757024062.990,latency_s,5.330059
1757024062.990,latency_s,5.328599
1757024062.990,latency_s,5.328664
1757024062.990,latency_s,5.313099
1757024062.990,latency_s,5.311443
1757024062.990,latency_s,5.311397
1757024062.990,latency_s,5.302071
1757024062.990,latency_s,5.302229
1757024062.990,latency_s,5.299822
1757024062.990,latency_s,5.299751
1757024062.990,latency_s,5.299687
1757024063.085,latency_s,5.387472
1757024063.085,latency_s,5.377380
1757024063.085,latency_s,5.466325
1757024063.085,latency_s,5.357741
1757024063.085,latency_s,5.355521
1757024063.085,latency_s,5.355075
1757024063.085,latency_s,5.334145
1757024063.085,latency_s,5.325881
1757024063.085,latency_s,5.324932
1757024063.085,latency_s,5.323853
1757024063.085,latency_s,5.323866
1757024063.085,latency_s,5.308145
1757024063.085,latency_s,5.306630
1757024063.085,latency_s,5.306421
1757024063.085,latency_s,5.296933
1757024063.181,latency_s,5.390111
1757024063.181,latency_s,5.390130
1757024063.181,latency_s,5.382941
1757024063.181,latency_s,5.459750
1757024063.181,latency_s,5.373380
1757024063.181,latency_s,5.353589
1757024063.181,latency_s,5.350272
1757024063.181,latency_s,5.328632
1757024063.181,latency_s,5.320285
1757024063.181,latency_s,5.320395
1757024063.181,latency_s,5.319880
1757024063.182,latency_s,5.319903
1757024063.182,latency_s,5.303730
1757024063.182,latency_s,5.302644
1757024063.182,latency_s,5.301738
1757024063.182,latency_s,5.292381
1757024063.182,latency_s,5.292523
1757024063.277,latency_s,5.385775
1757024063.277,latency_s,5.386015
1757024063.277,latency_s,5.378681
1757024063.277,latency_s,5.454761
1757024063.277,latency_s,5.369376
1757024063.277,latency_s,5.348695
1757024063.277,latency_s,5.345815
1757024063.278,latency_s,5.324298
1757024063.278,latency_s,5.315947
1757024063.278,latency_s,5.315453
1757024063.278,latency_s,5.315682
1757024063.278,latency_s,5.315007
1757024063.278,latency_s,5.299812
1757024063.278,latency_s,5.298763
1757024063.278,latency_s,5.297346
1757024063.373,latency_s,5.379582
1757024063.373,latency_s,5.449431
1757024063.373,latency_s,5.373922
1757024063.373,latency_s,5.364747
1757024063.373,latency_s,5.543051
1757024063.373,latency_s,5.442410
1757024063.373,latency_s,5.344100
1757024063.373,latency_s,5.340624
1757024063.373,latency_s,5.319703
1757024063.373,latency_s,5.311306
1757024063.373,latency_s,5.309662
1757024063.373,latency_s,5.309736
1757024063.373,latency_s,5.309729
1757024063.373,latency_s,5.294593
1757024063.373,latency_s,5.293346
1757024063.373,latency_s,5.291635
1757024063.374,latency_s,5.348754
1757024063.468,latency_s,5.376295
1757024063.468,latency_s,5.375421
1757024063.468,latency_s,5.375398
1757024063.469,latency_s,5.369012
1757024063.469,latency_s,5.359750
1757024063.469,latency_s,5.437733
1757024063.469,latency_s,5.339086
1757024063.469,latency_s,5.335237
1757024063.469,latency_s,5.314565
1757024063.469,latency_s,5.306184
1757024063.469,latency_s,5.304267
1757024063.469,latency_s,5.304292
1757024063.592,latency_s,5.427333
1757024063.592,latency_s,5.413154
1757024063.592,latency_s,5.411863
1757024063.592,latency_s,5.400394
1757024063.592,latency_s,5.399438
1757024063.592,latency_s,5.398507
1757024063.592,latency_s,5.398529
1757024063.592,latency_s,5.391988
1757024063.592,latency_s,5.383286
1757024063.592,latency_s,5.461145
1757024063.592,latency_s,5.362142
1757024063.592,latency_s,5.358244
1757024063.592,latency_s,5.337562
1757024063.592,latency_s,5.329740
1757024063.592,latency_s,5.326205
1757024063.592,latency_s,5.326268
1757024063.593,latency_s,5.326270
1757024063.593,latency_s,5.366791
1757024063.593,latency_s,5.313556
1757024063.593,latency_s,5.311816
1757024063.658,latency_s,5.376305
1757024063.659,latency_s,5.367355
1757024063.660,latency_s,5.368491
1757024063.660,latency_s,5.367099
1757024063.660,latency_s,5.366729
1757024063.661,latency_s,5.366734
1757024063.661,latency_s,5.360041
1757024063.661,latency_s,5.351006
1757024063.661,latency_s,5.429210
1757024063.661,latency_s,5.330000
1757024063.661,latency_s,5.325956
1757024063.661,latency_s,5.305229
1757024063.688,latency_s,5.324058
1757024063.688,latency_s,5.321304
1757024063.688,latency_s,5.321520
1757024063.688,latency_s,5.321109
1757024063.688,latency_s,5.362005
1757024063.688,latency_s,5.309261
1757024063.689,latency_s,5.307233
1757024063.689,latency_s,5.305302
1757024063.689,latency_s,5.296056
1757024063.689,latency_s,5.296210
1757024063.755,latency_s,5.361192
1757024063.755,latency_s,5.360790
1757024063.755,latency_s,5.361033
1757024063.755,latency_s,5.353052
1757024063.755,latency_s,5.422227
1757024063.755,latency_s,5.344818
1757024063.755,latency_s,5.324090
1757024063.755,latency_s,5.320211
1757024063.783,latency_s,5.327332
1757024063.783,latency_s,5.319133
1757024063.783,latency_s,5.356258
1757024063.784,latency_s,5.314231
1757024063.784,latency_s,5.314150
1757024063.784,latency_s,5.314353
1757024063.784,latency_s,5.304009
1757024063.784,latency_s,5.302083
1757024063.784,latency_s,5.299180
1757024063.784,latency_s,5.290680
1757024063.784,latency_s,5.290239
1757024063.784,latency_s,5.290861
1757024063.784,latency_s,5.290015
1757024063.784,latency_s,5.289562
1757024063.879,latency_s,5.376053
1757024063.879,latency_s,5.445175
1757024063.879,latency_s,5.368281
1757024063.881,latency_s,5.349499
1757024063.881,latency_s,5.345693
1757024063.881,latency_s,5.325064
1757024063.881,latency_s,5.316697
1757024063.881,latency_s,5.353974
1757024063.882,latency_s,5.310285
1757024063.882,latency_s,5.309843
1757024063.882,latency_s,5.309936
1757024063.882,latency_s,5.301581
1757024063.882,latency_s,5.299081
1757024063.882,latency_s,5.296147
1757024063.882,latency_s,5.287464
1757024063.882,latency_s,5.287617
1757024063.882,latency_s,5.286895
1757024063.882,latency_s,5.287472
1757024063.975,latency_s,5.380275
1757024063.975,latency_s,5.440268
1757024063.975,latency_s,5.371780
1757024063.975,latency_s,5.363924
1757024063.975,latency_s,5.341639
1757024063.975,latency_s,5.338881
1757024063.975,latency_s,5.318176
1757024063.975,latency_s,5.345678
1757024063.975,latency_s,5.309875
1757024063.975,latency_s,5.303738
1757024063.975,latency_s,5.303370
1757024063.975,latency_s,5.303274
1757024063.975,latency_s,5.294924
1757024063.975,latency_s,5.292746
1757024064.071,latency_s,5.375292
1757024064.071,latency_s,5.374558
1757024064.071,latency_s,5.374434
1757024064.071,latency_s,5.374164
1757024064.166,latency_s,5.461918
1757024064.167,latency_s,5.454670
1757024064.167,latency_s,5.432068
1757024064.167,latency_s,5.429611
1757024064.167,latency_s,5.436022
1757024064.167,latency_s,5.407999
1757024064.167,latency_s,5.401144
1757024064.167,latency_s,5.394680
1757024064.167,latency_s,5.394634
1757024064.167,latency_s,5.394310
1757024064.167,latency_s,5.386282
1757024064.167,latency_s,5.383462
1757024064.167,latency_s,5.379574
1757024064.167,latency_s,5.428981
1757024064.167,latency_s,5.371256
1757024064.167,latency_s,5.370769
1757024064.167,latency_s,5.370270
1757024064.167,latency_s,5.369847
1757024064.167,latency_s,5.361895
1757024064.168,latency_s,5.355792
1757024064.168,latency_s,5.332793
1757024064.169,latency_s,5.330254
1757024064.169,latency_s,5.333013
1757024064.169,latency_s,5.308549
1757024064.169,latency_s,5.302191
1757024064.169,latency_s,5.295787
1757024064.169,latency_s,5.295680
1757024064.169,latency_s,5.295573
1757024064.260,latency_s,5.372298
1757024064.261,latency_s,5.364046
1757024064.261,latency_s,5.363028
1757024064.261,latency_s,5.363286
1757024064.263,latency_s,5.364351
1757024064.263,latency_s,5.356117
1757024064.263,latency_s,5.349714
1757024064.263,latency_s,5.326967
1757024064.263,latency_s,5.324163
1757024064.263,latency_s,5.327305
1757024064.304,latency_s,5.343728
1757024064.305,latency_s,5.337420
1757024064.305,latency_s,5.331574
1757024064.305,latency_s,5.331126
1757024064.305,latency_s,5.331115
1757024064.305,latency_s,5.365594
1757024064.305,latency_s,5.323238
1757024064.305,latency_s,5.320917
1757024064.305,latency_s,5.315706
1757024064.305,latency_s,5.507792
1757024064.356,latency_s,5.359369
1757024064.356,latency_s,5.458631
1757024064.358,latency_s,5.359737
1757024064.359,latency_s,5.359616
1757024064.359,latency_s,5.359425
1757024064.359,latency_s,5.349707
1757024064.359,latency_s,5.345061
1757024064.359,latency_s,5.320731
1757024064.359,latency_s,5.319596
1757024064.359,latency_s,5.320927
1757024064.359,latency_s,5.297388
1757024064.359,latency_s,5.291501
1757024064.359,latency_s,5.318919
1757024064.359,latency_s,5.285729
1757024064.359,latency_s,5.285119
1757024064.441,latency_s,5.367410
1757024064.453,latency_s,5.371246
1757024064.453,latency_s,5.369324
1757024064.454,latency_s,5.363931
1757024064.454,latency_s,5.454964
1757024064.454,latency_s,5.356961
1757024064.454,latency_s,5.352697
1757024064.454,latency_s,5.352579
1757024064.454,latency_s,5.352768
1757024064.454,latency_s,5.343349
1757024064.454,latency_s,5.339571
1757024064.454,latency_s,5.315071
1757024064.549,latency_s,5.409379
1757024064.549,latency_s,5.409441
1757024064.549,latency_s,5.386376
1757024064.549,latency_s,5.407166
1757024064.549,latency_s,5.381665
1757024064.549,latency_s,5.375828
1757024064.549,latency_s,5.374694
1757024064.549,latency_s,5.367604
1757024064.550,latency_s,5.364846
1757024064.550,latency_s,5.448346
1757024064.550,latency_s,5.359641
1757024064.550,latency_s,5.352322
1757024064.550,latency_s,5.347425
1757024064.550,latency_s,5.347464
1757024064.550,latency_s,5.347415
1757024064.550,latency_s,5.338884
1757024064.550,latency_s,5.335140
1757024064.550,latency_s,5.310076
1757024064.550,latency_s,5.310003
1757024064.550,latency_s,5.310309
1757024064.550,latency_s,5.307522
1757024064.644,latency_s,5.369298
1757024064.644,latency_s,5.369167
1757024064.645,latency_s,5.362279
1757024064.645,latency_s,5.442245
1757024064.645,latency_s,5.359519
1757024064.645,latency_s,5.354356
1757024064.645,latency_s,5.347069
1757024064.645,latency_s,5.341250
1757024064.645,latency_s,5.341667
1757024064.645,latency_s,5.341425
1757024064.645,latency_s,5.333461
1757024064.645,latency_s,5.330154
1757024064.645,latency_s,5.304999
1757024064.741,latency_s,5.400515
1757024064.741,latency_s,5.397516
1757024064.741,latency_s,5.397816
1757024064.741,latency_s,5.378121
1757024064.741,latency_s,5.373215
1757024064.741,latency_s,5.366870
1757024064.741,latency_s,5.365866
1757024064.741,latency_s,5.365728
1757024064.742,latency_s,5.437958
1757024064.742,latency_s,5.358635
1757024064.742,latency_s,5.355900
1757024064.742,latency_s,5.351210
1757024064.742,latency_s,5.343695
1757024064.742,latency_s,5.338246
1757024064.742,latency_s,5.337209
1757024064.742,latency_s,5.337268
1757024064.742,latency_s,5.329982
1757024064.742,latency_s,5.326663
1757024064.742,latency_s,5.301388
1757024064.742,latency_s,5.301345
1757024064.742,latency_s,5.297914
1757024064.742,latency_s,5.297858
1757024064.742,latency_s,5.278552
1757024064.742,latency_s,5.273671
1757024064.743,latency_s,5.267284
1757024064.743,latency_s,5.337853
1757024064.779,latency_s,5.302551
1757024064.779,latency_s,5.302824
1757024064.779,latency_s,5.294111
1757024064.836,latency_s,5.349865
1757024064.836,latency_s,5.345292
1757024064.836,latency_s,5.337278
1757024064.838,latency_s,5.333385
1757024064.838,latency_s,5.332479
1757024064.838,latency_s,5.331837
1757024064.838,latency_s,5.325704
1757024064.838,latency_s,5.322238
1757024064.838,latency_s,5.296676
1757024064.838,latency_s,5.296358
1757024064.838,latency_s,5.293071
1757024064.838,latency_s,5.293366
1757024064.931,latency_s,5.366380
1757024064.931,latency_s,5.361260
1757024064.931,latency_s,5.425069
1757024064.931,latency_s,5.353923
1757024064.931,latency_s,5.353725
1757024064.931,latency_s,5.353718
1757024064.931,latency_s,5.346048
1757024064.931,latency_s,5.344776
1757024064.931,latency_s,5.339752
1757024064.933,latency_s,5.334198
1757024064.933,latency_s,5.328848
1757024064.934,latency_s,5.327839
1757024064.934,latency_s,5.327200
1757024064.934,latency_s,5.318069
1757024064.934,latency_s,5.317743
1757024064.934,latency_s,5.292296
1757024064.934,latency_s,5.291703
1757024064.934,latency_s,5.288757
1757024064.934,latency_s,5.288280
1757024064.934,latency_s,5.269149
1757024064.934,latency_s,5.327947
1757024064.934,latency_s,5.263752
1757024064.934,latency_s,5.256891
1757024065.029,latency_s,5.351041
1757024065.029,latency_s,5.351485
1757024065.029,latency_s,5.343440
1757024065.029,latency_s,5.342700
1757024065.029,latency_s,5.337241
1757024065.029,latency_s,5.329408
1757024065.029,latency_s,5.324010
1757024065.029,latency_s,5.323008
1757024065.029,latency_s,5.322744
1757024065.029,latency_s,5.312714
1757024065.029,latency_s,5.312508
1757024065.029,latency_s,5.287841
1757024065.030,latency_s,5.286657
1757024065.030,latency_s,5.283810
1757024065.124,latency_s,5.377452
1757024065.124,latency_s,5.417702
1757024065.124,latency_s,5.358654
1757024065.124,latency_s,5.354085
1757024065.125,latency_s,5.346524
1757024065.125,latency_s,5.346612
1757024065.125,latency_s,5.346545
1757024065.125,latency_s,5.338372
1757024065.125,latency_s,5.338044
1757024065.125,latency_s,5.331562
1757024065.125,latency_s,5.324191
1757024065.125,latency_s,5.319304
1757024065.125,latency_s,5.318195
1757024065.125,latency_s,5.318033
1757024065.125,latency_s,5.307549
1757024065.125,latency_s,5.307548
1757024065.125,latency_s,5.282937
1757024065.125,latency_s,5.281476
1757024065.220,latency_s,5.373122
1757024065.220,latency_s,5.372912
1757024065.220,latency_s,5.413087
1757024065.220,latency_s,5.354195
1757024065.220,latency_s,5.348765
1757024065.220,latency_s,5.339831
1757024065.220,latency_s,5.336935
1757024065.220,latency_s,5.333412
1757024065.220,latency_s,5.333187
1757024065.220,latency_s,5.326179
1757024065.220,latency_s,5.318789
1757024065.220,latency_s,5.314543
1757024065.220,latency_s,5.313416
1757024065.220,latency_s,5.313139
1757024065.315,latency_s,5.368432
1757024065.315,latency_s,5.367484
1757024065.315,latency_s,5.407659
1757024065.316,latency_s,5.349155
1757024065.316,latency_s,5.343756
1757024065.316,latency_s,5.334091
1757024065.316,latency_s,5.332299
1757024065.316,latency_s,5.328597
1757024065.316,latency_s,5.328605
1757024065.316,latency_s,5.321235
1757024065.316,latency_s,5.313840
1757024065.316,latency_s,5.309927
1757024065.316,latency_s,5.308999
1757024065.316,latency_s,5.308639
1757024065.316,latency_s,5.297705
1757024065.409,latency_s,5.391033
1757024065.410,latency_s,5.365989
1757024065.410,latency_s,5.363978
1757024065.410,latency_s,5.362861
1757024065.410,latency_s,5.402470
1757024065.411,latency_s,5.361646
1757024065.411,latency_s,5.343903
1757024065.411,latency_s,5.338468
1757024065.411,latency_s,5.527613
1757024065.411,latency_s,5.427093
1757024065.411,latency_s,5.328146
1757024065.411,latency_s,5.327020
1757024065.411,latency_s,5.322763
1757024065.411,latency_s,5.322214
1757024065.411,latency_s,5.315386
1757024065.411,latency_s,5.308623
1757024065.411,latency_s,5.303519
1757024065.505,latency_s,5.386655
1757024065.506,latency_s,5.361699
1757024065.506,latency_s,5.396324
1757024065.506,latency_s,5.359741
1757024065.506,latency_s,5.356368
1757024065.506,latency_s,5.337626
1757024065.506,latency_s,5.421745
1757024065.506,latency_s,5.332782
1757024065.506,latency_s,5.322384
1757024065.506,latency_s,5.321830
1757024065.506,latency_s,5.317013
1757024065.506,latency_s,5.315953
1757024065.506,latency_s,5.310178
1757024065.506,latency_s,5.303561
1757024065.506,latency_s,5.298587
1757024065.600,latency_s,5.389492
1757024065.601,latency_s,5.356003
1757024065.601,latency_s,5.354193
1757024065.601,latency_s,5.349928
1757024065.601,latency_s,5.416807
1757024065.601,latency_s,5.332827
1757024065.601,latency_s,5.327408
1757024065.601,latency_s,5.316894
1757024065.601,latency_s,5.317036
1757024065.601,latency_s,5.312177
1757024065.601,latency_s,5.308761
1757024065.601,latency_s,5.304752
1757024065.601,latency_s,5.297958
1757024065.601,latency_s,5.293640
1757024065.602,latency_s,5.292902
1757024065.641,latency_s,5.333041
1757024065.642,latency_s,5.321327
1757024065.695,latency_s,5.371701
1757024065.695,latency_s,5.384728
1757024065.696,latency_s,5.351278
1757024065.696,latency_s,5.348843
1757024065.696,latency_s,5.548562
1757024065.696,latency_s,5.448466
1757024065.696,latency_s,5.343748
1757024065.696,latency_s,5.410751
1757024065.696,latency_s,5.327806
1757024065.696,latency_s,5.322497
1757024065.696,latency_s,5.311931
1757024065.696,latency_s,5.311332
1757024065.696,latency_s,5.307202
1757024065.697,latency_s,5.303758
1757024065.697,latency_s,5.299206
1757024065.791,latency_s,5.381429
1757024065.791,latency_s,5.381654
1757024065.791,latency_s,5.370374
1757024065.791,latency_s,5.367343
1757024065.792,latency_s,5.379975
1757024065.792,latency_s,5.443344
1757024065.792,latency_s,5.346708
1757024065.792,latency_s,5.343410
1757024065.792,latency_s,5.337671
1757024065.792,latency_s,5.405790
1757024065.886,latency_s,5.416983
1757024065.886,latency_s,5.411194
1757024065.886,latency_s,5.401377
1757024065.886,latency_s,5.400476
1757024065.886,latency_s,5.396401
1757024065.886,latency_s,5.393130
1757024065.886,latency_s,5.388602
1757024065.888,latency_s,5.379812
1757024065.888,latency_s,5.377632
1757024065.888,latency_s,5.377651
1757024065.888,latency_s,5.366481
1757024065.888,latency_s,5.363444
1757024065.888,latency_s,5.375784
1757024065.888,latency_s,5.439762
1757024065.888,latency_s,5.342983
1757024065.888,latency_s,5.339815
1757024065.888,latency_s,5.402261
1757024065.888,latency_s,5.333667
1757024065.981,latency_s,5.411201
1757024065.981,latency_s,5.405452
1757024065.981,latency_s,5.396163
1757024065.981,latency_s,5.395022
1757024065.981,latency_s,5.372409
1757024065.981,latency_s,5.370525
1757024065.981,latency_s,5.370358
1757024065.981,latency_s,5.367173
1757024065.981,latency_s,5.359350
1757024065.981,latency_s,5.354876
1757024065.981,latency_s,5.432672
1757024065.982,latency_s,5.336154
1757024065.982,latency_s,5.395331
1757024066.025,latency_s,5.375664
1757024066.076,latency_s,5.364646
1757024066.078,latency_s,5.355749
1757024066.078,latency_s,5.428870
1757024066.078,latency_s,5.349799
1757024066.078,latency_s,5.391296
1757024066.078,latency_s,5.332430
1757024066.078,latency_s,5.327898
1757024066.078,latency_s,5.322394
1757024066.078,latency_s,5.308189
1757024066.078,latency_s,5.301818
1757024066.078,latency_s,5.292981
1757024066.078,latency_s,5.287502
1757024066.078,latency_s,5.484763
1757024066.078,latency_s,5.383849
1757024066.078,latency_s,5.283152
1757024066.078,latency_s,5.280281
1757024066.078,latency_s,5.271900
1757024066.079,latency_s,5.268989
1757024066.171,latency_s,5.358551
1757024066.171,latency_s,5.358592
1757024066.171,latency_s,5.348426
1757024066.171,latency_s,5.421216
1757024066.171,latency_s,5.342663
1757024066.171,latency_s,5.383945
1757024066.171,latency_s,5.325353
1757024066.267,latency_s,5.416044
1757024066.267,latency_s,5.410188
1757024066.267,latency_s,5.395992
1757024066.267,latency_s,5.389590
1757024066.267,latency_s,5.381218
1757024066.267,latency_s,5.580157
1757024066.267,latency_s,5.479726
1757024066.269,latency_s,5.370433
1757024066.270,latency_s,5.362681
1757024066.270,latency_s,5.359884
1757024066.270,latency_s,5.357105
1757024066.270,latency_s,5.357147
1757024066.270,latency_s,5.419613
1757024066.270,latency_s,5.347013
1757024066.270,latency_s,5.555273
1757024066.270,latency_s,5.454795
1757024066.270,latency_s,5.353989
1757024066.270,latency_s,5.380192
1757024066.362,latency_s,5.428631
1757024066.362,latency_s,5.415868
1757024066.362,latency_s,5.410599
1757024066.362,latency_s,5.404648
1757024066.362,latency_s,5.390420
1757024066.362,latency_s,5.384025
1757024066.362,latency_s,5.474199
1757024066.362,latency_s,5.369784
1757024066.362,latency_s,5.362395
1757024066.362,latency_s,5.354422
1757024066.362,latency_s,5.352104
1757024066.362,latency_s,5.411139
1757024066.362,latency_s,5.349289
1757024066.362,latency_s,5.348393
1757024066.457,latency_s,5.378834
1757024066.457,latency_s,5.371225
1757024066.457,latency_s,5.364108
1757024066.457,latency_s,5.357407
1757024066.457,latency_s,5.349583
1757024066.457,latency_s,5.406084
1757024066.458,latency_s,5.347243
1757024066.458,latency_s,5.344470
1757024066.458,latency_s,5.343364
1757024066.458,latency_s,5.339865
1757024066.552,latency_s,5.428840
1757024066.552,latency_s,5.458975
1757024066.552,latency_s,5.455273
1757024066.552,latency_s,5.417762
1757024066.552,latency_s,5.405475
1757024066.552,latency_s,5.400165
1757024066.552,latency_s,5.393197
1757024066.552,latency_s,5.463785
1757024066.553,latency_s,5.373520
1757024066.553,latency_s,5.366173
1757024066.553,latency_s,5.359494
1757024066.553,latency_s,5.352582
1757024066.553,latency_s,5.401475
1757024066.553,latency_s,5.344297
1757024066.553,latency_s,5.342380
1757024066.553,latency_s,5.339796
1757024066.554,latency_s,5.337834
1757024066.554,latency_s,5.335083
1757024066.554,latency_s,5.359864
1757024066.554,latency_s,5.355856
1757024066.554,latency_s,5.330234
1757024066.554,latency_s,5.318883
1757024066.648,latency_s,5.368052
1757024066.648,latency_s,5.361049
1757024066.648,latency_s,5.354467
1757024066.744,latency_s,5.491210
1757024066.744,latency_s,5.443029
1757024066.744,latency_s,5.434095
1757024066.744,latency_s,5.432198
1757024066.744,latency_s,5.450044
1757024066.744,latency_s,5.429575
1757024066.744,latency_s,5.444628
1757024066.744,latency_s,5.427417
1757024066.744,latency_s,5.424592
1757024066.744,latency_s,5.420092
1757024066.744,latency_s,5.408728
1757024066.744,latency_s,5.396473
1757024066.744,latency_s,5.390740
1757024066.744,latency_s,5.383098
1757024066.744,latency_s,5.454754
1757024066.744,latency_s,5.371352
1757024066.744,latency_s,5.364472
1757024066.744,latency_s,5.357481
1757024066.745,latency_s,5.350690
1757024066.745,latency_s,5.391278
1757024066.745,latency_s,5.343574
1757024066.745,latency_s,5.334555
1757024066.745,latency_s,5.349828
1757024066.745,latency_s,5.343847
1757024066.745,latency_s,5.332932
1757024066.745,latency_s,5.330215
1757024066.745,latency_s,5.327485
1757024066.745,latency_s,5.324577
1757024066.745,latency_s,5.320148
1757024066.745,latency_s,5.308817
1757024066.841,latency_s,5.392028
1757024066.841,latency_s,5.386826
1757024066.841,latency_s,5.379335
1757024066.841,latency_s,5.367732
1757024066.841,latency_s,5.360340
1757024066.841,latency_s,5.353915
1757024066.841,latency_s,5.387036
1757024066.841,latency_s,5.347172
1757024066.841,latency_s,5.339800
1757024066.937,latency_s,5.435302
1757024066.937,latency_s,5.441483
1757024066.937,latency_s,5.426838
1757024066.937,latency_s,5.425075
1757024066.937,latency_s,5.420619
1757024066.937,latency_s,5.418937
1757024066.937,latency_s,5.416070
1757024066.937,latency_s,5.412192
1757024066.937,latency_s,5.400226
1757024066.937,latency_s,5.387814
1757024066.937,latency_s,5.383244
1757024066.937,latency_s,5.445405
1757024066.938,latency_s,5.375746
1757024066.938,latency_s,5.363518
1757024066.938,latency_s,5.356230
1757024066.938,latency_s,5.350217
1757024066.938,latency_s,5.342931
1757024066.938,latency_s,5.335575
1757024066.938,latency_s,5.341393
1757024066.938,latency_s,5.335438
1757024066.938,latency_s,5.327366
1757024066.977,latency_s,5.364222
1757024066.977,latency_s,5.359911
1757024067.033,latency_s,5.358436
1757024067.033,latency_s,5.351264
1757024067.033,latency_s,5.345299
1757024067.033,latency_s,5.338028
1757024067.034,latency_s,5.336946
1757024067.034,latency_s,5.330606
1757024067.034,latency_s,5.330591
1757024067.034,latency_s,5.322883
1757024067.034,latency_s,5.320153
1757024067.034,latency_s,5.316647
1757024067.034,latency_s,5.314639
1757024067.034,latency_s,5.309115
1757024067.034,latency_s,5.307500
1757024067.129,latency_s,5.389090
1757024067.129,latency_s,5.433481
1757024067.129,latency_s,5.373467
1757024067.129,latency_s,5.373424
1757024067.129,latency_s,5.365698
1757024067.129,latency_s,5.353847
1757024067.129,latency_s,5.347047
1757024067.129,latency_s,5.340541
1757024067.129,latency_s,5.333109
1757024067.129,latency_s,5.332620
1757024067.129,latency_s,5.326371
1757024067.129,latency_s,5.326148
1757024067.130,latency_s,5.574988
1757024067.130,latency_s,5.474523
1757024067.130,latency_s,5.373702
1757024067.130,latency_s,5.318251
1757024067.130,latency_s,5.315329
1757024067.130,latency_s,5.312145
1757024067.130,latency_s,5.309445
1757024067.225,latency_s,5.368777
1757024067.225,latency_s,5.368418
1757024067.320,latency_s,5.455372
1757024067.320,latency_s,5.444270
1757024067.320,latency_s,5.436916
1757024067.320,latency_s,5.430305
1757024067.320,latency_s,5.423476
1757024067.320,latency_s,5.422978
1757024067.320,latency_s,5.463994
1757024067.320,latency_s,5.416424
1757024067.320,latency_s,5.416193
1757024067.320,latency_s,5.408579
1757024067.320,latency_s,5.405089
1757024067.320,latency_s,5.392914
1757024067.323,latency_s,5.380784
1757024067.323,latency_s,5.426255
1757024067.323,latency_s,5.366655
1757024067.323,latency_s,5.366102
1757024067.323,latency_s,5.357654
1757024067.323,latency_s,5.346436
1757024067.323,latency_s,5.338483
1757024067.323,latency_s,5.332948
1757024067.323,latency_s,5.366605
1757024067.323,latency_s,5.325755
1757024067.323,latency_s,5.325971
1757024067.323,latency_s,5.318587
1757024067.323,latency_s,5.317593
1757024067.323,latency_s,5.311162
1757024067.323,latency_s,5.307328
1757024067.323,latency_s,5.304433
1757024067.323,latency_s,5.301016
1757024067.323,latency_s,5.295877
1757024067.415,latency_s,5.387151
1757024067.415,latency_s,5.418412
1757024067.419,latency_s,5.375723
1757024067.419,latency_s,5.363161
1757024067.419,latency_s,5.362045
1757024067.420,latency_s,5.353659
1757024067.420,latency_s,5.342505
1757024067.510,latency_s,5.425856
1757024067.511,latency_s,5.452999
1757024067.511,latency_s,5.419081
1757024067.511,latency_s,5.411765
1757024067.511,latency_s,5.411566
1757024067.511,latency_s,5.406035
1757024067.511,latency_s,5.403285
1757024067.511,latency_s,5.397689
1757024067.511,latency_s,5.394735
1757024067.511,latency_s,5.391335
1757024067.511,latency_s,5.387390
1757024067.511,latency_s,5.382036
1757024067.511,latency_s,5.380054
1757024067.511,latency_s,5.413192
1757024067.515,latency_s,5.370073
1757024067.515,latency_s,5.358103
1757024067.515,latency_s,5.356921
1757024067.515,latency_s,5.347797
1757024067.515,latency_s,5.337479
1757024067.515,latency_s,5.330080
1757024067.606,latency_s,5.448194
1757024067.606,latency_s,5.413950
1757024067.606,latency_s,5.407191
1757024067.606,latency_s,5.406642
1757024067.606,latency_s,5.400654
1757024067.606,latency_s,5.398626
1757024067.606,latency_s,5.392441
1757024067.610,latency_s,5.392542
1757024067.611,latency_s,5.389195
1757024067.611,latency_s,5.384363
1757024067.611,latency_s,5.381481
1757024067.611,latency_s,5.412605
1757024067.611,latency_s,5.379551
1757024067.611,latency_s,5.364774
1757024067.611,latency_s,5.354079
1757024067.611,latency_s,5.352464
1757024067.611,latency_s,5.343168
1757024067.611,latency_s,5.332867
1757024067.611,latency_s,5.352616
1757024067.611,latency_s,5.325946
1757024067.611,latency_s,5.317074
1757024067.611,latency_s,5.311100
1757024067.611,latency_s,5.311153
1757024067.611,latency_s,5.304880
1757024067.611,latency_s,5.303196
1757024067.611,latency_s,5.296509
1757024067.705,latency_s,5.384230
1757024067.705,latency_s,5.406582
1757024067.706,latency_s,5.378331
1757024067.706,latency_s,5.375604
1757024067.706,latency_s,5.372699
1757024067.706,latency_s,5.358887
1757024067.706,latency_s,5.348589
1757024067.706,latency_s,5.346651
1757024067.706,latency_s,5.337284
1757024067.706,latency_s,5.347301
1757024067.803,latency_s,5.424499
1757024067.803,latency_s,5.417964
1757024067.803,latency_s,5.408216
1757024067.803,latency_s,5.402975
1757024067.804,latency_s,5.402997
1757024067.804,latency_s,5.397120
1757024067.804,latency_s,5.394578
1757024067.804,latency_s,5.388748
1757024067.804,latency_s,5.404187
1757024067.804,latency_s,5.381551
1757024067.804,latency_s,5.374190
1757024067.804,latency_s,5.373236
1757024067.804,latency_s,5.370325
1757024067.804,latency_s,5.356073
1757024067.804,latency_s,5.346730
1757024067.804,latency_s,5.343908
1757024067.804,latency_s,5.335354
1757024067.804,latency_s,5.344244
1757024067.804,latency_s,5.325141
1757024067.804,latency_s,5.318590
1757024067.804,latency_s,5.308395
1757024067.845,latency_s,5.343231
1757024067.845,latency_s,5.343129
1757024067.845,latency_s,5.337540
1757024067.845,latency_s,5.334613
1757024067.845,latency_s,5.329193
1757024067.845,latency_s,5.345069
1757024067.845,latency_s,5.321879
1757024067.845,latency_s,5.523401
1757024067.898,latency_s,5.476032
1757024067.898,latency_s,5.375476
1757024067.899,latency_s,5.368672
1757024067.899,latency_s,5.368406
1757024067.941,latency_s,5.406579
1757024067.941,latency_s,5.392526
1757024067.941,latency_s,5.383264
1757024067.941,latency_s,5.379026
1757024067.941,latency_s,5.379716
1757024067.941,latency_s,5.372048
1757024067.941,latency_s,5.361708
1757024067.941,latency_s,5.355630
1757024067.941,latency_s,5.343925
1757024067.942,latency_s,5.339371
1757024067.942,latency_s,5.338780
1757024067.942,latency_s,5.333662
1757024067.942,latency_s,5.331206
1757024067.942,latency_s,5.340161
1757024067.942,latency_s,5.325991
1757024067.942,latency_s,5.318596
1757024067.942,latency_s,5.318585
1757024067.994,latency_s,5.363519
1757024067.994,latency_s,5.363318
1757024067.994,latency_s,5.357279
1757024067.994,latency_s,5.345075
1757024067.995,latency_s,5.336359
1757024067.995,latency_s,5.331940
1757024067.995,latency_s,5.332003
1757024067.995,latency_s,5.324603
1757024068.036,latency_s,5.355485
1757024068.036,latency_s,5.350059
1757024068.036,latency_s,5.337817
1757024068.036,latency_s,5.333859
1757024068.036,latency_s,5.332896
1757024068.036,latency_s,5.334540
1757024068.089,latency_s,5.380275
1757024068.089,latency_s,5.378408
1757024068.090,latency_s,5.373651
1757024068.090,latency_s,5.366034
1757024068.090,latency_s,5.366363
1757024068.090,latency_s,5.359056
1757024068.090,latency_s,5.359073
1757024068.090,latency_s,5.352102
1757024068.090,latency_s,5.338187
1757024068.091,latency_s,5.331568
1757024068.091,latency_s,5.327142
1757024068.091,latency_s,5.326108
1757024068.091,latency_s,5.318098
1757024068.091,latency_s,5.309404
1757024068.091,latency_s,5.304506
1757024068.091,latency_s,5.292145
1757024068.091,latency_s,5.288815
1757024068.091,latency_s,5.287918
1757024068.186,latency_s,5.382014
1757024068.186,latency_s,5.375856
1757024068.186,latency_s,5.373418
1757024068.186,latency_s,5.368443
1757024068.186,latency_s,5.361208
1757024068.186,latency_s,5.360167
1757024068.186,latency_s,5.354369
1757024068.186,latency_s,5.354209
1757024068.186,latency_s,5.344985
1757024068.186,latency_s,5.332063
1757024068.186,latency_s,5.326812
1757024068.186,latency_s,5.321930
1757024068.186,latency_s,5.320998
1757024068.186,latency_s,5.311374
1757024068.281,latency_s,5.394277
1757024068.281,latency_s,5.381886
1757024068.281,latency_s,5.378713
1757024068.281,latency_s,5.377699
1757024068.281,latency_s,5.376411
1757024068.281,latency_s,5.370467
1757024068.281,latency_s,5.368355
1757024068.281,latency_s,5.363141
1757024068.281,latency_s,5.356295
1757024068.281,latency_s,5.353837
1757024068.376,latency_s,5.444005
1757024068.376,latency_s,5.443847
1757024068.376,latency_s,5.434048
1757024068.376,latency_s,5.421417
1757024068.376,latency_s,5.416587
1757024068.376,latency_s,5.411668
1757024068.376,latency_s,5.410733
1757024068.376,latency_s,5.400335
1757024068.376,latency_s,5.389523
1757024068.377,latency_s,5.377500
1757024068.377,latency_s,5.373723
1757024068.377,latency_s,5.372807
1757024068.377,latency_s,5.371894
1757024068.377,latency_s,5.366065
1757024068.377,latency_s,5.363450
1757024068.377,latency_s,5.358737
1757024068.377,latency_s,5.351923
1757024068.377,latency_s,5.349343
1757024068.377,latency_s,5.345012
1757024068.377,latency_s,5.344472
1757024068.377,latency_s,5.334709
1757024068.377,latency_s,5.321628
1757024068.472,latency_s,5.390054
1757024068.474,latency_s,5.386774
1757024068.474,latency_s,5.374389
1757024068.474,latency_s,5.370509
1757024068.474,latency_s,5.370090
1757024068.474,latency_s,5.368695
1757024068.474,latency_s,5.362819
1757024068.474,latency_s,5.360358
1757024068.474,latency_s,5.355462
1757024068.474,latency_s,5.349112
1757024068.475,latency_s,5.346287
1757024068.568,latency_s,5.435384
1757024068.568,latency_s,5.434750
1757024068.568,latency_s,5.423712
1757024068.568,latency_s,5.411225
1757024068.568,latency_s,5.407475
1757024068.568,latency_s,5.400088
1757024068.568,latency_s,5.400121
1757024068.568,latency_s,5.389543
1757024068.568,latency_s,5.385003
1757024068.568,latency_s,5.380864
1757024068.568,latency_s,5.368150
1757024068.570,latency_s,5.365858
1757024068.570,latency_s,5.364940
1757024068.570,latency_s,5.363284
1757024068.570,latency_s,5.357298
1757024068.570,latency_s,5.354707
1757024068.570,latency_s,5.350320
1757024068.570,latency_s,5.344457
1757024068.570,latency_s,5.340904
1757024068.570,latency_s,5.337085
1757024068.570,latency_s,5.336638
1757024068.663,latency_s,5.379912
1757024068.663,latency_s,5.375710
1757024068.663,latency_s,5.361624
1757024068.663,latency_s,5.358727
1757024068.663,latency_s,5.357827
1757024068.663,latency_s,5.355686
1757024068.663,latency_s,5.349426
1757024068.663,latency_s,5.347554
1757024068.664,latency_s,5.343283
1757024068.664,latency_s,5.337472
1757024068.664,latency_s,5.333027
1757024068.665,latency_s,5.331385
1757024068.759,latency_s,5.423923
1757024068.759,latency_s,5.413517
1757024068.759,latency_s,5.399507
1757024068.759,latency_s,5.397040
1757024068.759,latency_s,5.385634
1757024068.759,latency_s,5.385526
1757024068.759,latency_s,5.377801
1757024068.759,latency_s,5.375452
1757024068.759,latency_s,5.370583
1757024068.759,latency_s,5.357219
1757024068.759,latency_s,5.353864
1757024068.759,latency_s,5.353488
1757024068.759,latency_s,5.350974
1757024068.759,latency_s,5.343601
1757024068.759,latency_s,5.342933
1757024068.759,latency_s,5.338758
1757024068.759,latency_s,5.332380
1757024068.759,latency_s,5.328368
1757024068.760,latency_s,5.325334
1757024068.760,latency_s,5.323599
1757024068.760,latency_s,5.314677
1757024068.760,latency_s,5.300018
1757024068.760,latency_s,5.297834
1757024068.760,latency_s,5.286673
1757024068.760,latency_s,5.286627
1757024068.760,latency_s,5.278702
1757024068.760,latency_s,5.276556
1757024068.760,latency_s,5.271872
1757024068.854,latency_s,5.351862
1757024068.854,latency_s,5.348516
1757024068.854,latency_s,5.348299
1757024068.856,latency_s,5.347446
1757024068.856,latency_s,5.338485
1757024068.856,latency_s,5.338412
1757024068.856,latency_s,5.335259
1757024068.856,latency_s,5.328351
1757024068.856,latency_s,5.324414
1757024068.856,latency_s,5.321580
1757024068.856,latency_s,5.319138
1757024068.856,latency_s,5.308815
1757024068.898,latency_s,5.337299
1757024068.898,latency_s,5.334949
1757024068.898,latency_s,5.322676
1757024068.898,latency_s,5.322306
1757024068.898,latency_s,5.315441
1757024068.898,latency_s,5.313587
1757024068.898,latency_s,5.309202
1757024068.898,latency_s,5.294800
1757024068.898,latency_s,5.291894
1757024068.951,latency_s,5.345155
1757024068.952,latency_s,5.342353
1757024068.952,latency_s,5.333127
1757024068.952,latency_s,5.333184
1757024068.952,latency_s,5.330789
1757024068.952,latency_s,5.323955
1757024068.952,latency_s,5.319648
1757024068.952,latency_s,5.317217
1757024068.952,latency_s,5.314659
1757024068.952,latency_s,5.303344
1757024068.952,latency_s,5.291043
1757024068.952,latency_s,5.288664
1757024069.035,latency_s,5.359102
1757024069.035,latency_s,5.358806
1757024069.046,latency_s,5.363112
1757024069.048,latency_s,5.363220
1757024069.048,latency_s,5.358933
1757024069.048,latency_s,5.344162
1757024069.048,latency_s,5.341265
1757024069.048,latency_s,5.341210
1757024069.048,latency_s,5.338365
1757024069.048,latency_s,5.329039
1757024069.048,latency_s,5.329063
1757024069.048,latency_s,5.327171
1757024069.048,latency_s,5.319698
1757024069.048,latency_s,5.315783
1757024069.048,latency_s,5.313364
1757024069.048,latency_s,5.308660
1757024069.048,latency_s,5.299148
1757024069.048,latency_s,5.286858
1757024069.049,latency_s,5.284515
1757024069.049,latency_s,5.271122
1757024069.141,latency_s,5.357920
1757024069.142,latency_s,5.356379
1757024069.142,latency_s,5.352408
1757024069.142,latency_s,5.337446
1757024069.142,latency_s,5.334229
1757024069.142,latency_s,5.333855
1757024069.143,latency_s,5.332026
1757024069.143,latency_s,5.322711
1757024069.143,latency_s,5.322752
1757024069.143,latency_s,5.320805
1757024069.143,latency_s,5.313873
1757024069.143,latency_s,5.309095
1757024069.143,latency_s,5.307626
1757024069.143,latency_s,5.301288
1757024069.237,latency_s,5.357887
1757024069.237,latency_s,5.358004
1757024069.237,latency_s,5.352551
1757024069.237,latency_s,5.351437
1757024069.237,latency_s,5.346398
1757024069.237,latency_s,5.332053
1757024069.238,latency_s,5.330110
1757024069.238,latency_s,5.329407
1757024069.238,latency_s,5.326921
1757024069.238,latency_s,5.318007
1757024069.238,latency_s,5.317726
1757024069.238,latency_s,5.315672
1757024069.238,latency_s,5.309238
1757024069.238,latency_s,5.304342
1757024069.238,latency_s,5.303059
1757024069.238,latency_s,5.295093
1757024069.238,latency_s,5.287104
1757024069.239,latency_s,5.275341
1757024069.332,latency_s,5.366642
1757024069.332,latency_s,5.352473
1757024069.332,latency_s,5.352582
1757024069.332,latency_s,5.346922
1757024069.332,latency_s,5.346315
1757024069.332,latency_s,5.341383
1757024069.332,latency_s,5.326537
1757024069.332,latency_s,5.323664
1757024069.332,latency_s,5.322654
1757024069.332,latency_s,5.320789
1757024069.332,latency_s,5.311276
1757024069.332,latency_s,5.311302
1757024069.332,latency_s,5.309548
1757024069.332,latency_s,5.303143
1757024069.427,latency_s,5.374763
1757024069.427,latency_s,5.362634
1757024069.427,latency_s,5.361763
1757024069.427,latency_s,5.347260
1757024069.428,latency_s,5.347432
1757024069.428,latency_s,5.341672
1757024069.428,latency_s,5.341160
1757024069.428,latency_s,5.336169
1757024069.428,latency_s,5.319423
1757024069.428,latency_s,5.317681
1757024069.428,latency_s,5.317701
1757024069.428,latency_s,5.316247
1757024069.428,latency_s,5.304345
1757024069.428,latency_s,5.304399
1757024069.428,latency_s,5.304958
1757024069.428,latency_s,5.298043
1757024069.428,latency_s,5.292143
1757024069.467,latency_s,5.329129
1757024069.522,latency_s,5.375700
1757024069.522,latency_s,5.369573
1757024069.522,latency_s,5.355456
1757024069.523,latency_s,5.355496
1757024069.523,latency_s,5.341777
1757024069.523,latency_s,5.341258
1757024069.523,latency_s,5.336650
1757024069.523,latency_s,5.335925
1757024069.523,latency_s,5.331162
1757024069.523,latency_s,5.314411
1757024069.523,latency_s,5.312411
1757024069.523,latency_s,5.311008
1757024069.523,latency_s,5.310858
1757024069.523,latency_s,5.299819
1757024069.617,latency_s,5.387133
1757024069.617,latency_s,5.380832
1757024069.618,latency_s,5.378990
1757024069.618,latency_s,5.369587
1757024069.618,latency_s,5.363395
1757024069.618,latency_s,5.350297
1757024069.618,latency_s,5.350402
1757024069.618,latency_s,5.335991
1757024069.618,latency_s,5.335834
1757024069.618,latency_s,5.331815
1757024069.618,latency_s,5.330749
1757024069.618,latency_s,5.325768
1757024069.618,latency_s,5.309631
1757024069.618,latency_s,5.307074
1757024069.619,latency_s,5.306072
1757024069.619,latency_s,5.306252
1757024069.619,latency_s,5.293977
1757024069.619,latency_s,5.294115
1757024069.712,latency_s,5.387739
1757024069.713,latency_s,5.381677
1757024069.713,latency_s,5.375282
1757024069.713,latency_s,5.373360
1757024069.713,latency_s,5.364017
1757024069.713,latency_s,5.358141
1757024069.713,latency_s,5.344461
1757024069.713,latency_s,5.344578
1757024069.713,latency_s,5.330312
1757024069.713,latency_s,5.329979
1757024069.713,latency_s,5.326413
1757024069.714,latency_s,5.325469
1757024069.714,latency_s,5.320581
1757024069.714,latency_s,5.304264
1757024069.808,latency_s,5.376643
1757024069.808,latency_s,5.370776
1757024069.808,latency_s,5.368419
1757024069.809,latency_s,5.359398
1757024069.809,latency_s,5.353227
1757024069.809,latency_s,5.339080
1757024069.809,latency_s,5.339620
1757024069.809,latency_s,5.325916
1757024069.809,latency_s,5.323913
1757024069.810,latency_s,5.322553
1757024069.810,latency_s,5.320797
1757024069.810,latency_s,5.314707
1757024069.810,latency_s,5.299783
1757024069.810,latency_s,5.296304
1757024069.810,latency_s,5.296263
1757024069.810,latency_s,5.296362
1757024069.810,latency_s,5.285134
1757024069.810,latency_s,5.284995
1757024069.905,latency_s,5.373384
1757024069.905,latency_s,5.367084
1757024069.905,latency_s,5.365168
1757024069.905,latency_s,5.355767
1757024069.906,latency_s,5.349392
1757024069.906,latency_s,5.335776
1757024069.906,latency_s,5.335784
1757024069.906,latency_s,5.321868
1757024069.906,latency_s,5.319942
1757024069.906,latency_s,5.316506
1757024069.906,latency_s,5.316048
1757024069.906,latency_s,5.310097
1757024069.906,latency_s,5.294827
1757024069.906,latency_s,5.291914
1757024070.000,latency_s,5.386194
1757024070.000,latency_s,5.385564
1757024070.000,latency_s,5.375289
1757024070.001,latency_s,5.375067
1757024070.001,latency_s,5.374797
1757024070.001,latency_s,5.367977
1757024070.001,latency_s,5.361408
1757024070.001,latency_s,5.359596
1757024070.001,latency_s,5.350289
1757024070.001,latency_s,5.342867
1757024070.001,latency_s,5.330822
1757024070.001,latency_s,5.330883
1757024070.001,latency_s,5.316545
1757024070.001,latency_s,5.314687
1757024070.001,latency_s,5.310740
1757024070.001,latency_s,5.310336
1757024070.001,latency_s,5.305520
1757024070.095,latency_s,5.383784
1757024070.096,latency_s,5.381209
1757024070.096,latency_s,5.380616
1757024070.096,latency_s,5.369500
1757024070.096,latency_s,5.369736
1757024070.096,latency_s,5.362384
1757024070.096,latency_s,5.356394
1757024070.096,latency_s,5.353989
1757024070.096,latency_s,5.344395
1757024070.096,latency_s,5.336939
1757024070.096,latency_s,5.325611
1757024070.096,latency_s,5.325202
1757024070.096,latency_s,5.308875
1757024070.096,latency_s,5.308983
1757024070.096,latency_s,5.305004
1757024070.191,latency_s,5.379445
1757024070.191,latency_s,5.377040
1757024070.192,latency_s,5.376585
1757024070.192,latency_s,5.376014
1757024070.192,latency_s,5.364891
1757024070.192,latency_s,5.363742
1757024070.192,latency_s,5.357528
1757024070.192,latency_s,5.351689
1757024070.192,latency_s,5.346176
1757024070.192,latency_s,5.339426
1757024070.192,latency_s,5.319633
1757024070.192,latency_s,5.319496
1757024070.192,latency_s,5.304314
1757024070.192,latency_s,5.304381
1757024070.192,latency_s,5.300036
1757024070.192,latency_s,5.299595
1757024070.192,latency_s,5.295348
1757024070.286,latency_s,5.370576
1757024070.286,latency_s,5.369174
1757024070.286,latency_s,5.559182
1757024070.286,latency_s,5.458472
1757024070.286,latency_s,5.358957
1757024070.286,latency_s,5.356995
1757024070.287,latency_s,5.351131
1757024070.287,latency_s,5.345761
1757024070.287,latency_s,5.339869
1757024070.287,latency_s,5.333601
1757024070.382,latency_s,5.409007
1757024070.382,latency_s,5.409248
1757024070.382,latency_s,5.394466
1757024070.382,latency_s,5.394506
1757024070.382,latency_s,5.390164
1757024070.382,latency_s,5.368953
1757024070.477,latency_s,5.462247
1757024070.477,latency_s,5.460720
1757024070.477,latency_s,5.459842
1757024070.477,latency_s,5.547231
1757024070.477,latency_s,5.449651
1757024070.477,latency_s,5.447618
1757024070.477,latency_s,5.441219
1757024070.477,latency_s,5.435797
1757024070.477,latency_s,5.429862
1757024070.477,latency_s,5.423484
1757024070.478,latency_s,5.617730
1757024070.478,latency_s,5.516887
1757024070.478,latency_s,5.403848
1757024070.478,latency_s,5.403741
1757024070.478,latency_s,5.388515
1757024070.478,latency_s,5.387942
1757024070.478,latency_s,5.384975
1757024070.478,latency_s,5.384824
1757024070.478,latency_s,5.379975
1757024070.478,latency_s,5.447700
1757024070.478,latency_s,5.363445
1757024070.478,latency_s,5.363031
1757024070.478,latency_s,5.361529
1757024070.478,latency_s,5.360599
1757024070.478,latency_s,5.349634
1757024070.478,latency_s,5.347574
1757024070.573,latency_s,5.379665
1757024070.573,latency_s,5.379509
1757024070.573,latency_s,5.374610
1757024070.573,latency_s,5.441608
1757024070.573,latency_s,5.357855
1757024070.573,latency_s,5.357898
1757024070.573,latency_s,5.355407
1757024070.573,latency_s,5.354474
1757024070.574,latency_s,5.344829
1757024070.574,latency_s,5.342246
1757024070.574,latency_s,5.336437
1757024070.574,latency_s,5.330019
1757024070.574,latency_s,5.412104
1757024070.669,latency_s,5.417548
1757024070.669,latency_s,5.412763
1757024070.669,latency_s,5.393760
1757024070.669,latency_s,5.393938
1757024070.669,latency_s,5.378394
1757024070.669,latency_s,5.376939
1757024070.669,latency_s,5.375825
1757024070.669,latency_s,5.375516
1757024070.669,latency_s,5.370667
1757024070.669,latency_s,5.437000
1757024070.669,latency_s,5.353567
1757024070.669,latency_s,5.353343
1757024070.669,latency_s,5.351043
1757024070.669,latency_s,5.349689
1757024070.669,latency_s,5.339773
1757024070.669,latency_s,5.337212
1757024070.669,latency_s,5.331435
1757024070.669,latency_s,5.407012
1757024070.669,latency_s,5.325091
1757024070.670,latency_s,5.316741
1757024070.670,latency_s,5.312927
1757024070.670,latency_s,5.294144
1757024070.764,latency_s,5.369812
1757024070.764,latency_s,5.369680
1757024070.764,latency_s,5.364577
1757024070.764,latency_s,5.431425
1757024070.764,latency_s,5.347852
1757024070.764,latency_s,5.347633
1757024070.764,latency_s,5.344936
1757024070.764,latency_s,5.342141
1757024070.764,latency_s,5.334409
1757024070.764,latency_s,5.330721
1757024070.764,latency_s,5.325576
1757024070.764,latency_s,5.401081
1757024070.764,latency_s,5.319788
1757024070.764,latency_s,5.310414
1757024070.764,latency_s,5.306895
1757024070.765,latency_s,5.287495
1757024070.765,latency_s,5.287617
1757024070.860,latency_s,5.368131
1757024070.860,latency_s,5.366367
1757024070.860,latency_s,5.365723
1757024070.860,latency_s,5.365828
1757024070.860,latency_s,5.426409
1757024070.860,latency_s,5.360093
1757024070.860,latency_s,5.343877
1757024070.860,latency_s,5.343565
1757024070.860,latency_s,5.340455
1757024070.860,latency_s,5.337512
1757024070.860,latency_s,5.330177
1757024070.860,latency_s,5.326584
1757024070.860,latency_s,5.396833
1757024070.860,latency_s,5.320875
1757024070.860,latency_s,5.315637
1757024070.860,latency_s,5.305651
1757024070.860,latency_s,5.302689
1757024070.860,latency_s,5.283073
1757024070.860,latency_s,5.283075
1757024070.860,latency_s,5.326714
1757024070.860,latency_s,5.267747
1757024070.861,latency_s,5.266118
1757024070.956,latency_s,5.361209
1757024070.956,latency_s,5.361491
1757024070.956,latency_s,5.356083
1757024070.956,latency_s,5.339977
1757024070.956,latency_s,5.339638
1757024070.957,latency_s,5.335621
1757024070.957,latency_s,5.333406
1757024070.957,latency_s,5.390938
1757024070.957,latency_s,5.326887
1757024070.957,latency_s,5.322761
1757024070.957,latency_s,5.317585
1757024070.957,latency_s,5.312164
1757024070.957,latency_s,5.301825
1757024070.957,latency_s,5.297864
1757024070.957,latency_s,5.279558
1757024071.052,latency_s,5.374827
1757024071.052,latency_s,5.418103
1757024071.052,latency_s,5.359040
1757024071.053,latency_s,5.356586
1757024071.053,latency_s,5.356597
1757024071.053,latency_s,5.356279
1757024071.053,latency_s,5.351767
1757024071.053,latency_s,5.335023
1757024071.053,latency_s,5.331100
1757024071.053,latency_s,5.328344
1757024071.053,latency_s,5.386204
1757024071.053,latency_s,5.322054
1757024071.053,latency_s,5.318453
1757024071.053,latency_s,5.313353
1757024071.053,latency_s,5.307870
1757024071.053,latency_s,5.297546
1757024071.053,latency_s,5.293204
1757024071.147,latency_s,5.410319
1757024071.147,latency_s,5.352764
1757024071.147,latency_s,5.350930
1757024071.147,latency_s,5.350941
1757024071.147,latency_s,5.350520
1757024071.147,latency_s,5.345732
1757024071.148,latency_s,5.330422
1757024071.148,latency_s,5.380766
1757024071.148,latency_s,5.326181
1757024071.149,latency_s,5.323288
1757024071.149,latency_s,5.317034
1757024071.149,latency_s,5.313737
1757024071.149,latency_s,5.308529
1757024071.149,latency_s,5.302661
1757024071.149,latency_s,5.292201
1757024071.242,latency_s,5.381554
1757024071.243,latency_s,5.405018
1757024071.243,latency_s,5.364198
1757024071.243,latency_s,5.361670
1757024071.243,latency_s,5.347513
1757024071.244,latency_s,5.346613
1757024071.244,latency_s,5.345968
1757024071.244,latency_s,5.346395
1757024071.244,latency_s,5.341289
1757024071.244,latency_s,5.375067
1757024071.244,latency_s,5.527194
1757024071.244,latency_s,5.427061
1757024071.244,latency_s,5.325300
1757024071.244,latency_s,5.320861
1757024071.244,latency_s,5.317951
1757024071.244,latency_s,5.312090
1757024071.244,latency_s,5.308582
1757024071.337,latency_s,5.379296
1757024071.339,latency_s,5.375413
1757024071.339,latency_s,5.400176
1757024071.339,latency_s,5.358943
1757024071.339,latency_s,5.357454
1757024071.340,latency_s,5.342744
1757024071.340,latency_s,5.341968
1757024071.340,latency_s,5.341752
1757024071.340,latency_s,5.341854
1757024071.340,latency_s,5.337162
1757024071.340,latency_s,5.369281
1757024071.340,latency_s,5.422700
1757024071.340,latency_s,5.320516
1757024071.340,latency_s,5.316617
1757024071.340,latency_s,5.312961
1757024071.432,latency_s,5.384659
1757024071.432,latency_s,5.373451
1757024071.432,latency_s,5.368577
1757024071.432,latency_s,5.393459
1757024071.433,latency_s,5.352105
1757024071.433,latency_s,5.350167
1757024071.433,latency_s,5.335899
1757024071.433,latency_s,5.334849
1757024071.433,latency_s,5.335162
1757024071.434,latency_s,5.335418
1757024071.434,latency_s,5.330837
1757024071.434,latency_s,5.362450
1757024071.434,latency_s,5.416276
1757024071.434,latency_s,5.313584
1757024071.434,latency_s,5.309546
1757024071.434,latency_s,5.305783
1757024071.434,latency_s,5.301026
1757024071.528,latency_s,5.379983
1757024071.528,latency_s,5.366326
1757024071.528,latency_s,5.388636
1757024071.528,latency_s,5.363475
1757024071.528,latency_s,5.347229
1757024071.528,latency_s,5.344779
1757024071.528,latency_s,5.329490
1757024071.528,latency_s,5.329151
1757024071.528,latency_s,5.329504
1757024071.528,latency_s,5.329440
1757024071.528,latency_s,5.356299
1757024071.528,latency_s,5.410937
1757024071.529,latency_s,5.326289
1757024071.530,latency_s,5.308314
1757024071.530,latency_s,5.304930
1757024071.623,latency_s,5.374162
1757024071.623,latency_s,5.381814
1757024071.623,latency_s,5.360530
1757024071.623,latency_s,5.357865
1757024071.623,latency_s,5.341852
1757024071.624,latency_s,5.340680
1757024071.624,latency_s,5.351100
1757024071.624,latency_s,5.406654
1757024071.624,latency_s,5.325536
1757024071.625,latency_s,5.325780
1757024071.625,latency_s,5.325130
1757024071.625,latency_s,5.325378
1757024071.625,latency_s,5.321562
1757024071.625,latency_s,5.303132
1757024071.625,latency_s,5.299879
1757024071.625,latency_s,5.296478
1757024071.625,latency_s,5.289652
1757024071.719,latency_s,5.370012
1757024071.720,latency_s,5.377797
1757024071.720,latency_s,5.356609
1757024071.721,latency_s,5.355310
1757024071.721,latency_s,5.339288
1757024071.721,latency_s,5.337415
1757024071.721,latency_s,5.347274
1757024071.721,latency_s,5.403395
1757024071.721,latency_s,5.321069
1757024071.721,latency_s,5.321024
1757024071.721,latency_s,5.321176
1757024071.721,latency_s,5.320858
1757024071.722,latency_s,5.317333
1757024071.722,latency_s,5.298600
1757024071.722,latency_s,5.295610
1757024071.816,latency_s,5.386037
1757024071.816,latency_s,5.380351
1757024071.817,latency_s,5.379436
1757024071.817,latency_s,5.374286
1757024071.818,latency_s,5.374900
1757024071.912,latency_s,5.462653
1757024071.912,latency_s,5.447381
1757024071.912,latency_s,5.445464
1757024071.912,latency_s,5.427778
1757024071.912,latency_s,5.437182
1757024071.912,latency_s,5.493575
1757024071.913,latency_s,5.426506
1757024071.913,latency_s,5.411403
1757024071.913,latency_s,5.411475
1757024071.913,latency_s,5.411435
1757024071.913,latency_s,5.411002
1757024071.913,latency_s,5.408122
1757024071.913,latency_s,5.389897
1757024071.914,latency_s,5.386975
1757024071.914,latency_s,5.383211
1757024071.914,latency_s,5.377850
1757024071.914,latency_s,5.375852
1757024071.914,latency_s,5.371015
1757024071.914,latency_s,5.371010
1757024071.914,latency_s,5.364644
1757024071.914,latency_s,5.349131
1757024071.914,latency_s,5.347751
1757024071.914,latency_s,5.339371
1757024071.914,latency_s,5.395720
1757024071.914,latency_s,5.330094
1757024071.915,latency_s,5.327616
1757024071.915,latency_s,5.312367
1757024072.009,latency_s,5.403416
1757024072.009,latency_s,5.382774
1757024072.009,latency_s,5.382334
1757024072.009,latency_s,5.378479
1757024072.009,latency_s,5.373192
1757024072.009,latency_s,5.371239
1757024072.010,latency_s,5.365997
1757024072.010,latency_s,5.366080
1757024072.010,latency_s,5.359782
1757024072.010,latency_s,5.344526
1757024072.010,latency_s,5.342315
1757024072.010,latency_s,5.334457
1757024072.010,latency_s,5.390674
1757024072.105,latency_s,5.420200
1757024072.105,latency_s,5.415900
1757024072.105,latency_s,5.402096
1757024072.105,latency_s,5.402071
1757024072.105,latency_s,5.402044
1757024072.105,latency_s,5.402199
1757024072.105,latency_s,5.399320
1757024072.105,latency_s,5.379146
1757024072.106,latency_s,5.378443
1757024072.106,latency_s,5.374969
1757024072.106,latency_s,5.369248
1757024072.106,latency_s,5.366357
1757024072.106,latency_s,5.361949
1757024072.106,latency_s,5.361966
1757024072.106,latency_s,5.356134
1757024072.106,latency_s,5.340331
1757024072.107,latency_s,5.338373
1757024072.107,latency_s,5.386338
1757024072.107,latency_s,5.329071
1757024072.107,latency_s,5.321730
1757024072.107,latency_s,5.317257
1757024072.201,latency_s,5.397675
1757024072.201,latency_s,5.397147
1757024072.201,latency_s,5.394399
1757024072.201,latency_s,5.372751
1757024072.201,latency_s,5.372783
1757024072.201,latency_s,5.369913
1757024072.202,latency_s,5.364073
1757024072.202,latency_s,5.361688
1757024072.202,latency_s,5.357250
1757024072.202,latency_s,5.356840
1757024072.202,latency_s,5.351453
1757024072.202,latency_s,5.335097
1757024072.202,latency_s,5.381119
1757024072.202,latency_s,5.333177
1757024072.202,latency_s,5.323894
1757024072.202,latency_s,5.317082
1757024072.202,latency_s,5.311639
1757024072.202,latency_s,5.298413
1757024072.297,latency_s,5.391960
1757024072.297,latency_s,5.392375
1757024072.297,latency_s,5.390536
1757024072.298,latency_s,5.368503
1757024072.298,latency_s,5.368605
1757024072.298,latency_s,5.365346
1757024072.298,latency_s,5.359932
1757024072.298,latency_s,5.355442
1757024072.298,latency_s,5.352667
1757024072.298,latency_s,5.350736
1757024072.298,latency_s,5.347379
1757024072.298,latency_s,5.376632
1757024072.298,latency_s,5.329334
1757024072.299,latency_s,5.326977
1757024072.391,latency_s,5.386330
1757024072.392,latency_s,5.386607
1757024072.392,latency_s,5.386112
1757024072.392,latency_s,5.384574
1757024072.392,latency_s,5.362949
1757024072.392,latency_s,5.361984
1757024072.392,latency_s,5.358459
1757024072.393,latency_s,5.353971
1757024072.393,latency_s,5.349477
1757024072.393,latency_s,5.347501
1757024072.393,latency_s,5.345039
1757024072.393,latency_s,5.342108
1757024072.393,latency_s,5.370754
1757024072.393,latency_s,5.322345
1757024072.393,latency_s,5.321494
1757024072.394,latency_s,5.314308
1757024072.394,latency_s,5.307800
1757024072.394,latency_s,5.301190
1757024072.487,latency_s,5.381515
1757024072.487,latency_s,5.381740
1757024072.488,latency_s,5.380902
1757024072.488,latency_s,5.380373
1757024072.488,latency_s,5.379094
1757024072.488,latency_s,5.357259
1757024072.488,latency_s,5.357096
1757024072.488,latency_s,5.353504
1757024072.488,latency_s,5.348427
1757024072.488,latency_s,5.342827
1757024072.488,latency_s,5.342610
1757024072.489,latency_s,5.339589
1757024072.489,latency_s,5.337245
1757024072.489,latency_s,5.365825
1757024072.583,latency_s,5.376864
1757024072.583,latency_s,5.376875
1757024072.583,latency_s,5.375426
1757024072.583,latency_s,5.375422
1757024072.583,latency_s,5.374038
1757024072.583,latency_s,5.352362
1757024072.583,latency_s,5.352130
1757024072.583,latency_s,5.348412
1757024072.583,latency_s,5.343089
1757024072.583,latency_s,5.337526
1757024072.583,latency_s,5.337333
1757024072.583,latency_s,5.359922
1757024072.583,latency_s,5.334365
1757024072.584,latency_s,5.331877
1757024072.584,latency_s,5.308291
1757024072.584,latency_s,5.301504
1757024072.584,latency_s,5.297621
1757024072.585,latency_s,5.289300
1757024072.679,latency_s,5.370800
1757024072.679,latency_s,5.370597
1757024072.679,latency_s,5.369799
1757024072.679,latency_s,5.348058
1757024072.680,latency_s,5.344279
1757024072.680,latency_s,5.344295
1757024072.680,latency_s,5.339472
1757024072.680,latency_s,5.355778
1757024072.680,latency_s,5.334032
1757024072.680,latency_s,5.334201
1757024072.680,latency_s,5.330356
1757024072.680,latency_s,5.328520
1757024072.680,latency_s,5.508769
1757024072.680,latency_s,5.407947
1757024072.775,latency_s,5.368581
1757024072.776,latency_s,5.368512
1757024072.776,latency_s,5.367956
1757024072.776,latency_s,5.367029
1757024072.777,latency_s,5.366851
1757024072.777,latency_s,5.345298
1757024072.777,latency_s,5.339155
1757024072.777,latency_s,5.339147
1757024072.777,latency_s,5.352245
1757024072.777,latency_s,5.336116
1757024072.777,latency_s,5.330509
1757024072.777,latency_s,5.330357
1757024072.777,latency_s,5.326330
1757024072.777,latency_s,5.325123
1757024072.777,latency_s,5.404506
1757024072.777,latency_s,5.299881
1757024072.777,latency_s,5.287118
1757024072.778,latency_s,5.279458
1757024072.870,latency_s,5.362503
1757024072.871,latency_s,5.362376
1757024072.872,latency_s,5.361437
1757024072.872,latency_s,5.361677
1757024072.872,latency_s,5.340778
1757024072.873,latency_s,5.347841
1757024072.873,latency_s,5.334943
1757024072.873,latency_s,5.334931
1757024072.873,latency_s,5.331564
1757024072.873,latency_s,5.325715
1757024072.873,latency_s,5.325519
1757024072.873,latency_s,5.321320
1757024072.873,latency_s,5.320383
1757024072.873,latency_s,5.399472
1757024072.965,latency_s,5.355901
1757024072.966,latency_s,5.355505
1757024072.966,latency_s,5.355567
1757024073.063,latency_s,5.437524
1757024073.063,latency_s,5.430787
1757024073.063,latency_s,5.424361
1757024073.063,latency_s,5.424415
1757024073.063,latency_s,5.421543
1757024073.063,latency_s,5.415107
1757024073.063,latency_s,5.415096
1757024073.063,latency_s,5.411251
1757024073.063,latency_s,5.410305
1757024073.063,latency_s,5.489358
1757024073.063,latency_s,5.384102
1757024073.063,latency_s,5.572413
1757024073.063,latency_s,5.371245
1757024073.063,latency_s,5.471805
1757024073.063,latency_s,5.362647
1757024073.063,latency_s,5.353407
1757024073.063,latency_s,5.353429
1757024073.160,latency_s,5.449148
1757024073.160,latency_s,5.449253
1757024073.160,latency_s,5.433697
1757024073.160,latency_s,5.427290
1757024073.160,latency_s,5.421513
1757024073.160,latency_s,5.419974
1757024073.160,latency_s,5.418037
1757024073.160,latency_s,5.411619
1757024073.160,latency_s,5.411391
1757024073.160,latency_s,5.483246
1757024073.160,latency_s,5.408297
1757024073.160,latency_s,5.406863
1757024073.160,latency_s,5.352241
1757024073.160,latency_s,5.349628
1757024073.161,latency_s,5.349559
1757024073.253,latency_s,5.360744
1757024073.253,latency_s,5.350673
1757024073.253,latency_s,5.344846
1757024073.253,latency_s,5.342118
1757024073.253,latency_s,5.342138
1757024073.253,latency_s,5.342103
1757024073.253,latency_s,5.342255
1757024073.253,latency_s,5.325696
1757024073.254,latency_s,5.318335
1757024073.254,latency_s,5.312671
1757024073.254,latency_s,5.374941
1757024073.254,latency_s,5.312141
1757024073.254,latency_s,5.310811
1757024073.254,latency_s,5.304170
1757024073.254,latency_s,5.304081
1757024073.254,latency_s,5.300258
1757024073.254,latency_s,5.299987
1757024073.349,latency_s,5.456238
1757024073.349,latency_s,5.367362
1757024073.349,latency_s,5.356106
1757024073.349,latency_s,5.345770
1757024073.349,latency_s,5.339334
1757024073.349,latency_s,5.337440
1757024073.349,latency_s,5.337346
1757024073.349,latency_s,5.337490
1757024073.349,latency_s,5.337327
1757024073.349,latency_s,5.320772
1757024073.349,latency_s,5.314073
1757024073.350,latency_s,5.370321
1757024073.350,latency_s,5.307775
1757024073.444,latency_s,5.401229
1757024073.445,latency_s,5.401391
1757024073.445,latency_s,5.390486
1757024073.445,latency_s,5.447195
1757024073.445,latency_s,5.362396
1757024073.445,latency_s,5.350099
1757024073.445,latency_s,5.340698
1757024073.445,latency_s,5.334750
1757024073.445,latency_s,5.333044
1757024073.445,latency_s,5.332894
1757024073.445,latency_s,5.332877
1757024073.445,latency_s,5.332853
1757024073.445,latency_s,5.316273
1757024073.445,latency_s,5.364501
1757024073.539,latency_s,5.403096
1757024073.540,latency_s,5.397367
1757024073.540,latency_s,5.396482
1757024073.540,latency_s,5.396533
1757024073.540,latency_s,5.390092
1757024073.540,latency_s,5.385226
1757024073.540,latency_s,5.385272
1757024073.540,latency_s,5.440560
1757024073.540,latency_s,5.357632
1757024073.540,latency_s,5.345312
1757024073.540,latency_s,5.335164
1757024073.540,latency_s,5.329572
1757024073.540,latency_s,5.327677
1757024073.540,latency_s,5.327672
1757024073.541,latency_s,5.327582
1757024073.541,latency_s,5.327608
1757024073.541,latency_s,5.359809
1757024073.541,latency_s,5.311082
1757024073.635,latency_s,5.379487
1757024073.635,latency_s,5.378865
1757024073.635,latency_s,5.435204
1757024073.635,latency_s,5.351891
1757024073.635,latency_s,5.339596
1757024073.635,latency_s,5.328222
1757024073.635,latency_s,5.322771
1757024073.635,latency_s,5.320956
1757024073.635,latency_s,5.320877
1757024073.635,latency_s,5.319886
1757024073.635,latency_s,5.319825
1757024073.635,latency_s,5.353926
1757024073.636,latency_s,5.305786
1757024073.636,latency_s,5.298539
1757024073.730,latency_s,5.373836
1757024073.730,latency_s,5.371933
1757024073.730,latency_s,5.429694
1757024073.730,latency_s,5.346301
1757024073.730,latency_s,5.333988
1757024073.730,latency_s,5.322093
1757024073.730,latency_s,5.316472
1757024073.730,latency_s,5.315439
1757024073.730,latency_s,5.315111
1757024073.730,latency_s,5.314186
1757024073.731,latency_s,5.348194
1757024073.731,latency_s,5.314624
1757024073.731,latency_s,5.300479
1757024073.731,latency_s,5.293075
1757024073.731,latency_s,5.286193
1757024073.731,latency_s,5.286003
1757024073.731,latency_s,5.286054
1757024073.731,latency_s,5.280162
1757024073.824,latency_s,5.371996
1757024073.824,latency_s,5.368276
1757024073.824,latency_s,5.423823
1757024073.825,latency_s,5.366021
1757024073.825,latency_s,5.340539
1757024073.825,latency_s,5.328583
1757024073.825,latency_s,5.315835
1757024073.825,latency_s,5.341151
1757024073.825,latency_s,5.310151
1757024073.825,latency_s,5.310071
1757024073.825,latency_s,5.309892
1757024073.825,latency_s,5.309198
1757024073.826,latency_s,5.309233
1757024073.826,latency_s,5.294728
1757024073.919,latency_s,5.381021
1757024073.919,latency_s,5.373764
1757024073.919,latency_s,5.373811
1757024073.919,latency_s,5.373777
1757024073.919,latency_s,5.368276
1757024073.919,latency_s,5.366563
1757024073.919,latency_s,5.415419
1757024073.920,latency_s,5.362940
1757024073.920,latency_s,5.360902
1757024073.920,latency_s,5.334593
1757024073.920,latency_s,5.322474
1757024073.920,latency_s,5.335038
1757024073.920,latency_s,5.310356
1757024073.920,latency_s,5.304011
1757024073.920,latency_s,5.303770
1757024073.920,latency_s,5.303918
1757024073.920,latency_s,5.303264
1757024073.920,latency_s,5.303305
1757024074.015,latency_s,5.384008
1757024074.015,latency_s,5.376831
1757024074.015,latency_s,5.369573
1757024074.015,latency_s,5.369408
1757024074.016,latency_s,5.369261
1757024074.016,latency_s,5.411175
1757024074.016,latency_s,5.364741
1757024074.016,latency_s,5.361845
1757024074.016,latency_s,5.359459
1757024074.016,latency_s,5.356912
1757024074.016,latency_s,5.331028
1757024074.016,latency_s,5.318677
1757024074.016,latency_s,5.331464
1757024074.016,latency_s,5.305259
1757024074.111,latency_s,5.393327
1757024074.111,latency_s,5.379479
1757024074.111,latency_s,5.372219
1757024074.111,latency_s,5.405259
1757024074.111,latency_s,5.364928
1757024074.111,latency_s,5.365422
1757024074.111,latency_s,5.364891
1757024074.112,latency_s,5.360164
1757024074.112,latency_s,5.357194
1757024074.112,latency_s,5.354103
1757024074.112,latency_s,5.352109
1757024074.112,latency_s,5.326251
1757024074.112,latency_s,5.326655
1757024074.112,latency_s,5.312829
1757024074.112,latency_s,5.300258
1757024074.112,latency_s,5.295509
1757024074.112,latency_s,5.295376
1757024074.112,latency_s,5.294567
1757024074.206,latency_s,5.388433
1757024074.207,latency_s,5.388560
1757024074.207,latency_s,5.374169
1757024074.207,latency_s,5.400267
1757024074.207,latency_s,5.367441
1757024074.207,latency_s,5.360046
1757024074.207,latency_s,5.360300
1757024074.207,latency_s,5.360132
1757024074.207,latency_s,5.355392
1757024074.207,latency_s,5.352139
1757024074.207,latency_s,5.349131
1757024074.207,latency_s,5.347106
1757024074.207,latency_s,5.319151
1757024074.207,latency_s,5.321315
1757024074.302,latency_s,5.383348
1757024074.302,latency_s,5.383603
1757024074.302,latency_s,5.394276
1757024074.303,latency_s,5.369656
1757024074.303,latency_s,5.362810
1757024074.303,latency_s,5.355450
1757024074.303,latency_s,5.355214
1757024074.303,latency_s,5.355267
1757024074.304,latency_s,5.351437
1757024074.304,latency_s,5.348002
1757024074.304,latency_s,5.345109
1757024074.304,latency_s,5.343188
1757024074.304,latency_s,5.316586
1757024074.304,latency_s,5.315170
1757024074.304,latency_s,5.302853
1757024074.396,latency_s,5.383770
1757024074.396,latency_s,5.378617
1757024074.396,latency_s,5.378567
1757024074.397,latency_s,5.378483
1757024074.398,latency_s,5.378552
1757024074.398,latency_s,5.388184
1757024074.398,latency_s,5.361941
1757024074.398,latency_s,5.357707
1757024074.398,latency_s,5.350245
1757024074.398,latency_s,5.350364
1757024074.399,latency_s,5.350724
1757024074.399,latency_s,5.345897
1757024074.399,latency_s,5.342896
1757024074.399,latency_s,5.340068
1757024074.399,latency_s,5.337591
1757024074.399,latency_s,5.311066
1757024074.399,latency_s,5.309583
1757024074.492,latency_s,5.373348
1757024074.492,latency_s,5.373101
1757024074.492,latency_s,5.373298
1757024074.492,latency_s,5.382367
1757024074.492,latency_s,5.355809
1757024074.493,latency_s,5.351893
1757024074.493,latency_s,5.344417
1757024074.493,latency_s,5.344630
1757024074.493,latency_s,5.344787
1757024074.493,latency_s,5.339750
1757024074.493,latency_s,5.336695
1757024074.493,latency_s,5.333915
1757024074.493,latency_s,5.331430
1757024074.493,latency_s,5.304888
1757024074.493,latency_s,5.302868
1757024074.588,latency_s,5.377803
1757024074.588,latency_s,5.368505
1757024074.588,latency_s,5.368592
1757024074.588,latency_s,5.368278
1757024074.588,latency_s,5.351086
1757024074.588,latency_s,5.347102
1757024074.589,latency_s,5.339648
1757024074.589,latency_s,5.340070
1757024074.589,latency_s,5.340092
1757024074.589,latency_s,5.335114
1757024074.589,latency_s,5.331945
1757024074.589,latency_s,5.329461
1757024074.590,latency_s,5.326534
1757024074.590,latency_s,5.300545
1757024074.590,latency_s,5.298445
1757024074.629,latency_s,5.326328
1757024074.629,latency_s,5.314916
1757024074.684,latency_s,5.365415
1757024074.685,latency_s,5.364109
1757024074.685,latency_s,5.364156
1757024074.685,latency_s,5.363994
1757024074.685,latency_s,5.346772
1757024074.685,latency_s,5.342927
1757024074.685,latency_s,5.335562
1757024074.685,latency_s,5.335302
1757024074.685,latency_s,5.335384
1757024074.685,latency_s,5.330734
1757024074.685,latency_s,5.327800
1757024074.685,latency_s,5.324461
1757024074.685,latency_s,5.321562
1757024074.685,latency_s,5.295455
1757024074.685,latency_s,5.293650
1757024074.780,latency_s,5.360282
1757024074.780,latency_s,5.359069
1757024074.780,latency_s,5.359054
1757024074.780,latency_s,5.359166
1757024074.780,latency_s,5.340854
1757024074.780,latency_s,5.337745
1757024074.780,latency_s,5.330928
1757024074.780,latency_s,5.330678
1757024074.780,latency_s,5.330335
1757024074.780,latency_s,5.324548
1757024074.781,latency_s,5.322811
1757024074.781,latency_s,5.319859
1757024074.781,latency_s,5.290828
1757024074.781,latency_s,5.287426
1757024074.781,latency_s,5.269111
1757024074.781,latency_s,5.269044
1757024074.781,latency_s,5.265878
1757024074.875,latency_s,5.354194
1757024074.876,latency_s,5.354469
1757024074.876,latency_s,5.354482
1757024074.876,latency_s,5.336022
1757024074.876,latency_s,5.333063
1757024074.876,latency_s,5.325745
1757024074.876,latency_s,5.325593
1757024074.876,latency_s,5.325669
1757024074.876,latency_s,5.319526
1757024074.876,latency_s,5.317741
1757024074.876,latency_s,5.314811
1757024074.876,latency_s,5.285765
1757024074.876,latency_s,5.281900
1757024074.876,latency_s,5.264163
1757024074.876,latency_s,5.263932
1757024074.971,latency_s,5.348773
1757024074.971,latency_s,5.348759
1757024074.971,latency_s,5.348864
1757024074.971,latency_s,5.348594
1757024074.971,latency_s,5.330452
1757024074.971,latency_s,5.328014
1757024074.971,latency_s,5.320184
1757024074.971,latency_s,5.320210
1757024074.971,latency_s,5.320199
1757024074.971,latency_s,5.314200
1757024074.971,latency_s,5.312043
1757024074.971,latency_s,5.309208
1757024074.972,latency_s,5.507335
1757024074.972,latency_s,5.407135
1757024074.972,latency_s,5.306389
1757024074.972,latency_s,5.280666
1757024074.972,latency_s,5.275788
1757024075.066,latency_s,5.350197
1757024075.066,latency_s,5.343898
1757024075.066,latency_s,5.343743
1757024075.066,latency_s,5.343881
1757024075.066,latency_s,5.343277
1757024075.066,latency_s,5.343587
1757024075.066,latency_s,5.324351
1757024075.066,latency_s,5.323485
1757024075.066,latency_s,5.315524
1757024075.067,latency_s,5.315480
1757024075.067,latency_s,5.315370
1757024075.067,latency_s,5.309495
1757024075.067,latency_s,5.307678
1757024075.067,latency_s,5.304279
1757024075.067,latency_s,5.300418
1757024075.162,latency_s,5.347348
1757024075.162,latency_s,5.345599
1757024075.162,latency_s,5.339687
1757024075.162,latency_s,5.339100
1757024075.162,latency_s,5.339558
1757024075.162,latency_s,5.339430
1757024075.162,latency_s,5.338572
1757024075.162,latency_s,5.319156
1757024075.162,latency_s,5.318735
1757024075.162,latency_s,5.311118
1757024075.162,latency_s,5.310987
1757024075.162,latency_s,5.310589
1757024075.162,latency_s,5.304550
1757024075.162,latency_s,5.302651
1757024075.162,latency_s,5.299669
1757024075.162,latency_s,5.295289
1757024075.163,latency_s,5.270697
1757024075.256,latency_s,5.358001
1757024075.256,latency_s,5.340826
1757024075.256,latency_s,5.340921
1757024075.257,latency_s,5.339883
1757024075.257,latency_s,5.333479
1757024075.257,latency_s,5.333638
1757024075.257,latency_s,5.333447
1757024075.257,latency_s,5.332841
1757024075.257,latency_s,5.333031
1757024075.257,latency_s,5.313284
1757024075.257,latency_s,5.313086
1757024075.258,latency_s,5.306020
1757024075.258,latency_s,5.306138
1757024075.258,latency_s,5.305660
1757024075.258,latency_s,5.299871
1757024075.354,latency_s,5.390955
1757024075.355,latency_s,5.387166
1757024075.355,latency_s,5.362387
1757024075.355,latency_s,5.355563
1757024075.355,latency_s,5.338703
1757024075.355,latency_s,5.338753
1757024075.355,latency_s,5.337847
1757024075.355,latency_s,5.331469
1757024075.355,latency_s,5.331417
1757024075.355,latency_s,5.331418
1757024075.355,latency_s,5.330597
1757024075.355,latency_s,5.329619
1757024075.355,latency_s,5.311461
1757024075.355,latency_s,5.311081
1757024075.355,latency_s,5.303531
1757024075.355,latency_s,5.303532
1757024075.355,latency_s,5.302494
1757024075.449,latency_s,5.387983
1757024075.449,latency_s,5.384751
1757024075.450,latency_s,5.381917
1757024075.450,latency_s,5.357407
1757024075.450,latency_s,5.350090
1757024075.450,latency_s,5.333707
1757024075.450,latency_s,5.333671
1757024075.450,latency_s,5.332960
1757024075.450,latency_s,5.326457
1757024075.450,latency_s,5.326369
1757024075.450,latency_s,5.326609
1757024075.450,latency_s,5.325696
1757024075.450,latency_s,5.324279
1757024075.451,latency_s,5.306113
1757024075.451,latency_s,5.304629
1757024075.544,latency_s,5.382693
1757024075.545,latency_s,5.379899
1757024075.545,latency_s,5.375966
1757024075.545,latency_s,5.351366
1757024075.545,latency_s,5.344130
1757024075.545,latency_s,5.328458
1757024075.546,latency_s,5.326950
1757024075.546,latency_s,5.327055
1757024075.546,latency_s,5.321256
1757024075.546,latency_s,5.321295
1757024075.546,latency_s,5.321117
1757024075.546,latency_s,5.320845
1757024075.546,latency_s,5.319425
1757024075.546,latency_s,5.301202
1757024075.546,latency_s,5.293363
1757024075.546,latency_s,5.292220
1757024075.546,latency_s,5.292245
1757024075.640,latency_s,5.378595
1757024075.641,latency_s,5.375744
1757024075.641,latency_s,5.370377
1757024075.641,latency_s,5.346807
1757024075.641,latency_s,5.323179
1757024075.641,latency_s,5.322175
1757024075.641,latency_s,5.322213
1757024075.641,latency_s,5.315732
1757024075.641,latency_s,5.315595
1757024075.641,latency_s,5.316007
1757024075.641,latency_s,5.315254
1757024075.641,latency_s,5.314481
1757024075.641,latency_s,5.296267
1757024075.641,latency_s,5.287000
1757024075.641,latency_s,5.286829
1757024075.736,latency_s,5.364707
1757024075.736,latency_s,5.341672
1757024075.736,latency_s,5.318174
1757024075.736,latency_s,5.317147
1757024075.737,latency_s,5.317210
1757024075.737,latency_s,5.310898
1757024075.737,latency_s,5.311107
1757024075.737,latency_s,5.310946
1757024075.737,latency_s,5.309219
1757024075.737,latency_s,5.309252
1757024075.737,latency_s,5.489676
1757024075.737,latency_s,5.389430
1757024075.737,latency_s,5.291980
1757024075.737,latency_s,5.281641
1757024075.737,latency_s,5.281646
1757024075.737,latency_s,5.281638
1757024075.737,latency_s,5.276513
1757024075.832,latency_s,5.369112
1757024075.832,latency_s,5.366332
1757024075.832,latency_s,5.358911
1757024075.832,latency_s,5.337129
1757024075.832,latency_s,5.529305
1757024075.832,latency_s,5.428215
1757024075.832,latency_s,5.313224
1757024075.832,latency_s,5.312319
1757024075.832,latency_s,5.312396
1757024075.832,latency_s,5.305573
1757024075.832,latency_s,5.305493
1757024075.832,latency_s,5.305423
1757024075.832,latency_s,5.304578
1757024075.832,latency_s,5.303948
1757024075.833,latency_s,5.384186
1757024075.928,latency_s,5.382505
1757024075.928,latency_s,5.372272
1757024075.928,latency_s,5.372159
1757024075.928,latency_s,5.372197
1757024075.928,latency_s,5.367428
1757024075.928,latency_s,5.365084
1757024075.928,latency_s,5.362129
1757024075.928,latency_s,5.354774
1757024075.929,latency_s,5.332030
1757024075.929,latency_s,5.421216
1757024075.929,latency_s,5.308891
1757024075.929,latency_s,5.308851
1757024075.929,latency_s,5.308499
1757024075.929,latency_s,5.301794
1757024075.929,latency_s,5.301635
1757024075.929,latency_s,5.301590
1757024075.929,latency_s,5.300969
1757024076.023,latency_s,5.394541
1757024076.024,latency_s,5.473549
1757024076.024,latency_s,5.377535
1757024076.024,latency_s,5.367984
1757024076.024,latency_s,5.367771
1757024076.024,latency_s,5.367630
1757024076.024,latency_s,5.362752
1757024076.024,latency_s,5.360157
1757024076.024,latency_s,5.357523
1757024076.024,latency_s,5.349943
1757024076.024,latency_s,5.416581
1757024076.025,latency_s,5.324625
1757024076.025,latency_s,5.303935
1757024076.025,latency_s,5.303995
1757024076.025,latency_s,5.303763
1757024076.119,latency_s,5.389634
1757024076.119,latency_s,5.390779
1757024076.119,latency_s,5.468826
1757024076.119,latency_s,5.372114
1757024076.119,latency_s,5.361704
1757024076.119,latency_s,5.361803
1757024076.119,latency_s,5.361514
1757024076.119,latency_s,5.356090
1757024076.119,latency_s,5.354163
1757024076.119,latency_s,5.351750
1757024076.119,latency_s,5.343904
1757024076.120,latency_s,5.411569
1757024076.120,latency_s,5.317293
1757024076.120,latency_s,5.298777
1757024076.120,latency_s,5.298410
1757024076.120,latency_s,5.298143
1757024076.120,latency_s,5.290174
1757024076.214,latency_s,5.383739
1757024076.214,latency_s,5.382124
1757024076.214,latency_s,5.382292
1757024076.214,latency_s,5.356246
1757024076.215,latency_s,5.356718
1757024076.215,latency_s,5.356808
1757024076.215,latency_s,5.350901
1757024076.215,latency_s,5.349044
1757024076.215,latency_s,5.347139
1757024076.215,latency_s,5.337829
1757024076.215,latency_s,5.404966
1757024076.215,latency_s,5.311172
1757024076.215,latency_s,5.293618
1757024076.215,latency_s,5.292214
1757024076.215,latency_s,5.292236
1757024076.309,latency_s,5.376998
1757024076.309,latency_s,5.376751
1757024076.309,latency_s,5.351043
1757024076.309,latency_s,5.350292
1757024076.309,latency_s,5.350718
1757024076.309,latency_s,5.344684
1757024076.309,latency_s,5.343067
1757024076.309,latency_s,5.341574
1757024076.309,latency_s,5.331755
1757024076.310,latency_s,5.399411
1757024076.310,latency_s,5.305857
1757024076.310,latency_s,5.358515
1757024076.310,latency_s,5.287922
1757024076.310,latency_s,5.286991
1757024076.310,latency_s,5.278614
1757024076.310,latency_s,5.278570
1757024076.310,latency_s,5.277869
1757024076.404,latency_s,5.557330
1757024076.405,latency_s,5.456979
1757024076.405,latency_s,5.346102
1757024076.405,latency_s,5.345174
1757024076.405,latency_s,5.345021
1757024076.405,latency_s,5.339349
1757024076.405,latency_s,5.338283
1757024076.405,latency_s,5.336964
1757024076.405,latency_s,5.394233
1757024076.405,latency_s,5.326439
1757024076.405,latency_s,5.300060
1757024076.405,latency_s,5.352970
1757024076.405,latency_s,5.282370
1757024076.405,latency_s,5.281517
1757024076.405,latency_s,5.272084
1757024076.500,latency_s,5.451145
1757024076.501,latency_s,5.341703
1757024076.501,latency_s,5.340657
1757024076.501,latency_s,5.340730
1757024076.501,latency_s,5.334444
1757024076.501,latency_s,5.334097
1757024076.501,latency_s,5.332831
1757024076.501,latency_s,5.389659
1757024076.501,latency_s,5.321216
1757024076.501,latency_s,5.295851
1757024076.501,latency_s,5.348500
1757024076.501,latency_s,5.277856
1757024076.501,latency_s,5.277017
1757024076.501,latency_s,5.478106
1757024076.501,latency_s,5.377620
1757024076.501,latency_s,5.277114
1757024076.501,latency_s,5.267655
1757024076.596,latency_s,5.361974
1757024076.596,latency_s,5.361889
1757024076.596,latency_s,5.446510
1757024076.596,latency_s,5.337050
1757024076.596,latency_s,5.335750
1757024076.596,latency_s,5.335786
1757024076.596,latency_s,5.383532
1757024076.596,latency_s,5.328799
1757024076.596,latency_s,5.328710
1757024076.596,latency_s,5.328187
1757024076.596,latency_s,5.315590
1757024076.597,latency_s,5.289095
1757024076.597,latency_s,5.343065
1757024076.597,latency_s,5.272789
1757024076.597,latency_s,5.272042
1757024076.692,latency_s,5.358009
1757024076.693,latency_s,5.358423
1757024076.693,latency_s,5.358137
1757024076.693,latency_s,5.332920
1757024076.693,latency_s,5.378341
1757024076.693,latency_s,5.331716
1757024076.693,latency_s,5.331931
1757024076.693,latency_s,5.324649
1757024076.693,latency_s,5.324711
1757024076.693,latency_s,5.324529
1757024076.693,latency_s,5.311503
1757024076.693,latency_s,5.338673
1757024076.693,latency_s,5.285404
1757024076.693,latency_s,5.269174
1757024076.693,latency_s,5.268482
1757024076.693,latency_s,5.268323
1757024076.693,latency_s,5.340580
1757024076.788,latency_s,5.352828
1757024076.788,latency_s,5.352702
1757024076.788,latency_s,5.352908
1757024076.789,latency_s,5.373973
1757024076.789,latency_s,5.328186
1757024076.789,latency_s,5.327134
1757024076.789,latency_s,5.327098
1757024076.789,latency_s,5.319848
1757024076.789,latency_s,5.319892
1757024076.789,latency_s,5.319844
1757024076.789,latency_s,5.303673
1757024076.789,latency_s,5.333816
1757024076.789,latency_s,5.280898
1757024076.789,latency_s,5.335817
1757024076.789,latency_s,5.264344
1757024076.883,latency_s,5.346584
1757024076.978,latency_s,5.441483
1757024076.978,latency_s,5.441614
1757024076.978,latency_s,5.441686
1757024076.978,latency_s,5.463078
1757024076.978,latency_s,5.417632
1757024076.978,latency_s,5.415162
1757024076.978,latency_s,5.415175
1757024076.978,latency_s,5.409427
1757024076.978,latency_s,5.408948
1757024076.978,latency_s,5.409094
1757024076.979,latency_s,5.392709
1757024076.979,latency_s,5.422911
1757024076.979,latency_s,5.370184
1757024076.979,latency_s,5.424891
1757024076.979,latency_s,5.352984
1757024076.979,latency_s,5.352566
1757024076.980,latency_s,5.343660
1757024076.980,latency_s,5.342567
1757024076.980,latency_s,5.342514
1757024076.980,latency_s,5.342396
1757024076.981,latency_s,5.342324
1757024076.981,latency_s,5.365218
1757024076.981,latency_s,5.316366
1757024076.981,latency_s,5.316437
1757024076.981,latency_s,5.311178
1757024076.981,latency_s,5.310956
1757024076.981,latency_s,5.311036
1757024076.981,latency_s,5.293512
1757024076.981,latency_s,5.324636
1757024076.981,latency_s,5.272195
1757024076.981,latency_s,5.325659
1757024077.073,latency_s,5.346698
1757024077.075,latency_s,5.348425
1757024077.076,latency_s,5.338794
1757024077.076,latency_s,5.337324
1757024077.076,latency_s,5.336944
1757024077.076,latency_s,5.336998
1757024077.076,latency_s,5.336857
1757024077.076,latency_s,5.358390
1757024077.076,latency_s,5.311162
1757024077.076,latency_s,5.311169
1757024077.076,latency_s,5.306343
1757024077.076,latency_s,5.305861
1757024077.076,latency_s,5.305894
1757024077.076,latency_s,5.319620
1757024077.076,latency_s,5.287500
1757024077.171,latency_s,5.414459
1757024077.171,latency_s,5.361762
1757024077.171,latency_s,5.343121
1757024077.171,latency_s,5.343112
1757024077.171,latency_s,5.343125
1757024077.171,latency_s,5.352540
1757024077.171,latency_s,5.334152
1757024077.171,latency_s,5.332484
1757024077.171,latency_s,5.332320
1757024077.171,latency_s,5.332355
1757024077.171,latency_s,5.331710
1757024077.171,latency_s,5.510272
1757024077.171,latency_s,5.409646
1757024077.172,latency_s,5.306095
1757024077.172,latency_s,5.306128
1757024077.172,latency_s,5.301753
1757024077.172,latency_s,5.301262
1757024077.172,latency_s,5.301286
1757024077.267,latency_s,5.409746
1757024077.267,latency_s,5.356982
1757024077.267,latency_s,5.338533
1757024077.267,latency_s,5.338951
1757024077.267,latency_s,5.337197
1757024077.267,latency_s,5.343925
1757024077.267,latency_s,5.329201
1757024077.267,latency_s,5.327957
1757024077.267,latency_s,5.328041
1757024077.267,latency_s,5.328018
1757024077.267,latency_s,5.327372
1757024077.267,latency_s,5.404823
1757024077.267,latency_s,5.301244
1757024077.267,latency_s,5.301264
1757024077.361,latency_s,5.403703
1757024077.361,latency_s,5.368835
1757024077.362,latency_s,5.402900
1757024077.362,latency_s,5.351128
1757024077.362,latency_s,5.338194
1757024077.362,latency_s,5.333455
1757024077.362,latency_s,5.332486
1757024077.362,latency_s,5.331614
1757024077.362,latency_s,5.323345
1757024077.362,latency_s,5.322621
1757024077.362,latency_s,5.322518
1757024077.362,latency_s,5.322479
1757024077.362,latency_s,5.322051
1757024077.362,latency_s,5.398643
1757024077.362,latency_s,5.295861
1757024077.362,latency_s,5.296029
1757024077.362,latency_s,5.291831
1757024077.362,latency_s,5.291333
1757024077.456,latency_s,5.385252
1757024077.457,latency_s,5.398985
1757024077.457,latency_s,5.397645
1757024077.457,latency_s,5.363760
1757024077.457,latency_s,5.346064
1757024077.457,latency_s,5.333479
1757024077.457,latency_s,5.327961
1757024077.457,latency_s,5.327490
1757024077.457,latency_s,5.326911
1757024077.457,latency_s,5.318642
1757024077.457,latency_s,5.317935
1757024077.457,latency_s,5.317769
1757024077.457,latency_s,5.317680
1757024077.458,latency_s,5.317218
1757024077.552,latency_s,5.391788
1757024077.552,latency_s,5.358355
1757024077.552,latency_s,5.337617
1757024077.647,latency_s,5.421978
1757024077.647,latency_s,5.417419
1757024077.648,latency_s,5.417374
1757024077.648,latency_s,5.416729
1757024077.648,latency_s,5.408385
1757024077.648,latency_s,5.408053
1757024077.648,latency_s,5.407719
1757024077.648,latency_s,5.407902
1757024077.648,latency_s,5.406575
1757024077.648,latency_s,5.483036
1757024077.648,latency_s,5.388036
1757024077.648,latency_s,5.380702
1757024077.648,latency_s,5.380568
1757024077.648,latency_s,5.376799
1757024077.648,latency_s,5.375554
1757024077.649,latency_s,5.375951
1757024077.649,latency_s,5.387598
1757024077.649,latency_s,5.353627
1757024077.649,latency_s,5.332780
1757024077.649,latency_s,5.320721
1757024077.649,latency_s,5.318884
1757024077.649,latency_s,5.318456
1757024077.649,latency_s,5.317358
1757024077.649,latency_s,5.309549
1757024077.649,latency_s,5.309047
1757024077.649,latency_s,5.309242
1757024077.649,latency_s,5.308778
1757024077.649,latency_s,5.384170
1757024077.649,latency_s,5.289031
1757024077.742,latency_s,5.374158
1757024077.742,latency_s,5.374268
1757024077.743,latency_s,5.371283
1757024077.745,latency_s,5.372105
1757024077.745,latency_s,5.372161
1757024077.745,latency_s,5.382147
1757024077.745,latency_s,5.347803
1757024077.745,latency_s,5.328944
1757024077.746,latency_s,5.316956
1757024077.746,latency_s,5.315017
1757024077.746,latency_s,5.315025
1757024077.746,latency_s,5.313105
1757024077.746,latency_s,5.380436
1757024077.838,latency_s,5.398058
1757024077.839,latency_s,5.398510
1757024077.839,latency_s,5.398462
1757024077.839,latency_s,5.398143
1757024077.839,latency_s,5.378886
1757024077.839,latency_s,5.371097
1757024077.839,latency_s,5.371024
1757024077.839,latency_s,5.367277
1757024077.840,latency_s,5.376621
1757024077.840,latency_s,5.366745
1757024077.841,latency_s,5.366620
1757024077.841,latency_s,5.342763
1757024077.841,latency_s,5.323035
1757024077.841,latency_s,5.311735
1757024077.841,latency_s,5.310241
1757024077.841,latency_s,5.310235
1757024077.841,latency_s,5.307929
1757024077.841,latency_s,5.375046
1757024077.841,latency_s,5.499262
1757024077.841,latency_s,5.300545
1757024077.841,latency_s,5.398343
1757024077.841,latency_s,5.300426
1757024077.935,latency_s,5.393776
1757024077.935,latency_s,5.392925
1757024077.936,latency_s,5.375523
1757024077.936,latency_s,5.372231
1757024077.936,latency_s,5.367715
1757024077.936,latency_s,5.367817
1757024077.936,latency_s,5.363538
1757024077.936,latency_s,5.361599
1757024077.936,latency_s,5.361578
1757024077.936,latency_s,5.337940
1757024077.936,latency_s,5.318290
1757024077.936,latency_s,5.370139
1757024077.936,latency_s,5.306931
1757024077.978,latency_s,5.345898
1757024077.978,latency_s,5.346024
1757024077.978,latency_s,5.344096
1757024077.978,latency_s,5.434876
1757024077.978,latency_s,5.337060
1757024078.031,latency_s,5.389695
1757024078.031,latency_s,5.388414
1757024078.031,latency_s,5.387583
1757024078.031,latency_s,5.369624
1757024078.032,latency_s,5.367473
1757024078.032,latency_s,5.363160
1757024078.032,latency_s,5.362565
1757024078.032,latency_s,5.358878
1757024078.032,latency_s,5.356712
1757024078.032,latency_s,5.356714
1757024078.032,latency_s,5.333254
1757024078.032,latency_s,5.313644
1757024078.032,latency_s,5.365479
1757024078.032,latency_s,5.301681
1757024078.127,latency_s,5.391302
1757024078.127,latency_s,5.385456
1757024078.127,latency_s,5.385482
1757024078.127,latency_s,5.384768
1757024078.127,latency_s,5.382993
1757024078.127,latency_s,5.365303
1757024078.127,latency_s,5.359890
1757024078.127,latency_s,5.357965
1757024078.128,latency_s,5.357693
1757024078.128,latency_s,5.352144
1757024078.128,latency_s,5.350642
1757024078.128,latency_s,5.350348
1757024078.128,latency_s,5.328034
1757024078.128,latency_s,5.308267
1757024078.128,latency_s,5.360181
1757024078.128,latency_s,5.383411
1757024078.128,latency_s,5.296088
1757024078.128,latency_s,5.295635
1757024078.222,latency_s,5.389060
1757024078.222,latency_s,5.385197
1757024078.222,latency_s,5.380158
1757024078.222,latency_s,5.379868
1757024078.222,latency_s,5.378539
1757024078.222,latency_s,5.377397
1757024078.222,latency_s,5.359243
1757024078.222,latency_s,5.354260
1757024078.222,latency_s,5.351880
1757024078.222,latency_s,5.351642
1757024078.222,latency_s,5.346739
1757024078.222,latency_s,5.345367
1757024078.223,latency_s,5.344448
1757024078.223,latency_s,5.321297
1757024078.318,latency_s,5.383256
1757024078.318,latency_s,5.383286
1757024078.318,latency_s,5.380651
1757024078.318,latency_s,5.375235
1757024078.318,latency_s,5.374928
1757024078.318,latency_s,5.374398
1757024078.318,latency_s,5.373383
1757024078.318,latency_s,5.354737
1757024078.318,latency_s,5.349621
1757024078.414,latency_s,5.443226
1757024078.414,latency_s,5.443371
1757024078.414,latency_s,5.438367
1757024078.414,latency_s,5.436524
1757024078.414,latency_s,5.434923
1757024078.414,latency_s,5.411804
1757024078.414,latency_s,5.446010
1757024078.414,latency_s,5.469369
1757024078.414,latency_s,5.393274
1757024078.414,latency_s,5.371428
1757024078.414,latency_s,5.371200
1757024078.415,latency_s,5.370663
1757024078.415,latency_s,5.368220
1757024078.415,latency_s,5.350874
1757024078.415,latency_s,5.344369
1757024078.415,latency_s,5.343537
1757024078.415,latency_s,5.343618
1757024078.415,latency_s,5.338750
1757024078.415,latency_s,5.336240
1757024078.415,latency_s,5.334614
1757024078.415,latency_s,5.311969
1757024078.415,latency_s,5.346093
1757024078.415,latency_s,5.368787
1757024078.511,latency_s,5.367310
1757024078.511,latency_s,5.366734
1757024078.511,latency_s,5.366876
1757024078.511,latency_s,5.364541
1757024078.511,latency_s,5.346868
1757024078.511,latency_s,5.340407
1757024078.511,latency_s,5.339350
1757024078.511,latency_s,5.338562
1757024078.511,latency_s,5.334627
1757024078.511,latency_s,5.331676
1757024078.511,latency_s,5.329239
1757024078.511,latency_s,5.342087
1757024078.511,latency_s,5.364809
1757024078.511,latency_s,5.306565
1757024078.511,latency_s,5.286972
1757024078.511,latency_s,5.278174
1757024078.511,latency_s,5.271770
1757024078.512,latency_s,5.271714
1757024078.512,latency_s,5.272036
1757024078.607,latency_s,5.362535
1757024078.607,latency_s,5.362746
1757024078.607,latency_s,5.363233
1757024078.607,latency_s,5.360340
1757024078.607,latency_s,5.342583
1757024078.607,latency_s,5.336218
1757024078.608,latency_s,5.335602
1757024078.608,latency_s,5.334893
1757024078.608,latency_s,5.330540
1757024078.608,latency_s,5.325692
1757024078.609,latency_s,5.326027
1757024078.609,latency_s,5.338973
1757024078.609,latency_s,5.361662
1757024078.609,latency_s,5.303184
1757024078.609,latency_s,5.282771
1757024078.609,latency_s,5.274959
1757024078.609,latency_s,5.268632
1757024078.609,latency_s,5.268650
1757024078.609,latency_s,5.268750
1757024078.609,latency_s,5.264282
1757024078.609,latency_s,5.264355
1757024078.609,latency_s,5.264458
1757024078.703,latency_s,5.355058
1757024078.703,latency_s,5.337932
1757024078.703,latency_s,5.330619
1757024078.703,latency_s,5.330698
1757024078.703,latency_s,5.330135
1757024078.703,latency_s,5.325365
1757024078.703,latency_s,5.320480
1757024078.703,latency_s,5.320465
1757024078.703,latency_s,5.333069
1757024078.705,latency_s,5.357004
1757024078.705,latency_s,5.298296
1757024078.705,latency_s,5.277660
1757024078.705,latency_s,5.270441
1757024078.705,latency_s,5.264351
1757024078.705,latency_s,5.264434
1757024078.705,latency_s,5.264497
1757024078.706,latency_s,5.260587
1757024078.706,latency_s,5.260334
1757024078.706,latency_s,5.260249
1757024078.706,latency_s,5.257053
1757024078.798,latency_s,5.332807
1757024078.800,latency_s,5.327100
1757024078.800,latency_s,5.327213
1757024078.800,latency_s,5.327094
1757024078.800,latency_s,5.322433
1757024078.800,latency_s,5.317037
1757024078.800,latency_s,5.317075
1757024078.801,latency_s,5.329386
1757024078.801,latency_s,5.352450
1757024078.801,latency_s,5.293069
1757024078.801,latency_s,5.272754
1757024078.801,latency_s,5.265462
1757024078.801,latency_s,5.259394
1757024078.801,latency_s,5.259416
1757024078.801,latency_s,5.258660
1757024078.801,latency_s,5.255165
1757024078.801,latency_s,5.255213
1757024078.801,latency_s,5.255109
1757024078.801,latency_s,5.251360
1757024078.894,latency_s,5.327894
1757024078.894,latency_s,5.321022
1757024078.894,latency_s,5.320810
1757024078.895,latency_s,5.320935
1757024078.895,latency_s,5.316001
1757024078.895,latency_s,5.323685
1757024078.895,latency_s,5.310041
1757024078.895,latency_s,5.310081
1757024078.895,latency_s,5.345664
1757024078.895,latency_s,5.284244
1757024078.895,latency_s,5.266705
1757024078.895,latency_s,5.259928
1757024078.895,latency_s,5.253649
1757024078.896,latency_s,5.253467
1757024078.896,latency_s,5.253465
1757024078.896,latency_s,5.250648
1757024078.896,latency_s,5.250517
1757024078.897,latency_s,5.250572
1757024078.897,latency_s,5.246127
1757024078.897,latency_s,5.230286
1757024078.897,latency_s,5.222948
1757024078.991,latency_s,5.316375
1757024078.991,latency_s,5.316938
1757024078.991,latency_s,5.319175
1757024078.991,latency_s,5.311816
1757024078.991,latency_s,5.340854
1757024078.991,latency_s,5.305604
1757024078.991,latency_s,5.305985
1757024078.991,latency_s,5.279797
1757024078.991,latency_s,5.262557
1757024078.991,latency_s,5.248956
1757024078.992,latency_s,5.248072
1757024078.992,latency_s,5.248110
1757024078.992,latency_s,5.245638
1757024078.992,latency_s,5.245257
1757024078.992,latency_s,5.240564
1757024078.992,latency_s,5.225000
1757024078.992,latency_s,5.219235
1757024078.992,latency_s,5.217881
1757024078.992,latency_s,5.217558
1757024078.992,latency_s,5.217293
1757024079.032,latency_s,5.281152
1757024079.032,latency_s,5.252690
1757024079.032,latency_s,5.246343
1757024079.032,latency_s,5.246337
1757024079.087,latency_s,5.274653
1757024079.087,latency_s,5.257264
1757024079.087,latency_s,5.244187
1757024079.087,latency_s,5.242572
1757024079.087,latency_s,5.242405
1757024079.087,latency_s,5.240742
1757024079.087,latency_s,5.240253
1757024079.087,latency_s,5.234930
1757024079.087,latency_s,5.220161
1757024079.087,latency_s,5.214339
1757024079.087,latency_s,5.235196
1757024079.087,latency_s,5.213081
1757024079.087,latency_s,5.212635
1757024079.087,latency_s,5.212234
1757024079.128,latency_s,5.247353
1757024079.128,latency_s,5.241050
1757024079.128,latency_s,5.240923
1757024079.182,latency_s,5.269532
1757024079.182,latency_s,5.251814
1757024079.183,latency_s,5.446520
1757024079.183,latency_s,5.345911
1757024079.183,latency_s,5.245180
1757024079.183,latency_s,5.239480
1757024079.183,latency_s,5.237564
1757024079.183,latency_s,5.237616
1757024079.183,latency_s,5.236570
1757024079.183,latency_s,5.236097
1757024079.183,latency_s,5.436859
1757024079.183,latency_s,5.336520
1757024079.183,latency_s,5.236278
1757024079.183,latency_s,5.230196
1757024079.183,latency_s,5.216004
1757024079.278,latency_s,5.324804
1757024079.278,latency_s,5.304221
1757024079.278,latency_s,5.303160
1757024079.278,latency_s,5.302537
1757024079.373,latency_s,5.397212
1757024079.373,latency_s,5.391997
1757024079.373,latency_s,5.385972
1757024079.373,latency_s,5.385195
1757024079.373,latency_s,5.359967
1757024079.373,latency_s,5.342137
1757024079.373,latency_s,5.335318
1757024079.373,latency_s,5.329077
1757024079.373,latency_s,5.326893
1757024079.373,latency_s,5.327069
1757024079.373,latency_s,5.326545
1757024079.373,latency_s,5.326160
1757024079.373,latency_s,5.326206
1757024079.374,latency_s,5.320499
1757024079.374,latency_s,5.320600
1757024079.374,latency_s,5.306490
1757024079.374,latency_s,5.300102
1757024079.374,latency_s,5.299583
1757024079.374,latency_s,5.298599
1757024079.374,latency_s,5.298252
1757024079.375,latency_s,5.293495
1757024079.375,latency_s,5.285149
1757024079.375,latency_s,5.284963
1757024079.375,latency_s,5.260915
1757024079.375,latency_s,5.243690
1757024079.375,latency_s,5.236443
1757024079.375,latency_s,5.228041
1757024079.375,latency_s,5.227561
1757024079.468,latency_s,5.320994
1757024079.468,latency_s,5.319902
1757024079.468,latency_s,5.320708
1757024079.468,latency_s,5.320107
1757024079.471,latency_s,5.315532
1757024079.471,latency_s,5.315850
1757024079.471,latency_s,5.302681
1757024079.471,latency_s,5.296791
1757024079.471,latency_s,5.295307
1757024079.471,latency_s,5.294408
1757024079.564,latency_s,5.387538
1757024079.565,latency_s,5.382824
1757024079.565,latency_s,5.374477
1757024079.565,latency_s,5.374489
1757024079.565,latency_s,5.350580
1757024079.565,latency_s,5.333104
1757024079.565,latency_s,5.325772
1757024079.565,latency_s,5.317837
1757024079.565,latency_s,5.317581
1757024079.565,latency_s,5.317029
1757024079.565,latency_s,5.317243
1757024079.565,latency_s,5.316436
1757024079.565,latency_s,5.316216
1757024079.566,latency_s,5.310140
1757024079.566,latency_s,5.310191
1757024079.566,latency_s,5.296873
1757024079.567,latency_s,5.292109
1757024079.567,latency_s,5.291229
1757024079.567,latency_s,5.290245
1757024079.567,latency_s,5.290272
1757024079.567,latency_s,5.284908
1757024079.567,latency_s,5.276996
1757024079.567,latency_s,5.276577
1757024079.568,latency_s,5.252838
1757024079.568,latency_s,5.235137
1757024079.568,latency_s,5.228313
1757024079.661,latency_s,5.313102
1757024079.661,latency_s,5.312926
1757024079.661,latency_s,5.313334
1757024079.661,latency_s,5.312236
1757024079.661,latency_s,5.312271
1757024079.661,latency_s,5.313273
1757024079.661,latency_s,5.305245
1757024079.661,latency_s,5.305075
1757024079.661,latency_s,5.292038
1757024079.662,latency_s,5.285768
1757024079.703,latency_s,5.327086
1757024079.704,latency_s,5.325954
1757024079.704,latency_s,5.326012
1757024079.704,latency_s,5.320399
1757024079.704,latency_s,5.312484
1757024079.704,latency_s,5.312561
1757024079.704,latency_s,5.288298
1757024079.704,latency_s,5.271178
1757024079.704,latency_s,5.263855
1757024079.756,latency_s,5.307399
1757024079.757,latency_s,5.308388
1757024079.757,latency_s,5.308553
1757024079.757,latency_s,5.308721
1757024079.757,latency_s,5.307924
1757024079.757,latency_s,5.307997
1757024079.757,latency_s,5.300490
1757024079.757,latency_s,5.300242
1757024079.757,latency_s,5.287741
1757024079.757,latency_s,5.280882
1757024079.757,latency_s,5.280786
1757024079.758,latency_s,5.279778
1757024079.758,latency_s,5.279501
1757024079.851,latency_s,5.366985
1757024079.852,latency_s,5.359677
1757024079.852,latency_s,5.359689
1757024079.852,latency_s,5.335807
1757024079.852,latency_s,5.318293
1757024079.852,latency_s,5.310981
1757024079.852,latency_s,5.302216
1757024079.852,latency_s,5.302123
1757024079.852,latency_s,5.302271
1757024079.852,latency_s,5.302488
1757024079.852,latency_s,5.302376
1757024079.852,latency_s,5.302958
1757024079.948,latency_s,5.390735
1757024079.948,latency_s,5.389922
1757024079.948,latency_s,5.377113
1757024079.948,latency_s,5.371053
1757024079.948,latency_s,5.371261
1757024079.948,latency_s,5.369965
1757024079.948,latency_s,5.369748
1757024079.948,latency_s,5.363016
1757024079.948,latency_s,5.355570
1757024079.948,latency_s,5.355304
1757024079.948,latency_s,5.331869
1757024079.948,latency_s,5.314172
1757024079.948,latency_s,5.307462
1757024079.948,latency_s,5.299107
1757024079.948,latency_s,5.298636
1757024079.949,latency_s,5.298917
1757024079.988,latency_s,5.337848
1757024079.988,latency_s,5.338315
1757024079.988,latency_s,5.337999
1757024079.988,latency_s,5.330420
1757024080.043,latency_s,5.384557
1757024080.043,latency_s,5.372427
1757024080.044,latency_s,5.366493
1757024080.044,latency_s,5.366520
1757024080.044,latency_s,5.365298
1757024080.044,latency_s,5.365419
1757024080.044,latency_s,5.358203
1757024080.044,latency_s,5.350927
1757024080.044,latency_s,5.351334
1757024080.044,latency_s,5.327229
1757024080.044,latency_s,5.309683
1757024080.044,latency_s,5.302673
1757024080.083,latency_s,5.333358
1757024080.083,latency_s,5.333229
1757024080.083,latency_s,5.333458
1757024080.084,latency_s,5.333165
1757024080.084,latency_s,5.332788
1757024080.084,latency_s,5.332717
1757024080.084,latency_s,5.325317
1757024080.084,latency_s,5.324836
1757024080.084,latency_s,5.312212
1757024080.139,latency_s,5.360454
1757024080.139,latency_s,5.359421
1757024080.139,latency_s,5.358703
1757024080.139,latency_s,5.358576
1757024080.139,latency_s,5.352819
1757024080.139,latency_s,5.345510
1757024080.139,latency_s,5.344539
1757024080.139,latency_s,5.320100
1757024080.139,latency_s,5.304130
1757024080.139,latency_s,5.297239
1757024080.178,latency_s,5.328220
1757024080.179,latency_s,5.328094
1757024080.179,latency_s,5.327888
1757024080.179,latency_s,5.328591
1757024080.179,latency_s,5.327093
1757024080.179,latency_s,5.327243
1757024080.179,latency_s,5.320475
1757024080.179,latency_s,5.320084
1757024080.179,latency_s,5.307014
1757024080.179,latency_s,5.301075
1757024080.179,latency_s,5.299957
1757024080.179,latency_s,5.298672
1757024080.179,latency_s,5.298629
1757024080.274,latency_s,5.387718
1757024080.274,latency_s,5.380201
1757024080.275,latency_s,5.379529
1757024080.275,latency_s,5.354881
1757024080.275,latency_s,5.339161
1757024080.275,latency_s,5.331746
1757024080.275,latency_s,5.323928
1757024080.275,latency_s,5.323766
1757024080.275,latency_s,5.323847
1757024080.275,latency_s,5.323983
1757024080.275,latency_s,5.321590
1757024080.275,latency_s,5.321521
1757024080.370,latency_s,5.411008
1757024080.370,latency_s,5.409867
1757024080.370,latency_s,5.397199
1757024080.371,latency_s,5.391701
1757024080.371,latency_s,5.390607
1757024080.371,latency_s,5.388785
1757024080.371,latency_s,5.388741
1757024080.371,latency_s,5.383954
1757024080.371,latency_s,5.376071
1757024080.371,latency_s,5.375094
1757024080.371,latency_s,5.350262
1757024080.371,latency_s,5.334663
1757024080.371,latency_s,5.327801
1757024080.371,latency_s,5.319477
1757024080.371,latency_s,5.319021
1757024080.371,latency_s,5.319307
1757024080.371,latency_s,5.319566
1757024080.371,latency_s,5.317614
1757024080.371,latency_s,5.317362
1757024080.371,latency_s,5.311389
1757024080.466,latency_s,5.383546
1757024080.466,latency_s,5.378232
1757024080.466,latency_s,5.371378
1757024080.466,latency_s,5.370391
1757024080.466,latency_s,5.345356
1757024080.466,latency_s,5.330005
1757024080.466,latency_s,5.322728
1757024080.466,latency_s,5.314433
1757024080.466,latency_s,5.314420
1757024080.466,latency_s,5.314288
1757024080.467,latency_s,5.313892
1757024080.467,latency_s,5.312583
1757024080.467,latency_s,5.313045
1757024080.467,latency_s,5.305210
1757024080.562,latency_s,5.395473
1757024080.562,latency_s,5.388294
1757024080.562,latency_s,5.382393
1757024080.562,latency_s,5.379838
1757024080.562,latency_s,5.377996
1757024080.562,latency_s,5.377947
1757024080.562,latency_s,5.374086
1757024080.562,latency_s,5.365825
1757024080.562,latency_s,5.365693
1757024080.562,latency_s,5.341006
1757024080.562,latency_s,5.324425
1757024080.562,latency_s,5.318099
1757024080.562,latency_s,5.310238
1757024080.562,latency_s,5.309935
1757024080.562,latency_s,5.308788
1757024080.562,latency_s,5.308506
1757024080.563,latency_s,5.308761
1757024080.563,latency_s,5.308221
1757024080.563,latency_s,5.300906
1757024080.563,latency_s,5.294745
1757024080.563,latency_s,5.288260
1757024080.657,latency_s,5.376665
1757024080.657,latency_s,5.374647
1757024080.657,latency_s,5.372180
1757024080.657,latency_s,5.372303
1757024080.657,latency_s,5.368536
1757024080.657,latency_s,5.360198
1757024080.657,latency_s,5.360000
1757024080.754,latency_s,5.432091
1757024080.754,latency_s,5.415574
1757024080.754,latency_s,5.409827
1757024080.754,latency_s,5.401487
1757024080.754,latency_s,5.401235
1757024080.754,latency_s,5.399508
1757024080.754,latency_s,5.399595
1757024080.754,latency_s,5.399620
1757024080.754,latency_s,5.399238
1757024080.755,latency_s,5.392329
1757024080.755,latency_s,5.383930
1757024080.755,latency_s,5.379897
1757024080.755,latency_s,5.373660
1757024080.755,latency_s,5.371673
1757024080.755,latency_s,5.368821
1757024080.755,latency_s,5.368780
1757024080.755,latency_s,5.365468
1757024080.755,latency_s,5.358039
1757024080.755,latency_s,5.357694
1757024080.756,latency_s,5.331132
1757024080.756,latency_s,5.316936
1757024080.756,latency_s,5.310642
1757024080.756,latency_s,5.302264
1757024080.947,latency_s,5.493230
1757024080.947,latency_s,5.491619
1757024080.947,latency_s,5.491759
1757024080.947,latency_s,5.491582
1757024080.947,latency_s,5.491549
1757024080.947,latency_s,5.484987
1757024080.947,latency_s,5.476095
1757024080.947,latency_s,5.472312
1757024080.947,latency_s,5.465890
1757024080.947,latency_s,5.463945
1757024080.948,latency_s,5.461013
1757024080.948,latency_s,5.460892
1757024080.948,latency_s,5.458178
1757024080.948,latency_s,5.449809
1757024080.948,latency_s,5.449638
1757024080.948,latency_s,5.422357
1757024080.948,latency_s,5.408458
1757024080.948,latency_s,5.402076
1757024080.948,latency_s,5.393733
1757024080.948,latency_s,5.393981
1757024080.948,latency_s,5.392122
1757024080.948,latency_s,5.392152
1757024080.948,latency_s,5.392157
1757024080.948,latency_s,5.392090
1757024080.949,latency_s,5.385838
1757024080.949,latency_s,5.376414
1757024080.949,latency_s,5.373094
1757024080.949,latency_s,5.367188
1757024080.949,latency_s,5.365242
1757024080.949,latency_s,5.361826
1757024080.949,latency_s,5.361662
1757024080.949,latency_s,5.359048
1757024081.043,latency_s,5.385342
1757024081.043,latency_s,5.385530
1757024081.044,latency_s,5.380205
1757024081.044,latency_s,5.369814
1757024081.044,latency_s,5.367995
1757024081.165,latency_s,5.483126
1757024081.166,latency_s,5.481262
1757024081.166,latency_s,5.478177
1757024081.166,latency_s,5.477907
1757024081.166,latency_s,5.474983
1757024081.166,latency_s,5.466643
1757024081.166,latency_s,5.466331
1757024081.166,latency_s,5.438113
1757024081.166,latency_s,5.423196
1757024081.166,latency_s,5.419504
1757024081.166,latency_s,5.409950
1757024081.166,latency_s,5.409960
1757024081.166,latency_s,5.408108
1757024081.166,latency_s,5.408149
1757024081.166,latency_s,5.407920
1757024081.166,latency_s,5.401963
1757024081.166,latency_s,5.390590
1757024081.166,latency_s,5.389653
1757024081.166,latency_s,5.383364
1757024081.235,latency_s,5.449906
1757024081.235,latency_s,5.447161
1757024081.235,latency_s,5.447109
1757024081.235,latency_s,5.444142
1757024081.235,latency_s,5.436010
1757024081.235,latency_s,5.435482
1757024081.235,latency_s,5.390761
1757024081.235,latency_s,5.388258
1757024081.236,latency_s,5.377138
1757024081.236,latency_s,5.371274
1757024081.236,latency_s,5.359109
1757024081.236,latency_s,5.356417
1757024081.236,latency_s,5.353216
1757024081.262,latency_s,5.374720
1757024081.262,latency_s,5.373108
1757024081.453,latency_s,5.564161
1757024081.453,latency_s,5.561457
1757024081.453,latency_s,5.553245
1757024081.453,latency_s,5.553115
1757024081.453,latency_s,5.507942
1757024081.453,latency_s,5.505332
1757024081.453,latency_s,5.496563
1757024081.453,latency_s,5.496310
1757024081.453,latency_s,5.494211
1757024081.453,latency_s,5.494161
1757024081.453,latency_s,5.494303
1757024081.453,latency_s,5.493875
1757024081.453,latency_s,5.488417
1757024081.454,latency_s,5.476089
1757024081.454,latency_s,5.472700
1757024081.454,latency_s,5.469787
1757024081.454,latency_s,5.466454
1757024081.454,latency_s,5.464163
1757024081.454,latency_s,5.464093
1757024081.454,latency_s,5.461739
1757024081.454,latency_s,5.453398
1757024081.454,latency_s,5.453232
1757024081.454,latency_s,5.623454
1757024081.454,latency_s,5.520091
1757024081.454,latency_s,5.408123
1757024081.454,latency_s,5.405200
1757024081.454,latency_s,5.397252
1757024081.454,latency_s,5.396960
1757024081.454,latency_s,5.394935
1757024081.454,latency_s,5.394996
1757024081.454,latency_s,5.393871
1757024081.494,latency_s,5.428710
1757024081.548,latency_s,5.386874
1757024081.549,latency_s,5.382255
1757024081.549,latency_s,5.369773
1757024081.632,latency_s,5.449049
1757024081.632,latency_s,5.447316
1757024081.632,latency_s,5.444120
1757024081.632,latency_s,5.441219
1757024081.632,latency_s,5.441248
1757024081.632,latency_s,5.438101
1757024081.632,latency_s,5.431010
1757024081.632,latency_s,5.431042
1757024081.632,latency_s,5.496081
1757024081.632,latency_s,5.383155
1757024081.632,latency_s,5.382551
1757024081.643,latency_s,5.385765
1757024081.643,latency_s,5.384547
1757024081.643,latency_s,5.382655
1757024081.643,latency_s,5.382059
1757024081.765,latency_s,5.503578
1757024081.765,latency_s,5.499025
1757024081.766,latency_s,5.486392
1757024081.766,latency_s,5.482480
1757024081.766,latency_s,5.480599
1757024081.766,latency_s,5.476511
1757024081.766,latency_s,5.474070
1757024081.766,latency_s,5.474119
1757024081.766,latency_s,5.471358
1757024081.766,latency_s,5.464031
1757024081.766,latency_s,5.464047
1757024081.766,latency_s,5.529410
1757024081.766,latency_s,5.415645
1757024081.766,latency_s,5.415502
1757024081.766,latency_s,5.407479
1757024081.766,latency_s,5.404162
1757024081.766,latency_s,5.399171
1757024081.781,latency_s,5.401148
1757024081.781,latency_s,5.397143
1757024081.781,latency_s,5.395426
1757024081.781,latency_s,5.390791
1757024081.781,latency_s,5.387699
1757024081.781,latency_s,5.387727
1757024081.781,latency_s,5.385725
1757024081.781,latency_s,5.378939
1757024081.781,latency_s,5.378757
1757024081.781,latency_s,5.444106
1757024081.781,latency_s,5.330078
1757024081.835,latency_s,5.383659
1757024081.835,latency_s,5.375493
1757024081.835,latency_s,5.374917
1757024081.835,latency_s,5.374083
1757024081.861,latency_s,5.398110
1757024081.876,latency_s,5.382415
1757024081.957,latency_s,5.463338
1757024081.957,latency_s,5.460050
1757024081.957,latency_s,5.454158
1757024081.957,latency_s,5.453861
1757024081.957,latency_s,5.519803
1757024081.957,latency_s,5.404515
1757024081.957,latency_s,5.403486
1757024081.957,latency_s,5.397175
1757024081.957,latency_s,5.396036
1757024081.957,latency_s,5.396195
1757024081.957,latency_s,5.394340
1757024081.957,latency_s,5.394230
1757024081.957,latency_s,5.394099
1757024081.957,latency_s,5.389546
1757024081.957,latency_s,5.377628
1757024081.958,latency_s,5.372958
1757024081.958,latency_s,5.370802
1757024081.971,latency_s,5.378712
1757024081.971,latency_s,5.377075
1757024082.052,latency_s,5.458054
1757024082.052,latency_s,5.455148
1757024082.052,latency_s,5.513641
1757024082.052,latency_s,5.449023
1757024082.052,latency_s,5.448487
1757024082.052,latency_s,5.399138
1757024082.052,latency_s,5.398174
1757024082.052,latency_s,5.392254
1757024082.052,latency_s,5.391290
1757024082.052,latency_s,5.390911
1757024082.052,latency_s,5.389257
1757024082.052,latency_s,5.389495
1757024082.066,latency_s,5.380541
1757024082.107,latency_s,5.419996
1757024082.107,latency_s,5.413591
1757024082.107,latency_s,5.412719
1757024082.107,latency_s,5.411827
1757024082.107,latency_s,5.409914
1757024082.108,latency_s,5.468046
1757024082.108,latency_s,5.403635
1757024082.108,latency_s,5.403346
1757024082.108,latency_s,5.354409
1757024082.108,latency_s,5.351934
1757024082.108,latency_s,5.347085
1757024082.148,latency_s,5.386402
1757024082.148,latency_s,5.385987
1757024082.148,latency_s,5.384189
1757024082.148,latency_s,5.383945
1757024082.148,latency_s,5.383857
1757024082.148,latency_s,5.378875
1757024082.161,latency_s,5.379450
1757024082.161,latency_s,5.374123
1757024082.161,latency_s,5.373541
1757024082.243,latency_s,5.503033
1757024082.243,latency_s,5.449271
1757024082.243,latency_s,5.448385
1757024082.243,latency_s,5.447431
1757024082.243,latency_s,5.445099
1757024082.243,latency_s,5.439134
1757024082.243,latency_s,5.438602
1757024082.243,latency_s,5.389347
1757024082.243,latency_s,5.387151
1757024082.244,latency_s,5.382187
1757024082.244,latency_s,5.381978
1757024082.256,latency_s,5.392024
1757024082.257,latency_s,5.391901
1757024082.257,latency_s,5.386784
1757024082.257,latency_s,5.374535
1757024082.257,latency_s,5.369344
1757024082.257,latency_s,5.416006
1757024082.257,latency_s,5.368567
1757024082.257,latency_s,5.362329
1757024082.257,latency_s,5.361490
1757024082.353,latency_s,5.456420
1757024082.353,latency_s,5.454606
1757024082.353,latency_s,5.448297
1757024082.353,latency_s,5.446310
1757024082.353,latency_s,5.398512
1757024082.353,latency_s,5.396581
1757024082.353,latency_s,5.391391
1757024082.353,latency_s,5.391615
1757024082.353,latency_s,5.390251
1757024082.353,latency_s,5.388422
1757024082.353,latency_s,5.388308
1757024082.353,latency_s,5.383456
1757024082.353,latency_s,5.371049
1757024082.353,latency_s,5.411120
1757024082.354,latency_s,5.364952
1757024082.354,latency_s,5.363935
1757024082.354,latency_s,5.357332
1757024082.354,latency_s,5.357177
1757024082.354,latency_s,5.354716
1757024082.354,latency_s,5.354811
1757024082.354,latency_s,5.348571
1757024082.354,latency_s,5.346405
1757024082.354,latency_s,5.299235
1757024082.448,latency_s,5.382624
1757024082.448,latency_s,5.382548
1757024082.448,latency_s,5.377793
1757024082.448,latency_s,5.404857
1757024082.449,latency_s,5.365669
1757024082.544,latency_s,5.454756
1757024082.544,latency_s,5.454096
1757024082.544,latency_s,5.446751
1757024082.544,latency_s,5.446663
1757024082.545,latency_s,5.443576
1757024082.545,latency_s,5.443831
1757024082.545,latency_s,5.438943
1757024082.545,latency_s,5.436313
1757024082.545,latency_s,5.389302
1757024082.545,latency_s,5.387060
1757024082.545,latency_s,5.382404
1757024082.545,latency_s,5.382228
1757024082.545,latency_s,5.380025
1757024082.545,latency_s,5.379803
1757024082.545,latency_s,5.379096
1757024082.545,latency_s,5.378121
1757024082.545,latency_s,5.374280
1757024082.545,latency_s,5.400029
1757024082.545,latency_s,5.360638
1757024082.545,latency_s,5.354283
1757024082.545,latency_s,5.354400
1757024082.545,latency_s,5.347475
1757024082.586,latency_s,5.387607
1757024082.586,latency_s,5.384124
1757024082.586,latency_s,5.379692
1757024082.586,latency_s,5.376770
1757024082.586,latency_s,5.329987
1757024082.639,latency_s,5.381027
1757024082.639,latency_s,5.376596
1757024082.639,latency_s,5.376484
1757024082.639,latency_s,5.373911
1757024082.639,latency_s,5.373927
1757024082.640,latency_s,5.373326
1757024082.682,latency_s,5.414169
1757024082.682,latency_s,5.435879
1757024082.682,latency_s,5.410453
1757024082.682,latency_s,5.396663
1757024082.682,latency_s,5.389745
1757024082.682,latency_s,5.389797
1757024082.682,latency_s,5.383493
1757024082.682,latency_s,5.383315
1757024082.682,latency_s,5.379554
1757024082.682,latency_s,5.375172
1757024082.682,latency_s,5.372219
1757024082.682,latency_s,5.325369
1757024082.682,latency_s,5.323263
1757024082.682,latency_s,5.319324
1757024082.682,latency_s,5.319161
1757024082.682,latency_s,5.334597
1757024082.682,latency_s,5.316488
1757024082.736,latency_s,5.370048
1757024082.736,latency_s,5.368746
1757024082.736,latency_s,5.368321
1757024082.736,latency_s,5.364008
1757024082.736,latency_s,5.350788
1757024082.777,latency_s,5.384578
1757024082.777,latency_s,5.384659
1757024082.777,latency_s,5.378002
1757024082.777,latency_s,5.378254
1757024082.777,latency_s,5.374044
1757024082.777,latency_s,5.575890
1757024082.777,latency_s,5.475687
1757024082.777,latency_s,5.375556
1757024082.777,latency_s,5.370224
1757024082.832,latency_s,5.368569
1757024082.832,latency_s,5.368460
1757024082.832,latency_s,5.365598
1757024082.832,latency_s,5.365384
1757024082.832,latency_s,5.364609
1757024082.832,latency_s,5.363825
1757024082.914,latency_s,5.441582
1757024082.914,latency_s,5.428416
1757024082.914,latency_s,5.421982
1757024082.915,latency_s,5.421891
1757024082.915,latency_s,5.415261
1757024082.915,latency_s,5.415289
1757024082.915,latency_s,5.412487
1757024082.915,latency_s,5.410891
1757024082.915,latency_s,5.406966
1757024082.915,latency_s,5.365505
1757024082.927,latency_s,5.369067
1757024082.927,latency_s,5.365297
1757024082.927,latency_s,5.363105
1757024082.927,latency_s,5.360055
1757024082.927,latency_s,5.359845
1757024082.927,latency_s,5.358828
1757024082.927,latency_s,5.358527
1757024083.022,latency_s,5.449151
1757024083.022,latency_s,5.435455
1757024083.022,latency_s,5.428703
1757024083.022,latency_s,5.428743
1757024083.022,latency_s,5.422735
1757024083.022,latency_s,5.422712
1757024083.022,latency_s,5.416994
1757024083.022,latency_s,5.414099
1757024083.023,latency_s,5.419571
1757024083.023,latency_s,5.355104
1757024083.023,latency_s,5.353100
1757024083.023,latency_s,5.353231
1757024083.023,latency_s,5.352731
1757024083.023,latency_s,5.349394
1757024083.023,latency_s,5.335970
1757024083.023,latency_s,5.329242
1757024083.023,latency_s,5.329145
1757024083.023,latency_s,5.323215
1757024083.023,latency_s,5.323043
1757024083.023,latency_s,5.316573
1757024083.023,latency_s,5.512441
1757024083.023,latency_s,5.410393
1757024083.023,latency_s,5.313258
1757024083.023,latency_s,5.319714
1757024083.023,latency_s,5.272769
1757024083.117,latency_s,5.351915
1757024083.117,latency_s,5.349171
1757024083.117,latency_s,5.347160
1757024083.117,latency_s,5.347354
1757024083.117,latency_s,5.345865
1757024083.117,latency_s,5.343138
1757024083.117,latency_s,5.329837
1757024083.118,latency_s,5.323977
1757024083.118,latency_s,5.324405
1757024083.119,latency_s,5.318289
1757024083.119,latency_s,5.317637
1757024083.212,latency_s,5.498550
1757024083.213,latency_s,5.405430
1757024083.213,latency_s,5.402502
1757024083.213,latency_s,5.408527
1757024083.213,latency_s,5.362078
1757024083.213,latency_s,5.353741
1757024083.213,latency_s,5.348344
1757024083.213,latency_s,5.347476
1757024083.213,latency_s,5.347490
1757024083.213,latency_s,5.344643
1757024083.213,latency_s,5.342677
1757024083.213,latency_s,5.342623
1757024083.213,latency_s,5.340690
1757024083.213,latency_s,5.338320
1757024083.214,latency_s,5.325785
1757024083.214,latency_s,5.318464
1757024083.214,latency_s,5.317672
1757024083.214,latency_s,5.399967
1757024083.214,latency_s,5.313378
1757024083.214,latency_s,5.311974
1757024083.214,latency_s,5.306476
1757024083.214,latency_s,5.303653
1757024083.214,latency_s,5.310014
1757024083.214,latency_s,5.261883
1757024083.214,latency_s,5.254886
1757024083.214,latency_s,5.249024
1757024083.215,latency_s,5.248806
1757024083.215,latency_s,5.248103
1757024083.309,latency_s,5.340059
1757024083.309,latency_s,5.338194
1757024083.309,latency_s,5.338146
1757024083.309,latency_s,5.335429
1757024083.309,latency_s,5.334600
1757024083.310,latency_s,5.320857
1757024083.310,latency_s,5.313718
1757024083.310,latency_s,5.310814
1757024083.350,latency_s,5.349344
1757024083.350,latency_s,5.347458
1757024083.350,latency_s,5.341005
1757024083.351,latency_s,5.339720
1757024083.351,latency_s,5.345672
1757024083.351,latency_s,5.296772
1757024083.351,latency_s,5.290872
1757024083.351,latency_s,5.284547
1757024083.351,latency_s,5.283583
1757024083.351,latency_s,5.283564
1757024083.405,latency_s,5.335592
1757024083.405,latency_s,5.332247
1757024083.405,latency_s,5.332227
1757024083.405,latency_s,5.330514
1757024083.405,latency_s,5.330046
1757024083.405,latency_s,5.316233
1757024083.405,latency_s,5.308943
1757024083.405,latency_s,5.305702
1757024083.405,latency_s,5.304204
1757024083.486,latency_s,5.381821
1757024083.486,latency_s,5.375178
1757024083.486,latency_s,5.374815
1757024083.486,latency_s,5.380753
1757024083.486,latency_s,5.331372
1757024083.500,latency_s,5.340126
1757024083.501,latency_s,5.333818
1757024083.501,latency_s,5.332878
1757024083.501,latency_s,5.332831
1757024083.501,latency_s,5.330977
1757024083.501,latency_s,5.327981
1757024083.623,latency_s,5.450109
1757024083.623,latency_s,5.448054
1757024083.623,latency_s,5.448097
1757024083.623,latency_s,5.432023
1757024083.623,latency_s,5.427103
1757024083.623,latency_s,5.422627
1757024083.624,latency_s,5.422297
1757024083.624,latency_s,5.418770
1757024083.624,latency_s,5.417304
1757024083.624,latency_s,5.412539
1757024083.624,latency_s,5.412401
1757024083.624,latency_s,5.367393
1757024083.624,latency_s,5.363001
1757024083.624,latency_s,5.357072
1757024083.624,latency_s,5.355482
1757024083.624,latency_s,5.354737
1757024083.624,latency_s,5.354018
1757024083.624,latency_s,5.350955
1757024083.624,latency_s,5.350899
1757024083.625,latency_s,5.348228
1757024083.625,latency_s,5.348303
1757024083.692,latency_s,5.399441
1757024083.692,latency_s,5.394690
1757024083.692,latency_s,5.777050
1757024083.692,latency_s,5.676450
1757024083.692,latency_s,5.575580
1757024083.698,latency_s,5.391616
1757024083.698,latency_s,5.386505
1757024083.698,latency_s,5.386324
1757024083.698,latency_s,5.341222
1757024083.698,latency_s,5.336805
1757024083.699,latency_s,5.331011
1757024083.719,latency_s,5.349653
1757024083.720,latency_s,5.349113
1757024083.720,latency_s,5.345491
1757024083.720,latency_s,5.345675
1757024083.720,latency_s,5.342901
1757024083.794,latency_s,5.416088
1757024083.794,latency_s,5.475200
1757024083.794,latency_s,5.400513
1757024083.794,latency_s,5.396626
1757024083.794,latency_s,5.392609
1757024083.794,latency_s,5.392332
1757024083.794,latency_s,5.387599
1757024083.794,latency_s,5.387554
1757024083.794,latency_s,5.382455
1757024083.795,latency_s,5.381007
1757024083.795,latency_s,5.336694
1757024083.795,latency_s,5.332695
1757024083.795,latency_s,5.326932
1757024083.815,latency_s,5.344265
1757024083.815,latency_s,5.344608
1757024083.815,latency_s,5.344634
1757024083.815,latency_s,5.341076
1757024083.815,latency_s,5.341202
1757024083.815,latency_s,5.337903
1757024083.816,latency_s,5.336966
1757024083.816,latency_s,5.396037
1757024083.816,latency_s,5.321741
1757024083.816,latency_s,5.317863
1757024083.816,latency_s,5.313393
1757024083.816,latency_s,5.313427
1757024083.816,latency_s,5.308489
1757024083.816,latency_s,5.308857
1757024083.910,latency_s,5.397330
1757024083.910,latency_s,5.395766
1757024083.910,latency_s,5.348617
1757024083.910,latency_s,5.347781
1757024083.910,latency_s,5.341344
1757024083.910,latency_s,5.339366
1757024083.910,latency_s,5.339512
1757024083.910,latency_s,5.338383
1757024083.910,latency_s,5.335543
1757024083.910,latency_s,5.335683
1757024083.911,latency_s,5.332785
1757024083.911,latency_s,5.331285
1757024083.911,latency_s,5.389869
1757024083.911,latency_s,5.316025
1757024083.911,latency_s,5.312278
1757024083.911,latency_s,5.307884
1757024083.911,latency_s,5.307518
1757024083.911,latency_s,5.303702
1757024084.005,latency_s,5.392208
1757024084.006,latency_s,5.390276
1757024084.006,latency_s,5.343693
1757024084.006,latency_s,5.343311
1757024084.006,latency_s,5.337063
1757024084.006,latency_s,5.335085
1757024084.006,latency_s,5.334931
1757024084.006,latency_s,5.333686
1757024084.006,latency_s,5.330786
1757024084.100,latency_s,5.424824
1757024084.100,latency_s,5.477581
1757024084.100,latency_s,5.422056
1757024084.100,latency_s,5.420113
1757024084.100,latency_s,5.403384
1757024084.102,latency_s,5.393946
1757024084.102,latency_s,5.388079
1757024084.102,latency_s,5.385666
1757024084.102,latency_s,5.338810
1757024084.102,latency_s,5.338887
1757024084.102,latency_s,5.332530
1757024084.102,latency_s,5.330513
1757024084.102,latency_s,5.330619
1757024084.102,latency_s,5.329396
1757024084.102,latency_s,5.378022
1757024084.102,latency_s,5.326150
1757024084.102,latency_s,5.326055
1757024084.102,latency_s,5.323416
1757024084.102,latency_s,5.321423
1757024084.102,latency_s,5.303715
1757024084.103,latency_s,5.303347
1757024084.103,latency_s,5.298735
1757024084.103,latency_s,5.297883
1757024084.195,latency_s,5.387155
1757024084.195,latency_s,5.386801
1757024084.195,latency_s,5.380780
1757024084.195,latency_s,5.376776
1757024084.195,latency_s,5.331623
1757024084.196,latency_s,5.328726
1757024084.196,latency_s,5.370896
1757024084.196,latency_s,5.325442
1757024084.197,latency_s,5.324797
1757024084.198,latency_s,5.326197
1757024084.291,latency_s,5.418061
1757024084.291,latency_s,5.414338
1757024084.292,latency_s,5.414306
1757024084.292,latency_s,5.411872
1757024084.292,latency_s,5.409066
1757024084.292,latency_s,5.391334
1757024084.292,latency_s,5.390393
1757024084.292,latency_s,5.387667
1757024084.292,latency_s,5.386507
1757024084.292,latency_s,5.383487
1757024084.292,latency_s,5.382648
1757024084.292,latency_s,5.377096
1757024084.292,latency_s,5.372322
1757024084.292,latency_s,5.366821
1757024084.292,latency_s,5.327540
1757024084.292,latency_s,5.324593
1757024084.292,latency_s,5.321555
1757024084.292,latency_s,5.319226
1757024084.293,latency_s,5.319781
1757024084.293,latency_s,5.319141
1757024084.293,latency_s,5.315119
1757024084.293,latency_s,5.315022
1757024084.293,latency_s,5.313289
1757024084.293,latency_s,5.309925
1757024084.293,latency_s,5.292439
1757024084.293,latency_s,5.290986
1757024084.387,latency_s,5.382170
1757024084.387,latency_s,5.380786
1757024084.387,latency_s,5.376535
1757024084.387,latency_s,5.376698
1757024084.387,latency_s,5.371855
1757024084.387,latency_s,5.367136
1757024084.389,latency_s,5.361262
1757024084.389,latency_s,5.324334
1757024084.389,latency_s,5.320021
1757024084.389,latency_s,5.318077
1757024084.389,latency_s,5.316139
1757024084.389,latency_s,5.314531
1757024084.389,latency_s,5.314681
1757024084.389,latency_s,5.310531
1757024084.389,latency_s,5.310707
1757024084.389,latency_s,5.308945
1757024084.389,latency_s,5.304964
1757024084.389,latency_s,5.288386
1757024084.389,latency_s,5.286271
1757024084.389,latency_s,5.284388
1757024084.389,latency_s,5.283416
1757024084.390,latency_s,5.278991
1757024084.390,latency_s,5.279040
1757024084.485,latency_s,5.369699
1757024084.485,latency_s,5.363038
1757024084.485,latency_s,5.355531
1757024084.485,latency_s,5.320119
1757024084.485,latency_s,5.315429
1757024084.485,latency_s,5.313343
1757024084.485,latency_s,5.311566
1757024084.485,latency_s,5.309530
1757024084.485,latency_s,5.309659
1757024084.485,latency_s,5.306220
1757024084.580,latency_s,5.400455
1757024084.580,latency_s,5.399326
1757024084.580,latency_s,5.394939
1757024084.580,latency_s,5.378860
1757024084.580,latency_s,5.376268
1757024084.580,latency_s,5.374655
1757024084.580,latency_s,5.374217
1757024084.580,latency_s,5.369297
1757024084.581,latency_s,5.369329
1757024084.581,latency_s,5.365048
1757024084.581,latency_s,5.357080
1757024084.581,latency_s,5.350205
1757024084.581,latency_s,5.315475
1757024084.581,latency_s,5.309898
1757024084.581,latency_s,5.308843
1757024084.676,latency_s,5.401482
1757024084.676,latency_s,5.399575
1757024084.676,latency_s,5.399715
1757024084.676,latency_s,5.396561
1757024084.676,latency_s,5.396348
1757024084.676,latency_s,5.394891
1757024084.676,latency_s,5.390443
1757024084.676,latency_s,5.374803
1757024084.676,latency_s,5.371740
1757024084.676,latency_s,5.370238
1757024084.676,latency_s,5.369983
1757024084.676,latency_s,5.364807
1757024084.676,latency_s,5.364576
1757024084.676,latency_s,5.360669
1757024084.676,latency_s,5.352786
1757024084.676,latency_s,5.343435
1757024084.677,latency_s,5.310041
1757024084.771,latency_s,5.390999
1757024084.771,latency_s,5.389236
1757024084.771,latency_s,5.385234
1757024084.771,latency_s,5.369509
1757024084.771,latency_s,5.365675
1757024084.771,latency_s,5.364733
1757024084.771,latency_s,5.364716
1757024084.771,latency_s,5.359539
1757024084.771,latency_s,5.359221
1757024084.772,latency_s,5.355654
1757024084.772,latency_s,5.347281
1757024084.772,latency_s,5.337912
1757024084.772,latency_s,5.304868
1757024084.772,latency_s,5.299896
1757024084.772,latency_s,5.298548
1757024084.866,latency_s,5.385275
1757024084.866,latency_s,5.383572
1757024084.867,latency_s,5.380172
1757024084.867,latency_s,5.364886
1757024084.867,latency_s,5.360552
1757024084.867,latency_s,5.359710
1757024084.867,latency_s,5.359665
1757024084.867,latency_s,5.354555
1757024084.867,latency_s,5.354324
1757024084.867,latency_s,5.350389
1757024084.867,latency_s,5.342374
1757024084.867,latency_s,5.332711
1757024084.867,latency_s,5.299690
1757024084.867,latency_s,5.294819
1757024084.867,latency_s,5.293332
1757024084.867,latency_s,5.292215
1757024084.867,latency_s,5.289623
1757024084.961,latency_s,5.380227
1757024084.961,latency_s,5.378603
1757024084.961,latency_s,5.374074
1757024084.961,latency_s,5.359001
1757024084.962,latency_s,5.354733
1757024084.962,latency_s,5.354382
1757024084.962,latency_s,5.354225
1757024084.962,latency_s,5.348921
1757024084.962,latency_s,5.348530
1757024084.962,latency_s,5.345013
1757024084.962,latency_s,5.335185
1757024084.962,latency_s,5.327266
1757024084.962,latency_s,5.294242
1757024084.962,latency_s,5.288297
1757024084.962,latency_s,5.287650
1757024085.057,latency_s,5.377924
1757024085.057,latency_s,5.375326
1757024085.057,latency_s,5.375269
1757024085.057,latency_s,5.373476
1757024085.057,latency_s,5.368042
1757024085.057,latency_s,5.353934
1757024085.057,latency_s,5.348306
1757024085.057,latency_s,5.348162
1757024085.057,latency_s,5.346504
1757024085.057,latency_s,5.343583
1757024085.057,latency_s,5.343340
1757024085.099,latency_s,5.382049
1757024085.099,latency_s,5.371799
1757024085.100,latency_s,5.362460
1757024085.100,latency_s,5.331461
1757024085.100,latency_s,5.324950
1757024085.100,latency_s,5.324394
1757024085.152,latency_s,5.373353
1757024085.152,latency_s,5.370463
1757024085.153,latency_s,5.370440
1757024085.153,latency_s,5.369030
1757024085.153,latency_s,5.361075
1757024085.153,latency_s,5.348980
1757024085.153,latency_s,5.343992
1757024085.153,latency_s,5.343677
1757024085.153,latency_s,5.340688
1757024085.153,latency_s,5.338703
1757024085.153,latency_s,5.338657
1757024085.153,latency_s,5.334867
1757024085.153,latency_s,5.324562
1757024085.153,latency_s,5.315202
1757024085.153,latency_s,5.284163
1757024085.250,latency_s,5.370589
1757024085.250,latency_s,5.365267
1757024085.250,latency_s,5.365187
1757024085.250,latency_s,5.365339
1757024085.250,latency_s,5.357631
1757024085.250,latency_s,5.344814
1757024085.250,latency_s,5.340949
1757024085.250,latency_s,5.340600
1757024085.250,latency_s,5.337334
1757024085.250,latency_s,5.335988
1757024085.250,latency_s,5.335586
1757024085.250,latency_s,5.332160
1757024085.250,latency_s,5.321192
1757024085.344,latency_s,5.405965
1757024085.345,latency_s,5.375664
1757024085.345,latency_s,5.369134
1757024085.345,latency_s,5.368894
1757024085.345,latency_s,5.364808
1757024085.345,latency_s,5.359996
1757024085.345,latency_s,5.360045
1757024085.345,latency_s,5.360129
1757024085.345,latency_s,5.349139
1757024085.346,latency_s,5.340170
1757024085.346,latency_s,5.336826
1757024085.347,latency_s,5.336351
1757024085.347,latency_s,5.332793
1757024085.347,latency_s,5.331727
1757024085.347,latency_s,5.330370
1757024085.347,latency_s,5.327448
1757024085.439,latency_s,5.409520
1757024085.439,latency_s,5.399404
1757024085.440,latency_s,5.369931
1757024085.440,latency_s,5.359365
1757024085.440,latency_s,5.354231
1757024085.440,latency_s,5.354048
1757024085.440,latency_s,5.353932
1757024085.440,latency_s,5.343045
1757024085.440,latency_s,5.334534
1757024085.440,latency_s,5.330426
1757024085.440,latency_s,5.329895
1757024085.440,latency_s,5.325745
1757024085.440,latency_s,5.325018
1757024085.440,latency_s,5.323889
1757024085.441,latency_s,5.320905
1757024085.441,latency_s,5.308677
1757024085.534,latency_s,5.353694
1757024085.535,latency_s,5.348967
1757024085.535,latency_s,5.348603
1757024085.535,latency_s,5.348759
1757024085.535,latency_s,5.337237
1757024085.535,latency_s,5.329071
1757024085.535,latency_s,5.324860
1757024085.535,latency_s,5.324283
1757024085.535,latency_s,5.318870
1757024085.535,latency_s,5.318708
1757024085.535,latency_s,5.317463
1757024085.535,latency_s,5.315349
1757024085.535,latency_s,5.302621
1757024085.535,latency_s,5.293362
1757024085.535,latency_s,5.265229
1757024085.535,latency_s,5.258437
1757024085.630,latency_s,5.352345
1757024085.630,latency_s,5.348475
1757024085.630,latency_s,5.348678
1757024085.630,latency_s,5.343848
1757024085.630,latency_s,5.343726
1757024085.630,latency_s,5.342973
1757024085.630,latency_s,5.332550
1757024085.630,latency_s,5.324233
1757024085.630,latency_s,5.319871
1757024085.630,latency_s,5.318927
1757024085.630,latency_s,5.312853
1757024085.630,latency_s,5.312830
1757024085.630,latency_s,5.312181
1757024085.630,latency_s,5.310452
1757024085.630,latency_s,5.293397
1757024085.631,latency_s,5.287986
1757024085.725,latency_s,5.347744
1757024085.725,latency_s,5.347575
1757024085.725,latency_s,5.347245
1757024085.725,latency_s,5.343035
1757024085.725,latency_s,5.342845
1757024085.725,latency_s,5.338231
1757024085.725,latency_s,5.338143
1757024085.725,latency_s,5.336351
1757024085.725,latency_s,5.326919
1757024085.725,latency_s,5.318675
1757024085.726,latency_s,5.315409
1757024085.726,latency_s,5.314575
1757024085.726,latency_s,5.308082
1757024085.726,latency_s,5.307789
1757024085.726,latency_s,5.307681
1757024085.726,latency_s,5.306129
1757024085.916,latency_s,5.477845
1757024085.916,latency_s,5.471514
1757024085.916,latency_s,5.445063
1757024085.916,latency_s,5.438686
1757024085.916,latency_s,5.438334
1757024085.916,latency_s,5.437837
1757024085.916,latency_s,5.432830
1757024085.916,latency_s,5.432850
1757024085.916,latency_s,5.428413
1757024085.916,latency_s,5.428530
1757024085.916,latency_s,5.426615
1757024085.916,latency_s,5.417207
1757024085.916,latency_s,5.409348
1757024085.916,latency_s,5.404958
1757024085.916,latency_s,5.404054
1757024085.916,latency_s,5.396990
1757024085.916,latency_s,5.377664
1757024085.921,latency_s,5.376499
1757024085.921,latency_s,5.349440
1757024085.921,latency_s,5.343630
1757024085.921,latency_s,5.343254
1757024085.921,latency_s,5.342685
1757024085.921,latency_s,5.337427
1757024085.921,latency_s,5.337523
1757024085.921,latency_s,5.333701
1757024085.921,latency_s,5.333541
1757024085.921,latency_s,5.331826
1757024085.922,latency_s,5.320883
1757024085.922,latency_s,5.314550
1757024085.922,latency_s,5.309694
1757024085.922,latency_s,5.309126
1757024085.922,latency_s,5.301306
1757024086.011,latency_s,5.390469
1757024086.016,latency_s,5.376516
1757024086.016,latency_s,5.371851
1757024086.016,latency_s,5.344290
1757024086.016,latency_s,5.338408
1757024086.016,latency_s,5.338291
1757024086.017,latency_s,5.337795
1757024086.017,latency_s,5.331988
1757024086.017,latency_s,5.332001
1757024086.017,latency_s,5.328367
1757024086.111,latency_s,5.422890
1757024086.111,latency_s,5.421067
1757024086.111,latency_s,5.409773
1757024086.112,latency_s,5.404182
1757024086.112,latency_s,5.399452
1757024086.112,latency_s,5.398034
1757024086.112,latency_s,5.390057
1757024086.112,latency_s,5.390151
1757024086.112,latency_s,5.390181
1757024086.112,latency_s,5.390157
1757024086.112,latency_s,5.371424
1757024086.112,latency_s,5.366280
1757024086.112,latency_s,5.339732
1757024086.112,latency_s,5.333393
1757024086.112,latency_s,5.333302
1757024086.112,latency_s,5.333133
1757024086.112,latency_s,5.327438
1757024086.112,latency_s,5.327110
1757024086.112,latency_s,5.323250
1757024086.112,latency_s,5.323125
1757024086.112,latency_s,5.321394
1757024086.113,latency_s,5.310018
1757024086.113,latency_s,5.304739
1757024086.207,latency_s,5.384172
1757024086.207,latency_s,5.384275
1757024086.207,latency_s,5.384562
1757024086.207,latency_s,5.384646
1757024086.207,latency_s,5.363916
1757024086.207,latency_s,5.360041
1757024086.207,latency_s,5.333979
1757024086.207,latency_s,5.327750
1757024086.207,latency_s,5.326620
1757024086.207,latency_s,5.326631
1757024086.207,latency_s,5.321782
1757024086.207,latency_s,5.321821
1757024086.303,latency_s,5.412820
1757024086.303,latency_s,5.413038
1757024086.303,latency_s,5.411560
1757024086.303,latency_s,5.399759
1757024086.303,latency_s,5.394863
1757024086.303,latency_s,5.390073
1757024086.303,latency_s,5.388639
1757024086.303,latency_s,5.380234
1757024086.303,latency_s,5.380280
1757024086.303,latency_s,5.380176
1757024086.303,latency_s,5.379726
1757024086.303,latency_s,5.356727
1757024086.303,latency_s,5.356261
1757024086.303,latency_s,5.329685
1757024086.303,latency_s,5.323799
1757024086.303,latency_s,5.322573
1757024086.303,latency_s,5.322573
1757024086.303,latency_s,5.317430
1757024086.303,latency_s,5.317489
1757024086.304,latency_s,5.313598
1757024086.304,latency_s,5.312655
1757024086.304,latency_s,5.311830
1757024086.304,latency_s,5.300032
1757024086.304,latency_s,5.295225
1757024086.304,latency_s,5.289774
1757024086.304,latency_s,5.288862
1757024086.304,latency_s,5.280898
1757024086.398,latency_s,5.375360
1757024086.399,latency_s,5.375299
1757024086.399,latency_s,5.374067
1757024086.399,latency_s,5.351576
1757024086.399,latency_s,5.351483
1757024086.399,latency_s,5.325009
1757024086.399,latency_s,5.318691
1757024086.399,latency_s,5.317979
1757024086.399,latency_s,5.317675
1757024086.399,latency_s,5.312402
1757024086.399,latency_s,5.312109
1757024086.399,latency_s,5.308591
1757024086.399,latency_s,5.307625
1757024086.399,latency_s,5.307151
1757024086.493,latency_s,5.388575
1757024086.494,latency_s,5.384307
1757024086.494,latency_s,5.379322
1757024086.494,latency_s,5.378381
1757024086.494,latency_s,5.370040
1757024086.494,latency_s,5.370106
1757024086.494,latency_s,5.370004
1757024086.494,latency_s,5.368210
1757024086.494,latency_s,5.346364
1757024086.494,latency_s,5.346145
1757024086.494,latency_s,5.319356
1757024086.496,latency_s,5.314831
1757024086.496,latency_s,5.314610
1757024086.496,latency_s,5.314065
1757024086.496,latency_s,5.309065
1757024086.496,latency_s,5.308559
1757024086.496,latency_s,5.305293
1757024086.496,latency_s,5.303756
1757024086.589,latency_s,5.396381
1757024086.589,latency_s,5.383598
1757024086.589,latency_s,5.379720
1757024086.589,latency_s,5.374342
1757024086.589,latency_s,5.373356
1757024086.589,latency_s,5.365004
1757024086.589,latency_s,5.365064
1757024086.589,latency_s,5.364971
1757024086.589,latency_s,5.363122
1757024086.589,latency_s,5.341431
1757024086.589,latency_s,5.341019
1757024086.589,latency_s,5.314305
1757024086.590,latency_s,5.308527
1757024086.590,latency_s,5.307991
1757024086.684,latency_s,5.395964
1757024086.684,latency_s,5.392734
1757024086.684,latency_s,5.390307
1757024086.685,latency_s,5.390705
1757024086.685,latency_s,5.378484
1757024086.685,latency_s,5.374987
1757024086.685,latency_s,5.369252
1757024086.685,latency_s,5.368238
1757024086.685,latency_s,5.359885
1757024086.685,latency_s,5.359816
1757024086.685,latency_s,5.359964
1757024086.685,latency_s,5.357966
1757024086.685,latency_s,5.336304
1757024086.780,latency_s,5.428885
1757024086.780,latency_s,5.403194
1757024086.780,latency_s,5.398316
1757024086.780,latency_s,5.398306
1757024086.780,latency_s,5.397848
1757024086.780,latency_s,5.388149
1757024086.780,latency_s,5.385182
1757024086.780,latency_s,5.385132
1757024086.780,latency_s,5.373870
1757024086.780,latency_s,5.370353
1757024086.780,latency_s,5.364605
1757024086.780,latency_s,5.363593
1757024086.780,latency_s,5.355250
1757024086.780,latency_s,5.354889
1757024086.780,latency_s,5.354810
1757024086.780,latency_s,5.351891
1757024086.781,latency_s,5.330954
1757024086.821,latency_s,5.370026
1757024086.821,latency_s,5.344507
1757024086.875,latency_s,5.386681
1757024086.875,latency_s,5.386877
1757024086.875,latency_s,5.382548
1757024086.875,latency_s,5.379641
1757024086.875,latency_s,5.379570
1757024086.875,latency_s,5.367413
1757024086.875,latency_s,5.363998
1757024086.875,latency_s,5.359095
1757024086.875,latency_s,5.358152
1757024086.876,latency_s,5.350214
1757024086.876,latency_s,5.349757
1757024086.876,latency_s,5.349613
1757024086.876,latency_s,5.346887
1757024086.970,latency_s,5.380945
1757024086.970,latency_s,5.381082
1757024086.970,latency_s,5.377160
1757024086.970,latency_s,5.373779
1757024086.970,latency_s,5.373647
1757024086.970,latency_s,5.361479
1757024086.970,latency_s,5.358478
1757024086.970,latency_s,5.353276
1757024086.970,latency_s,5.352884
1757024086.971,latency_s,5.344985
1757024086.971,latency_s,5.344069
1757024086.971,latency_s,5.344211
1757024086.971,latency_s,5.341337
1757024086.971,latency_s,5.319623
1757024087.065,latency_s,5.410463
1757024087.066,latency_s,5.387438
1757024087.066,latency_s,5.380878
1757024087.066,latency_s,5.380746
1757024087.066,latency_s,5.380780
1757024087.066,latency_s,5.376245
1757024087.066,latency_s,5.376305
1757024087.066,latency_s,5.372417
1757024087.066,latency_s,5.368300
1757024087.066,latency_s,5.368350
1757024087.066,latency_s,5.356705
1757024087.066,latency_s,5.353848
1757024087.066,latency_s,5.348993
1757024087.066,latency_s,5.339783
1757024087.066,latency_s,5.339686
1757024087.066,latency_s,5.338802
1757024087.066,latency_s,5.335453
1757024087.066,latency_s,5.314628
1757024087.162,latency_s,5.372165
1757024087.162,latency_s,5.368731
1757024087.162,latency_s,5.363368
1757024087.162,latency_s,5.363469
1757024087.163,latency_s,5.352978
1757024087.163,latency_s,5.349737
1757024087.163,latency_s,5.344842
1757024087.163,latency_s,5.335472
1757024087.163,latency_s,5.335494
1757024087.163,latency_s,5.334967
1757024087.163,latency_s,5.331655
1757024087.163,latency_s,5.309323
1757024087.163,latency_s,5.306511
1757024087.163,latency_s,5.284004
1757024087.257,latency_s,5.363382
1757024087.257,latency_s,5.357758
1757024087.257,latency_s,5.357833
1757024087.258,latency_s,5.346553
1757024087.258,latency_s,5.343594
1757024087.258,latency_s,5.538971
1757024087.258,latency_s,5.438155
1757024087.258,latency_s,5.339327
1757024087.258,latency_s,5.330337
1757024087.258,latency_s,5.330391
1757024087.258,latency_s,5.330025
1757024087.258,latency_s,5.326277
1757024087.258,latency_s,5.303653
1757024087.258,latency_s,5.301318
1757024087.258,latency_s,5.278772
1757024087.353,latency_s,5.366949
1757024087.353,latency_s,5.367097
1757024087.353,latency_s,5.366347
1757024087.353,latency_s,5.362362
1757024087.354,latency_s,5.358677
1757024087.354,latency_s,5.353293
1757024087.354,latency_s,5.353335
1757024087.354,latency_s,5.342037
1757024087.354,latency_s,5.433280
1757024087.354,latency_s,5.339131
1757024087.354,latency_s,5.334613
1757024087.354,latency_s,5.325880
1757024087.354,latency_s,5.325607
1757024087.354,latency_s,5.325449
1757024087.354,latency_s,5.321595
1757024087.354,latency_s,5.298922
1757024087.354,latency_s,5.295985
1757024087.448,latency_s,5.355271
1757024087.448,latency_s,5.355278
1757024087.448,latency_s,5.352247
1757024087.448,latency_s,5.347481
1757024087.448,latency_s,5.346118
1757024087.448,latency_s,5.426627
1757024087.448,latency_s,5.335880
1757024087.448,latency_s,5.332949
1757024087.448,latency_s,5.328719
1757024087.448,latency_s,5.319913
1757024087.448,latency_s,5.319872
1757024087.449,latency_s,5.319793
1757024087.449,latency_s,5.315557
1757024087.449,latency_s,5.292881
1757024087.449,latency_s,5.290071
1757024087.545,latency_s,5.350805
1757024087.545,latency_s,5.351071
1757024087.545,latency_s,5.348687
1757024087.545,latency_s,5.343796
1757024087.545,latency_s,5.422196
1757024087.545,latency_s,5.342416
1757024087.545,latency_s,5.331572
1757024087.545,latency_s,5.328941
1757024087.545,latency_s,5.325173
1757024087.640,latency_s,5.411066
1757024087.640,latency_s,5.410666
1757024087.640,latency_s,5.410994
1757024087.640,latency_s,5.406880
1757024087.640,latency_s,5.382614
1757024087.640,latency_s,5.380835
1757024087.640,latency_s,5.358226
1757024087.640,latency_s,5.350687
1757024087.642,latency_s,5.351927
1757024087.642,latency_s,5.349322
1757024087.642,latency_s,5.347808
1757024087.642,latency_s,5.347641
1757024087.642,latency_s,5.345465
1757024087.642,latency_s,5.418002
1757024087.642,latency_s,5.340174
1757024087.642,latency_s,5.338193
1757024087.642,latency_s,5.327693
1757024087.642,latency_s,5.324967
1757024087.642,latency_s,5.321939
1757024087.642,latency_s,5.312119
1757024087.642,latency_s,5.312189
1757024087.642,latency_s,5.312098
1757024087.642,latency_s,5.308431
1757024087.735,latency_s,5.344619
1757024087.735,latency_s,5.340283
1757024087.735,latency_s,5.340233
1757024087.735,latency_s,5.338629
1757024087.735,latency_s,5.333029
1757024087.735,latency_s,5.320754
1757024087.736,latency_s,5.317939
1757024087.736,latency_s,5.315438
1757024087.736,latency_s,5.305732
1757024087.737,latency_s,5.306838
1757024087.737,latency_s,5.306790
1757024087.737,latency_s,5.302864
1757024087.737,latency_s,5.278254
1757024087.737,latency_s,5.277851
1757024087.738,latency_s,5.254722
1757024087.738,latency_s,5.246408
1757024087.738,latency_s,5.246537
1757024087.831,latency_s,5.335251
1757024087.831,latency_s,5.335093
1757024087.831,latency_s,5.334415
1757024087.831,latency_s,5.328784
1757024087.831,latency_s,5.315083
1757024087.831,latency_s,5.313164
1757024087.831,latency_s,5.311122
1757024087.831,latency_s,5.300834
1757024087.832,latency_s,5.300588
1757024087.832,latency_s,5.300864
1757024087.832,latency_s,5.296938
1757024087.832,latency_s,5.272628
1757024087.833,latency_s,5.272584
1757024087.833,latency_s,5.249233
1757024087.833,latency_s,5.241001
1757024087.833,latency_s,5.241140
1757024087.833,latency_s,5.440221
1757024087.833,latency_s,5.340034
1757024087.833,latency_s,5.239589
1757024087.833,latency_s,5.236570
1757024087.833,latency_s,5.236492
1757024087.833,latency_s,5.236311
1757024087.833,latency_s,5.230417
1757024087.834,latency_s,5.429203
1757024087.928,latency_s,5.421691
1757024087.928,latency_s,5.311300
1757024087.928,latency_s,5.307917
1757024087.928,latency_s,5.307483
1757024087.928,latency_s,5.296321
1757024087.928,latency_s,5.297202
1757024087.928,latency_s,5.296696
1757024087.928,latency_s,5.292918
1757024087.928,latency_s,5.266658
1757024087.928,latency_s,5.266684
1757024087.928,latency_s,5.602926
1757024087.929,latency_s,5.502285
1757024087.969,latency_s,5.442430
1757024087.969,latency_s,5.342350
1757024087.969,latency_s,5.285314
1757024087.969,latency_s,5.276832
1757024087.969,latency_s,5.276024
1757024087.969,latency_s,5.274963
1757024087.969,latency_s,5.272152
1757024088.022,latency_s,5.324822
1757024088.024,latency_s,5.326685
1757024088.024,latency_s,5.418067
1757024088.024,latency_s,5.319588
1757024088.024,latency_s,5.307285
1757024088.024,latency_s,5.303841
1757024088.024,latency_s,5.303761
1757024088.024,latency_s,5.293061
1757024088.024,latency_s,5.291914
1757024088.025,latency_s,5.291950
1757024088.025,latency_s,5.288862
1757024088.025,latency_s,5.262209
1757024088.025,latency_s,5.262299
1757024088.117,latency_s,5.389882
1757024088.118,latency_s,5.333402
1757024088.118,latency_s,5.324788
1757024088.118,latency_s,5.324044
1757024088.118,latency_s,5.409939
1757024088.118,latency_s,5.321750
1757024088.118,latency_s,5.319829
1757024088.118,latency_s,5.319865
1757024088.118,latency_s,5.319852
1757024088.118,latency_s,5.312997
1757024088.118,latency_s,5.300199
1757024088.118,latency_s,5.297252
1757024088.119,latency_s,5.298398
1757024088.119,latency_s,5.287124
1757024088.119,latency_s,5.286221
1757024088.119,latency_s,5.286044
1757024088.119,latency_s,5.283289
1757024088.119,latency_s,5.256186
1757024088.119,latency_s,5.256207
1757024088.213,latency_s,5.328181
1757024088.213,latency_s,5.404809
1757024088.213,latency_s,5.320143
1757024088.214,latency_s,5.319270
1757024088.214,latency_s,5.316551
1757024088.214,latency_s,5.315605
1757024088.214,latency_s,5.315340
1757024088.214,latency_s,5.315321
1757024088.214,latency_s,5.308417
1757024088.214,latency_s,5.386145
1757024088.214,latency_s,5.295772
1757024088.214,latency_s,5.293070
1757024088.214,latency_s,5.292598
1757024088.308,latency_s,5.374605
1757024088.308,latency_s,5.373705
1757024088.308,latency_s,5.371803
1757024088.308,latency_s,5.344684
1757024088.309,latency_s,5.344849
1757024088.309,latency_s,5.323926
1757024088.309,latency_s,5.400693
1757024088.309,latency_s,5.314620
1757024088.310,latency_s,5.311776
1757024088.310,latency_s,5.311790
1757024088.310,latency_s,5.310871
1757024088.310,latency_s,5.310869
1757024088.310,latency_s,5.310630
1757024088.310,latency_s,5.381667
1757024088.310,latency_s,5.304008
1757024088.310,latency_s,5.291219
1757024088.310,latency_s,5.288374
1757024088.310,latency_s,5.288156
1757024088.310,latency_s,5.277034
1757024088.403,latency_s,5.368672
1757024088.403,latency_s,5.367875
1757024088.403,latency_s,5.366166
1757024088.403,latency_s,5.338010
1757024088.403,latency_s,5.336927
1757024088.403,latency_s,5.394413
1757024088.404,latency_s,5.317482
1757024088.404,latency_s,5.307055
1757024088.404,latency_s,5.305173
1757024088.404,latency_s,5.305272
1757024088.404,latency_s,5.304570
1757024088.404,latency_s,5.304695
1757024088.404,latency_s,5.304672
1757024088.499,latency_s,5.379610
1757024088.499,latency_s,5.376742
1757024088.499,latency_s,5.376760
1757024088.499,latency_s,5.365548
1757024088.499,latency_s,5.364295
1757024088.499,latency_s,5.362582
1757024088.499,latency_s,5.360194
1757024088.499,latency_s,5.332619
1757024088.499,latency_s,5.332398
1757024088.499,latency_s,5.389467
1757024088.499,latency_s,5.313131
1757024088.500,latency_s,5.370206
1757024088.500,latency_s,5.303072
1757024088.500,latency_s,5.299797
1757024088.500,latency_s,5.299675
1757024088.500,latency_s,5.299902
1757024088.500,latency_s,5.299809
1757024088.500,latency_s,5.299431
1757024088.500,latency_s,5.292886
1757024088.594,latency_s,5.374357
1757024088.594,latency_s,5.371730
1757024088.594,latency_s,5.371737
1757024088.594,latency_s,5.360514
1757024088.595,latency_s,5.359359
1757024088.595,latency_s,5.357546
1757024088.595,latency_s,5.355606
1757024088.595,latency_s,5.327400
1757024088.595,latency_s,5.327197
1757024088.595,latency_s,5.384391
1757024088.595,latency_s,5.307966
1757024088.595,latency_s,5.365137
1757024088.595,latency_s,5.297720
1757024088.689,latency_s,5.387751
1757024088.689,latency_s,5.381698
1757024088.689,latency_s,5.369445
1757024088.689,latency_s,5.366480
1757024088.689,latency_s,5.366219
1757024088.689,latency_s,5.354699
1757024088.689,latency_s,5.353752
1757024088.689,latency_s,5.351820
1757024088.690,latency_s,5.349870
1757024088.690,latency_s,5.379063
1757024088.690,latency_s,5.321722
1757024088.690,latency_s,5.321258
1757024088.690,latency_s,5.302304
1757024088.690,latency_s,5.359637
1757024088.690,latency_s,5.291999
1757024088.730,latency_s,5.329692
1757024088.731,latency_s,5.329490
1757024088.731,latency_s,5.329426
1757024088.731,latency_s,5.328677
1757024088.784,latency_s,5.382117
1757024088.785,latency_s,5.376479
1757024088.785,latency_s,5.364209
1757024088.785,latency_s,5.361220
1757024088.785,latency_s,5.361088
1757024088.785,latency_s,5.350039
1757024088.785,latency_s,5.348870
1757024088.785,latency_s,5.346523
1757024088.785,latency_s,5.344737
1757024088.785,latency_s,5.373914
1757024088.785,latency_s,5.316839
1757024088.785,latency_s,5.316344
1757024088.785,latency_s,5.354255
1757024088.879,latency_s,5.377549
1757024088.880,latency_s,5.377463
1757024088.880,latency_s,5.371463
1757024088.880,latency_s,5.358718
1757024088.880,latency_s,5.355313
1757024088.880,latency_s,5.355314
1757024088.880,latency_s,5.344507
1757024088.880,latency_s,5.343561
1757024088.880,latency_s,5.340571
1757024088.880,latency_s,5.339716
1757024088.880,latency_s,5.368303
1757024088.880,latency_s,5.310673
1757024088.880,latency_s,5.310489
1757024088.880,latency_s,5.348667
1757024088.880,latency_s,5.292034
1757024088.880,latency_s,5.281615
1757024088.880,latency_s,5.278647
1757024088.880,latency_s,5.278585
1757024088.880,latency_s,5.278233
1757024088.975,latency_s,5.372374
1757024088.975,latency_s,5.372175
1757024088.975,latency_s,5.366415
1757024088.975,latency_s,5.353595
1757024088.976,latency_s,5.350628
1757024088.976,latency_s,5.350213
1757024088.976,latency_s,5.339875
1757024088.976,latency_s,5.338420
1757024088.976,latency_s,5.334576
1757024088.976,latency_s,5.334500
1757024088.976,latency_s,5.362698
1757024088.976,latency_s,5.305450
1757024088.976,latency_s,5.305505
1757024088.976,latency_s,5.344135
1757024088.976,latency_s,5.277009
1757024088.976,latency_s,5.273805
1757024089.071,latency_s,5.368397
1757024089.071,latency_s,5.368503
1757024089.071,latency_s,5.367819
1757024089.071,latency_s,5.367577
1757024089.071,latency_s,5.361524
1757024089.071,latency_s,5.348161
1757024089.071,latency_s,5.345293
1757024089.071,latency_s,5.335016
1757024089.071,latency_s,5.333682
1757024089.071,latency_s,5.329647
1757024089.071,latency_s,5.329390
1757024089.071,latency_s,5.357671
1757024089.071,latency_s,5.339146
1757024089.072,latency_s,5.300667
1757024089.072,latency_s,5.300575
1757024089.072,latency_s,5.272119
1757024089.072,latency_s,5.268740
1757024089.072,latency_s,5.268008
1757024089.072,latency_s,5.268595
1757024089.166,latency_s,5.356034
1757024089.166,latency_s,5.341825
1757024089.166,latency_s,5.338448
1757024089.166,latency_s,5.329153
1757024089.166,latency_s,5.328105
1757024089.166,latency_s,5.323828
1757024089.166,latency_s,5.323631
1757024089.166,latency_s,5.352243
1757024089.166,latency_s,5.333788
1757024089.167,latency_s,5.294594
1757024089.167,latency_s,5.293169
1757024089.167,latency_s,5.477744
1757024089.167,latency_s,5.377578
1757024089.167,latency_s,5.277063
1757024089.167,latency_s,5.267032
1757024089.167,latency_s,5.264066
1757024089.262,latency_s,5.358382
1757024089.262,latency_s,5.358270
1757024089.262,latency_s,5.358040
1757024089.262,latency_s,5.357351
1757024089.262,latency_s,5.351705
1757024089.262,latency_s,5.536142
1757024089.262,latency_s,5.435542
1757024089.262,latency_s,5.336806
1757024089.262,latency_s,5.334457
1757024089.262,latency_s,5.324565
1757024089.262,latency_s,5.323733
1757024089.262,latency_s,5.345460
1757024089.262,latency_s,5.318861
1757024089.262,latency_s,5.318694
1757024089.262,latency_s,5.329296
1757024089.262,latency_s,5.289843
1757024089.262,latency_s,5.287932
1757024089.263,latency_s,5.272234
1757024089.263,latency_s,5.262503
1757024089.263,latency_s,5.259109
1757024089.263,latency_s,5.259023
1757024089.263,latency_s,5.258641
1757024089.263,latency_s,5.258784
1757024089.263,latency_s,5.257143
1757024089.263,latency_s,5.251934
1757024089.358,latency_s,5.430393
1757024089.358,latency_s,5.331353
1757024089.358,latency_s,5.328715
1757024089.358,latency_s,5.340777
1757024089.358,latency_s,5.318636
1757024089.358,latency_s,5.318290
1757024089.358,latency_s,5.313801
1757024089.358,latency_s,5.313640
1757024089.358,latency_s,5.324213
1757024089.358,latency_s,5.284820
1757024089.358,latency_s,5.282344
1757024089.358,latency_s,5.267075
1757024089.358,latency_s,5.257839
1757024089.358,latency_s,5.254310
1757024089.358,latency_s,5.254053
1757024089.358,latency_s,5.253691
1757024089.358,latency_s,5.253693
1757024089.453,latency_s,5.346602
1757024089.453,latency_s,5.341086
1757024089.453,latency_s,5.423995
1757024089.453,latency_s,5.325859
1757024089.453,latency_s,5.335307
1757024089.453,latency_s,5.323768
1757024089.453,latency_s,5.313460
1757024089.453,latency_s,5.313182
1757024089.453,latency_s,5.308296
1757024089.453,latency_s,5.308270
1757024089.548,latency_s,5.413986
1757024089.548,latency_s,5.374165
1757024089.548,latency_s,5.372258
1757024089.548,latency_s,5.356997
1757024089.548,latency_s,5.347732
1757024089.549,latency_s,5.344422
1757024089.550,latency_s,5.344573
1757024089.550,latency_s,5.344508
1757024089.550,latency_s,5.344181
1757024089.550,latency_s,5.343255
1757024089.550,latency_s,5.337752
1757024089.550,latency_s,5.420367
1757024089.550,latency_s,5.331495
1757024089.550,latency_s,5.322114
1757024089.550,latency_s,5.320077
1757024089.550,latency_s,5.307892
1757024089.643,latency_s,5.401242
1757024089.643,latency_s,5.398467
1757024089.643,latency_s,5.396970
1757024089.644,latency_s,5.408930
1757024089.644,latency_s,5.368385
1757024089.644,latency_s,5.367167
1757024089.644,latency_s,5.351822
1757024089.644,latency_s,5.343005
1757024089.644,latency_s,5.338563
1757024089.644,latency_s,5.338603
1757024089.644,latency_s,5.338437
1757024089.644,latency_s,5.337612
1757024089.644,latency_s,5.337153
1757024089.644,latency_s,5.413841
1757024089.644,latency_s,5.331937
1757024089.686,latency_s,5.367542
1757024089.738,latency_s,5.362720
1757024089.739,latency_s,5.361881
1757024089.740,latency_s,5.346201
1757024089.740,latency_s,5.337889
1757024089.740,latency_s,5.409283
1757024089.740,latency_s,5.334169
1757024089.740,latency_s,5.334466
1757024089.740,latency_s,5.334181
1757024089.740,latency_s,5.333153
1757024089.740,latency_s,5.332428
1757024089.740,latency_s,5.327667
1757024089.740,latency_s,5.320902
1757024089.740,latency_s,5.311443
1757024089.740,latency_s,5.308370
1757024089.740,latency_s,5.304180
1757024089.740,latency_s,5.296789
1757024089.835,latency_s,5.387373
1757024089.835,latency_s,5.358129
1757024089.835,latency_s,5.356956
1757024089.835,latency_s,5.341212
1757024089.835,latency_s,5.403418
1757024089.835,latency_s,5.332949
1757024089.835,latency_s,5.328464
1757024089.835,latency_s,5.328313
1757024089.835,latency_s,5.328129
1757024089.835,latency_s,5.327536
1757024089.835,latency_s,5.327079
1757024089.835,latency_s,5.322645
1757024089.835,latency_s,5.315382
1757024089.835,latency_s,5.305060
1757024089.835,latency_s,5.303118
1757024089.835,latency_s,5.298677
1757024089.930,latency_s,5.386799
1757024089.931,latency_s,5.383622
1757024089.931,latency_s,5.382749
1757024089.931,latency_s,5.352730
1757024089.931,latency_s,5.352314
1757024089.931,latency_s,5.336527
1757024089.931,latency_s,5.398677
1757024089.931,latency_s,5.328690
1757024089.931,latency_s,5.324189
1757024089.931,latency_s,5.323719
1757024089.931,latency_s,5.321928
1757024089.931,latency_s,5.321003
1757024089.931,latency_s,5.321048
1757024089.931,latency_s,5.318207
1757024090.026,latency_s,5.405223
1757024090.026,latency_s,5.394561
1757024090.026,latency_s,5.388927
1757024090.026,latency_s,5.381491
1757024090.026,latency_s,5.381737
1757024090.121,latency_s,5.473642
1757024090.121,latency_s,5.471873
1757024090.121,latency_s,5.440857
1757024090.121,latency_s,5.440409
1757024090.121,latency_s,5.488524
1757024090.121,latency_s,5.426195
1757024090.121,latency_s,5.418721
1757024090.121,latency_s,5.414208
1757024090.121,latency_s,5.413014
1757024090.121,latency_s,5.411903
1757024090.121,latency_s,5.410975
1757024090.121,latency_s,5.411026
1757024090.121,latency_s,5.407695
1757024090.124,latency_s,5.390754
1757024090.124,latency_s,5.387045
1757024090.124,latency_s,5.379941
1757024090.124,latency_s,5.379809
1757024090.124,latency_s,5.376835
1757024090.124,latency_s,5.374814
1757024090.124,latency_s,5.343760
1757024090.125,latency_s,5.343688
1757024090.125,latency_s,5.391189
1757024090.125,latency_s,5.328289
1757024090.125,latency_s,5.322359
1757024090.125,latency_s,5.317889
1757024090.125,latency_s,5.316182
1757024090.125,latency_s,5.315249
1757024090.216,latency_s,5.405566
1757024090.216,latency_s,5.401404
1757024090.216,latency_s,5.394899
1757024090.216,latency_s,5.383729
1757024090.216,latency_s,5.381827
1757024090.220,latency_s,5.382447
1757024090.220,latency_s,5.375604
1757024090.220,latency_s,5.374522
1757024090.221,latency_s,5.372854
1757024090.312,latency_s,5.461473
1757024090.312,latency_s,5.477376
1757024090.312,latency_s,5.430612
1757024090.312,latency_s,5.430617
1757024090.312,latency_s,5.415307
1757024090.312,latency_s,5.409343
1757024090.312,latency_s,5.404892
1757024090.312,latency_s,5.402655
1757024090.312,latency_s,5.401581
1757024090.312,latency_s,5.401254
1757024090.312,latency_s,5.401396
1757024090.312,latency_s,5.397367
1757024090.312,latency_s,5.390448
1757024090.312,latency_s,5.379473
1757024090.312,latency_s,5.377129
1757024090.317,latency_s,5.378588
1757024090.317,latency_s,5.371495
1757024090.317,latency_s,5.370282
1757024090.317,latency_s,5.368443
1757024090.317,latency_s,5.365773
1757024090.317,latency_s,5.381750
1757024090.317,latency_s,5.334953
1757024090.317,latency_s,5.334472
1757024090.407,latency_s,5.409585
1757024090.407,latency_s,5.404182
1757024090.407,latency_s,5.399404
1757024090.407,latency_s,5.396291
1757024090.407,latency_s,5.396533
1757024090.412,latency_s,5.400141
1757024090.412,latency_s,5.396831
1757024090.412,latency_s,5.388459
1757024090.412,latency_s,5.378252
1757024090.412,latency_s,5.376288
1757024090.412,latency_s,5.373419
1757024090.412,latency_s,5.366065
1757024090.412,latency_s,5.365471
1757024090.412,latency_s,5.363249
1757024090.508,latency_s,5.456280
1757024090.508,latency_s,5.472022
1757024090.508,latency_s,5.424750
1757024090.508,latency_s,5.423830
1757024090.508,latency_s,5.409060
1757024090.508,latency_s,5.404829
1757024090.508,latency_s,5.400248
1757024090.508,latency_s,5.397106
1757024090.508,latency_s,5.397027
1757024090.508,latency_s,5.396747
1757024090.508,latency_s,5.396198
1757024090.508,latency_s,5.391501
1757024090.508,latency_s,5.383659
1757024090.508,latency_s,5.374301
1757024090.508,latency_s,5.370864
1757024090.508,latency_s,5.369041
1757024090.508,latency_s,5.361699
1757024090.508,latency_s,5.361546
1757024090.508,latency_s,5.358698
1757024090.509,latency_s,5.355876
1757024090.509,latency_s,5.371172
1757024090.509,latency_s,5.324885
1757024090.509,latency_s,5.324406
1757024090.604,latency_s,5.391901
1757024090.604,latency_s,5.391375
1757024090.604,latency_s,5.387198
1757024090.604,latency_s,5.377627
1757024090.604,latency_s,5.369516
1757024090.604,latency_s,5.365674
1757024090.604,latency_s,5.364700
1757024090.604,latency_s,5.357245
1757024090.604,latency_s,5.356558
1757024090.604,latency_s,5.354374
1757024090.604,latency_s,5.351179
1757024090.701,latency_s,5.462650
1757024090.701,latency_s,5.416896
1757024090.701,latency_s,5.415787
1757024090.701,latency_s,5.401700
1757024090.701,latency_s,5.397259
1757024090.701,latency_s,5.392438
1757024090.701,latency_s,5.389468
1757024090.701,latency_s,5.389125
1757024090.702,latency_s,5.389277
1757024090.702,latency_s,5.387935
1757024090.702,latency_s,5.384284
1757024090.702,latency_s,5.374413
1757024090.702,latency_s,5.366734
1757024090.702,latency_s,5.361648
1757024090.702,latency_s,5.361685
1757024090.702,latency_s,5.354336
1757024090.702,latency_s,5.353328
1757024090.702,latency_s,5.351419
1757024090.702,latency_s,5.347014
1757024090.702,latency_s,5.362075
1757024090.702,latency_s,5.316262
1757024090.796,latency_s,5.383193
1757024090.796,latency_s,5.382800
1757024090.796,latency_s,5.381847
1757024090.796,latency_s,5.378465
1757024090.797,latency_s,5.368145
1757024090.797,latency_s,5.361341
1757024090.798,latency_s,5.357007
1757024090.798,latency_s,5.357083
1757024090.798,latency_s,5.349676
1757024090.798,latency_s,5.348734
1757024090.798,latency_s,5.357272
1757024090.798,latency_s,5.346952
1757024090.798,latency_s,5.342035
1757024090.798,latency_s,5.311638
1757024090.798,latency_s,5.311690
1757024090.892,latency_s,5.391302
1757024090.892,latency_s,5.387399
1757024090.892,latency_s,5.382076
1757024090.892,latency_s,5.379112
1757024090.892,latency_s,5.379179
1757024090.892,latency_s,5.378656
1757024090.893,latency_s,5.377303
1757024090.893,latency_s,5.374403
1757024090.893,latency_s,5.363066
1757024090.893,latency_s,5.356698
1757024090.893,latency_s,5.351279
1757024090.893,latency_s,5.351001
1757024090.893,latency_s,5.351139
1757024090.893,latency_s,5.344194
1757024090.893,latency_s,5.343412
1757024090.893,latency_s,5.341139
1757024090.893,latency_s,5.336136
1757024090.893,latency_s,5.305893
1757024090.893,latency_s,5.305360
1757024090.893,latency_s,5.290973
1757024090.893,latency_s,5.287507
1757024090.893,latency_s,5.282552
1757024090.893,latency_s,5.279372
1757024090.988,latency_s,5.373329
1757024090.988,latency_s,5.373508
1757024090.988,latency_s,5.371971
1757024090.988,latency_s,5.369060
1757024090.988,latency_s,5.357484
1757024090.988,latency_s,5.351896
1757024090.988,latency_s,5.346520
1757024090.989,latency_s,5.346656
1757024090.989,latency_s,5.346364
1757024090.989,latency_s,5.338776
1757024090.989,latency_s,5.338865
1757024090.989,latency_s,5.336627
1757024090.989,latency_s,5.331563
1757024090.989,latency_s,5.300323
1757024090.989,latency_s,5.300240
1757024090.989,latency_s,5.286344
1757024090.989,latency_s,5.283319
1757024090.989,latency_s,5.278375
1757024091.083,latency_s,5.369103
1757024091.084,latency_s,5.368809
1757024091.084,latency_s,5.369034
1757024091.084,latency_s,5.366872
1757024091.084,latency_s,5.364327
1757024091.084,latency_s,5.351909
1757024091.084,latency_s,5.347093
1757024091.084,latency_s,5.341318
1757024091.084,latency_s,5.341237
1757024091.084,latency_s,5.340648
1757024091.084,latency_s,5.333422
1757024091.084,latency_s,5.333314
1757024091.084,latency_s,5.331252
1757024091.085,latency_s,5.327663
1757024091.085,latency_s,5.295180
1757024091.085,latency_s,5.295252
1757024091.085,latency_s,5.282073
1757024091.086,latency_s,5.279663
1757024091.086,latency_s,5.274640
1757024091.086,latency_s,5.270931
1757024091.086,latency_s,5.270660
1757024091.180,latency_s,5.362680
1757024091.180,latency_s,5.362740
1757024091.180,latency_s,5.360407
1757024091.180,latency_s,5.345491
1757024091.182,latency_s,5.344557
1757024091.182,latency_s,5.339194
1757024091.182,latency_s,5.338971
1757024091.182,latency_s,5.338299
1757024091.182,latency_s,5.329717
1757024091.182,latency_s,5.329937
1757024091.182,latency_s,5.328797
1757024091.182,latency_s,5.324131
1757024091.182,latency_s,5.291871
1757024091.182,latency_s,5.290092
1757024091.182,latency_s,5.278330
1757024091.182,latency_s,5.276343
1757024091.182,latency_s,5.271333
1757024091.182,latency_s,5.267078
1757024091.182,latency_s,5.266926
1757024091.274,latency_s,5.357082
1757024091.274,latency_s,5.356902
1757024091.276,latency_s,5.355763
1757024091.276,latency_s,5.340838
1757024091.276,latency_s,5.338139
1757024091.276,latency_s,5.333176
1757024091.276,latency_s,5.332184
1757024091.276,latency_s,5.332574
1757024091.276,latency_s,5.322952
1757024091.276,latency_s,5.322419
1757024091.276,latency_s,5.322345
1757024091.276,latency_s,5.316621
1757024091.276,latency_s,5.285571
1757024091.369,latency_s,5.376519
1757024091.369,latency_s,5.363157
1757024091.370,latency_s,5.363344
1757024091.370,latency_s,5.358070
1757024091.370,latency_s,5.354041
1757024091.370,latency_s,5.353935
1757024091.370,latency_s,5.350744
1757024091.370,latency_s,5.348841
1757024091.370,latency_s,5.333480
1757024091.370,latency_s,5.331070
1757024091.370,latency_s,5.326365
1757024091.371,latency_s,5.326218
1757024091.371,latency_s,5.326173
1757024091.371,latency_s,5.316187
1757024091.371,latency_s,5.316033
1757024091.371,latency_s,5.316024
1757024091.371,latency_s,5.310595
1757024091.371,latency_s,5.279662
1757024091.371,latency_s,5.277745
1757024091.465,latency_s,5.358355
1757024091.465,latency_s,5.358149
1757024091.465,latency_s,5.353717
1757024091.465,latency_s,5.349277
1757024091.465,latency_s,5.348956
1757024091.465,latency_s,5.345430
1757024091.466,latency_s,5.343797
1757024091.466,latency_s,5.328690
1757024091.466,latency_s,5.326682
1757024091.466,latency_s,5.321389
1757024091.466,latency_s,5.320408
1757024091.466,latency_s,5.320398
1757024091.466,latency_s,5.310165
1757024091.562,latency_s,5.354761
1757024091.562,latency_s,5.354572
1757024091.562,latency_s,5.349989
1757024091.562,latency_s,5.345587
1757024091.562,latency_s,5.345421
1757024091.562,latency_s,5.544460
1757024091.563,latency_s,5.444412
1757024091.563,latency_s,5.343873
1757024091.563,latency_s,5.341890
1757024091.563,latency_s,5.340757
1757024091.563,latency_s,5.325177
1757024091.563,latency_s,5.323574
1757024091.563,latency_s,5.318332
1757024091.563,latency_s,5.316648
1757024091.563,latency_s,5.316571
1757024091.563,latency_s,5.306210
1757024091.563,latency_s,5.306163
1757024091.563,latency_s,5.306313
1757024091.563,latency_s,5.301419
1757024091.657,latency_s,5.364920
1757024091.657,latency_s,5.362794
1757024091.657,latency_s,5.349066
1757024091.658,latency_s,5.349034
1757024091.658,latency_s,5.344630
1757024091.658,latency_s,5.340659
1757024091.658,latency_s,5.340538
1757024091.658,latency_s,5.338355
1757024091.658,latency_s,5.336367
1757024091.658,latency_s,5.335222
1757024091.658,latency_s,5.319998
1757024091.658,latency_s,5.318513
1757024091.658,latency_s,5.312840
1757024091.658,latency_s,5.310840
1757024091.658,latency_s,5.310760
1757024091.754,latency_s,5.396758
1757024091.754,latency_s,5.396533
1757024091.754,latency_s,5.396952
1757024091.754,latency_s,5.391778
1757024091.754,latency_s,5.360956
1757024091.754,latency_s,5.358062
1757024091.754,latency_s,5.345060
1757024091.754,latency_s,5.340421
1757024091.754,latency_s,5.336219
1757024091.754,latency_s,5.336203
1757024091.754,latency_s,5.334602
1757024091.754,latency_s,5.332119
1757024091.754,latency_s,5.331471
1757024091.754,latency_s,5.315912
1757024091.754,latency_s,5.313994
1757024091.754,latency_s,5.308622
1757024091.754,latency_s,5.306595
1757024091.754,latency_s,5.306606
1757024091.754,latency_s,5.296550
1757024091.755,latency_s,5.296893
1757024091.755,latency_s,5.296627
1757024091.755,latency_s,5.291291
1757024091.849,latency_s,5.355505
1757024091.849,latency_s,5.352272
1757024091.849,latency_s,5.339763
1757024091.849,latency_s,5.335055
1757024091.849,latency_s,5.330791
1757024091.849,latency_s,5.330795
1757024091.849,latency_s,5.329419
1757024091.849,latency_s,5.326749
1757024091.849,latency_s,5.326152
1757024091.849,latency_s,5.309006
1757024091.850,latency_s,5.309337
1757024091.850,latency_s,5.303508
1757024091.850,latency_s,5.301653
1757024091.850,latency_s,5.302050
1757024091.851,latency_s,5.291905
1757024091.945,latency_s,5.386500
1757024091.946,latency_s,5.386891
1757024091.946,latency_s,5.381081
1757024091.946,latency_s,5.352056
1757024091.946,latency_s,5.347604
1757024091.946,latency_s,5.335390
1757024091.946,latency_s,5.537200
1757024091.946,latency_s,5.436524
1757024091.946,latency_s,5.335162
1757024091.946,latency_s,5.331495
1757024091.946,latency_s,5.327178
1757024091.946,latency_s,5.327223
1757024091.946,latency_s,5.326283
1757024091.946,latency_s,5.322368
1757024091.946,latency_s,5.322052
1757024091.946,latency_s,5.305637
1757024091.946,latency_s,5.304608
1757024091.946,latency_s,5.298826
1757024091.946,latency_s,5.297719
1757024091.946,latency_s,5.296509
1757024091.947,latency_s,5.287684
1757024091.947,latency_s,5.287559
1757024091.947,latency_s,5.281376
1757024091.947,latency_s,5.252732
1757024091.947,latency_s,5.247247
1757024091.947,latency_s,5.235914
1757024091.947,latency_s,5.235725
1757024092.041,latency_s,5.325511
1757024092.041,latency_s,5.322017
1757024092.041,latency_s,5.321330
1757024092.041,latency_s,5.321156
1757024092.041,latency_s,5.316847
1757024092.042,latency_s,5.316994
1757024092.042,latency_s,5.301041
1757024092.042,latency_s,5.298599
1757024092.042,latency_s,5.293752
1757024092.042,latency_s,5.292665
1757024092.042,latency_s,5.291475
1757024092.042,latency_s,5.282336
1757024092.042,latency_s,5.282250
1757024092.042,latency_s,5.276057
1757024092.042,latency_s,5.247090
1757024092.042,latency_s,5.242205
1757024092.136,latency_s,5.324928
1757024092.136,latency_s,5.324846
1757024092.136,latency_s,5.320641
1757024092.136,latency_s,5.316777
1757024092.136,latency_s,5.316532
1757024092.136,latency_s,5.316237
1757024092.137,latency_s,5.310442
1757024092.137,latency_s,5.310858
1757024092.137,latency_s,5.295711
1757024092.137,latency_s,5.293747
1757024092.137,latency_s,5.288901
1757024092.137,latency_s,5.287769
1757024092.137,latency_s,5.286656
1757024092.137,latency_s,5.478470
1757024092.138,latency_s,5.377195
1757024092.138,latency_s,5.277000
1757024092.138,latency_s,5.276977
1757024092.138,latency_s,5.269088
1757024092.138,latency_s,5.240568
1757024092.138,latency_s,5.237114
1757024092.138,latency_s,5.226339
1757024092.233,latency_s,5.320827
1757024092.233,latency_s,5.315785
1757024092.233,latency_s,5.312451
1757024092.233,latency_s,5.312118
1757024092.233,latency_s,5.312464
1757024092.233,latency_s,5.306162
1757024092.233,latency_s,5.305368
1757024092.233,latency_s,5.290945
1757024092.233,latency_s,5.288947
1757024092.233,latency_s,5.284221
1757024092.233,latency_s,5.283508
1757024092.233,latency_s,5.282184
1757024092.233,latency_s,5.371938
1757024092.233,latency_s,5.271474
1757024092.233,latency_s,5.271041
1757024092.233,latency_s,5.264555
1757024092.274,latency_s,5.276467
1757024092.274,latency_s,5.273496
1757024092.328,latency_s,5.315110
1757024092.519,latency_s,5.505790
1757024092.519,latency_s,5.501725
1757024092.519,latency_s,5.498853
1757024092.519,latency_s,5.498803
1757024092.520,latency_s,5.498686
1757024092.520,latency_s,5.492603
1757024092.520,latency_s,5.491548
1757024092.520,latency_s,5.477496
1757024092.520,latency_s,5.474979
1757024092.520,latency_s,5.557645
1757024092.520,latency_s,5.470301
1757024092.520,latency_s,5.469805
1757024092.520,latency_s,5.468071
1757024092.520,latency_s,5.457896
1757024092.520,latency_s,5.457307
1757024092.520,latency_s,5.450584
1757024092.520,latency_s,5.422002
1757024092.520,latency_s,5.418598
1757024092.520,latency_s,5.407309
1757024092.520,latency_s,5.406435
1757024092.520,latency_s,5.402496
1757024092.520,latency_s,5.398776
1757024092.520,latency_s,5.398549
1757024092.520,latency_s,5.398624
1757024092.520,latency_s,5.393165
1757024092.520,latency_s,5.391505
1757024092.520,latency_s,5.377514
1757024092.520,latency_s,5.375590
1757024092.520,latency_s,5.458150
1757024092.520,latency_s,5.370269
1757024092.520,latency_s,5.369962
1757024092.521,latency_s,5.368321
1757024092.615,latency_s,5.387326
1757024092.616,latency_s,5.385544
1757024092.616,latency_s,5.452909
1757024092.616,latency_s,5.372449
1757024092.616,latency_s,5.370506
1757024092.616,latency_s,5.364051
1757024092.616,latency_s,5.364120
1757024092.616,latency_s,5.363529
1757024092.616,latency_s,5.352862
1757024092.616,latency_s,5.352916
1757024092.616,latency_s,5.343608
1757024092.616,latency_s,5.315065
1757024092.711,latency_s,5.408005
1757024092.711,latency_s,5.397335
1757024092.711,latency_s,5.395953
1757024092.711,latency_s,5.392046
1757024092.711,latency_s,5.389104
1757024092.711,latency_s,5.388852
1757024092.711,latency_s,5.383592
1757024092.712,latency_s,5.381459
1757024092.712,latency_s,5.448642
1757024092.712,latency_s,5.367869
1757024092.712,latency_s,5.365939
1757024092.712,latency_s,5.359877
1757024092.712,latency_s,5.359933
1757024092.712,latency_s,5.359057
1757024092.712,latency_s,5.348781
1757024092.712,latency_s,5.348571
1757024092.712,latency_s,5.338514
1757024092.712,latency_s,5.310508
1757024092.712,latency_s,5.309345
1757024092.712,latency_s,5.298589
1757024092.713,latency_s,5.297396
1757024092.806,latency_s,5.383669
1757024092.806,latency_s,5.383340
1757024092.806,latency_s,5.378747
1757024092.806,latency_s,5.375841
1757024092.807,latency_s,5.442904
1757024092.807,latency_s,5.362404
1757024092.807,latency_s,5.360440
1757024092.807,latency_s,5.354057
1757024092.807,latency_s,5.354158
1757024092.807,latency_s,5.353220
1757024092.807,latency_s,5.342896
1757024092.808,latency_s,5.342629
1757024092.808,latency_s,5.333339
1757024092.808,latency_s,5.305347
1757024092.902,latency_s,5.398602
1757024092.902,latency_s,5.387495
1757024092.902,latency_s,5.385594
1757024092.902,latency_s,5.381110
1757024092.902,latency_s,5.379127
1757024092.902,latency_s,5.379395
1757024092.903,latency_s,5.379189
1757024092.903,latency_s,5.374348
1757024092.903,latency_s,5.437751
1757024092.903,latency_s,5.371284
1757024092.903,latency_s,5.358113
1757024092.903,latency_s,5.356104
1757024092.903,latency_s,5.349786
1757024092.903,latency_s,5.349413
1757024092.903,latency_s,5.348860
1757024092.903,latency_s,5.338533
1757024092.903,latency_s,5.337541
1757024092.903,latency_s,5.328193
1757024092.903,latency_s,5.300134
1757024092.903,latency_s,5.299166
1757024092.903,latency_s,5.288411
1757024092.903,latency_s,5.286002
1757024092.903,latency_s,5.281632
1757024092.903,latency_s,5.336922
1757024092.904,latency_s,5.278269
1757024092.904,latency_s,5.279538
1757024092.904,latency_s,5.278443
1757024092.904,latency_s,5.274955
1757024092.904,latency_s,5.271845
1757024092.998,latency_s,5.352769
1757024092.998,latency_s,5.350911
1757024092.998,latency_s,5.344872
1757024092.998,latency_s,5.344650
1757024092.999,latency_s,5.344154
1757024092.999,latency_s,5.333448
1757024092.999,latency_s,5.332486
1757024092.999,latency_s,5.321162
1757024092.999,latency_s,5.293636
1757024092.999,latency_s,5.293574
1757024092.999,latency_s,5.283404
1757024092.999,latency_s,5.280905
1757024092.999,latency_s,5.331760
1757024092.999,latency_s,5.277096
1757024092.999,latency_s,5.273201
1757024093.093,latency_s,5.367516
1757024093.094,latency_s,5.367742
1757024093.094,latency_s,5.364928
1757024093.094,latency_s,5.361422
1757024093.094,latency_s,5.348378
1757024093.094,latency_s,5.345923
1757024093.094,latency_s,5.340093
1757024093.094,latency_s,5.339010
1757024093.094,latency_s,5.338544
1757024093.094,latency_s,5.328763
1757024093.094,latency_s,5.326911
1757024093.094,latency_s,5.315082
1757024093.188,latency_s,5.382632
1757024093.189,latency_s,5.382628
1757024093.189,latency_s,5.372354
1757024093.189,latency_s,5.421088
1757024093.189,latency_s,5.370443
1757024093.189,latency_s,5.362230
1757024093.189,latency_s,5.362262
1757024093.189,latency_s,5.362305
1757024093.189,latency_s,5.359299
1757024093.283,latency_s,5.449533
1757024093.284,latency_s,5.437821
1757024093.284,latency_s,5.435266
1757024093.284,latency_s,5.429005
1757024093.284,latency_s,5.428084
1757024093.284,latency_s,5.427068
1757024093.284,latency_s,5.417858
1757024093.284,latency_s,5.415860
1757024093.284,latency_s,5.403623
1757024093.284,latency_s,5.377520
1757024093.284,latency_s,5.377438
1757024093.284,latency_s,5.365211
1757024093.284,latency_s,5.361298
1757024093.284,latency_s,5.356976
1757024093.284,latency_s,5.356653
1757024093.284,latency_s,5.356671
1757024093.284,latency_s,5.354503
1757024093.284,latency_s,5.348671
1757024093.284,latency_s,5.338235
1757024093.284,latency_s,5.335576
1757024093.284,latency_s,5.329213
1757024093.378,latency_s,5.422609
1757024093.379,latency_s,5.421288
1757024093.380,latency_s,5.360551
1757024093.380,latency_s,5.356765
1757024093.380,latency_s,5.352307
1757024093.380,latency_s,5.352103
1757024093.380,latency_s,5.352075
1757024093.380,latency_s,5.350018
1757024093.380,latency_s,5.343490
1757024093.380,latency_s,5.334146
1757024093.380,latency_s,5.330798
1757024093.380,latency_s,5.324877
1757024093.380,latency_s,5.323883
1757024093.380,latency_s,5.322953
1757024093.380,latency_s,5.313639
1757024093.381,latency_s,5.311224
1757024093.381,latency_s,5.298884
1757024093.381,latency_s,5.310326
1757024093.381,latency_s,5.273087
1757024093.381,latency_s,5.273119
1757024093.381,latency_s,5.262301
1757024093.475,latency_s,5.353417
1757024093.475,latency_s,5.351161
1757024093.475,latency_s,5.346225
1757024093.475,latency_s,5.346243
1757024093.475,latency_s,5.342782
1757024093.475,latency_s,5.342973
1757024093.475,latency_s,5.337455
1757024093.475,latency_s,5.328159
1757024093.475,latency_s,5.325368
1757024093.475,latency_s,5.319224
1757024093.475,latency_s,5.318292
1757024093.475,latency_s,5.317732
1757024093.475,latency_s,5.308014
1757024093.476,latency_s,5.305698
1757024093.476,latency_s,5.294400
1757024093.476,latency_s,5.305905
1757024093.476,latency_s,5.268380
1757024093.476,latency_s,5.268359
1757024093.476,latency_s,5.257724
1757024093.476,latency_s,5.254277
1757024093.477,latency_s,5.251838
1757024093.477,latency_s,5.248051
1757024093.570,latency_s,5.341331
1757024093.570,latency_s,5.337515
1757024093.570,latency_s,5.336663
1757024093.570,latency_s,5.331140
1757024093.570,latency_s,5.322883
1757024093.570,latency_s,5.319932
1757024093.570,latency_s,5.314064
1757024093.570,latency_s,5.312608
1757024093.570,latency_s,5.312232
1757024093.571,latency_s,5.302737
1757024093.571,latency_s,5.299656
1757024093.571,latency_s,5.285548
1757024093.571,latency_s,5.300403
1757024093.572,latency_s,5.262975
1757024093.572,latency_s,5.260982
1757024093.572,latency_s,5.252753
1757024093.572,latency_s,5.248739
1757024093.572,latency_s,5.246838
1757024093.572,latency_s,5.242907
1757024093.572,latency_s,5.242907
1757024093.572,latency_s,5.238579
1757024093.572,latency_s,5.237862
1757024093.572,latency_s,5.231230
1757024093.666,latency_s,5.318518
1757024093.666,latency_s,5.315187
1757024093.666,latency_s,5.309345
1757024093.667,latency_s,5.307231
1757024093.667,latency_s,5.307007
1757024093.667,latency_s,5.298553
1757024093.667,latency_s,5.294857
1757024093.667,latency_s,5.280383
1757024093.667,latency_s,5.295037
1757024093.667,latency_s,5.258141
1757024093.667,latency_s,5.255759
1757024093.667,latency_s,5.247916
1757024093.667,latency_s,5.243587
1757024093.667,latency_s,5.241671
1757024093.667,latency_s,5.237922
1757024093.667,latency_s,5.237927
1757024093.667,latency_s,5.233348
1757024093.667,latency_s,5.233009
1757024093.761,latency_s,5.318121
1757024093.761,latency_s,5.313304
1757024093.761,latency_s,5.309641
1757024093.761,latency_s,5.303767
1757024093.761,latency_s,5.301765
1757024093.761,latency_s,5.301473
1757024093.761,latency_s,5.292601
1757024093.761,latency_s,5.289389
1757024093.762,latency_s,5.289257
1757024093.762,latency_s,5.274880
1757024093.762,latency_s,5.252314
1757024093.762,latency_s,5.250300
1757024093.762,latency_s,5.242454
1757024093.762,latency_s,5.236435
1757024093.857,latency_s,5.330959
1757024093.857,latency_s,5.327747
1757024093.857,latency_s,5.327124
1757024093.857,latency_s,5.323209
1757024093.857,latency_s,5.320783
1757024093.857,latency_s,5.313918
1757024093.857,latency_s,5.309541
1757024093.857,latency_s,5.305615
1757024093.857,latency_s,5.299275
1757024093.857,latency_s,5.297347
1757024093.857,latency_s,5.295214
1757024093.858,latency_s,5.288285
1757024093.897,latency_s,5.324230
1757024093.897,latency_s,5.324205
1757024093.897,latency_s,5.309433
1757024093.897,latency_s,5.287031
1757024093.897,latency_s,5.284058
1757024093.897,latency_s,5.277701
1757024093.952,latency_s,5.326304
1757024093.953,latency_s,5.326847
1757024093.953,latency_s,5.323661
1757024093.953,latency_s,5.322958
1757024093.953,latency_s,5.318666
1757024093.953,latency_s,5.316558
1757024093.953,latency_s,5.309673
1757024093.953,latency_s,5.305431
1757024093.953,latency_s,5.301514
1757024093.953,latency_s,5.295206
1757024093.953,latency_s,5.292723
1757024093.954,latency_s,5.290805
1757024093.954,latency_s,5.283995
1757024093.954,latency_s,5.280449
1757024094.047,latency_s,5.373147
1757024094.047,latency_s,5.359794
1757024094.048,latency_s,5.337689
1757024094.048,latency_s,5.334285
1757024094.048,latency_s,5.328507
1757024094.048,latency_s,5.322088
1757024094.048,latency_s,5.321770
1757024094.048,latency_s,5.318662
1757024094.049,latency_s,5.317528
1757024094.049,latency_s,5.313364
1757024094.049,latency_s,5.311329
1757024094.049,latency_s,5.304823
1757024094.049,latency_s,5.300108
1757024094.049,latency_s,5.295693
1757024094.049,latency_s,5.289816
1757024094.049,latency_s,5.286896
1757024094.049,latency_s,5.284162
1757024094.049,latency_s,5.279126
1757024094.142,latency_s,5.368336
1757024094.142,latency_s,5.367421
1757024094.143,latency_s,5.351785
1757024094.143,latency_s,5.332350
1757024094.143,latency_s,5.327950
1757024094.143,latency_s,5.323116
1757024094.143,latency_s,5.316682
1757024094.143,latency_s,5.316408
1757024094.143,latency_s,5.312754
1757024094.143,latency_s,5.311852
1757024094.143,latency_s,5.307434
1757024094.143,latency_s,5.304429
1757024094.143,latency_s,5.299412
1757024094.143,latency_s,5.294411
1757024094.238,latency_s,5.384725
1757024094.238,latency_s,5.378498
1757024094.238,latency_s,5.375556
1757024094.238,latency_s,5.372505
1757024094.238,latency_s,5.368273
1757024094.238,latency_s,5.363335
1757024094.238,latency_s,5.362676
1757024094.238,latency_s,5.346674
1757024094.238,latency_s,5.327013
1757024094.238,latency_s,5.322996
1757024094.238,latency_s,5.317825
1757024094.239,latency_s,5.311911
1757024094.239,latency_s,5.311712
1757024094.239,latency_s,5.307816
1757024094.239,latency_s,5.306315
1757024094.239,latency_s,5.302868
1757024094.239,latency_s,5.299371
1757024094.239,latency_s,5.294601
1757024094.332,latency_s,5.382644
1757024094.333,latency_s,5.379271
1757024094.333,latency_s,5.372581
1757024094.333,latency_s,5.370409
1757024094.334,latency_s,5.366984
1757024094.334,latency_s,5.363117
1757024094.334,latency_s,5.358271
1757024094.334,latency_s,5.357340
1757024094.334,latency_s,5.341524
1757024094.334,latency_s,5.321895
1757024094.334,latency_s,5.317996
1757024094.334,latency_s,5.313066
1757024094.334,latency_s,5.306298
1757024094.334,latency_s,5.306782
1757024094.428,latency_s,5.394795
1757024094.428,latency_s,5.394969
1757024094.523,latency_s,5.486429
1757024094.523,latency_s,5.483364
1757024094.523,latency_s,5.478673
1757024094.523,latency_s,5.473133
1757024094.523,latency_s,5.469773
1757024094.523,latency_s,5.462935
1757024094.523,latency_s,5.458609
1757024094.523,latency_s,5.455703
1757024094.523,latency_s,5.452751
1757024094.523,latency_s,5.447309
1757024094.523,latency_s,5.446339
1757024094.524,latency_s,5.430992
1757024094.524,latency_s,5.410476
1757024094.524,latency_s,5.407035
1757024094.524,latency_s,5.402211
1757024094.524,latency_s,5.395835
1757024094.525,latency_s,5.395760
1757024094.525,latency_s,5.391192
1757024094.525,latency_s,5.391244
1757024094.525,latency_s,5.388352
1757024094.525,latency_s,5.385004
1757024094.525,latency_s,5.380594
1757024094.525,latency_s,5.374726
1757024094.525,latency_s,5.371185
1757024094.525,latency_s,5.364492
1757024094.525,latency_s,5.359577
1757024094.525,latency_s,5.357123
1757024094.526,latency_s,5.354269
1757024094.526,latency_s,5.349199
1757024094.526,latency_s,5.347864
1757024094.620,latency_s,5.391811
1757024094.620,latency_s,5.390508
1757024094.620,latency_s,5.385621
1757024094.620,latency_s,5.385422
1757024094.620,latency_s,5.382986
1757024094.620,latency_s,5.379574
1757024094.620,latency_s,5.375682
1757024094.621,latency_s,5.368932
1757024094.621,latency_s,5.366544
1757024094.621,latency_s,5.359452
1757024094.715,latency_s,5.448742
1757024094.716,latency_s,5.444725
1757024094.716,latency_s,5.444774
1757024094.717,latency_s,5.439607
1757024094.717,latency_s,5.438719
1757024094.717,latency_s,5.422094
1757024094.717,latency_s,5.402814
1757024094.717,latency_s,5.399715
1757024094.717,latency_s,5.388644
1757024094.717,latency_s,5.387526
1757024094.717,latency_s,5.380895
1757024094.717,latency_s,5.381173
1757024094.717,latency_s,5.379470
1757024094.718,latency_s,5.375327
1757024094.718,latency_s,5.372602
1757024094.718,latency_s,5.365087
1757024094.718,latency_s,5.362789
1757024094.718,latency_s,5.355939
1757024094.840,latency_s,5.473351
1757024094.840,latency_s,5.468286
1757024094.840,latency_s,5.468143
1757024094.840,latency_s,5.462949
1757024094.840,latency_s,5.618419
1757024094.841,latency_s,5.517771
1757024094.841,latency_s,5.411324
1757024094.841,latency_s,5.408979
1757024094.841,latency_s,5.403410
1757024094.841,latency_s,5.403022
1757024094.841,latency_s,5.402015
1757024094.841,latency_s,5.397068
1757024094.841,latency_s,5.395148
1757024094.841,latency_s,5.387587
1757024094.841,latency_s,5.385778
1757024094.908,latency_s,5.445880
1757024094.909,latency_s,5.441564
1757024094.909,latency_s,5.436530
1757024094.909,latency_s,5.436349
1757024094.909,latency_s,5.370980
1757024094.909,latency_s,5.370515
1757024094.909,latency_s,5.370510
1757024094.909,latency_s,5.364876
1757024094.909,latency_s,5.363709
1757024094.909,latency_s,5.355881
1757024094.910,latency_s,5.353841
1757024094.910,latency_s,5.346702
1757024094.910,latency_s,5.341728
1757024094.910,latency_s,5.337347
1757024094.910,latency_s,5.336325
1757024094.910,latency_s,5.331375
1757024094.910,latency_s,5.327193
1757024095.004,latency_s,5.370328
1757024095.005,latency_s,5.365989
1757024095.005,latency_s,5.366032
1757024095.005,latency_s,5.365371
1757024095.005,latency_s,5.360151
1757024095.005,latency_s,5.359224
1757024095.005,latency_s,5.350761
1757024095.005,latency_s,5.349417
1757024095.005,latency_s,5.342268
1757024095.005,latency_s,5.337272
1757024095.005,latency_s,5.332908
1757024095.006,latency_s,5.331589
1757024095.006,latency_s,5.326573
1757024095.006,latency_s,5.322661
1757024095.006,latency_s,5.306027
1757024095.100,latency_s,5.369429
1757024095.100,latency_s,5.365514
1757024095.101,latency_s,5.361750
1757024095.101,latency_s,5.360455
1757024095.101,latency_s,5.360964
1757024095.101,latency_s,5.355012
1757024095.101,latency_s,5.354589
1757024095.101,latency_s,5.345801
1757024095.101,latency_s,5.337437
1757024095.101,latency_s,5.331792
1757024095.101,latency_s,5.328158
1757024095.101,latency_s,5.324618
1757024095.101,latency_s,5.321790
1757024095.101,latency_s,5.317919
1757024095.101,latency_s,5.301171
1757024095.101,latency_s,5.377978
1757024095.102,latency_s,5.284731
1757024095.195,latency_s,5.364177
1757024095.195,latency_s,5.359552
1757024095.196,latency_s,5.355113
1757024095.196,latency_s,5.355197
1757024095.196,latency_s,5.354834
1757024095.196,latency_s,5.349403
1757024095.319,latency_s,5.472250
1757024095.319,latency_s,5.463341
1757024095.320,latency_s,5.455113
1757024095.320,latency_s,5.449201
1757024095.320,latency_s,5.445779
1757024095.320,latency_s,5.441900
1757024095.320,latency_s,5.438971
1757024095.320,latency_s,5.435361
1757024095.320,latency_s,5.495785
1757024095.320,latency_s,5.381727
1757024095.320,latency_s,5.378783
1757024095.320,latency_s,5.378359
1757024095.320,latency_s,5.378056
1757024095.320,latency_s,5.372615
1757024095.320,latency_s,5.372246
1757024095.320,latency_s,5.563910
1757024095.320,latency_s,5.463759
1757024095.320,latency_s,5.363266
1757024095.320,latency_s,5.354942
1757024095.320,latency_s,5.348401
1757024095.320,latency_s,5.346467
1757024095.321,latency_s,5.342128
1757024095.321,latency_s,5.339000
1757024095.321,latency_s,5.334714
1757024095.321,latency_s,5.396004
1757024095.321,latency_s,5.319491
1757024095.385,latency_s,5.360627
1757024095.386,latency_s,5.353529
1757024095.386,latency_s,5.347186
1757024095.386,latency_s,5.344284
1757024095.386,latency_s,5.344052
1757024095.386,latency_s,5.343760
1757024095.417,latency_s,5.368929
1757024095.417,latency_s,5.368765
1757024095.417,latency_s,5.460362
1757024095.417,latency_s,5.360014
1757024095.417,latency_s,5.344589
1757024095.482,latency_s,5.407250
1757024095.482,latency_s,5.402625
1757024095.482,latency_s,5.400004
1757024095.482,latency_s,5.394906
1757024095.482,latency_s,5.457355
1757024095.482,latency_s,5.380493
1757024095.482,latency_s,5.364164
1757024095.482,latency_s,5.356889
1757024095.482,latency_s,5.350013
1757024095.482,latency_s,5.343424
1757024095.482,latency_s,5.340659
1757024095.482,latency_s,5.340427
1757024095.482,latency_s,5.339973
1757024095.513,latency_s,5.455740
1757024095.513,latency_s,5.364647
1757024095.513,latency_s,5.363678
1757024095.513,latency_s,5.355107
1757024095.513,latency_s,5.339581
1757024095.513,latency_s,5.338208
1757024095.577,latency_s,5.396565
1757024095.577,latency_s,5.394224
1757024095.577,latency_s,5.451656
1757024095.577,latency_s,5.389466
1757024095.577,latency_s,5.375214
1757024095.577,latency_s,5.358472
1757024095.577,latency_s,5.350112
1757024095.577,latency_s,5.344239
1757024095.608,latency_s,5.364631
1757024095.608,latency_s,5.359128
1757024095.609,latency_s,5.358797
1757024095.609,latency_s,5.350206
1757024095.609,latency_s,5.543338
1757024095.609,latency_s,5.442930
1757024095.609,latency_s,5.342288
1757024095.609,latency_s,5.335387
1757024095.609,latency_s,5.332970
1757024095.609,latency_s,5.382910
1757024095.609,latency_s,5.328058
1757024095.609,latency_s,5.325230
1757024095.609,latency_s,5.320527
1757024095.609,latency_s,5.306469
1757024095.609,latency_s,5.289779
1757024095.609,latency_s,5.281380
1757024095.609,latency_s,5.275502
1757024095.609,latency_s,5.351091
1757024095.704,latency_s,5.363736
1757024095.704,latency_s,5.360947
1757024095.704,latency_s,5.360621
1757024095.704,latency_s,5.360163
1757024095.704,latency_s,5.354755
1757024095.704,latency_s,5.353781
1757024095.704,latency_s,5.345393
1757024095.704,latency_s,5.337570
1757024095.704,latency_s,5.378112
1757024095.704,latency_s,5.330239
1757024095.704,latency_s,5.328270
1757024095.704,latency_s,5.322677
1757024095.704,latency_s,5.320004
1757024095.704,latency_s,5.314562
1757024095.799,latency_s,5.440448
1757024095.799,latency_s,5.359213
1757024095.800,latency_s,5.355859
1757024095.800,latency_s,5.355352
1757024095.800,latency_s,5.355363
1757024095.800,latency_s,5.350092
1757024095.800,latency_s,5.347639
1757024095.800,latency_s,5.340600
1757024095.800,latency_s,5.372984
1757024095.895,latency_s,5.420263
1757024095.895,latency_s,5.418307
1757024095.895,latency_s,5.411712
1757024095.895,latency_s,5.410593
1757024095.895,latency_s,5.405176
1757024095.895,latency_s,5.427117
1757024095.896,latency_s,5.391672
1757024095.896,latency_s,5.375488
1757024095.896,latency_s,5.436700
1757024095.896,latency_s,5.366347
1757024095.896,latency_s,5.360903
1757024095.896,latency_s,5.355053
1757024095.896,latency_s,5.352067
1757024095.896,latency_s,5.351240
1757024095.896,latency_s,5.351296
1757024095.896,latency_s,5.345814
1757024095.896,latency_s,5.343803
1757024095.896,latency_s,5.336473
1757024095.896,latency_s,5.368580
1757024095.896,latency_s,5.319806
1757024095.896,latency_s,5.318922
1757024095.896,latency_s,5.312015
1757024095.896,latency_s,5.311297
1757024095.990,latency_s,5.429986
1757024095.990,latency_s,5.359679
1757024095.990,latency_s,5.354866
1757024095.990,latency_s,5.348539
1757024095.990,latency_s,5.345634
1757024095.990,latency_s,5.345123
1757024095.990,latency_s,5.344908
1757024095.990,latency_s,5.339297
1757024095.990,latency_s,5.337332
1757024095.991,latency_s,5.362684
1757024096.087,latency_s,5.426819
1757024096.087,latency_s,5.409174
1757024096.087,latency_s,5.409009
1757024096.087,latency_s,5.401722
1757024096.087,latency_s,5.401593
1757024096.087,latency_s,5.395609
1757024096.087,latency_s,5.417297
1757024096.087,latency_s,5.380295
1757024096.087,latency_s,5.426428
1757024096.087,latency_s,5.365518
1757024096.087,latency_s,5.356579
1757024096.087,latency_s,5.351858
1757024096.087,latency_s,5.344980
1757024096.087,latency_s,5.342126
1757024096.087,latency_s,5.341616
1757024096.087,latency_s,5.341742
1757024096.087,latency_s,5.334696
1757024096.087,latency_s,5.333730
1757024096.087,latency_s,5.359050
1757024096.088,latency_s,5.326901
1757024096.088,latency_s,5.309515
1757024096.088,latency_s,5.309223
1757024096.088,latency_s,5.317962
1757024096.088,latency_s,5.298078
1757024096.088,latency_s,5.298087
1757024096.088,latency_s,5.296286
1757024096.182,latency_s,5.374309
1757024096.182,latency_s,5.420712
1757024096.182,latency_s,5.359253
1757024096.182,latency_s,5.349212
1757024096.182,latency_s,5.346423
1757024096.182,latency_s,5.339384
1757024096.183,latency_s,5.337213
1757024096.183,latency_s,5.337111
1757024096.183,latency_s,5.337353
1757024096.183,latency_s,5.354285
1757024096.183,latency_s,5.329451
1757024096.183,latency_s,5.329474
1757024096.183,latency_s,5.318297
1757024096.183,latency_s,5.304556
1757024096.183,latency_s,5.304663
1757024096.277,latency_s,5.406779
1757024096.277,latency_s,5.386176
1757024096.277,latency_s,5.385601
1757024096.277,latency_s,5.385812
1757024096.277,latency_s,5.368528
1757024096.277,latency_s,5.412319
1757024096.277,latency_s,5.354206
1757024096.277,latency_s,5.341937
1757024096.277,latency_s,5.341795
1757024096.279,latency_s,5.334661
1757024096.279,latency_s,5.349274
1757024096.279,latency_s,5.332939
1757024096.279,latency_s,5.332979
1757024096.279,latency_s,5.332715
1757024096.279,latency_s,5.324769
1757024096.279,latency_s,5.324766
1757024096.279,latency_s,5.313414
1757024096.279,latency_s,5.308059
1757024096.279,latency_s,5.300235
1757024096.279,latency_s,5.298802
1757024096.279,latency_s,5.286353
1757024096.279,latency_s,5.286594
1757024096.279,latency_s,5.286325
1757024096.374,latency_s,5.408023
1757024096.374,latency_s,5.363885
1757024096.374,latency_s,5.350111
1757024096.374,latency_s,5.336807
1757024096.374,latency_s,5.336489
1757024096.374,latency_s,5.344326
1757024096.374,latency_s,5.329357
1757024096.374,latency_s,5.327598
1757024096.374,latency_s,5.327421
1757024096.374,latency_s,5.327698
1757024096.374,latency_s,5.318448
1757024096.469,latency_s,5.412648
1757024096.469,latency_s,5.402485
1757024096.469,latency_s,5.397626
1757024096.469,latency_s,5.389476
1757024096.469,latency_s,5.387499
1757024096.469,latency_s,5.376197
1757024096.469,latency_s,5.375879
1757024096.469,latency_s,5.375896
1757024096.469,latency_s,5.402626
1757024096.469,latency_s,5.358658
1757024096.469,latency_s,5.345410
1757024096.469,latency_s,5.339133
1757024096.470,latency_s,5.331865
1757024096.470,latency_s,5.331591
1757024096.470,latency_s,5.324766
1757024096.470,latency_s,5.322655
1757024096.470,latency_s,5.322690
1757024096.564,latency_s,5.407465
1757024096.564,latency_s,5.405621
1757024096.564,latency_s,5.397200
1757024096.564,latency_s,5.392467
1757024096.564,latency_s,5.371267
1757024096.564,latency_s,5.370715
1757024096.565,latency_s,5.371279
1757024096.565,latency_s,5.397300
1757024096.565,latency_s,5.353614
1757024096.565,latency_s,5.340263
1757024096.565,latency_s,5.333985
1757024096.565,latency_s,5.327044
1757024096.565,latency_s,5.325446
1757024096.565,latency_s,5.319731
1757024096.565,latency_s,5.317795
1757024096.660,latency_s,5.365970
1757024096.660,latency_s,5.365932
1757024096.660,latency_s,5.388175
1757024096.660,latency_s,5.365555
1757024096.660,latency_s,5.347780
1757024096.660,latency_s,5.334532
1757024096.660,latency_s,5.328870
1757024096.660,latency_s,5.321802
1757024096.660,latency_s,5.319935
1757024096.660,latency_s,5.313514
1757024096.661,latency_s,5.513009
1757024096.661,latency_s,5.412841
1757024096.661,latency_s,5.313094
1757024096.661,latency_s,5.312680
1757024096.661,latency_s,5.302456
1757024096.661,latency_s,5.301537
1757024096.661,latency_s,5.292180
1757024096.755,latency_s,5.382711
1757024096.755,latency_s,5.374368
1757024096.755,latency_s,5.370974
1757024096.755,latency_s,5.382896
1757024096.756,latency_s,5.360745
1757024096.756,latency_s,5.360718
1757024096.756,latency_s,5.360639
1757024096.756,latency_s,5.342624
1757024096.756,latency_s,5.328860
1757024096.756,latency_s,5.323939
1757024096.756,latency_s,5.316592
1757024096.756,latency_s,5.314991
1757024096.756,latency_s,5.407809
1757024096.795,latency_s,5.347373
1757024096.795,latency_s,5.347437
1757024096.850,latency_s,5.390403
1757024096.851,latency_s,5.381250
1757024096.851,latency_s,5.377867
1757024096.851,latency_s,5.369003
1757024096.851,latency_s,5.377604
1757024096.851,latency_s,5.365802
1757024096.851,latency_s,5.355690
1757024096.851,latency_s,5.355275
1757024096.851,latency_s,5.355268
1757024096.851,latency_s,5.337093
1757024096.851,latency_s,5.322942
1757024096.851,latency_s,5.318644
1757024096.932,latency_s,5.483865
1757024096.932,latency_s,5.391973
1757024096.932,latency_s,5.391273
1757024096.932,latency_s,5.384390
1757024096.932,latency_s,5.384441
1757024096.947,latency_s,5.385025
1757024096.947,latency_s,5.385108
1757024096.947,latency_s,5.377218
1757024096.947,latency_s,5.373945
1757024096.947,latency_s,5.373337
1757024096.947,latency_s,5.365118
1757024096.947,latency_s,5.361693
1757024096.947,latency_s,5.351255
1757024096.947,latency_s,5.351414
1757024096.947,latency_s,5.351216
1757024096.947,latency_s,5.332668
1757024096.947,latency_s,5.318112
1757024096.947,latency_s,5.398665
1757024096.947,latency_s,5.314363
1757024096.947,latency_s,5.305167
1757024097.042,latency_s,5.392601
1757024097.042,latency_s,5.379099
1757024097.042,latency_s,5.379151
1757024097.042,latency_s,5.370781
1757024097.042,latency_s,5.369048
1757024097.042,latency_s,5.366464
1757024097.042,latency_s,5.359792
1757024097.042,latency_s,5.356286
1757024097.042,latency_s,5.345744
1757024097.042,latency_s,5.345050
1757024097.042,latency_s,5.345085
1757024097.042,latency_s,5.326374
1757024097.042,latency_s,5.393559
1757024097.042,latency_s,5.312166
1757024097.137,latency_s,5.403077
1757024097.137,latency_s,5.394326
1757024097.137,latency_s,5.394159
1757024097.138,latency_s,5.387770
1757024097.138,latency_s,5.374612
1757024097.138,latency_s,5.374663
1757024097.138,latency_s,5.366465
1757024097.138,latency_s,5.364377
1757024097.138,latency_s,5.361450
1757024097.138,latency_s,5.355099
1757024097.138,latency_s,5.351134
1757024097.138,latency_s,5.340876
1757024097.138,latency_s,5.340698
1757024097.138,latency_s,5.340717
1757024097.138,latency_s,5.322109
1757024097.138,latency_s,5.388153
1757024097.138,latency_s,5.307800
1757024097.138,latency_s,5.304568
1757024097.233,latency_s,5.381903
1757024097.233,latency_s,5.367863
1757024097.233,latency_s,5.366802
1757024097.233,latency_s,5.360583
1757024097.233,latency_s,5.359177
1757024097.233,latency_s,5.355506
1757024097.233,latency_s,5.349322
1757024097.233,latency_s,5.345468
1757024097.233,latency_s,5.334126
1757024097.233,latency_s,5.333574
1757024097.233,latency_s,5.333686
1757024097.233,latency_s,5.316439
1757024097.233,latency_s,5.382612
1757024097.233,latency_s,5.299351
1757024097.328,latency_s,5.376583
1757024097.328,latency_s,5.376872
1757024097.328,latency_s,5.361351
1757024097.328,latency_s,5.360235
1757024097.328,latency_s,5.355191
1757024097.328,latency_s,5.352955
1757024097.328,latency_s,5.349205
1757024097.328,latency_s,5.344275
1757024097.328,latency_s,5.339894
1757024097.328,latency_s,5.328604
1757024097.328,latency_s,5.328247
1757024097.329,latency_s,5.328542
1757024097.329,latency_s,5.377593
1757024097.329,latency_s,5.311095
1757024097.329,latency_s,5.294470
1757024097.423,latency_s,5.388270
1757024097.423,latency_s,5.378961
1757024097.423,latency_s,5.378468
1757024097.424,latency_s,5.371884
1757024097.424,latency_s,5.372012
1757024097.424,latency_s,5.357129
1757024097.424,latency_s,5.355786
1757024097.424,latency_s,5.350865
1757024097.424,latency_s,5.347803
1757024097.424,latency_s,5.344415
1757024097.424,latency_s,5.339609
1757024097.424,latency_s,5.335124
1757024097.424,latency_s,5.323933
1757024097.424,latency_s,5.323801
1757024097.424,latency_s,5.323605
1757024097.424,latency_s,5.372865
1757024097.424,latency_s,5.304303
1757024097.518,latency_s,5.365480
1757024097.518,latency_s,5.365551
1757024097.518,latency_s,5.350521
1757024097.518,latency_s,5.349573
1757024097.518,latency_s,5.344485
1757024097.519,latency_s,5.341918
1757024097.519,latency_s,5.337974
1757024097.519,latency_s,5.334121
1757024097.519,latency_s,5.328734
1757024097.519,latency_s,5.318268
1757024097.519,latency_s,5.318128
1757024097.519,latency_s,5.317801
1757024097.519,latency_s,5.367244
1757024097.519,latency_s,5.295192
1757024097.519,latency_s,5.284318
1757024097.613,latency_s,5.360989
1757024097.613,latency_s,5.360456
1757024097.613,latency_s,5.360500
1757024097.613,latency_s,5.344970
1757024097.613,latency_s,5.344227
1757024097.614,latency_s,5.338355
1757024097.614,latency_s,5.336608
1757024097.614,latency_s,5.332707
1757024097.614,latency_s,5.329175
1757024097.614,latency_s,5.323426
1757024097.614,latency_s,5.362334
1757024097.614,latency_s,5.313211
1757024097.614,latency_s,5.312938
1757024097.614,latency_s,5.313077
1757024097.614,latency_s,5.289560
1757024097.614,latency_s,5.276686
1757024097.614,latency_s,5.275716
1757024097.708,latency_s,5.354403
1757024097.708,latency_s,5.354412
1757024097.708,latency_s,5.354131
1757024097.708,latency_s,5.339801
1757024097.709,latency_s,5.338856
1757024097.709,latency_s,5.332000
1757024097.709,latency_s,5.331285
1757024097.709,latency_s,5.326872
1757024097.709,latency_s,5.323901
1757024097.709,latency_s,5.317634
1757024097.709,latency_s,5.356162
1757024097.709,latency_s,5.307345
1757024097.709,latency_s,5.306362
1757024097.709,latency_s,5.306299
1757024097.709,latency_s,5.283813
1757024097.804,latency_s,5.356612
1757024097.804,latency_s,5.356805
1757024097.804,latency_s,5.349683
1757024097.804,latency_s,5.349630
1757024097.804,latency_s,5.349460
1757024097.804,latency_s,5.333430
1757024097.804,latency_s,5.333319
1757024097.805,latency_s,5.327105
1757024097.805,latency_s,5.327091
1757024097.805,latency_s,5.322072
1757024097.805,latency_s,5.319312
1757024097.805,latency_s,5.351365
1757024097.805,latency_s,5.313234
1757024097.805,latency_s,5.301389
1757024097.805,latency_s,5.301381
1757024097.805,latency_s,5.301594
1757024097.898,latency_s,5.372487
1757024097.899,latency_s,5.351622
1757024097.900,latency_s,5.352564
1757024097.900,latency_s,5.345045
1757024097.900,latency_s,5.345283
1757024097.901,latency_s,5.344365
1757024097.901,latency_s,5.329108
1757024097.901,latency_s,5.328913
1757024097.901,latency_s,5.322721
1757024097.901,latency_s,5.322818
1757024097.901,latency_s,5.316964
1757024097.901,latency_s,5.345580
1757024097.901,latency_s,5.314158
1757024097.901,latency_s,5.308529
1757024097.901,latency_s,5.296297
1757024097.901,latency_s,5.296332
1757024097.994,latency_s,5.353561
1757024097.994,latency_s,5.347860
1757024097.994,latency_s,5.345363
1757024097.994,latency_s,5.345399
1757024097.994,latency_s,5.337687
1757024097.994,latency_s,5.337631
1757024097.994,latency_s,5.337405
1757024097.994,latency_s,5.321807
1757024097.994,latency_s,5.321853
1757024097.994,latency_s,5.316140
1757024097.994,latency_s,5.315663
1757024097.995,latency_s,5.339163
1757024097.996,latency_s,5.311202
1757024097.996,latency_s,5.308364
1757024097.996,latency_s,5.302919
1757024097.996,latency_s,5.290668
1757024098.089,latency_s,5.383442
1757024098.089,latency_s,5.360175
1757024098.089,latency_s,5.347343
1757024098.089,latency_s,5.341514
1757024098.089,latency_s,5.339557
1757024098.089,latency_s,5.339472
1757024098.089,latency_s,5.332299
1757024098.090,latency_s,5.331998
1757024098.090,latency_s,5.331145
1757024098.090,latency_s,5.317172
1757024098.090,latency_s,5.315784
1757024098.090,latency_s,5.333107
1757024098.090,latency_s,5.311998
1757024098.090,latency_s,5.310546
1757024098.090,latency_s,5.305190
1757024098.090,latency_s,5.302293
1757024098.184,latency_s,5.377906
1757024098.184,latency_s,5.378114
1757024098.184,latency_s,5.354497
1757024098.184,latency_s,5.340971
1757024098.184,latency_s,5.336310
1757024098.184,latency_s,5.333797
1757024098.184,latency_s,5.333836
1757024098.184,latency_s,5.325570
1757024098.184,latency_s,5.325594
1757024098.184,latency_s,5.324558
1757024098.184,latency_s,5.325814
1757024098.185,latency_s,5.311325
1757024098.185,latency_s,5.310360
1757024098.185,latency_s,5.307023
1757024098.185,latency_s,5.304899
1757024098.185,latency_s,5.298734
1757024098.279,latency_s,5.473283
1757024098.280,latency_s,5.372088
1757024098.280,latency_s,5.350487
1757024098.281,latency_s,5.337106
1757024098.281,latency_s,5.333152
1757024098.281,latency_s,5.330096
1757024098.281,latency_s,5.330191
1757024098.281,latency_s,5.321923
1757024098.281,latency_s,5.321636
1757024098.281,latency_s,5.321423
1757024098.281,latency_s,5.322043
1757024098.281,latency_s,5.306834
1757024098.281,latency_s,5.305876
1757024098.281,latency_s,5.302881
1757024098.282,latency_s,5.300514
1757024098.282,latency_s,5.294737
1757024098.374,latency_s,5.466805
1757024098.375,latency_s,5.367110
1757024098.375,latency_s,5.367055
1757024098.375,latency_s,5.344929
1757024098.375,latency_s,5.331239
1757024098.375,latency_s,5.327325
1757024098.376,latency_s,5.323095
1757024098.376,latency_s,5.323142
1757024098.376,latency_s,5.316058
1757024098.376,latency_s,5.315912
1757024098.376,latency_s,5.315669
1757024098.376,latency_s,5.316375
1757024098.376,latency_s,5.301143
1757024098.376,latency_s,5.299703
1757024098.376,latency_s,5.296942
1757024098.376,latency_s,5.292396
1757024098.469,latency_s,5.379343
1757024098.470,latency_s,5.379582
1757024098.471,latency_s,5.374716
1757024098.471,latency_s,5.462725
1757024098.471,latency_s,5.362754
1757024098.471,latency_s,5.362650
1757024098.471,latency_s,5.340369
1757024098.471,latency_s,5.327147
1757024098.471,latency_s,5.322767
1757024098.471,latency_s,5.317817
1757024098.472,latency_s,5.317887
1757024098.472,latency_s,5.311906
1757024098.472,latency_s,5.311694
1757024098.472,latency_s,5.311494
1757024098.472,latency_s,5.310268
1757024098.472,latency_s,5.296326
1757024098.564,latency_s,5.385031
1757024098.564,latency_s,5.379851
1757024098.565,latency_s,5.374984
1757024098.566,latency_s,5.375253
1757024098.566,latency_s,5.457477
1757024098.566,latency_s,5.370101
1757024098.566,latency_s,5.357665
1757024098.566,latency_s,5.357621
1757024098.567,latency_s,5.330717
1757024098.567,latency_s,5.322104
1757024098.567,latency_s,5.317480
1757024098.567,latency_s,5.312612
1757024098.567,latency_s,5.312535
1757024098.567,latency_s,5.307105
1757024098.567,latency_s,5.305322
1757024098.567,latency_s,5.305340
1757024098.659,latency_s,5.380287
1757024098.659,latency_s,5.379977
1757024098.660,latency_s,5.374475
1757024098.661,latency_s,5.451996
1757024098.661,latency_s,5.370693
1757024098.662,latency_s,5.370970
1757024098.662,latency_s,5.365387
1757024098.662,latency_s,5.353383
1757024098.662,latency_s,5.352149
1757024098.663,latency_s,5.324519
1757024098.663,latency_s,5.317250
1757024098.663,latency_s,5.313382
1757024098.663,latency_s,5.307796
1757024098.663,latency_s,5.307960
1757024098.663,latency_s,5.303038
1757024098.663,latency_s,5.301058
1757024098.850,latency_s,5.487503
1757024098.850,latency_s,5.472353
1757024098.850,latency_s,5.470593
1757024098.850,latency_s,5.470350
1757024098.850,latency_s,5.541513
1757024098.850,latency_s,5.464301
1757024098.850,latency_s,5.458467
1757024098.850,latency_s,5.458295
1757024098.850,latency_s,5.453299
1757024098.850,latency_s,5.441596
1757024098.850,latency_s,5.439909
1757024098.851,latency_s,5.410965
1757024098.851,latency_s,5.404353
1757024098.851,latency_s,5.400502
1757024098.851,latency_s,5.393996
1757024098.851,latency_s,5.393941
1757024098.851,latency_s,5.388253
1757024098.852,latency_s,5.389236
1757024098.852,latency_s,5.373405
1757024098.852,latency_s,5.442868
1757024098.852,latency_s,5.371689
1757024098.852,latency_s,5.371809
1757024098.852,latency_s,5.364356
1757024098.852,latency_s,5.359634
1757024098.852,latency_s,5.359338
1757024098.852,latency_s,5.354162
1757024098.853,latency_s,5.343494
1757024098.853,latency_s,5.342024
1757024098.853,latency_s,5.310421
1757024098.854,latency_s,5.306223
1757024098.854,latency_s,5.302935
1757024098.854,latency_s,5.296104
1757024098.945,latency_s,5.383790
1757024098.949,latency_s,5.385126
1757024098.949,latency_s,5.385815
1757024098.950,latency_s,5.438883
1757024098.950,latency_s,5.371045
1757024098.950,latency_s,5.368826
1757024098.950,latency_s,5.368801
1757024098.950,latency_s,5.361058
1757024098.950,latency_s,5.356689
1757024098.950,latency_s,5.356615
1757024098.950,latency_s,5.350836
1757024098.950,latency_s,5.340520
1757024098.950,latency_s,5.337978
1757024098.950,latency_s,5.306974
1757024099.046,latency_s,5.397893
1757024099.046,latency_s,5.395073
1757024099.046,latency_s,5.388195
1757024099.046,latency_s,5.387866
1757024099.046,latency_s,5.384806
1757024099.046,latency_s,5.382186
1757024099.046,latency_s,5.382260
1757024099.046,latency_s,5.434463
1757024099.046,latency_s,5.367480
1757024099.047,latency_s,5.365708
1757024099.047,latency_s,5.364748
1757024099.047,latency_s,5.357445
1757024099.047,latency_s,5.353223
1757024099.047,latency_s,5.353560
1757024099.047,latency_s,5.346171
1757024099.047,latency_s,5.336888
1757024099.047,latency_s,5.333967
1757024099.047,latency_s,5.302873
1757024099.047,latency_s,5.298495
1757024099.141,latency_s,5.578121
1757024099.142,latency_s,5.477757
1757024099.142,latency_s,5.429075
1757024099.143,latency_s,5.378643
1757024099.143,latency_s,5.378348
1757024099.143,latency_s,5.363363
1757024099.143,latency_s,5.361516
1757024099.143,latency_s,5.360552
1757024099.143,latency_s,5.353083
1757024099.143,latency_s,5.349338
1757024099.143,latency_s,5.348959
1757024099.143,latency_s,5.341976
1757024099.143,latency_s,5.332610
1757024099.143,latency_s,5.329474
1757024099.143,latency_s,5.294133
1757024099.144,latency_s,5.291345
1757024099.144,latency_s,5.379458
1757024099.144,latency_s,5.284172
1757024099.144,latency_s,5.330017
1757024099.144,latency_s,5.282930
1757024099.144,latency_s,5.281229
1757024099.144,latency_s,5.279324
1757024099.144,latency_s,5.279074
1757024099.144,latency_s,5.264099
1757024099.144,latency_s,5.262250
1757024099.144,latency_s,5.260811
1757024099.238,latency_s,5.345924
1757024099.238,latency_s,5.343204
1757024099.238,latency_s,5.342929
1757024099.238,latency_s,5.335862
1757024099.238,latency_s,5.327018
1757024099.238,latency_s,5.284095
1757024099.238,latency_s,5.373391
1757024099.238,latency_s,5.323841
1757024099.239,latency_s,5.278942
1757024099.239,latency_s,5.277193
1757024099.239,latency_s,5.276522
1757024099.239,latency_s,5.274096
1757024099.239,latency_s,5.273653
1757024099.239,latency_s,5.258906
1757024099.239,latency_s,5.257060
1757024099.239,latency_s,5.255910
1757024099.239,latency_s,5.247576
1757024099.239,latency_s,5.244317
1757024099.240,latency_s,5.243871
1757024099.240,latency_s,5.236648
1757024099.240,latency_s,5.228414
1757024099.334,latency_s,5.489143
1757024099.334,latency_s,5.388855
1757024099.335,latency_s,5.319918
1757024099.335,latency_s,5.369161
1757024099.335,latency_s,5.281097
1757024099.335,latency_s,5.274786
1757024099.335,latency_s,5.273171
1757024099.335,latency_s,5.271909
1757024099.335,latency_s,5.269651
1757024099.335,latency_s,5.269378
1757024099.335,latency_s,5.253249
1757024099.335,latency_s,5.252309
1757024099.335,latency_s,5.250289
1757024099.335,latency_s,5.243096
1757024099.335,latency_s,5.240124
1757024099.336,latency_s,5.239241
1757024099.336,latency_s,5.231865
1757024099.336,latency_s,5.223481
1757024099.429,latency_s,5.514395
1757024099.429,latency_s,5.414344
1757024099.429,latency_s,5.314042
1757024099.429,latency_s,5.378143
1757024099.429,latency_s,5.314294
1757024099.430,latency_s,5.364352
1757024099.430,latency_s,5.480220
1757024099.431,latency_s,5.379974
1757024099.431,latency_s,5.275013
1757024099.431,latency_s,5.269549
1757024099.431,latency_s,5.268557
1757024099.431,latency_s,5.266778
1757024099.431,latency_s,5.264863
1757024099.431,latency_s,5.264563
1757024099.525,latency_s,5.340969
1757024099.525,latency_s,5.340355
1757024099.526,latency_s,5.340372
1757024099.526,latency_s,5.333048
1757024099.526,latency_s,5.330287
1757024099.526,latency_s,5.329864
1757024099.526,latency_s,5.322106
1757024099.526,latency_s,5.313659
1757024099.527,latency_s,5.309876
1757024099.527,latency_s,5.374921
1757024099.527,latency_s,5.310917
1757024099.527,latency_s,5.360448
1757024099.527,latency_s,5.375939
1757024099.527,latency_s,5.270576
1757024099.527,latency_s,5.264573
1757024099.527,latency_s,5.263722
1757024099.527,latency_s,5.262267
1757024099.567,latency_s,5.300098
1757024099.621,latency_s,5.354112
1757024099.621,latency_s,5.337579
1757024099.621,latency_s,5.336189
1757024099.622,latency_s,5.335296
1757024099.622,latency_s,5.325008
1757024099.622,latency_s,5.323069
1757024099.622,latency_s,5.317116
1757024099.622,latency_s,5.308661
1757024099.622,latency_s,5.369792
1757024099.622,latency_s,5.305424
1757024099.622,latency_s,5.355115
1757024099.622,latency_s,5.370030
1757024099.622,latency_s,5.304389
1757024099.622,latency_s,5.265599
1757024099.716,latency_s,5.353149
1757024099.716,latency_s,5.352112
1757024099.716,latency_s,5.351200
1757024099.716,latency_s,5.349093
1757024099.716,latency_s,5.349247
1757024099.716,latency_s,5.331817
1757024099.717,latency_s,5.330172
1757024099.717,latency_s,5.329091
1757024099.717,latency_s,5.319937
1757024099.717,latency_s,5.317143
1757024099.717,latency_s,5.311493
1757024099.717,latency_s,5.303261
1757024099.717,latency_s,5.364419
1757024099.717,latency_s,5.300306
1757024099.717,latency_s,5.349877
1757024099.717,latency_s,5.298513
1757024099.717,latency_s,5.260039
1757024099.717,latency_s,5.253628
1757024099.811,latency_s,5.346264
1757024099.812,latency_s,5.346716
1757024099.812,latency_s,5.344669
1757024099.812,latency_s,5.344658
1757024099.812,latency_s,5.327187
1757024099.812,latency_s,5.324165
1757024099.812,latency_s,5.323117
1757024099.812,latency_s,5.519114
1757024099.812,latency_s,5.418558
1757024099.812,latency_s,5.315006
1757024099.812,latency_s,5.312106
1757024099.812,latency_s,5.306647
1757024099.812,latency_s,5.298306
1757024099.813,latency_s,5.359351
1757024099.907,latency_s,5.439470
1757024099.908,latency_s,5.388546
1757024099.908,latency_s,5.350111
1757024099.908,latency_s,5.342641
1757024099.908,latency_s,5.342720
1757024099.908,latency_s,5.342410
1757024099.908,latency_s,5.339975
1757024099.908,latency_s,5.339895
1757024099.908,latency_s,5.322555
1757024099.908,latency_s,5.413770
1757024099.908,latency_s,5.319731
1757024099.908,latency_s,5.318784
1757024099.908,latency_s,5.310402
1757024099.908,latency_s,5.307468
1757024099.908,latency_s,5.301956
1757024099.909,latency_s,5.294014
1757024099.909,latency_s,5.355196
1757024099.909,latency_s,5.340551
1757024100.002,latency_s,5.382893
1757024100.002,latency_s,5.382509
1757024100.003,latency_s,5.344297
1757024100.003,latency_s,5.337010
1757024100.003,latency_s,5.336660
1757024100.003,latency_s,5.336710
1757024100.003,latency_s,5.334650
1757024100.003,latency_s,5.334432
1757024100.003,latency_s,5.406879
1757024100.003,latency_s,5.317603
1757024100.004,latency_s,5.313248
1757024100.004,latency_s,5.313256
1757024100.004,latency_s,5.305388
1757024100.004,latency_s,5.301914
1757024100.096,latency_s,5.375873
1757024100.098,latency_s,5.377653
1757024100.098,latency_s,5.745883
1757024100.098,latency_s,5.645339
1757024100.098,latency_s,5.545186
1757024100.098,latency_s,5.444962
1757024100.098,latency_s,5.340055
1757024100.098,latency_s,5.331762
1757024100.098,latency_s,5.331545
1757024100.099,latency_s,5.331345
1757024100.099,latency_s,5.330067
1757024100.099,latency_s,5.329709
1757024100.099,latency_s,5.401738
1757024100.099,latency_s,5.312966
1757024100.099,latency_s,5.307501
1757024100.099,latency_s,5.307449
1757024100.099,latency_s,5.300741
1757024100.099,latency_s,5.297258
1757024100.191,latency_s,5.434661
1757024100.191,latency_s,5.383150
1757024100.192,latency_s,5.376218
1757024100.192,latency_s,5.422961
1757024100.192,latency_s,5.370649
1757024100.195,latency_s,5.373029
1757024100.195,latency_s,5.440253
1757024100.195,latency_s,5.334788
1757024100.195,latency_s,5.327321
1757024100.195,latency_s,5.327299
1757024100.195,latency_s,5.327460
1757024100.195,latency_s,5.325973
1757024100.195,latency_s,5.325347
1757024100.195,latency_s,5.397030
1757024100.287,latency_s,5.388432
1757024100.288,latency_s,5.429664
1757024100.288,latency_s,5.385389
1757024100.288,latency_s,5.377993
1757024100.288,latency_s,5.418767
1757024100.288,latency_s,5.372174
1757024100.288,latency_s,5.365718
1757024100.288,latency_s,5.365868
1757024100.288,latency_s,5.432949
1757024100.288,latency_s,5.327455
1757024100.288,latency_s,5.389589
1757024100.288,latency_s,5.320314
1757024100.288,latency_s,5.320141
1757024100.288,latency_s,5.320405
1757024100.288,latency_s,5.319132
1757024100.288,latency_s,5.318462
1757024100.288,latency_s,5.301921
1757024100.288,latency_s,5.295706
1757024100.383,latency_s,5.388331
1757024100.384,latency_s,5.423357
1757024100.384,latency_s,5.385839
1757024100.385,latency_s,5.381567
1757024100.385,latency_s,5.415390
1757024100.385,latency_s,5.374338
1757024100.385,latency_s,5.368518
1757024100.385,latency_s,5.429612
1757024100.385,latency_s,5.362305
1757024100.385,latency_s,5.362356
1757024100.385,latency_s,5.324200
1757024100.385,latency_s,5.384899
1757024100.385,latency_s,5.316902
1757024100.385,latency_s,5.316514
1757024100.478,latency_s,5.415236
1757024100.478,latency_s,5.383443
1757024100.478,latency_s,5.381737
1757024100.478,latency_s,5.379532
1757024100.478,latency_s,5.373736
1757024100.478,latency_s,5.408731
1757024100.479,latency_s,5.368095
1757024100.479,latency_s,5.362207
1757024100.479,latency_s,5.423273
1757024100.479,latency_s,5.356192
1757024100.479,latency_s,5.356030
1757024100.479,latency_s,5.377907
1757024100.479,latency_s,5.317818
1757024100.479,latency_s,5.310354
1757024100.479,latency_s,5.310061
1757024100.479,latency_s,5.309894
1757024100.479,latency_s,5.308497
1757024100.479,latency_s,5.308353
1757024100.573,latency_s,5.410077
1757024100.573,latency_s,5.386318
1757024100.668,latency_s,5.472635
1757024100.668,latency_s,5.470958
1757024100.668,latency_s,5.469246
1757024100.669,latency_s,5.497674
1757024100.669,latency_s,5.463710
1757024100.669,latency_s,5.457518
1757024100.669,latency_s,5.512261
1757024100.669,latency_s,5.451133
1757024100.669,latency_s,5.445296
1757024100.669,latency_s,5.445250
1757024100.669,latency_s,5.467176
1757024100.669,latency_s,5.407051
1757024100.671,latency_s,5.399927
1757024100.672,latency_s,5.400011
1757024100.672,latency_s,5.399683
1757024100.672,latency_s,5.407519
1757024100.672,latency_s,5.383958
1757024100.672,latency_s,5.375819
1757024100.672,latency_s,5.400482
1757024100.672,latency_s,5.374489
1757024100.672,latency_s,5.373009
1757024100.672,latency_s,5.366782
1757024100.672,latency_s,5.415633
1757024100.672,latency_s,5.360953
1757024100.672,latency_s,5.354562
1757024100.672,latency_s,5.348245
1757024100.673,latency_s,5.348827
1757024100.673,latency_s,5.370045
1757024100.673,latency_s,5.309842
1757024100.673,latency_s,5.302976
1757024100.765,latency_s,5.394670
1757024100.765,latency_s,5.391668
1757024100.768,latency_s,5.395219
1757024100.769,latency_s,5.395276
1757024100.769,latency_s,5.404608
1757024100.769,latency_s,5.381146
1757024100.769,latency_s,5.395927
1757024100.769,latency_s,5.372313
1757024100.769,latency_s,5.371323
1757024100.769,latency_s,5.369443
1757024100.769,latency_s,5.411928
1757024100.769,latency_s,5.362985
1757024100.769,latency_s,5.357361
1757024100.769,latency_s,5.351037
1757024100.860,latency_s,5.436426
1757024100.860,latency_s,5.435620
1757024100.861,latency_s,5.457788
1757024100.861,latency_s,5.397633
1757024100.861,latency_s,5.390394
1757024100.861,latency_s,5.390070
1757024100.861,latency_s,5.387226
1757024100.864,latency_s,5.390815
1757024100.865,latency_s,5.390465
1757024100.865,latency_s,5.400012
1757024100.865,latency_s,5.391600
1757024100.865,latency_s,5.376886
1757024100.865,latency_s,5.366378
1757024100.865,latency_s,5.366473
1757024100.865,latency_s,5.407254
1757024100.865,latency_s,5.358564
1757024100.865,latency_s,5.352968
1757024100.865,latency_s,5.346074
1757024100.865,latency_s,5.341149
1757024100.865,latency_s,5.340111
1757024100.959,latency_s,5.387701
1757024100.960,latency_s,5.385717
1757024100.960,latency_s,5.385533
1757024100.960,latency_s,5.385366
1757024100.960,latency_s,5.386656
1757024100.961,latency_s,5.372367
1757024100.961,latency_s,5.402539
1757024100.961,latency_s,5.361939
1757024100.961,latency_s,5.361372
1757024100.961,latency_s,5.353801
1757024100.961,latency_s,5.348441
1757024100.961,latency_s,5.341581
1757024100.961,latency_s,5.336200
1757024100.961,latency_s,5.334874
1757024100.961,latency_s,5.355992
1757024100.961,latency_s,5.296822
1757024100.961,latency_s,5.294901
1757024100.961,latency_s,5.289838
1757024100.961,latency_s,5.288840
1757024101.054,latency_s,5.379539
1757024101.055,latency_s,5.380132
1757024101.055,latency_s,5.379517
1757024101.055,latency_s,5.380711
1757024101.055,latency_s,5.366508
1757024101.055,latency_s,5.396616
1757024101.055,latency_s,5.555046
1757024101.055,latency_s,5.454408
1757024101.055,latency_s,5.355306
1757024101.055,latency_s,5.355249
1757024101.055,latency_s,5.348441
1757024101.056,latency_s,5.343048
1757024101.056,latency_s,5.335738
1757024101.057,latency_s,5.331518
1757024101.057,latency_s,5.330595
1757024101.057,latency_s,5.351330
1757024101.057,latency_s,5.292734
1757024101.057,latency_s,5.290076
1757024101.057,latency_s,5.285247
1757024101.057,latency_s,5.284717
1757024101.057,latency_s,5.282327
1757024101.057,latency_s,5.282314
1757024101.057,latency_s,5.282855
1757024101.058,latency_s,5.280470
1757024101.178,latency_s,5.419547
1757024101.179,latency_s,5.389591
1757024101.179,latency_s,5.477438
1757024101.179,latency_s,5.377786
1757024101.179,latency_s,5.377810
1757024101.179,latency_s,5.370503
1757024101.179,latency_s,5.365659
1757024101.179,latency_s,5.358510
1757024101.179,latency_s,5.353492
1757024101.179,latency_s,5.351683
1757024101.179,latency_s,5.372421
1757024101.179,latency_s,5.314148
1757024101.179,latency_s,5.311949
1757024101.179,latency_s,5.306952
1757024101.179,latency_s,5.306360
1757024101.179,latency_s,5.304352
1757024101.179,latency_s,5.304435
1757024101.179,latency_s,5.304286
1757024101.179,latency_s,5.301159
1757024101.180,latency_s,5.320476
1757024101.180,latency_s,5.290186
1757024101.247,latency_s,5.445462
1757024101.250,latency_s,5.347966
1757024101.250,latency_s,5.347611
1757024101.250,latency_s,5.341556
1757024101.250,latency_s,5.336227
1757024101.250,latency_s,5.329255
1757024101.250,latency_s,5.323888
1757024101.250,latency_s,5.321988
1757024101.250,latency_s,5.342697
1757024101.250,latency_s,5.284885
1757024101.250,latency_s,5.281708
1757024101.274,latency_s,5.301915
1757024101.275,latency_s,5.301313
1757024101.275,latency_s,5.299667
1757024101.275,latency_s,5.299752
1757024101.275,latency_s,5.299515
1757024101.275,latency_s,5.314919
1757024101.275,latency_s,5.295725
1757024101.275,latency_s,5.373771
1757024101.276,latency_s,5.285798
1757024101.345,latency_s,5.342304
1757024101.345,latency_s,5.342736
1757024101.345,latency_s,5.336728
1757024101.345,latency_s,5.331517
1757024101.345,latency_s,5.324191
1757024101.345,latency_s,5.337437
1757024101.346,latency_s,5.318763
1757024101.346,latency_s,5.317131
1757024101.346,latency_s,5.279871
1757024101.370,latency_s,5.300861
1757024101.370,latency_s,5.296878
1757024101.371,latency_s,5.296742
1757024101.371,latency_s,5.310118
1757024101.371,latency_s,5.295592
1757024101.371,latency_s,5.295212
1757024101.371,latency_s,5.290483
1757024101.371,latency_s,5.369416
1757024101.371,latency_s,5.281098
1757024101.371,latency_s,5.267926
1757024101.371,latency_s,5.267862
1757024101.371,latency_s,5.262329
1757024101.371,latency_s,5.256693
1757024101.371,latency_s,5.262754
1757024101.467,latency_s,5.344760
1757024101.467,latency_s,5.339848
1757024101.467,latency_s,5.337362
1757024101.467,latency_s,5.300542
1757024101.467,latency_s,5.297628
1757024101.467,latency_s,5.305715
1757024101.467,latency_s,5.293226
1757024101.467,latency_s,5.292307
1757024101.467,latency_s,5.365267
1757024101.467,latency_s,5.291342
1757024101.467,latency_s,5.291196
1757024101.467,latency_s,5.285992
1757024101.467,latency_s,5.277030
1757024101.467,latency_s,5.263836
1757024101.467,latency_s,5.263263
1757024101.562,latency_s,5.353007
1757024101.562,latency_s,5.353415
1757024101.563,latency_s,5.347659
1757024101.563,latency_s,5.340104
1757024101.563,latency_s,5.335212
1757024101.563,latency_s,5.332278
1757024101.563,latency_s,5.301176
1757024101.563,latency_s,5.295872
1757024101.563,latency_s,5.292932
1757024101.563,latency_s,5.360057
1757024101.563,latency_s,5.288064
1757024101.563,latency_s,5.487089
1757024101.563,latency_s,5.386870
1757024101.563,latency_s,5.286489
1757024101.563,latency_s,5.286545
1757024101.658,latency_s,5.376832
1757024101.659,latency_s,5.368207
1757024101.659,latency_s,5.354997
1757024101.659,latency_s,5.354167
1757024101.659,latency_s,5.349152
1757024101.659,latency_s,5.349385
1757024101.659,latency_s,5.342919
1757024101.659,latency_s,5.336075
1757024101.659,latency_s,5.330702
1757024101.659,latency_s,5.327652
1757024101.659,latency_s,5.296738
1757024101.659,latency_s,5.355897
1757024101.659,latency_s,5.291304
1757024101.659,latency_s,5.288447
1757024101.659,latency_s,5.382586
1757024101.659,latency_s,5.283367
1757024101.753,latency_s,5.375871
1757024101.754,latency_s,5.376353
1757024101.754,latency_s,5.371700
1757024101.754,latency_s,5.362482
1757024101.754,latency_s,5.349875
1757024101.754,latency_s,5.348964
1757024101.754,latency_s,5.343847
1757024101.754,latency_s,5.343755
1757024101.754,latency_s,5.335911
1757024101.754,latency_s,5.330703
1757024101.754,latency_s,5.325653
1757024101.754,latency_s,5.322225
1757024101.754,latency_s,5.350467
1757024101.848,latency_s,5.385476
1757024101.848,latency_s,5.471218
1757024101.848,latency_s,5.379720
1757024101.849,latency_s,5.377539
1757024101.849,latency_s,5.574502
1757024101.849,latency_s,5.473576
1757024101.849,latency_s,5.373228
1757024101.849,latency_s,5.371698
1757024101.849,latency_s,5.371470
1757024101.849,latency_s,5.365677
1757024101.849,latency_s,5.357332
1757024101.849,latency_s,5.344813
1757024101.849,latency_s,5.343869
1757024101.849,latency_s,5.339155
1757024101.850,latency_s,5.339015
1757024101.850,latency_s,5.330817
1757024101.850,latency_s,5.325600
1757024101.850,latency_s,5.320693
1757024101.850,latency_s,5.315289
1757024101.944,latency_s,5.381102
1757024101.945,latency_s,5.375726
1757024101.945,latency_s,5.468957
1757024101.945,latency_s,5.373118
1757024101.945,latency_s,5.367888
1757024101.945,latency_s,5.366956
1757024102.040,latency_s,5.461136
1757024102.040,latency_s,5.456462
1757024102.040,latency_s,5.448180
1757024102.040,latency_s,5.434364
1757024102.040,latency_s,5.433728
1757024102.040,latency_s,5.429533
1757024102.040,latency_s,5.429585
1757024102.040,latency_s,5.421262
1757024102.041,latency_s,5.416340
1757024102.041,latency_s,5.410908
1757024102.041,latency_s,5.405070
1757024102.041,latency_s,5.436134
1757024102.041,latency_s,5.462650
1757024102.041,latency_s,5.377071
1757024102.041,latency_s,5.464901
1757024102.041,latency_s,5.371721
1757024102.041,latency_s,5.367568
1757024102.041,latency_s,5.363842
1757024102.041,latency_s,5.362367
1757024102.041,latency_s,5.361664
1757024102.041,latency_s,5.356794
1757024102.041,latency_s,5.348460
1757024102.041,latency_s,5.334958
1757024102.041,latency_s,5.334000
1757024102.041,latency_s,5.329784
1757024102.041,latency_s,5.329864
1757024102.135,latency_s,5.430330
1757024102.136,latency_s,5.455798
1757024102.136,latency_s,5.459523
1757024102.136,latency_s,5.371730
1757024102.136,latency_s,5.366499
1757024102.136,latency_s,5.362236
1757024102.136,latency_s,5.358572
1757024102.258,latency_s,5.479101
1757024102.258,latency_s,5.478297
1757024102.258,latency_s,5.472000
1757024102.258,latency_s,5.465136
1757024102.258,latency_s,5.451375
1757024102.258,latency_s,5.450450
1757024102.258,latency_s,5.446467
1757024102.258,latency_s,5.446448
1757024102.258,latency_s,5.436196
1757024102.258,latency_s,5.433514
1757024102.258,latency_s,5.427880
1757024102.258,latency_s,5.452619
1757024102.258,latency_s,5.416639
1757024102.259,latency_s,5.477911
1757024102.259,latency_s,5.481991
1757024102.259,latency_s,5.393704
1757024102.259,latency_s,5.388850
1757024102.259,latency_s,5.384691
1757024102.259,latency_s,5.380952
1757024102.259,latency_s,5.379647
1757024102.259,latency_s,5.379147
1757024102.259,latency_s,5.372347
1757024102.259,latency_s,5.365564
1757024102.259,latency_s,5.351595
1757024102.259,latency_s,5.351307
1757024102.449,latency_s,5.536847
1757024102.449,latency_s,5.536944
1757024102.450,latency_s,5.526991
1757024102.450,latency_s,5.524761
1757024102.450,latency_s,5.518722
1757024102.450,latency_s,5.507367
1757024102.450,latency_s,5.569030
1757024102.450,latency_s,5.470347
1757024102.450,latency_s,5.469927
1757024102.450,latency_s,5.462999
1757024102.450,latency_s,5.455802
1757024102.450,latency_s,5.442231
1757024102.450,latency_s,5.441493
1757024102.450,latency_s,5.437147
1757024102.450,latency_s,5.437120
1757024102.450,latency_s,5.427352
1757024102.450,latency_s,5.424942
1757024102.450,latency_s,5.443676
1757024102.450,latency_s,5.418771
1757024102.451,latency_s,5.469719
1757024102.451,latency_s,5.407262
1757024102.451,latency_s,5.473137
1757024102.451,latency_s,5.385134
1757024102.451,latency_s,5.380270
1757024102.451,latency_s,5.375849
1757024102.451,latency_s,5.372807
1757024102.518,latency_s,5.438513
1757024102.518,latency_s,5.438215
1757024102.519,latency_s,5.430070
1757024102.519,latency_s,5.423748
1757024102.519,latency_s,5.410614
1757024102.519,latency_s,5.409504
1757024102.545,latency_s,5.369256
1757024102.545,latency_s,5.366664
1757024102.545,latency_s,5.364541
1757024102.641,latency_s,5.460304
1757024102.641,latency_s,5.449102
1757024102.641,latency_s,5.446299
1757024102.641,latency_s,5.433206
1757024102.641,latency_s,5.431557
1757024102.641,latency_s,5.427629
1757024102.641,latency_s,5.427427
1757024102.641,latency_s,5.433588
1757024102.641,latency_s,5.417252
1757024102.642,latency_s,5.415482
1757024102.642,latency_s,5.458862
1757024102.642,latency_s,5.408221
1757024102.642,latency_s,5.460881
1757024102.642,latency_s,5.391077
1757024102.642,latency_s,5.375767
1757024102.642,latency_s,5.370778
1757024102.642,latency_s,5.366060
1757024102.683,latency_s,5.404051
1757024102.683,latency_s,5.401948
1757024102.684,latency_s,5.402085
1757024102.684,latency_s,5.391021
1757024102.684,latency_s,5.388129
1757024102.684,latency_s,5.375219
1757024102.684,latency_s,5.373239
1757024102.684,latency_s,5.369511
1757024102.684,latency_s,5.369459
1757024102.684,latency_s,5.375871
1757024102.684,latency_s,5.400659
1757024102.736,latency_s,5.411559
1757024102.736,latency_s,5.409793
1757024102.736,latency_s,5.455079
1757024102.737,latency_s,5.384666
1757024102.779,latency_s,5.396946
1757024102.779,latency_s,5.385343
1757024102.833,latency_s,5.436560
1757024102.833,latency_s,5.424459
1757024102.833,latency_s,5.421709
1757024102.833,latency_s,5.424593
1757024102.833,latency_s,5.418320
1757024102.833,latency_s,5.418242
1757024102.834,latency_s,5.449576
1757024102.834,latency_s,5.408336
1757024102.834,latency_s,5.406479
1757024102.834,latency_s,5.398992
1757024102.834,latency_s,5.452128
1757024102.834,latency_s,5.380880
1757024102.834,latency_s,5.367220
1757024102.834,latency_s,5.362226
1757024102.834,latency_s,5.356606
1757024102.834,latency_s,5.353954
1757024102.834,latency_s,5.351939
1757024102.874,latency_s,5.391504
1757024102.874,latency_s,5.379551
1757024102.915,latency_s,5.418376
1757024102.915,latency_s,5.406198
1757024102.915,latency_s,5.406281
1757024102.915,latency_s,5.403117
1757024102.916,latency_s,5.431215
1757024102.916,latency_s,5.400387
1757024102.916,latency_s,5.400247
1757024102.916,latency_s,5.389097
1757024102.916,latency_s,5.387675
1757024102.916,latency_s,5.433189
1757024102.916,latency_s,5.380902
1757024102.971,latency_s,5.387560
1757024102.971,latency_s,5.375629
1757024102.971,latency_s,5.373637
1757024102.971,latency_s,5.386145
1757024103.011,latency_s,5.401771
1757024103.011,latency_s,5.401861
1757024103.011,latency_s,5.398512
1757024103.011,latency_s,5.395564
1757024103.012,latency_s,5.395731
1757024103.012,latency_s,5.384462
1757024103.012,latency_s,5.428790
1757024103.012,latency_s,5.383408
1757024103.012,latency_s,5.376296
1757024103.012,latency_s,5.357103
1757024103.012,latency_s,5.344111
1757024103.012,latency_s,5.338779
1757024103.012,latency_s,5.332941
1757024103.012,latency_s,5.328510
1757024103.012,latency_s,5.327295
1757024103.066,latency_s,5.381388
1757024103.066,latency_s,5.370519
1757024103.066,latency_s,5.368565
1757024103.066,latency_s,5.381256
1757024103.066,latency_s,5.356371
1757024103.066,latency_s,5.356220
1757024103.066,latency_s,5.353422
1757024103.066,latency_s,5.350081
1757024103.066,latency_s,5.349842
1757024103.067,latency_s,5.381921
1757024103.067,latency_s,5.338784
1757024103.067,latency_s,5.338156
1757024103.067,latency_s,5.330943
1757024103.162,latency_s,5.376434
1757024103.162,latency_s,5.366031
1757024103.162,latency_s,5.364061
1757024103.162,latency_s,5.376578
1757024103.162,latency_s,5.351547
1757024103.162,latency_s,5.351689
1757024103.259,latency_s,5.445092
1757024103.259,latency_s,5.442203
1757024103.259,latency_s,5.474033
1757024103.259,latency_s,5.440828
1757024103.259,latency_s,5.430407
1757024103.259,latency_s,5.430194
1757024103.259,latency_s,5.422762
1757024103.259,latency_s,5.402012
1757024103.259,latency_s,5.390745
1757024103.259,latency_s,5.385321
1757024103.259,latency_s,5.378875
1757024103.259,latency_s,5.372027
1757024103.259,latency_s,5.371522
1757024103.259,latency_s,5.371458
1757024103.259,latency_s,5.371721
1757024103.259,latency_s,5.362812
1757024103.259,latency_s,5.359914
1757024103.259,latency_s,5.348098
1757024103.259,latency_s,5.347866
1757024103.260,latency_s,5.371988
1757024103.355,latency_s,5.441012
1757024103.355,latency_s,5.438091
1757024103.355,latency_s,5.435647
1757024103.355,latency_s,5.425397
1757024103.355,latency_s,5.425388
1757024103.355,latency_s,5.418098
1757024103.355,latency_s,5.366974
1757024103.355,latency_s,5.357772
1757024103.355,latency_s,5.354050
1757024103.355,latency_s,5.367247
1757024103.355,latency_s,5.343488
1757024103.355,latency_s,5.343779
1757024103.355,latency_s,5.340365
1757024103.355,latency_s,5.338442
1757024103.355,latency_s,5.335378
1757024103.356,latency_s,5.325940
1757024103.450,latency_s,5.420002
1757024103.450,latency_s,5.412682
1757024103.450,latency_s,5.391954
1757024103.450,latency_s,5.380638
1757024103.450,latency_s,5.375692
1757024103.450,latency_s,5.369329
1757024103.450,latency_s,5.361997
1757024103.450,latency_s,5.361900
1757024103.451,latency_s,5.361217
1757024103.451,latency_s,5.352690
1757024103.451,latency_s,5.348851
1757024103.451,latency_s,5.361889
1757024103.451,latency_s,5.338959
1757024103.451,latency_s,5.338763
1757024103.451,latency_s,5.335647
1757024103.451,latency_s,5.333795
1757024103.545,latency_s,5.455748
1757024103.545,latency_s,5.355282
1757024103.545,latency_s,5.355329
1757024103.545,latency_s,5.346109
1757024103.545,latency_s,5.342602
1757024103.545,latency_s,5.333563
1757024103.546,latency_s,5.333611
1757024103.546,latency_s,5.330194
1757024103.546,latency_s,5.328267
1757024103.546,latency_s,5.325219
1757024103.546,latency_s,5.315792
1757024103.546,latency_s,5.315670
1757024103.546,latency_s,5.307706
1757024103.546,latency_s,5.284959
1757024103.546,latency_s,5.275637
1757024103.546,latency_s,5.270836
1757024103.640,latency_s,5.357692
1757024103.640,latency_s,5.350256
1757024103.640,latency_s,5.350390
1757024103.640,latency_s,5.350348
1757024103.640,latency_s,5.350436
1757024103.640,latency_s,5.350344
1757024103.640,latency_s,5.340810
1757024103.640,latency_s,5.336981
1757024103.641,latency_s,5.328460
1757024103.641,latency_s,5.328058
1757024103.641,latency_s,5.324275
1757024103.641,latency_s,5.322796
1757024103.641,latency_s,5.319386
1757024103.641,latency_s,5.310035
1757024103.641,latency_s,5.310130
1757024103.641,latency_s,5.302248
1757024103.735,latency_s,5.358631
1757024103.735,latency_s,5.352352
1757024103.735,latency_s,5.345178
1757024103.736,latency_s,5.345456
1757024103.736,latency_s,5.345198
1757024103.736,latency_s,5.345419
1757024103.736,latency_s,5.343884
1757024103.736,latency_s,5.335416
1757024103.736,latency_s,5.331650
1757024103.736,latency_s,5.323287
1757024103.736,latency_s,5.323043
1757024103.736,latency_s,5.319368
1757024103.736,latency_s,5.316969
1757024103.736,latency_s,5.314007
1757024103.736,latency_s,5.304648
1757024103.736,latency_s,5.304740
1757024103.832,latency_s,5.392479
1757024103.832,latency_s,5.368758
1757024103.832,latency_s,5.360837
1757024103.832,latency_s,5.354661
1757024103.832,latency_s,5.349285
1757024103.832,latency_s,5.342168
1757024103.832,latency_s,5.342169
1757024103.832,latency_s,5.341973
1757024103.833,latency_s,5.341796
1757024103.833,latency_s,5.340081
1757024103.833,latency_s,5.330718
1757024103.833,latency_s,5.327645
1757024103.833,latency_s,5.319832
1757024103.833,latency_s,5.319575
1757024103.833,latency_s,5.315622
1757024103.833,latency_s,5.313654
1757024103.929,latency_s,5.405513
1757024103.930,latency_s,5.398093
1757024103.930,latency_s,5.397892
1757024103.930,latency_s,5.389809
1757024103.930,latency_s,5.365678
1757024103.930,latency_s,5.357834
1757024103.930,latency_s,5.351477
1757024103.930,latency_s,5.346511
1757024103.930,latency_s,5.339204
1757024103.930,latency_s,5.338313
1757024104.024,latency_s,5.432394
1757024104.024,latency_s,5.432379
1757024104.024,latency_s,5.431602
1757024104.024,latency_s,5.421321
1757024104.024,latency_s,5.418793
1757024104.024,latency_s,5.411398
1757024104.027,latency_s,5.413167
1757024104.027,latency_s,5.409553
1757024104.027,latency_s,5.402924
1757024104.027,latency_s,5.394806
1757024104.027,latency_s,5.394653
1757024104.027,latency_s,5.386309
1757024104.027,latency_s,5.362435
1757024104.027,latency_s,5.353538
1757024104.027,latency_s,5.348074
1757024104.027,latency_s,5.343274
1757024104.027,latency_s,5.336442
1757024104.027,latency_s,5.334898
1757024104.027,latency_s,5.334992
1757024104.027,latency_s,5.335048
1757024104.027,latency_s,5.334631
1757024104.028,latency_s,5.323814
1757024104.121,latency_s,5.414883
1757024104.122,latency_s,5.501775
1757024104.122,latency_s,5.408508
1757024104.122,latency_s,5.407732
1757024104.122,latency_s,5.403920
1757024104.122,latency_s,5.397572
1757024104.122,latency_s,5.389268
1757024104.122,latency_s,5.388103
1757024104.122,latency_s,5.381046
1757024104.124,latency_s,5.355447
1757024104.124,latency_s,5.350266
1757024104.219,latency_s,5.437125
1757024104.219,latency_s,5.434374
1757024104.219,latency_s,5.428012
1757024104.219,latency_s,5.426087
1757024104.219,latency_s,5.426132
1757024104.219,latency_s,5.425565
1757024104.219,latency_s,5.498728
1757024104.219,latency_s,5.414417
1757024104.219,latency_s,5.411919
1757024104.219,latency_s,5.405918
1757024104.219,latency_s,5.404561
1757024104.219,latency_s,5.400720
1757024104.219,latency_s,5.394380
1757024104.219,latency_s,5.386005
1757024104.219,latency_s,5.385149
1757024104.220,latency_s,5.378314
1757024104.220,latency_s,5.350313
1757024104.220,latency_s,5.344712
1757024104.221,latency_s,5.337927
1757024104.221,latency_s,5.427658
1757024104.221,latency_s,5.335681
1757024104.221,latency_s,5.329855
1757024104.221,latency_s,5.327927
1757024104.222,latency_s,5.328061
1757024104.222,latency_s,5.327844
1757024104.222,latency_s,5.400114
1757024104.222,latency_s,5.315892
1757024104.314,latency_s,5.405558
1757024104.314,latency_s,5.399910
1757024104.314,latency_s,5.397463
1757024104.316,latency_s,5.397088
1757024104.316,latency_s,5.391206
1757024104.316,latency_s,5.381948
1757024104.316,latency_s,5.374596
1757024104.317,latency_s,5.346654
1757024104.317,latency_s,5.342041
1757024104.317,latency_s,5.423603
1757024104.317,latency_s,5.333876
1757024104.317,latency_s,5.331915
1757024104.317,latency_s,5.325595
1757024104.317,latency_s,5.323636
1757024104.317,latency_s,5.323512
1757024104.412,latency_s,5.418157
1757024104.412,latency_s,5.490124
1757024104.412,latency_s,5.405028
1757024104.412,latency_s,5.403566
1757024104.412,latency_s,5.397995
1757024104.412,latency_s,5.394979
1757024104.413,latency_s,5.392678
1757024104.413,latency_s,5.477939
1757024104.413,latency_s,5.387090
1757024104.413,latency_s,5.377541
1757024104.413,latency_s,5.370138
1757024104.413,latency_s,5.340185
1757024104.413,latency_s,5.418895
1757024104.413,latency_s,5.337699
1757024104.413,latency_s,5.329506
1757024104.413,latency_s,5.327099
1757024104.413,latency_s,5.390290
1757024104.413,latency_s,5.320676
1757024104.413,latency_s,5.318574
1757024104.413,latency_s,5.318669
1757024104.507,latency_s,5.388261
1757024104.507,latency_s,5.387496
1757024104.508,latency_s,5.471921
1757024104.508,latency_s,5.382008
1757024104.508,latency_s,5.372192
1757024104.508,latency_s,5.365328
1757024104.508,latency_s,5.413520
1757024104.508,latency_s,5.335166
1757024104.508,latency_s,5.332612
1757024104.508,latency_s,5.384535
1757024104.508,latency_s,5.324116
1757024104.508,latency_s,5.413784
1757024104.510,latency_s,5.323430
1757024104.510,latency_s,5.317511
1757024104.510,latency_s,5.315618
1757024104.510,latency_s,5.315598
1757024104.510,latency_s,5.300909
1757024104.511,latency_s,5.300320
1757024104.603,latency_s,5.388305
1757024104.603,latency_s,5.466705
1757024104.603,latency_s,5.383663
1757024104.603,latency_s,5.383296
1757024104.603,latency_s,5.376331
1757024104.603,latency_s,5.367503
1757024104.604,latency_s,5.360208
1757024104.604,latency_s,5.408812
1757024104.604,latency_s,5.330120
1757024104.604,latency_s,5.327181
1757024104.604,latency_s,5.379821
1757024104.604,latency_s,5.408945
1757024104.606,latency_s,5.320811
1757024104.606,latency_s,5.318901
1757024104.606,latency_s,5.312609
1757024104.606,latency_s,5.310655
1757024104.606,latency_s,5.310358
1757024104.606,latency_s,5.295782
1757024104.606,latency_s,5.367368
1757024104.606,latency_s,5.290980
1757024104.606,latency_s,5.285645
1757024104.606,latency_s,5.278732
1757024104.606,latency_s,5.269513
1757024104.698,latency_s,5.402858
1757024104.699,latency_s,5.374348
1757024104.699,latency_s,5.324112
1757024104.701,latency_s,5.405339
1757024104.701,latency_s,5.322525
1757024104.702,latency_s,5.316203
1757024104.702,latency_s,5.314337
1757024104.702,latency_s,5.307941
1757024104.702,latency_s,5.305029
1757024104.702,latency_s,5.390916
1757024104.702,latency_s,5.363127
1757024104.702,latency_s,5.290859
1757024104.702,latency_s,5.286469
1757024104.702,latency_s,5.281320
1757024104.702,latency_s,5.274194
1757024104.702,latency_s,5.265391
1757024104.702,latency_s,5.306255
1757024104.702,latency_s,5.277272
1757024104.702,latency_s,5.306422
1757024104.702,latency_s,5.226515
1757024104.702,latency_s,5.222589
1757024104.797,latency_s,5.310431
1757024104.797,latency_s,5.400921
1757024104.797,latency_s,5.309042
1757024104.797,latency_s,5.302809
1757024104.797,latency_s,5.385364
1757024104.797,latency_s,5.299056
1757024104.797,latency_s,5.357486
1757024104.797,latency_s,5.285322
1757024104.797,latency_s,5.281337
1757024104.797,latency_s,5.275589
1757024104.797,latency_s,5.476881
1757024104.797,latency_s,5.376751
1757024104.797,latency_s,5.276232
1757024104.797,latency_s,5.268767
1757024104.892,latency_s,5.353831
1757024104.892,latency_s,5.547928
1757024104.892,latency_s,5.447319
1757024104.892,latency_s,5.346205
1757024104.892,latency_s,5.394544
1757024104.892,latency_s,5.367043
1757024104.892,latency_s,5.394443
1757024104.892,latency_s,5.312929
1757024104.892,latency_s,5.312011
1757024104.892,latency_s,5.395894
1757024104.892,latency_s,5.305994
1757024104.892,latency_s,5.304249
1757024104.892,latency_s,5.380557
1757024104.893,latency_s,5.298528
1757024104.987,latency_s,5.447053
1757024104.987,latency_s,5.388501
1757024104.987,latency_s,5.374793
1757024104.987,latency_s,5.365447
1757024104.988,latency_s,5.365900
1757024104.988,latency_s,5.358511
1757024104.988,latency_s,5.349156
1757024104.988,latency_s,5.341750
1757024104.988,latency_s,5.389618
1757024104.988,latency_s,5.389695
1757024104.988,latency_s,5.362540
1757024104.988,latency_s,5.391562
1757024104.988,latency_s,5.307804
1757024104.988,latency_s,5.307742
1757024104.988,latency_s,5.375952
1757024104.988,latency_s,5.300705
1757024104.989,latency_s,5.299811
1757024104.989,latency_s,5.347090
1757024105.083,latency_s,5.370138
1757024105.083,latency_s,5.360448
1757024105.083,latency_s,5.352733
1757024105.083,latency_s,5.343341
1757024105.083,latency_s,5.383913
1757024105.083,latency_s,5.336438
1757024105.083,latency_s,5.383999
1757024105.083,latency_s,5.356876
1757024105.083,latency_s,5.385979
1757024105.083,latency_s,5.302279
1757024105.083,latency_s,5.302330
1757024105.083,latency_s,5.370650
1757024105.084,latency_s,5.341536
1757024105.084,latency_s,5.294049
1757024105.179,latency_s,5.365595
1757024105.179,latency_s,5.356193
1757024105.179,latency_s,5.348022
1757024105.179,latency_s,5.339218
1757024105.179,latency_s,5.379063
1757024105.179,latency_s,5.331947
1757024105.179,latency_s,5.379396
1757024105.179,latency_s,5.352525
1757024105.179,latency_s,5.381457
1757024105.179,latency_s,5.366103
1757024105.179,latency_s,5.337039
1757024105.179,latency_s,5.297656
1757024105.179,latency_s,5.298043
1757024105.179,latency_s,5.289330
1757024105.181,latency_s,5.290843
1757024105.275,latency_s,5.380049
1757024105.275,latency_s,5.456611
1757024105.275,latency_s,5.373880
1757024105.275,latency_s,5.361502
1757024105.275,latency_s,5.352273
1757024105.276,latency_s,5.343235
1757024105.276,latency_s,5.374194
1757024105.276,latency_s,5.335492
1757024105.276,latency_s,5.375447
1757024105.276,latency_s,5.348874
1757024105.276,latency_s,5.328566
1757024105.279,latency_s,5.380586
1757024105.279,latency_s,5.364910
1757024105.279,latency_s,5.335847
1757024105.279,latency_s,5.295243
1757024105.279,latency_s,5.357601
1757024105.279,latency_s,5.287885
1757024105.370,latency_s,5.347110
1757024105.371,latency_s,5.368215
1757024105.371,latency_s,5.337987
1757024105.372,latency_s,5.371154
1757024105.372,latency_s,5.330858
1757024105.372,latency_s,5.344209
1757024105.372,latency_s,5.373395
1757024105.372,latency_s,5.356477
1757024105.372,latency_s,5.329109
1757024105.372,latency_s,5.388629
1757024105.372,latency_s,5.288282
1757024105.372,latency_s,5.350861
1757024105.373,latency_s,5.281739
1757024105.373,latency_s,5.281367
1757024105.373,latency_s,5.275697
1757024105.466,latency_s,5.362825
1757024105.466,latency_s,5.332942
1757024105.466,latency_s,5.364139
1757024105.466,latency_s,5.338204
1757024105.466,latency_s,5.324740
1757024105.467,latency_s,5.367670
1757024105.467,latency_s,5.350055
1757024105.467,latency_s,5.382840
1757024105.467,latency_s,5.322949
1757024105.467,latency_s,5.344766
1757024105.467,latency_s,5.281626
1757024105.467,latency_s,5.275323
1757024105.467,latency_s,5.273381
1757024105.467,latency_s,5.341916
1757024105.467,latency_s,5.269373
1757024105.467,latency_s,5.262160
1757024105.467,latency_s,5.250865
1757024105.561,latency_s,5.357179
1757024105.561,latency_s,5.335380
1757024105.562,latency_s,5.359096
1757024105.562,latency_s,5.333519
1757024105.562,latency_s,5.328130
1757024105.562,latency_s,5.319674
1757024105.562,latency_s,5.362827
1757024105.562,latency_s,5.344808
1757024105.562,latency_s,5.378146
1757024105.562,latency_s,5.317881
1757024105.562,latency_s,5.338569
1757024105.562,latency_s,5.275665
1757024105.562,latency_s,5.336869
1757024105.563,latency_s,5.269797
1757024105.563,latency_s,5.268256
1757024105.658,latency_s,5.609586
1757024105.658,latency_s,5.508520
1757024105.658,latency_s,5.331790
1757024105.658,latency_s,5.408609
1757024105.658,latency_s,5.355009
1757024105.658,latency_s,5.328958
1757024105.658,latency_s,5.323673
1757024105.658,latency_s,5.358505
1757024105.658,latency_s,5.340572
1757024105.658,latency_s,5.373443
1757024105.658,latency_s,5.313635
1757024105.658,latency_s,5.332823
1757024105.658,latency_s,5.332568
1757024105.658,latency_s,5.265037
1757024105.658,latency_s,5.262985
1757024105.658,latency_s,5.260504
1757024105.659,latency_s,5.251808
1757024105.754,latency_s,5.348769
1757024105.754,latency_s,5.335114
1757024105.754,latency_s,5.404242
1757024105.754,latency_s,5.350135
1757024105.754,latency_s,5.327267
1757024105.754,latency_s,5.324474
1757024105.754,latency_s,5.411372
1757024105.754,latency_s,5.319123
1757024105.754,latency_s,5.354119
1757024105.754,latency_s,5.334595
1757024105.754,latency_s,5.368183
1757024105.754,latency_s,5.307422
1757024105.754,latency_s,5.327824
1757024105.755,latency_s,5.364628
1757024105.755,latency_s,5.261148
1757024105.849,latency_s,5.344672
1757024105.849,latency_s,5.330395
1757024105.850,latency_s,5.322147
1757024105.850,latency_s,5.406673
1757024105.850,latency_s,5.319804
1757024105.850,latency_s,5.348467
1757024105.850,latency_s,5.314314
1757024105.850,latency_s,5.329410
1757024105.850,latency_s,5.363499
1757024105.851,latency_s,5.302770
1757024105.851,latency_s,5.400944
1757024105.851,latency_s,5.300985
1757024105.851,latency_s,5.323731
1757024105.851,latency_s,5.360338
1757024105.851,latency_s,5.256376
1757024105.851,latency_s,5.251500
1757024105.851,latency_s,5.245351
1757024105.946,latency_s,5.337720
1757024105.946,latency_s,5.341132
1757024105.946,latency_s,5.326921
1757024105.946,latency_s,5.402426
1757024105.947,latency_s,5.345589
1757024105.948,latency_s,5.319900
1757024105.948,latency_s,5.317349
1757024105.948,latency_s,5.312155
1757024105.948,latency_s,5.326953
1757024105.948,latency_s,5.361109
1757024105.948,latency_s,5.300440
1757024105.948,latency_s,5.298441
1757024105.949,latency_s,5.320438
1757024105.949,latency_s,5.357593
1757024105.949,latency_s,5.351919
1757024106.043,latency_s,5.336780
1757024106.044,latency_s,5.616993
1757024106.045,latency_s,5.518076
1757024106.045,latency_s,5.417474
1757024106.045,latency_s,5.336613
1757024106.045,latency_s,5.340100
1757024106.045,latency_s,5.401253
1757024106.046,latency_s,5.325582
1757024106.046,latency_s,5.343820
1757024106.142,latency_s,5.410255
1757024106.142,latency_s,5.405533
1757024106.142,latency_s,5.418387
1757024106.142,latency_s,5.453614
1757024106.142,latency_s,5.391855
1757024106.142,latency_s,5.391846
1757024106.142,latency_s,5.412825
1757024106.142,latency_s,5.450539
1757024106.142,latency_s,5.342075
1757024106.142,latency_s,5.414469
1757024106.142,latency_s,5.336719
1757024106.143,latency_s,5.335740
1757024106.143,latency_s,5.398067
1757024106.143,latency_s,5.340772
1757024106.143,latency_s,5.413239
1757024106.143,latency_s,5.321699
1757024106.143,latency_s,5.311302
1757024106.143,latency_s,5.317335
1757024106.143,latency_s,5.305980
1757024106.143,latency_s,5.353932
1757024106.143,latency_s,5.312591
1757024106.143,latency_s,5.292791
1757024106.143,latency_s,5.292285
1757024106.233,latency_s,5.440615
1757024106.234,latency_s,5.436374
1757024106.234,latency_s,5.338215
1757024106.234,latency_s,5.405570
1757024106.234,latency_s,5.333540
1757024106.235,latency_s,5.328204
1757024106.235,latency_s,5.389041
1757024106.235,latency_s,5.327227
1757024106.235,latency_s,5.332707
1757024106.238,latency_s,5.407447
1757024106.238,latency_s,5.316298
1757024106.238,latency_s,5.311727
1757024106.238,latency_s,5.306165
1757024106.238,latency_s,5.348658
1757024106.239,latency_s,5.307511
1757024106.330,latency_s,5.379362
1757024106.330,latency_s,5.379172
1757024106.331,latency_s,5.437795
1757024106.331,latency_s,5.432806
1757024106.331,latency_s,5.401515
1757024106.331,latency_s,5.334760
1757024106.331,latency_s,5.329907
1757024106.331,latency_s,5.324017
1757024106.331,latency_s,5.322993
1757024106.331,latency_s,5.328020
1757024106.331,latency_s,5.399612
1757024106.331,latency_s,5.521262
1757024106.333,latency_s,5.422875
1757024106.333,latency_s,5.322330
1757024106.333,latency_s,5.310977
1757024106.333,latency_s,5.394954
1757024106.333,latency_s,5.306322
1757024106.334,latency_s,5.343371
1757024106.334,latency_s,5.300303
1757024106.334,latency_s,5.302283
1757024106.334,latency_s,5.282642
1757024106.334,latency_s,5.340943
1757024106.334,latency_s,5.282442
1757024106.334,latency_s,5.335183
1757024106.334,latency_s,5.304537
1757024106.334,latency_s,5.238307
1757024106.429,latency_s,5.328138
1757024106.430,latency_s,5.326572
1757024106.430,latency_s,5.396925
1757024106.430,latency_s,5.322789
1757024106.430,latency_s,5.321858
1757024106.430,latency_s,5.318245
1757024106.430,latency_s,5.389704
1757024106.430,latency_s,5.306406
1757024106.430,latency_s,5.338828
1757024106.430,latency_s,5.298850
1757024106.430,latency_s,5.293555
1757024106.430,latency_s,5.293302
1757024106.430,latency_s,5.336164
1757024106.470,latency_s,5.317337
1757024106.470,latency_s,5.317902
1757024106.470,latency_s,5.369659
1757024106.470,latency_s,5.338858
1757024106.470,latency_s,5.273342
1757024106.525,latency_s,5.391744
1757024106.525,latency_s,5.323654
1757024106.525,latency_s,5.322262
1757024106.525,latency_s,5.579219
1757024106.525,latency_s,5.478881
1757024106.526,latency_s,5.375792
1757024106.526,latency_s,5.318478
1757024106.526,latency_s,5.317523
1757024106.526,latency_s,5.313489
1757024106.526,latency_s,5.385427
1757024106.526,latency_s,5.333483
1757024106.526,latency_s,5.301525
1757024106.526,latency_s,5.294574
1757024106.526,latency_s,5.289037
1757024106.621,latency_s,5.368477
1757024106.621,latency_s,5.420702
1757024106.622,latency_s,5.391221
1757024106.622,latency_s,5.387875
1757024106.622,latency_s,5.325462
1757024106.622,latency_s,5.371830
1757024106.622,latency_s,5.319149
1757024106.623,latency_s,5.314706
1757024106.623,latency_s,5.313744
1757024106.623,latency_s,5.310032
1757024106.623,latency_s,5.382010
1757024106.623,latency_s,5.329609
1757024106.623,latency_s,5.298223
1757024106.623,latency_s,5.290917
1757024106.623,latency_s,5.327892
1757024106.717,latency_s,5.379542
1757024106.717,latency_s,5.379995
1757024106.718,latency_s,5.364331
1757024106.718,latency_s,5.364286
1757024106.718,latency_s,5.416453
1757024106.718,latency_s,5.386447
1757024106.718,latency_s,5.383144
1757024106.718,latency_s,5.415699
1757024106.718,latency_s,5.320519
1757024106.718,latency_s,5.314440
1757024106.718,latency_s,5.310195
1757024106.718,latency_s,5.309246
1757024106.718,latency_s,5.377436
1757024106.718,latency_s,5.324729
1757024106.718,latency_s,5.305013
1757024106.718,latency_s,5.322850
1757024106.719,latency_s,5.286188
1757024106.814,latency_s,5.360543
1757024106.814,latency_s,5.360265
1757024106.814,latency_s,5.378842
1757024106.814,latency_s,5.411809
1757024106.814,latency_s,5.316043
1757024106.814,latency_s,5.310199
1757024106.814,latency_s,5.319715
1757024106.815,latency_s,5.370790
1757024106.815,latency_s,5.306426
1757024106.815,latency_s,5.304847
1757024106.815,latency_s,5.389876
1757024106.815,latency_s,5.300354
1757024106.815,latency_s,5.318267
1757024106.815,latency_s,5.362447
1757024106.815,latency_s,5.281986
1757024106.910,latency_s,5.371663
1757024106.910,latency_s,5.407624
1757024106.910,latency_s,5.356535
1757024106.910,latency_s,5.356087
1757024106.910,latency_s,5.373270
1757024106.910,latency_s,5.407776
1757024106.911,latency_s,5.311669
1757024106.911,latency_s,5.365322
1757024106.911,latency_s,5.315212
1757024106.911,latency_s,5.305089
1757024106.911,latency_s,5.302322
1757024106.911,latency_s,5.384157
1757024106.911,latency_s,5.300782
1757024106.911,latency_s,5.295881
1757024106.911,latency_s,5.314123
1757024106.949,latency_s,5.396831
1757024106.950,latency_s,5.315479
1757024107.005,latency_s,5.365456
1757024107.005,latency_s,5.399660
1757024107.006,latency_s,5.352146
1757024107.006,latency_s,5.351168
1757024107.006,latency_s,5.366563
1757024107.006,latency_s,5.402545
1757024107.006,latency_s,5.360775
1757024107.006,latency_s,5.310139
1757024107.006,latency_s,5.379287
1757024107.006,latency_s,5.299849
1757024107.006,latency_s,5.296976
1757024107.006,latency_s,5.296260
1757024107.007,latency_s,5.290612
1757024107.007,latency_s,5.309377
1757024107.007,latency_s,5.353791
1757024107.102,latency_s,5.469798
1757024107.102,latency_s,5.369303
1757024107.102,latency_s,5.360651
1757024107.102,latency_s,5.360780
1757024107.102,latency_s,5.347722
1757024107.102,latency_s,5.346713
1757024107.102,latency_s,5.361043
1757024107.102,latency_s,5.398319
1757024107.102,latency_s,5.355308
1757024107.102,latency_s,5.403276
1757024107.102,latency_s,5.375035
1757024107.102,latency_s,5.303669
1757024107.103,latency_s,5.294935
1757024107.103,latency_s,5.292377
1757024107.103,latency_s,5.291603
1757024107.103,latency_s,5.303804
1757024107.103,latency_s,5.349334
1757024107.198,latency_s,5.390333
1757024107.198,latency_s,5.364835
1757024107.198,latency_s,5.355973
1757024107.198,latency_s,5.343720
1757024107.199,latency_s,5.342657
1757024107.199,latency_s,5.357378
1757024107.199,latency_s,5.394576
1757024107.199,latency_s,5.351263
1757024107.199,latency_s,5.399607
1757024107.199,latency_s,5.371016
1757024107.199,latency_s,5.298519
1757024107.200,latency_s,5.291535
1757024107.200,latency_s,5.300111
1757024107.200,latency_s,5.346064
1757024107.200,latency_s,5.288895
1757024107.293,latency_s,5.350153
1757024107.293,latency_s,5.338117
1757024107.294,latency_s,5.337298
1757024107.294,latency_s,5.351033
1757024107.294,latency_s,5.389715
1757024107.294,latency_s,5.361103
1757024107.294,latency_s,5.346139
1757024107.294,latency_s,5.394736
1757024107.294,latency_s,5.361789
1757024107.294,latency_s,5.293166
1757024107.294,latency_s,5.294664
1757024107.294,latency_s,5.339137
1757024107.294,latency_s,5.286174
1757024107.294,latency_s,5.282885
1757024107.295,latency_s,5.282541
1757024107.295,latency_s,5.275093
1757024107.295,latency_s,5.286713
1757024107.389,latency_s,5.547023
1757024107.389,latency_s,5.446160
1757024107.389,latency_s,5.345697
1757024107.389,latency_s,5.333547
1757024107.389,latency_s,5.345745
1757024107.389,latency_s,5.332887
1757024107.390,latency_s,5.384570
1757024107.390,latency_s,5.356287
1757024107.390,latency_s,5.340589
1757024107.390,latency_s,5.389948
1757024107.390,latency_s,5.356573
1757024107.390,latency_s,5.289548
1757024107.390,latency_s,5.333918
1757024107.390,latency_s,5.288102
1757024107.390,latency_s,5.280983
1757024107.484,latency_s,5.374941
1757024107.484,latency_s,5.439990
1757024107.484,latency_s,5.344198
1757024107.484,latency_s,5.339386
1757024107.484,latency_s,5.339771
1757024107.484,latency_s,5.378806
1757024107.484,latency_s,5.328051
1757024107.484,latency_s,5.327106
1757024107.485,latency_s,5.351146
1757024107.485,latency_s,5.335457
1757024107.485,latency_s,5.384459
1757024107.485,latency_s,5.351027
1757024107.485,latency_s,5.327960
1757024107.485,latency_s,5.283943
1757024107.485,latency_s,5.282033
1757024107.485,latency_s,5.275458
1757024107.485,latency_s,5.271584
1757024107.579,latency_s,5.370073
1757024107.579,latency_s,5.358905
1757024107.580,latency_s,5.434966
1757024107.580,latency_s,5.338370
1757024107.580,latency_s,5.334839
1757024107.580,latency_s,5.334916
1757024107.580,latency_s,5.373904
1757024107.580,latency_s,5.345926
1757024107.580,latency_s,5.323113
1757024107.580,latency_s,5.322209
1757024107.580,latency_s,5.330163
1757024107.580,latency_s,5.378917
1757024107.580,latency_s,5.345120
1757024107.580,latency_s,5.323000
1757024107.580,latency_s,5.278537
1757024107.674,latency_s,5.360601
1757024107.675,latency_s,5.361295
1757024107.676,latency_s,5.353350
1757024107.676,latency_s,5.430799
1757024107.676,latency_s,5.332742
1757024107.676,latency_s,5.369281
1757024107.676,latency_s,5.330542
1757024107.676,latency_s,5.330099
1757024107.676,latency_s,5.318879
1757024107.676,latency_s,5.317658
1757024107.676,latency_s,5.325039
1757024107.676,latency_s,5.374662
1757024107.676,latency_s,5.340777
1757024107.677,latency_s,5.319349
1757024107.677,latency_s,5.274886
1757024107.677,latency_s,5.271591
1757024107.677,latency_s,5.266782
1757024107.769,latency_s,5.353670
1757024107.769,latency_s,5.353884
1757024107.771,latency_s,5.347303
1757024107.771,latency_s,5.425832
1757024107.771,latency_s,5.363732
1757024107.771,latency_s,5.326636
1757024107.771,latency_s,5.325604
1757024107.771,latency_s,5.325013
1757024107.771,latency_s,5.313933
1757024107.771,latency_s,5.319533
1757024107.771,latency_s,5.369277
1757024107.771,latency_s,5.312599
1757024107.771,latency_s,5.334855
1757024107.771,latency_s,5.313464
1757024107.771,latency_s,5.268989
1757024107.864,latency_s,5.347274
1757024107.864,latency_s,5.419121
1757024107.865,latency_s,5.339980
1757024107.865,latency_s,5.357813
1757024107.865,latency_s,5.319519
1757024107.865,latency_s,5.318464
1757024107.865,latency_s,5.318416
1757024107.865,latency_s,5.363118
1757024107.865,latency_s,5.313395
1757024107.865,latency_s,5.307475
1757024107.865,latency_s,5.306682
1757024107.865,latency_s,5.328274
1757024107.865,latency_s,5.307160
1757024107.866,latency_s,5.262765
1757024107.866,latency_s,5.257832
1757024107.866,latency_s,5.254892
1757024107.866,latency_s,5.254097
1757024107.960,latency_s,5.412997
1757024107.960,latency_s,5.334143
1757024107.960,latency_s,5.352321
1757024107.960,latency_s,5.313822
1757024107.960,latency_s,5.312971
1757024107.960,latency_s,5.312997
1757024107.960,latency_s,5.357409
1757024107.960,latency_s,5.307926
1757024107.960,latency_s,5.322469
1757024107.960,latency_s,5.302177
1757024107.960,latency_s,5.625865
1757024107.960,latency_s,5.525756
1757024107.960,latency_s,5.425646
1757024107.960,latency_s,5.325586
1757024107.961,latency_s,5.300942
1757024108.055,latency_s,5.394948
1757024108.056,latency_s,5.352461
1757024108.056,latency_s,5.347725
1757024108.056,latency_s,5.344905
1757024108.056,latency_s,5.344048
1757024108.056,latency_s,5.408594
1757024108.056,latency_s,5.338004
1757024108.056,latency_s,5.337918
1757024108.056,latency_s,5.348028
1757024108.056,latency_s,5.329435
1757024108.056,latency_s,5.353049
1757024108.056,latency_s,5.309187
1757024108.056,latency_s,5.308452
1757024108.056,latency_s,5.307929
1757024108.056,latency_s,5.316669
1757024108.056,latency_s,5.321055
1757024108.056,latency_s,5.303351
1757024108.150,latency_s,5.392121
1757024108.151,latency_s,5.391110
1757024108.151,latency_s,5.391211
1757024108.151,latency_s,5.347516
1757024108.151,latency_s,5.342144
1757024108.152,latency_s,5.403823
1757024108.152,latency_s,5.340789
1757024108.152,latency_s,5.340032
1757024108.152,latency_s,5.332708
1757024108.152,latency_s,5.332510
1757024108.152,latency_s,5.343169
1757024108.152,latency_s,5.324935
1757024108.152,latency_s,5.348676
1757024108.152,latency_s,5.304357
1757024108.153,latency_s,5.312528
1757024108.247,latency_s,5.394228
1757024108.248,latency_s,5.388245
1757024108.248,latency_s,5.386735
1757024108.248,latency_s,5.386660
1757024108.248,latency_s,5.343021
1757024108.248,latency_s,5.398824
1757024108.248,latency_s,5.338295
1757024108.248,latency_s,5.335194
1757024108.248,latency_s,5.335366
1757024108.288,latency_s,5.379192
1757024108.288,latency_s,5.367962
1757024108.288,latency_s,5.367907
1757024108.289,latency_s,5.359731
1757024108.289,latency_s,5.384421
1757024108.289,latency_s,5.347399
1757024108.289,latency_s,5.352410
1757024108.289,latency_s,5.340169
1757024108.343,latency_s,5.393477
1757024108.343,latency_s,5.388692
1757024108.343,latency_s,5.381870
1757024108.343,latency_s,5.382103
1757024108.343,latency_s,5.381599
1757024108.343,latency_s,5.393743
1757024108.343,latency_s,5.338354
1757024108.343,latency_s,5.333560
1757024108.343,latency_s,5.330573
1757024108.343,latency_s,5.330553
1757024108.343,latency_s,5.333658
1757024108.343,latency_s,5.321303
1757024108.343,latency_s,5.321068
1757024108.344,latency_s,5.339188
1757024108.344,latency_s,5.314061
1757024108.438,latency_s,5.388896
1757024108.439,latency_s,5.383468
1757024108.533,latency_s,5.471777
1757024108.534,latency_s,5.472005
1757024108.534,latency_s,5.471029
1757024108.534,latency_s,5.483745
1757024108.534,latency_s,5.426835
1757024108.534,latency_s,5.423841
1757024108.534,latency_s,5.423945
1757024108.534,latency_s,5.420937
1757024108.534,latency_s,5.420954
1757024108.534,latency_s,5.429080
1757024108.534,latency_s,5.410275
1757024108.534,latency_s,5.410193
1757024108.534,latency_s,5.403990
1757024108.534,latency_s,5.396328
1757024108.534,latency_s,5.391552
1757024108.539,latency_s,5.388777
1757024108.539,latency_s,5.383268
1757024108.539,latency_s,5.377223
1757024108.539,latency_s,5.376948
1757024108.539,latency_s,5.376280
1757024108.540,latency_s,5.389011
1757024108.540,latency_s,5.332144
1757024108.540,latency_s,5.329216
1757024108.540,latency_s,5.329403
1757024108.540,latency_s,5.326971
1757024108.540,latency_s,5.326987
1757024108.540,latency_s,5.334616
1757024108.540,latency_s,5.314852
1757024108.540,latency_s,5.314378
1757024108.540,latency_s,5.310030
1757024108.628,latency_s,5.377379
1757024108.629,latency_s,5.377773
1757024108.635,latency_s,5.383137
1757024108.635,latency_s,5.378540
1757024108.636,latency_s,5.373199
1757024108.636,latency_s,5.372843
1757024108.636,latency_s,5.372412
1757024108.636,latency_s,5.384097
1757024108.636,latency_s,5.327686
1757024108.636,latency_s,5.323726
1757024108.636,latency_s,5.323747
1757024108.636,latency_s,5.321842
1757024108.636,latency_s,5.322007
1757024108.724,latency_s,5.417870
1757024108.724,latency_s,5.396778
1757024108.724,latency_s,5.396887
1757024108.724,latency_s,5.393004
1757024108.724,latency_s,5.385575
1757024108.724,latency_s,5.377631
1757024108.724,latency_s,5.372408
1757024108.724,latency_s,5.372047
1757024108.730,latency_s,5.378713
1757024108.731,latency_s,5.372745
1757024108.731,latency_s,5.368230
1757024108.731,latency_s,5.367333
1757024108.731,latency_s,5.367270
1757024108.731,latency_s,5.379387
1757024108.731,latency_s,5.321744
1757024108.731,latency_s,5.325281
1757024108.732,latency_s,5.318428
1757024108.732,latency_s,5.318468
1757024108.732,latency_s,5.316950
1757024108.732,latency_s,5.316934
1757024108.732,latency_s,5.303707
1757024108.825,latency_s,5.373525
1757024108.826,latency_s,5.373652
1757024108.826,latency_s,5.373500
1757024108.826,latency_s,5.366836
1757024108.826,latency_s,5.362497
1757024108.826,latency_s,5.361443
1757024108.826,latency_s,5.360492
1757024108.826,latency_s,5.373988
1757024108.827,latency_s,5.319782
1757024108.827,latency_s,5.316460
1757024108.827,latency_s,5.313084
1757024108.827,latency_s,5.313134
1757024108.827,latency_s,5.311690
1757024108.827,latency_s,5.311803
1757024108.827,latency_s,5.298535
1757024108.827,latency_s,5.298573
1757024108.827,latency_s,5.295467
1757024108.827,latency_s,5.288262
1757024108.827,latency_s,5.278908
1757024108.921,latency_s,5.369463
1757024108.921,latency_s,5.369086
1757024108.922,latency_s,5.369100
1757024108.922,latency_s,5.362139
1757024108.922,latency_s,5.358109
1757024108.922,latency_s,5.356700
1757024108.922,latency_s,5.355754
1757024108.922,latency_s,5.370010
1757024108.923,latency_s,5.315524
1757024108.923,latency_s,5.312669
1757024108.923,latency_s,5.309334
1757024108.923,latency_s,5.309349
1757024108.923,latency_s,5.307876
1757024108.923,latency_s,5.307947
1757024108.923,latency_s,5.293833
1757024108.923,latency_s,5.294084
1757024108.923,latency_s,5.290130
1757024108.923,latency_s,5.283830
1757024108.923,latency_s,5.274393
1757024108.923,latency_s,5.271435
1757024108.924,latency_s,5.270901
1757024108.924,latency_s,5.270598
1757024108.924,latency_s,5.263115
1757024108.924,latency_s,5.259466
1757024108.924,latency_s,5.257686
1757024109.016,latency_s,5.349929
1757024109.017,latency_s,5.363635
1757024109.017,latency_s,5.308046
1757024109.017,latency_s,5.306042
1757024109.017,latency_s,5.302649
1757024109.017,latency_s,5.301695
1757024109.018,latency_s,5.302488
1757024109.018,latency_s,5.301550
1757024109.019,latency_s,5.287761
1757024109.019,latency_s,5.287776
1757024109.019,latency_s,5.284846
1757024109.019,latency_s,5.277471
1757024109.019,latency_s,5.268273
1757024109.019,latency_s,5.266301
1757024109.019,latency_s,5.265368
1757024109.020,latency_s,5.266335
1757024109.020,latency_s,5.258130
1757024109.020,latency_s,5.266488
1757024109.020,latency_s,5.255273
1757024109.020,latency_s,5.253332
1757024109.020,latency_s,5.253355
1757024109.020,latency_s,5.206485
1757024109.020,latency_s,5.178804
1757024109.115,latency_s,5.306177
1757024109.115,latency_s,5.301152
1757024109.116,latency_s,5.299413
1757024109.116,latency_s,5.299952
1757024109.116,latency_s,5.281074
1757024109.116,latency_s,5.283789
1757024109.116,latency_s,5.283730
1757024109.116,latency_s,5.298140
1757024109.116,latency_s,5.264577
1757024109.116,latency_s,5.262145
1757024109.116,latency_s,5.262052
1757024109.116,latency_s,5.262077
1757024109.116,latency_s,5.262129
1757024109.116,latency_s,5.252936
1757024109.116,latency_s,5.250734
1757024109.210,latency_s,5.342908
1757024109.211,latency_s,5.343035
1757024109.211,latency_s,5.293380
1757024109.211,latency_s,5.276376
1757024109.211,latency_s,5.296182
1757024109.211,latency_s,5.268960
1757024109.211,latency_s,5.296311
1757024109.211,latency_s,5.301254
1757024109.211,latency_s,5.276386
1757024109.211,latency_s,5.292969
1757024109.211,latency_s,5.276664
1757024109.211,latency_s,5.293012
1757024109.211,latency_s,5.258819
1757024109.211,latency_s,5.257128
1757024109.211,latency_s,5.256837
1757024109.211,latency_s,5.256938
1757024109.211,latency_s,5.257197
1757024109.306,latency_s,5.342159
1757024109.306,latency_s,5.340157
1757024109.306,latency_s,5.337176
1757024109.306,latency_s,5.337258
1757024109.306,latency_s,5.290948
1757024109.306,latency_s,5.291036
1757024109.306,latency_s,5.263972
1757024109.306,latency_s,5.289028
1757024109.306,latency_s,5.287993
1757024109.306,latency_s,5.269420
1757024109.307,latency_s,5.268923
1757024109.307,latency_s,5.296042
1757024109.307,latency_s,5.269377
1757024109.307,latency_s,5.288143
1757024109.307,latency_s,5.252792
1757024109.401,latency_s,5.346646
1757024109.402,latency_s,5.346774
1757024109.402,latency_s,5.346840
1757024109.402,latency_s,5.346668
1757024109.402,latency_s,5.337812
1757024109.402,latency_s,5.335662
1757024109.498,latency_s,5.427399
1757024109.498,latency_s,5.427572
1757024109.498,latency_s,5.381763
1757024109.498,latency_s,5.381821
1757024109.498,latency_s,5.379896
1757024109.498,latency_s,5.358892
1757024109.498,latency_s,5.359715
1757024109.498,latency_s,5.379029
1757024109.498,latency_s,5.386446
1757024109.498,latency_s,5.359839
1757024109.498,latency_s,5.379111
1757024109.502,latency_s,5.358709
1757024109.502,latency_s,5.346924
1757024109.502,latency_s,5.346662
1757024109.502,latency_s,5.346678
1757024109.502,latency_s,5.346580
1757024109.503,latency_s,5.346630
1757024109.503,latency_s,5.338024
1757024109.503,latency_s,5.335762
1757024109.503,latency_s,5.331805
1757024109.503,latency_s,5.331976
1757024109.503,latency_s,5.285280
1757024109.593,latency_s,5.376574
1757024109.593,latency_s,5.373394
1757024109.593,latency_s,5.380737
1757024109.593,latency_s,5.374962
1757024109.593,latency_s,5.373522
1757024109.593,latency_s,5.354783
1757024109.593,latency_s,5.354229
1757024109.593,latency_s,5.353900
1757024109.593,latency_s,5.349358
1757024109.593,latency_s,5.337674
1757024109.598,latency_s,5.341548
1757024109.598,latency_s,5.341495
1757024109.598,latency_s,5.341702
1757024109.598,latency_s,5.341900
1757024109.598,latency_s,5.332175
1757024109.689,latency_s,5.421915
1757024109.689,latency_s,5.417545
1757024109.689,latency_s,5.417590
1757024109.689,latency_s,5.371392
1757024109.689,latency_s,5.372550
1757024109.689,latency_s,5.369538
1757024109.689,latency_s,5.370925
1757024109.689,latency_s,5.376578
1757024109.689,latency_s,5.369636
1757024109.689,latency_s,5.350100
1757024109.689,latency_s,5.349890
1757024109.689,latency_s,5.349946
1757024109.690,latency_s,5.345428
1757024109.690,latency_s,5.333440
1757024109.693,latency_s,5.335192
1757024109.693,latency_s,5.335208
1757024109.693,latency_s,5.335346
1757024109.693,latency_s,5.335270
1757024109.694,latency_s,5.327034
1757024109.694,latency_s,5.326088
1757024109.694,latency_s,5.320707
1757024109.694,latency_s,5.320745
1757024109.694,latency_s,5.275455
1757024109.694,latency_s,5.276481
1757024109.694,latency_s,5.279502
1757024109.787,latency_s,5.366812
1757024109.787,latency_s,5.368455
1757024109.789,latency_s,5.368250
1757024109.789,latency_s,5.347811
1757024109.789,latency_s,5.348297
1757024109.789,latency_s,5.348359
1757024109.789,latency_s,5.343967
1757024109.789,latency_s,5.332640
1757024109.789,latency_s,5.330508
1757024109.789,latency_s,5.330289
1757024109.790,latency_s,5.330364
1757024109.790,latency_s,5.321543
1757024109.790,latency_s,5.321461
1757024109.790,latency_s,5.314545
1757024109.790,latency_s,5.314580
1757024109.790,latency_s,5.270741
1757024109.790,latency_s,5.271827
1757024109.790,latency_s,5.274323
1757024109.790,latency_s,5.270822
1757024109.790,latency_s,5.268835
1757024109.884,latency_s,5.362911
1757024109.884,latency_s,5.342354
1757024109.884,latency_s,5.342604
1757024109.884,latency_s,5.340852
1757024109.884,latency_s,5.338834
1757024109.884,latency_s,5.327574
1757024109.885,latency_s,5.325112
1757024109.885,latency_s,5.324636
1757024109.885,latency_s,5.324875
1757024109.885,latency_s,5.316585
1757024109.925,latency_s,5.356320
1757024109.925,latency_s,5.349112
1757024109.925,latency_s,5.349179
1757024109.925,latency_s,5.306798
1757024109.979,latency_s,5.363348
1757024109.980,latency_s,5.357779
1757024109.980,latency_s,5.337363
1757024109.980,latency_s,5.337573
1757024109.980,latency_s,5.335482
1757024109.980,latency_s,5.333887
1757024109.980,latency_s,5.323028
1757024109.980,latency_s,5.521346
1757024109.980,latency_s,5.420471
1757024109.980,latency_s,5.320458
1757024109.980,latency_s,5.319808
1757024109.980,latency_s,5.319759
1757024109.980,latency_s,5.311528
1757024109.980,latency_s,5.310497
1757024109.980,latency_s,5.304157
1757024109.980,latency_s,5.303912
1757024109.980,latency_s,5.261837
1757024109.981,latency_s,5.261223
1757024110.075,latency_s,5.355329
1757024110.075,latency_s,5.352224
1757024110.075,latency_s,5.352169
1757024110.075,latency_s,5.332599
1757024110.075,latency_s,5.332392
1757024110.075,latency_s,5.329570
1757024110.075,latency_s,5.328732
1757024110.075,latency_s,5.415061
1757024110.076,latency_s,5.317400
1757024110.076,latency_s,5.315459
1757024110.076,latency_s,5.315026
1757024110.076,latency_s,5.314850
1757024110.076,latency_s,5.306199
1757024110.076,latency_s,5.305181
1757024110.171,latency_s,5.351311
1757024110.171,latency_s,5.351279
1757024110.171,latency_s,5.351320
1757024110.171,latency_s,5.347613
1757024110.171,latency_s,5.347402
1757024110.171,latency_s,5.327875
1757024110.171,latency_s,5.326400
1757024110.171,latency_s,5.324078
1757024110.171,latency_s,5.324118
1757024110.171,latency_s,5.410499
1757024110.171,latency_s,5.312857
1757024110.171,latency_s,5.310439
1757024110.265,latency_s,5.404060
1757024110.265,latency_s,5.403910
1757024110.265,latency_s,5.394973
1757024110.265,latency_s,5.394030
1757024110.265,latency_s,5.386106
1757024110.265,latency_s,5.386037
1757024110.265,latency_s,5.347793
1757024110.265,latency_s,5.345410
1757024110.267,latency_s,5.347485
1757024110.267,latency_s,5.347461
1757024110.267,latency_s,5.343387
1757024110.267,latency_s,5.343436
1757024110.267,latency_s,5.406312
1757024110.267,latency_s,5.321818
1757024110.267,latency_s,5.319776
1757024110.267,latency_s,5.319516
1757024110.267,latency_s,5.317915
1757024110.267,latency_s,5.308639
1757024110.267,latency_s,5.306569
1757024110.268,latency_s,5.306293
1757024110.360,latency_s,5.389657
1757024110.360,latency_s,5.388866
1757024110.360,latency_s,5.380560
1757024110.360,latency_s,5.380577
1757024110.360,latency_s,5.342175
1757024110.360,latency_s,5.340230
1757024110.360,latency_s,5.340137
1757024110.361,latency_s,5.340369
1757024110.362,latency_s,5.336515
1757024110.362,latency_s,5.336585
1757024110.362,latency_s,5.401039
1757024110.362,latency_s,5.316028
1757024110.363,latency_s,5.315025
1757024110.457,latency_s,5.408305
1757024110.457,latency_s,5.406653
1757024110.457,latency_s,5.397315
1757024110.457,latency_s,5.395394
1757024110.457,latency_s,5.395240
1757024110.457,latency_s,5.395278
1757024110.457,latency_s,5.386298
1757024110.457,latency_s,5.385314
1757024110.457,latency_s,5.377252
1757024110.457,latency_s,5.377114
1757024110.457,latency_s,5.338366
1757024110.457,latency_s,5.336338
1757024110.457,latency_s,5.336440
1757024110.457,latency_s,5.336451
1757024110.457,latency_s,5.331502
1757024110.457,latency_s,5.331534
1757024110.457,latency_s,5.395555
1757024110.457,latency_s,5.310873
1757024110.458,latency_s,5.308258
1757024110.458,latency_s,5.308298
1757024110.458,latency_s,5.307765
1757024110.458,latency_s,5.298284
1757024110.459,latency_s,5.296591
1757024110.459,latency_s,5.296488
1757024110.459,latency_s,5.296541
1757024110.459,latency_s,5.287298
1757024110.459,latency_s,5.286783
1757024110.459,latency_s,5.278120
1757024110.552,latency_s,5.371626
1757024110.553,latency_s,5.332824
1757024110.553,latency_s,5.331494
1757024110.553,latency_s,5.331801
1757024110.555,latency_s,5.334066
1757024110.555,latency_s,5.329021
1757024110.556,latency_s,5.328947
1757024110.556,latency_s,5.393446
1757024110.556,latency_s,5.308514
1757024110.556,latency_s,5.305582
1757024110.556,latency_s,5.305426
1757024110.556,latency_s,5.304790
1757024110.556,latency_s,5.295534
1757024110.556,latency_s,5.293606
1757024110.556,latency_s,5.293495
1757024110.556,latency_s,5.293280
1757024110.556,latency_s,5.283452
1757024110.556,latency_s,5.283515
1757024110.556,latency_s,5.273201
1757024110.556,latency_s,5.273102
1757024110.556,latency_s,5.236080
1757024110.648,latency_s,5.326065
1757024110.648,latency_s,5.326674
1757024110.648,latency_s,5.326222
1757024110.648,latency_s,5.385811
1757024110.648,latency_s,5.320329
1757024110.648,latency_s,5.320295
1757024110.648,latency_s,5.300733
1757024110.648,latency_s,5.297782
1757024110.648,latency_s,5.297673
1757024110.648,latency_s,5.297199
1757024110.649,latency_s,5.286618
1757024110.653,latency_s,5.290390
1757024110.653,latency_s,5.290130
1757024110.744,latency_s,5.381396
1757024110.744,latency_s,5.371044
1757024110.744,latency_s,5.370802
1757024110.744,latency_s,5.361072
1757024110.745,latency_s,5.360461
1757024110.745,latency_s,5.323467
1757024110.745,latency_s,5.322869
1757024110.745,latency_s,5.381861
1757024110.745,latency_s,5.322536
1757024110.745,latency_s,5.322382
1757024110.745,latency_s,5.315194
1757024110.745,latency_s,5.314238
1757024110.745,latency_s,5.296938
1757024110.745,latency_s,5.293616
1757024110.745,latency_s,5.293432
1757024110.745,latency_s,5.293016
1757024110.745,latency_s,5.282411
1757024110.749,latency_s,5.285941
1757024110.749,latency_s,5.285634
1757024110.749,latency_s,5.284923
1757024110.749,latency_s,5.275032
1757024110.749,latency_s,5.275033
1757024110.749,latency_s,5.264931
1757024110.749,latency_s,5.264807
1757024110.750,latency_s,5.287074
1757024110.750,latency_s,5.228644
1757024110.750,latency_s,5.227497
1757024110.788,latency_s,5.264894
1757024110.788,latency_s,5.264915
1757024110.788,latency_s,5.257110
1757024110.844,latency_s,5.313534
1757024110.844,latency_s,5.295993
1757024110.844,latency_s,5.291762
1757024110.845,latency_s,5.292705
1757024110.845,latency_s,5.292810
1757024110.846,latency_s,5.282582
1757024110.846,latency_s,5.282915
1757024110.846,latency_s,5.282203
1757024110.846,latency_s,5.281876
1757024110.846,latency_s,5.271306
1757024110.846,latency_s,5.271240
1757024110.846,latency_s,5.261447
1757024110.847,latency_s,5.261713
1757024110.847,latency_s,5.283366
1757024110.847,latency_s,5.224767
1757024110.847,latency_s,5.223693
1757024110.847,latency_s,5.223900
1757024110.847,latency_s,5.223627
1757024110.847,latency_s,5.215277
1757024110.939,latency_s,5.307767
1757024110.939,latency_s,5.290498
1757024110.940,latency_s,5.286066
1757024110.940,latency_s,5.286082
1757024110.940,latency_s,5.285910
1757024110.940,latency_s,5.276352
1757024110.940,latency_s,5.276148
1757024110.940,latency_s,5.275792
1757024110.940,latency_s,5.275451
1757024110.940,latency_s,5.264313
1757024110.941,latency_s,5.265059
1757024110.941,latency_s,5.255831
1757024110.941,latency_s,5.252278
1757024111.034,latency_s,5.370642
1757024111.034,latency_s,5.311888
1757024111.034,latency_s,5.310962
1757024111.035,latency_s,5.311177
1757024111.036,latency_s,5.312175
1757024111.036,latency_s,5.303866
1757024111.036,latency_s,5.304047
1757024111.036,latency_s,5.284489
1757024111.036,latency_s,5.282334
1757024111.036,latency_s,5.282389
1757024111.036,latency_s,5.279732
1757024111.036,latency_s,5.272151
1757024111.036,latency_s,5.272024
1757024111.036,latency_s,5.271951
1757024111.036,latency_s,5.271780
1757024111.036,latency_s,5.259448
1757024111.036,latency_s,5.259398
1757024111.036,latency_s,5.251016
1757024111.036,latency_s,5.246961
1757024111.225,latency_s,5.461530
1757024111.226,latency_s,5.402443
1757024111.226,latency_s,5.401609
1757024111.226,latency_s,5.401324
1757024111.226,latency_s,5.401534
1757024111.226,latency_s,5.392410
1757024111.226,latency_s,5.392073
1757024111.226,latency_s,5.373238
1757024111.226,latency_s,5.372033
1757024111.226,latency_s,5.371803
1757024111.226,latency_s,5.368501
1757024111.226,latency_s,5.361505
1757024111.226,latency_s,5.359980
1757024111.226,latency_s,5.359944
1757024111.228,latency_s,5.361337
1757024111.228,latency_s,5.349875
1757024111.228,latency_s,5.349867
1757024111.228,latency_s,5.340604
1757024111.228,latency_s,5.337651
1757024111.228,latency_s,5.363339
1757024111.228,latency_s,5.303786
1757024111.228,latency_s,5.303744
1757024111.228,latency_s,5.302939
1757024111.228,latency_s,5.302740
1757024111.228,latency_s,5.293659
1757024111.228,latency_s,5.293519
1757024111.228,latency_s,5.274551
1757024111.228,latency_s,5.274055
1757024111.228,latency_s,5.273990
1757024111.229,latency_s,5.269699
1757024111.229,latency_s,5.263594
1757024111.229,latency_s,5.261809
1757024111.324,latency_s,5.356644
1757024111.324,latency_s,5.356794
1757024111.324,latency_s,5.344594
1757024111.324,latency_s,5.344678
1757024111.324,latency_s,5.336713
1757024111.324,latency_s,5.333443
1757024111.324,latency_s,5.359531
1757024111.324,latency_s,5.299461
1757024111.325,latency_s,5.299623
1757024111.420,latency_s,5.394604
1757024111.420,latency_s,5.394515
1757024111.420,latency_s,5.384023
1757024111.420,latency_s,5.384126
1757024111.420,latency_s,5.365466
1757024111.420,latency_s,5.365430
1757024111.421,latency_s,5.366035
1757024111.421,latency_s,5.362064
1757024111.421,latency_s,5.355721
1757024111.421,latency_s,5.353907
1757024111.421,latency_s,5.353949
1757024111.421,latency_s,5.353894
1757024111.421,latency_s,5.340722
1757024111.421,latency_s,5.340757
1757024111.421,latency_s,5.333299
1757024111.421,latency_s,5.356095
1757024111.421,latency_s,5.328886
1757024111.421,latency_s,5.295905
1757024111.421,latency_s,5.295452
1757024111.422,latency_s,5.295051
1757024111.422,latency_s,5.295138
1757024111.422,latency_s,5.284936
1757024111.422,latency_s,5.284997
1757024111.515,latency_s,5.359373
1757024111.515,latency_s,5.359510
1757024111.515,latency_s,5.359525
1757024111.515,latency_s,5.355709
1757024111.515,latency_s,5.349275
1757024111.515,latency_s,5.347235
1757024111.515,latency_s,5.347369
1757024111.515,latency_s,5.347293
1757024111.516,latency_s,5.334350
1757024111.517,latency_s,5.335547
1757024111.517,latency_s,5.351006
1757024111.611,latency_s,5.422317
1757024111.611,latency_s,5.418406
1757024111.611,latency_s,5.384053
1757024111.611,latency_s,5.383683
1757024111.611,latency_s,5.383728
1757024111.611,latency_s,5.383695
1757024111.611,latency_s,5.372801
1757024111.613,latency_s,5.374304
1757024111.613,latency_s,5.356941
1757024111.613,latency_s,5.357102
1757024111.613,latency_s,5.356899
1757024111.613,latency_s,5.350771
1757024111.613,latency_s,5.346880
1757024111.613,latency_s,5.343591
1757024111.613,latency_s,5.343499
1757024111.613,latency_s,5.343460
1757024111.613,latency_s,5.347304
1757024111.613,latency_s,5.331509
1757024111.613,latency_s,5.331120
1757024111.613,latency_s,5.323913
1757024111.614,latency_s,5.320308
1757024111.614,latency_s,5.285821
1757024111.614,latency_s,5.286248
1757024111.614,latency_s,5.286116
1757024111.652,latency_s,5.324219
1757024111.652,latency_s,5.313604
1757024111.652,latency_s,5.313671
1757024111.652,latency_s,5.296063
1757024111.652,latency_s,5.296033
1757024111.652,latency_s,5.295831
1757024111.708,latency_s,5.345587
1757024111.709,latency_s,5.342205
1757024111.709,latency_s,5.339335
1757024111.709,latency_s,5.338376
1757024111.709,latency_s,5.338299
1757024111.709,latency_s,5.342498
1757024111.709,latency_s,5.326601
1757024111.709,latency_s,5.325737
1757024111.709,latency_s,5.318929
1757024111.709,latency_s,5.315475
1757024111.709,latency_s,5.281477
1757024111.709,latency_s,5.281342
1757024111.709,latency_s,5.281242
1757024111.710,latency_s,5.281627
1757024111.790,latency_s,5.349641
1757024111.790,latency_s,5.349388
1757024111.790,latency_s,5.333113
1757024111.790,latency_s,5.333300
1757024111.790,latency_s,5.332490
1757024111.790,latency_s,5.326496
1757024111.791,latency_s,5.323283
1757024111.791,latency_s,5.323417
1757024111.791,latency_s,5.320221
1757024111.791,latency_s,5.319557
1757024111.791,latency_s,5.319454
1757024111.805,latency_s,5.321711
1757024111.805,latency_s,5.321074
1757024111.805,latency_s,5.313794
1757024111.805,latency_s,5.310924
1757024111.805,latency_s,5.276510
1757024111.805,latency_s,5.276365
1757024111.805,latency_s,5.275631
1757024111.885,latency_s,5.356049
1757024111.981,latency_s,5.439994
1757024111.981,latency_s,5.440003
1757024111.981,latency_s,5.424043
1757024111.981,latency_s,5.423754
1757024111.981,latency_s,5.422705
1757024111.982,latency_s,5.416969
1757024111.982,latency_s,5.413940
1757024111.982,latency_s,5.413692
1757024111.982,latency_s,5.409721
1757024111.982,latency_s,5.409329
1757024111.982,latency_s,5.409271
1757024111.982,latency_s,5.398362
1757024111.982,latency_s,5.397602
1757024111.982,latency_s,5.390247
1757024111.982,latency_s,5.387355
1757024111.982,latency_s,5.353109
1757024111.982,latency_s,5.353073
1757024111.982,latency_s,5.352375
1757024111.997,latency_s,5.366521
1757024111.997,latency_s,5.355644
1757024111.997,latency_s,5.355813
1757024111.997,latency_s,5.339218
1757024111.997,latency_s,5.339028
1757024111.997,latency_s,5.337328
1757024111.997,latency_s,5.331904
1757024111.997,latency_s,5.329031
1757024111.997,latency_s,5.327034
1757024111.997,latency_s,5.324365
1757024111.997,latency_s,5.324188
1757024111.997,latency_s,5.324412
1757024111.997,latency_s,5.313157
1757024112.076,latency_s,5.391338
1757024112.092,latency_s,5.361702
1757024112.092,latency_s,5.361824
1757024112.092,latency_s,5.350662
1757024112.092,latency_s,5.350697
1757024112.092,latency_s,5.334151
1757024112.092,latency_s,5.334412
1757024112.187,latency_s,5.426558
1757024112.187,latency_s,5.420470
1757024112.187,latency_s,5.418620
1757024112.187,latency_s,5.416717
1757024112.187,latency_s,5.413775
1757024112.188,latency_s,5.414181
1757024112.188,latency_s,5.414318
1757024112.188,latency_s,5.403042
1757024112.188,latency_s,5.401516
1757024112.188,latency_s,5.395722
1757024112.188,latency_s,5.391342
1757024112.188,latency_s,5.358375
1757024112.188,latency_s,5.356509
1757024112.188,latency_s,5.357995
1757024112.188,latency_s,5.356210
1757024112.188,latency_s,5.346190
1757024112.188,latency_s,5.346212
1757024112.188,latency_s,5.329242
1757024112.188,latency_s,5.329165
1757024112.189,latency_s,5.327693
1757024112.189,latency_s,5.321655
1757024112.189,latency_s,5.319938
1757024112.189,latency_s,5.317534
1757024112.189,latency_s,5.314609
1757024112.189,latency_s,5.314318
1757024112.189,latency_s,5.314614
1757024112.282,latency_s,5.396095
1757024112.282,latency_s,5.393320
1757024112.282,latency_s,5.387963
1757024112.282,latency_s,5.384228
1757024112.282,latency_s,5.352100
1757024112.282,latency_s,5.350933
1757024112.283,latency_s,5.350867
1757024112.283,latency_s,5.350841
1757024112.284,latency_s,5.340825
1757024112.379,latency_s,5.435650
1757024112.379,latency_s,5.419669
1757024112.379,latency_s,5.419346
1757024112.379,latency_s,5.416240
1757024112.379,latency_s,5.410838
1757024112.379,latency_s,5.410018
1757024112.379,latency_s,5.406508
1757024112.379,latency_s,5.404488
1757024112.380,latency_s,5.404518
1757024112.380,latency_s,5.404704
1757024112.380,latency_s,5.393407
1757024112.380,latency_s,5.390031
1757024112.380,latency_s,5.384145
1757024112.380,latency_s,5.381288
1757024112.380,latency_s,5.349287
1757024112.380,latency_s,5.347274
1757024112.380,latency_s,5.346954
1757024112.380,latency_s,5.346955
1757024112.380,latency_s,5.336112
1757024112.380,latency_s,5.336444
1757024112.380,latency_s,5.320716
1757024112.381,latency_s,5.320465
1757024112.381,latency_s,5.315727
1757024112.381,latency_s,5.311497
1757024112.381,latency_s,5.310980
1757024112.381,latency_s,5.305609
1757024112.381,latency_s,5.305450
1757024112.381,latency_s,5.305394
1757024112.381,latency_s,5.305717
1757024112.475,latency_s,5.388218
1757024112.475,latency_s,5.384512
1757024112.475,latency_s,5.378195
1757024112.475,latency_s,5.376152
1757024112.475,latency_s,5.344725
1757024112.476,latency_s,5.342365
1757024112.476,latency_s,5.341945
1757024112.476,latency_s,5.341821
1757024112.476,latency_s,5.331012
1757024112.476,latency_s,5.331235
1757024112.571,latency_s,5.410717
1757024112.572,latency_s,5.410991
1757024112.572,latency_s,5.406343
1757024112.572,latency_s,5.401843
1757024112.572,latency_s,5.401929
1757024112.572,latency_s,5.396030
1757024112.572,latency_s,5.396099
1757024112.572,latency_s,5.396048
1757024112.572,latency_s,5.396041
1757024112.572,latency_s,5.384847
1757024112.572,latency_s,5.380500
1757024112.572,latency_s,5.373642
1757024112.572,latency_s,5.372452
1757024112.572,latency_s,5.340120
1757024112.572,latency_s,5.338252
1757024112.572,latency_s,5.338265
1757024112.572,latency_s,5.338006
1757024112.572,latency_s,5.326987
1757024112.572,latency_s,5.326731
1757024112.572,latency_s,5.311741
1757024112.573,latency_s,5.312056
1757024112.573,latency_s,5.306432
1757024112.666,latency_s,5.389647
1757024112.666,latency_s,5.389624
1757024112.667,latency_s,5.377934
1757024112.667,latency_s,5.374115
1757024112.667,latency_s,5.367214
1757024112.763,latency_s,5.461995
1757024112.763,latency_s,5.431284
1757024112.763,latency_s,5.429440
1757024112.763,latency_s,5.429472
1757024112.764,latency_s,5.427881
1757024112.764,latency_s,5.417771
1757024112.764,latency_s,5.416775
1757024112.764,latency_s,5.402589
1757024112.764,latency_s,5.402189
1757024112.764,latency_s,5.396964
1757024112.764,latency_s,5.393344
1757024112.764,latency_s,5.393194
1757024112.764,latency_s,5.386948
1757024112.764,latency_s,5.386684
1757024112.764,latency_s,5.386935
1757024112.764,latency_s,5.373875
1757024112.764,latency_s,5.366551
1757024112.764,latency_s,5.363622
1757024112.764,latency_s,5.362539
1757024112.764,latency_s,5.331729
1757024112.764,latency_s,5.329804
1757024112.765,latency_s,5.329764
1757024112.765,latency_s,5.328714
1757024112.765,latency_s,5.317593
1757024112.765,latency_s,5.317348
1757024112.858,latency_s,5.395902
1757024112.858,latency_s,5.394562
1757024112.859,latency_s,5.391188
1757024112.860,latency_s,5.388443
1757024112.860,latency_s,5.388519
1757024112.860,latency_s,5.583086
1757024112.860,latency_s,5.482718
1757024112.860,latency_s,5.382589
1757024112.860,latency_s,5.382411
1757024112.860,latency_s,5.382408
1757024112.860,latency_s,5.369003
1757024112.860,latency_s,5.361183
1757024112.956,latency_s,5.454363
1757024112.956,latency_s,5.453658
1757024112.956,latency_s,5.423234
1757024112.956,latency_s,5.420876
1757024112.956,latency_s,5.420924
1757024112.956,latency_s,5.419988
1757024112.956,latency_s,5.409022
1757024112.956,latency_s,5.408511
1757024112.956,latency_s,5.394448
1757024112.956,latency_s,5.392050
1757024112.957,latency_s,5.388306
1757024112.957,latency_s,5.479498
1757024112.957,latency_s,5.384557
1757024112.957,latency_s,5.384581
1757024112.957,latency_s,5.379207
1757024112.957,latency_s,5.379029
1757024112.957,latency_s,5.379194
1757024112.957,latency_s,5.365025
1757024112.957,latency_s,5.357472
1757024112.957,latency_s,5.354869
1757024112.957,latency_s,5.354693
1757024112.957,latency_s,5.323891
1757024113.052,latency_s,5.474350
1757024113.052,latency_s,5.383538
1757024113.053,latency_s,5.379710
1757024113.053,latency_s,5.379351
1757024113.053,latency_s,5.374377
1757024113.053,latency_s,5.374138
1757024113.053,latency_s,5.374086
1757024113.053,latency_s,5.360102
1757024113.053,latency_s,5.349711
1757024113.053,latency_s,5.349855
1757024113.053,latency_s,5.349291
1757024113.053,latency_s,5.318928
1757024113.148,latency_s,5.412030
1757024113.148,latency_s,5.412092
1757024113.148,latency_s,5.411274
1757024113.148,latency_s,5.400051
1757024113.148,latency_s,5.398571
1757024113.148,latency_s,5.470095
1757024113.148,latency_s,5.385688
1757024113.149,latency_s,5.377952
1757024113.149,latency_s,5.376141
1757024113.149,latency_s,5.375424
1757024113.149,latency_s,5.375025
1757024113.149,latency_s,5.370337
1757024113.149,latency_s,5.370107
1757024113.149,latency_s,5.370049
1757024113.149,latency_s,5.355567
1757024113.149,latency_s,5.345180
1757024113.149,latency_s,5.345136
1757024113.149,latency_s,5.345056
1757024113.149,latency_s,5.314367
1757024113.149,latency_s,5.312521
1757024113.243,latency_s,5.405334
1757024113.243,latency_s,5.394653
1757024113.243,latency_s,5.393382
1757024113.243,latency_s,5.464798
1757024113.244,latency_s,5.380257
1757024113.244,latency_s,5.372455
1757024113.244,latency_s,5.370218
1757024113.244,latency_s,5.370162
1757024113.244,latency_s,5.369787
1757024113.244,latency_s,5.365453
1757024113.244,latency_s,5.365373
1757024113.244,latency_s,5.365146
1757024113.245,latency_s,5.349747
1757024113.245,latency_s,5.339356
1757024113.245,latency_s,5.339566
1757024113.340,latency_s,5.404900
1757024113.340,latency_s,5.402927
1757024113.340,latency_s,5.402963
1757024113.340,latency_s,5.402040
1757024113.340,latency_s,5.390734
1757024113.340,latency_s,5.388767
1757024113.340,latency_s,5.460860
1757024113.340,latency_s,5.376557
1757024113.340,latency_s,5.368264
1757024113.340,latency_s,5.365879
1757024113.341,latency_s,5.365726
1757024113.341,latency_s,5.365749
1757024113.341,latency_s,5.361004
1757024113.341,latency_s,5.360957
1757024113.341,latency_s,5.360048
1757024113.341,latency_s,5.343765
1757024113.341,latency_s,5.335330
1757024113.341,latency_s,5.335366
1757024113.341,latency_s,5.305555
1757024113.341,latency_s,5.303794
1757024113.341,latency_s,5.303383
1757024113.435,latency_s,5.359732
1757024113.436,latency_s,5.360153
1757024113.436,latency_s,5.356300
1757024113.436,latency_s,5.355796
1757024113.436,latency_s,5.355218
1757024113.436,latency_s,5.338553
1757024113.436,latency_s,5.330268
1757024113.436,latency_s,5.329790
1757024113.436,latency_s,5.531286
1757024113.436,latency_s,5.431180
1757024113.437,latency_s,5.329999
1757024113.437,latency_s,5.300568
1757024113.437,latency_s,5.296201
1757024113.437,latency_s,5.295871
1757024113.532,latency_s,5.390944
1757024113.532,latency_s,5.451796
1757024113.532,latency_s,5.381640
1757024113.532,latency_s,5.379903
1757024113.533,latency_s,5.368004
1757024113.533,latency_s,5.358032
1757024113.533,latency_s,5.357413
1757024113.533,latency_s,5.357141
1757024113.533,latency_s,5.357396
1757024113.533,latency_s,5.353241
1757024113.533,latency_s,5.351908
1757024113.533,latency_s,5.352447
1757024113.533,latency_s,5.334873
1757024113.533,latency_s,5.326799
1757024113.533,latency_s,5.326304
1757024113.534,latency_s,5.326288
1757024113.534,latency_s,5.296764
1757024113.534,latency_s,5.353047
1757024113.628,latency_s,5.376628
1757024113.629,latency_s,5.375587
1757024113.629,latency_s,5.363323
1757024113.629,latency_s,5.352983
1757024113.629,latency_s,5.352991
1757024113.629,latency_s,5.352741
1757024113.629,latency_s,5.352384
1757024113.629,latency_s,5.348899
1757024113.630,latency_s,5.347528
1757024113.630,latency_s,5.347573
1757024113.630,latency_s,5.330844
1757024113.630,latency_s,5.323217
1757024113.630,latency_s,5.322714
1757024113.630,latency_s,5.322384
1757024113.724,latency_s,5.372444
1757024113.724,latency_s,5.370179
1757024113.724,latency_s,5.358181
1757024113.726,latency_s,5.349810
1757024113.726,latency_s,5.349675
1757024113.726,latency_s,5.349191
1757024113.726,latency_s,5.348360
1757024113.726,latency_s,5.345424
1757024113.726,latency_s,5.343070
1757024113.726,latency_s,5.343031
1757024113.726,latency_s,5.323040
1757024113.726,latency_s,5.319048
1757024113.726,latency_s,5.318337
1757024113.726,latency_s,5.318022
1757024113.726,latency_s,5.344249
1757024113.726,latency_s,5.288358
1757024113.726,latency_s,5.284612
1757024113.726,latency_s,5.282197
1757024113.819,latency_s,5.374688
1757024113.819,latency_s,5.367681
1757024113.819,latency_s,5.364784
1757024113.819,latency_s,5.352518
1757024113.819,latency_s,5.343165
1757024113.819,latency_s,5.342919
1757024113.820,latency_s,5.341142
1757024113.820,latency_s,5.341027
1757024113.820,latency_s,5.338972
1757024113.820,latency_s,5.336922
1757024113.820,latency_s,5.336593
1757024113.820,latency_s,5.316854
1757024113.820,latency_s,5.313135
1757024113.821,latency_s,5.312649
1757024113.915,latency_s,5.369548
1757024113.915,latency_s,5.369556
1757024113.915,latency_s,5.362237
1757024113.915,latency_s,5.360522
1757024113.915,latency_s,5.348507
1757024113.915,latency_s,5.338741
1757024113.915,latency_s,5.338446
1757024113.915,latency_s,5.336426
1757024113.916,latency_s,5.336725
1757024113.916,latency_s,5.334391
1757024113.916,latency_s,5.332454
1757024113.916,latency_s,5.332030
1757024113.917,latency_s,5.313506
1757024113.917,latency_s,5.309179
1757024113.917,latency_s,5.309114
1757024113.917,latency_s,5.308864
1757024113.917,latency_s,5.334769
1757024113.918,latency_s,5.279200
1757024114.009,latency_s,5.363461
1757024114.009,latency_s,5.363668
1757024114.011,latency_s,5.357605
1757024114.011,latency_s,5.355882
1757024114.011,latency_s,5.343579
1757024114.011,latency_s,5.334052
1757024114.011,latency_s,5.333918
1757024114.011,latency_s,5.331330
1757024114.011,latency_s,5.331267
1757024114.011,latency_s,5.328918
1757024114.011,latency_s,5.327320
1757024114.011,latency_s,5.326962
1757024114.011,latency_s,5.305331
1757024114.011,latency_s,5.302736
1757024114.105,latency_s,5.361741
1757024114.105,latency_s,5.358465
1757024114.105,latency_s,5.358711
1757024114.105,latency_s,5.350309
1757024114.105,latency_s,5.349946
1757024114.105,latency_s,5.337183
1757024114.105,latency_s,5.328090
1757024114.105,latency_s,5.327835
1757024114.105,latency_s,5.325095
1757024114.106,latency_s,5.325299
1757024114.106,latency_s,5.323494
1757024114.106,latency_s,5.320922
1757024114.106,latency_s,5.321006
1757024114.107,latency_s,5.297171
1757024114.107,latency_s,5.297403
1757024114.107,latency_s,5.297478
1757024114.107,latency_s,5.297311
1757024114.107,latency_s,5.323307
1757024114.199,latency_s,5.360774
1757024114.200,latency_s,5.356215
1757024114.200,latency_s,5.351758
1757024114.201,latency_s,5.352780
1757024114.201,latency_s,5.345007
1757024114.201,latency_s,5.345026
1757024114.201,latency_s,5.332320
1757024114.201,latency_s,5.323724
1757024114.201,latency_s,5.320442
1757024114.201,latency_s,5.320427
1757024114.201,latency_s,5.320255
1757024114.201,latency_s,5.318177
1757024114.201,latency_s,5.315243
1757024114.201,latency_s,5.314904
1757024114.296,latency_s,5.356557
1757024114.296,latency_s,5.352168
1757024114.296,latency_s,5.346767
1757024114.296,latency_s,5.346271
1757024114.296,latency_s,5.339537
1757024114.296,latency_s,5.338005
1757024114.296,latency_s,5.327235
1757024114.296,latency_s,5.318599
1757024114.296,latency_s,5.314488
1757024114.296,latency_s,5.314430
1757024114.296,latency_s,5.314337
1757024114.296,latency_s,5.312690
1757024114.296,latency_s,5.309757
1757024114.296,latency_s,5.309615
1757024114.296,latency_s,5.310792
1757024114.296,latency_s,5.286233
1757024114.296,latency_s,5.286272
1757024114.296,latency_s,5.285791
1757024114.391,latency_s,5.379941
1757024114.391,latency_s,5.351808
1757024114.391,latency_s,5.346432
1757024114.391,latency_s,5.341638
1757024114.391,latency_s,5.340612
1757024114.392,latency_s,5.334462
1757024114.392,latency_s,5.332545
1757024114.392,latency_s,5.322270
1757024114.392,latency_s,5.313919
1757024114.392,latency_s,5.309812
1757024114.392,latency_s,5.309751
1757024114.392,latency_s,5.309534
1757024114.392,latency_s,5.308015
1757024114.392,latency_s,5.304708
1757024114.487,latency_s,5.399341
1757024114.488,latency_s,5.400398
1757024114.488,latency_s,5.376875
1757024114.488,latency_s,5.376731
1757024114.488,latency_s,5.376258
1757024114.488,latency_s,5.376611
1757024114.488,latency_s,5.347965
1757024114.488,latency_s,5.343010
1757024114.488,latency_s,5.337631
1757024114.488,latency_s,5.336807
1757024114.488,latency_s,5.330728
1757024114.488,latency_s,5.328347
1757024114.488,latency_s,5.318032
1757024114.488,latency_s,5.310189
1757024114.488,latency_s,5.305730
1757024114.488,latency_s,5.305717
1757024114.488,latency_s,5.305374
1757024114.488,latency_s,5.303944
1757024114.583,latency_s,5.394373
1757024114.583,latency_s,5.395507
1757024114.583,latency_s,5.371699
1757024114.583,latency_s,5.371724
1757024114.583,latency_s,5.371671
1757024114.583,latency_s,5.371606
1757024114.583,latency_s,5.343409
1757024114.583,latency_s,5.338061
1757024114.583,latency_s,5.331564
1757024114.584,latency_s,5.331649
1757024114.584,latency_s,5.325294
1757024114.705,latency_s,5.444885
1757024114.705,latency_s,5.434959
1757024114.705,latency_s,5.427129
1757024114.705,latency_s,5.417278
1757024114.705,latency_s,5.416280
1757024114.705,latency_s,5.392652
1757024114.705,latency_s,5.392731
1757024114.705,latency_s,5.392472
1757024114.705,latency_s,5.392399
1757024114.705,latency_s,5.364987
1757024114.705,latency_s,5.359361
1757024114.705,latency_s,5.352474
1757024114.705,latency_s,5.352505
1757024114.706,latency_s,5.347117
1757024114.706,latency_s,5.345178
1757024114.774,latency_s,5.403372
1757024114.774,latency_s,5.394503
1757024114.774,latency_s,5.390769
1757024114.774,latency_s,5.390627
1757024114.774,latency_s,5.390321
1757024114.774,latency_s,5.389411
1757024114.774,latency_s,5.385973
1757024114.775,latency_s,5.385545
1757024114.775,latency_s,5.361607
1757024114.775,latency_s,5.361442
1757024114.775,latency_s,5.361585
1757024114.775,latency_s,5.361745
1757024114.775,latency_s,5.334149
1757024114.775,latency_s,5.329123
1757024114.775,latency_s,5.321786
1757024114.775,latency_s,5.321895
1757024114.776,latency_s,5.317150
1757024114.869,latency_s,5.389295
1757024114.869,latency_s,5.385853
1757024114.870,latency_s,5.385598
1757024114.870,latency_s,5.385023
1757024114.870,latency_s,5.384002
1757024114.870,latency_s,5.379804
1757024114.991,latency_s,5.501366
1757024114.992,latency_s,5.701717
1757024114.992,latency_s,5.601184
1757024114.992,latency_s,5.500624
1757024114.992,latency_s,5.477989
1757024114.992,latency_s,5.477827
1757024114.992,latency_s,5.477793
1757024114.992,latency_s,5.477780
1757024114.992,latency_s,5.450015
1757024114.992,latency_s,5.429285
1757024114.992,latency_s,5.420493
1757024114.992,latency_s,5.411011
1757024114.992,latency_s,5.407701
1757024114.992,latency_s,5.407199
1757024114.992,latency_s,5.406958
1757024114.992,latency_s,5.405845
1757024114.992,latency_s,5.401689
1757024114.992,latency_s,5.401762
1757024114.992,latency_s,5.400742
1757024114.992,latency_s,5.377910
1757024114.992,latency_s,5.377509
1757024114.992,latency_s,5.377478
1757024114.992,latency_s,5.377523
1757024114.993,latency_s,5.350498
1757024114.993,latency_s,5.345158
1757024114.993,latency_s,5.338284
1757024115.060,latency_s,5.404306
1757024115.060,latency_s,5.399567
1757024115.061,latency_s,5.396876
1757024115.062,latency_s,5.389911
1757024115.062,latency_s,5.380855
1757024115.062,latency_s,5.376888
1757024115.088,latency_s,5.402320
1757024115.088,latency_s,5.401741
1757024115.088,latency_s,5.397461
1757024115.156,latency_s,5.465283
1757024115.156,latency_s,5.440954
1757024115.157,latency_s,5.440893
1757024115.157,latency_s,5.440974
1757024115.157,latency_s,5.441061
1757024115.157,latency_s,5.464836
1757024115.157,latency_s,5.414098
1757024115.157,latency_s,5.409175
1757024115.157,latency_s,5.400858
1757024115.157,latency_s,5.399898
1757024115.157,latency_s,5.395908
1757024115.157,latency_s,5.392995
1757024115.157,latency_s,5.384662
1757024115.157,latency_s,5.375772
1757024115.157,latency_s,5.371459
1757024115.183,latency_s,5.396072
1757024115.184,latency_s,5.396449
1757024115.184,latency_s,5.396116
1757024115.184,latency_s,5.392381
1757024115.184,latency_s,5.392528
1757024115.184,latency_s,5.368098
1757024115.184,latency_s,5.368026
1757024115.184,latency_s,5.367598
1757024115.184,latency_s,5.367653
1757024115.184,latency_s,5.391834
1757024115.184,latency_s,5.341603
1757024115.184,latency_s,5.336688
1757024115.184,latency_s,5.327937
1757024115.185,latency_s,5.327512
1757024115.278,latency_s,5.389256
1757024115.278,latency_s,5.385450
1757024115.278,latency_s,5.385291
1757024115.278,latency_s,5.361342
1757024115.278,latency_s,5.361109
1757024115.279,latency_s,5.362067
1757024115.279,latency_s,5.361826
1757024115.279,latency_s,5.384867
1757024115.279,latency_s,5.336231
1757024115.279,latency_s,5.331153
1757024115.279,latency_s,5.320991
1757024115.279,latency_s,5.321018
1757024115.279,latency_s,5.317207
1757024115.279,latency_s,5.311612
1757024115.279,latency_s,5.305801
1757024115.279,latency_s,5.296130
1757024115.279,latency_s,5.291996
1757024115.279,latency_s,5.292140
1757024115.373,latency_s,5.385635
1757024115.374,latency_s,5.384361
1757024115.374,latency_s,5.380497
1757024115.374,latency_s,5.380116
1757024115.374,latency_s,5.378393
1757024115.374,latency_s,5.357068
1757024115.374,latency_s,5.356227
1757024115.374,latency_s,5.356358
1757024115.374,latency_s,5.355642
1757024115.374,latency_s,5.331132
1757024115.374,latency_s,5.326085
1757024115.374,latency_s,5.315698
1757024115.374,latency_s,5.315771
1757024115.374,latency_s,5.311536
1757024115.469,latency_s,5.395186
1757024115.469,latency_s,5.385829
1757024115.469,latency_s,5.380887
1757024115.469,latency_s,5.380718
1757024115.469,latency_s,5.381151
1757024115.470,latency_s,5.379951
1757024115.470,latency_s,5.375913
1757024115.470,latency_s,5.375582
1757024115.470,latency_s,5.374117
1757024115.565,latency_s,5.447522
1757024115.565,latency_s,5.446919
1757024115.565,latency_s,5.447011
1757024115.565,latency_s,5.446489
1757024115.565,latency_s,5.422248
1757024115.566,latency_s,5.417023
1757024115.566,latency_s,5.406050
1757024115.566,latency_s,5.406172
1757024115.566,latency_s,5.402289
1757024115.566,latency_s,5.390977
1757024115.566,latency_s,5.381556
1757024115.566,latency_s,5.375584
1757024115.566,latency_s,5.376122
1757024115.566,latency_s,5.376692
1757024115.566,latency_s,5.376322
1757024115.566,latency_s,5.371459
1757024115.566,latency_s,5.371044
1757024115.566,latency_s,5.369497
1757024115.566,latency_s,5.347852
1757024115.566,latency_s,5.347392
1757024115.566,latency_s,5.347526
1757024115.566,latency_s,5.345784
1757024115.566,latency_s,5.322620
1757024115.660,latency_s,5.385585
1757024115.661,latency_s,5.375751
1757024115.661,latency_s,5.371389
1757024115.661,latency_s,5.370969
1757024115.661,latency_s,5.370517
1757024115.661,latency_s,5.370833
1757024115.661,latency_s,5.366556
1757024115.661,latency_s,5.365679
1757024115.662,latency_s,5.363501
1757024115.757,latency_s,5.438298
1757024115.757,latency_s,5.437567
1757024115.757,latency_s,5.437606
1757024115.757,latency_s,5.436797
1757024115.758,latency_s,5.413197
1757024115.758,latency_s,5.406776
1757024115.758,latency_s,5.397721
1757024115.758,latency_s,5.397462
1757024115.758,latency_s,5.393560
1757024115.758,latency_s,5.385213
1757024115.758,latency_s,5.382324
1757024115.758,latency_s,5.371893
1757024115.758,latency_s,5.368005
1757024115.758,latency_s,5.367519
1757024115.758,latency_s,5.366938
1757024115.758,latency_s,5.367018
1757024115.758,latency_s,5.362772
1757024115.758,latency_s,5.361732
1757024115.801,latency_s,5.380433
1757024115.802,latency_s,5.380068
1757024115.802,latency_s,5.356623
1757024115.802,latency_s,5.350460
1757024115.802,latency_s,5.341093
1757024115.802,latency_s,5.341095
1757024115.802,latency_s,5.336973
1757024115.802,latency_s,5.328971
1757024115.802,latency_s,5.325885
1757024115.853,latency_s,5.366644
1757024115.853,latency_s,5.362898
1757024115.853,latency_s,5.362569
1757024115.853,latency_s,5.362261
1757024115.853,latency_s,5.362285
1757024115.897,latency_s,5.400701
1757024115.897,latency_s,5.400449
1757024115.897,latency_s,5.397659
1757024115.898,latency_s,5.377958
1757024115.898,latency_s,5.376068
1757024115.898,latency_s,5.375990
1757024115.898,latency_s,5.375724
1757024115.898,latency_s,5.352557
1757024115.898,latency_s,5.345104
1757024115.898,latency_s,5.335928
1757024115.898,latency_s,5.335896
1757024115.898,latency_s,5.332923
1757024115.898,latency_s,5.324573
1757024115.898,latency_s,5.321753
1757024115.898,latency_s,5.309963
1757024115.898,latency_s,5.307276
1757024115.898,latency_s,5.306819
1757024115.898,latency_s,5.307036
1757024115.992,latency_s,5.399530
1757024115.992,latency_s,5.395586
1757024115.992,latency_s,5.393162
1757024115.992,latency_s,5.391360
1757024115.992,latency_s,5.371666
1757024115.992,latency_s,5.370167
1757024115.992,latency_s,5.369944
1757024115.992,latency_s,5.370095
1757024115.993,latency_s,5.346732
1757024115.993,latency_s,5.339211
1757024115.993,latency_s,5.330025
1757024115.993,latency_s,5.330032
1757024115.993,latency_s,5.327148
1757024115.993,latency_s,5.318617
1757024116.087,latency_s,5.394406
1757024116.087,latency_s,5.390277
1757024116.088,latency_s,5.388805
1757024116.088,latency_s,5.385587
1757024116.088,latency_s,5.367345
1757024116.088,latency_s,5.364007
1757024116.088,latency_s,5.364016
1757024116.088,latency_s,5.341408
1757024116.088,latency_s,5.334040
1757024116.088,latency_s,5.323645
1757024116.088,latency_s,5.323632
1757024116.088,latency_s,5.322247
1757024116.088,latency_s,5.310342
1757024116.088,latency_s,5.310447
1757024116.088,latency_s,5.298090
1757024116.088,latency_s,5.295280
1757024116.088,latency_s,5.295311
1757024116.091,latency_s,5.297668
1757024116.182,latency_s,5.384786
1757024116.182,latency_s,5.383100
1757024116.182,latency_s,5.379256
1757024116.183,latency_s,5.361653
1757024116.183,latency_s,5.357735
1757024116.183,latency_s,5.357726
1757024116.183,latency_s,5.334632
1757024116.183,latency_s,5.328710
1757024116.183,latency_s,5.318508
1757024116.186,latency_s,5.320775
1757024116.186,latency_s,5.320314
1757024116.186,latency_s,5.308104
1757024116.186,latency_s,5.307108
1757024116.186,latency_s,5.295878
1757024116.277,latency_s,5.382639
1757024116.277,latency_s,5.379755
1757024116.278,latency_s,5.378512
1757024116.278,latency_s,5.374478
1757024116.279,latency_s,5.357360
1757024116.279,latency_s,5.554740
1757024116.279,latency_s,5.452254
1757024116.279,latency_s,5.353203
1757024116.279,latency_s,5.353240
1757024116.279,latency_s,5.329622
1757024116.279,latency_s,5.324218
1757024116.279,latency_s,5.312877
1757024116.279,latency_s,5.312955
1757024116.279,latency_s,5.312750
1757024116.279,latency_s,5.300635
1757024116.279,latency_s,5.298752
1757024116.279,latency_s,5.288287
1757024116.279,latency_s,5.285048
1757024116.372,latency_s,5.377852
1757024116.372,latency_s,5.377676
1757024116.372,latency_s,5.377339
1757024116.372,latency_s,5.374584
1757024116.373,latency_s,5.371644
1757024116.373,latency_s,5.367222
1757024116.373,latency_s,5.445027
1757024116.373,latency_s,5.351069
1757024116.373,latency_s,5.346815
1757024116.373,latency_s,5.346885
1757024116.373,latency_s,5.323258
1757024116.373,latency_s,5.317921
1757024116.373,latency_s,5.306556
1757024116.373,latency_s,5.306321
1757024116.467,latency_s,5.375958
1757024116.467,latency_s,5.372713
1757024116.467,latency_s,5.373312
1757024116.468,latency_s,5.373082
1757024116.468,latency_s,5.372567
1757024116.468,latency_s,5.369530
1757024116.468,latency_s,5.366546
1757024116.468,latency_s,5.362203
1757024116.468,latency_s,5.440233
1757024116.468,latency_s,5.346061
1757024116.468,latency_s,5.340447
1757024116.468,latency_s,5.340462
1757024116.468,latency_s,5.317965
1757024116.468,latency_s,5.313190
1757024116.469,latency_s,5.300385
1757024116.469,latency_s,5.299841
1757024116.469,latency_s,5.299841
1757024116.469,latency_s,5.289313
1757024116.563,latency_s,5.371135
1757024116.563,latency_s,5.367944
1757024116.563,latency_s,5.368000
1757024116.563,latency_s,5.367759
1757024116.563,latency_s,5.366309
1757024116.563,latency_s,5.363938
1757024116.563,latency_s,5.361059
1757024116.563,latency_s,5.357198
1757024116.563,latency_s,5.435088
1757024116.563,latency_s,5.340603
1757024116.563,latency_s,5.334721
1757024116.564,latency_s,5.334772
1757024116.564,latency_s,5.312265
1757024116.564,latency_s,5.307561
1757024116.657,latency_s,5.362210
1757024116.658,latency_s,5.362939
1757024116.658,latency_s,5.363075
1757024116.658,latency_s,5.360650
1757024116.658,latency_s,5.358878
1757024116.658,latency_s,5.354470
1757024116.658,latency_s,5.429475
1757024116.658,latency_s,5.351541
1757024116.658,latency_s,5.334878
1757024116.658,latency_s,5.329005
1757024116.658,latency_s,5.328999
1757024116.658,latency_s,5.305276
1757024116.658,latency_s,5.301996
1757024116.752,latency_s,5.382475
1757024116.753,latency_s,5.382406
1757024116.753,latency_s,5.382080
1757024116.753,latency_s,5.372452
1757024116.753,latency_s,5.359063
1757024116.753,latency_s,5.357237
1757024116.753,latency_s,5.357380
1757024116.754,latency_s,5.354912
1757024116.754,latency_s,5.424272
1757024116.754,latency_s,5.354006
1757024116.754,latency_s,5.348466
1757024116.754,latency_s,5.346308
1757024116.754,latency_s,5.329145
1757024116.754,latency_s,5.323726
1757024116.754,latency_s,5.323561
1757024116.754,latency_s,5.298736
1757024116.754,latency_s,5.297136
1757024116.754,latency_s,5.283282
1757024116.754,latency_s,5.282670
1757024116.848,latency_s,5.353372
1757024116.848,latency_s,5.418060
1757024116.848,latency_s,5.351067
1757024116.848,latency_s,5.351102
1757024116.848,latency_s,5.351087
1757024116.848,latency_s,5.348550
1757024116.848,latency_s,5.348558
1757024116.848,latency_s,5.341907
1757024116.848,latency_s,5.340763
1757024116.848,latency_s,5.323636
1757024116.848,latency_s,5.316735
1757024116.848,latency_s,5.315862
1757024116.849,latency_s,5.292794
1757024116.943,latency_s,5.412087
1757024116.943,latency_s,5.348029
1757024116.943,latency_s,5.345182
1757024116.944,latency_s,5.345777
1757024116.944,latency_s,5.345755
1757024116.944,latency_s,5.343828
1757024116.944,latency_s,5.343547
1757024116.944,latency_s,5.336212
1757024116.944,latency_s,5.335888
1757024116.944,latency_s,5.318849
1757024116.944,latency_s,5.311036
1757024116.944,latency_s,5.311128
1757024116.944,latency_s,5.288213
1757024116.944,latency_s,5.286412
1757024117.039,latency_s,5.367337
1757024117.039,latency_s,5.367162
1757024117.040,latency_s,5.366177
1757024117.040,latency_s,5.454140
1757024117.040,latency_s,5.358231
1757024117.040,latency_s,5.409126
1757024117.040,latency_s,5.344748
1757024117.040,latency_s,5.341619
1757024117.040,latency_s,5.341680
1757024117.040,latency_s,5.341750
1757024117.040,latency_s,5.340071
1757024117.040,latency_s,5.339812
1757024117.040,latency_s,5.332302
1757024117.040,latency_s,5.331668
1757024117.040,latency_s,5.315212
1757024117.041,latency_s,5.306818
1757024117.041,latency_s,5.306956
1757024117.041,latency_s,5.283612
1757024117.134,latency_s,5.402766
1757024117.135,latency_s,5.352314
1757024117.136,latency_s,5.340207
1757024117.136,latency_s,5.337159
1757024117.136,latency_s,5.337234
1757024117.136,latency_s,5.335898
1757024117.136,latency_s,5.335573
1757024117.136,latency_s,5.334020
1757024117.136,latency_s,5.327840
1757024117.136,latency_s,5.327197
1757024117.136,latency_s,5.310442
1757024117.136,latency_s,5.301957
1757024117.136,latency_s,5.301965
1757024117.136,latency_s,5.278473
1757024117.230,latency_s,5.397652
1757024117.230,latency_s,5.351445
1757024117.230,latency_s,5.347041
1757024117.230,latency_s,5.333759
1757024117.230,latency_s,5.330882
1757024117.230,latency_s,5.330488
1757024117.230,latency_s,5.328951
1757024117.230,latency_s,5.328991
1757024117.230,latency_s,5.327909
1757024117.230,latency_s,5.321747
1757024117.230,latency_s,5.320715
1757024117.230,latency_s,5.304138
1757024117.230,latency_s,5.294677
1757024117.230,latency_s,5.294799
1757024117.231,latency_s,5.272284
1757024117.231,latency_s,5.341956
1757024117.231,latency_s,5.271518
1757024117.231,latency_s,5.298537
1757024117.325,latency_s,5.351071
1757024117.325,latency_s,5.348526
1757024117.325,latency_s,5.346595
1757024117.325,latency_s,5.342438
1757024117.326,latency_s,5.328643
1757024117.326,latency_s,5.325739
1757024117.326,latency_s,5.325573
1757024117.326,latency_s,5.323843
1757024117.326,latency_s,5.323862
1757024117.326,latency_s,5.322885
1757024117.326,latency_s,5.316556
1757024117.326,latency_s,5.315450
1757024117.326,latency_s,5.299392
1757024117.326,latency_s,5.289222
1757024117.422,latency_s,5.388833
1757024117.422,latency_s,5.347517
1757024117.422,latency_s,5.344623
1757024117.422,latency_s,5.341234
1757024117.422,latency_s,5.338251
1757024117.422,latency_s,5.324674
1757024117.422,latency_s,5.321615
1757024117.422,latency_s,5.321450
1757024117.422,latency_s,5.319895
1757024117.422,latency_s,5.319286
1757024117.422,latency_s,5.312974
1757024117.422,latency_s,5.311608
1757024117.422,latency_s,5.295431
1757024117.422,latency_s,5.286202
1757024117.423,latency_s,5.285574
1757024117.423,latency_s,5.330000
1757024117.423,latency_s,5.289620
1757024117.516,latency_s,5.354310
1757024117.518,latency_s,5.342034
1757024117.518,latency_s,5.340202
1757024117.518,latency_s,5.336316
1757024117.518,latency_s,5.333939
1757024117.518,latency_s,5.320393
1757024117.518,latency_s,5.317575
1757024117.518,latency_s,5.317277
1757024117.518,latency_s,5.314308
1757024117.518,latency_s,5.313762
1757024117.518,latency_s,5.308362
1757024117.518,latency_s,5.306542
1757024117.518,latency_s,5.290772
1757024117.518,latency_s,5.281475
1757024117.519,latency_s,5.279489
1757024117.612,latency_s,5.378405
1757024117.613,latency_s,5.350434
1757024117.613,latency_s,5.350553
1757024117.614,latency_s,5.337008
1757024117.614,latency_s,5.335651
1757024117.614,latency_s,5.331677
1757024117.614,latency_s,5.329899
1757024117.614,latency_s,5.316115
1757024117.614,latency_s,5.511961
1757024117.614,latency_s,5.410112
1757024117.614,latency_s,5.313265
1757024117.614,latency_s,5.312940
1757024117.615,latency_s,5.310252
1757024117.615,latency_s,5.309620
1757024117.615,latency_s,5.303972
1757024117.615,latency_s,5.302084
1757024117.615,latency_s,5.286273
1757024117.708,latency_s,5.369262
1757024117.708,latency_s,5.368433
1757024117.708,latency_s,5.414153
1757024117.708,latency_s,5.373975
1757024117.708,latency_s,5.344925
1757024117.708,latency_s,5.344781
1757024117.708,latency_s,5.330698
1757024117.708,latency_s,5.329612
1757024117.708,latency_s,5.324369
1757024117.708,latency_s,5.323778
1757024117.708,latency_s,5.403759
1757024117.709,latency_s,5.310132
1757024117.709,latency_s,5.306654
1757024117.709,latency_s,5.307039
1757024117.709,latency_s,5.304132
1757024117.804,latency_s,5.390524
1757024117.804,latency_s,5.375612
1757024117.804,latency_s,5.409655
1757024117.804,latency_s,5.365277
1757024117.804,latency_s,5.364507
1757024117.804,latency_s,5.369625
1757024117.804,latency_s,5.340501
1757024117.805,latency_s,5.340423
1757024117.805,latency_s,5.325700
1757024117.805,latency_s,5.326380
1757024117.805,latency_s,5.320013
1757024117.805,latency_s,5.319781
1757024117.805,latency_s,5.399762
1757024117.805,latency_s,5.305150
1757024117.805,latency_s,5.302838
1757024117.805,latency_s,5.301890
1757024117.843,latency_s,5.337835
1757024117.898,latency_s,5.385042
1757024117.899,latency_s,5.369607
1757024117.900,latency_s,5.404245
1757024117.900,latency_s,5.359998
1757024117.900,latency_s,5.359870
1757024117.900,latency_s,5.365004
1757024117.900,latency_s,5.335409
1757024117.900,latency_s,5.335325
1757024117.901,latency_s,5.320434
1757024117.901,latency_s,5.320241
1757024117.901,latency_s,5.315822
1757024117.901,latency_s,5.315581
1757024117.901,latency_s,5.395241
1757024117.901,latency_s,5.300645
1757024117.901,latency_s,5.298177
1757024117.993,latency_s,5.380294
1757024117.994,latency_s,5.380157
1757024117.994,latency_s,5.396208
1757024117.994,latency_s,5.364475
1757024117.994,latency_s,5.358586
1757024117.994,latency_s,5.353320
1757024117.994,latency_s,5.353138
1757024117.994,latency_s,5.328468
1757024117.994,latency_s,5.328636
1757024117.995,latency_s,5.313986
1757024117.995,latency_s,5.314017
1757024117.995,latency_s,5.388867
1757024117.995,latency_s,5.309233
1757024117.995,latency_s,5.309286
1757024117.995,latency_s,5.294097
1757024117.995,latency_s,5.291811
1757024117.995,latency_s,5.290836
1757024118.089,latency_s,5.382728
1757024118.089,latency_s,5.382726
1757024118.089,latency_s,5.375854
1757024118.089,latency_s,5.374572
1757024118.089,latency_s,5.390660
1757024118.090,latency_s,5.359700
1757024118.090,latency_s,5.353383
1757024118.090,latency_s,5.346975
1757024118.090,latency_s,5.346887
1757024118.090,latency_s,5.322970
1757024118.090,latency_s,5.323261
1757024118.090,latency_s,5.383595
1757024118.090,latency_s,5.308999
1757024118.090,latency_s,5.308689
1757024118.090,latency_s,5.303840
1757024118.186,latency_s,5.384475
1757024118.186,latency_s,5.382553
1757024118.186,latency_s,5.381198
1757024118.186,latency_s,5.379273
1757024118.186,latency_s,5.379259
1757024118.186,latency_s,5.372557
1757024118.186,latency_s,5.371223
1757024118.186,latency_s,5.386835
1757024118.186,latency_s,5.356075
1757024118.186,latency_s,5.349671
1757024118.186,latency_s,5.343679
1757024118.187,latency_s,5.343558
1757024118.187,latency_s,5.318616
1757024118.187,latency_s,5.317671
1757024118.187,latency_s,5.379910
1757024118.187,latency_s,5.305580
1757024118.187,latency_s,5.305092
1757024118.281,latency_s,5.378685
1757024118.281,latency_s,5.376914
1757024118.281,latency_s,5.375270
1757024118.281,latency_s,5.374400
1757024118.281,latency_s,5.374235
1757024118.281,latency_s,5.367108
1757024118.281,latency_s,5.381631
1757024118.281,latency_s,5.365186
1757024118.281,latency_s,5.350471
1757024118.282,latency_s,5.344521
1757024118.282,latency_s,5.338191
1757024118.282,latency_s,5.338283
1757024118.282,latency_s,5.310957
1757024118.282,latency_s,5.299881
1757024118.282,latency_s,5.298944
1757024118.376,latency_s,5.369274
1757024118.377,latency_s,5.369532
1757024118.377,latency_s,5.369128
1757024118.377,latency_s,5.371658
1757024118.377,latency_s,5.361846
1757024118.377,latency_s,5.360004
1757024118.377,latency_s,5.345720
1757024118.377,latency_s,5.339369
1757024118.377,latency_s,5.332896
1757024118.377,latency_s,5.333014
1757024118.377,latency_s,5.302823
1757024118.377,latency_s,5.295032
1757024118.377,latency_s,5.294062
1757024118.377,latency_s,5.289757
1757024118.377,latency_s,5.287798
1757024118.377,latency_s,5.272092
1757024118.377,latency_s,5.271964
1757024118.471,latency_s,5.363403
1757024118.471,latency_s,5.362980
1757024118.471,latency_s,5.355194
1757024118.471,latency_s,5.353529
1757024118.471,latency_s,5.339674
1757024118.471,latency_s,5.333360
1757024118.472,latency_s,5.326481
1757024118.472,latency_s,5.325012
1757024118.472,latency_s,5.503475
1757024118.472,latency_s,5.402974
1757024118.472,latency_s,5.302433
1757024118.472,latency_s,5.297206
1757024118.472,latency_s,5.289121
1757024118.472,latency_s,5.288149
1757024118.472,latency_s,5.283817
1757024118.566,latency_s,5.358292
1757024118.567,latency_s,5.359290
1757024118.567,latency_s,5.358886
1757024118.567,latency_s,5.350564
1757024118.567,latency_s,5.348303
1757024118.567,latency_s,5.660385
1757024118.567,latency_s,5.559906
1757024118.568,latency_s,5.459626
1757024118.568,latency_s,5.359407
1757024118.568,latency_s,5.335209
1757024118.568,latency_s,5.329345
1757024118.568,latency_s,5.321957
1757024118.568,latency_s,5.320025
1757024118.568,latency_s,5.298126
1757024118.568,latency_s,5.292658
1757024118.568,latency_s,5.284638
1757024118.568,latency_s,5.283649
1757024118.662,latency_s,5.371938
1757024118.662,latency_s,5.356354
1757024118.662,latency_s,5.356292
1757024118.662,latency_s,5.354520
1757024118.662,latency_s,5.354626
1757024118.663,latency_s,5.354500
1757024118.663,latency_s,5.354040
1757024118.663,latency_s,5.345775
1757024118.663,latency_s,5.342431
1757024118.663,latency_s,5.354356
1757024118.663,latency_s,5.329717
1757024118.663,latency_s,5.323869
1757024118.663,latency_s,5.316498
1757024118.663,latency_s,5.314291
1757024118.663,latency_s,5.292898
1757024118.758,latency_s,5.366899
1757024118.758,latency_s,5.351916
1757024118.758,latency_s,5.351765
1757024118.758,latency_s,5.350063
1757024118.759,latency_s,5.350049
1757024118.759,latency_s,5.349842
1757024118.759,latency_s,5.350048
1757024118.759,latency_s,5.340994
1757024118.759,latency_s,5.338091
1757024118.759,latency_s,5.325711
1757024118.759,latency_s,5.319415
1757024118.759,latency_s,5.312045
1757024118.759,latency_s,5.309939
1757024118.759,latency_s,5.350302
1757024118.759,latency_s,5.287447
1757024118.759,latency_s,5.282509
1757024118.759,latency_s,5.275823
1757024118.853,latency_s,5.367624
1757024118.854,latency_s,5.364844
1757024118.854,latency_s,5.362702
1757024118.854,latency_s,5.346463
1757024118.854,latency_s,5.346527
1757024118.854,latency_s,5.345029
1757024118.854,latency_s,5.344899
1757024118.854,latency_s,5.345151
1757024118.854,latency_s,5.344676
1757024118.854,latency_s,5.334933
1757024118.854,latency_s,5.332064
1757024118.854,latency_s,5.320792
1757024118.855,latency_s,5.314407
1757024118.855,latency_s,5.306472
1757024118.855,latency_s,5.303095
1757024118.949,latency_s,5.364825
1757024118.949,latency_s,5.361082
1757024118.949,latency_s,5.359460
1757024118.949,latency_s,5.356848
1757024118.949,latency_s,5.340808
1757024118.949,latency_s,5.341095
1757024118.949,latency_s,5.339962
1757024118.950,latency_s,5.340019
1757024118.950,latency_s,5.339689
1757024118.950,latency_s,5.339723
1757024118.950,latency_s,5.329859
1757024118.950,latency_s,5.326454
1757024118.950,latency_s,5.315337
1757024118.950,latency_s,5.309443
1757024118.950,latency_s,5.301103
1757024118.950,latency_s,5.340190
1757024118.950,latency_s,5.298135
1757024119.044,latency_s,5.358865
1757024119.044,latency_s,5.355699
1757024119.044,latency_s,5.354166
1757024119.044,latency_s,5.350269
1757024119.044,latency_s,5.335480
1757024119.044,latency_s,5.335469
1757024119.044,latency_s,5.334538
1757024119.044,latency_s,5.334617
1757024119.044,latency_s,5.334409
1757024119.044,latency_s,5.334145
1757024119.045,latency_s,5.323969
1757024119.045,latency_s,5.317812
1757024119.045,latency_s,5.309937
1757024119.045,latency_s,5.303745
1757024119.045,latency_s,5.334630
1757024119.140,latency_s,5.387487
1757024119.140,latency_s,5.365894
1757024119.140,latency_s,5.361399
1757024119.140,latency_s,5.353692
1757024119.140,latency_s,5.350894
1757024119.140,latency_s,5.349325
1757024119.140,latency_s,5.345433
1757024119.140,latency_s,5.330579
1757024119.140,latency_s,5.329706
1757024119.140,latency_s,5.329174
1757024119.140,latency_s,5.329303
1757024119.140,latency_s,5.329329
1757024119.140,latency_s,5.329316
1757024119.140,latency_s,5.319295
1757024119.140,latency_s,5.313402
1757024119.140,latency_s,5.305279
1757024119.140,latency_s,5.329768
1757024119.235,latency_s,5.382560
1757024119.235,latency_s,5.360852
1757024119.235,latency_s,5.355056
1757024119.236,latency_s,5.348696
1757024119.236,latency_s,5.346263
1757024119.236,latency_s,5.344689
1757024119.236,latency_s,5.340363
1757024119.236,latency_s,5.326021
1757024119.236,latency_s,5.325042
1757024119.236,latency_s,5.324656
1757024119.236,latency_s,5.324579
1757024119.236,latency_s,5.324553
1757024119.236,latency_s,5.324805
1757024119.236,latency_s,5.312512
1757024119.236,latency_s,5.307681
1757024119.330,latency_s,5.379041
1757024119.330,latency_s,5.377314
1757024119.331,latency_s,5.354805
1757024119.331,latency_s,5.350094
1757024119.331,latency_s,5.343244
1757024119.331,latency_s,5.340759
1757024119.331,latency_s,5.339351
1757024119.331,latency_s,5.335020
1757024119.331,latency_s,5.320773
1757024119.331,latency_s,5.319849
1757024119.331,latency_s,5.319570
1757024119.331,latency_s,5.319593
1757024119.331,latency_s,5.319341
1757024119.331,latency_s,5.319420
1757024119.331,latency_s,5.306626
1757024119.331,latency_s,5.319924
1757024119.331,latency_s,5.301715
1757024119.426,latency_s,5.390127
1757024119.426,latency_s,5.383937
1757024119.426,latency_s,5.374515
1757024119.426,latency_s,5.372711
1757024119.426,latency_s,5.349738
1757024119.426,latency_s,5.343887
1757024119.426,latency_s,5.338614
1757024119.426,latency_s,5.335065
1757024119.426,latency_s,5.334764
1757024119.426,latency_s,5.328492
1757024119.427,latency_s,5.315687
1757024119.427,latency_s,5.314739
1757024119.427,latency_s,5.314471
1757024119.427,latency_s,5.314104
1757024119.427,latency_s,5.314757
1757024119.522,latency_s,5.408795
1757024119.522,latency_s,5.410032
1757024119.522,latency_s,5.396436
1757024119.522,latency_s,5.390230
1757024119.522,latency_s,5.385665
1757024119.522,latency_s,5.379317
1757024119.522,latency_s,5.370018
1757024119.522,latency_s,5.368085
1757024119.522,latency_s,5.344471
1757024119.522,latency_s,5.339022
1757024119.522,latency_s,5.334193
1757024119.522,latency_s,5.330896
1757024119.522,latency_s,5.329782
1757024119.522,latency_s,5.323935
1757024119.523,latency_s,5.311527
1757024119.523,latency_s,5.310500
1757024119.523,latency_s,5.310071
1757024119.617,latency_s,5.404070
1757024119.617,latency_s,5.403740
1757024119.617,latency_s,5.404246
1757024119.617,latency_s,5.404977
1757024119.617,latency_s,5.391308
1757024119.617,latency_s,5.384747
1757024119.618,latency_s,5.380785
1757024119.618,latency_s,5.374841
1757024119.618,latency_s,5.365353
1757024119.618,latency_s,5.362114
1757024119.618,latency_s,5.339299
1757024119.618,latency_s,5.334433
1757024119.618,latency_s,5.329160
1757024119.618,latency_s,5.326552
1757024119.618,latency_s,5.325565
1757024119.713,latency_s,5.399894
1757024119.714,latency_s,5.399831
1757024119.714,latency_s,5.401014
1757024119.714,latency_s,5.387542
1757024119.714,latency_s,5.380428
1757024119.714,latency_s,5.376471
1757024119.714,latency_s,5.370646
1757024119.714,latency_s,5.361221
1757024119.714,latency_s,5.357416
1757024119.714,latency_s,5.334763
1757024119.714,latency_s,5.329293
1757024119.714,latency_s,5.323886
1757024119.714,latency_s,5.321973
1757024119.715,latency_s,5.321060
1757024119.715,latency_s,5.313695
1757024119.715,latency_s,5.302613
1757024119.715,latency_s,5.301343
1757024119.809,latency_s,5.394937
1757024119.809,latency_s,5.395295
1757024119.809,latency_s,5.394360
1757024119.809,latency_s,5.394460
1757024119.810,latency_s,5.383072
1757024119.810,latency_s,5.376105
1757024119.810,latency_s,5.372416
1757024119.811,latency_s,5.366295
1757024119.811,latency_s,5.356976
1757024119.811,latency_s,5.353048
1757024119.811,latency_s,5.330433
1757024119.811,latency_s,5.324421
1757024119.811,latency_s,5.319895
1757024119.811,latency_s,5.317654
1757024119.811,latency_s,5.317253
1757024119.903,latency_s,5.389546
1757024119.904,latency_s,5.388698
1757024119.904,latency_s,5.388776
1757024119.904,latency_s,5.376588
1757024119.904,latency_s,5.368218
1757024119.904,latency_s,5.365341
1757024119.904,latency_s,5.358923
1757024119.904,latency_s,5.348782
1757024119.904,latency_s,5.345914
1757024119.904,latency_s,5.322668
1757024119.904,latency_s,5.316856
1757024119.905,latency_s,5.313573
1757024119.905,latency_s,5.310727
1757024119.905,latency_s,5.310737
1757024119.905,latency_s,5.303203
1757024119.905,latency_s,5.292222
1757024119.905,latency_s,5.291285
1757024120.004,latency_s,5.389748
1757024120.004,latency_s,5.388661
1757024120.004,latency_s,5.389388
1757024120.004,latency_s,5.390224
1757024120.005,latency_s,5.388163
1757024120.005,latency_s,5.375833
1757024120.005,latency_s,5.368881
1757024120.101,latency_s,5.455494
1757024120.101,latency_s,5.445547
1757024120.101,latency_s,5.442151
1757024120.101,latency_s,5.418788
1757024120.101,latency_s,5.413927
1757024120.101,latency_s,5.409410
1757024120.102,latency_s,5.406665
1757024120.102,latency_s,5.406646
1757024120.102,latency_s,5.386354
1757024120.102,latency_s,5.386023
1757024120.102,latency_s,5.385832
1757024120.102,latency_s,5.385304
1757024120.198,latency_s,5.480946
1757024120.198,latency_s,5.468818
1757024120.198,latency_s,5.461341
1757024120.198,latency_s,5.452268
1757024120.198,latency_s,5.441973
1757024120.198,latency_s,5.437967
1757024120.198,latency_s,5.407982
1757024120.198,latency_s,5.405807
1757024120.198,latency_s,5.402694
1757024120.198,latency_s,5.402683
1757024120.198,latency_s,5.394317
1757024120.198,latency_s,5.384022
1757024120.198,latency_s,5.383419
1757024120.198,latency_s,5.382472
1757024120.198,latency_s,5.381585
1757024120.198,latency_s,5.382266
1757024120.198,latency_s,5.381426
1757024120.198,latency_s,5.368790
1757024120.198,latency_s,5.559400
1757024120.199,latency_s,5.361958
1757024120.293,latency_s,5.376573
1757024120.293,latency_s,5.376657
1757024120.293,latency_s,5.376262
1757024120.293,latency_s,5.375990
1757024120.293,latency_s,5.363209
1757024120.293,latency_s,5.453515
1757024120.293,latency_s,5.346849
1757024120.293,latency_s,5.335736
1757024120.294,latency_s,5.328355
1757024120.294,latency_s,5.510877
1757024120.294,latency_s,5.409741
1757024120.295,latency_s,5.308132
1757024120.295,latency_s,5.303629
1757024120.295,latency_s,5.301502
1757024120.295,latency_s,5.298642
1757024120.295,latency_s,5.298715
1757024120.295,latency_s,5.286503
1757024120.295,latency_s,5.279202
1757024120.295,latency_s,5.278240
1757024120.389,latency_s,5.371813
1757024120.389,latency_s,5.371881
1757024120.389,latency_s,5.371845
1757024120.389,latency_s,5.372073
1757024120.389,latency_s,5.371508
1757024120.389,latency_s,5.448672
1757024120.389,latency_s,5.358908
1757024120.389,latency_s,5.342179
1757024120.390,latency_s,5.331669
1757024120.391,latency_s,5.324824
1757024120.391,latency_s,5.303157
1757024120.391,latency_s,5.299098
1757024120.391,latency_s,5.296781
1757024120.391,latency_s,5.293884
1757024120.391,latency_s,5.293557
1757024120.391,latency_s,5.281677
1757024120.391,latency_s,5.274296
1757024120.391,latency_s,5.273740
1757024120.391,latency_s,5.273764
1757024120.391,latency_s,5.273507
1757024120.391,latency_s,5.273503
1757024120.487,latency_s,5.368741
1757024120.487,latency_s,5.369701
1757024120.487,latency_s,5.446556
1757024120.487,latency_s,5.356576
1757024120.487,latency_s,5.550351
1757024120.487,latency_s,5.449859
1757024120.488,latency_s,5.349318
1757024120.488,latency_s,5.339952
1757024120.488,latency_s,5.328586
1757024120.488,latency_s,5.319325
1757024120.488,latency_s,5.299389
1757024120.488,latency_s,5.294654
1757024120.488,latency_s,5.292605
1757024120.488,latency_s,5.290342
1757024120.488,latency_s,5.289405
1757024120.488,latency_s,5.278134
1757024120.488,latency_s,5.271205
1757024120.488,latency_s,5.270145
1757024120.583,latency_s,5.364902
1757024120.584,latency_s,5.365662
1757024120.678,latency_s,5.459572
1757024120.678,latency_s,5.459402
1757024120.678,latency_s,5.536661
1757024120.678,latency_s,5.459478
1757024120.678,latency_s,5.446455
1757024120.678,latency_s,5.439081
1757024120.678,latency_s,5.430179
1757024120.678,latency_s,5.417458
1757024120.678,latency_s,5.405090
1757024120.678,latency_s,5.389315
1757024120.678,latency_s,5.384454
1757024120.678,latency_s,5.382526
1757024120.681,latency_s,5.383522
1757024120.681,latency_s,5.382557
1757024120.681,latency_s,5.369856
1757024120.681,latency_s,5.439511
1757024120.681,latency_s,5.364076
1757024120.681,latency_s,5.363130
1757024120.681,latency_s,5.363054
1757024120.681,latency_s,5.363109
1757024120.682,latency_s,5.363246
1757024120.682,latency_s,5.362714
1757024120.682,latency_s,5.363005
1757024120.682,latency_s,5.349663
1757024120.682,latency_s,5.333597
1757024120.682,latency_s,5.321380
1757024120.682,latency_s,5.343381
1757024120.682,latency_s,5.304975
1757024120.682,latency_s,5.293433
1757024120.683,latency_s,5.288290
1757024120.773,latency_s,5.373498
1757024120.773,latency_s,5.430490
1757024120.777,latency_s,5.364939
1757024120.777,latency_s,5.359056
1757024120.777,latency_s,5.358122
1757024120.777,latency_s,5.358072
1757024120.777,latency_s,5.357537
1757024120.778,latency_s,5.357945
1757024120.778,latency_s,5.358052
1757024120.778,latency_s,5.358193
1757024120.778,latency_s,5.344595
1757024120.778,latency_s,5.328856
1757024120.778,latency_s,5.316531
1757024120.778,latency_s,5.338423
1757024120.868,latency_s,5.388721
1757024120.868,latency_s,5.378594
1757024120.868,latency_s,5.373436
1757024120.868,latency_s,5.371629
1757024120.868,latency_s,5.369357
1757024120.868,latency_s,5.368739
1757024120.868,latency_s,5.425572
1757024120.875,latency_s,5.362313
1757024120.875,latency_s,5.356558
1757024120.875,latency_s,5.355479
1757024120.875,latency_s,5.355439
1757024120.875,latency_s,5.355250
1757024120.875,latency_s,5.355180
1757024120.875,latency_s,5.354729
1757024120.875,latency_s,5.354656
1757024120.875,latency_s,5.341603
1757024120.875,latency_s,5.325827
1757024120.875,latency_s,5.313747
1757024120.876,latency_s,5.335291
1757024120.876,latency_s,5.294791
1757024120.971,latency_s,5.371267
1757024120.971,latency_s,5.356374
1757024120.971,latency_s,5.352560
1757024120.971,latency_s,5.351461
1757024120.971,latency_s,5.351257
1757024120.971,latency_s,5.351067
1757024120.971,latency_s,5.350871
1757024120.971,latency_s,5.350168
1757024120.972,latency_s,5.350018
1757024120.972,latency_s,5.337124
1757024120.972,latency_s,5.321857
1757024120.972,latency_s,5.309529
1757024120.972,latency_s,5.331303
1757024120.972,latency_s,5.289825
1757024120.972,latency_s,5.281693
1757024121.066,latency_s,5.370011
1757024121.066,latency_s,5.367162
1757024121.066,latency_s,5.366631
1757024121.066,latency_s,5.365306
1757024121.068,latency_s,5.352269
1757024121.068,latency_s,5.348844
1757024121.068,latency_s,5.347540
1757024121.068,latency_s,5.347384
1757024121.068,latency_s,5.347080
1757024121.068,latency_s,5.347104
1757024121.068,latency_s,5.346275
1757024121.068,latency_s,5.346032
1757024121.068,latency_s,5.333383
1757024121.068,latency_s,5.317654
1757024121.068,latency_s,5.327091
1757024121.068,latency_s,5.305371
1757024121.068,latency_s,5.282325
1757024121.161,latency_s,5.341839
1757024121.161,latency_s,5.340408
1757024121.161,latency_s,5.340182
1757024121.161,latency_s,5.340145
1757024121.162,latency_s,5.339561
1757024121.162,latency_s,5.340151
1757024121.162,latency_s,5.338738
1757024121.162,latency_s,5.326576
1757024121.162,latency_s,5.618611
1757024121.162,latency_s,5.518491
1757024121.162,latency_s,5.417920
1757024121.162,latency_s,5.311222
1757024121.162,latency_s,5.320354
1757024121.162,latency_s,5.298795
1757024121.162,latency_s,5.269669
1757024121.257,latency_s,5.357095
1757024121.257,latency_s,5.354835
1757024121.352,latency_s,5.434978
1757024121.352,latency_s,5.433006
1757024121.353,latency_s,5.431486
1757024121.353,latency_s,5.431025
1757024121.353,latency_s,5.431191
1757024121.353,latency_s,5.430971
1757024121.353,latency_s,5.430279
1757024121.353,latency_s,5.429337
1757024121.353,latency_s,5.417253
1757024121.353,latency_s,5.508622
1757024121.353,latency_s,5.411475
1757024121.353,latency_s,5.402118
1757024121.354,latency_s,5.389513
1757024121.354,latency_s,5.360837
1757024121.354,latency_s,5.360584
1757024121.354,latency_s,5.353769
1757024121.354,latency_s,5.353782
1757024121.354,latency_s,5.350823
1757024121.354,latency_s,5.336176
1757024121.354,latency_s,5.334399
1757024121.354,latency_s,5.332487
1757024121.354,latency_s,5.332259
1757024121.354,latency_s,5.332241
1757024121.354,latency_s,5.332259
1757024121.354,latency_s,5.331573
1757024121.354,latency_s,5.330611
1757024121.354,latency_s,5.317872
1757024121.354,latency_s,5.312092
1757024121.354,latency_s,5.301759
1757024121.354,latency_s,5.289425
1757024121.448,latency_s,5.402244
1757024121.448,latency_s,5.354735
1757024121.449,latency_s,5.355807
1757024121.449,latency_s,5.352098
1757024121.449,latency_s,5.348675
1757024121.449,latency_s,5.348723
1757024121.449,latency_s,5.345598
1757024121.449,latency_s,5.331409
1757024121.449,latency_s,5.329527
1757024121.449,latency_s,5.327116
1757024121.450,latency_s,5.327307
1757024121.544,latency_s,5.421359
1757024121.544,latency_s,5.421526
1757024121.544,latency_s,5.421066
1757024121.544,latency_s,5.420308
1757024121.544,latency_s,5.406576
1757024121.544,latency_s,5.401387
1757024121.544,latency_s,5.391068
1757024121.544,latency_s,5.378736
1757024121.544,latency_s,5.397595
1757024121.545,latency_s,5.350682
1757024121.545,latency_s,5.350739
1757024121.545,latency_s,5.347334
1757024121.545,latency_s,5.344576
1757024121.545,latency_s,5.344573
1757024121.545,latency_s,5.341199
1757024121.545,latency_s,5.326952
1757024121.545,latency_s,5.325023
1757024121.545,latency_s,5.321609
1757024121.546,latency_s,5.321348
1757024121.546,latency_s,5.321555
1757024121.546,latency_s,5.321900
1757024121.546,latency_s,5.321710
1757024121.546,latency_s,5.321360
1757024121.640,latency_s,5.392287
1757024121.640,latency_s,5.373685
1757024121.640,latency_s,5.346352
1757024121.641,latency_s,5.346087
1757024121.641,latency_s,5.342199
1757024121.641,latency_s,5.339832
1757024121.641,latency_s,5.339516
1757024121.641,latency_s,5.336243
1757024121.641,latency_s,5.321841
1757024121.641,latency_s,5.320140
1757024121.641,latency_s,5.317174
1757024121.641,latency_s,5.316535
1757024121.736,latency_s,5.411469
1757024121.738,latency_s,5.412984
1757024121.738,latency_s,5.412591
1757024121.738,latency_s,5.412758
1757024121.738,latency_s,5.398972
1757024121.738,latency_s,5.394043
1757024121.738,latency_s,5.383853
1757024121.738,latency_s,5.389827
1757024121.738,latency_s,5.370526
1757024121.738,latency_s,5.343491
1757024121.738,latency_s,5.343417
1757024121.738,latency_s,5.339094
1757024121.738,latency_s,5.337160
1757024121.738,latency_s,5.336648
1757024121.738,latency_s,5.333107
1757024121.738,latency_s,5.317076
1757024121.738,latency_s,5.317059
1757024121.738,latency_s,5.313654
1757024121.738,latency_s,5.313414
1757024121.739,latency_s,5.313015
1757024121.739,latency_s,5.312999
1757024121.739,latency_s,5.313068
1757024121.739,latency_s,5.313029
1757024121.739,latency_s,5.299138
1757024121.739,latency_s,5.294512
1757024121.777,latency_s,5.322731
1757024121.778,latency_s,5.329224
1757024121.778,latency_s,5.308532
1757024121.833,latency_s,5.337723
1757024121.834,latency_s,5.338266
1757024121.834,latency_s,5.332619
1757024121.834,latency_s,5.333220
1757024121.834,latency_s,5.331260
1757024121.834,latency_s,5.328340
1757024121.834,latency_s,5.312089
1757024121.834,latency_s,5.312173
1757024121.834,latency_s,5.308760
1757024121.834,latency_s,5.308546
1757024121.834,latency_s,5.308288
1757024121.834,latency_s,5.308176
1757024121.930,latency_s,5.403814
1757024121.930,latency_s,5.403991
1757024121.930,latency_s,5.389266
1757024121.930,latency_s,5.385072
1757024121.930,latency_s,5.381169
1757024121.930,latency_s,5.374801
1757024121.930,latency_s,5.360390
1757024121.930,latency_s,5.334363
1757024121.930,latency_s,5.334371
1757024121.930,latency_s,5.329479
1757024121.931,latency_s,5.329315
1757024121.931,latency_s,5.326901
1757024121.931,latency_s,5.324467
1757024121.931,latency_s,5.308024
1757024121.931,latency_s,5.308167
1757024121.931,latency_s,5.305178
1757024121.931,latency_s,5.305008
1757024121.931,latency_s,5.303910
1757024121.931,latency_s,5.303923
1757024121.931,latency_s,5.304077
1757024122.025,latency_s,5.397388
1757024122.025,latency_s,5.383712
1757024122.025,latency_s,5.379915
1757024122.025,latency_s,5.375813
1757024122.027,latency_s,5.371119
1757024122.027,latency_s,5.356706
1757024122.027,latency_s,5.330362
1757024122.027,latency_s,5.330332
1757024122.027,latency_s,5.325318
1757024122.027,latency_s,5.324466
1757024122.027,latency_s,5.322613
1757024122.027,latency_s,5.320589
1757024122.027,latency_s,5.303879
1757024122.027,latency_s,5.303707
1757024122.027,latency_s,5.301040
1757024122.027,latency_s,5.300707
1757024122.027,latency_s,5.300043
1757024122.027,latency_s,5.300050
1757024122.027,latency_s,5.299643
1757024122.027,latency_s,5.299947
1757024122.120,latency_s,5.378399
1757024122.120,latency_s,5.374310
1757024122.120,latency_s,5.370353
1757024122.120,latency_s,5.364038
1757024122.120,latency_s,5.349916
1757024122.120,latency_s,5.323881
1757024122.121,latency_s,5.323607
1757024122.121,latency_s,5.317488
1757024122.121,latency_s,5.316228
1757024122.121,latency_s,5.315515
1757024122.218,latency_s,5.410505
1757024122.218,latency_s,5.393935
1757024122.218,latency_s,5.393775
1757024122.218,latency_s,5.391088
1757024122.218,latency_s,5.391041
1757024122.218,latency_s,5.390013
1757024122.218,latency_s,5.390148
1757024122.218,latency_s,5.390188
1757024122.218,latency_s,5.390026
1757024122.218,latency_s,5.376026
1757024122.218,latency_s,5.371648
1757024122.218,latency_s,5.367743
1757024122.218,latency_s,5.361373
1757024122.218,latency_s,5.347106
1757024122.218,latency_s,5.320630
1757024122.218,latency_s,5.318827
1757024122.218,latency_s,5.314180
1757024122.218,latency_s,5.313911
1757024122.218,latency_s,5.311886
1757024122.219,latency_s,5.310202
1757024122.219,latency_s,5.294909
1757024122.219,latency_s,5.294673
1757024122.219,latency_s,5.291614
1757024122.219,latency_s,5.291567
1757024122.219,latency_s,5.290517
1757024122.311,latency_s,5.382817
1757024122.311,latency_s,5.382753
1757024122.311,latency_s,5.382813
1757024122.311,latency_s,5.368851
1757024122.311,latency_s,5.364844
1757024122.312,latency_s,5.360578
1757024122.312,latency_s,5.354625
1757024122.314,latency_s,5.342125
1757024122.314,latency_s,5.315433
1757024122.314,latency_s,5.314054
1757024122.314,latency_s,5.309298
1757024122.314,latency_s,5.309314
1757024122.314,latency_s,5.306270
1757024122.314,latency_s,5.304065
1757024122.408,latency_s,5.383510
1757024122.408,latency_s,5.383218
1757024122.408,latency_s,5.380336
1757024122.408,latency_s,5.380125
1757024122.408,latency_s,5.378528
1757024122.408,latency_s,5.378493
1757024122.408,latency_s,5.378608
1757024122.408,latency_s,5.378524
1757024122.408,latency_s,5.364833
1757024122.408,latency_s,5.361002
1757024122.408,latency_s,5.356522
1757024122.409,latency_s,5.351391
1757024122.409,latency_s,5.336479
1757024122.409,latency_s,5.308701
1757024122.409,latency_s,5.309154
1757024122.409,latency_s,5.304413
1757024122.409,latency_s,5.304170
1757024122.409,latency_s,5.300803
1757024122.409,latency_s,5.298788
1757024122.409,latency_s,5.285107
1757024122.409,latency_s,5.284622
1757024122.409,latency_s,5.281307
1757024122.409,latency_s,5.281348
1757024122.409,latency_s,5.279478
1757024122.410,latency_s,5.279383
1757024122.504,latency_s,5.374110
1757024122.504,latency_s,5.374007
1757024122.504,latency_s,5.360884
1757024122.504,latency_s,5.357151
1757024122.504,latency_s,5.351690
1757024122.504,latency_s,5.346276
1757024122.504,latency_s,5.331005
1757024122.504,latency_s,5.303861
1757024122.504,latency_s,5.303674
1757024122.505,latency_s,5.299271
1757024122.545,latency_s,5.338976
1757024122.545,latency_s,5.335993
1757024122.545,latency_s,5.334110
1757024122.545,latency_s,5.320073
1757024122.545,latency_s,5.320045
1757024122.545,latency_s,5.316267
1757024122.545,latency_s,5.316288
1757024122.545,latency_s,5.314666
1757024122.599,latency_s,5.368438
1757024122.600,latency_s,5.368975
1757024122.600,latency_s,5.368747
1757024122.600,latency_s,5.356127
1757024122.600,latency_s,5.351630
1757024122.600,latency_s,5.346861
1757024122.600,latency_s,5.341363
1757024122.600,latency_s,5.326072
1757024122.600,latency_s,5.298635
1757024122.601,latency_s,5.299068
1757024122.601,latency_s,5.294599
1757024122.601,latency_s,5.293955
1757024122.601,latency_s,5.291546
1757024122.601,latency_s,5.289179
1757024122.696,latency_s,5.369905
1757024122.696,latency_s,5.370392
1757024122.696,latency_s,5.367265
1757024122.696,latency_s,5.367051
1757024122.697,latency_s,5.364320
1757024122.697,latency_s,5.364369
1757024122.697,latency_s,5.364203
1757024122.697,latency_s,5.364195
1757024122.697,latency_s,5.352189
1757024122.697,latency_s,5.348098
1757024122.697,latency_s,5.343328
1757024122.697,latency_s,5.336234
1757024122.792,latency_s,5.416828
1757024122.792,latency_s,5.390143
1757024122.792,latency_s,5.390024
1757024122.792,latency_s,5.385831
1757024122.792,latency_s,5.385133
1757024122.792,latency_s,5.382709
1757024122.793,latency_s,5.381154
1757024122.793,latency_s,5.367023
1757024122.793,latency_s,5.366847
1757024122.793,latency_s,5.363658
1757024122.793,latency_s,5.363500
1757024122.793,latency_s,5.360550
1757024122.793,latency_s,5.360398
1757024122.793,latency_s,5.360265
1757024122.793,latency_s,5.360334
1757024122.793,latency_s,5.347768
1757024122.793,latency_s,5.344121
1757024122.793,latency_s,5.339279
1757024122.793,latency_s,5.331836
1757024122.793,latency_s,5.316851
1757024122.886,latency_s,5.374266
1757024122.887,latency_s,5.360330
1757024122.887,latency_s,5.360675
1757024122.887,latency_s,5.357303
1757024122.887,latency_s,5.357038
1757024122.887,latency_s,5.353291
1757024122.887,latency_s,5.353254
1757024122.887,latency_s,5.353251
1757024122.887,latency_s,5.353232
1757024122.888,latency_s,5.341230
1757024122.888,latency_s,5.338229
1757024122.888,latency_s,5.332866
1757024122.889,latency_s,5.324756
1757024122.983,latency_s,5.405463
1757024122.983,latency_s,5.379468
1757024122.983,latency_s,5.379407
1757024122.983,latency_s,5.375520
1757024122.983,latency_s,5.375114
1757024122.983,latency_s,5.372180
1757024122.983,latency_s,5.370252
1757024122.983,latency_s,5.356310
1757024122.983,latency_s,5.356206
1757024122.984,latency_s,5.353364
1757024122.984,latency_s,5.352877
1757024122.984,latency_s,5.349060
1757024122.984,latency_s,5.348979
1757024122.984,latency_s,5.349150
1757024122.985,latency_s,5.349856
1757024122.985,latency_s,5.337759
1757024122.985,latency_s,5.335020
1757024122.985,latency_s,5.329993
1757024122.985,latency_s,5.320276
1757024122.985,latency_s,5.306727
1757024122.985,latency_s,5.280676
1757024122.985,latency_s,5.280803
1757024122.985,latency_s,5.276976
1757024122.985,latency_s,5.276690
1757024122.985,latency_s,5.273112
1757024122.985,latency_s,5.270713
1757024122.985,latency_s,5.257415
1757024122.985,latency_s,5.257579
1757024122.986,latency_s,5.254824
1757024123.079,latency_s,5.347329
1757024123.079,latency_s,5.343079
1757024123.079,latency_s,5.343912
1757024123.080,latency_s,5.344278
1757024123.081,latency_s,5.345303
1757024123.081,latency_s,5.333542
1757024123.081,latency_s,5.330689
1757024123.081,latency_s,5.325225
1757024123.081,latency_s,5.316321
1757024123.081,latency_s,5.301619
1757024123.081,latency_s,5.275796
1757024123.081,latency_s,5.275855
1757024123.081,latency_s,5.273175
1757024123.081,latency_s,5.272722
1757024123.081,latency_s,5.268798
1757024123.081,latency_s,5.265871
1757024123.175,latency_s,5.347082
1757024123.176,latency_s,5.347393
1757024123.176,latency_s,5.344394
1757024123.176,latency_s,5.344060
1757024123.176,latency_s,5.339592
1757024123.176,latency_s,5.339634
1757024123.176,latency_s,5.339831
1757024123.176,latency_s,5.339725
1757024123.176,latency_s,5.328205
1757024123.176,latency_s,5.325123
1757024123.176,latency_s,5.320243
1757024123.176,latency_s,5.310777
1757024123.176,latency_s,5.296031
1757024123.177,latency_s,5.270563
1757024123.177,latency_s,5.270566
1757024123.177,latency_s,5.268217
1757024123.177,latency_s,5.266812
1757024123.177,latency_s,5.263368
1757024123.271,latency_s,5.354609
1757024123.271,latency_s,5.342816
1757024123.271,latency_s,5.342885
1757024123.272,latency_s,5.339529
1757024123.272,latency_s,5.339267
1757024123.272,latency_s,5.334431
1757024123.272,latency_s,5.334323
1757024123.272,latency_s,5.334238
1757024123.272,latency_s,5.334404
1757024123.272,latency_s,5.321604
1757024123.272,latency_s,5.320319
1757024123.272,latency_s,5.315266
1757024123.272,latency_s,5.304954
1757024123.272,latency_s,5.290553
1757024123.462,latency_s,5.451014
1757024123.462,latency_s,5.448234
1757024123.462,latency_s,5.444960
1757024123.462,latency_s,5.433094
1757024123.463,latency_s,5.433319
1757024123.463,latency_s,5.430561
1757024123.463,latency_s,5.430143
1757024123.464,latency_s,5.425923
1757024123.464,latency_s,5.426131
1757024123.464,latency_s,5.425561
1757024123.464,latency_s,5.425181
1757024123.464,latency_s,5.412419
1757024123.464,latency_s,5.411791
1757024123.464,latency_s,5.406422
1757024123.464,latency_s,5.394962
1757024123.464,latency_s,5.380822
1757024123.464,latency_s,5.357177
1757024123.464,latency_s,5.357041
1757024123.464,latency_s,5.352855
1757024123.464,latency_s,5.353132
1757024123.464,latency_s,5.350353
1757024123.464,latency_s,5.345828
1757024123.465,latency_s,5.335179
1757024123.465,latency_s,5.334912
1757024123.465,latency_s,5.332004
1757024123.465,latency_s,5.331599
1757024123.465,latency_s,5.326952
1757024123.465,latency_s,5.326134
1757024123.465,latency_s,5.326813
1757024123.465,latency_s,5.326015
1757024123.465,latency_s,5.312200
1757024123.465,latency_s,5.312282
1757024123.557,latency_s,5.349412
1757024123.560,latency_s,5.352406
1757024123.560,latency_s,5.347982
1757024123.560,latency_s,5.348029
1757024123.560,latency_s,5.345222
1757024123.560,latency_s,5.340294
1757024123.560,latency_s,5.330001
1757024123.560,latency_s,5.329463
1757024123.560,latency_s,5.326750
1757024123.655,latency_s,5.421483
1757024123.655,latency_s,5.416028
1757024123.655,latency_s,5.415905
1757024123.656,latency_s,5.415516
1757024123.656,latency_s,5.415565
1757024123.656,latency_s,5.402159
1757024123.656,latency_s,5.401973
1757024123.656,latency_s,5.397660
1757024123.656,latency_s,5.385555
1757024123.656,latency_s,5.371241
1757024123.777,latency_s,5.469674
1757024123.777,latency_s,5.469807
1757024123.777,latency_s,5.465397
1757024123.777,latency_s,5.465530
1757024123.778,latency_s,5.461889
1757024123.778,latency_s,5.457340
1757024123.778,latency_s,5.447012
1757024123.778,latency_s,5.446907
1757024123.778,latency_s,5.443166
1757024123.778,latency_s,5.443199
1757024123.778,latency_s,5.436577
1757024123.778,latency_s,5.436634
1757024123.778,latency_s,5.436547
1757024123.778,latency_s,5.436423
1757024123.778,latency_s,5.423992
1757024123.778,latency_s,5.419235
1757024123.778,latency_s,5.406922
1757024123.778,latency_s,5.392594
1757024123.778,latency_s,5.369413
1757024123.778,latency_s,5.365876
1757024123.778,latency_s,5.365959
1757024123.778,latency_s,5.365672
1757024123.845,latency_s,5.401542
1757024123.847,latency_s,5.403113
1757024123.847,latency_s,5.392842
1757024123.847,latency_s,5.392664
1757024123.847,latency_s,5.388009
1757024123.847,latency_s,5.373273
1757024123.847,latency_s,5.360998
1757024123.847,latency_s,5.338029
1757024123.847,latency_s,5.333962
1757024123.847,latency_s,5.333917
1757024123.874,latency_s,5.360697
1757024123.875,latency_s,5.358081
1757024123.996,latency_s,5.473541
1757024123.996,latency_s,5.464628
1757024123.996,latency_s,5.463495
1757024123.996,latency_s,5.460530
1757024123.996,latency_s,5.460529
1757024123.996,latency_s,5.454711
1757024123.996,latency_s,5.452326
1757024123.996,latency_s,5.452195
1757024123.996,latency_s,5.451746
1757024123.997,latency_s,5.442087
1757024123.997,latency_s,5.441861
1757024123.997,latency_s,5.437237
1757024123.997,latency_s,5.422380
1757024123.997,latency_s,5.410108
1757024123.997,latency_s,5.387448
1757024123.997,latency_s,5.383466
1757024123.997,latency_s,5.383219
1757024123.997,latency_s,5.383075
1757024123.997,latency_s,5.378945
1757024123.998,latency_s,5.374636
1757024124.039,latency_s,5.406693
1757024124.039,latency_s,5.405868
1757024124.039,latency_s,5.401539
1757024124.039,latency_s,5.401568
1757024124.039,latency_s,5.396672
1757024124.039,latency_s,5.394731
1757024124.039,latency_s,5.393760
1757024124.039,latency_s,5.393732
1757024124.039,latency_s,5.384387
1757024124.039,latency_s,5.384194
1757024124.065,latency_s,5.351655
1757024124.065,latency_s,5.351456
1757024124.092,latency_s,5.378106
1757024124.162,latency_s,5.442589
1757024124.162,latency_s,5.436652
1757024124.162,latency_s,5.429462
1757024124.162,latency_s,5.427518
1757024124.162,latency_s,5.424560
1757024124.162,latency_s,5.424594
1757024124.162,latency_s,5.418306
1757024124.162,latency_s,5.417680
1757024124.162,latency_s,5.416351
1757024124.162,latency_s,5.416384
1757024124.162,latency_s,5.407133
1757024124.162,latency_s,5.407084
1757024124.162,latency_s,5.401739
1757024124.162,latency_s,5.387429
1757024124.162,latency_s,5.352181
1757024124.163,latency_s,5.347991
1757024124.163,latency_s,5.348140
1757024124.188,latency_s,5.372986
1757024124.188,latency_s,5.368607
1757024124.188,latency_s,5.360555
1757024124.379,latency_s,5.546357
1757024124.380,latency_s,5.544513
1757024124.380,latency_s,5.540490
1757024124.380,latency_s,5.540406
1757024124.380,latency_s,5.535087
1757024124.380,latency_s,5.535012
1757024124.380,latency_s,5.533384
1757024124.380,latency_s,5.533438
1757024124.380,latency_s,5.523134
1757024124.380,latency_s,5.523169
1757024124.380,latency_s,5.519159
1757024124.380,latency_s,5.469371
1757024124.380,latency_s,5.465373
1757024124.380,latency_s,5.465117
1757024124.380,latency_s,5.464585
1757024124.381,latency_s,5.459246
1757024124.381,latency_s,5.452596
1757024124.382,latency_s,5.448344
1757024124.382,latency_s,5.444966
1757024124.382,latency_s,5.442044
1757024124.382,latency_s,5.436842
1757024124.382,latency_s,5.436761
1757024124.382,latency_s,5.434672
1757024124.382,latency_s,5.434672
1757024124.382,latency_s,5.424467
1757024124.382,latency_s,5.423408
1757024124.382,latency_s,5.420603
1757024124.382,latency_s,5.491029
1757024124.382,latency_s,5.401753
1757024124.382,latency_s,5.366467
1757024124.382,latency_s,5.366313
1757024124.382,latency_s,5.358639
1757024124.477,latency_s,5.361139
1757024124.478,latency_s,5.352421
1757024124.518,latency_s,5.385248
1757024124.518,latency_s,5.383220
1757024124.518,latency_s,5.379337
1757024124.518,latency_s,5.578097
1757024124.518,latency_s,5.477271
1757024124.518,latency_s,5.376368
1757024124.518,latency_s,5.371045
1757024124.518,latency_s,5.371084
1757024124.518,latency_s,5.369184
1757024124.518,latency_s,5.369312
1757024124.518,latency_s,5.359999
1757024124.518,latency_s,5.357999
1757024124.518,latency_s,5.356026
1757024124.572,latency_s,5.355782
1757024124.613,latency_s,5.396468
1757024124.613,latency_s,5.396352
1757024124.614,latency_s,5.388019
1757024124.614,latency_s,5.380910
1757024124.614,latency_s,5.378923
1757024124.614,latency_s,5.472109
1757024124.614,latency_s,5.374378
1757024124.614,latency_s,5.370283
1757024124.614,latency_s,5.366272
1757024124.614,latency_s,5.366176
1757024124.614,latency_s,5.364214
1757024124.614,latency_s,5.364333
1757024124.614,latency_s,5.355619
1757024124.614,latency_s,5.353025
1757024124.614,latency_s,5.351210
1757024124.614,latency_s,5.330344
1757024124.667,latency_s,5.353855
1757024124.668,latency_s,5.349964
1757024124.710,latency_s,5.392119
1757024124.710,latency_s,5.392277
1757024124.710,latency_s,5.381866
1757024124.710,latency_s,5.466831
1757024124.710,latency_s,5.376696
1757024124.710,latency_s,5.369354
1757024124.710,latency_s,5.366387
1757024124.710,latency_s,5.362436
1757024124.710,latency_s,5.362264
1757024124.710,latency_s,5.359030
1757024124.710,latency_s,5.359146
1757024124.710,latency_s,5.351339
1757024124.710,latency_s,5.347907
1757024124.887,latency_s,5.468699
1757024124.887,latency_s,5.468774
1757024124.956,latency_s,5.538127
1757024124.956,latency_s,5.612844
1757024124.957,latency_s,5.527886
1757024124.957,latency_s,5.521667
1757024124.957,latency_s,5.515791
1757024124.957,latency_s,5.512207
1757024124.957,latency_s,5.508313
1757024124.957,latency_s,5.508560
1757024124.957,latency_s,5.504627
1757024124.957,latency_s,5.504534
1757024124.957,latency_s,5.497317
1757024124.957,latency_s,5.493361
1757024124.957,latency_s,5.493429
1757024124.957,latency_s,5.470821
1757024124.957,latency_s,5.442737
1757024124.957,latency_s,5.437926
1757024124.957,latency_s,5.512811
1757024124.957,latency_s,5.426815
1757024124.957,latency_s,5.622109
1757024124.957,latency_s,5.521997
1757024124.957,latency_s,5.419902
1757024124.957,latency_s,5.415910
1757024124.957,latency_s,5.412702
1757024124.958,latency_s,5.408731
1757024124.958,latency_s,5.408742
1757024124.958,latency_s,5.405178
1757024124.958,latency_s,5.405090
1757024124.958,latency_s,5.397524
1757024124.982,latency_s,5.417474
1757024124.982,latency_s,5.417432
1757024125.051,latency_s,5.431529
1757024125.052,latency_s,5.387387
1757024125.123,latency_s,5.458399
1757024125.123,latency_s,5.527809
1757024125.123,latency_s,5.435830
1757024125.123,latency_s,5.407875
1757024125.123,latency_s,5.478422
1757024125.123,latency_s,5.403950
1757024125.124,latency_s,5.403983
1757024125.124,latency_s,5.403698
1757024125.124,latency_s,5.487362
1757024125.124,latency_s,5.389033
1757024125.124,latency_s,5.384347
1757024125.124,latency_s,5.379910
1757024125.124,latency_s,5.377850
1757024125.124,latency_s,5.373857
1757024125.124,latency_s,5.374201
1757024125.124,latency_s,5.370224
1757024125.124,latency_s,5.370289
1757024125.149,latency_s,5.387750
1757024125.189,latency_s,5.423470
1757024125.189,latency_s,5.422432
1757024125.189,latency_s,5.400515
1757024125.189,latency_s,5.493207
1757024125.189,latency_s,5.392405
1757024125.189,latency_s,5.443487
1757024125.189,latency_s,5.373281
1757024125.189,latency_s,5.452381
1757024125.189,latency_s,5.369012
1757024125.189,latency_s,5.369023
1757024125.189,latency_s,5.368653
1757024125.219,latency_s,5.382022
1757024125.219,latency_s,5.378621
1757024125.243,latency_s,5.392888
1757024125.243,latency_s,5.389230
1757024125.314,latency_s,5.460365
1757024125.314,latency_s,5.452534
1757024125.314,latency_s,5.448594
1757024125.314,latency_s,5.447627
1757024125.314,latency_s,5.424578
1757024125.314,latency_s,5.416730
1757024125.314,latency_s,5.468473
1757024125.314,latency_s,5.476503
1757024125.315,latency_s,5.398452
1757024125.315,latency_s,5.393332
1757024125.315,latency_s,5.393292
1757024125.315,latency_s,5.393320
1757024125.315,latency_s,5.376077
1757024125.315,latency_s,5.374515
1757024125.315,latency_s,5.369335
1757024125.315,latency_s,5.368001
1757024125.339,latency_s,5.388427
1757024125.339,latency_s,5.385081
1757024125.387,latency_s,5.432615
1757024125.387,latency_s,5.423964
1757024125.387,latency_s,5.420535
1757024125.387,latency_s,5.419150
1757024125.387,latency_s,5.395848
1757024125.387,latency_s,5.388352
1757024125.387,latency_s,5.440393
1757024125.387,latency_s,5.448824
1757024125.387,latency_s,5.367887
1757024125.387,latency_s,5.365007
1757024125.387,latency_s,5.364851
1757024125.410,latency_s,5.387014
1757024125.434,latency_s,5.383492
1757024125.434,latency_s,5.378572
1757024125.477,latency_s,5.420724
1757024125.477,latency_s,5.414187
1757024125.477,latency_s,5.410344
1757024125.477,latency_s,5.409277
1757024125.477,latency_s,5.385611
1757024125.477,latency_s,5.378763
1757024125.478,latency_s,5.430832
1757024125.478,latency_s,5.438690
1757024125.478,latency_s,5.357720
1757024125.478,latency_s,5.355402
1757024125.478,latency_s,5.355193
1757024125.510,latency_s,5.386773
1757024125.510,latency_s,5.369338
1757024125.510,latency_s,5.369021
1757024125.510,latency_s,5.363555
1757024125.510,latency_s,5.362669
1757024125.531,latency_s,5.379880
1757024125.531,latency_s,5.379429
1757024125.573,latency_s,5.415982
1757024125.573,latency_s,5.415090
1757024125.573,latency_s,5.409752
1757024125.573,latency_s,5.405803
1757024125.573,latency_s,5.402369
1757024125.573,latency_s,5.380652
1757024125.573,latency_s,5.425689
1757024125.573,latency_s,5.433849
1757024125.573,latency_s,5.373941
1757024125.573,latency_s,5.350784
1757024125.573,latency_s,5.350442
1757024125.573,latency_s,5.350183
1757024125.626,latency_s,5.379542
1757024125.763,latency_s,5.515338
1757024125.763,latency_s,5.511758
1757024125.763,latency_s,5.510504
1757024125.763,latency_s,5.505641
1757024125.763,latency_s,5.504632
1757024125.763,latency_s,5.499794
1757024125.763,latency_s,5.495406
1757024125.763,latency_s,5.491477
1757024125.763,latency_s,5.515775
1757024125.763,latency_s,5.469394
1757024125.763,latency_s,5.522696
1757024125.763,latency_s,5.463481
1757024125.763,latency_s,5.440478
1757024125.764,latency_s,5.440737
1757024125.764,latency_s,5.439898
1757024125.764,latency_s,5.439801
1757024125.764,latency_s,5.421150
1757024125.764,latency_s,5.415765
1757024125.764,latency_s,5.411931
1757024125.764,latency_s,5.411075
1757024125.816,latency_s,5.458073
1757024125.816,latency_s,5.457221
1757024125.816,latency_s,5.452775
1757024125.816,latency_s,5.447938
1757024125.817,latency_s,5.443476
1757024125.817,latency_s,5.468724
1757024125.817,latency_s,5.475179
1757024125.817,latency_s,5.422124
1757024125.817,latency_s,5.415943
1757024125.817,latency_s,5.393015
1757024125.817,latency_s,5.392808
1757024125.817,latency_s,5.364187
1757024125.859,latency_s,5.410665
1757024125.859,latency_s,5.416857
1757024125.912,latency_s,5.410358
1757024125.912,latency_s,5.387943
1757024125.912,latency_s,5.387867
1757024125.912,latency_s,5.387647
1757024125.912,latency_s,5.387332
1757024125.912,latency_s,5.569549
1757024125.912,latency_s,5.467987
1757024125.912,latency_s,5.367264
1757024125.912,latency_s,5.363565
1757024125.912,latency_s,5.363513
1757024125.912,latency_s,5.359156
1757024125.912,latency_s,5.357300
1757024125.912,latency_s,5.350332
1757024125.912,latency_s,5.349888
1757024125.912,latency_s,5.347989
1757024125.912,latency_s,5.343107
1757024125.954,latency_s,5.405213
1757024125.954,latency_s,5.411186
1757024126.007,latency_s,5.404817
1757024126.007,latency_s,5.383169
1757024126.007,latency_s,5.382959
1757024126.008,latency_s,5.382662
1757024126.008,latency_s,5.382312
1757024126.008,latency_s,5.462819
1757024126.008,latency_s,5.361223
1757024126.008,latency_s,5.358326
1757024126.008,latency_s,5.358244
1757024126.008,latency_s,5.354422
1757024126.008,latency_s,5.352524
1757024126.008,latency_s,5.345151
1757024126.049,latency_s,5.378981
1757024126.049,latency_s,5.373128
1757024126.103,latency_s,5.453269
1757024126.103,latency_s,5.459817
1757024126.103,latency_s,5.607919
1757024126.103,latency_s,5.505291
1757024126.103,latency_s,5.399625
1757024126.103,latency_s,5.378093
1757024126.103,latency_s,5.377759
1757024126.103,latency_s,5.378059
1757024126.103,latency_s,5.377645
1757024126.103,latency_s,5.456734
1757024126.103,latency_s,5.356536
1757024126.103,latency_s,5.353202
1757024126.103,latency_s,5.353014
1757024126.103,latency_s,5.349406
1757024126.103,latency_s,5.346376
1757024126.103,latency_s,5.339999
1757024126.144,latency_s,5.378666
1757024126.144,latency_s,5.373313
1757024126.144,latency_s,5.400590
1757024126.198,latency_s,5.447273
1757024126.198,latency_s,5.421156
1757024126.198,latency_s,5.499152
1757024126.198,latency_s,5.394092
1757024126.198,latency_s,5.372221
1757024126.198,latency_s,5.372325
1757024126.198,latency_s,5.372486
1757024126.198,latency_s,5.372271
1757024126.198,latency_s,5.451305
1757024126.198,latency_s,5.350911
1757024126.198,latency_s,5.347634
1757024126.240,latency_s,5.375540
1757024126.241,latency_s,5.375637
1757024126.241,latency_s,5.374738
1757024126.241,latency_s,5.390049
1757024126.241,latency_s,5.397117
1757024126.337,latency_s,5.465780
1757024126.337,latency_s,5.459530
1757024126.337,latency_s,5.537594
1757024126.337,latency_s,5.431477
1757024126.337,latency_s,5.489800
1757024126.337,latency_s,5.410817
1757024126.337,latency_s,5.410982
1757024126.337,latency_s,5.411036
1757024126.337,latency_s,5.410891
1757024126.337,latency_s,5.389760
1757024126.337,latency_s,5.386526
1757024126.337,latency_s,5.386345
1757024126.337,latency_s,5.382513
1757024126.337,latency_s,5.386587
1757024126.337,latency_s,5.393170
1757024126.338,latency_s,5.371424
1757024126.338,latency_s,5.371636
1757024126.338,latency_s,5.371683
1757024126.338,latency_s,5.366199
1757024126.338,latency_s,5.359821
1757024126.338,latency_s,5.437926
1757024126.338,latency_s,5.331501
1757024126.338,latency_s,5.390342
1757024126.338,latency_s,5.310779
1757024126.433,latency_s,5.405749
1757024126.433,latency_s,5.405480
1757024126.433,latency_s,5.405324
1757024126.433,latency_s,5.377890
1757024126.433,latency_s,5.388300
1757024126.433,latency_s,5.381682
1757024126.433,latency_s,5.374995
1757024126.433,latency_s,5.366714
1757024126.433,latency_s,5.366659
1757024126.433,latency_s,5.366653
1757024126.434,latency_s,5.361546
1757024126.528,latency_s,5.527777
1757024126.529,latency_s,5.449395
1757024126.529,latency_s,5.421576
1757024126.529,latency_s,5.480770
1757024126.529,latency_s,5.400950
1757024126.529,latency_s,5.400798
1757024126.529,latency_s,5.400019
1757024126.529,latency_s,5.399959
1757024126.529,latency_s,5.380389
1757024126.529,latency_s,5.376444
1757024126.529,latency_s,5.376366
1757024126.529,latency_s,5.383424
1757024126.529,latency_s,5.376029
1757024126.529,latency_s,5.373125
1757024126.529,latency_s,5.370221
1757024126.529,latency_s,5.361851
1757024126.529,latency_s,5.361839
1757024126.529,latency_s,5.361896
1757024126.529,latency_s,5.427015
1757024126.529,latency_s,5.357118
1757024126.530,latency_s,5.349885
1757024126.623,latency_s,5.370084
1757024126.624,latency_s,5.370106
1757024126.624,latency_s,5.367609
1757024126.624,latency_s,5.364936
1757024126.625,latency_s,5.422109
1757024126.625,latency_s,5.356675
1757024126.625,latency_s,5.356452
1757024126.625,latency_s,5.356104
1757024126.625,latency_s,5.351893
1757024126.625,latency_s,5.344231
1757024126.625,latency_s,5.376033
1757024126.625,latency_s,5.315411
1757024126.625,latency_s,5.294755
1757024126.625,latency_s,5.294789
1757024126.720,latency_s,5.388967
1757024126.720,latency_s,5.388841
1757024126.720,latency_s,5.373440
1757024126.720,latency_s,5.370921
1757024126.720,latency_s,5.366102
1757024126.720,latency_s,5.365896
1757024126.720,latency_s,5.365863
1757024126.720,latency_s,5.363247
1757024126.720,latency_s,5.417039
1757024126.720,latency_s,5.360293
1757024126.720,latency_s,5.351683
1757024126.720,latency_s,5.351212
1757024126.720,latency_s,5.348589
1757024126.720,latency_s,5.346698
1757024126.720,latency_s,5.338276
1757024126.720,latency_s,5.371314
1757024126.720,latency_s,5.309809
1757024126.720,latency_s,5.289979
1757024126.720,latency_s,5.290033
1757024126.721,latency_s,5.289491
1757024126.721,latency_s,5.289420
1757024126.815,latency_s,5.366212
1757024126.815,latency_s,5.409834
1757024126.815,latency_s,5.361084
1757024126.815,latency_s,5.360771
1757024126.815,latency_s,5.360418
1757024126.816,latency_s,5.358270
1757024126.816,latency_s,5.355310
1757024126.816,latency_s,5.346940
1757024126.816,latency_s,5.346445
1757024126.816,latency_s,5.343685
1757024126.816,latency_s,5.342138
1757024126.816,latency_s,5.331753
1757024126.816,latency_s,5.366724
1757024126.911,latency_s,5.400229
1757024126.911,latency_s,5.380177
1757024126.911,latency_s,5.380068
1757024126.911,latency_s,5.379692
1757024126.911,latency_s,5.379609
1757024126.911,latency_s,5.363592
1757024126.911,latency_s,5.360662
1757024126.911,latency_s,5.404996
1757024126.911,latency_s,5.356783
1757024126.911,latency_s,5.355845
1757024126.911,latency_s,5.355587
1757024126.911,latency_s,5.353430
1757024126.911,latency_s,5.350396
1757024126.911,latency_s,5.342214
1757024126.911,latency_s,5.341712
1757024126.912,latency_s,5.339271
1757024126.912,latency_s,5.337841
1757024126.912,latency_s,5.326972
1757024126.912,latency_s,5.361204
1757024127.006,latency_s,5.373061
1757024127.006,latency_s,5.398730
1757024127.006,latency_s,5.358294
1757024127.006,latency_s,5.354947
1757024127.006,latency_s,5.351024
1757024127.006,latency_s,5.350342
1757024127.007,latency_s,5.350312
1757024127.007,latency_s,5.348768
1757024127.007,latency_s,5.345397
1757024127.007,latency_s,5.337562
1757024127.007,latency_s,5.336602
1757024127.007,latency_s,5.334138
1757024127.007,latency_s,5.333227
1757024127.007,latency_s,5.321864
1757024127.007,latency_s,5.355675
1757024127.102,latency_s,5.389970
1757024127.102,latency_s,5.369420
1757024127.102,latency_s,5.369488
1757024127.102,latency_s,5.369085
1757024127.102,latency_s,5.369138
1757024127.102,latency_s,5.394683
1757024127.102,latency_s,5.353895
1757024127.102,latency_s,5.350859
1757024127.102,latency_s,5.346545
1757024127.102,latency_s,5.346073
1757024127.102,latency_s,5.345489
1757024127.102,latency_s,5.343683
1757024127.102,latency_s,5.339733
1757024127.102,latency_s,5.332821
1757024127.103,latency_s,5.331447
1757024127.103,latency_s,5.328532
1757024127.103,latency_s,5.328233
1757024127.103,latency_s,5.350855
1757024127.103,latency_s,5.316799
1757024127.103,latency_s,5.290367
1757024127.103,latency_s,5.270216
1757024127.103,latency_s,5.270227
1757024127.142,latency_s,5.309252
1757024127.197,latency_s,5.363388
1757024127.197,latency_s,5.385379
1757024127.197,latency_s,5.348388
1757024127.197,latency_s,5.345408
1757024127.198,latency_s,5.342482
1757024127.199,latency_s,5.341670
1757024127.199,latency_s,5.339265
1757024127.199,latency_s,5.339308
1757024127.199,latency_s,5.335413
1757024127.199,latency_s,5.328947
1757024127.199,latency_s,5.327136
1757024127.199,latency_s,5.323696
1757024127.199,latency_s,5.323577
1757024127.279,latency_s,5.427095
1757024127.279,latency_s,5.391175
1757024127.279,latency_s,5.366541
1757024127.279,latency_s,5.346424
1757024127.279,latency_s,5.346416
1757024127.279,latency_s,5.366853
1757024127.279,latency_s,5.345664
1757024127.279,latency_s,5.345459
1757024127.280,latency_s,5.330399
1757024127.280,latency_s,5.326941
1757024127.292,latency_s,5.335340
1757024127.292,latency_s,5.334470
1757024127.292,latency_s,5.332575
1757024127.292,latency_s,5.332616
1757024127.294,latency_s,5.329675
1757024127.294,latency_s,5.323670
1757024127.294,latency_s,5.341117
1757024127.294,latency_s,5.321426
1757024127.294,latency_s,5.317555
1757024127.294,latency_s,5.316600
1757024127.294,latency_s,5.305301
1757024127.294,latency_s,5.280188
1757024127.294,latency_s,5.280217
1757024127.387,latency_s,5.354034
1757024127.387,latency_s,5.353978
1757024127.387,latency_s,5.352743
1757024127.387,latency_s,5.352746
1757024127.387,latency_s,5.337705
1757024127.388,latency_s,5.333997
1757024127.389,latency_s,5.332147
1757024127.389,latency_s,5.331197
1757024127.389,latency_s,5.329316
1757024127.389,latency_s,5.328311
1757024127.389,latency_s,5.323887
1757024127.389,latency_s,5.335838
1757024127.390,latency_s,5.319082
1757024127.390,latency_s,5.316193
1757024127.390,latency_s,5.312720
1757024127.390,latency_s,5.312218
1757024127.390,latency_s,5.300194
1757024127.390,latency_s,5.275827
1757024127.390,latency_s,5.275443
1757024127.482,latency_s,5.348200
1757024127.482,latency_s,5.348482
1757024127.482,latency_s,5.347396
1757024127.482,latency_s,5.347555
1757024127.483,latency_s,5.332266
1757024127.483,latency_s,5.328689
1757024127.483,latency_s,5.325382
1757024127.483,latency_s,5.323969
1757024127.483,latency_s,5.322052
1757024127.483,latency_s,5.321342
1757024127.483,latency_s,5.328940
1757024127.483,latency_s,5.316738
1757024127.483,latency_s,5.311849
1757024127.577,latency_s,5.399798
1757024127.577,latency_s,5.399348
1757024127.577,latency_s,5.387581
1757024127.578,latency_s,5.361859
1757024127.578,latency_s,5.361878
1757024127.578,latency_s,5.343385
1757024127.578,latency_s,5.343377
1757024127.578,latency_s,5.342096
1757024127.578,latency_s,5.342206
1757024127.578,latency_s,5.327310
1757024127.767,latency_s,5.511717
1757024127.767,latency_s,5.508931
1757024127.767,latency_s,5.512076
1757024127.767,latency_s,5.507217
1757024127.767,latency_s,5.506206
1757024127.767,latency_s,5.505336
1757024127.767,latency_s,5.500935
1757024127.767,latency_s,5.496044
1757024127.767,latency_s,5.492638
1757024127.767,latency_s,5.489744
1757024127.767,latency_s,5.488866
1757024127.768,latency_s,5.476566
1757024127.768,latency_s,5.451460
1757024127.768,latency_s,5.451511
1757024127.768,latency_s,5.432762
1757024127.768,latency_s,5.432742
1757024127.768,latency_s,5.431661
1757024127.768,latency_s,5.431801
1757024127.768,latency_s,5.417096
1757024127.768,latency_s,5.412066
1757024127.768,latency_s,5.412437
1757024127.768,latency_s,5.409540
1757024127.768,latency_s,5.396261
1757024127.768,latency_s,5.392995
1757024127.768,latency_s,5.389901
1757024127.768,latency_s,5.388961
1757024127.768,latency_s,5.376669
1757024127.768,latency_s,5.351948
1757024127.768,latency_s,5.352048
1757024127.768,latency_s,5.333276
1757024127.768,latency_s,5.333126
1757024127.768,latency_s,5.332232
1757024127.862,latency_s,5.398647
1757024127.863,latency_s,5.396376
1757024127.864,latency_s,5.391122
1757024127.864,latency_s,5.387678
1757024127.864,latency_s,5.385214
1757024127.864,latency_s,5.383539
1757024127.864,latency_s,5.371479
1757024127.905,latency_s,5.387647
1757024127.905,latency_s,5.387702
1757024127.905,latency_s,5.369249
1757024127.905,latency_s,5.369134
1757024127.905,latency_s,5.368291
1757024127.905,latency_s,5.366130
1757024127.905,latency_s,5.353925
1757024127.905,latency_s,5.348727
1757024127.905,latency_s,5.348379
1757024127.905,latency_s,5.345847
1757024127.905,latency_s,5.343722
1757024127.959,latency_s,5.397325
1757024127.959,latency_s,5.395129
1757024127.959,latency_s,5.391603
1757024127.959,latency_s,5.386250
1757024127.959,latency_s,5.383232
1757024127.959,latency_s,5.380498
1757024127.959,latency_s,5.378462
1757024127.960,latency_s,5.365741
1757024127.960,latency_s,5.342002
1757024127.960,latency_s,5.342036
1757024127.960,latency_s,5.323176
1757024127.960,latency_s,5.323199
1757024127.960,latency_s,5.322705
1757024127.960,latency_s,5.320197
1757024127.960,latency_s,5.308190
1757024128.054,latency_s,5.391968
1757024128.054,latency_s,5.391953
1757024128.054,latency_s,5.389250
1757024128.054,latency_s,5.384770
1757024128.054,latency_s,5.379963
1757024128.054,latency_s,5.377778
1757024128.054,latency_s,5.374731
1757024128.054,latency_s,5.372825
1757024128.054,latency_s,5.360503
1757024128.054,latency_s,5.335278
1757024128.055,latency_s,5.335436
1757024128.055,latency_s,5.317833
1757024128.055,latency_s,5.317709
1757024128.055,latency_s,5.317403
1757024128.055,latency_s,5.314732
1757024128.055,latency_s,5.302670
1757024128.055,latency_s,5.296757
1757024128.149,latency_s,5.388671
1757024128.149,latency_s,5.386750
1757024128.149,latency_s,5.386807
1757024128.149,latency_s,5.384021
1757024128.149,latency_s,5.379502
1757024128.149,latency_s,5.374691
1757024128.149,latency_s,5.372713
1757024128.150,latency_s,5.369208
1757024128.150,latency_s,5.367387
1757024128.191,latency_s,5.394814
1757024128.191,latency_s,5.371131
1757024128.191,latency_s,5.371175
1757024128.191,latency_s,5.353666
1757024128.191,latency_s,5.353737
1757024128.191,latency_s,5.353343
1757024128.244,latency_s,5.391256
1757024128.245,latency_s,5.386317
1757024128.245,latency_s,5.386653
1757024128.245,latency_s,5.384670
1757024128.245,latency_s,5.382253
1757024128.245,latency_s,5.382054
1757024128.246,latency_s,5.379244
1757024128.246,latency_s,5.374432
1757024128.246,latency_s,5.370044
1757024128.246,latency_s,5.364223
1757024128.246,latency_s,5.363173
1757024128.246,latency_s,5.349465
1757024128.246,latency_s,5.325892
1757024128.246,latency_s,5.323642
1757024128.246,latency_s,5.308210
1757024128.246,latency_s,5.307988
1757024128.246,latency_s,5.308084
1757024128.339,latency_s,5.397602
1757024128.339,latency_s,5.386273
1757024128.339,latency_s,5.380385
1757024128.339,latency_s,5.379959
1757024128.339,latency_s,5.378130
1757024128.339,latency_s,5.375181
1757024128.339,latency_s,5.375226
1757024128.339,latency_s,5.372878
1757024128.340,latency_s,5.367996
1757024128.340,latency_s,5.364354
1757024128.340,latency_s,5.358137
1757024128.340,latency_s,5.357256
1757024128.340,latency_s,5.342422
1757024128.340,latency_s,5.319823
1757024128.340,latency_s,5.315598
1757024128.435,latency_s,5.373574
1757024128.435,latency_s,5.373271
1757024128.435,latency_s,5.369945
1757024128.435,latency_s,5.369993
1757024128.435,latency_s,5.367026
1757024128.435,latency_s,5.362643
1757024128.435,latency_s,5.557587
1757024128.435,latency_s,5.456686
1757024128.435,latency_s,5.358361
1757024128.570,latency_s,5.487118
1757024128.570,latency_s,5.485559
1757024128.570,latency_s,5.471376
1757024128.570,latency_s,5.449716
1757024128.570,latency_s,5.445243
1757024128.570,latency_s,5.432501
1757024128.570,latency_s,5.432306
1757024128.571,latency_s,5.431764
1757024128.571,latency_s,5.408543
1757024128.571,latency_s,5.408574
1757024128.571,latency_s,5.408621
1757024128.571,latency_s,5.405158
1757024128.571,latency_s,5.404832
1757024128.571,latency_s,5.401316
1757024128.571,latency_s,5.492256
1757024128.571,latency_s,5.397826
1757024128.571,latency_s,5.392988
1757024128.626,latency_s,5.441408
1757024128.626,latency_s,5.440205
1757024128.626,latency_s,5.424290
1757024128.626,latency_s,5.404636
1757024128.626,latency_s,5.400192
1757024128.626,latency_s,5.387829
1757024128.626,latency_s,5.371679
1757024128.627,latency_s,5.365108
1757024128.627,latency_s,5.365162
1757024128.627,latency_s,5.365247
1757024128.627,latency_s,5.360397
1757024128.628,latency_s,5.360420
1757024128.628,latency_s,5.448799
1757024128.628,latency_s,5.356559
1757024128.628,latency_s,5.354550
1757024128.721,latency_s,5.366359
1757024128.721,latency_s,5.441850
1757024128.721,latency_s,5.359057
1757024128.721,latency_s,5.358712
1757024128.722,latency_s,5.359037
1757024128.723,latency_s,5.355944
1757024128.723,latency_s,5.355986
1757024128.723,latency_s,5.351614
1757024128.723,latency_s,5.348817
1757024128.723,latency_s,5.344808
1757024128.724,latency_s,5.338450
1757024128.724,latency_s,5.336568
1757024128.724,latency_s,5.316858
1757024128.724,latency_s,5.301105
1757024128.724,latency_s,5.294288
1757024128.724,latency_s,5.284892
1757024128.724,latency_s,5.283764
1757024128.816,latency_s,5.360771
1757024128.817,latency_s,5.435538
1757024128.817,latency_s,5.354167
1757024128.817,latency_s,5.352968
1757024128.817,latency_s,5.352879
1757024128.817,latency_s,5.349340
1757024128.818,latency_s,5.350268
1757024128.818,latency_s,5.345422
1757024128.818,latency_s,5.342995
1757024128.818,latency_s,5.339134
1757024128.818,latency_s,5.332726
1757024128.818,latency_s,5.311090
1757024128.818,latency_s,5.295740
1757024128.818,latency_s,5.288363
1757024128.819,latency_s,5.279270
1757024128.912,latency_s,5.356185
1757024128.912,latency_s,5.348996
1757024128.912,latency_s,5.347423
1757024128.913,latency_s,5.347524
1757024128.913,latency_s,5.344029
1757024128.913,latency_s,5.344103
1757024128.913,latency_s,5.339156
1757024128.913,latency_s,5.336179
1757024128.913,latency_s,5.332877
1757024128.913,latency_s,5.326989
1757024128.913,latency_s,5.305247
1757024128.913,latency_s,5.289596
1757024128.913,latency_s,5.281198
1757024128.913,latency_s,5.272903
1757024128.913,latency_s,5.272417
1757024128.913,latency_s,5.272015
1757024128.913,latency_s,5.330103
1757024129.007,latency_s,5.350710
1757024129.007,latency_s,5.343392
1757024129.007,latency_s,5.341371
1757024129.007,latency_s,5.341526
1757024129.007,latency_s,5.338520
1757024129.007,latency_s,5.338593
1757024129.007,latency_s,5.333231
1757024129.008,latency_s,5.328311
1757024129.008,latency_s,5.327558
1757024129.008,latency_s,5.519998
1757024129.008,latency_s,5.419507
1757024129.008,latency_s,5.321197
1757024129.008,latency_s,5.300044
1757024129.008,latency_s,5.283946
1757024129.008,latency_s,5.274593
1757024129.103,latency_s,5.360512
1757024129.103,latency_s,5.419051
1757024129.103,latency_s,5.352212
1757024129.103,latency_s,5.346112
1757024129.103,latency_s,5.338793
1757024129.103,latency_s,5.336454
1757024129.103,latency_s,5.333870
1757024129.103,latency_s,5.333691
1757024129.103,latency_s,5.326571
1757024129.103,latency_s,5.414954
1757024129.103,latency_s,5.323751
1757024129.103,latency_s,5.323099
1757024129.103,latency_s,5.316402
1757024129.103,latency_s,5.294704
1757024129.103,latency_s,5.279395
1757024129.103,latency_s,5.269168
1757024129.104,latency_s,5.318442
1757024129.198,latency_s,5.355171
1757024129.198,latency_s,5.347139
1757024129.198,latency_s,5.340546
1757024129.198,latency_s,5.333647
1757024129.198,latency_s,5.330326
1757024129.198,latency_s,5.328393
1757024129.198,latency_s,5.328253
1757024129.198,latency_s,5.409816
1757024129.198,latency_s,5.321349
1757024129.198,latency_s,5.318122
1757024129.198,latency_s,5.315591
1757024129.198,latency_s,5.309640
1757024129.198,latency_s,5.289085
1757024129.199,latency_s,5.273873
1757024129.199,latency_s,5.262552
1757024129.293,latency_s,5.349258
1757024129.293,latency_s,5.340916
1757024129.293,latency_s,5.335138
1757024129.293,latency_s,5.526613
1757024129.293,latency_s,5.425331
1757024129.293,latency_s,5.328558
1757024129.293,latency_s,5.325159
1757024129.293,latency_s,5.404545
1757024129.293,latency_s,5.323250
1757024129.294,latency_s,5.323460
1757024129.294,latency_s,5.313028
1757024129.294,latency_s,5.310577
1757024129.294,latency_s,5.310403
1757024129.294,latency_s,5.304853
1757024129.294,latency_s,5.284309
1757024129.294,latency_s,5.269095
1757024129.294,latency_s,5.307897
1757024129.389,latency_s,5.344320
1757024129.389,latency_s,5.333993
1757024129.390,latency_s,5.421444
1757024129.390,latency_s,5.331283
1757024129.390,latency_s,5.324636
1757024129.390,latency_s,5.400525
1757024129.390,latency_s,5.320915
1757024129.390,latency_s,5.319073
1757024129.391,latency_s,5.319927
1757024129.391,latency_s,5.309662
1757024129.391,latency_s,5.306769
1757024129.391,latency_s,5.306829
1757024129.391,latency_s,5.301262
1757024129.391,latency_s,5.280600
1757024129.482,latency_s,5.356761
1757024129.485,latency_s,5.397755
1757024129.485,latency_s,5.347867
1757024129.486,latency_s,5.342876
1757024129.486,latency_s,5.340459
1757024129.486,latency_s,5.416992
1757024129.486,latency_s,5.330059
1757024129.486,latency_s,5.396271
1757024129.486,latency_s,5.325817
1757024129.486,latency_s,5.320649
1757024129.486,latency_s,5.316598
1757024129.578,latency_s,5.406343
1757024129.578,latency_s,5.406580
1757024129.578,latency_s,5.396277
1757024129.578,latency_s,5.393146
1757024129.578,latency_s,5.393477
1757024129.578,latency_s,5.387534
1757024129.578,latency_s,5.367389
1757024129.578,latency_s,5.390746
1757024129.581,latency_s,5.355019
1757024129.581,latency_s,5.343299
1757024129.581,latency_s,5.338342
1757024129.581,latency_s,5.537108
1757024129.581,latency_s,5.436123
1757024129.581,latency_s,5.335477
1757024129.581,latency_s,5.411786
1757024129.581,latency_s,5.391337
1757024129.581,latency_s,5.325301
1757024129.581,latency_s,5.321299
1757024129.582,latency_s,5.315965
1757024129.582,latency_s,5.310972
1757024129.582,latency_s,5.309841
1757024129.673,latency_s,5.387765
1757024129.673,latency_s,5.387631
1757024129.673,latency_s,5.381752
1757024129.673,latency_s,5.362377
1757024129.673,latency_s,5.384931
1757024129.673,latency_s,5.346618
1757024129.674,latency_s,5.427747
1757024129.677,latency_s,5.337210
1757024129.677,latency_s,5.333788
1757024129.677,latency_s,5.406522
1757024129.677,latency_s,5.330516
1757024129.677,latency_s,5.386019
1757024129.677,latency_s,5.320281
1757024129.769,latency_s,5.408151
1757024129.769,latency_s,5.403345
1757024129.769,latency_s,5.398005
1757024129.770,latency_s,5.396563
1757024129.770,latency_s,5.396761
1757024129.771,latency_s,5.387086
1757024129.771,latency_s,5.384851
1757024129.771,latency_s,5.384710
1757024129.771,latency_s,5.379038
1757024129.771,latency_s,5.359574
1757024129.771,latency_s,5.382151
1757024129.771,latency_s,5.343600
1757024129.771,latency_s,5.424709
1757024129.771,latency_s,5.400064
1757024129.771,latency_s,5.331622
1757024129.772,latency_s,5.328558
1757024129.772,latency_s,5.380356
1757024129.772,latency_s,5.324031
1757024129.772,latency_s,5.313752
1757024129.772,latency_s,5.310940
1757024129.772,latency_s,5.306442
1757024129.772,latency_s,5.300442
1757024129.773,latency_s,5.298927
1757024129.773,latency_s,5.298121
1757024129.773,latency_s,5.289433
1757024129.813,latency_s,5.325765
1757024129.868,latency_s,5.380368
1757024129.868,latency_s,5.374946
1757024129.869,latency_s,5.378398
1757024129.869,latency_s,5.356814
1757024129.869,latency_s,5.341296
1757024129.869,latency_s,5.420995
1757024129.869,latency_s,5.397319
1757024129.869,latency_s,5.376648
1757024129.869,latency_s,5.327812
1757024129.869,latency_s,5.325580
1757024129.869,latency_s,5.320876
1757024129.869,latency_s,5.309952
1757024129.870,latency_s,5.307673
1757024129.870,latency_s,5.303483
1757024129.870,latency_s,5.297034
1757024129.870,latency_s,5.295249
1757024129.870,latency_s,5.294285
1757024129.870,latency_s,5.285781
1757024129.870,latency_s,5.281896
1757024129.964,latency_s,5.376872
1757024129.965,latency_s,5.371418
1757024129.965,latency_s,5.374184
1757024129.965,latency_s,5.352656
1757024129.965,latency_s,5.416783
1757024129.965,latency_s,5.336916
1757024129.965,latency_s,5.392378
1757024129.965,latency_s,5.371971
1757024129.965,latency_s,5.322703
1757024129.965,latency_s,5.321034
1757024129.965,latency_s,5.315356
1757024129.965,latency_s,5.304110
1757024129.965,latency_s,5.303116
1757024130.060,latency_s,5.386089
1757024130.060,latency_s,5.384530
1757024130.061,latency_s,5.384615
1757024130.061,latency_s,5.374368
1757024130.061,latency_s,5.373162
1757024130.061,latency_s,5.372942
1757024130.061,latency_s,5.367655
1757024130.061,latency_s,5.368510
1757024130.061,latency_s,5.348596
1757024130.061,latency_s,5.410923
1757024130.061,latency_s,5.387650
1757024130.061,latency_s,5.332508
1757024130.061,latency_s,5.367949
1757024130.061,latency_s,5.316530
1757024130.061,latency_s,5.316702
1757024130.061,latency_s,5.310953
1757024130.061,latency_s,5.299314
1757024130.061,latency_s,5.299097
1757024130.062,latency_s,5.294747
1757024130.154,latency_s,5.380109
1757024130.154,latency_s,5.377211
1757024130.154,latency_s,5.376833
1757024130.154,latency_s,5.366976
1757024130.155,latency_s,5.366648
1757024130.155,latency_s,5.366426
1757024130.155,latency_s,5.361084
1757024130.155,latency_s,5.362365
1757024130.156,latency_s,5.343326
1757024130.156,latency_s,5.404404
1757024130.156,latency_s,5.381893
1757024130.156,latency_s,5.362319
1757024130.156,latency_s,5.327299
1757024130.157,latency_s,5.311556
1757024130.157,latency_s,5.311832
1757024130.157,latency_s,5.306220
1757024130.250,latency_s,5.386567
1757024130.250,latency_s,5.386399
1757024130.250,latency_s,5.382811
1757024130.250,latency_s,5.375365
1757024130.250,latency_s,5.372501
1757024130.250,latency_s,5.372406
1757024130.250,latency_s,5.362179
1757024130.250,latency_s,5.361811
1757024130.250,latency_s,5.361205
1757024130.250,latency_s,5.356848
1757024130.250,latency_s,5.355513
1757024130.250,latency_s,5.398603
1757024130.250,latency_s,5.337672
1757024130.251,latency_s,5.375603
1757024130.251,latency_s,5.356035
1757024130.252,latency_s,5.322434
1757024130.252,latency_s,5.306762
1757024130.252,latency_s,5.304559
1757024130.252,latency_s,5.301377
1757024130.252,latency_s,5.288633
1757024130.252,latency_s,5.287727
1757024130.252,latency_s,5.284304
1757024130.252,latency_s,5.277375
1757024130.252,latency_s,5.273841
1757024130.252,latency_s,5.273863
1757024130.253,latency_s,5.263852
1757024130.346,latency_s,5.357060
1757024130.346,latency_s,5.356094
1757024130.346,latency_s,5.351359
1757024130.347,latency_s,5.351578
1757024130.347,latency_s,5.394914
1757024130.442,latency_s,5.467078
1757024130.442,latency_s,5.428816
1757024130.442,latency_s,5.447763
1757024130.443,latency_s,5.412780
1757024130.443,latency_s,5.396939
1757024130.443,latency_s,5.394756
1757024130.443,latency_s,5.391198
1757024130.443,latency_s,5.378278
1757024130.443,latency_s,5.377277
1757024130.443,latency_s,5.374348
1757024130.443,latency_s,5.366957
1757024130.443,latency_s,5.364058
1757024130.443,latency_s,5.364071
1757024130.443,latency_s,5.353827
1757024130.443,latency_s,5.352356
1757024130.443,latency_s,5.352568
1757024130.445,latency_s,5.349343
1757024130.445,latency_s,5.348489
1757024130.445,latency_s,5.391923
1757024130.445,latency_s,5.369308
1757024130.445,latency_s,5.349614
1757024130.445,latency_s,5.331491
1757024130.445,latency_s,5.314806
1757024130.445,latency_s,5.299045
1757024130.445,latency_s,5.297044
1757024130.445,latency_s,5.292631
1757024130.445,latency_s,5.280359
1757024130.445,latency_s,5.279056
1757024130.445,latency_s,5.276515
1757024130.445,latency_s,5.269139
1757024130.541,latency_s,5.360770
1757024130.541,latency_s,5.360940
1757024130.541,latency_s,5.351094
1757024130.541,latency_s,5.350146
1757024130.541,latency_s,5.349892
1757024130.541,latency_s,5.344357
1757024130.541,latency_s,5.344277
1757024130.541,latency_s,5.387773
1757024130.541,latency_s,5.364672
1757024130.639,latency_s,5.443153
1757024130.639,latency_s,5.424473
1757024130.639,latency_s,5.408299
1757024130.639,latency_s,5.392531
1757024130.639,latency_s,5.390591
1757024130.640,latency_s,5.386544
1757024130.640,latency_s,5.372892
1757024130.640,latency_s,5.372681
1757024130.640,latency_s,5.369931
1757024130.640,latency_s,5.362614
1757024130.640,latency_s,5.359534
1757024130.640,latency_s,5.359566
1757024130.640,latency_s,5.349923
1757024130.640,latency_s,5.348548
1757024130.640,latency_s,5.348524
1757024130.640,latency_s,5.386482
1757024130.640,latency_s,5.343143
1757024130.640,latency_s,5.343099
1757024130.640,latency_s,5.362795
1757024130.640,latency_s,5.343808
1757024130.640,latency_s,5.325192
1757024130.733,latency_s,5.401585
1757024130.734,latency_s,5.386558
1757024130.734,latency_s,5.356477
1757024130.736,latency_s,5.355635
1757024130.736,latency_s,5.355622
1757024130.736,latency_s,5.382569
1757024130.736,latency_s,5.345454
1757024130.736,latency_s,5.344438
1757024130.736,latency_s,5.357420
1757024130.737,latency_s,5.344217
1757024130.737,latency_s,5.339563
1757024130.737,latency_s,5.338696
1757024130.737,latency_s,5.339807
1757024130.737,latency_s,5.321460
1757024130.737,latency_s,5.304352
1757024130.737,latency_s,5.289003
1757024130.737,latency_s,5.285187
1757024130.737,latency_s,5.282751
1757024130.737,latency_s,5.268617
1757024130.830,latency_s,5.361595
1757024130.830,latency_s,5.359019
1757024130.830,latency_s,5.351665
1757024130.830,latency_s,5.348647
1757024130.831,latency_s,5.348913
1757024130.831,latency_s,5.375667
1757024130.831,latency_s,5.350592
1757024130.831,latency_s,5.339808
1757024130.831,latency_s,5.338773
1757024130.831,latency_s,5.338391
1757024130.832,latency_s,5.334833
1757024130.833,latency_s,5.334678
1757024130.833,latency_s,5.334161
1757024130.833,latency_s,5.317109
1757024130.833,latency_s,5.299203
1757024130.833,latency_s,5.284781
1757024130.927,latency_s,5.370749
1757024130.928,latency_s,5.347261
1757024130.928,latency_s,5.347092
1757024130.928,latency_s,5.345633
1757024131.021,latency_s,5.439142
1757024131.021,latency_s,5.429761
1757024131.021,latency_s,5.428828
1757024131.022,latency_s,5.428159
1757024131.022,latency_s,5.423354
1757024131.022,latency_s,5.422494
1757024131.022,latency_s,5.422471
1757024131.022,latency_s,5.405972
1757024131.022,latency_s,5.387650
1757024131.022,latency_s,5.373387
1757024131.022,latency_s,5.368928
1757024131.022,latency_s,5.366828
1757024131.022,latency_s,5.351129
1757024131.022,latency_s,5.350239
1757024131.022,latency_s,5.349800
1757024131.025,latency_s,5.366988
1757024131.025,latency_s,5.343906
1757024131.025,latency_s,5.343788
1757024131.025,latency_s,5.342036
1757024131.025,latency_s,5.342028
1757024131.025,latency_s,5.332826
1757024131.025,latency_s,5.331855
1757024131.025,latency_s,5.331469
1757024131.025,latency_s,5.326910
1757024131.025,latency_s,5.325917
1757024131.025,latency_s,5.325469
1757024131.116,latency_s,5.400198
1757024131.116,latency_s,5.381577
1757024131.117,latency_s,5.360667
1757024131.117,latency_s,5.358862
1757024131.117,latency_s,5.346417
1757024131.118,latency_s,5.344773
1757024131.120,latency_s,5.347494
1757024131.120,latency_s,5.337868
1757024131.120,latency_s,5.334852
1757024131.213,latency_s,5.427470
1757024131.213,latency_s,5.427232
1757024131.213,latency_s,5.420787
1757024131.213,latency_s,5.419895
1757024131.213,latency_s,5.418319
1757024131.213,latency_s,5.414606
1757024131.214,latency_s,5.412646
1757024131.214,latency_s,5.412694
1757024131.214,latency_s,5.396927
1757024131.214,latency_s,5.378734
1757024131.214,latency_s,5.361768
1757024131.214,latency_s,5.359087
1757024131.214,latency_s,5.354549
1757024131.214,latency_s,5.354404
1757024131.214,latency_s,5.342203
1757024131.214,latency_s,5.340491
1757024131.216,latency_s,5.341956
1757024131.216,latency_s,5.332981
1757024131.216,latency_s,5.329034
1757024131.216,latency_s,5.327946
1757024131.216,latency_s,5.327858
1757024131.216,latency_s,5.322788
1757024131.216,latency_s,5.322241
1757024131.216,latency_s,5.319875
1757024131.216,latency_s,5.316610
1757024131.310,latency_s,5.408147
1757024131.310,latency_s,5.407246
1757024131.310,latency_s,5.392963
1757024131.310,latency_s,5.374713
1757024131.310,latency_s,5.348651
1757024131.310,latency_s,5.348664
1757024131.312,latency_s,5.339738
1757024131.312,latency_s,5.337856
1757024131.312,latency_s,5.337913
1757024131.312,latency_s,5.328663
1757024131.312,latency_s,5.324780
1757024131.312,latency_s,5.323811
1757024131.312,latency_s,5.323734
1757024131.312,latency_s,5.318391
1757024131.312,latency_s,5.318249
1757024131.312,latency_s,5.315695
1757024131.312,latency_s,5.312602
1757024131.312,latency_s,5.310138
1757024131.312,latency_s,5.309002
1757024131.312,latency_s,5.295015
1757024131.312,latency_s,5.276631
1757024131.312,latency_s,5.258512
1757024131.313,latency_s,5.257721
1757024131.406,latency_s,5.343762
1757024131.407,latency_s,5.342369
1757024131.407,latency_s,5.333229
1757024131.407,latency_s,5.331964
1757024131.407,latency_s,5.331964
1757024131.407,latency_s,5.323198
1757024131.407,latency_s,5.318839
1757024131.407,latency_s,5.318310
1757024131.407,latency_s,5.317981
1757024131.407,latency_s,5.313077
1757024131.407,latency_s,5.312986
1757024131.407,latency_s,5.309777
1757024131.407,latency_s,5.306917
1757024131.407,latency_s,5.304817
1757024131.504,latency_s,5.400415
1757024131.504,latency_s,5.386544
1757024131.504,latency_s,5.367339
1757024131.504,latency_s,5.349039
1757024131.504,latency_s,5.349109
1757024131.504,latency_s,5.340850
1757024131.504,latency_s,5.339827
1757024131.504,latency_s,5.330497
1757024131.504,latency_s,5.328572
1757024131.504,latency_s,5.328539
1757024131.504,latency_s,5.320638
1757024131.504,latency_s,5.314742
1757024131.504,latency_s,5.314758
1757024131.504,latency_s,5.314511
1757024131.505,latency_s,5.310161
1757024131.505,latency_s,5.309866
1757024131.505,latency_s,5.306836
1757024131.599,latency_s,5.397818
1757024131.599,latency_s,5.395862
1757024131.599,latency_s,5.394985
1757024131.599,latency_s,5.381247
1757024131.599,latency_s,5.361936
1757024131.599,latency_s,5.343383
1757024131.599,latency_s,5.343356
1757024131.599,latency_s,5.334029
1757024131.599,latency_s,5.333435
1757024131.599,latency_s,5.324761
1757024131.599,latency_s,5.322725
1757024131.599,latency_s,5.322737
1757024131.599,latency_s,5.315253
1757024131.599,latency_s,5.309396
1757024131.599,latency_s,5.309474
1757024131.695,latency_s,5.393491
1757024131.695,latency_s,5.390110
1757024131.695,latency_s,5.390223
1757024131.695,latency_s,5.377001
1757024131.695,latency_s,5.357345
1757024131.695,latency_s,5.338702
1757024131.737,latency_s,5.380525
1757024131.737,latency_s,5.371186
1757024131.737,latency_s,5.370379
1757024131.737,latency_s,5.362022
1757024131.737,latency_s,5.359974
1757024131.737,latency_s,5.360009
1757024131.737,latency_s,5.353033
1757024131.737,latency_s,5.346774
1757024131.737,latency_s,5.346689
1757024131.737,latency_s,5.346626
1757024131.789,latency_s,5.393310
1757024131.790,latency_s,5.394449
1757024131.791,latency_s,5.390775
1757024131.791,latency_s,5.388926
1757024131.791,latency_s,5.384438
1757024131.791,latency_s,5.384521
1757024131.791,latency_s,5.371284
1757024131.791,latency_s,5.353108
1757024131.791,latency_s,5.334358
1757024131.791,latency_s,5.334157
1757024131.791,latency_s,5.322139
1757024131.791,latency_s,5.322253
1757024131.791,latency_s,5.315663
1757024131.791,latency_s,5.313659
1757024131.791,latency_s,5.313513
1757024131.791,latency_s,5.306518
1757024131.884,latency_s,5.393029
1757024131.885,latency_s,5.388589
1757024131.885,latency_s,5.388062
1757024131.885,latency_s,5.384345
1757024131.885,latency_s,5.382453
1757024131.885,latency_s,5.378262
1757024131.886,latency_s,5.379155
1757024131.886,latency_s,5.365739
1757024131.886,latency_s,5.347587
1757024131.886,latency_s,5.328891
1757024131.886,latency_s,5.328484
1757024131.886,latency_s,5.316616
1757024131.886,latency_s,5.316442
1757024131.886,latency_s,5.310205
1757024131.886,latency_s,5.308195
1757024131.886,latency_s,5.307402
1757024131.979,latency_s,5.394262
1757024131.980,latency_s,5.388361
1757024131.980,latency_s,5.388267
1757024131.980,latency_s,5.388318
1757024131.980,latency_s,5.383909
1757024131.980,latency_s,5.382886
1757024131.980,latency_s,5.378616
1757024131.980,latency_s,5.377240
1757024131.980,latency_s,5.373267
1757024131.980,latency_s,5.373342
1757024132.022,latency_s,5.402138
1757024132.023,latency_s,5.383682
1757024132.023,latency_s,5.364952
1757024132.023,latency_s,5.364579
1757024132.023,latency_s,5.352677
1757024132.023,latency_s,5.352208
1757024132.074,latency_s,5.396117
1757024132.076,latency_s,5.396382
1757024132.076,latency_s,5.389976
1757024132.076,latency_s,5.384173
1757024132.076,latency_s,5.384025
1757024132.076,latency_s,5.379627
1757024132.076,latency_s,5.378558
1757024132.076,latency_s,5.372925
1757024132.076,latency_s,5.372504
1757024132.076,latency_s,5.368423
1757024132.076,latency_s,5.368561
1757024132.076,latency_s,5.355319
1757024132.076,latency_s,5.335581
1757024132.076,latency_s,5.317901
1757024132.076,latency_s,5.317550
1757024132.076,latency_s,5.304376
1757024132.172,latency_s,5.379555
1757024132.172,latency_s,5.375509
1757024132.172,latency_s,5.373803
1757024132.172,latency_s,5.368413
1757024132.172,latency_s,5.367973
1757024132.172,latency_s,5.363596
1757024132.172,latency_s,5.363631
1757024132.172,latency_s,5.350820
1757024132.172,latency_s,5.331161
1757024132.172,latency_s,5.313838
1757024132.172,latency_s,5.313436
1757024132.172,latency_s,5.300154
1757024132.173,latency_s,5.299325
1757024132.173,latency_s,5.294369
1757024132.173,latency_s,5.292514
1757024132.173,latency_s,5.286139
1757024132.269,latency_s,5.376000
1757024132.269,latency_s,5.372468
1757024132.269,latency_s,5.370211
1757024132.269,latency_s,5.365184
1757024132.269,latency_s,5.364835
1757024132.269,latency_s,5.360286
1757024132.270,latency_s,5.360329
1757024132.270,latency_s,5.347862
1757024132.270,latency_s,5.328276
1757024132.270,latency_s,5.310786
1757024132.364,latency_s,5.404164
1757024132.364,latency_s,5.391038
1757024132.364,latency_s,5.390488
1757024132.364,latency_s,5.385135
1757024132.364,latency_s,5.584388
1757024132.364,latency_s,5.483854
1757024132.366,latency_s,5.379436
1757024132.366,latency_s,5.372716
1757024132.366,latency_s,5.372353
1757024132.366,latency_s,5.369233
1757024132.366,latency_s,5.366678
1757024132.366,latency_s,5.361908
1757024132.366,latency_s,5.360928
1757024132.366,latency_s,5.356517
1757024132.366,latency_s,5.356531
1757024132.366,latency_s,5.344258
1757024132.366,latency_s,5.324547
1757024132.367,latency_s,5.307285
1757024132.367,latency_s,5.306731
1757024132.367,latency_s,5.291621
1757024132.367,latency_s,5.290294
1757024132.367,latency_s,5.384726
1757024132.459,latency_s,5.376654
1757024132.459,latency_s,5.371961
1757024132.459,latency_s,5.365582
1757024132.460,latency_s,5.364815
1757024132.460,latency_s,5.361934
1757024132.460,latency_s,5.359192
1757024132.460,latency_s,5.354649
1757024132.460,latency_s,5.352701
1757024132.461,latency_s,5.350364
1757024132.461,latency_s,5.350115
1757024132.462,latency_s,5.338789
1757024132.556,latency_s,5.413102
1757024132.556,latency_s,5.394994
1757024132.558,latency_s,5.397239
1757024132.558,latency_s,5.474751
1757024132.558,latency_s,5.382551
1757024132.558,latency_s,5.463229
1757024132.558,latency_s,5.381694
1757024132.558,latency_s,5.378506
1757024132.558,latency_s,5.375371
1757024132.558,latency_s,5.370416
1757024132.558,latency_s,5.364075
1757024132.558,latency_s,5.360596
1757024132.558,latency_s,5.357744
1757024132.558,latency_s,5.352795
1757024132.559,latency_s,5.350816
1757024132.559,latency_s,5.346949
1757024132.559,latency_s,5.346965
1757024132.559,latency_s,5.335564
1757024132.559,latency_s,5.315873
1757024132.559,latency_s,5.297477
1757024132.559,latency_s,5.297508
1757024132.559,latency_s,5.374871
1757024132.559,latency_s,5.363042
1757024132.559,latency_s,5.282717
1757024132.559,latency_s,5.282239
1757024132.559,latency_s,5.278731
1757024132.651,latency_s,5.366671
1757024132.651,latency_s,5.362676
1757024132.651,latency_s,5.356823
1757024132.651,latency_s,5.353373
1757024132.651,latency_s,5.350503
1757024132.652,latency_s,5.345624
1757024132.654,latency_s,5.345248
1757024132.654,latency_s,5.341938
1757024132.654,latency_s,5.341983
1757024132.654,latency_s,5.330223
1757024132.654,latency_s,5.310540
1757024132.654,latency_s,5.368688
1757024132.654,latency_s,5.291897
1757024132.655,latency_s,5.291810
1757024132.748,latency_s,5.451373
1757024132.748,latency_s,5.370384
1757024132.748,latency_s,5.370373
1757024132.748,latency_s,5.366987
1757024132.748,latency_s,5.363117
1757024132.748,latency_s,5.359223
1757024132.748,latency_s,5.352892
1757024132.748,latency_s,5.553016
1757024132.748,latency_s,5.452461
1757024132.748,latency_s,5.349913
1757024132.749,latency_s,5.347222
1757024132.749,latency_s,5.342393
1757024132.749,latency_s,5.340390
1757024132.751,latency_s,5.338098
1757024132.751,latency_s,5.338180
1757024132.751,latency_s,5.326954
1757024132.751,latency_s,5.307272
1757024132.751,latency_s,5.365487
1757024132.751,latency_s,5.354646
1757024132.751,latency_s,5.288623
1757024132.751,latency_s,5.287601
1757024132.751,latency_s,5.273421
1757024132.751,latency_s,5.273441
1757024132.751,latency_s,5.269567
1757024132.845,latency_s,5.359526
1757024132.845,latency_s,5.355849
1757024132.845,latency_s,5.449092
1757024132.845,latency_s,5.350008
1757024132.845,latency_s,5.346615
1757024132.845,latency_s,5.343707
1757024132.845,latency_s,5.338353
1757024132.845,latency_s,5.336358
1757024132.845,latency_s,5.332378
1757024132.846,latency_s,5.332389
1757024132.846,latency_s,5.320604
1757024132.846,latency_s,5.301487
1757024132.846,latency_s,5.359240
1757024132.846,latency_s,5.348540
1757024132.846,latency_s,5.282833
1757024132.846,latency_s,5.280969
1757024132.846,latency_s,5.267215
1757024132.846,latency_s,5.266112
1757024132.940,latency_s,5.356702
1757024132.940,latency_s,5.443618
1757024132.940,latency_s,5.354349
1757024132.940,latency_s,5.349995
1757024132.940,latency_s,5.344161
1757024132.940,latency_s,5.341191
1757024132.940,latency_s,5.338294
1757024132.940,latency_s,5.332420
1757024132.940,latency_s,5.330409
1757024132.940,latency_s,5.326633
1757024132.940,latency_s,5.326598
1757024133.035,latency_s,5.409477
1757024133.035,latency_s,5.390037
1757024133.035,latency_s,5.447750
1757024133.131,latency_s,5.533779
1757024133.131,latency_s,5.450506
1757024133.131,latency_s,5.447641
1757024133.131,latency_s,5.444828
1757024133.131,latency_s,5.440393
1757024133.131,latency_s,5.434510
1757024133.131,latency_s,5.431658
1757024133.131,latency_s,5.429073
1757024133.131,latency_s,5.423096
1757024133.131,latency_s,5.419885
1757024133.131,latency_s,5.416702
1757024133.131,latency_s,5.416820
1757024133.131,latency_s,5.405671
1757024133.131,latency_s,5.386012
1757024133.131,latency_s,5.443228
1757024133.131,latency_s,5.432906
1757024133.131,latency_s,5.367383
1757024133.132,latency_s,5.363518
1757024133.132,latency_s,5.434457
1757024133.132,latency_s,5.352396
1757024133.132,latency_s,5.351132
1757024133.132,latency_s,5.347842
1757024133.132,latency_s,5.345519
1757024133.132,latency_s,5.341137
1757024133.132,latency_s,5.335008
1757024133.132,latency_s,5.332315
1757024133.132,latency_s,5.329783
1757024133.132,latency_s,5.323585
1757024133.132,latency_s,5.319631
1757024133.225,latency_s,5.356621
1757024133.226,latency_s,5.426661
1757024133.226,latency_s,5.346034
1757024133.227,latency_s,5.346091
1757024133.228,latency_s,5.342893
1757024133.228,latency_s,5.341273
1757024133.228,latency_s,5.336673
1757024133.228,latency_s,5.330629
1757024133.323,latency_s,5.422615
1757024133.324,latency_s,5.421469
1757024133.324,latency_s,5.415070
1757024133.325,latency_s,5.411461
1757024133.326,latency_s,5.410520
1757024133.326,latency_s,5.410370
1757024133.326,latency_s,5.399342
1757024133.326,latency_s,5.436231
1757024133.326,latency_s,5.426118
1757024133.326,latency_s,5.379802
1757024133.326,latency_s,5.426160
1757024133.326,latency_s,5.361129
1757024133.326,latency_s,5.356536
1757024133.326,latency_s,5.345424
1757024133.326,latency_s,5.342414
1757024133.326,latency_s,5.340589
1757024133.326,latency_s,5.339254
1757024133.326,latency_s,5.334635
1757024133.326,latency_s,5.328209
1757024133.326,latency_s,5.326383
1757024133.327,latency_s,5.323686
1757024133.327,latency_s,5.316359
1757024133.327,latency_s,5.312978
1757024133.327,latency_s,5.311021
1757024133.327,latency_s,5.310941
1757024133.327,latency_s,5.299771
1757024133.327,latency_s,5.335702
1757024133.420,latency_s,5.419706
1757024133.420,latency_s,5.354345
1757024133.420,latency_s,5.349359
1757024133.420,latency_s,5.339051
1757024133.420,latency_s,5.334714
1757024133.422,latency_s,5.334281
1757024133.422,latency_s,5.329756
1757024133.422,latency_s,5.323287
1757024133.422,latency_s,5.321869
1757024133.516,latency_s,5.412661
1757024133.516,latency_s,5.404979
1757024133.516,latency_s,5.400572
1757024133.516,latency_s,5.399992
1757024133.516,latency_s,5.388314
1757024133.516,latency_s,5.423599
1757024133.516,latency_s,5.415786
1757024133.516,latency_s,5.368807
1757024133.516,latency_s,5.415867
1757024133.516,latency_s,5.350503
1757024133.516,latency_s,5.345617
1757024133.516,latency_s,5.334912
1757024133.516,latency_s,5.329899
1757024133.516,latency_s,5.328438
1757024133.516,latency_s,5.323642
1757024133.516,latency_s,5.317235
1757024133.516,latency_s,5.316069
1757024133.516,latency_s,5.313199
1757024133.517,latency_s,5.305122
1757024133.517,latency_s,5.300543
1757024133.517,latency_s,5.300327
1757024133.517,latency_s,5.323381
1757024133.517,latency_s,5.316764
1757024133.517,latency_s,5.289443
1757024133.517,latency_s,5.269625
1757024133.517,latency_s,5.316885
1757024133.518,latency_s,5.251362
1757024133.518,latency_s,5.245919
1757024133.612,latency_s,5.330303
1757024133.612,latency_s,5.524509
1757024133.612,latency_s,5.424488
1757024133.612,latency_s,5.324310
1757024133.612,latency_s,5.323662
1757024133.612,latency_s,5.318954
1757024133.612,latency_s,5.312824
1757024133.612,latency_s,5.311751
1757024133.612,latency_s,5.308739
1757024133.612,latency_s,5.300181
1757024133.613,latency_s,5.496636
1757024133.613,latency_s,5.395915
1757024133.613,latency_s,5.295605
1757024133.613,latency_s,5.294573
1757024133.708,latency_s,5.413697
1757024133.708,latency_s,5.407152
1757024133.708,latency_s,5.379678
1757024133.708,latency_s,5.407246
1757024133.708,latency_s,5.360035
1757024133.708,latency_s,5.341322
1757024133.708,latency_s,5.333964
1757024133.708,latency_s,5.419807
1757024133.708,latency_s,5.326182
1757024133.708,latency_s,5.319245
1757024133.708,latency_s,5.319520
1757024133.708,latency_s,5.313414
1757024133.708,latency_s,5.308476
1757024133.708,latency_s,5.307625
1757024133.708,latency_s,5.304641
1757024133.709,latency_s,5.390330
1757024133.709,latency_s,5.295357
1757024133.709,latency_s,5.291115
1757024133.803,latency_s,5.407250
1757024133.803,latency_s,5.401346
1757024133.803,latency_s,5.383933
1757024133.803,latency_s,5.373913
1757024133.803,latency_s,5.401748
1757024133.803,latency_s,5.354229
1757024133.803,latency_s,5.335624
1757024133.804,latency_s,5.415339
1757024133.804,latency_s,5.328830
1757024133.804,latency_s,5.321467
1757024133.804,latency_s,5.315139
1757024133.804,latency_s,5.315033
1757024133.804,latency_s,5.309164
1757024133.804,latency_s,5.303788
1757024133.897,latency_s,5.384044
1757024133.898,latency_s,5.401848
1757024133.898,latency_s,5.379871
1757024133.898,latency_s,5.378220
1757024133.898,latency_s,5.369037
1757024133.898,latency_s,5.396903
1757024133.898,latency_s,5.349438
1757024133.898,latency_s,5.330700
1757024133.898,latency_s,5.409500
1757024133.898,latency_s,5.322456
1757024133.898,latency_s,5.315115
1757024133.899,latency_s,5.308996
1757024133.899,latency_s,5.308845
1757024133.899,latency_s,5.302853
1757024133.899,latency_s,5.297879
1757024133.899,latency_s,5.378374
1757024133.899,latency_s,5.297382
1757024133.899,latency_s,5.293624
1757024133.993,latency_s,5.396279
1757024133.993,latency_s,5.390762
1757024133.993,latency_s,5.378189
1757024133.993,latency_s,5.374417
1757024133.993,latency_s,5.372537
1757024133.993,latency_s,5.363240
1757024133.993,latency_s,5.391247
1757024133.993,latency_s,5.343670
1757024133.993,latency_s,5.403907
1757024133.993,latency_s,5.325026
1757024133.993,latency_s,5.316571
1757024133.993,latency_s,5.307016
1757024133.993,latency_s,5.303139
1757024133.993,latency_s,5.303161
1757024134.087,latency_s,5.385842
1757024134.087,latency_s,5.389949
1757024134.089,latency_s,5.386872
1757024134.089,latency_s,5.383529
1757024134.089,latency_s,5.374504
1757024134.089,latency_s,5.368399
1757024134.089,latency_s,5.367703
1757024134.089,latency_s,5.387513
1757024134.089,latency_s,5.359102
1757024134.090,latency_s,5.339433
1757024134.090,latency_s,5.399622
1757024134.090,latency_s,5.320770
1757024134.090,latency_s,5.311382
1757024134.090,latency_s,5.302509
1757024134.090,latency_s,5.299028
1757024134.090,latency_s,5.298935
1757024134.090,latency_s,5.368893
1757024134.090,latency_s,5.293603
1757024134.183,latency_s,5.380647
1757024134.183,latency_s,5.380801
1757024134.183,latency_s,5.380152
1757024134.183,latency_s,5.376982
1757024134.183,latency_s,5.367678
1757024134.183,latency_s,5.380773
1757024134.183,latency_s,5.361803
1757024134.183,latency_s,5.361062
1757024134.183,latency_s,5.352119
1757024134.185,latency_s,5.333404
1757024134.185,latency_s,5.394849
1757024134.186,latency_s,5.316508
1757024134.186,latency_s,5.306168
1757024134.186,latency_s,5.363982
1757024134.278,latency_s,5.375260
1757024134.278,latency_s,5.374397
1757024134.278,latency_s,5.373543
1757024134.279,latency_s,5.372127
1757024134.279,latency_s,5.375094
1757024134.279,latency_s,5.362947
1757024134.279,latency_s,5.355443
1757024134.279,latency_s,5.355529
1757024134.279,latency_s,5.347698
1757024134.279,latency_s,5.326122
1757024134.279,latency_s,5.386789
1757024134.279,latency_s,5.309425
1757024134.279,latency_s,5.299043
1757024134.279,latency_s,5.355536
1757024134.279,latency_s,5.290792
1757024134.279,latency_s,5.286309
1757024134.279,latency_s,5.286578
1757024134.279,latency_s,5.281572
1757024134.373,latency_s,5.372656
1757024134.373,latency_s,5.370372
1757024134.373,latency_s,5.369444
1757024134.373,latency_s,5.367069
1757024134.373,latency_s,5.366552
1757024134.373,latency_s,5.369172
1757024134.373,latency_s,5.356818
1757024134.373,latency_s,5.348971
1757024134.373,latency_s,5.348984
1757024134.373,latency_s,5.341683
1757024134.373,latency_s,5.381030
1757024134.374,latency_s,5.319968
1757024134.374,latency_s,5.303323
1757024134.374,latency_s,5.349179
1757024134.469,latency_s,5.374975
1757024134.469,latency_s,5.371219
1757024134.469,latency_s,5.367944
1757024134.469,latency_s,5.366069
1757024134.469,latency_s,5.364829
1757024134.469,latency_s,5.364986
1757024134.470,latency_s,5.363215
1757024134.470,latency_s,5.362731
1757024134.470,latency_s,5.352848
1757024134.470,latency_s,5.344264
1757024134.470,latency_s,5.343719
1757024134.470,latency_s,5.337273
1757024134.470,latency_s,5.376974
1757024134.470,latency_s,5.315613
1757024134.470,latency_s,5.299417
1757024134.470,latency_s,5.344746
1757024134.470,latency_s,5.283279
1757024134.470,latency_s,5.280646
1757024134.564,latency_s,5.365450
1757024134.564,latency_s,5.362552
1757024134.564,latency_s,5.360340
1757024134.565,latency_s,5.359595
1757024134.565,latency_s,5.359563
1757024134.565,latency_s,5.357723
1757024134.565,latency_s,5.357971
1757024134.565,latency_s,5.347853
1757024134.565,latency_s,5.338498
1757024134.565,latency_s,5.338240
1757024134.687,latency_s,5.454424
1757024134.687,latency_s,5.494322
1757024134.687,latency_s,5.432549
1757024134.687,latency_s,5.460517
1757024134.687,latency_s,5.391203
1757024134.687,latency_s,5.388683
1757024134.687,latency_s,5.385406
1757024134.687,latency_s,5.383401
1757024134.688,latency_s,5.382027
1757024134.688,latency_s,5.382430
1757024134.688,latency_s,5.379982
1757024134.688,latency_s,5.380085
1757024134.688,latency_s,5.369812
1757024134.688,latency_s,5.360107
1757024134.688,latency_s,5.360476
1757024134.688,latency_s,5.354635
1757024134.688,latency_s,5.394112
1757024134.688,latency_s,5.332880
1757024134.688,latency_s,5.360582
1757024134.688,latency_s,5.316401
1757024134.688,latency_s,5.297808
1757024134.688,latency_s,5.297457
1757024134.754,latency_s,5.357597
1757024134.879,latency_s,5.479553
1757024134.881,latency_s,5.478226
1757024134.881,latency_s,5.476107
1757024134.881,latency_s,5.475326
1757024134.881,latency_s,5.475578
1757024134.882,latency_s,5.472999
1757024134.882,latency_s,5.473095
1757024134.882,latency_s,5.463807
1757024134.882,latency_s,5.453247
1757024134.882,latency_s,5.487553
1757024134.882,latency_s,5.453509
1757024134.882,latency_s,5.448157
1757024134.882,latency_s,5.426519
1757024134.882,latency_s,5.453645
1757024134.882,latency_s,5.410281
1757024134.882,latency_s,5.391568
1757024134.882,latency_s,5.391133
1757024134.882,latency_s,5.386164
1757024134.882,latency_s,5.385501
1757024134.882,latency_s,5.382538
1757024134.883,latency_s,5.379072
1757024134.883,latency_s,5.377326
1757024134.883,latency_s,5.376337
1757024134.883,latency_s,5.376343
1757024134.883,latency_s,5.373481
1757024134.883,latency_s,5.373504
1757024134.883,latency_s,5.364158
1757024134.883,latency_s,5.387887
1757024134.883,latency_s,5.353893
1757024134.883,latency_s,5.353835
1757024134.883,latency_s,5.348517
1757024134.883,latency_s,5.353992
1757024134.976,latency_s,5.375769
1757024134.978,latency_s,5.373684
1757024134.978,latency_s,5.372656
1757024134.978,latency_s,5.371352
1757024134.978,latency_s,5.370971
1757024134.978,latency_s,5.368583
1757024135.074,latency_s,5.464532
1757024135.074,latency_s,5.479413
1757024135.075,latency_s,5.455305
1757024135.075,latency_s,5.445014
1757024135.075,latency_s,5.444980
1757024135.075,latency_s,5.439115
1757024135.075,latency_s,5.443152
1757024135.075,latency_s,5.418559
1757024135.075,latency_s,5.388216
1757024135.075,latency_s,5.383027
1757024135.075,latency_s,5.382119
1757024135.075,latency_s,5.377235
1757024135.075,latency_s,5.377286
1757024135.075,latency_s,5.374064
1757024135.075,latency_s,5.370142
1757024135.075,latency_s,5.369561
1757024135.075,latency_s,5.368142
1757024135.075,latency_s,5.367666
1757024135.075,latency_s,5.364833
1757024135.076,latency_s,5.364883
1757024135.076,latency_s,5.379966
1757024135.076,latency_s,5.356247
1757024135.076,latency_s,5.345688
1757024135.076,latency_s,5.346028
1757024135.076,latency_s,5.339692
1757024135.076,latency_s,5.343350
1757024135.076,latency_s,5.319041
1757024135.169,latency_s,5.370991
1757024135.169,latency_s,5.371127
1757024135.170,latency_s,5.368282
1757024135.170,latency_s,5.363736
1757024135.170,latency_s,5.363782
1757024135.170,latency_s,5.362784
1757024135.171,latency_s,5.362720
1757024135.266,latency_s,5.469363
1757024135.266,latency_s,5.454928
1757024135.266,latency_s,5.454941
1757024135.266,latency_s,5.445889
1757024135.266,latency_s,5.435580
1757024135.266,latency_s,5.435534
1757024135.266,latency_s,5.429236
1757024135.266,latency_s,5.432725
1757024135.266,latency_s,5.408309
1757024135.266,latency_s,5.376543
1757024135.266,latency_s,5.373695
1757024135.266,latency_s,5.372349
1757024135.266,latency_s,5.367270
1757024135.266,latency_s,5.364815
1757024135.266,latency_s,5.369332
1757024135.266,latency_s,5.359009
1757024135.266,latency_s,5.359011
1757024135.266,latency_s,5.358053
1757024135.266,latency_s,5.357115
1757024135.267,latency_s,5.355275
1757024135.306,latency_s,5.394637
1757024135.306,latency_s,5.385663
1757024135.306,latency_s,5.375391
1757024135.306,latency_s,5.374667
1757024135.306,latency_s,5.372390
1757024135.306,latency_s,5.369559
1757024135.306,latency_s,5.347432
1757024135.307,latency_s,5.315309
1757024135.307,latency_s,5.313408
1757024135.307,latency_s,5.312458
1757024135.361,latency_s,5.359704
1757024135.362,latency_s,5.353914
1757024135.362,latency_s,5.354126
1757024135.362,latency_s,5.353097
1757024135.362,latency_s,5.352091
1757024135.362,latency_s,5.350398
1757024135.442,latency_s,5.430106
1757024135.442,latency_s,5.420780
1757024135.442,latency_s,5.410485
1757024135.442,latency_s,5.409458
1757024135.442,latency_s,5.407602
1757024135.442,latency_s,5.404704
1757024135.442,latency_s,5.383076
1757024135.442,latency_s,5.350773
1757024135.442,latency_s,5.348554
1757024135.442,latency_s,5.347750
1757024135.442,latency_s,5.344694
1757024135.442,latency_s,5.343280
1757024135.443,latency_s,5.543589
1757024135.443,latency_s,5.442950
1757024135.458,latency_s,5.357814
1757024135.458,latency_s,5.355973
1757024135.458,latency_s,5.350061
1757024135.458,latency_s,5.349849
1757024135.458,latency_s,5.348789
1757024135.458,latency_s,5.348284
1757024135.537,latency_s,5.424792
1757024135.537,latency_s,5.424845
1757024135.537,latency_s,5.415585
1757024135.537,latency_s,5.405263
1757024135.537,latency_s,5.404304
1757024135.537,latency_s,5.401964
1757024135.538,latency_s,5.343734
1757024135.554,latency_s,5.359423
1757024135.554,latency_s,5.356077
1757024135.554,latency_s,5.353407
1757024135.555,latency_s,5.353753
1757024135.555,latency_s,5.352268
1757024135.555,latency_s,5.346602
1757024135.555,latency_s,5.346053
1757024135.555,latency_s,5.344933
1757024135.555,latency_s,5.344680
1757024135.555,latency_s,5.342031
1757024135.555,latency_s,5.342115
1757024135.555,latency_s,5.332756
1757024135.555,latency_s,5.322460
1757024135.555,latency_s,5.321727
1757024135.555,latency_s,5.318379
1757024135.555,latency_s,5.316118
1757024135.555,latency_s,5.294455
1757024135.555,latency_s,5.262402
1757024135.633,latency_s,5.338185
1757024135.633,latency_s,5.337360
1757024135.633,latency_s,5.334424
1757024135.633,latency_s,5.331934
1757024135.633,latency_s,5.330107
1757024135.633,latency_s,5.324957
1757024135.633,latency_s,5.324673
1757024135.649,latency_s,5.337579
1757024135.649,latency_s,5.337691
1757024135.649,latency_s,5.336362
1757024135.649,latency_s,5.336368
1757024135.649,latency_s,5.326604
1757024135.649,latency_s,5.316845
1757024135.650,latency_s,5.315747
1757024135.729,latency_s,5.391591
1757024135.729,latency_s,5.427264
1757024135.729,latency_s,5.389806
1757024135.729,latency_s,5.368184
1757024135.729,latency_s,5.335810
1757024135.729,latency_s,5.333738
1757024135.729,latency_s,5.332932
1757024135.729,latency_s,5.329883
1757024135.729,latency_s,5.326864
1757024135.729,latency_s,5.325953
1757024135.729,latency_s,5.320355
1757024135.729,latency_s,5.320219
1757024135.729,latency_s,5.316657
1757024135.729,latency_s,5.316760
1757024135.729,latency_s,5.316236
1757024135.729,latency_s,5.315948
1757024135.729,latency_s,5.306438
1757024135.745,latency_s,5.342522
1757024135.745,latency_s,5.312014
1757024135.745,latency_s,5.307293
1757024135.745,latency_s,5.307312
1757024135.745,latency_s,5.305403
1757024135.745,latency_s,5.283556
1757024135.745,latency_s,5.251895
1757024135.824,latency_s,5.328797
1757024135.824,latency_s,5.327936
1757024135.824,latency_s,5.324492
1757024135.824,latency_s,5.321867
1757024135.824,latency_s,5.320665
1757024135.824,latency_s,5.315262
1757024135.825,latency_s,5.315452
1757024135.841,latency_s,5.328047
1757024135.841,latency_s,5.327929
1757024135.841,latency_s,5.328024
1757024135.841,latency_s,5.327638
1757024135.841,latency_s,5.317913
1757024135.841,latency_s,5.338879
1757024135.841,latency_s,5.308429
1757024135.842,latency_s,5.302366
1757024135.881,latency_s,5.342094
1757024135.881,latency_s,5.341748
1757024135.882,latency_s,5.319600
1757024135.882,latency_s,5.286239
1757024135.882,latency_s,5.285953
1757024135.882,latency_s,5.285061
1757024135.882,latency_s,5.281709
1757024135.882,latency_s,5.278294
1757024135.882,latency_s,5.277870
1757024135.882,latency_s,5.272467
1757024135.936,latency_s,5.326838
1757024135.936,latency_s,5.322490
1757024135.937,latency_s,5.321819
1757024135.937,latency_s,5.321770
1757024135.937,latency_s,5.321925
1757024135.937,latency_s,5.333445
1757024135.937,latency_s,5.312775
1757024135.937,latency_s,5.302483
1757024135.937,latency_s,5.297546
1757024135.937,latency_s,5.296566
1757024135.937,latency_s,5.296562
1757024135.937,latency_s,5.274973
1757024135.937,latency_s,5.241230
1757024135.937,latency_s,5.240800
1757024136.031,latency_s,5.333495
1757024136.031,latency_s,5.330727
1757024136.031,latency_s,5.326345
1757024136.031,latency_s,5.326374
1757024136.031,latency_s,5.321369
1757024136.031,latency_s,5.320893
1757024136.032,latency_s,5.317676
1757024136.032,latency_s,5.316391
1757024136.032,latency_s,5.316468
1757024136.032,latency_s,5.316502
1757024136.032,latency_s,5.327138
1757024136.032,latency_s,5.307922
1757024136.032,latency_s,5.297486
1757024136.032,latency_s,5.292253
1757024136.032,latency_s,5.291317
1757024136.032,latency_s,5.290710
1757024136.032,latency_s,5.269703
1757024136.032,latency_s,5.236299
1757024136.127,latency_s,5.329886
1757024136.127,latency_s,5.327833
1757024136.127,latency_s,5.326478
1757024136.127,latency_s,5.322082
1757024136.127,latency_s,5.321879
1757024136.127,latency_s,5.316803
1757024136.127,latency_s,5.316327
1757024136.127,latency_s,5.321822
1757024136.127,latency_s,5.312983
1757024136.127,latency_s,5.311022
1757024136.127,latency_s,5.311045
1757024136.128,latency_s,5.311085
1757024136.128,latency_s,5.302820
1757024136.128,latency_s,5.292592
1757024136.222,latency_s,5.381520
1757024136.222,latency_s,5.380700
1757024136.222,latency_s,5.380425
1757024136.222,latency_s,5.358092
1757024136.222,latency_s,5.326179
1757024136.222,latency_s,5.325058
1757024136.222,latency_s,5.322878
1757024136.222,latency_s,5.320666
1757024136.223,latency_s,5.316765
1757024136.223,latency_s,5.316636
1757024136.223,latency_s,5.316463
1757024136.223,latency_s,5.311951
1757024136.223,latency_s,5.311224
1757024136.223,latency_s,5.307542
1757024136.317,latency_s,5.399838
1757024136.317,latency_s,5.400023
1757024136.317,latency_s,5.399866
1757024136.317,latency_s,5.391983
1757024136.318,latency_s,5.381691
1757024136.318,latency_s,5.376806
1757024136.318,latency_s,5.375530
1757024136.318,latency_s,5.374046
1757024136.318,latency_s,5.352767
1757024136.318,latency_s,5.320742
1757024136.318,latency_s,5.319727
1757024136.318,latency_s,5.317778
1757024136.318,latency_s,5.315809
1757024136.318,latency_s,5.311777
1757024136.412,latency_s,5.405560
1757024136.412,latency_s,5.405245
1757024136.412,latency_s,5.400841
1757024136.412,latency_s,5.400405
1757024136.412,latency_s,5.394191
1757024136.413,latency_s,5.395421
1757024136.413,latency_s,5.387261
1757024136.413,latency_s,5.376971
1757024136.413,latency_s,5.372061
1757024136.413,latency_s,5.371161
1757024136.414,latency_s,5.369181
1757024136.414,latency_s,5.348290
1757024136.414,latency_s,5.316464
1757024136.414,latency_s,5.314354
1757024136.414,latency_s,5.312982
1757024136.414,latency_s,5.311157
1757024136.414,latency_s,5.306127
1757024136.414,latency_s,5.306185
1757024136.508,latency_s,5.395699
1757024136.508,latency_s,5.395828
1757024136.508,latency_s,5.391439
1757024136.508,latency_s,5.390237
1757024136.508,latency_s,5.390497
1757024136.508,latency_s,5.389821
1757024136.508,latency_s,5.381102
1757024136.508,latency_s,5.371728
1757024136.508,latency_s,5.366475
1757024136.509,latency_s,5.366015
1757024136.509,latency_s,5.363486
1757024136.509,latency_s,5.342894
1757024136.509,latency_s,5.310506
1757024136.509,latency_s,5.308849
1757024136.603,latency_s,5.390146
1757024136.603,latency_s,5.390194
1757024136.603,latency_s,5.385485
1757024136.603,latency_s,5.385141
1757024136.604,latency_s,5.385837
1757024136.604,latency_s,5.385331
1757024136.604,latency_s,5.376511
1757024136.604,latency_s,5.367186
1757024136.604,latency_s,5.362223
1757024136.604,latency_s,5.361913
1757024136.605,latency_s,5.358793
1757024136.605,latency_s,5.338250
1757024136.605,latency_s,5.306040
1757024136.605,latency_s,5.304135
1757024136.605,latency_s,5.303011
1757024136.605,latency_s,5.301199
1757024136.605,latency_s,5.296724
1757024136.605,latency_s,5.296254
1757024136.698,latency_s,5.385236
1757024136.699,latency_s,5.385489
1757024136.699,latency_s,5.380475
1757024136.699,latency_s,5.380305
1757024136.699,latency_s,5.380061
1757024136.699,latency_s,5.379583
1757024136.699,latency_s,5.370448
1757024136.699,latency_s,5.361173
1757024136.699,latency_s,5.356180
1757024136.699,latency_s,5.356328
1757024136.699,latency_s,5.350908
1757024136.699,latency_s,5.332633
1757024136.699,latency_s,5.300153
1757024136.699,latency_s,5.298204
1757024136.794,latency_s,5.384613
1757024136.794,latency_s,5.380833
1757024136.794,latency_s,5.380591
1757024136.794,latency_s,5.376041
1757024136.794,latency_s,5.375755
1757024136.794,latency_s,5.375490
1757024136.794,latency_s,5.373223
1757024136.794,latency_s,5.365860
1757024136.795,latency_s,5.356460
1757024136.795,latency_s,5.351175
1757024136.795,latency_s,5.351004
1757024136.795,latency_s,5.346421
1757024136.795,latency_s,5.328031
1757024136.888,latency_s,5.389017
1757024136.889,latency_s,5.387544
1757024136.889,latency_s,5.386114
1757024136.889,latency_s,5.384296
1757024136.890,latency_s,5.381148
1757024136.890,latency_s,5.380193
1757024136.890,latency_s,5.376078
1757024136.890,latency_s,5.375778
1757024136.890,latency_s,5.371542
1757024136.890,latency_s,5.371409
1757024136.890,latency_s,5.371109
1757024136.890,latency_s,5.368426
1757024136.890,latency_s,5.361155
1757024136.890,latency_s,5.351826
1757024136.890,latency_s,5.346813
1757024136.891,latency_s,5.346672
1757024136.891,latency_s,5.341477
1757024136.891,latency_s,5.322854
1757024136.891,latency_s,5.290847
1757024136.983,latency_s,5.373209
1757024136.984,latency_s,5.368988
1757024136.984,latency_s,5.368534
1757024136.984,latency_s,5.364980
1757024136.984,latency_s,5.365203
1757024136.984,latency_s,5.364690
1757024136.984,latency_s,5.361828
1757024136.984,latency_s,5.354588
1757024136.984,latency_s,5.345711
1757024136.985,latency_s,5.340408
1757024136.985,latency_s,5.340330
1757024136.985,latency_s,5.329008
1757024136.985,latency_s,5.316313
1757024137.082,latency_s,5.381177
1757024137.082,latency_s,5.379180
1757024137.082,latency_s,5.378809
1757024137.082,latency_s,5.376785
1757024137.082,latency_s,5.372327
1757024137.082,latency_s,5.371622
1757024137.082,latency_s,5.371643
1757024137.082,latency_s,5.367179
1757024137.082,latency_s,5.366563
1757024137.082,latency_s,5.362044
1757024137.082,latency_s,5.362168
1757024137.082,latency_s,5.362034
1757024137.082,latency_s,5.358315
1757024137.082,latency_s,5.351909
1757024137.082,latency_s,5.343175
1757024137.083,latency_s,5.337746
1757024137.083,latency_s,5.337702
1757024137.083,latency_s,5.325390
1757024137.083,latency_s,5.314228
1757024137.083,latency_s,5.282372
1757024137.083,latency_s,5.279822
1757024137.085,latency_s,5.281555
1757024137.086,latency_s,5.279815
1757024137.086,latency_s,5.275828
1757024137.086,latency_s,5.275156
1757024137.086,latency_s,5.275141
1757024137.086,latency_s,5.270556
1757024137.086,latency_s,5.265450
1757024137.086,latency_s,5.265474
1757024137.086,latency_s,5.265390
1757024137.086,latency_s,5.261326
1757024137.086,latency_s,5.255425
1757024137.178,latency_s,5.337871
1757024137.178,latency_s,5.332571
1757024137.178,latency_s,5.332605
1757024137.178,latency_s,5.320167
1757024137.178,latency_s,5.309042
1757024137.178,latency_s,5.276050
1757024137.178,latency_s,5.274951
1757024137.179,latency_s,5.274363
1757024137.179,latency_s,5.272143
1757024137.222,latency_s,5.311111
1757024137.222,latency_s,5.311546
1757024137.222,latency_s,5.311217
1757024137.222,latency_s,5.306494
1757024137.222,latency_s,5.301324
1757024137.223,latency_s,5.301774
1757024137.223,latency_s,5.300802
1757024137.223,latency_s,5.296953
1757024137.223,latency_s,5.291553
1757024137.274,latency_s,5.333046
1757024137.274,latency_s,5.328342
1757024137.274,latency_s,5.327525
1757024137.275,latency_s,5.316209
1757024137.275,latency_s,5.305145
1757024137.275,latency_s,5.272130
1757024137.275,latency_s,5.270978
1757024137.275,latency_s,5.270435
1757024137.275,latency_s,5.268290
1757024137.275,latency_s,5.263958
1757024137.275,latency_s,5.263921
1757024137.275,latency_s,5.263529
1757024137.275,latency_s,5.258214
1757024137.276,latency_s,5.460434
1757024137.370,latency_s,5.453532
1757024137.371,latency_s,5.349609
1757024137.371,latency_s,5.353923
1757024137.371,latency_s,5.349699
1757024137.371,latency_s,5.348982
1757024137.371,latency_s,5.344939
1757024137.372,latency_s,5.339812
1757024137.372,latency_s,5.330491
1757024137.372,latency_s,5.325632
1757024137.372,latency_s,5.323687
1757024137.372,latency_s,5.312487
1757024137.411,latency_s,5.341130
1757024137.411,latency_s,5.307146
1757024137.411,latency_s,5.306370
1757024137.411,latency_s,5.306304
1757024137.411,latency_s,5.304084
1757024137.411,latency_s,5.299659
1757024137.411,latency_s,5.299673
1757024137.465,latency_s,5.353469
1757024137.467,latency_s,5.349550
1757024137.467,latency_s,5.349532
1757024137.467,latency_s,5.345734
1757024137.467,latency_s,5.344690
1757024137.467,latency_s,5.343361
1757024137.468,latency_s,5.338416
1757024137.468,latency_s,5.335573
1757024137.468,latency_s,5.326222
1757024137.468,latency_s,5.320840
1757024137.468,latency_s,5.317930
1757024137.468,latency_s,5.307594
1757024137.468,latency_s,5.297321
1757024137.468,latency_s,5.263235
1757024137.561,latency_s,5.355151
1757024137.561,latency_s,5.355567
1757024137.561,latency_s,5.353911
1757024137.561,latency_s,5.349381
1757024137.561,latency_s,5.349181
1757024137.561,latency_s,5.349212
1757024137.561,latency_s,5.342859
1757024137.561,latency_s,5.343079
1757024137.561,latency_s,5.339207
1757024137.561,latency_s,5.337156
1757024137.562,latency_s,5.332198
1757024137.562,latency_s,5.329540
1757024137.562,latency_s,5.320250
1757024137.562,latency_s,5.315327
1757024137.562,latency_s,5.311940
1757024137.562,latency_s,5.300453
1757024137.562,latency_s,5.291763
1757024137.562,latency_s,5.256317
1757024137.656,latency_s,5.348313
1757024137.657,latency_s,5.348703
1757024137.657,latency_s,5.344358
1757024137.657,latency_s,5.344480
1757024137.657,latency_s,5.344485
1757024137.657,latency_s,5.338461
1757024137.657,latency_s,5.338570
1757024137.657,latency_s,5.334299
1757024137.657,latency_s,5.331334
1757024137.657,latency_s,5.325984
1757024137.657,latency_s,5.324097
1757024137.657,latency_s,5.314763
1757024137.657,latency_s,5.310342
1757024137.657,latency_s,5.305449
1757024137.752,latency_s,5.343479
1757024137.753,latency_s,5.340016
1757024137.753,latency_s,5.340109
1757024137.753,latency_s,5.339933
1757024137.753,latency_s,5.529742
1757024137.753,latency_s,5.428184
1757024137.753,latency_s,5.331948
1757024137.753,latency_s,5.331989
1757024137.753,latency_s,5.330067
1757024137.753,latency_s,5.326652
1757024137.753,latency_s,5.321618
1757024137.753,latency_s,5.320050
1757024137.753,latency_s,5.310683
1757024137.754,latency_s,5.306359
1757024137.754,latency_s,5.300448
1757024137.754,latency_s,5.290192
1757024137.754,latency_s,5.282644
1757024137.754,latency_s,5.246309
1757024137.848,latency_s,5.338959
1757024137.848,latency_s,5.335168
1757024137.849,latency_s,5.335345
1757024137.849,latency_s,5.335452
1757024137.849,latency_s,5.423429
1757024137.849,latency_s,5.327425
1757024137.849,latency_s,5.327532
1757024137.849,latency_s,5.325473
1757024137.849,latency_s,5.322605
1757024137.849,latency_s,5.317120
1757024137.849,latency_s,5.315431
1757024137.849,latency_s,5.306472
1757024137.849,latency_s,5.302153
1757024137.849,latency_s,5.295801
1757024137.944,latency_s,5.335022
1757024137.944,latency_s,5.334855
1757024137.944,latency_s,5.418471
1757024137.944,latency_s,5.330189
1757024137.944,latency_s,5.329913
1757024137.944,latency_s,5.329872
1757024137.945,latency_s,5.322201
1757024137.945,latency_s,5.322259
1757024137.945,latency_s,5.320464
1757024137.945,latency_s,5.317520
1757024137.945,latency_s,5.312134
1757024137.945,latency_s,5.310210
1757024137.945,latency_s,5.301885
1757024137.945,latency_s,5.296971
1757024137.945,latency_s,5.290583
1757024137.945,latency_s,5.280258
1757024137.945,latency_s,5.271579
1757024137.945,latency_s,5.318788
1757024138.039,latency_s,5.530362
1757024138.040,latency_s,5.430812
1757024138.040,latency_s,5.331835
1757024138.041,latency_s,5.331043
1757024138.041,latency_s,5.331696
1757024138.041,latency_s,5.325990
1757024138.041,latency_s,5.326212
1757024138.041,latency_s,5.325249
1757024138.041,latency_s,5.318318
1757024138.041,latency_s,5.317992
1757024138.041,latency_s,5.316009
1757024138.041,latency_s,5.313059
1757024138.041,latency_s,5.307073
1757024138.041,latency_s,5.305776
1757024138.134,latency_s,5.385173
1757024138.134,latency_s,5.379461
1757024138.135,latency_s,5.368404
1757024138.135,latency_s,5.361321
1757024138.135,latency_s,5.408575
1757024138.135,latency_s,5.425758
1757024138.135,latency_s,5.326350
1757024138.135,latency_s,5.325484
1757024138.135,latency_s,5.325308
1757024138.135,latency_s,5.320442
1757024138.135,latency_s,5.319492
1757024138.136,latency_s,5.321193
1757024138.136,latency_s,5.313179
1757024138.136,latency_s,5.312993
1757024138.136,latency_s,5.311226
1757024138.136,latency_s,5.306899
1757024138.136,latency_s,5.302007
1757024138.137,latency_s,5.300911
1757024138.230,latency_s,5.385751
1757024138.230,latency_s,5.380723
1757024138.230,latency_s,5.375638
1757024138.231,latency_s,5.364778
1757024138.232,latency_s,5.356551
1757024138.232,latency_s,5.421789
1757024138.232,latency_s,5.403098
1757024138.232,latency_s,5.322773
1757024138.232,latency_s,5.321765
1757024138.232,latency_s,5.321563
1757024138.232,latency_s,5.316448
1757024138.232,latency_s,5.316179
1757024138.232,latency_s,5.315844
1757024138.232,latency_s,5.308014
1757024138.328,latency_s,5.397061
1757024138.328,latency_s,5.391753
1757024138.328,latency_s,5.391447
1757024138.328,latency_s,5.383604
1757024138.328,latency_s,5.377695
1757024138.328,latency_s,5.371535
1757024138.328,latency_s,5.360980
1757024138.328,latency_s,5.352322
1757024138.328,latency_s,5.417936
1757024138.328,latency_s,5.398581
1757024138.328,latency_s,5.318676
1757024138.328,latency_s,5.317843
1757024138.328,latency_s,5.318008
1757024138.328,latency_s,5.312395
1757024138.369,latency_s,5.351437
1757024138.370,latency_s,5.351587
1757024138.370,latency_s,5.344141
1757024138.370,latency_s,5.344242
1757024138.424,latency_s,5.386809
1757024138.424,latency_s,5.386332
1757024138.424,latency_s,5.379695
1757024138.424,latency_s,5.372924
1757024138.425,latency_s,5.366879
1757024138.425,latency_s,5.356780
1757024138.425,latency_s,5.347435
1757024138.425,latency_s,5.414043
1757024138.425,latency_s,5.394369
1757024138.425,latency_s,5.314504
1757024138.425,latency_s,5.313498
1757024138.425,latency_s,5.313522
1757024138.425,latency_s,5.308675
1757024138.425,latency_s,5.306299
1757024138.520,latency_s,5.401392
1757024138.520,latency_s,5.393581
1757024138.520,latency_s,5.393706
1757024138.520,latency_s,5.393821
1757024138.520,latency_s,5.388082
1757024138.520,latency_s,5.383554
1757024138.521,latency_s,5.381158
1757024138.521,latency_s,5.375363
1757024138.521,latency_s,5.368906
1757024138.521,latency_s,5.362021
1757024138.521,latency_s,5.351736
1757024138.521,latency_s,5.343395
1757024138.521,latency_s,5.409329
1757024138.521,latency_s,5.389946
1757024138.521,latency_s,5.310519
1757024138.521,latency_s,5.308988
1757024138.521,latency_s,5.309075
1757024138.521,latency_s,5.304349
1757024138.617,latency_s,5.398183
1757024138.617,latency_s,5.390138
1757024138.617,latency_s,5.390069
1757024138.617,latency_s,5.389846
1757024138.617,latency_s,5.384689
1757024138.617,latency_s,5.379972
1757024138.617,latency_s,5.377930
1757024138.617,latency_s,5.371803
1757024138.618,latency_s,5.363820
1757024138.618,latency_s,5.358333
1757024138.618,latency_s,5.347280
1757024138.618,latency_s,5.339960
1757024138.618,latency_s,5.405748
1757024138.618,latency_s,5.386892
1757024138.713,latency_s,5.393153
1757024138.713,latency_s,5.385120
1757024138.713,latency_s,5.385212
1757024138.713,latency_s,5.385383
1757024138.713,latency_s,5.379846
1757024138.713,latency_s,5.375364
1757024138.714,latency_s,5.373945
1757024138.714,latency_s,5.367195
1757024138.714,latency_s,5.359349
1757024138.714,latency_s,5.353995
1757024138.714,latency_s,5.342501
1757024138.714,latency_s,5.400746
1757024138.714,latency_s,5.382787
1757024138.715,latency_s,5.335830
1757024138.715,latency_s,5.302985
1757024138.715,latency_s,5.300868
1757024138.715,latency_s,5.301101
1757024138.715,latency_s,5.295715
1757024138.808,latency_s,5.387396
1757024138.808,latency_s,5.387864
1757024138.808,latency_s,5.379046
1757024138.809,latency_s,5.379118
1757024138.809,latency_s,5.379372
1757024138.809,latency_s,5.374258
1757024138.809,latency_s,5.370547
1757024138.809,latency_s,5.368957
1757024138.809,latency_s,5.362240
1757024138.809,latency_s,5.352900
1757024138.809,latency_s,5.348479
1757024138.809,latency_s,5.337156
1757024138.809,latency_s,5.395398
1757024138.809,latency_s,5.376495
1757024138.904,latency_s,5.424174
1757024138.904,latency_s,5.392030
1757024138.905,latency_s,5.390416
1757024138.905,latency_s,5.390525
1757024138.905,latency_s,5.385685
1757024138.905,latency_s,5.384387
1757024138.905,latency_s,5.384354
1757024138.905,latency_s,5.374574
1757024138.905,latency_s,5.374248
1757024138.905,latency_s,5.374344
1757024138.905,latency_s,5.370019
1757024139.026,latency_s,5.487424
1757024139.026,latency_s,5.485576
1757024139.026,latency_s,5.467850
1757024139.026,latency_s,5.464952
1757024139.027,latency_s,5.512145
1757024139.027,latency_s,5.453712
1757024139.027,latency_s,5.446360
1757024139.027,latency_s,5.413111
1757024139.027,latency_s,5.412228
1757024139.027,latency_s,5.411892
1757024139.027,latency_s,5.406984
1757024139.027,latency_s,5.406048
1757024139.027,latency_s,5.406066
1757024139.027,latency_s,5.395761
1757024139.027,latency_s,5.395781
1757024139.027,latency_s,5.395429
1757024139.027,latency_s,5.391083
1757024139.027,latency_s,5.387503
1757024139.027,latency_s,5.385591
1757024139.027,latency_s,5.368071
1757024139.027,latency_s,5.365086
1757024139.096,latency_s,5.481371
1757024139.097,latency_s,5.423178
1757024139.097,latency_s,5.415475
1757024139.098,latency_s,5.383597
1757024139.098,latency_s,5.382720
1757024139.098,latency_s,5.382519
1757024139.098,latency_s,5.377309
1757024139.098,latency_s,5.376048
1757024139.098,latency_s,5.375972
1757024139.098,latency_s,5.366430
1757024139.098,latency_s,5.366084
1757024139.122,latency_s,5.390572
1757024139.122,latency_s,5.385648
1757024139.122,latency_s,5.381227
1757024139.122,latency_s,5.380312
1757024139.122,latency_s,5.575144
1757024139.123,latency_s,5.474708
1757024139.123,latency_s,5.374591
1757024139.123,latency_s,5.407176
1757024139.193,latency_s,5.431837
1757024139.193,latency_s,5.429947
1757024139.193,latency_s,5.417563
1757024139.193,latency_s,5.410151
1757024139.193,latency_s,5.659858
1757024139.193,latency_s,5.558845
1757024139.193,latency_s,5.458563
1757024139.193,latency_s,5.378344
1757024139.193,latency_s,5.377236
1757024139.193,latency_s,5.377604
1757024139.217,latency_s,5.395570
1757024139.217,latency_s,5.395372
1757024139.218,latency_s,5.395765
1757024139.218,latency_s,5.386061
1757024139.218,latency_s,5.385939
1757024139.218,latency_s,5.385462
1757024139.218,latency_s,5.380712
1757024139.218,latency_s,5.376721
1757024139.218,latency_s,5.375811
1757024139.218,latency_s,5.369360
1757024139.218,latency_s,5.401270
1757024139.218,latency_s,5.356220
1757024139.218,latency_s,5.353777
1757024139.259,latency_s,5.382823
1757024139.314,latency_s,5.478483
1757024139.314,latency_s,5.430294
1757024139.314,latency_s,5.399150
1757024139.314,latency_s,5.397406
1757024139.314,latency_s,5.397535
1757024139.314,latency_s,5.392133
1757024139.314,latency_s,5.391754
1757024139.314,latency_s,5.391849
1757024139.314,latency_s,5.381987
1757024139.314,latency_s,5.381655
1757024139.315,latency_s,5.382006
1757024139.394,latency_s,5.456211
1757024139.394,latency_s,5.452589
1757024139.394,latency_s,5.451712
1757024139.395,latency_s,5.477380
1757024139.395,latency_s,5.432059
1757024139.395,latency_s,5.429155
1757024139.395,latency_s,5.417853
1757024139.410,latency_s,5.474272
1757024139.410,latency_s,5.460850
1757024139.411,latency_s,5.425567
1757024139.411,latency_s,5.395949
1757024139.411,latency_s,5.394140
1757024139.411,latency_s,5.394069
1757024139.411,latency_s,5.388299
1757024139.411,latency_s,5.388326
1757024139.411,latency_s,5.388539
1757024139.411,latency_s,5.378217
1757024139.411,latency_s,5.377743
1757024139.411,latency_s,5.377623
1757024139.411,latency_s,5.372405
1757024139.411,latency_s,5.369012
1757024139.507,latency_s,5.463413
1757024139.507,latency_s,5.489544
1757024139.507,latency_s,5.443782
1757024139.507,latency_s,5.440136
1757024139.507,latency_s,5.471183
1757024139.507,latency_s,5.429850
1757024139.507,latency_s,5.458119
1757024139.507,latency_s,5.421576
1757024139.507,latency_s,5.392400
1757024139.507,latency_s,5.390460
1757024139.508,latency_s,5.390179
1757024139.508,latency_s,5.384462
1757024139.508,latency_s,5.384495
1757024139.508,latency_s,5.384812
1757024139.604,latency_s,5.470121
1757024139.604,latency_s,5.470060
1757024139.604,latency_s,5.469939
1757024139.604,latency_s,5.486383
1757024139.604,latency_s,5.464499
1757024139.604,latency_s,5.461543
1757024139.604,latency_s,5.460173
1757024139.604,latency_s,5.439309
1757024139.604,latency_s,5.437041
1757024139.604,latency_s,5.467698
1757024139.604,latency_s,5.454793
1757024139.604,latency_s,5.426363
1757024139.604,latency_s,5.417000
1757024139.605,latency_s,5.389444
1757024139.605,latency_s,5.387169
1757024139.605,latency_s,5.386081
1757024139.605,latency_s,5.381308
1757024139.701,latency_s,5.477443
1757024139.702,latency_s,5.478164
1757024139.702,latency_s,5.483052
1757024139.702,latency_s,5.468008
1757024139.702,latency_s,5.467536
1757024139.702,latency_s,5.467557
1757024139.702,latency_s,5.461737
1757024139.702,latency_s,5.458832
1757024139.702,latency_s,5.436870
1757024139.702,latency_s,5.464373
1757024139.702,latency_s,5.433582
1757024139.702,latency_s,5.451278
1757024139.702,latency_s,5.423399
1757024139.702,latency_s,5.412982
1757024139.794,latency_s,5.478349
1757024139.796,latency_s,5.478233
1757024139.796,latency_s,5.477309
1757024139.796,latency_s,5.472253
1757024139.796,latency_s,5.471884
1757024139.796,latency_s,5.471942
1757024139.796,latency_s,5.477472
1757024139.796,latency_s,5.462030
1757024139.797,latency_s,5.461958
1757024139.797,latency_s,5.461969
1757024139.797,latency_s,5.455947
1757024139.797,latency_s,5.453027
1757024139.797,latency_s,5.458310
1757024139.797,latency_s,5.445608
1757024139.797,latency_s,5.431469
1757024139.797,latency_s,5.427517
1757024139.797,latency_s,5.418050
1757024139.797,latency_s,5.404347
1757024139.891,latency_s,5.474832
1757024139.891,latency_s,5.472614
1757024139.892,latency_s,5.472331
1757024139.892,latency_s,5.467301
1757024139.892,latency_s,5.467122
1757024139.892,latency_s,5.472402
1757024139.892,latency_s,5.466781
1757024139.892,latency_s,5.457018
1757024139.892,latency_s,5.457181
1757024139.892,latency_s,5.457183
1757024139.893,latency_s,5.450764
1757024139.893,latency_s,5.647576
1757024139.893,latency_s,5.547071
1757024139.893,latency_s,5.448467
1757024139.986,latency_s,5.547240
1757024139.987,latency_s,5.534533
1757024139.987,latency_s,5.521092
1757024139.987,latency_s,5.516307
1757024139.987,latency_s,5.507967
1757024139.987,latency_s,5.493597
1757024139.987,latency_s,5.470460
1757024139.988,latency_s,5.468625
1757024139.988,latency_s,5.468073
1757024139.988,latency_s,5.467732
1757024139.988,latency_s,5.463156
1757024139.988,latency_s,5.462891
1757024139.988,latency_s,5.462228
1757024139.988,latency_s,5.452890
1757024139.988,latency_s,5.453196
1757024140.081,latency_s,5.545904
1757024140.082,latency_s,5.635394
1757024140.082,latency_s,5.539197
1757024140.084,latency_s,5.539103
1757024140.084,latency_s,5.543766
1757024140.084,latency_s,5.531144
1757024140.084,latency_s,5.517859
1757024140.084,latency_s,5.512700
1757024140.084,latency_s,5.503763
1757024140.085,latency_s,5.490100
1757024140.085,latency_s,5.467412
1757024140.085,latency_s,5.465303
1757024140.085,latency_s,5.464505
1757024140.085,latency_s,5.464144
1757024140.085,latency_s,5.459320
1757024140.085,latency_s,5.459329
1757024140.085,latency_s,5.458390
1757024140.178,latency_s,5.631388
1757024140.178,latency_s,5.542403
1757024140.178,latency_s,5.542397
1757024140.178,latency_s,5.542527
1757024140.178,latency_s,5.534115
1757024140.178,latency_s,5.533612
1757024140.178,latency_s,5.537174
1757024140.178,latency_s,5.521956
1757024140.179,latency_s,5.509849
1757024140.179,latency_s,5.506185
1757024140.179,latency_s,5.497458
1757024140.179,latency_s,5.483317
1757024140.180,latency_s,5.461037
1757024140.180,latency_s,5.459111
1757024140.180,latency_s,5.459191
1757024140.274,latency_s,5.553307
1757024140.274,latency_s,5.548435
1757024140.275,latency_s,5.546915
1757024140.275,latency_s,5.547079
1757024140.275,latency_s,5.628083
1757024140.275,latency_s,5.538852
1757024140.275,latency_s,5.538890
1757024140.276,latency_s,5.539062
1757024140.276,latency_s,5.534185
1757024140.276,latency_s,5.530842
1757024140.276,latency_s,5.530756
1757024140.276,latency_s,5.517380
1757024140.276,latency_s,5.506301
1757024140.276,latency_s,5.502388
1757024140.276,latency_s,5.493824
1757024140.314,latency_s,5.516056
1757024140.314,latency_s,5.494535
1757024140.370,latency_s,5.548491
1757024140.370,latency_s,5.548549
1757024140.370,latency_s,5.548203
1757024140.370,latency_s,5.622234
1757024140.370,latency_s,5.543812
1757024140.370,latency_s,5.541322
1757024140.371,latency_s,5.542062
1757024140.371,latency_s,5.534576
1757024140.371,latency_s,5.534322
1757024140.371,latency_s,5.534304
1757024140.371,latency_s,5.529499
1757024140.371,latency_s,5.526494
1757024140.372,latency_s,5.526336
1757024140.372,latency_s,5.511889
1757024140.372,latency_s,5.501513
1757024140.467,latency_s,5.592972
1757024140.467,latency_s,5.584615
1757024140.467,latency_s,5.568594
1757024140.467,latency_s,5.547905
1757024140.467,latency_s,5.618942
1757024140.467,latency_s,5.545437
1757024140.467,latency_s,5.545517
1757024140.467,latency_s,5.540696
1757024140.467,latency_s,5.538639
1757024140.467,latency_s,5.538642
1757024140.468,latency_s,5.530418
1757024140.468,latency_s,5.530313
1757024140.468,latency_s,5.529528
1757024140.468,latency_s,5.525089
1757024140.468,latency_s,5.522202
1757024140.468,latency_s,5.521998
1757024140.468,latency_s,5.506741
1757024140.564,latency_s,5.593127
1757024140.564,latency_s,5.588531
1757024140.564,latency_s,5.581339
1757024140.564,latency_s,5.565128
1757024140.564,latency_s,5.615900
1757024140.564,latency_s,5.544523
1757024140.565,latency_s,5.542481
1757024140.565,latency_s,5.542152
1757024140.565,latency_s,5.537224
1757024140.565,latency_s,5.535305
1757024140.565,latency_s,5.535262
1757024140.565,latency_s,5.526928
1757024140.565,latency_s,5.526878
1757024140.565,latency_s,5.525993
1757024140.565,latency_s,5.522109
1757024140.661,latency_s,5.614399
1757024140.661,latency_s,5.614527
1757024140.661,latency_s,5.599183
1757024140.661,latency_s,5.589022
1757024140.661,latency_s,5.583653
1757024140.661,latency_s,5.576945
1757024140.661,latency_s,5.561148
1757024140.661,latency_s,5.612070
1757024140.661,latency_s,5.540502
1757024140.661,latency_s,5.538691
1757024140.661,latency_s,5.538514
1757024140.661,latency_s,5.739409
1757024140.661,latency_s,5.639189
1757024140.661,latency_s,5.538666
1757024140.661,latency_s,5.533437
1757024140.661,latency_s,5.531518
1757024140.755,latency_s,5.625097
1757024140.757,latency_s,5.618322
1757024140.757,latency_s,5.617368
1757024140.757,latency_s,5.617269
1757024140.757,latency_s,5.612503
1757024140.757,latency_s,5.610625
1757024140.757,latency_s,5.610443
1757024140.757,latency_s,5.591873
1757024140.757,latency_s,5.584313
1757024140.757,latency_s,5.579646
1757024140.757,latency_s,5.572305
1757024140.757,latency_s,5.556527
1757024140.757,latency_s,5.606449
1757024140.757,latency_s,5.535688
1757024140.757,latency_s,5.533961
1757024140.757,latency_s,5.533752
1757024140.852,latency_s,5.628552
1757024140.852,latency_s,5.623581
1757024140.852,latency_s,5.621678
1757024140.852,latency_s,5.621311
1757024140.852,latency_s,5.613277
1757024140.852,latency_s,5.612229
1757024140.853,latency_s,5.612665
1757024140.853,latency_s,5.607720
1757024140.853,latency_s,5.605840
1757024140.853,latency_s,5.605863
1757024140.853,latency_s,5.586998
1757024140.853,latency_s,5.579211
1757024140.853,latency_s,5.573843
1757024140.853,latency_s,5.567382
1757024140.853,latency_s,5.551290
1757024140.853,latency_s,5.602007
1757024140.948,latency_s,5.625306
1757024140.948,latency_s,5.624283
1757024140.948,latency_s,5.624335
1757024140.948,latency_s,5.624759
1757024140.948,latency_s,5.619317
1757024140.948,latency_s,5.617414
1757024140.948,latency_s,5.617154
1757024140.948,latency_s,5.609056
1757024140.949,latency_s,5.608507
1757024140.949,latency_s,5.608684
1757024140.949,latency_s,5.602279
1757024140.949,latency_s,5.601369
1757024140.949,latency_s,5.600342
1757024140.949,latency_s,5.582540
1757024140.949,latency_s,5.574790
1757024140.949,latency_s,5.569263
1757024141.046,latency_s,5.659101
1757024141.046,latency_s,5.694813
1757024141.046,latency_s,5.643964
1757024141.046,latency_s,5.622654
1757024141.046,latency_s,5.622438
1757024141.046,latency_s,5.622617
1757024141.046,latency_s,5.621463
1757024141.046,latency_s,5.617065
1757024141.047,latency_s,5.615124
1757024141.047,latency_s,5.614369
1757024141.047,latency_s,5.607025
1757024141.047,latency_s,5.606631
1757024141.047,latency_s,5.606372
1757024141.047,latency_s,5.600128
1757024141.047,latency_s,5.599407
1757024141.047,latency_s,5.597995
1757024141.141,latency_s,5.673952
1757024141.142,latency_s,5.666677
1757024141.142,latency_s,5.661880
1757024141.142,latency_s,5.654187
1757024141.142,latency_s,5.690323
1757024141.143,latency_s,5.638809
1757024141.143,latency_s,5.619063
1757024141.143,latency_s,5.618827
1757024141.143,latency_s,5.618790
1757024141.143,latency_s,5.617903
1757024141.143,latency_s,5.613183
1757024141.143,latency_s,5.611210
1757024141.143,latency_s,5.610708
1757024141.143,latency_s,5.603285
1757024141.143,latency_s,5.602799
1757024141.143,latency_s,5.602494
1757024141.237,latency_s,5.689540
1757024141.238,latency_s,5.689814
1757024141.238,latency_s,5.687426
1757024141.238,latency_s,5.668817
1757024141.238,latency_s,5.662702
1757024141.238,latency_s,5.656823
1757024141.238,latency_s,5.684553
1757024141.238,latency_s,5.649501
1757024141.238,latency_s,5.628824
1757024141.238,latency_s,5.613135
1757024141.238,latency_s,5.612908
1757024141.238,latency_s,5.612689
1757024141.239,latency_s,5.613228
1757024141.239,latency_s,5.608387
1757024141.239,latency_s,5.606396
1757024141.239,latency_s,5.606177
1757024141.334,latency_s,5.693773
1757024141.334,latency_s,5.693372
1757024141.334,latency_s,5.691989
1757024141.335,latency_s,5.687326
1757024141.335,latency_s,5.687353
1757024141.336,latency_s,5.684688
1757024141.336,latency_s,5.665003
1757024141.336,latency_s,5.660117
1757024141.336,latency_s,5.681883
1757024141.336,latency_s,5.652803
1757024141.431,latency_s,5.741869
1757024141.431,latency_s,5.721132
1757024141.431,latency_s,5.705803
1757024141.431,latency_s,5.705927
1757024141.431,latency_s,5.705672
1757024141.432,latency_s,5.705528
1757024141.432,latency_s,5.700713
1757024141.432,latency_s,5.698780
1757024141.432,latency_s,5.698621
1757024141.432,latency_s,5.691039
1757024141.432,latency_s,5.690846
1757024141.432,latency_s,5.688473
1757024141.432,latency_s,5.683532
1757024141.432,latency_s,5.683479
1757024141.432,latency_s,5.680214
1757024141.432,latency_s,5.660347
1757024141.432,latency_s,5.655671
1757024141.432,latency_s,5.677400
1757024141.432,latency_s,5.648264
1757024141.433,latency_s,5.641510
1757024141.433,latency_s,5.622310
1757024141.433,latency_s,5.606828
1757024141.524,latency_s,5.698134
1757024141.524,latency_s,5.697695
1757024141.525,latency_s,5.697701
1757024141.528,latency_s,5.696720
1757024141.528,latency_s,5.694379
1757024141.528,latency_s,5.694158
1757024141.528,latency_s,5.686652
1757024141.528,latency_s,5.686449
1757024141.528,latency_s,5.684214
1757024141.528,latency_s,5.679311
1757024141.528,latency_s,5.679215
1757024141.528,latency_s,5.674629
1757024141.528,latency_s,5.656438
1757024141.528,latency_s,5.673399
1757024141.528,latency_s,5.650215
1757024141.528,latency_s,5.643682
1757024141.528,latency_s,5.637093
1757024141.528,latency_s,5.617394
1757024141.529,latency_s,5.601859
1757024141.620,latency_s,5.693046
1757024141.620,latency_s,5.691267
1757024141.620,latency_s,5.691228
1757024141.620,latency_s,5.688335
1757024141.620,latency_s,5.686532
1757024141.620,latency_s,5.685676
1757024141.620,latency_s,5.678332
1757024141.620,latency_s,5.678056
1757024141.620,latency_s,5.676312
1757024141.624,latency_s,5.674899
1757024141.624,latency_s,5.675042
1757024141.625,latency_s,5.670297
1757024141.625,latency_s,5.669472
1757024141.625,latency_s,5.651743
1757024141.625,latency_s,5.645189
1757024141.625,latency_s,5.639599
1757024141.715,latency_s,5.723346
1757024141.715,latency_s,5.703642
1757024141.715,latency_s,5.688382
1757024141.715,latency_s,5.688444
1757024141.715,latency_s,5.686046
1757024141.715,latency_s,5.686067
1757024141.716,latency_s,5.683312
1757024141.721,latency_s,5.686877
1757024141.721,latency_s,5.686007
1757024141.721,latency_s,5.678658
1757024141.721,latency_s,5.677691
1757024141.721,latency_s,5.676275
1757024141.721,latency_s,5.671257
1757024141.721,latency_s,5.671209
1757024141.721,latency_s,5.666321
1757024141.721,latency_s,5.666066
1757024141.721,latency_s,5.647790
1757024141.721,latency_s,5.640459
1757024141.722,latency_s,5.635527
1757024141.810,latency_s,5.716918
1757024141.811,latency_s,5.698400
1757024141.811,latency_s,5.683298
1757024141.811,latency_s,5.683330
1757024141.811,latency_s,5.681180
1757024141.811,latency_s,5.681049
1757024141.811,latency_s,5.678044
1757024141.811,latency_s,5.676132
1757024141.811,latency_s,5.675637
1757024141.811,latency_s,5.667814
1757024141.811,latency_s,5.666837
1757024141.811,latency_s,5.665681
1757024141.811,latency_s,5.660855
1757024141.906,latency_s,5.755838
1757024141.907,latency_s,5.751046
1757024141.907,latency_s,5.750807
1757024141.907,latency_s,5.732104
1757024141.907,latency_s,5.721082
1757024141.907,latency_s,5.720140
1757024141.907,latency_s,5.713142
1757024141.907,latency_s,5.694315
1757024141.907,latency_s,5.678811
1757024141.907,latency_s,5.678286
1757024141.907,latency_s,5.676941
1757024141.907,latency_s,5.676790
1757024141.907,latency_s,5.674127
1757024141.907,latency_s,5.672234
1757024141.907,latency_s,5.670586
1757024141.907,latency_s,5.663878
1757024141.907,latency_s,5.662821
1757024141.907,latency_s,5.661653
1757024141.907,latency_s,5.656847
1757024142.001,latency_s,5.749377
1757024142.003,latency_s,5.746841
1757024142.003,latency_s,5.747124
1757024142.003,latency_s,5.727914
1757024142.003,latency_s,5.717500
1757024142.003,latency_s,5.715193
1757024142.003,latency_s,5.708710
1757024142.003,latency_s,5.690395
1757024142.003,latency_s,5.675244
1757024142.004,latency_s,5.674800
1757024142.004,latency_s,5.672822
1757024142.004,latency_s,5.672842
1757024142.004,latency_s,5.669962
1757024142.004,latency_s,5.668165
1757024142.004,latency_s,5.666264
1757024142.004,latency_s,5.659831
1757024142.004,latency_s,5.658889
1757024142.004,latency_s,5.656932
1757024142.004,latency_s,5.652585
1757024142.004,latency_s,5.651512
1757024142.004,latency_s,5.647858
1757024142.004,latency_s,5.647924
1757024142.004,latency_s,5.627087
1757024142.004,latency_s,5.617886
1757024142.004,latency_s,5.615965
1757024142.004,latency_s,5.608479
1757024142.004,latency_s,5.590834
1757024142.097,latency_s,5.668526
1757024142.097,latency_s,5.666219
1757024142.097,latency_s,5.666094
1757024142.097,latency_s,5.666067
1757024142.098,latency_s,5.664038
1757024142.099,latency_s,5.662772
1757024142.099,latency_s,5.660649
1757024142.099,latency_s,5.654383
1757024142.099,latency_s,5.653442
1757024142.099,latency_s,5.651585
1757024142.099,latency_s,5.647966
1757024142.100,latency_s,5.645612
1757024142.100,latency_s,5.642706
1757024142.100,latency_s,5.642446
1757024142.100,latency_s,5.621017
1757024142.100,latency_s,5.612731
1757024142.100,latency_s,5.610809
1757024142.100,latency_s,5.603345
1757024142.100,latency_s,5.585959
1757024142.100,latency_s,5.570612
1757024142.193,latency_s,5.661943
1757024142.193,latency_s,5.661854
1757024142.193,latency_s,5.661837
1757024142.194,latency_s,5.659126
1757024142.195,latency_s,5.657537
1757024142.195,latency_s,5.656947
1757024142.195,latency_s,5.649779
1757024142.195,latency_s,5.648895
1757024142.196,latency_s,5.646407
1757024142.196,latency_s,5.643899
1757024142.196,latency_s,5.640479
1757024142.196,latency_s,5.638248
1757024142.196,latency_s,5.637956
1757024142.196,latency_s,5.616529
1757024142.196,latency_s,5.605303
1757024142.196,latency_s,5.605379
1757024142.383,latency_s,5.785420
1757024142.383,latency_s,5.768824
1757024142.383,latency_s,5.753596
1757024142.383,latency_s,5.751211
1757024142.383,latency_s,5.751214
1757024142.383,latency_s,5.751219
1757024142.383,latency_s,5.748475
1757024142.383,latency_s,5.745447
1757024142.384,latency_s,5.744589
1757024142.384,latency_s,5.737036
1757024142.384,latency_s,5.736861
1757024142.384,latency_s,5.734243
1757024142.384,latency_s,5.730927
1757024142.384,latency_s,5.727945
1757024142.384,latency_s,5.726063
1757024142.384,latency_s,5.725011
1757024142.384,latency_s,5.703421
1757024142.384,latency_s,5.692878
1757024142.384,latency_s,5.692886
1757024142.384,latency_s,5.685463
1757024142.384,latency_s,5.669042
1757024142.387,latency_s,5.656968
1757024142.387,latency_s,5.655122
1757024142.387,latency_s,5.655006
1757024142.387,latency_s,5.654913
1757024142.387,latency_s,5.651826
1757024142.387,latency_s,5.648915
1757024142.388,latency_s,5.647970
1757024142.388,latency_s,5.640549
1757024142.388,latency_s,5.640502
1757024142.388,latency_s,5.637645
1757024142.388,latency_s,5.634804
1757024142.479,latency_s,5.722453
1757024142.479,latency_s,5.720619
1757024142.479,latency_s,5.719685
1757024142.479,latency_s,5.696600
1757024142.479,latency_s,5.687916
1757024142.479,latency_s,5.687864
1757024142.479,latency_s,5.679337
1757024142.479,latency_s,5.662994
1757024142.479,latency_s,5.647481
1757024142.479,latency_s,5.646977
1757024142.480,latency_s,5.646771
1757024142.524,latency_s,5.691317
1757024142.524,latency_s,5.688365
1757024142.524,latency_s,5.685435
1757024142.524,latency_s,5.684036
1757024142.524,latency_s,5.675681
1757024142.524,latency_s,5.675721
1757024142.524,latency_s,5.674051
1757024142.574,latency_s,5.720329
1757024142.574,latency_s,5.717204
1757024142.574,latency_s,5.714849
1757024142.574,latency_s,5.713905
1757024142.574,latency_s,5.690349
1757024142.575,latency_s,5.682499
1757024142.575,latency_s,5.682601
1757024142.575,latency_s,5.673285
1757024142.575,latency_s,5.658117
1757024142.575,latency_s,5.642294
1757024142.575,latency_s,5.641305
1757024142.575,latency_s,5.641345
1757024142.575,latency_s,5.641052
1757024142.575,latency_s,5.639040
1757024142.669,latency_s,5.729506
1757024142.669,latency_s,5.728085
1757024142.669,latency_s,5.719218
1757024142.669,latency_s,5.719196
1757024142.669,latency_s,5.717853
1757024142.669,latency_s,5.714982
1757024142.669,latency_s,5.711982
1757024142.669,latency_s,5.710134
1757024142.670,latency_s,5.709542
1757024142.670,latency_s,5.685442
1757024142.670,latency_s,5.676198
1757024142.670,latency_s,5.676257
1757024142.670,latency_s,5.668162
1757024142.670,latency_s,5.652644
1757024142.670,latency_s,5.635740
1757024142.670,latency_s,5.635862
1757024142.670,latency_s,5.635543
1757024142.670,latency_s,5.635712
1757024142.764,latency_s,5.728141
1757024142.764,latency_s,5.724474
1757024142.764,latency_s,5.722532
1757024142.764,latency_s,5.714183
1757024142.765,latency_s,5.714370
1757024142.765,latency_s,5.713147
1757024142.765,latency_s,5.710032
1757024142.765,latency_s,5.707108
1757024142.765,latency_s,5.705281
1757024142.765,latency_s,5.704314
1757024142.765,latency_s,5.679104
1757024142.765,latency_s,5.670254
1757024142.765,latency_s,5.668766
1757024142.765,latency_s,5.663028
1757024142.859,latency_s,5.741539
1757024142.860,latency_s,5.725095
1757024142.860,latency_s,5.725022
1757024142.860,latency_s,5.724965
1757024142.860,latency_s,5.724702
1757024142.860,latency_s,5.723639
1757024142.860,latency_s,5.719307
1757024142.860,latency_s,5.717417
1757024142.860,latency_s,5.709025
1757024142.860,latency_s,5.709202
1757024142.860,latency_s,5.708242
1757024142.860,latency_s,5.705364
1757024142.860,latency_s,5.701889
1757024142.860,latency_s,5.700593
1757024142.860,latency_s,5.699131
1757024142.860,latency_s,5.673529
1757024142.861,latency_s,5.663845
1757024142.861,latency_s,5.657718
1757024142.955,latency_s,5.732430
1757024142.955,latency_s,5.720090
1757024142.955,latency_s,5.720361
1757024142.955,latency_s,5.720351
1757024142.955,latency_s,5.719002
1757024142.955,latency_s,5.719833
1757024142.955,latency_s,5.714129
1757024142.955,latency_s,5.712519
1757024142.956,latency_s,5.702873
1757024142.956,latency_s,5.702895
1757024142.956,latency_s,5.702906
1757024142.956,latency_s,5.700083
1757024142.956,latency_s,5.696193
1757024142.956,latency_s,5.695714
1757024143.051,latency_s,5.788881
1757024143.051,latency_s,5.762523
1757024143.051,latency_s,5.753681
1757024143.051,latency_s,5.746709
1757024143.051,latency_s,5.727108
1757024143.051,latency_s,5.715845
1757024143.051,latency_s,5.715574
1757024143.051,latency_s,5.715292
1757024143.051,latency_s,5.715645
1757024143.051,latency_s,5.714943
1757024143.051,latency_s,5.709967
1757024143.051,latency_s,5.708169
1757024143.052,latency_s,5.698524
1757024143.052,latency_s,5.698530
1757024143.052,latency_s,5.695807
1757024143.146,latency_s,5.786089
1757024143.146,latency_s,5.786274
1757024143.147,latency_s,5.783538
1757024143.147,latency_s,5.754188
1757024143.147,latency_s,5.950960
1757024143.147,latency_s,5.849822
1757024143.147,latency_s,5.749215
1757024143.147,latency_s,5.741510
1757024143.147,latency_s,5.722630
1757024143.147,latency_s,5.711323
1757024143.147,latency_s,5.711154
1757024143.147,latency_s,5.711172
1757024143.147,latency_s,5.710592
1757024143.147,latency_s,5.710829
1757024143.147,latency_s,5.705264
1757024143.147,latency_s,5.703158
1757024143.147,latency_s,5.694003
1757024143.242,latency_s,5.788375
1757024143.242,latency_s,5.785573
1757024143.242,latency_s,5.781227
1757024143.242,latency_s,5.781052
1757024143.242,latency_s,5.778388
1757024143.242,latency_s,5.844484
1757024143.242,latency_s,5.745597
1757024143.242,latency_s,5.743457
1757024143.242,latency_s,5.736120
1757024143.242,latency_s,5.717369
1757024143.242,latency_s,5.706101
1757024143.242,latency_s,5.705940
1757024143.242,latency_s,5.706130
1757024143.242,latency_s,5.705627
1757024143.242,latency_s,5.705298
1757024143.338,latency_s,5.796174
1757024143.338,latency_s,5.793864
1757024143.339,latency_s,5.784507
1757024143.339,latency_s,5.784549
1757024143.433,latency_s,6.080501
1757024143.433,latency_s,5.979956
1757024143.433,latency_s,5.879384
1757024143.434,latency_s,5.877128
1757024143.434,latency_s,5.872716
1757024143.434,latency_s,5.871227
1757024143.434,latency_s,5.869326
1757024143.434,latency_s,5.934936
1757024143.434,latency_s,5.836218
1757024143.434,latency_s,5.834422
1757024143.434,latency_s,5.827034
1757024143.434,latency_s,5.807242
1757024143.434,latency_s,5.796954
1757024143.435,latency_s,5.798448
1757024143.435,latency_s,5.798365
1757024143.436,latency_s,5.798396
1757024143.436,latency_s,5.797627
1757024143.436,latency_s,5.792751
1757024143.436,latency_s,5.790076
1757024143.436,latency_s,5.780062
1757024143.436,latency_s,5.779047
1757024143.436,latency_s,5.778978
1757024143.436,latency_s,5.779197
1757024143.436,latency_s,5.774420
1757024143.436,latency_s,5.772434
1757024143.436,latency_s,5.770015
1757024143.436,latency_s,5.836428
1757024143.436,latency_s,5.737581
1757024143.529,latency_s,5.828753
1757024143.529,latency_s,5.821346
1757024143.529,latency_s,5.800804
1757024143.529,latency_s,5.791960
1757024143.531,latency_s,5.794199
1757024143.531,latency_s,5.794169
1757024143.532,latency_s,5.794016
1757024143.532,latency_s,5.793271
1757024143.532,latency_s,5.788293
1757024143.532,latency_s,5.785155
1757024143.625,latency_s,5.867965
1757024143.625,latency_s,5.867404
1757024143.625,latency_s,5.867299
1757024143.625,latency_s,5.867278
1757024143.625,latency_s,5.862809
1757024143.625,latency_s,5.860819
1757024143.625,latency_s,5.857942
1757024143.625,latency_s,5.924778
1757024143.625,latency_s,5.825924
1757024143.625,latency_s,5.824447
1757024143.625,latency_s,5.816632
1757024143.625,latency_s,5.795956
1757024143.625,latency_s,5.787483
1757024143.627,latency_s,5.789505
1757024143.627,latency_s,5.789514
1757024143.627,latency_s,5.789463
1757024143.627,latency_s,5.788555
1757024143.627,latency_s,5.783488
1757024143.628,latency_s,5.779198
1757024143.628,latency_s,5.770352
1757024143.628,latency_s,5.770209
1757024143.628,latency_s,5.769976
1757024143.721,latency_s,5.863200
1757024143.721,latency_s,5.858699
1757024143.722,latency_s,5.856793
1757024143.722,latency_s,5.853884
1757024143.725,latency_s,5.924283
1757024143.726,latency_s,5.825898
1757024143.726,latency_s,5.824923
1757024143.726,latency_s,5.816758
1757024143.726,latency_s,5.795827
1757024143.726,latency_s,5.787680
1757024143.726,latency_s,5.787409
1757024143.726,latency_s,5.787560
1757024143.726,latency_s,5.787322
1757024143.726,latency_s,5.786806
1757024143.726,latency_s,5.781998
1757024143.820,latency_s,5.871789
1757024143.821,latency_s,5.862720
1757024143.821,latency_s,5.862535
1757024143.821,latency_s,5.862452
1757024143.821,latency_s,5.862278
1757024143.821,latency_s,5.857885
1757024143.821,latency_s,5.855918
1757024143.821,latency_s,5.919163
1757024143.821,latency_s,5.852960
1757024143.821,latency_s,5.821084
1757024143.822,latency_s,5.820274
1757024143.822,latency_s,5.811813
1757024143.822,latency_s,5.791116
1757024143.822,latency_s,5.782841
1757024143.822,latency_s,5.782918
1757024143.822,latency_s,5.782498
1757024143.822,latency_s,5.782741
1757024143.822,latency_s,5.782309
1757024143.822,latency_s,5.777064
1757024143.822,latency_s,5.772760
1757024143.822,latency_s,5.764057
1757024143.918,latency_s,5.859817
1757024143.918,latency_s,5.858878
1757024143.919,latency_s,5.858855
1757024143.919,latency_s,5.916312
1757024143.919,latency_s,5.855297
1757024143.919,latency_s,5.853180
1757024143.919,latency_s,5.848832
1757024143.919,latency_s,5.816763
1757024143.919,latency_s,5.816514
1757024143.919,latency_s,5.807439
1757024143.919,latency_s,5.779899
1757024143.919,latency_s,5.779266
1757024143.919,latency_s,5.779608
1757024144.015,latency_s,5.874571
1757024144.015,latency_s,5.875015
1757024144.015,latency_s,5.869385
1757024144.015,latency_s,5.864175
1757024144.015,latency_s,5.912308
1757024144.015,latency_s,5.856172
1757024144.015,latency_s,5.856088
1757024144.015,latency_s,5.854825
1757024144.015,latency_s,5.854423
1757024144.015,latency_s,5.850905
1757024144.015,latency_s,5.848933
1757024144.015,latency_s,5.845006
1757024144.015,latency_s,5.812957
1757024144.015,latency_s,5.812346
1757024144.015,latency_s,5.802754
1757024144.015,latency_s,5.775337
1757024144.015,latency_s,5.775486
1757024144.015,latency_s,5.775447
1757024144.015,latency_s,5.775516
1757024144.111,latency_s,5.870010
1757024144.111,latency_s,5.864717
1757024144.111,latency_s,5.908061
1757024144.111,latency_s,5.859340
1757024144.111,latency_s,5.851573
1757024144.111,latency_s,5.851573
1757024144.112,latency_s,5.851300
1757024144.112,latency_s,5.850885
1757024144.112,latency_s,5.847488
1757024144.112,latency_s,5.845083
1757024144.112,latency_s,5.841193
1757024144.112,latency_s,5.809273
1757024144.112,latency_s,5.808607
1757024144.113,latency_s,5.800811
1757024144.207,latency_s,6.074758
1757024144.207,latency_s,5.973803
1757024144.207,latency_s,5.866854
1757024144.207,latency_s,5.866695
1757024144.207,latency_s,5.866879
1757024144.207,latency_s,5.866394
1757024144.207,latency_s,5.866484
1757024144.207,latency_s,5.861062
1757024144.207,latency_s,5.904260
1757024144.207,latency_s,5.855601
1757024144.207,latency_s,5.847411
1757024144.207,latency_s,5.847316
1757024144.207,latency_s,5.846523
1757024144.207,latency_s,5.846387
1757024144.208,latency_s,5.842713
1757024144.208,latency_s,5.839780
1757024144.208,latency_s,5.836349
1757024144.209,latency_s,5.805620
1757024144.209,latency_s,5.805144
1757024144.209,latency_s,5.796294
1757024144.209,latency_s,5.874333
1757024144.209,latency_s,5.767832
1757024144.209,latency_s,5.767776
1757024144.209,latency_s,5.767807
1757024144.209,latency_s,5.767908
1757024144.209,latency_s,5.767751
1757024144.209,latency_s,5.805902
1757024144.209,latency_s,5.762615
1757024144.209,latency_s,5.757456
1757024144.304,latency_s,5.844275
1757024144.304,latency_s,5.844200
1757024144.305,latency_s,5.843696
1757024144.305,latency_s,5.843412
1757024144.306,latency_s,5.840129
1757024144.306,latency_s,5.837260
1757024144.306,latency_s,5.834252
1757024144.306,latency_s,5.802331
1757024144.306,latency_s,5.800925
1757024144.306,latency_s,5.792133
1757024144.306,latency_s,5.869544
1757024144.306,latency_s,5.802242
1757024144.306,latency_s,5.764132
1757024144.306,latency_s,5.764309
1757024144.306,latency_s,5.764288
1757024144.306,latency_s,5.764339
1757024144.306,latency_s,5.763962
1757024144.306,latency_s,5.758413
1757024144.306,latency_s,5.752986
1757024144.306,latency_s,5.745673
1757024144.401,latency_s,5.840167
1757024144.401,latency_s,5.839344
1757024144.401,latency_s,5.839324
1757024144.401,latency_s,5.835312
1757024144.401,latency_s,5.832138
1757024144.401,latency_s,5.829576
1757024144.401,latency_s,5.797626
1757024144.401,latency_s,5.796333
1757024144.402,latency_s,5.787299
1757024144.402,latency_s,5.864824
1757024144.402,latency_s,5.797753
1757024144.402,latency_s,5.759034
1757024144.402,latency_s,5.759280
1757024144.402,latency_s,5.758978
1757024144.496,latency_s,5.853969
1757024144.496,latency_s,5.853376
1757024144.498,latency_s,5.849684
1757024144.498,latency_s,5.837108
1757024144.498,latency_s,5.861303
