1756887918.996,latency_s,0.208516
1756887919.012,latency_s,0.219420
1756887919.022,latency_s,0.227611
1756887919.022,latency_s,0.222670
1756887919.050,latency_s,0.284057
1756887919.065,latency_s,0.248411
1756887919.068,latency_s,0.236775
1756887919.088,latency_s,0.331156
1756887919.097,latency_s,0.236943
1756887919.212,latency_s,0.377406
1756887919.213,latency_s,0.360059
1756887919.213,latency_s,0.385188
1756887919.213,latency_s,0.359716
1756887919.213,latency_s,0.346429
1756887919.213,latency_s,0.245328
1756887919.213,latency_s,0.323563
1756887919.213,latency_s,0.322575
1756887919.235,latency_s,0.340461
1756887919.243,latency_s,0.248309
1756887919.256,latency_s,0.361605
1756887919.269,latency_s,0.274230
1756887919.270,latency_s,0.370217
1756887919.271,latency_s,0.269249
1756887919.296,latency_s,0.428882
1756887919.300,latency_s,0.332615
1756887919.313,latency_s,0.395512
1756887919.317,latency_s,0.298739
1756887919.328,latency_s,0.395897
1756887919.329,latency_s,0.296831
1756887919.368,latency_s,0.401942
1756887919.371,latency_s,0.301471
1756887919.389,latency_s,0.451041
1756887919.392,latency_s,0.353776
1756887919.440,latency_s,0.481311
1756887919.443,latency_s,0.383696
1756887919.447,latency_s,0.519022
1756887919.452,latency_s,0.422928
1756887919.453,latency_s,0.494087
1756887919.456,latency_s,0.395985
1756887919.460,latency_s,0.390560
1756887919.462,latency_s,0.471510
1756887919.466,latency_s,0.373579
1756887919.471,latency_s,0.478356
1756887919.471,latency_s,0.377780
1756887919.471,latency_s,0.276668
1756887919.471,latency_s,0.375233
1756887919.471,latency_s,0.274980
1756887919.471,latency_s,0.375163
1756887919.471,latency_s,0.274877
1756887919.732,latency_s,0.630301
1756887919.734,latency_s,0.530720
1756887919.738,latency_s,0.668944
1756887919.743,latency_s,0.573334
1756887919.743,latency_s,0.471902
1756887919.748,latency_s,0.626335
1756887919.751,latency_s,0.528689
1756887919.757,latency_s,0.623379
1756887919.757,latency_s,0.523191
1756887919.759,latency_s,0.589608
1756887919.763,latency_s,0.492880
1756887919.767,latency_s,0.628018
1756887919.769,latency_s,0.529727
1756887919.772,latency_s,0.432299
1756887919.776,latency_s,0.615826
1756887919.779,latency_s,0.516534
1756887920.001,latency_s,0.638358
1756887920.006,latency_s,0.876135
1756887920.009,latency_s,0.779270
1756887920.012,latency_s,0.681169
1756887920.014,latency_s,0.852624
1756887920.020,latency_s,0.757457
1756887920.022,latency_s,0.655222
1756887920.473,latency_s,1.302718
1756887920.473,latency_s,1.202271
1756887920.474,latency_s,1.279833
1756887920.474,latency_s,1.101856
1756887920.474,latency_s,1.178110
1756887920.474,latency_s,1.077553
1756887920.474,latency_s,1.177373
1756887920.474,latency_s,1.077167
1756887920.474,latency_s,1.242862
1756887920.474,latency_s,1.142604
1756887920.474,latency_s,1.176316
1756887920.474,latency_s,1.075601
1756887920.474,latency_s,1.175662
1756887920.474,latency_s,1.074630
1756887920.474,latency_s,1.169122
1756887920.474,latency_s,1.068288
1756887920.474,latency_s,1.102279
1756887920.474,latency_s,1.001962
1756887920.475,latency_s,1.151585
1756887920.475,latency_s,1.051348
1756887920.475,latency_s,0.949579
1756887920.475,latency_s,1.140925
1756887920.475,latency_s,1.040214
1756887920.475,latency_s,0.939869
1756887920.475,latency_s,1.104241
1756887920.814,latency_s,1.342496
1756887920.817,latency_s,1.244774
1756887920.820,latency_s,1.380081
1756887920.823,latency_s,1.282370
1756887920.827,latency_s,1.364010
1756887920.829,latency_s,1.264440
1756887920.832,latency_s,1.400847
1756887921.277,latency_s,1.746097
1756887921.280,latency_s,1.647792
1756887921.283,latency_s,1.815874
1756887921.286,latency_s,1.715506
1756887921.289,latency_s,1.816642
1756887921.294,latency_s,1.720399
1756887921.296,latency_s,1.798432
1756887921.299,latency_s,1.700635
1756887921.302,latency_s,1.804941
1756887921.305,latency_s,1.706976
1756887921.308,latency_s,1.875986
1756887921.311,latency_s,1.777231
1756887921.315,latency_s,1.679883
1756887921.317,latency_s,1.818573
1756887921.321,latency_s,1.721685
1756887921.325,latency_s,1.625635
1756887921.327,latency_s,1.827264
1756887921.327,latency_s,1.726901
1756887921.328,latency_s,1.625319
1756887921.328,latency_s,1.821211
1756887921.328,latency_s,1.720204
1756887921.328,latency_s,1.619837
1756887921.328,latency_s,1.755543
1756887921.328,latency_s,1.654819
1756887921.328,latency_s,1.554259
1756887921.802,latency_s,2.174440
1756887921.805,latency_s,2.075079
1756887921.808,latency_s,1.977968
1756887921.811,latency_s,2.175208
1756887921.814,latency_s,2.078343
1756887921.817,latency_s,1.980710
1756887921.821,latency_s,2.270829
1756887921.828,latency_s,2.177136
1756887921.831,latency_s,2.078203
1756887921.835,latency_s,1.981473
1756887921.837,latency_s,2.163331
1756887922.493,latency_s,2.718748
1756887922.493,latency_s,2.618269
1756887922.493,latency_s,2.851833
1756887922.493,latency_s,2.751145
1756887923.613,latency_s,3.769547
1756887923.613,latency_s,3.945032
1756887923.613,latency_s,3.843321
1756887923.613,latency_s,3.742356
1756887923.613,latency_s,3.880451
1756887923.613,latency_s,3.780226
1756887923.613,latency_s,3.941931
1756887923.613,latency_s,3.841259
1756887923.613,latency_s,3.740978
1756887923.613,latency_s,3.939111
1756887923.613,latency_s,3.837313
1756887923.613,latency_s,3.914620
1756887923.613,latency_s,3.813581
1756887923.613,latency_s,3.712274
1756887923.613,latency_s,3.736803
1756887923.613,latency_s,3.915434
1756887923.613,latency_s,3.814283
1756887923.613,latency_s,3.713303
1756887923.614,latency_s,3.877306
1756887923.614,latency_s,3.775862
1756887923.614,latency_s,3.675334
1756887923.614,latency_s,3.813253
1756887923.614,latency_s,3.712651
1756887923.614,latency_s,3.811009
1756887923.614,latency_s,3.710264
1756887923.614,latency_s,3.609961
1756887923.614,latency_s,3.804848
1756887923.614,latency_s,3.704798
1756887923.615,latency_s,3.602708
1756887923.618,latency_s,3.743524
1756887923.622,latency_s,3.646612
1756887923.625,latency_s,3.549011
1756887924.312,latency_s,4.380923
1756887924.316,latency_s,4.283929
1756887924.318,latency_s,4.186060
1756887924.321,latency_s,4.383515
1756887924.325,latency_s,4.287007
1756887924.327,latency_s,4.188244
1756887924.332,latency_s,4.375901
1756887924.334,latency_s,4.277111
1756887924.338,latency_s,4.361673
1756887924.341,latency_s,4.263438
1756887924.344,latency_s,4.165369
1756887924.347,latency_s,4.401903
1756887924.350,latency_s,4.304545
1756887924.353,latency_s,4.206696
1756887924.356,latency_s,4.384523
1756887924.356,latency_s,4.284047
1756887924.356,latency_s,4.183866
1756887924.356,latency_s,4.419377
1756887924.356,latency_s,4.318863
1756887924.356,latency_s,4.218534
1756887924.356,latency_s,4.118347
1756887924.356,latency_s,4.383937
1756887924.356,latency_s,4.283786
1756887924.356,latency_s,4.183652
1756887924.356,latency_s,4.392112
1756887924.356,latency_s,4.291292
1756887924.910,latency_s,4.744486
1756887924.914,latency_s,4.936670
1756887924.916,latency_s,4.645458
1756887924.920,latency_s,4.841274
1756887924.923,latency_s,4.744337
1756887924.923,latency_s,4.643729
1756887924.929,latency_s,4.927207
1756887924.932,latency_s,4.829902
1756887924.935,latency_s,4.730313
1756887924.939,latency_s,4.633473
1756887924.942,latency_s,4.940408
1756887924.945,latency_s,4.842597
1756887924.948,latency_s,4.744473
1756887924.952,latency_s,4.646574
1756887924.954,latency_s,4.915485
1756887924.957,latency_s,4.817330
1756887924.962,latency_s,4.721009
1756887924.965,latency_s,4.963726
1756887924.968,latency_s,4.865801
1756887924.970,latency_s,4.766853
1756887924.974,latency_s,4.670318
1756887924.978,latency_s,4.872644
1756887925.585,latency_s,5.379508
1756887925.586,latency_s,5.278576
1756887925.586,latency_s,5.178262
1756887925.592,latency_s,5.479185
1756887925.595,latency_s,5.382009
1756887925.598,latency_s,5.282592
1756887925.601,latency_s,5.184703
1756887925.605,latency_s,5.428303
1756887925.608,latency_s,5.330660
1756887925.608,latency_s,5.230079
1756887925.608,latency_s,5.130198
1756887925.608,latency_s,5.373389
1756887925.608,latency_s,5.272928
1756887925.609,latency_s,5.168672
1756887925.609,latency_s,5.369258
1756887925.609,latency_s,5.266114
1756887926.226,latency_s,5.783118
1756887926.229,latency_s,6.071282
1756887926.232,latency_s,5.973951
1756887926.235,latency_s,5.876146
1756887926.239,latency_s,5.779725
1756887926.241,latency_s,5.962086
1756887926.245,latency_s,5.864586
1756887926.248,latency_s,5.767345
1756887926.251,latency_s,5.670105
1756887926.253,latency_s,6.006421
1756887926.258,latency_s,5.909947
1756887926.261,latency_s,5.811624
1756887926.264,latency_s,5.714452
1756887926.266,latency_s,5.993581
1756887926.270,latency_s,5.896610
1756887926.273,latency_s,5.798556
1756887926.276,latency_s,5.701346
1756887926.276,latency_s,5.936882
1756887926.812,latency_s,6.032487
1756887926.813,latency_s,5.933475
1756887926.819,latency_s,5.837812
1756887926.820,latency_s,6.112186
1756887926.823,latency_s,6.015083
1756887926.826,latency_s,5.917450
1756887926.829,latency_s,5.819679
1756887926.829,latency_s,5.719500
1756887926.829,latency_s,6.055903
1756887926.830,latency_s,5.955653
1756887926.830,latency_s,5.854757
1756887926.830,latency_s,5.754134
1756887926.830,latency_s,6.096636
1756887926.831,latency_s,5.997127
1756887928.158,latency_s,6.847408
1756887928.161,latency_s,6.749217
1756887928.164,latency_s,6.652247
1756887928.167,latency_s,6.555117
1756887928.171,latency_s,6.458605
1756887928.175,latency_s,6.988564
1756887928.177,latency_s,6.890559
1756887928.180,latency_s,6.793385
1756887928.184,latency_s,6.697053
1756887928.187,latency_s,6.599864
1756887928.190,latency_s,6.502403
1756887928.193,latency_s,6.405007
1756887928.195,latency_s,6.783281
1756887928.199,latency_s,6.686212
1756887928.203,latency_s,6.590313
1756887928.206,latency_s,6.492693
1756887928.208,latency_s,6.394612
1756887928.208,latency_s,6.783176
1756887928.823,latency_s,6.407401
1756887928.847,latency_s,6.330965
1756887928.847,latency_s,6.230830
1756887928.847,latency_s,6.130414
1756887928.847,latency_s,6.030135
1756887928.847,latency_s,5.929962
1756887928.847,latency_s,5.829253
1756887928.847,latency_s,6.859030
1756887928.847,latency_s,6.758788
1756887928.847,latency_s,6.657601
1756887928.847,latency_s,6.557153
1756887928.847,latency_s,6.456845
1756887928.847,latency_s,6.356307
1756887928.847,latency_s,6.255954
1756887929.355,latency_s,5.933816
1756887929.358,latency_s,5.836603
1756887929.361,latency_s,6.305501
1756887929.364,latency_s,6.207006
1756887929.368,latency_s,6.110710
1756887929.370,latency_s,6.012205
1756887929.376,latency_s,5.915753
1756887929.377,latency_s,6.258469
1756887929.381,latency_s,6.162506
1756887929.384,latency_s,6.064949
1756887929.387,latency_s,5.967616
1756887929.389,latency_s,5.869370
1756887929.392,latency_s,6.298993
1756887929.395,latency_s,6.201633
1756887929.399,latency_s,6.104145
1756887929.403,latency_s,6.007159
1756887929.405,latency_s,5.909292
1756887929.410,latency_s,5.813803
1756887929.975,latency_s,6.052443
1756887929.975,latency_s,5.952153
1756887929.975,latency_s,5.852022
1756887929.977,latency_s,6.280321
1756887930.092,latency_s,6.294420
1756887930.092,latency_s,6.194247
1756887930.092,latency_s,6.093550
1756887930.092,latency_s,5.993037
1756887930.092,latency_s,5.892264
1756887930.092,latency_s,5.790942
1756887930.092,latency_s,6.371131
1756887930.092,latency_s,6.270779
1756887930.092,latency_s,6.170264
1756887930.092,latency_s,6.069446
1756887930.092,latency_s,5.968871
1756887930.092,latency_s,5.867937
1756887930.092,latency_s,5.767282
1756887930.092,latency_s,6.443493
1756887930.093,latency_s,6.342832
1756887930.093,latency_s,6.242498
1756887930.093,latency_s,6.141546
1756887930.093,latency_s,6.041258
1756887930.093,latency_s,5.940173
1756887930.093,latency_s,5.838802
1756887930.626,latency_s,6.271011
1756887930.626,latency_s,6.930874
1756887930.626,latency_s,6.830231
1756887930.626,latency_s,6.729732
1756887930.626,latency_s,6.629637
1756887930.626,latency_s,6.529377
1756887930.626,latency_s,6.428808
1756887930.626,latency_s,6.058660
1756887930.626,latency_s,5.957721
1756887930.626,latency_s,5.857342
1756887930.626,latency_s,6.402235
1756887930.626,latency_s,6.301703
1756887931.210,latency_s,5.778435
1756887931.212,latency_s,6.205352
1756887931.216,latency_s,6.108330
1756887931.219,latency_s,6.011005
1756887931.222,latency_s,5.914122
1756887931.222,latency_s,5.813427
1756887931.222,latency_s,5.712713
1756887931.222,latency_s,5.611525
1756887931.222,latency_s,6.192837
1756887931.222,latency_s,6.092224
1756887931.222,latency_s,5.992078
1756887931.223,latency_s,5.891752
1756887931.223,latency_s,5.791518
1756887931.223,latency_s,5.691228
1756887931.247,latency_s,6.187860
1756887931.247,latency_s,6.087432
1756887931.247,latency_s,5.987123
1756887931.247,latency_s,5.886105
1756887931.247,latency_s,5.785576
1756887931.247,latency_s,5.684327
1756887931.880,latency_s,6.046502
1756887931.883,latency_s,5.949501
1756887931.887,latency_s,5.851835
1756887931.889,latency_s,6.314260
1756887931.893,latency_s,6.217824
1756887931.896,latency_s,6.120410
1756887932.589,latency_s,6.713571
1756887932.589,latency_s,6.613495
1756887932.589,latency_s,6.513258
1756887932.589,latency_s,7.057856
1756887932.589,latency_s,6.957636
1756887932.589,latency_s,6.857120
1756887932.589,latency_s,6.047795
1756887932.590,latency_s,5.947707
1756887932.590,latency_s,5.847308
1756887932.590,latency_s,6.454026
1756887932.590,latency_s,6.353011
1756887932.590,latency_s,6.252563
1756887932.590,latency_s,6.151821
1756887932.590,latency_s,6.051232
1756887933.204,latency_s,6.565626
1756887933.205,latency_s,6.464968
1756887933.205,latency_s,7.028039
1756887933.205,latency_s,6.927492
1756887933.205,latency_s,6.827276
1756887933.205,latency_s,6.726850
1756887933.205,latency_s,6.626647
1756887933.205,latency_s,6.526361
1756887933.205,latency_s,6.426225
1756887933.205,latency_s,7.069456
1756887933.205,latency_s,6.968428
1756887933.205,latency_s,6.868224
1756887933.205,latency_s,5.717109
1756887933.205,latency_s,5.918783
1756887933.205,latency_s,5.627281
1756887933.205,latency_s,5.820671
1756887933.205,latency_s,5.784505
1756887933.205,latency_s,5.984501
1756887933.847,latency_s,6.703053
1756887933.850,latency_s,6.605897
1756887933.854,latency_s,6.010251
1756887933.857,latency_s,5.913184
1756887933.860,latency_s,5.815495
1756887933.863,latency_s,5.919922
1756887933.867,latency_s,5.823250
1756887933.870,latency_s,5.841655
1756887933.873,latency_s,5.742206
1756887935.081,latency_s,7.093350
1756887935.081,latency_s,6.992618
1756887935.081,latency_s,6.891541
1756887935.081,latency_s,7.062294
1756887935.081,latency_s,6.962128
1756887935.081,latency_s,6.432705
1756887935.081,latency_s,6.332072
1756887935.082,latency_s,7.434239
1756887935.082,latency_s,7.333707
1756887935.082,latency_s,7.232710
1756887935.082,latency_s,7.131802
1756887935.082,latency_s,7.031667
1756887935.082,latency_s,6.931081
1756887935.082,latency_s,6.830630
1756887935.082,latency_s,6.937954
1756887935.082,latency_s,6.837741
1756887935.082,latency_s,6.737006
1756887935.082,latency_s,6.636774
1756887935.082,latency_s,6.535350
1756887935.082,latency_s,6.435226
1756887935.082,latency_s,6.334523
1756887935.082,latency_s,6.849845
1756887935.082,latency_s,6.749651
1756887935.091,latency_s,5.840247
1756887935.092,latency_s,5.739816
1756887935.092,latency_s,6.243523
1756887935.092,latency_s,6.142907
1756887935.092,latency_s,6.042440
1756887935.092,latency_s,5.941818
1756887935.092,latency_s,5.841703
1756887935.092,latency_s,5.741328
1756887935.092,latency_s,6.156894
1756887935.739,latency_s,6.181054
1756887935.742,latency_s,6.083989
1756887935.745,latency_s,5.987050
1756887935.748,latency_s,5.889867
1756887935.752,latency_s,5.793446
1756887936.434,latency_s,6.374561
1756887936.434,latency_s,6.982107
1756887936.434,latency_s,6.882031
1756887936.434,latency_s,6.781790
1756887936.434,latency_s,6.681238
1756887936.434,latency_s,6.580405
1756887936.434,latency_s,6.480132
1756887936.434,latency_s,6.379737
1756887936.434,latency_s,6.983521
1756887936.435,latency_s,6.883225
1756887936.435,latency_s,6.782729
1756887936.435,latency_s,6.682528
1756887936.435,latency_s,6.582312
1756887936.435,latency_s,6.481683
1756887936.435,latency_s,6.381022
1756887936.435,latency_s,6.892881
1756887936.435,latency_s,6.792619
1756887936.435,latency_s,6.692219
1756887936.435,latency_s,6.272091
1756887936.435,latency_s,6.171723
1756887936.435,latency_s,6.071379
1756887936.435,latency_s,5.971248
1756887936.435,latency_s,5.871057
1756887936.435,latency_s,6.274888
1756887936.435,latency_s,6.174586
1756887936.435,latency_s,6.073811
1756887936.435,latency_s,5.972380
1756887936.969,latency_s,5.907671
1756887936.973,latency_s,5.809915
1756887936.975,latency_s,5.711487
1756887936.975,latency_s,6.226054
1756887936.976,latency_s,6.125513
1756887936.982,latency_s,6.031329
1756887936.985,latency_s,5.933344
1756887936.989,latency_s,5.836582
1756887936.992,latency_s,5.739263
1756887937.480,latency_s,6.768914
1756887937.480,latency_s,6.668755
1756887937.480,latency_s,6.567927
1756887937.480,latency_s,6.467385
1756887937.480,latency_s,6.366999
1756887937.480,latency_s,6.266783
1756887937.480,latency_s,6.166186
1756887937.480,latency_s,6.742031
1756887937.480,latency_s,6.641027
1756887937.480,latency_s,6.539520
1756887937.480,latency_s,6.438812
1756887937.480,latency_s,6.337042
1756887937.480,latency_s,6.236376
1756887937.480,latency_s,6.753646
1756887937.480,latency_s,6.651794
1756887937.481,latency_s,6.550990
1756887937.481,latency_s,6.449853
1756887937.481,latency_s,6.349552
1756887937.481,latency_s,6.248426
1756887937.481,latency_s,6.146741
1756887937.481,latency_s,6.668977
1756887937.481,latency_s,6.568295
1756887937.528,latency_s,5.963207
1756887937.531,latency_s,5.865449
1756887937.534,latency_s,5.768213
1756887937.537,latency_s,5.671037
1756887937.537,latency_s,6.172818
1756887937.537,latency_s,6.072338
1756887938.129,latency_s,5.750637
1756887938.131,latency_s,5.651113
1756887938.134,latency_s,5.554152
1756887938.138,latency_s,6.165948
1756887938.140,latency_s,6.067768
1756887938.143,latency_s,5.970061
1756887938.147,latency_s,5.872844
1756887938.147,latency_s,5.772771
1756887938.147,latency_s,5.672491
1756887938.147,latency_s,5.570338
1756887938.147,latency_s,6.175792
1756887938.147,latency_s,6.074872
1756887938.148,latency_s,5.974652
1756887938.148,latency_s,6.181104
1756887938.148,latency_s,5.873879
1756887938.148,latency_s,5.773670
1756887938.148,latency_s,5.673378
1756887938.148,latency_s,5.571053
1756887938.148,latency_s,6.081235
1756887938.148,latency_s,5.980515
1756887938.148,latency_s,5.880029
1756887938.149,latency_s,5.779561
1756887938.149,latency_s,5.679489
1756887938.149,latency_s,5.578259
1756887938.149,latency_s,6.181622
1756887938.149,latency_s,6.081284
1756887938.751,latency_s,5.937591
1756887938.754,latency_s,5.840262
1756887938.757,latency_s,6.208596
1756887938.757,latency_s,6.108407
1756887938.757,latency_s,6.007775
1756887938.757,latency_s,5.907560
1756887938.768,latency_s,5.817483
1756887938.771,latency_s,5.720204
1756887938.775,latency_s,5.624119
1756887938.777,latency_s,6.164671
1756887938.781,latency_s,6.068593
1756887938.784,latency_s,5.970941
1756887939.356,latency_s,6.442205
1756887939.356,latency_s,6.341888
1756887939.356,latency_s,6.241678
1756887939.356,latency_s,6.675018
1756887939.356,latency_s,6.574075
1756887939.356,latency_s,6.473675
1756887939.356,latency_s,6.373339
1756887939.356,latency_s,6.272136
1756887939.356,latency_s,6.171524
1756887939.356,latency_s,6.678402
1756887939.356,latency_s,6.577056
1756887939.356,latency_s,6.475513
1756887939.356,latency_s,6.374629
1756887939.356,latency_s,6.273338
1756887939.356,latency_s,6.173123
1756887939.356,latency_s,6.678559
1756887939.356,latency_s,6.578018
1756887939.394,latency_s,6.380009
1756887939.397,latency_s,6.282783
1756887939.402,latency_s,6.187402
1756887939.403,latency_s,6.087378
1756887939.403,latency_s,5.986852
1756887939.403,latency_s,5.886279
1756887939.403,latency_s,5.785645
1756887939.403,latency_s,6.151356
1756887939.403,latency_s,6.051495
1756887940.044,latency_s,5.827782
1756887940.046,latency_s,6.388381
1756887940.052,latency_s,6.293361
1756887940.053,latency_s,6.194278
1756887940.056,latency_s,6.096514
1756887940.059,latency_s,5.998684
1756887940.062,latency_s,5.901195
1756887940.066,latency_s,5.803870
1756887940.069,latency_s,6.351677
1756887940.070,latency_s,6.250814
1756887940.070,latency_s,6.148662
1756887940.070,latency_s,6.048100
1756887940.070,latency_s,5.946954
1756887940.070,latency_s,5.846552
1756887940.070,latency_s,6.214814
1756887940.070,latency_s,6.114640
1756887940.070,latency_s,6.013932
1756887940.070,latency_s,5.913435
1756887940.070,latency_s,5.812963
1756887940.070,latency_s,5.712829
1756887940.070,latency_s,6.151014
1756887940.070,latency_s,6.050483
1756887940.070,latency_s,5.949951
1756887940.684,latency_s,5.816468
1756887940.687,latency_s,6.363335
1756887940.690,latency_s,6.265955
1756887940.690,latency_s,6.165053
1756887940.690,latency_s,6.064375
1756887940.690,latency_s,5.963765
1756887940.690,latency_s,5.863130
1756887940.690,latency_s,5.763022
1756887940.690,latency_s,6.232689
1756887940.706,latency_s,6.148277
1756887940.709,latency_s,6.050673
1756887940.713,latency_s,5.954691
1756887940.715,latency_s,5.855801
1756887940.719,latency_s,5.759054
1756887940.722,latency_s,5.661794
1756887940.725,latency_s,6.303479
1756887940.729,latency_s,6.207561
1756887940.731,latency_s,6.109500
1756887940.735,latency_s,6.012903
1756887941.279,latency_s,6.457101
1756887941.280,latency_s,6.357072
1756887941.280,latency_s,6.256565
1756887941.280,latency_s,6.784470
1756887941.280,latency_s,6.680995
1756887941.280,latency_s,6.580173
1756887941.280,latency_s,6.479264
1756887941.280,latency_s,6.378721
1756887941.280,latency_s,6.277639
1756887941.280,latency_s,6.176043
1756887941.280,latency_s,6.785378
1756887941.280,latency_s,6.681494
1756887941.308,latency_s,5.776514
1756887941.309,latency_s,6.148863
1756887941.313,latency_s,6.052257
1756887941.316,latency_s,5.955457
1756887941.319,latency_s,5.857237
1756887941.319,latency_s,5.756961
1756887941.319,latency_s,5.656785
1756887941.319,latency_s,6.195223
1756887941.319,latency_s,6.095092
1756887941.319,latency_s,5.994942
1756887941.843,latency_s,6.066551
1756887941.847,latency_s,5.969997
1756887941.850,latency_s,5.872207
1756887941.853,latency_s,5.774480
1756887941.857,latency_s,5.676392
1756887941.860,latency_s,6.228492
1756887941.865,latency_s,6.132394
1756887941.866,latency_s,6.033192
1756887941.869,latency_s,5.936587
1756887941.873,latency_s,5.839323
1756887941.875,latency_s,5.741283
1756887941.880,latency_s,6.117102
1756887941.883,latency_s,6.020106
1756887941.885,latency_s,5.921882
1756887941.888,latency_s,5.823116
1756887941.891,latency_s,5.725955
1756887941.891,latency_s,5.625081
1756887941.891,latency_s,5.524587
1756887941.892,latency_s,6.065615
1756887941.892,latency_s,5.965434
1756887941.892,latency_s,5.865653
1756887941.892,latency_s,5.765461
1756887942.472,latency_s,5.800956
1756887942.475,latency_s,6.251360
1756887942.479,latency_s,6.154271
1756887942.481,latency_s,6.056070
1756887942.484,latency_s,5.959050
1756887942.488,latency_s,5.862106
1756887942.491,latency_s,5.764707
1756887942.494,latency_s,6.212693
1756887942.494,latency_s,6.111557
1756887942.494,latency_s,6.010394
1756887942.502,latency_s,5.917958
1756887942.504,latency_s,5.818860
1756887942.508,latency_s,5.722143
1756887942.510,latency_s,6.275997
1756887942.514,latency_s,6.177880
1756887942.517,latency_s,6.079381
1756887942.520,latency_s,5.981842
1756887942.524,latency_s,5.885084
1756887942.526,latency_s,5.786897
1756887942.529,latency_s,6.062398
1756887942.533,latency_s,5.965350
1756887942.536,latency_s,5.868489
1756887942.539,latency_s,5.771013
1756887942.543,latency_s,5.674333
1756887942.547,latency_s,6.119063
1756887942.548,latency_s,6.019985
1756887942.553,latency_s,5.923422
1756887942.555,latency_s,5.826021
1756887942.558,latency_s,5.728194
1756887943.118,latency_s,5.842954
1756887943.122,latency_s,6.294684
1756887943.124,latency_s,6.197237
1756887943.129,latency_s,6.100775
1756887943.131,latency_s,6.002543
1756887943.134,latency_s,5.903146
1756887943.137,latency_s,5.804958
1756887943.141,latency_s,6.255460
1756887943.143,latency_s,6.157267
1756887943.147,latency_s,6.060109
1756887943.150,latency_s,5.962885
1756887943.152,latency_s,5.864914
1756887943.156,latency_s,6.316372
1756887943.159,latency_s,6.218199
1756887943.162,latency_s,6.118582
1756887943.165,latency_s,6.022030
1756887943.168,latency_s,5.924682
1756887943.171,latency_s,6.201608
1756887943.174,latency_s,6.104134
1756887943.177,latency_s,6.006327
1756887943.181,latency_s,5.908938
1756887943.185,latency_s,5.812008
1756887943.188,latency_s,6.157733
1756887943.191,latency_s,6.060002
1756887943.195,latency_s,5.963466
1756887943.197,latency_s,5.865212
1756887943.200,latency_s,5.768604
1756887943.203,latency_s,6.191579
1756887943.206,latency_s,6.093793
1756887943.210,latency_s,5.996909
1756887943.809,latency_s,6.235906
1756887943.812,latency_s,6.137269
1756887944.489,latency_s,6.711533
1756887944.489,latency_s,6.610680
1756887944.490,latency_s,6.510281
1756887944.490,latency_s,6.410021
1756887944.490,latency_s,6.957009
1756887944.490,latency_s,6.856811
1756887944.490,latency_s,6.756223
1756887944.490,latency_s,6.655586
1756887944.490,latency_s,6.554794
1756887944.490,latency_s,6.453964
1756887944.490,latency_s,6.874852
1756887944.490,latency_s,6.774585
1756887944.490,latency_s,6.673690
1756887944.490,latency_s,6.051960
1756887944.490,latency_s,5.951403
1756887944.490,latency_s,5.850790
1756887944.490,latency_s,5.749630
1756887944.490,latency_s,6.271841
1756887944.490,latency_s,6.171314
1756887944.490,latency_s,6.071102
1756887944.490,latency_s,5.970527
1756887944.490,latency_s,5.870306
1756887944.490,latency_s,5.769651
1756887944.490,latency_s,6.264508
1756887944.490,latency_s,6.164112
1756887944.490,latency_s,6.062237
1756887944.490,latency_s,5.961009
1756887944.491,latency_s,5.860708
1756887944.491,latency_s,5.759717
1756887944.491,latency_s,6.242338
1756887944.987,latency_s,5.662472
1756887944.990,latency_s,6.158117
1756887944.994,latency_s,6.061896
1756887944.996,latency_s,5.963614
1756887945.000,latency_s,5.867481
1756887945.002,latency_s,5.769197
1756887945.006,latency_s,5.672470
1756887945.009,latency_s,6.156696
1756887945.012,latency_s,6.059818
1756887945.015,latency_s,5.962477
1756887945.019,latency_s,5.864766
1756887945.021,latency_s,5.766617
1756887945.025,latency_s,5.670048
1756887945.027,latency_s,6.127416
1756887945.031,latency_s,6.029974
1756887945.034,latency_s,5.931988
1756887945.040,latency_s,5.837655
1756887945.041,latency_s,5.738184
1756887945.044,latency_s,5.640512
1756887945.047,latency_s,6.222635
1756887945.050,latency_s,6.122428
1756887945.053,latency_s,6.024832
1756887945.056,latency_s,5.927552
1756887945.604,latency_s,6.370010
1756887945.605,latency_s,6.266051
1756887945.605,latency_s,6.165372
1756887945.605,latency_s,6.720375
1756887945.605,latency_s,6.620217
1756887945.617,latency_s,5.772329
1756887945.619,latency_s,5.674489
1756887945.623,latency_s,6.198386
1756887945.623,latency_s,6.098310
1756887945.623,latency_s,5.997839
1756887945.623,latency_s,5.897333
1756887946.268,latency_s,6.442204
1756887946.268,latency_s,6.341407
1756887946.269,latency_s,6.241386
1756887946.269,latency_s,6.836025
1756887946.269,latency_s,6.735097
1756887946.269,latency_s,6.634378
1756887946.269,latency_s,6.534252
1756887946.269,latency_s,6.433297
1756887946.270,latency_s,6.333163
1756887946.270,latency_s,6.232584
1756887946.270,latency_s,6.813862
1756887946.270,latency_s,6.713068
1756887946.270,latency_s,6.612374
1756887946.270,latency_s,6.511807
1756887946.270,latency_s,6.411183
1756887946.270,latency_s,6.310809
1756887946.270,latency_s,6.209885
1756887946.270,latency_s,6.766365
1756887946.270,latency_s,6.311044
1756887946.270,latency_s,6.210124
1756887946.270,latency_s,6.109872
1756887946.270,latency_s,6.008512
1756887946.270,latency_s,5.908052
1756887946.270,latency_s,6.182316
1756887946.270,latency_s,6.081786
1756887946.270,latency_s,5.981343
1756887946.270,latency_s,5.880868
1756887946.271,latency_s,5.780603
1756887946.271,latency_s,5.680286
1756887946.271,latency_s,6.225979
1756887946.271,latency_s,6.125685
1756887946.271,latency_s,6.025453
1756887946.788,latency_s,5.862355
1756887946.790,latency_s,6.326208
1756887946.793,latency_s,6.228529
1756887946.796,latency_s,6.131314
1756887946.800,latency_s,6.033677
1756887946.805,latency_s,5.937821
1756887946.806,latency_s,5.837954
1756887946.811,latency_s,6.120062
1756887947.412,latency_s,6.621129
1756887947.413,latency_s,6.520938
1756887947.413,latency_s,6.420503
1756887947.413,latency_s,6.320310
1756887947.413,latency_s,6.219905
1756887947.413,latency_s,6.665893
1756887947.413,latency_s,6.565209
1756887947.413,latency_s,6.464797
1756887947.413,latency_s,6.364227
1756887947.413,latency_s,6.263990
1756887947.413,latency_s,6.163716
1756887947.413,latency_s,6.582112
1756887947.413,latency_s,6.481457
1756887947.413,latency_s,6.381374
1756887947.413,latency_s,6.281206
1756887947.413,latency_s,6.180645
1756887947.414,latency_s,6.573999
1756887947.414,latency_s,6.473880
1756887947.414,latency_s,6.345543
1756887947.414,latency_s,6.245269
1756887947.414,latency_s,6.144943
1756887947.414,latency_s,6.044348
1756887947.414,latency_s,5.944021
1756887947.414,latency_s,5.843563
1756887947.414,latency_s,6.120663
1756887947.939,latency_s,6.269065
1756887947.941,latency_s,6.171720
1756887947.946,latency_s,6.075548
1756887947.948,latency_s,5.977488
1756887947.951,latency_s,5.878268
1756887947.954,latency_s,5.780956
1756887947.957,latency_s,6.324818
1756887948.473,latency_s,5.997002
1756887948.475,latency_s,5.898806
1756887948.478,latency_s,5.801567
1756887948.481,latency_s,5.704240
1756887948.485,latency_s,6.278578
1756887948.487,latency_s,6.179573
1756887948.490,latency_s,6.081225
1756887948.494,latency_s,5.983070
1756887948.498,latency_s,5.886998
1756887948.498,latency_s,5.784976
1756887948.498,latency_s,6.223744
1756887948.498,latency_s,6.123648
1756887948.498,latency_s,6.023552
1756887948.498,latency_s,5.923237
1756887948.499,latency_s,5.823043
1756887948.499,latency_s,5.722913
1756887948.499,latency_s,6.258314
1756887948.499,latency_s,6.157620
1756887948.499,latency_s,6.056340
1756887948.499,latency_s,5.955944
1756887948.499,latency_s,5.855608
1756887948.499,latency_s,5.754974
1756887948.499,latency_s,6.221461
1756887948.499,latency_s,6.120845
1756887948.499,latency_s,6.020428
1756887948.979,latency_s,6.161278
1756887948.983,latency_s,6.063988
1756887948.985,latency_s,5.966232
1756887948.988,latency_s,5.868581
1756887948.991,latency_s,5.771033
1756887948.994,latency_s,5.672702
1756887948.998,latency_s,6.135840
1756887949.001,latency_s,6.038440
1756887949.004,latency_s,5.939116
1756887949.008,latency_s,5.840483
1756887949.010,latency_s,5.742453
1756887949.014,latency_s,5.643935
1756887949.016,latency_s,6.134315
1756887949.020,latency_s,6.037522
1756887949.022,latency_s,5.939560
1756887949.568,latency_s,6.382222
1756887949.568,latency_s,6.282033
1756887949.568,latency_s,6.181709
1756887949.568,latency_s,6.690722
1756887949.568,latency_s,6.589563
1756887949.568,latency_s,6.489369
1756887949.568,latency_s,6.387855
1756887949.568,latency_s,6.287035
1756887949.568,latency_s,6.186857
1756887949.568,latency_s,6.753913
1756887949.569,latency_s,6.653125
1756887949.569,latency_s,6.552510
1756887949.569,latency_s,6.451991
1756887949.569,latency_s,6.351446
1756887949.600,latency_s,5.824841
1756887949.603,latency_s,5.727552
1756887949.606,latency_s,6.202488
1756887949.609,latency_s,6.104807
1756887949.612,latency_s,6.007631
1756887949.615,latency_s,5.909956
1756887949.618,latency_s,5.812888
1756887949.622,latency_s,5.716109
1756887949.622,latency_s,6.213562
1756887949.622,latency_s,6.113473
1756887950.231,latency_s,5.772553
1756887950.234,latency_s,6.344457
1756887950.237,latency_s,6.247030
1756887950.241,latency_s,6.150002
1756887950.244,latency_s,6.052234
1756887950.246,latency_s,5.953984
1756887950.250,latency_s,5.856951
1756887950.253,latency_s,5.758664
1756887950.256,latency_s,6.315407
1756887950.259,latency_s,6.217279
1756887950.259,latency_s,6.116960
1756887950.259,latency_s,6.016398
1756887950.259,latency_s,5.915515
1756887950.259,latency_s,5.813728
1756887950.259,latency_s,6.283161
1756887950.259,latency_s,6.181682
1756887950.259,latency_s,6.081394
1756887950.259,latency_s,5.980921
1756887950.259,latency_s,5.879070
1756887950.259,latency_s,5.778892
1756887950.259,latency_s,6.346657
1756887950.259,latency_s,6.246013
1756887950.770,latency_s,5.807927
1756887950.772,latency_s,5.710028
1756887950.776,latency_s,6.181616
1756887950.779,latency_s,6.083175
1756887950.782,latency_s,5.986315
1756887950.785,latency_s,5.888499
1756887950.789,latency_s,5.791716
1756887950.791,latency_s,6.244752
1756887950.792,latency_s,6.144192
1756887950.792,latency_s,6.043893
1756887951.478,latency_s,6.391443
1756887951.481,latency_s,6.293391
1756887951.484,latency_s,6.195663
1756887951.488,latency_s,6.099160
1756887951.491,latency_s,6.002079
1756887951.493,latency_s,5.903580
1756887951.498,latency_s,5.806926
1756887951.500,latency_s,6.378422
1756887951.504,latency_s,6.281605
1756887951.507,latency_s,6.182762
1756887951.510,latency_s,6.084323
1756887951.510,latency_s,5.983246
1756887951.510,latency_s,5.882990
1756887951.510,latency_s,6.325925
1756887951.510,latency_s,6.225596
1756887951.510,latency_s,6.125158
1756887951.510,latency_s,6.024902
1756887951.511,latency_s,5.924421
1756887951.511,latency_s,5.824058
1756887951.511,latency_s,6.299395
1756887951.511,latency_s,6.199346
1756887951.511,latency_s,6.099376
1756887952.111,latency_s,6.043275
1756887952.115,latency_s,5.946560
1756887952.118,latency_s,5.848883
1756887952.121,latency_s,6.417016
1756887952.123,latency_s,6.318976
1756887952.127,latency_s,6.221129
1756887952.130,latency_s,6.123822
1756887952.133,latency_s,6.026610
1756887952.137,latency_s,5.929829
1756887952.137,latency_s,6.379501
1756887952.141,latency_s,6.281953
1756887952.144,latency_s,6.184175
1756887952.148,latency_s,6.085685
1756887952.151,latency_s,5.988753
1756887952.155,latency_s,5.889818
1756887952.157,latency_s,6.365421
1756887952.161,latency_s,6.268534
1756887952.164,latency_s,6.170618
1756887952.169,latency_s,6.073833
1756887952.170,latency_s,5.974010
1756887952.174,latency_s,5.877636
1756887952.177,latency_s,6.449480
1756887953.399,latency_s,7.570937
1756887953.399,latency_s,7.470910
1756887953.399,latency_s,7.370484
1756887953.399,latency_s,7.270046
1756887953.399,latency_s,7.169747
1756887953.399,latency_s,7.611798
1756887953.399,latency_s,7.511616
1756887953.399,latency_s,7.411464
1756887953.399,latency_s,7.310710
1756887953.399,latency_s,6.722716
1756887953.400,latency_s,6.622136
1756887953.400,latency_s,6.521396
1756887953.400,latency_s,6.961111
1756887953.400,latency_s,6.825701
1756887953.400,latency_s,6.723383
1756887953.400,latency_s,6.623158
1756887953.400,latency_s,6.522879
1756887953.419,latency_s,6.967521
1756887953.419,latency_s,6.844153
1756887953.419,latency_s,6.742093
1756887953.419,latency_s,6.037524
1756887953.419,latency_s,5.937057
1756887953.419,latency_s,6.240022
1756887953.419,latency_s,6.139831
1756887953.419,latency_s,6.038794
1756887953.419,latency_s,5.937924
1756887953.419,latency_s,5.837236
1756887953.419,latency_s,5.736956
1756887953.419,latency_s,6.241491
1756887953.419,latency_s,6.140769
1756887953.419,latency_s,6.039387
1756887953.419,latency_s,5.939065
1756887953.934,latency_s,6.050323
1756887953.936,latency_s,5.952343
1756887953.940,latency_s,5.855483
1756887953.943,latency_s,5.758052
1756887953.947,latency_s,6.163465
1756887953.950,latency_s,6.066005
1756887953.952,latency_s,5.967861
1756887953.956,latency_s,5.871355
1756887953.959,latency_s,5.773767
1756887953.962,latency_s,6.177751
1756887953.964,latency_s,6.080145
1756887953.968,latency_s,5.983454
1756887953.972,latency_s,5.886919
1756887953.974,latency_s,5.788628
1756887953.978,latency_s,6.192598
1756887953.981,latency_s,6.094871
1756887953.985,latency_s,5.998632
1756887953.987,latency_s,5.900208
1756887954.622,latency_s,6.434695
1756887954.622,latency_s,6.838428
1756887954.622,latency_s,6.738269
1756887954.622,latency_s,6.637710
1756887954.622,latency_s,6.537365
1756887954.622,latency_s,6.437018
1756887954.622,latency_s,6.639009
1756887954.622,latency_s,6.538660
1756887954.640,latency_s,6.152778
1756887954.643,latency_s,6.053825
1756887954.643,latency_s,5.953520
1756887954.643,latency_s,6.357478
1756887954.643,latency_s,6.257306
1756887954.643,latency_s,6.155947
1756887954.643,latency_s,6.055338
1756887955.188,latency_s,5.997107
1756887955.191,latency_s,5.899495
1756887955.194,latency_s,5.802228
1756887955.197,latency_s,5.704975
1756887955.200,latency_s,6.210131
1756887955.204,latency_s,6.113032
1756887955.207,latency_s,6.015504
1756887955.210,latency_s,5.918265
1756887955.213,latency_s,5.820041
1756887955.216,latency_s,5.722348
1756887955.220,latency_s,6.128536
1756887955.223,latency_s,6.031573
1756887955.225,latency_s,5.932236
1756887955.229,latency_s,5.835501
1756887955.232,latency_s,5.737761
1756887955.236,latency_s,5.641374
1756887955.239,latency_s,6.149114
1756887955.782,latency_s,5.777438
1756887955.786,latency_s,5.679648
1756887955.789,latency_s,5.581721
1756887955.792,latency_s,6.096196
1756887955.796,latency_s,5.999886
1756887955.798,latency_s,5.900734
1756887955.802,latency_s,5.789728
1756887955.804,latency_s,5.690006
1756887955.804,latency_s,5.589205
1756887955.804,latency_s,6.108486
1756887955.804,latency_s,6.008087
1756887955.804,latency_s,5.906564
1756887955.804,latency_s,5.798637
1756887955.804,latency_s,5.695788
1756887955.804,latency_s,5.595372
1756887956.378,latency_s,6.275222
1756887956.380,latency_s,6.172799
1756887956.383,latency_s,6.074766
1756887956.387,latency_s,5.977725
1756887956.390,latency_s,5.880011
1756887956.393,latency_s,6.494846
1756887956.396,latency_s,6.396788
1756887956.399,latency_s,6.296764
1756887956.403,latency_s,6.196415
1756887956.406,latency_s,6.097533
1756887956.410,latency_s,6.001219
1756887956.411,latency_s,5.885772
1756887956.416,latency_s,6.208581
1756887956.419,latency_s,6.111389
1756887956.421,latency_s,6.012973
1756887956.424,latency_s,5.912163
1756887956.428,latency_s,5.814793
1756887957.023,latency_s,6.006465
1756887957.026,latency_s,5.909135
1756887957.029,latency_s,5.811248
1756887957.032,latency_s,5.712777
1756887957.035,latency_s,6.204635
1756887957.038,latency_s,6.105781
1756887957.041,latency_s,6.006992
1756887957.044,latency_s,5.908906
1756887957.047,latency_s,5.810408
1756887957.050,latency_s,5.713044
1756887957.053,latency_s,5.614689
1756887957.053,latency_s,6.232473
1756887957.053,latency_s,6.132089
1756887957.054,latency_s,6.030674
1756887957.054,latency_s,5.930209
1756887957.633,latency_s,6.314281
1756887957.636,latency_s,6.216794
1756887957.640,latency_s,6.119932
1756887957.643,latency_s,6.021823
1756887957.646,latency_s,5.924089
1756887957.649,latency_s,5.825974
1756887957.652,latency_s,6.420887
1756887957.655,latency_s,6.322061
1756887957.660,latency_s,6.225677
1756887957.661,latency_s,6.125378
1756887957.666,latency_s,6.028977
1756887957.668,latency_s,5.929883
1756887957.671,latency_s,5.831883
1756887957.674,latency_s,6.459064
1756887957.677,latency_s,6.361664
1756887958.316,latency_s,6.900240
1756887958.316,latency_s,6.799965
1756887958.316,latency_s,5.987414
1756887958.316,latency_s,5.887164
1756887958.316,latency_s,6.377530
1756887958.316,latency_s,6.276605
1756887958.316,latency_s,6.175760
1756887958.316,latency_s,6.072200
1756887958.317,latency_s,5.972024
1756887958.317,latency_s,5.871839
1756887958.317,latency_s,6.396487
1756887958.317,latency_s,6.295739
1756887958.317,latency_s,6.195463
1756887958.317,latency_s,6.094172
1756887958.317,latency_s,5.993705
1756887958.317,latency_s,5.892171
1756887958.317,latency_s,5.791515
1756887958.890,latency_s,6.360421
1756887958.894,latency_s,6.264234
1756887958.894,latency_s,6.164137
1756887958.894,latency_s,6.063251
1756887958.894,latency_s,5.962736
1756887958.894,latency_s,5.861789
1756887958.894,latency_s,5.761573
1756887958.894,latency_s,6.348564
1756887958.894,latency_s,6.247665
1756887958.894,latency_s,6.146909
1756887958.894,latency_s,6.046273
1756887958.894,latency_s,5.945631
1756887958.922,latency_s,5.873146
1756887958.922,latency_s,5.772636
1756887958.922,latency_s,6.291879
1756887959.475,latency_s,6.239644
1756887959.478,latency_s,6.142356
1756887959.481,latency_s,6.044944
1756887959.485,latency_s,5.947825
1756887959.487,latency_s,5.849067
1756887959.490,latency_s,6.233980
1756887959.493,latency_s,6.136907
1756887959.496,latency_s,6.038735
1756887959.500,latency_s,5.940710
1756887959.503,latency_s,5.843251
1756887959.506,latency_s,6.160431
1756887959.510,latency_s,6.063854
1756887959.512,latency_s,5.965478
1756887959.516,latency_s,5.868076
1756887959.518,latency_s,5.770406
1756887959.522,latency_s,5.674091
1756887959.526,latency_s,6.159317
1756887960.132,latency_s,5.974865
1756887960.136,latency_s,5.877642
1756887960.771,latency_s,7.032198
1756887960.771,latency_s,6.930922
1756887960.771,latency_s,6.828182
1756887960.771,latency_s,6.726138
1756887960.771,latency_s,6.624300
1756887960.771,latency_s,6.519550
1756887960.771,latency_s,6.419056
1756887960.771,latency_s,7.010761
1756887960.771,latency_s,6.910401
1756887960.771,latency_s,6.809608
1756887960.771,latency_s,6.705355
1756887960.771,latency_s,6.604352
1756887960.771,latency_s,6.502972
1756887960.771,latency_s,6.412863
1756887960.771,latency_s,6.311752
1756887960.772,latency_s,6.211543
1756887960.772,latency_s,6.110612
1756887960.772,latency_s,6.008833
1756887960.772,latency_s,5.908237
1756887960.772,latency_s,6.318542
1756887960.772,latency_s,6.218058
1756887960.772,latency_s,6.117094
1756887960.772,latency_s,6.015976
1756887960.772,latency_s,5.915075
1756887960.772,latency_s,5.814084
1756887960.772,latency_s,6.403024
1756887960.772,latency_s,6.302799
1756887960.772,latency_s,6.201688
1756887960.772,latency_s,6.100814
1756887960.772,latency_s,5.999600
1756887961.381,latency_s,6.113142
1756887961.385,latency_s,6.015128
1756887961.387,latency_s,5.915579
1756887961.390,latency_s,6.331915
1756887961.395,latency_s,6.234928
1756887961.396,latency_s,6.135725
1756887961.400,latency_s,6.036540
1756887961.403,latency_s,5.938862
1756887961.407,latency_s,6.432726
1756887961.409,latency_s,6.334217
1756887961.412,latency_s,6.236188
1756887961.416,latency_s,6.139225
1756887961.420,latency_s,6.043267
1756887961.422,latency_s,5.944904
1756887961.425,latency_s,6.269142
1756887961.428,latency_s,6.171457
1756887962.100,latency_s,6.742346
1756887962.100,latency_s,6.642376
1756887962.100,latency_s,6.541402
1756887962.100,latency_s,6.441149
1756887962.100,latency_s,6.822224
1756887962.100,latency_s,6.721900
1756887962.100,latency_s,6.620576
1756887962.100,latency_s,6.519782
1756887962.100,latency_s,6.419670
1756887962.101,latency_s,6.835389
1756887962.101,latency_s,6.734627
1756887962.101,latency_s,6.634483
1756887962.127,latency_s,6.347867
1756887962.131,latency_s,6.250456
1756887962.134,latency_s,6.153486
1756887962.134,latency_s,6.053283
1756887962.134,latency_s,6.374888
1756887962.134,latency_s,6.274640
1756887962.674,latency_s,5.886664
1756887962.679,latency_s,5.791041
1756887962.680,latency_s,5.691866
1756887962.685,latency_s,6.211754
1756887962.689,latency_s,6.113171
1756887962.690,latency_s,6.006466
1756887962.693,latency_s,5.899998
1756887962.697,latency_s,5.803218
1756887962.700,latency_s,5.705765
1756887962.703,latency_s,6.204422
1756887962.707,latency_s,6.105489
1756887962.710,latency_s,6.002641
1756887962.713,latency_s,5.903874
1756887962.717,latency_s,5.805389
1756887962.720,latency_s,5.707904
1756887963.405,latency_s,6.924986
1756887963.405,latency_s,6.825039
1756887963.405,latency_s,6.724106
1756887963.405,latency_s,6.623995
1756887963.405,latency_s,6.523886
1756887963.405,latency_s,5.812104
1756887963.405,latency_s,6.309735
1756887963.405,latency_s,6.208780
1756887963.405,latency_s,6.108200
1756887963.405,latency_s,6.007878
1756887963.405,latency_s,5.906484
1756887963.405,latency_s,5.805905
1756887963.405,latency_s,6.292892
1756887963.405,latency_s,6.192285
1756887963.405,latency_s,6.091014
1756887963.405,latency_s,5.988623
1756887963.405,latency_s,5.887575
1756887964.057,latency_s,6.356672
1756887964.060,latency_s,6.260044
1756887964.060,latency_s,6.160068
1756887964.061,latency_s,6.060009
1756887964.061,latency_s,5.959110
1756887964.061,latency_s,5.858948
1756887964.061,latency_s,6.342234
1756887964.061,latency_s,6.236073
1756887964.061,latency_s,6.135130
1756887964.061,latency_s,6.034418
1756887964.061,latency_s,5.932747
1756887964.061,latency_s,5.828887
1756887964.084,latency_s,6.289299
1756887964.084,latency_s,6.187052
1756887964.084,latency_s,6.086234
1756887964.673,latency_s,5.867742
1756887964.676,latency_s,5.770195
1756887964.679,latency_s,6.346480
1756887964.682,latency_s,6.245449
1756887964.686,latency_s,6.140557
1756887964.689,latency_s,6.040045
1756887964.692,latency_s,5.923809
1756887964.695,latency_s,5.825059
1756887964.698,latency_s,6.296228
1756887964.701,latency_s,6.198347
1756887964.704,latency_s,6.100907
1756887964.707,latency_s,6.003068
1756887964.711,latency_s,5.906225
1756887964.714,latency_s,5.805790
1756887964.714,latency_s,6.326105
1756887964.714,latency_s,6.226012
1756887964.714,latency_s,6.124897
1756887965.351,latency_s,6.041142
1756887966.064,latency_s,6.653610
1756887966.064,latency_s,6.553638
1756887966.064,latency_s,7.072542
1756887966.064,latency_s,6.972232
1756887966.064,latency_s,6.872114
1756887966.064,latency_s,6.771852
1756887966.064,latency_s,6.671741
1756887966.064,latency_s,6.571076
1756887966.064,latency_s,7.062355
1756887966.064,latency_s,6.961013
1756887966.064,latency_s,6.860124
1756887966.064,latency_s,6.759341
1756887966.065,latency_s,6.658501
1756887966.065,latency_s,6.557697
1756887966.065,latency_s,5.946944
1756887966.065,latency_s,6.470888
1756887966.065,latency_s,6.369971
1756887966.065,latency_s,6.269752
1756887966.065,latency_s,6.169566
1756887966.065,latency_s,6.069262
1756887966.065,latency_s,5.968892
1756887966.065,latency_s,6.457251
1756887966.065,latency_s,6.357130
1756887966.065,latency_s,6.256603
1756887966.065,latency_s,6.156317
1756887966.065,latency_s,6.055020
1756887966.065,latency_s,5.954741
1756887966.065,latency_s,6.410065
1756887966.065,latency_s,6.309537
1756887966.065,latency_s,6.208238
1756887966.065,latency_s,6.107368
1756887966.739,latency_s,6.275815
1756887966.742,latency_s,6.176795
1756887966.745,latency_s,6.079274
1756887966.749,latency_s,5.981652
1756887966.752,latency_s,6.534374
1756887966.755,latency_s,6.437297
1756887966.759,latency_s,6.339077
1756887966.761,latency_s,6.239388
1756887966.764,latency_s,6.141811
1756887966.767,latency_s,6.044040
1756887966.771,latency_s,6.450230
1756887966.773,latency_s,6.352268
1756887967.482,latency_s,6.960720
1756887967.482,latency_s,6.860376
1756887967.483,latency_s,6.759876
1756887967.483,latency_s,6.659467
1756887967.483,latency_s,7.156615
1756887967.483,latency_s,7.056215
1756887967.483,latency_s,6.955771
1756887967.483,latency_s,6.855332
1756887967.483,latency_s,6.754565
1756887967.483,latency_s,6.654078
1756887967.483,latency_s,7.201496
1756887967.483,latency_s,7.101168
1756887967.483,latency_s,7.000441
1756887967.483,latency_s,6.900139
1756887967.483,latency_s,6.799917
1756887967.516,latency_s,6.592302
1756887967.516,latency_s,6.485344
1756887967.516,latency_s,6.384517
1756887967.516,latency_s,6.284422
1756887967.516,latency_s,6.184266
1756887967.516,latency_s,6.082231
1756887968.138,latency_s,6.307610
1756887968.142,latency_s,6.210898
1756887968.144,latency_s,6.112704
1756887968.147,latency_s,6.015043
1756887968.150,latency_s,6.509951
1756887968.154,latency_s,6.412704
1756887968.156,latency_s,6.314527
1756887968.159,latency_s,6.217135
1756887968.163,latency_s,6.119601
1756887968.166,latency_s,6.021052
1756887968.169,latency_s,6.575238
1756887969.010,latency_s,6.356139
1756887969.013,latency_s,6.258104
1756887969.017,latency_s,6.161787
1756887969.019,latency_s,6.567905
1756887969.022,latency_s,6.470199
1756887969.023,latency_s,6.369048
1756887969.023,latency_s,6.268349
1756887969.023,latency_s,6.167589
1756887969.023,latency_s,6.066356
1756887969.023,latency_s,6.583355
1756887969.023,latency_s,6.483015
1756887969.023,latency_s,6.382403
1756887969.023,latency_s,6.282117
1756887969.023,latency_s,6.181902
1756887969.023,latency_s,6.081678
1756887969.023,latency_s,6.533470
1756887969.023,latency_s,6.432661
1756887969.023,latency_s,6.332328
1756887969.023,latency_s,6.232192
1756887969.023,latency_s,6.131278
1756887969.023,latency_s,6.031059
1756887969.706,latency_s,6.648925
1756887969.709,latency_s,6.549605
1756887969.712,latency_s,6.451775
1756887969.715,latency_s,6.353919
1756887969.719,latency_s,6.256562
1756887969.722,latency_s,6.157383
1756887969.725,latency_s,6.059755
1756887969.728,latency_s,6.662492
1756887969.731,latency_s,6.564803
1756887969.734,latency_s,6.468094
1756887969.737,latency_s,6.366256
1756887970.397,latency_s,6.329923
1756887970.400,latency_s,6.232195
1756887970.404,latency_s,6.134326
1756887970.407,latency_s,6.032451
1756887970.411,latency_s,5.935365
1756887970.413,latency_s,5.835799
1756887970.416,latency_s,6.304494
1756887970.416,latency_s,6.203632
1756887970.416,latency_s,6.103444
1756887970.416,latency_s,6.003059
1756887970.416,latency_s,5.901646
1756887970.416,latency_s,5.800594
1756887970.416,latency_s,6.261007
1756887970.416,latency_s,6.160556
1756887970.416,latency_s,6.059918
1756887970.416,latency_s,5.959053
1756887970.416,latency_s,5.858840
1756887970.416,latency_s,5.758593
1756887970.416,latency_s,6.282239
1756887970.417,latency_s,6.182128
1756887970.417,latency_s,6.081759
1756887971.054,latency_s,6.134744
1756887971.056,latency_s,6.034743
1756887971.060,latency_s,5.934589
1756887971.062,latency_s,5.835209
1756887971.066,latency_s,5.737510
1756887971.070,latency_s,6.311843
1756887971.072,latency_s,6.213835
1756887971.076,latency_s,6.116926
1756887971.078,latency_s,6.018253
1756887971.082,latency_s,5.920502
1756887971.085,latency_s,5.823393
1756887971.734,latency_s,6.167887
1756887971.737,latency_s,6.070251
1756887971.740,latency_s,5.967636
1756887971.745,latency_s,5.869426
1756887971.748,latency_s,5.772336
1756887971.750,latency_s,6.308180
1756887971.754,latency_s,6.210480
1756887971.756,latency_s,6.112585
1756887971.759,latency_s,6.015248
1756887971.762,latency_s,5.916935
1756887971.766,latency_s,5.820077
1756887971.770,latency_s,5.724347
1756887971.770,latency_s,6.314663
1756887971.771,latency_s,6.213584
1756887971.771,latency_s,6.112889
1756887971.771,latency_s,6.012367
1756887971.771,latency_s,5.911483
1756887971.771,latency_s,5.811154
1756887971.771,latency_s,5.710348
1756887971.771,latency_s,6.289352
1756887971.771,latency_s,6.185247
1756887972.415,latency_s,6.361997
1756887972.418,latency_s,6.263781
1756887972.421,latency_s,6.165475
1756887972.424,latency_s,6.068110
1756887972.427,latency_s,5.970153
1756887972.430,latency_s,5.871931
1756887972.433,latency_s,5.774436
1756887972.436,latency_s,6.360213
1756887972.440,latency_s,6.263396
1756887972.445,latency_s,6.162567
1756887972.446,latency_s,6.063428
1756887973.115,latency_s,5.810812
1756887973.117,latency_s,5.711776
1756887973.120,latency_s,6.360941
1756887973.123,latency_s,6.263595
1756887973.128,latency_s,6.165350
1756887973.130,latency_s,6.065964
1756887973.133,latency_s,5.968143
1756887973.136,latency_s,5.869207
1756887973.140,latency_s,5.772810
1756887973.142,latency_s,5.673948
1756887973.146,latency_s,6.359129
1756887973.149,latency_s,6.262599
1756887973.153,latency_s,6.162811
1756887973.156,latency_s,6.065629
1756887973.158,latency_s,5.967059
1756887973.161,latency_s,5.870043
1756887973.166,latency_s,5.773237
1756887973.168,latency_s,5.672518
1756887973.867,latency_s,7.018303
1756887973.868,latency_s,6.916822
1756887973.868,latency_s,6.816728
1756887973.868,latency_s,6.277017
1756887973.868,latency_s,6.176556
1756887973.868,latency_s,6.076265
1756887973.868,latency_s,6.417834
1756887973.868,latency_s,6.317299
1756887973.868,latency_s,6.216553
1756887973.868,latency_s,6.115022
1756887973.868,latency_s,6.014889
1756887973.868,latency_s,5.913881
1756887973.868,latency_s,6.362047
1756887973.868,latency_s,6.261821
1756887973.868,latency_s,6.161544
1756887973.868,latency_s,6.061328
1756887973.868,latency_s,5.960593
1756887973.868,latency_s,5.860289
1756887973.868,latency_s,5.759920
1756887973.868,latency_s,6.298966
1756887973.868,latency_s,6.197773
1756887973.868,latency_s,6.093338
1756887973.868,latency_s,5.993129
1756887973.869,latency_s,5.887797
1756887973.869,latency_s,5.780995
1756887973.869,latency_s,6.272887
1756887973.869,latency_s,6.172210
1756887973.869,latency_s,6.071890
1756887973.869,latency_s,5.971722
1756887973.869,latency_s,5.870863
1756887973.869,latency_s,5.769866
1756887974.455,latency_s,6.059178
1756887974.489,latency_s,5.594381
1756887974.492,latency_s,5.497145
1756887974.497,latency_s,6.296372
1756887974.500,latency_s,6.195835
1756887974.505,latency_s,6.100300
1756887974.506,latency_s,5.999937
1756887974.510,latency_s,5.903319
1756887974.512,latency_s,5.805529
1756887974.517,latency_s,5.709774
1756887974.519,latency_s,5.611041
1756887974.522,latency_s,5.513691
1756887974.525,latency_s,6.269000
1756887974.529,latency_s,6.171647
1756887974.533,latency_s,6.075435
1756887974.535,latency_s,5.976623
1756887974.538,latency_s,5.879279
1756887974.541,latency_s,5.781314
1756887974.545,latency_s,5.684763
1756887974.550,latency_s,5.586823
1756887974.552,latency_s,5.487279
1756887974.555,latency_s,6.281050
1756887975.241,latency_s,6.866338
1756887975.242,latency_s,6.766252
1756887975.242,latency_s,6.666036
1756887975.242,latency_s,6.565409
1756887975.242,latency_s,6.465404
1756887975.253,latency_s,6.354413
1756887975.263,latency_s,6.264441
1756887975.264,latency_s,6.164215
1756887975.264,latency_s,6.063846
1756887975.264,latency_s,5.963375
1756887975.265,latency_s,6.301528
1756887975.275,latency_s,6.209859
1756887975.277,latency_s,6.110017
1756887975.280,latency_s,6.012841
1756887975.284,latency_s,5.912615
1756887975.287,latency_s,5.812230
1756887975.290,latency_s,5.712794
1756887975.295,latency_s,6.282959
1756887975.296,latency_s,6.184259
1756887975.299,latency_s,6.087215
1756887975.303,latency_s,5.990618
1756887975.306,latency_s,5.891672
1756887975.309,latency_s,5.794588
1756887975.312,latency_s,5.697397
1756887975.316,latency_s,6.219019
1756887975.318,latency_s,6.118577
1756887975.322,latency_s,6.021425
1756887975.324,latency_s,5.922454
1756887976.143,latency_s,6.326432
1756887976.146,latency_s,6.229186
1756887976.153,latency_s,6.135932
1756887976.153,latency_s,6.034983
1756887976.155,latency_s,5.937076
1756887976.159,latency_s,5.839399
1756887976.163,latency_s,6.459015
1756887976.165,latency_s,6.360294
1756887976.168,latency_s,6.262786
1756887976.171,latency_s,6.164990
1756887976.174,latency_s,6.067697
1756887976.174,latency_s,5.967056
1756887976.175,latency_s,5.866852
1756887976.175,latency_s,6.362378
1756887976.175,latency_s,6.261770
1756887976.824,latency_s,6.238389
1756887976.826,latency_s,6.140611
1756887976.830,latency_s,6.044301
1756887976.833,latency_s,5.946634
1756887976.836,latency_s,5.848890
1756887976.839,latency_s,5.750468
1756887976.842,latency_s,6.311805
1756887976.846,latency_s,6.214552
1756887976.849,latency_s,6.117319
1756887977.525,latency_s,6.693592
1756887977.526,latency_s,6.593375
1756887977.526,latency_s,6.492627
1756887977.526,latency_s,6.994018
1756887977.529,latency_s,6.896923
1756887977.529,latency_s,6.796484
1756887977.529,latency_s,6.696207
1756887977.529,latency_s,6.596061
1756887977.529,latency_s,5.736076
1756887977.529,latency_s,6.395432
1756887977.529,latency_s,6.294837
1756887977.529,latency_s,6.194468
1756887977.529,latency_s,6.094036
1756887977.529,latency_s,5.993716
1756887977.529,latency_s,5.892464
1756887977.529,latency_s,5.792340
1756887977.529,latency_s,6.395586
1756887977.529,latency_s,6.295223
1756887977.529,latency_s,6.195058
1756887977.529,latency_s,6.094503
1756887977.529,latency_s,5.993406
1756887977.529,latency_s,5.893234
1756887977.529,latency_s,5.792860
1756887978.148,latency_s,5.807084
1756887978.150,latency_s,5.709380
1756887978.153,latency_s,6.316049
1756887978.156,latency_s,6.218635
1756887978.156,latency_s,6.117485
1756887978.157,latency_s,6.017393
1756887978.157,latency_s,5.917275
1756887978.157,latency_s,5.816428
1756887978.157,latency_s,5.716199
1756887978.734,latency_s,6.092039
1756887978.736,latency_s,5.994550
1756887978.739,latency_s,5.896919
1756887978.743,latency_s,5.799826
1756887978.746,latency_s,5.702603
1756887978.749,latency_s,5.604565
1756887978.752,latency_s,6.211844
1756887978.755,latency_s,6.114162
1756887978.759,latency_s,6.017646
1756887978.762,latency_s,5.919755
1756887978.765,latency_s,5.822073
1756887978.768,latency_s,5.724460
1756887978.771,latency_s,5.627225
1756887978.775,latency_s,6.233011
1756887978.778,latency_s,6.136306
1756887978.781,latency_s,6.038840
1756887978.785,latency_s,5.942819
1756887978.785,latency_s,5.842323
1756887978.786,latency_s,5.741997
1756887978.786,latency_s,5.642091
1756887978.786,latency_s,6.228679
1756887978.786,latency_s,6.127633
1756887978.786,latency_s,6.026875
1756887979.871,latency_s,6.525929
1756887979.871,latency_s,6.425399
1756887979.873,latency_s,6.327414
1756887979.874,latency_s,6.227097
1756887979.876,latency_s,6.129562
1756887979.876,latency_s,6.675363
1756887979.876,latency_s,6.574833
1756887979.876,latency_s,6.474145
1756887979.877,latency_s,6.372703
1756887979.877,latency_s,6.270944
1756887979.877,latency_s,6.169482
1756887979.888,latency_s,6.079700
1756887979.888,latency_s,6.688129
1756887979.889,latency_s,6.587082
1756887979.889,latency_s,6.486327
1756887979.889,latency_s,6.384786
1756887979.889,latency_s,6.282767
1756887979.889,latency_s,6.182167
1756887979.889,latency_s,6.081193
1756887979.889,latency_s,6.644103
1756887979.889,latency_s,6.543628
1756887979.889,latency_s,6.442907
1756887979.889,latency_s,6.342643
1756887979.889,latency_s,6.242187
1756887979.889,latency_s,6.141978
1756887979.889,latency_s,6.041835
1756887979.889,latency_s,6.645165
1756887979.891,latency_s,5.949768
1756887979.891,latency_s,5.848362
1756887979.892,latency_s,5.746147
1756887979.892,latency_s,5.645247
1756887979.892,latency_s,5.540953
1756887980.524,latency_s,6.111427
1756887980.527,latency_s,6.014675
1756887980.530,latency_s,5.917224
1756887980.534,latency_s,5.821079
1756887980.537,latency_s,5.723336
1756887980.540,latency_s,6.385483
1756887980.543,latency_s,6.287246
1756887980.546,latency_s,6.189662
1756887980.549,latency_s,6.091524
1756887980.552,latency_s,5.994071
1756887980.557,latency_s,5.897414
1756887980.558,latency_s,5.798068
1756887981.153,latency_s,6.741458
1756887981.153,latency_s,6.641360
1756887981.153,latency_s,6.541152
1756887981.153,latency_s,6.441011
1756887981.153,latency_s,6.340815
1756887981.153,latency_s,6.240378
1756887981.153,latency_s,6.140210
1756887981.153,latency_s,6.040038
1756887981.153,latency_s,6.702108
1756887981.153,latency_s,6.601233
1756887981.153,latency_s,6.500629
1756887981.153,latency_s,6.400290
1756887981.153,latency_s,6.299427
1756887981.154,latency_s,6.198784
1756887981.154,latency_s,6.098044
1756887981.154,latency_s,6.042980
1756887981.154,latency_s,5.942357
1756887981.154,latency_s,5.841989
1756887981.154,latency_s,6.366931
1756887981.154,latency_s,6.266441
1756887981.154,latency_s,6.166211
1756887981.154,latency_s,6.066082
1756887981.790,latency_s,5.626347
1756887981.794,latency_s,6.409872
1756887981.796,latency_s,6.311901
1756887981.797,latency_s,6.210927
1756887981.797,latency_s,6.109887
1756887981.797,latency_s,6.009187
1756887981.797,latency_s,5.908778
1756887981.797,latency_s,5.808517
1756887981.797,latency_s,5.708347
1756887981.797,latency_s,5.608153
1756887982.398,latency_s,5.768867
1756887982.400,latency_s,5.671300
1756887982.404,latency_s,6.075608
1756887982.407,latency_s,5.977782
1756887982.411,latency_s,5.880632
1756887982.413,latency_s,5.782520
1756887982.417,latency_s,5.686052
1756887982.421,latency_s,5.589540
1756887982.423,latency_s,6.096897
1756887982.425,latency_s,5.999052
1756887982.429,latency_s,5.902581
1756887982.429,latency_s,5.802408
1756887982.429,latency_s,5.702232
1756887982.429,latency_s,5.601697
1756887982.429,latency_s,6.206413
1756887982.429,latency_s,6.099398
1756887982.429,latency_s,5.997673
1756887982.429,latency_s,5.897358
1756887982.430,latency_s,5.797216
1756887982.430,latency_s,5.696725
1756887982.430,latency_s,5.596372
1756887982.430,latency_s,6.975399
1756887983.047,latency_s,5.916463
1756887983.051,latency_s,5.819030
1756887983.054,latency_s,5.721619
1756887983.054,latency_s,5.621258
1756887983.054,latency_s,6.213698
1756887983.054,latency_s,6.112977
1756887983.054,latency_s,6.012635
1756887983.054,latency_s,5.912010
1756887983.054,latency_s,5.811743
1756887983.054,latency_s,5.710455
1756887983.072,latency_s,5.627655
1756887983.076,latency_s,6.243157
1756887983.078,latency_s,6.145715
1756887983.081,latency_s,6.047575
1756887983.085,latency_s,5.950429
1756887983.088,latency_s,5.852679
1756887983.091,latency_s,5.755517
1756887983.094,latency_s,5.657407
1756887983.097,latency_s,6.267846
1756887983.104,latency_s,6.174106
1756887983.105,latency_s,6.074167
1756887983.761,latency_s,6.630511
1756887983.761,latency_s,6.530483
1756887983.762,latency_s,6.430225
1756887983.762,latency_s,6.329947
1756887983.762,latency_s,6.829849
1756887983.762,latency_s,6.729490
1756887983.762,latency_s,6.628727
1756887983.762,latency_s,6.528454
1756887983.762,latency_s,6.426877
1756887983.762,latency_s,6.326222
1756887983.796,latency_s,6.057238
1756887983.799,latency_s,5.958699
1756887983.802,latency_s,5.861685
1756887983.805,latency_s,5.763845
1756887983.805,latency_s,6.272035
1756887983.805,latency_s,6.168163
1756887983.805,latency_s,6.067145
1756887983.805,latency_s,5.965647
1756887983.805,latency_s,5.865447
1756887983.805,latency_s,5.764179
1756887983.805,latency_s,6.259984
1756887984.401,latency_s,6.056429
1756887984.404,latency_s,5.959236
1756887984.407,latency_s,5.862360
1756887984.410,latency_s,5.764502
1756887984.413,latency_s,6.272025
1756887984.416,latency_s,6.175131
1756887984.420,latency_s,6.077783
1756887984.424,latency_s,5.980887
1756887984.426,latency_s,5.882170
1756887984.431,latency_s,5.786654
1756887984.433,latency_s,6.188745
1756887984.435,latency_s,6.091022
1756887984.439,latency_s,5.994569
1756887984.439,latency_s,5.894532
1756887984.439,latency_s,5.792969
1756887984.439,latency_s,5.692777
1756887984.439,latency_s,6.194903
1756887984.439,latency_s,6.094088
1756887984.439,latency_s,5.993981
1756887984.439,latency_s,5.893844
1756887984.439,latency_s,5.793252
1756887984.991,latency_s,5.741101
1756887984.994,latency_s,5.644029
1756887984.998,latency_s,6.151008
1756887985.001,latency_s,6.053782
1756887985.004,latency_s,6.156510
1756887985.004,latency_s,5.955774
1756887985.004,latency_s,6.055921
1756887985.004,latency_s,5.955712
1756887985.004,latency_s,5.855326
1756887985.004,latency_s,5.854877
1756887985.004,latency_s,5.746862
1756887985.020,latency_s,5.662011
1756887985.023,latency_s,5.772550
1756887985.026,latency_s,5.675535
1756887985.029,latency_s,6.183111
1756887985.032,latency_s,6.085469
1756887985.037,latency_s,5.989719
1756887985.038,latency_s,5.890543
1756887985.043,latency_s,5.785854
1756887985.045,latency_s,5.687249
1756887985.049,latency_s,6.202176
1756887985.051,latency_s,6.104026
1756887985.614,latency_s,6.566195
1756887985.614,latency_s,6.465748
1756887985.614,latency_s,6.364048
1756887985.614,latency_s,6.262765
1756887985.614,latency_s,6.767110
1756887985.614,latency_s,6.666489
1756887985.614,latency_s,6.565915
1756887985.614,latency_s,6.465711
1756887985.614,latency_s,6.364288
1756887985.635,latency_s,5.874028
1756887985.637,latency_s,5.984506
1756887985.641,latency_s,5.887525
1756887985.644,latency_s,5.789892
1756887985.647,latency_s,5.785327
1756887985.650,latency_s,6.192154
1756887985.653,latency_s,6.095062
1756887985.656,latency_s,5.997471
1756887985.656,latency_s,5.895996
1756887985.656,latency_s,5.795751
1756887985.657,latency_s,6.204804
1756887985.657,latency_s,6.104511
1756887986.179,latency_s,5.613746
1756887986.182,latency_s,6.227407
1756887986.185,latency_s,6.130619
1756887986.188,latency_s,6.033051
1756887986.192,latency_s,5.936305
1756887986.196,latency_s,5.839193
1756887986.197,latency_s,5.740380
1756887986.201,latency_s,5.643196
1756887986.204,latency_s,6.243128
1756887986.208,latency_s,6.146381
1756887986.211,latency_s,6.048975
1756887986.213,latency_s,5.950737
1756887986.217,latency_s,5.854066
1756887986.220,latency_s,5.756964
1756887986.222,latency_s,5.658949
1756887986.223,latency_s,6.268266
1756887986.223,latency_s,6.168099
1756887986.223,latency_s,6.067902
1756887986.223,latency_s,5.966827
1756887986.223,latency_s,5.866182
1756887986.806,latency_s,6.140745
1756887986.809,latency_s,6.041971
1756887986.813,latency_s,5.945070
1756887986.815,latency_s,5.846584
1756887986.819,latency_s,5.749705
1756887986.821,latency_s,6.163350
1756887986.824,latency_s,6.065389
1756887986.827,latency_s,5.966424
1756887986.830,latency_s,5.867307
1756887986.833,latency_s,5.770344
1756887986.833,latency_s,5.669514
1756887986.834,latency_s,6.169764
1756887986.841,latency_s,6.076358
1756887986.844,latency_s,5.978303
1756887986.847,latency_s,5.880743
1756887986.851,latency_s,5.782581
1756887986.854,latency_s,5.684982
1756887986.857,latency_s,6.199112
1756887986.860,latency_s,6.101736
1756887986.863,latency_s,6.004172
1756887986.866,latency_s,5.906877
1756887986.869,latency_s,5.809378
1756887986.873,latency_s,5.712686
1756887986.875,latency_s,6.217965
1756887986.879,latency_s,6.121223
1756887986.882,latency_s,6.023808
1756887986.887,latency_s,5.928147
1756887986.888,latency_s,5.829031
1756887986.891,latency_s,5.731942
1756887986.895,latency_s,6.136483
1756887987.622,latency_s,6.763417
1756887987.624,latency_s,6.354849
1756887987.627,latency_s,6.257529
1756887987.630,latency_s,6.159942
1756887987.633,latency_s,6.061183
1756887987.637,latency_s,5.963964
1756887987.640,latency_s,5.866376
1756887987.644,latency_s,6.479948
1756887987.646,latency_s,6.382266
1756887987.650,latency_s,6.285267
1756887987.653,latency_s,6.187873
1756887987.656,latency_s,6.090645
1756887987.659,latency_s,5.992617
1756887987.664,latency_s,5.897115
1756887987.668,latency_s,6.498395
1756887987.670,latency_s,6.400577
1756887987.674,latency_s,6.303037
1756887987.677,latency_s,6.205047
1756887987.681,latency_s,6.108526
1756887987.684,latency_s,6.010789
1756887987.687,latency_s,5.913330
1756887987.689,latency_s,6.425292
1756887987.692,latency_s,6.327817
1756887987.696,latency_s,6.230584
1756887987.700,latency_s,6.134403
1756887987.702,latency_s,6.035638
1756887987.706,latency_s,5.939631
1756887987.708,latency_s,6.437772
1756887987.712,latency_s,6.340997
1756887987.715,latency_s,6.243523
1756887987.718,latency_s,6.145575
1756887988.286,latency_s,6.210253
1756887988.289,latency_s,6.113258
1756887988.293,latency_s,6.015847
1756887988.295,latency_s,5.917645
1756887988.300,latency_s,6.431416
1756887988.301,latency_s,6.332754
1756887988.306,latency_s,6.236970
1756887988.309,latency_s,6.139492
1756887988.312,latency_s,6.042009
1756887988.315,latency_s,5.943872
1756887988.319,latency_s,5.847008
1756887988.321,latency_s,6.453523
1756887988.324,latency_s,6.355817
1756887988.327,latency_s,6.257883
1756887988.330,latency_s,6.160206
1756887988.880,latency_s,5.805835
1756887988.883,latency_s,5.708385
1756887988.887,latency_s,6.213822
1756887988.889,latency_s,6.116227
1756887988.893,latency_s,6.018158
1756887988.896,latency_s,5.918557
1756887988.899,latency_s,5.821163
1756887988.903,latency_s,5.723982
1756887988.906,latency_s,5.625609
1756887988.908,latency_s,6.235616
1756887988.912,latency_s,6.138582
1756887988.915,latency_s,6.041360
1756887988.918,latency_s,5.943932
1756887988.921,latency_s,5.847181
1756887988.924,latency_s,5.749463
1756887988.928,latency_s,5.652439
1756887988.930,latency_s,6.262179
1756887989.530,latency_s,5.747235
1756887989.533,latency_s,6.354652
1756887989.537,latency_s,6.257161
1756887989.539,latency_s,6.158976
1756887989.543,latency_s,6.062238
1756887989.546,latency_s,5.964724
1756887989.550,latency_s,5.868655
1756887989.552,latency_s,5.770616
1756887989.556,latency_s,5.673193
1756887989.559,latency_s,6.380634
1756887989.561,latency_s,6.282677
1756887989.565,latency_s,6.185310
1756887989.568,latency_s,6.088058
1756887989.572,latency_s,5.991212
1756887989.574,latency_s,5.892989
1756887990.129,latency_s,5.844196
1756887990.132,latency_s,6.153077
1756887990.137,latency_s,5.749712
1756887990.138,latency_s,6.059344
1756887990.142,latency_s,5.961993
1756887990.144,latency_s,5.864475
1756887990.148,latency_s,5.768402
1756887990.150,latency_s,6.267175
1756887990.154,latency_s,6.170164
1756887990.157,latency_s,6.072170
1756887990.160,latency_s,5.974200
1756887990.165,latency_s,5.878667
1756887990.167,latency_s,5.779315
1756887990.170,latency_s,6.186400
1756887990.173,latency_s,6.088930
1756887990.176,latency_s,5.987212
1756887990.179,latency_s,5.889895
1756887990.747,latency_s,5.964496
1756887990.748,latency_s,5.865114
1756887990.751,latency_s,5.766841
1756887990.754,latency_s,6.266340
1756887990.758,latency_s,6.169615
1756887990.761,latency_s,6.071324
1756887990.764,latency_s,5.974433
1756887991.364,latency_s,6.473265
1756887991.364,latency_s,6.373121
1756887991.364,latency_s,6.873837
1756887991.364,latency_s,6.773847
1756887991.364,latency_s,6.673615
1756887991.364,latency_s,6.573327
1756887991.364,latency_s,6.472700
1756887991.365,latency_s,6.372500
1756887991.365,latency_s,5.776914
1756887991.365,latency_s,6.272874
1756887991.365,latency_s,6.172550
1756887991.365,latency_s,6.071726
1756887991.365,latency_s,5.971531
1756887991.365,latency_s,5.870516
1756887991.365,latency_s,5.770065
1756887991.365,latency_s,6.272406
1756887991.365,latency_s,6.171667
1756887991.365,latency_s,6.071049
1756887991.365,latency_s,5.970454
1756887991.365,latency_s,5.870288
1756887991.365,latency_s,5.769833
1756887991.365,latency_s,6.273493
1756887991.365,latency_s,6.171366
1756887991.365,latency_s,6.071054
1756887991.365,latency_s,5.970613
1756887991.907,latency_s,6.018820
1756887991.911,latency_s,5.921665
1756887991.914,latency_s,5.824081
1756887991.917,latency_s,5.726515
1756887991.920,latency_s,6.224833
1756887991.923,latency_s,6.124220
1756887991.923,latency_s,6.023801
1756887992.453,latency_s,5.551925
1756887992.455,latency_s,6.152167
1756887992.458,latency_s,6.054695
1756887992.462,latency_s,5.957428
1756887992.464,latency_s,5.859940
1756887992.468,latency_s,5.763007
1756887992.471,latency_s,5.665061
1756887992.474,latency_s,5.567461
1756887992.478,latency_s,6.176427
1756887992.481,latency_s,6.078813
1756887992.483,latency_s,5.980692
1756887992.487,latency_s,5.884533
1756887992.490,latency_s,5.786222
1756887992.494,latency_s,5.689567
1756887992.497,latency_s,5.591283
1756887992.499,latency_s,6.199168
1756887992.503,latency_s,6.102251
1756887992.505,latency_s,6.003251
1756887992.509,latency_s,5.906753
1756887992.512,latency_s,5.807819
1756887992.515,latency_s,5.710122
1756887992.518,latency_s,5.612961
1756887992.521,latency_s,6.116975
1756887992.521,latency_s,6.016836
1756887992.521,latency_s,5.916540
1756887993.090,latency_s,5.854697
1756887993.092,latency_s,5.756859
1756887993.096,latency_s,5.660412
1756887993.100,latency_s,5.562716
1756887993.102,latency_s,6.297201
1756887993.105,latency_s,6.199306
1756887993.109,latency_s,6.102931
1756887993.115,latency_s,6.007065
1756887993.118,latency_s,5.909910
1756887993.122,latency_s,5.813220
1756887993.124,latency_s,5.714872
1756887993.129,latency_s,5.616714
1756887993.131,latency_s,6.326452
1756887993.134,latency_s,6.228286
1756887993.137,latency_s,6.130205
1756887993.140,latency_s,6.033152
1756887993.144,latency_s,5.936791
1756887993.146,latency_s,5.837712
1756887993.150,latency_s,5.740989
1756887993.153,latency_s,5.642466
1756887993.157,latency_s,5.546309
1756887993.160,latency_s,6.254200
1756887993.163,latency_s,6.150043
1756887993.167,latency_s,6.053640
1756887993.701,latency_s,5.887191
1756887993.704,latency_s,5.789525
1756887994.324,latency_s,6.309526
1756887994.324,latency_s,6.209502
1756887994.324,latency_s,6.109323
1756887994.324,latency_s,6.708350
1756887994.324,latency_s,6.608221
1756887994.325,latency_s,6.507931
1756887994.325,latency_s,6.406810
1756887994.325,latency_s,6.304563
1756887994.325,latency_s,6.204038
1756887994.325,latency_s,6.103828
1756887994.325,latency_s,6.712066
1756887994.325,latency_s,6.611936
1756887994.325,latency_s,6.511556
1756887994.325,latency_s,5.704299
1756887994.325,latency_s,5.602784
1756887994.325,latency_s,6.008925
1756887994.325,latency_s,5.908678
1756887994.325,latency_s,5.808316
1756887994.325,latency_s,5.707999
1756887994.325,latency_s,5.606983
1756887994.325,latency_s,5.506185
1756887994.325,latency_s,6.003366
1756887994.325,latency_s,5.902981
1756887994.325,latency_s,5.801955
1756887994.325,latency_s,5.701464
1756887994.325,latency_s,5.600875
1756887994.325,latency_s,5.500118
1756887994.325,latency_s,6.008784
1756887994.325,latency_s,5.907735
1756887994.864,latency_s,6.345896
1756887994.864,latency_s,6.145931
1756887994.864,latency_s,6.044963
1756887995.404,latency_s,6.484453
1756887995.404,latency_s,6.384318
1756887995.404,latency_s,6.581115
1756887995.404,latency_s,6.480656
1756887995.404,latency_s,6.380521
1756887995.404,latency_s,6.280198
1756887995.404,latency_s,6.179597
1756887995.404,latency_s,6.076137
1756887995.404,latency_s,6.482411
1756887995.405,latency_s,6.381994
1756887995.405,latency_s,6.281368
1756887995.405,latency_s,6.179798
1756887995.405,latency_s,6.078653
1756887995.405,latency_s,6.478568
1756887995.405,latency_s,5.978532
1756887995.405,latency_s,6.378268
1756887995.405,latency_s,6.277974
1756887995.405,latency_s,6.177264
1756887995.405,latency_s,6.076550
1756887995.405,latency_s,5.975945
1756887995.405,latency_s,6.484949
1756887995.405,latency_s,6.383420
1756887995.405,latency_s,6.283259
1756887995.405,latency_s,6.182967
1756887995.405,latency_s,6.081561
1756887995.405,latency_s,5.980678
1756887995.407,latency_s,5.986022
1756887995.411,latency_s,5.888493
1756887995.413,latency_s,5.791184
1756887995.995,latency_s,5.761853
1756887995.998,latency_s,6.174434
1756887996.001,latency_s,6.076299
1756887996.005,latency_s,5.979645
1756887996.008,latency_s,5.882673
1756887996.010,latency_s,5.784067
1756887996.010,latency_s,5.683853
1756887996.010,latency_s,6.179181
1756887996.010,latency_s,6.079018
1756887996.010,latency_s,5.975715
1756887996.010,latency_s,5.875119
1756887996.010,latency_s,5.774405
1756887996.010,latency_s,5.674152
1756887996.010,latency_s,6.178365
1756887996.011,latency_s,6.078224
1756887996.011,latency_s,5.977975
1756887996.011,latency_s,5.877616
1756887996.011,latency_s,5.777229
1756887996.011,latency_s,5.676748
1756887996.011,latency_s,6.187390
1756887996.011,latency_s,6.086212
1756887996.011,latency_s,5.986080
1756887996.011,latency_s,5.885787
1756887996.011,latency_s,5.784959
1756887996.011,latency_s,5.684808
1756887996.011,latency_s,6.078864
1756887996.011,latency_s,5.976347
1756887996.561,latency_s,6.019985
1756887996.563,latency_s,5.921592
1756887996.566,latency_s,5.823189
1756887996.569,latency_s,5.725222
1756887996.573,latency_s,6.239401
1756887996.577,latency_s,6.142170
1756887996.580,latency_s,6.043481
1756887996.583,latency_s,5.946856
1756887996.587,latency_s,5.850149
1756887996.589,latency_s,5.751903
1756887996.593,latency_s,6.165981
1756887996.596,latency_s,6.068704
1756887996.600,latency_s,5.972123
1756887996.602,latency_s,5.872703
1756887996.606,latency_s,5.775665
1756887996.609,latency_s,6.172767
1756887996.612,latency_s,6.075027
1756887997.195,latency_s,6.558559
1756887997.196,latency_s,6.458598
1756887997.196,latency_s,6.358584
1756887997.196,latency_s,6.759866
1756887997.196,latency_s,6.659524
1756887997.196,latency_s,6.559244
1756887997.196,latency_s,6.458392
1756887997.196,latency_s,6.358194
1756887997.196,latency_s,6.769911
1756887997.196,latency_s,6.669065
1756887997.196,latency_s,6.568252
1756887997.196,latency_s,6.466522
1756887997.223,latency_s,6.184684
1756887997.226,latency_s,6.087884
1756887997.230,latency_s,5.991405
1756887997.232,latency_s,5.893462
1756887997.237,latency_s,5.797570
1756887997.239,latency_s,6.309131
1756887997.239,latency_s,6.208581
1756887997.240,latency_s,6.108082
1756887997.747,latency_s,6.213686
1756887997.750,latency_s,6.114977
1756887997.753,latency_s,6.015776
1756887997.756,latency_s,5.913384
1756887997.759,latency_s,5.816425
1756887997.762,latency_s,6.221796
1756887997.765,latency_s,6.124806
1756887997.769,latency_s,6.027746
1756887997.772,latency_s,5.930437
1756887997.775,latency_s,5.832608
1756887997.779,latency_s,5.736505
1756887997.781,latency_s,6.240268
1756887999.095,latency_s,7.452314
1756887999.095,latency_s,7.351927
1756887999.095,latency_s,7.251694
1756887999.095,latency_s,7.151412
1756887999.095,latency_s,7.051224
1756887999.096,latency_s,7.556779
1756887999.096,latency_s,7.456045
1756887999.096,latency_s,7.355485
1756887999.096,latency_s,7.249779
1756887999.096,latency_s,7.149102
1756887999.096,latency_s,6.444767
1756887999.096,latency_s,7.053169
1756887999.096,latency_s,6.952832
1756887999.096,latency_s,6.848466
1756887999.096,latency_s,6.747476
1756887999.097,latency_s,6.647192
1756887999.097,latency_s,6.546406
1756887999.097,latency_s,6.446002
1756887999.097,latency_s,6.953810
1756887999.097,latency_s,6.849263
1756887999.130,latency_s,6.075716
1756887999.130,latency_s,5.973805
1756887999.130,latency_s,6.479582
1756887999.131,latency_s,6.379398
1756887999.131,latency_s,6.278771
1756887999.131,latency_s,6.178389
1756887999.131,latency_s,6.077544
1756887999.131,latency_s,5.974237
1756887999.131,latency_s,6.453244
1756887999.131,latency_s,6.350107
1756887999.131,latency_s,6.249597
1756887999.157,latency_s,6.405243
1756887999.749,latency_s,5.996193
1756887999.753,latency_s,5.898757
1756887999.756,latency_s,6.397343
1756887999.759,latency_s,6.299721
1756887999.762,latency_s,6.202518
1756887999.765,latency_s,6.104881
1756887999.769,latency_s,6.007852
1756887999.771,latency_s,5.909317
1756887999.775,latency_s,6.223330
1756887999.778,latency_s,6.125823
1756887999.781,latency_s,6.027710
1756887999.785,latency_s,5.930878
1756888000.850,latency_s,6.896439
1756888000.851,latency_s,6.796213
1756888000.851,latency_s,7.098656
1756888000.851,latency_s,6.997654
1756888000.851,latency_s,6.897341
1756888000.851,latency_s,6.797067
1756888000.851,latency_s,6.696481
1756888000.851,latency_s,7.091079
1756888000.851,latency_s,6.385559
1756888000.851,latency_s,6.284740
1756888000.851,latency_s,6.184348
1756888000.851,latency_s,6.564852
1756888000.851,latency_s,6.463952
1756888000.851,latency_s,6.360164
1756888000.851,latency_s,6.259865
1756888000.851,latency_s,6.157169
1756888000.851,latency_s,6.591692
1756888000.851,latency_s,6.490851
1756888000.852,latency_s,6.390640
1756888000.852,latency_s,6.289998
1756888000.869,latency_s,6.072449
1756888000.869,latency_s,5.972038
1756888000.869,latency_s,5.869527
1756888000.869,latency_s,5.766119
1756888000.869,latency_s,5.664446
1756888000.869,latency_s,5.562690
1756888000.869,latency_s,6.005792
1756888000.869,latency_s,5.905211
1756888000.869,latency_s,5.804352
1756888000.869,latency_s,5.702890
1756888000.869,latency_s,5.602664
1756888000.892,latency_s,6.083297
1756888001.304,latency_s,5.795591
1756888001.308,latency_s,5.698387
1756888001.312,latency_s,5.600536
1756888001.313,latency_s,5.501055
1756888001.317,latency_s,5.404123
1756888001.321,latency_s,5.954028
1756888001.323,latency_s,5.856341
1756888001.327,latency_s,5.758755
1756888001.331,latency_s,5.661277
1756888001.332,latency_s,5.562330
1756888001.383,latency_s,5.512193
1756888001.383,latency_s,5.967014
1756888001.383,latency_s,5.866319
1756888001.383,latency_s,5.766121
1756888001.383,latency_s,5.665059
1756888001.383,latency_s,5.560740
1756888001.384,latency_s,5.454756
1756888001.384,latency_s,5.916251
1756888001.384,latency_s,5.814977
1756888001.384,latency_s,5.714253
1756888001.842,latency_s,6.270789
1756888001.845,latency_s,6.172174
1756888001.850,latency_s,6.076396
1756888001.850,latency_s,5.975700
1756888001.850,latency_s,5.875595
1756888001.850,latency_s,5.775167
1756888001.850,latency_s,5.673871
1756888001.850,latency_s,5.977958
1756888001.850,latency_s,5.877717
1756888001.850,latency_s,5.777368
1756888001.850,latency_s,5.674626
1756888001.850,latency_s,5.573307
1756888002.345,latency_s,5.666620
1756888002.348,latency_s,6.171501
1756888002.351,latency_s,6.072122
1756888002.355,latency_s,5.976192
1756888002.358,latency_s,5.874110
1756888002.929,latency_s,6.344803
1756888002.929,latency_s,6.244292
1756888002.929,latency_s,6.753359
1756888002.929,latency_s,6.652392
1756888002.929,latency_s,6.551055
1756888002.929,latency_s,6.450613
1756888002.929,latency_s,6.349505
1756888002.929,latency_s,6.249137
1756888002.929,latency_s,6.653070
1756888002.929,latency_s,6.551905
1756888002.929,latency_s,6.450646
1756888002.929,latency_s,6.350285
1756888002.929,latency_s,6.249682
1756888002.930,latency_s,6.148908
1756888002.930,latency_s,6.652649
1756888002.930,latency_s,6.248430
1756888002.930,latency_s,6.148294
1756888002.930,latency_s,6.048088
1756888002.930,latency_s,5.947271
1756888002.930,latency_s,5.843951
1756888002.930,latency_s,5.743505
1756888002.930,latency_s,6.245761
1756888002.930,latency_s,6.145527
1756888002.930,latency_s,6.045360
1756888002.930,latency_s,5.943849
1756888002.930,latency_s,5.843645
1756888002.930,latency_s,5.743351
1756888003.527,latency_s,5.938620
1756888003.530,latency_s,5.840371
1756888003.533,latency_s,5.743341
1756888003.538,latency_s,6.250334
1756888003.541,latency_s,6.152793
1756888003.589,latency_s,6.100538
1756888003.592,latency_s,6.003088
1756888004.262,latency_s,6.572050
1756888004.262,latency_s,6.471908
1756888004.262,latency_s,6.974397
1756888004.262,latency_s,6.873066
1756888004.262,latency_s,6.772838
1756888004.262,latency_s,6.672603
1756888004.262,latency_s,6.570835
1756888004.262,latency_s,6.470484
1756888004.262,latency_s,6.954695
1756888004.262,latency_s,6.854469
1756888004.262,latency_s,6.754137
1756888004.262,latency_s,6.653677
1756888004.262,latency_s,6.553045
1756888004.262,latency_s,6.452898
1756888004.263,latency_s,6.878828
1756888004.263,latency_s,6.778559
1756888004.263,latency_s,6.678307
1756888004.263,latency_s,6.577549
1756888004.263,latency_s,6.476927
1756888004.263,latency_s,6.376590
1756888004.263,latency_s,6.874723
1756888004.263,latency_s,6.774425
1756888004.263,latency_s,6.673991
1756888004.263,latency_s,6.573233
1756888004.263,latency_s,6.170782
1756888004.263,latency_s,6.070410
1756888004.263,latency_s,5.970031
1756888004.264,latency_s,5.869771
1756888004.264,latency_s,5.769323
1756888004.264,latency_s,6.372899
1756888004.761,latency_s,5.858934
1756888004.765,latency_s,5.761134
1756888004.804,latency_s,6.208735
1756888005.432,latency_s,6.736365
1756888005.432,latency_s,6.636324
1756888005.432,latency_s,6.535844
1756888005.432,latency_s,6.435409
1756888005.432,latency_s,6.335181
1756888005.432,latency_s,6.234657
1756888005.432,latency_s,6.718249
1756888005.432,latency_s,6.616965
1756888005.432,latency_s,6.516613
1756888005.432,latency_s,6.416182
1756888005.432,latency_s,6.316033
1756888005.432,latency_s,6.215872
1756888005.433,latency_s,6.742369
1756888005.433,latency_s,6.642137
1756888005.433,latency_s,6.541167
1756888005.433,latency_s,6.439854
1756888005.433,latency_s,6.339409
1756888005.433,latency_s,6.238694
1756888005.433,latency_s,6.728003
1756888005.433,latency_s,6.627817
1756888005.433,latency_s,6.526424
1756888005.433,latency_s,6.425350
1756888005.433,latency_s,6.324155
1756888005.433,latency_s,6.223265
1756888005.433,latency_s,6.726210
1756888005.433,latency_s,5.720432
1756888005.433,latency_s,6.231141
1756888005.433,latency_s,6.130821
1756888005.433,latency_s,6.030600
1756888005.433,latency_s,5.930344
1756888005.433,latency_s,5.829718
1756888006.033,latency_s,6.017339
1756888006.036,latency_s,5.917002
1756888006.039,latency_s,5.819559
1756888006.043,latency_s,5.722999
1756888006.046,latency_s,6.232825
1756888006.049,latency_s,6.135406
1756888006.622,latency_s,6.606136
1756888006.622,latency_s,6.504869
1756888006.622,latency_s,6.404582
1756888006.622,latency_s,6.304333
1756888006.622,latency_s,6.714722
1756888006.622,latency_s,6.614135
1756888006.622,latency_s,6.512086
1756888006.622,latency_s,6.411473
1756888006.622,latency_s,6.311064
1756888006.622,latency_s,6.715972
1756888006.622,latency_s,6.615756
1756888006.622,latency_s,6.515441
1756888006.622,latency_s,6.415319
1756888006.622,latency_s,6.315078
1756888006.622,latency_s,6.214391
1756888006.622,latency_s,6.703296
1756888006.623,latency_s,6.602370
1756888006.623,latency_s,6.502098
1756888006.623,latency_s,6.402015
1756888006.623,latency_s,6.301913
1756888006.623,latency_s,6.201319
1756888006.669,latency_s,6.147260
1756888006.669,latency_s,6.046376
1756888006.669,latency_s,5.946029
1756888006.669,latency_s,5.845810
1756888006.669,latency_s,5.744003
1756888006.669,latency_s,6.158689
1756888007.243,latency_s,5.917248
1756888007.247,latency_s,5.820877
1756888007.249,latency_s,6.021935
1756888007.253,latency_s,5.924345
1756888007.256,latency_s,5.825700
1756888007.890,latency_s,5.957575
1756888007.894,latency_s,5.860901
1756888007.896,latency_s,5.761819
1756888007.899,latency_s,5.665327
1756888007.900,latency_s,6.020030
1756888007.900,latency_s,5.919678
1756888007.900,latency_s,5.819337
1756888007.900,latency_s,5.719129
1756888007.900,latency_s,5.618021
1756888007.900,latency_s,5.967149
1756888007.900,latency_s,5.866433
1756888007.900,latency_s,5.765742
1756888007.900,latency_s,5.665446
1756888007.900,latency_s,5.565157
1756888007.900,latency_s,5.977203
1756888007.900,latency_s,5.876896
1756888007.900,latency_s,5.776709
1756888007.900,latency_s,5.676013
1756888007.900,latency_s,5.575421
1756888007.900,latency_s,5.977103
1756888007.900,latency_s,5.873508
1756888007.900,latency_s,5.770997
1756888007.900,latency_s,5.669822
1756888007.900,latency_s,5.569383
1756888007.900,latency_s,5.978283
1756888007.949,latency_s,5.925842
1756888007.949,latency_s,5.825661
1756888008.536,latency_s,5.799080
1756888008.539,latency_s,5.700899
1756888008.543,latency_s,6.117764
1756888008.546,latency_s,6.020639
1756888008.546,latency_s,5.918789
1756888010.618,latency_s,7.889448
1756888010.618,latency_s,7.789292
1756888010.619,latency_s,7.688717
1756888010.619,latency_s,8.187383
1756888010.619,latency_s,8.086310
1756888010.619,latency_s,7.986264
1756888010.619,latency_s,7.885297
1756888010.620,latency_s,7.784714
1756888010.620,latency_s,7.684521
1756888010.620,latency_s,8.195232
1756888010.620,latency_s,8.095162
1756888010.620,latency_s,7.995031
1756888010.622,latency_s,7.895737
1756888010.622,latency_s,7.794864
1756888010.623,latency_s,7.694910
1756888010.623,latency_s,8.187418
1756888010.623,latency_s,8.086370
1756888010.623,latency_s,7.985961
1756888010.623,latency_s,7.886056
1756888010.624,latency_s,7.785867
1756888010.624,latency_s,7.685260
1756888010.624,latency_s,8.186064
1756888010.624,latency_s,8.084796
1756888010.624,latency_s,7.984467
1756888010.624,latency_s,7.884212
1756888010.624,latency_s,7.194586
1756888010.624,latency_s,7.093713
1756888010.625,latency_s,7.585841
1756888010.625,latency_s,7.485317
1756888010.625,latency_s,7.385288
1756888010.625,latency_s,7.285020
1756888010.625,latency_s,7.184568
1756888011.264,latency_s,6.216276
1756888011.284,latency_s,6.135302
1756888011.922,latency_s,6.673308
1756888011.922,latency_s,6.572635
1756888011.923,latency_s,6.472420
1756888011.923,latency_s,7.073526
1756888011.923,latency_s,6.973297
1756888011.923,latency_s,6.872794
1756888011.923,latency_s,6.771988
1756888011.923,latency_s,6.670671
1756888011.923,latency_s,6.570466
1756888011.923,latency_s,6.469578
1756888011.923,latency_s,7.074726
1756888011.923,latency_s,6.974521
1756888011.923,latency_s,6.874091
1756888011.923,latency_s,6.772956
1756888011.923,latency_s,6.672468
1756888011.923,latency_s,6.572077
1756888011.923,latency_s,6.471922
1756888011.923,latency_s,6.876359
1756888011.923,latency_s,6.775637
1756888011.923,latency_s,6.675516
1756888011.923,latency_s,6.573893
1756888011.923,latency_s,6.473641
1756888011.970,latency_s,6.420299
1756888011.970,latency_s,6.927029
1756888011.975,latency_s,6.423384
1756888012.547,latency_s,6.895345
1756888012.547,latency_s,6.794831
1756888012.547,latency_s,6.694355
1756888012.548,latency_s,6.592218
1756888012.548,latency_s,6.491703
1756888012.548,latency_s,6.993789
1756888013.683,latency_s,7.020041
1756888013.683,latency_s,6.724918
1756888013.683,latency_s,6.623937
1756888013.683,latency_s,6.523098
1756888013.683,latency_s,6.422596
1756888013.683,latency_s,6.322405
1756888013.683,latency_s,6.622966
1756888013.683,latency_s,6.522837
1756888013.683,latency_s,6.422349
1756888013.683,latency_s,6.321589
1756888013.683,latency_s,6.221249
1756888013.683,latency_s,6.120939
1756888013.683,latency_s,6.509180
1756888013.683,latency_s,6.407374
1756888013.683,latency_s,6.306713
1756888013.683,latency_s,6.204594
1756888013.683,latency_s,6.103714
1756888013.683,latency_s,6.002296
1756888013.688,latency_s,5.906149
1756888013.688,latency_s,6.416192
1756888013.688,latency_s,6.315763
1756888013.688,latency_s,6.215572
1756888013.688,latency_s,6.115315
1756888013.688,latency_s,6.014416
1756888013.688,latency_s,5.913590
1756888013.688,latency_s,6.434732
1756888013.688,latency_s,6.222729
1756888013.688,latency_s,6.122409
1756888013.688,latency_s,6.021698
1756888013.711,latency_s,5.943598
1756888013.711,latency_s,5.842853
1756888013.711,latency_s,5.742529
1756888014.355,latency_s,6.182568
1756888014.359,latency_s,6.085614
1756888014.361,latency_s,5.987128
1756888014.365,latency_s,5.890536
1756888015.540,latency_s,7.470793
1756888015.540,latency_s,7.369901
1756888015.540,latency_s,7.269531
1756888015.540,latency_s,7.169258
1756888015.540,latency_s,7.069135
1756888015.540,latency_s,6.968738
1756888015.541,latency_s,7.471262
1756888015.541,latency_s,7.370054
1756888015.541,latency_s,7.269660
1756888015.541,latency_s,7.169085
1756888015.541,latency_s,7.068640
1756888015.541,latency_s,6.968414
1756888015.541,latency_s,7.473008
1756888015.541,latency_s,7.372875
1756888015.541,latency_s,6.667890
1756888015.541,latency_s,6.567448
1756888015.541,latency_s,6.467031
1756888015.541,latency_s,6.366349
1756888015.541,latency_s,6.868151
1756888015.541,latency_s,6.767906
1756888015.541,latency_s,6.667632
1756888015.541,latency_s,6.567318
1756888015.541,latency_s,6.467183
1756888015.541,latency_s,6.362487
1756888015.541,latency_s,6.871212
1756888015.541,latency_s,6.770360
1756888015.541,latency_s,6.669631
1756888015.542,latency_s,6.569569
1756888015.565,latency_s,6.082684
1756888015.565,latency_s,5.982362
1756888015.565,latency_s,5.882168
1756888015.565,latency_s,6.288696
1756888016.181,latency_s,5.995730
1756888016.185,latency_s,5.898858
1756888016.188,latency_s,6.310570
1756888016.222,latency_s,6.244480
1756888016.222,latency_s,6.143394
1756888016.222,latency_s,6.042540
1756888016.222,latency_s,5.942288
1756888016.222,latency_s,6.337696
1756888016.222,latency_s,6.237606
1756888016.222,latency_s,6.137140
1756888016.222,latency_s,6.036712
1756888016.222,latency_s,5.936598
1756888016.222,latency_s,5.835142
1756888016.222,latency_s,6.241672
1756888016.801,latency_s,6.719562
1756888016.801,latency_s,6.619091
1756888016.801,latency_s,6.518839
1756888016.801,latency_s,6.418324
1756888016.801,latency_s,6.722795
1756888016.801,latency_s,6.622431
1756888016.801,latency_s,6.521521
1756888016.801,latency_s,6.421168
1756888016.801,latency_s,6.320670
1756888016.801,latency_s,6.220523
1756888016.801,latency_s,6.486512
1756888016.826,latency_s,6.410146
1756888016.826,latency_s,5.835764
1756888016.826,latency_s,6.243219
1756888016.826,latency_s,6.142734
1756888016.826,latency_s,6.040894
1756888016.826,latency_s,5.940535
1756888016.826,latency_s,5.840316
1756888017.366,latency_s,5.772750
1756888017.368,latency_s,6.277855
1756888017.372,latency_s,6.180973
1756888017.374,latency_s,6.082747
1756888017.393,latency_s,6.000705
1756888017.393,latency_s,5.900112
1756888017.393,latency_s,5.799682
1756888017.393,latency_s,6.307102
1756888017.393,latency_s,6.206159
1756888017.393,latency_s,6.105758
1756888017.393,latency_s,6.005370
1756888017.393,latency_s,5.904680
1756888017.393,latency_s,5.804064
1756888017.393,latency_s,6.302617
1756888018.025,latency_s,6.230706
1756888018.027,latency_s,6.131834
1756888018.027,latency_s,6.031439
1756888018.028,latency_s,5.930367
1756888018.028,latency_s,5.829619
1756888018.028,latency_s,5.729215
1756888018.028,latency_s,6.334077
1756888018.028,latency_s,6.233128
1756888018.028,latency_s,6.132210
1756888018.028,latency_s,6.032021
1756888018.028,latency_s,5.926079
1756888018.028,latency_s,5.824278
1756888018.028,latency_s,5.723716
1756888018.028,latency_s,6.334264
1756888018.028,latency_s,6.233650
1756888018.028,latency_s,6.132955
1756888018.028,latency_s,6.032193
1756888018.028,latency_s,5.931235
1756888018.665,latency_s,6.265743
1756888018.667,latency_s,6.167484
1756888018.670,latency_s,6.070185
1756888018.674,latency_s,5.973863
1756888018.677,latency_s,5.876473
1756888018.677,latency_s,6.278210
1756888018.677,latency_s,6.177865
1756888018.677,latency_s,6.077491
1756888018.677,latency_s,5.977285
1756888018.677,latency_s,5.876595
1756888018.677,latency_s,6.272462
1756888018.677,latency_s,6.168741
1756888018.677,latency_s,6.067558
1756888018.678,latency_s,5.967236
1756888019.303,latency_s,6.395409
1756888019.305,latency_s,6.297436
1756888019.309,latency_s,6.200890
1756888019.313,latency_s,6.103715
1756888019.313,latency_s,6.003673
1756888019.313,latency_s,5.903149
1756888019.313,latency_s,6.311231
1756888019.313,latency_s,6.210793
1756888019.313,latency_s,6.110638
1756888019.313,latency_s,6.010363
1756888019.313,latency_s,5.909218
1756888019.313,latency_s,5.808718
1756888019.313,latency_s,6.311367
1756888019.313,latency_s,6.211130
1756888019.313,latency_s,6.110008
1756888019.313,latency_s,6.009533
1756888019.313,latency_s,5.909291
1756888019.313,latency_s,5.809113
1756888019.948,latency_s,6.339743
1756888019.951,latency_s,6.242161
1756888019.955,latency_s,6.145779
1756888019.957,latency_s,6.046958
1756888019.965,latency_s,5.954216
1756888019.966,latency_s,6.455798
1756888019.966,latency_s,6.355603
1756888019.966,latency_s,6.255214
1756888019.966,latency_s,6.155092
1756888019.966,latency_s,6.054603
1756888019.966,latency_s,5.953328
1756888019.966,latency_s,6.359020
1756888019.966,latency_s,6.258865
1756888019.967,latency_s,6.158619
1756888020.784,latency_s,6.368303
1756888020.789,latency_s,6.272208
1756888020.791,latency_s,6.174002
1756888020.794,latency_s,6.583689
1756888020.798,latency_s,6.487159
1756888020.800,latency_s,6.388719
1756888020.804,latency_s,6.291816
1756888020.807,latency_s,6.194028
1756888020.807,latency_s,6.092479
1756888020.807,latency_s,6.596841
1756888020.807,latency_s,6.495363
1756888020.807,latency_s,6.393450
1756888020.807,latency_s,6.293094
1756888020.807,latency_s,6.192753
1756888020.807,latency_s,6.091062
1756888020.807,latency_s,6.393920
1756888020.807,latency_s,6.293607
1756888020.807,latency_s,6.193350
1756888021.546,latency_s,6.428001
1756888021.549,latency_s,6.330459
1756888021.552,latency_s,6.232826
1756888021.555,latency_s,6.134729
1756888021.560,latency_s,6.039176
1756888021.561,latency_s,6.395623
1756888021.561,latency_s,6.295089
1756888021.561,latency_s,6.193478
1756888021.561,latency_s,6.093365
1756888021.561,latency_s,5.992755
1756888021.562,latency_s,5.890245
1756888021.562,latency_s,5.787947
1756888021.562,latency_s,6.301979
1756888021.562,latency_s,6.201612
1756888022.270,latency_s,5.844493
1756888022.273,latency_s,6.406621
1756888022.277,latency_s,6.309308
1756888022.280,latency_s,6.210750
1756888022.283,latency_s,6.113165
1756888022.286,latency_s,6.016247
1756888022.290,latency_s,5.918341
1756888022.292,latency_s,5.820577
1756888022.295,latency_s,6.340846
1756888022.300,latency_s,6.243811
1756888022.303,latency_s,6.145882
1756888022.305,latency_s,6.044418
1756888022.308,latency_s,5.945091
1756888022.311,latency_s,5.847881
1756888022.315,latency_s,6.392640
1756888022.315,latency_s,6.292478
1756888022.315,latency_s,6.191557
1756888022.315,latency_s,6.091152
1756888022.905,latency_s,5.875013
1756888022.908,latency_s,6.380402
1756888022.911,latency_s,6.283190
1756888022.914,latency_s,6.185679
1756888022.917,latency_s,6.088436
1756888022.922,latency_s,5.992815
1756888022.924,latency_s,5.893549
1756888022.927,latency_s,6.352535
1756888022.930,latency_s,6.253943
1756888022.930,latency_s,6.153831
1756888022.930,latency_s,6.052387
1756888022.931,latency_s,5.951676
1756888022.931,latency_s,5.850838
1756888022.931,latency_s,6.390276
1756888023.518,latency_s,6.053522
1756888023.522,latency_s,5.957013
1756888023.525,latency_s,5.858521
1756888023.527,latency_s,6.295096
1756888023.531,latency_s,6.197062
1756888023.534,latency_s,6.099560
1756888023.537,latency_s,6.001603
1756888023.540,latency_s,5.904669
1756888023.543,latency_s,6.394129
1756888023.546,latency_s,6.296063
1756888023.550,latency_s,6.198726
1756888023.552,latency_s,6.101105
1756888023.556,latency_s,6.003989
1756888023.559,latency_s,5.906411
1756888023.562,latency_s,6.230903
1756888023.566,latency_s,6.134109
1756888023.568,latency_s,6.036142
1756888023.572,latency_s,5.939335
1756888024.174,latency_s,5.993092
1756888024.178,latency_s,5.896362
1756888024.180,latency_s,5.798774
1756888024.184,latency_s,6.448598
1756888024.187,latency_s,6.349244
1756888024.191,latency_s,6.252570
1756888024.193,latency_s,6.153612
1756888024.196,latency_s,6.055806
1756888024.200,latency_s,5.959107
1756888024.203,latency_s,5.862035
1756888024.206,latency_s,6.452997
1756888024.210,latency_s,6.356894
1756888024.212,latency_s,6.257822
1756888024.216,latency_s,6.160248
1756888024.219,latency_s,6.063309
1756888024.221,latency_s,5.965166
1756888024.226,latency_s,5.869263
1756888024.228,latency_s,6.393369
1756888024.231,latency_s,6.295670
1756888024.235,latency_s,6.199438
1756888024.237,latency_s,6.100861
1756888024.241,latency_s,6.004224
1756888024.244,latency_s,5.906941
1756888024.247,latency_s,5.808962
1756888024.251,latency_s,6.314922
1756888024.253,latency_s,6.216402
1756888024.256,latency_s,6.119356
1756888024.260,latency_s,6.022602
1756888024.264,latency_s,5.925558
1756888024.266,latency_s,5.827425
1756888024.269,latency_s,6.132648
1756888024.746,latency_s,6.162221
1756888024.749,latency_s,6.063926
1756888024.753,latency_s,5.967290
1756888024.755,latency_s,5.868703
1756888024.758,latency_s,5.770674
1756888024.761,latency_s,6.318811
1756888024.764,latency_s,6.221048
1756888024.769,latency_s,6.122226
1756888024.771,latency_s,6.023419
1756888024.774,latency_s,5.925694
1756888024.777,latency_s,5.828265
1756888024.780,latency_s,6.322401
1756888024.783,latency_s,6.225213
1756888024.786,latency_s,6.127936
1756888024.790,latency_s,6.030788
1756888025.416,latency_s,6.226888
1756888025.419,latency_s,6.128989
1756888025.422,latency_s,6.031309
1756888025.425,latency_s,5.933957
1756888025.430,latency_s,5.837872
1756888025.432,latency_s,6.381256
1756888025.435,latency_s,6.283690
1756888025.438,latency_s,6.185770
1756888025.442,latency_s,6.089571
1756888025.444,latency_s,5.991275
1756888025.449,latency_s,5.895523
1756888025.450,latency_s,6.389306
1756888025.454,latency_s,6.292363
1756888025.458,latency_s,6.193989
1756888025.460,latency_s,6.096384
1756888025.463,latency_s,5.998035
1756888025.466,latency_s,5.900844
1756888026.036,latency_s,6.255336
1756888026.860,latency_s,6.974782
1756888026.860,latency_s,6.874471
1756888026.860,latency_s,6.774214
1756888026.860,latency_s,6.665722
1756888026.860,latency_s,6.565465
1756888026.860,latency_s,7.205943
1756888026.860,latency_s,7.105326
1756888026.860,latency_s,7.004621
1756888026.860,latency_s,6.903928
1756888026.860,latency_s,6.803589
1756888026.860,latency_s,6.703350
1756888026.860,latency_s,6.603051
1756888026.860,latency_s,7.208879
1756888026.860,latency_s,7.108753
1756888026.860,latency_s,5.910446
1756888026.861,latency_s,5.808777
1756888026.861,latency_s,6.503699
1756888026.861,latency_s,6.403153
1756888026.861,latency_s,6.302454
1756888026.861,latency_s,6.200683
1756888026.861,latency_s,6.099996
1756888026.861,latency_s,5.998800
1756888026.861,latency_s,5.897878
1756888026.861,latency_s,5.797745
1756888026.861,latency_s,6.464859
1756888026.861,latency_s,6.362304
1756888026.861,latency_s,6.261600
1756888026.861,latency_s,6.502482
1756888026.861,latency_s,6.161297
1756888026.861,latency_s,6.402252
1756888026.861,latency_s,6.061165
1756888027.550,latency_s,6.025831
1756888027.554,latency_s,5.926439
1756888027.557,latency_s,5.828766
1756888027.560,latency_s,5.730786
1756888027.565,latency_s,6.364455
1756888027.566,latency_s,6.402869
1756888027.570,latency_s,6.306100
1756888027.573,latency_s,6.208159
1756888027.576,latency_s,6.110610
1756888027.579,latency_s,6.010734
1756888027.582,latency_s,5.912069
1756888027.585,latency_s,5.812842
1756888027.589,latency_s,6.287799
1756888027.593,latency_s,5.719641
1756888027.596,latency_s,6.194830
1756888027.599,latency_s,6.097304
1756888027.602,latency_s,6.450027
1756888027.606,latency_s,6.353142
1756888027.608,latency_s,6.255051
1756888027.611,latency_s,6.157563
1756888027.615,latency_s,6.060426
1756888027.618,latency_s,5.960962
1756888027.621,latency_s,5.863648
1756888028.283,latency_s,6.424869
1756888028.283,latency_s,7.119568
1756888028.283,latency_s,7.019038
1756888028.283,latency_s,6.918207
1756888028.301,latency_s,6.228359
1756888028.304,latency_s,6.131198
1756888028.304,latency_s,6.030948
1756888028.304,latency_s,5.930014
1756888028.304,latency_s,5.829626
1756888028.304,latency_s,6.334053
1756888028.324,latency_s,6.151978
1756888028.328,latency_s,6.055322
1756888028.331,latency_s,5.958416
1756888028.333,latency_s,5.859652
1756888028.336,latency_s,5.762292
1756888028.339,latency_s,6.409904
1756888028.344,latency_s,6.313641
1756888028.346,latency_s,6.214496
1756888028.349,latency_s,6.115368
1756888028.352,latency_s,6.012643
1756888028.355,latency_s,5.914848
1756888028.358,latency_s,5.816122
1756888028.362,latency_s,6.387445
1756888028.365,latency_s,6.289863
1756888028.369,latency_s,6.193342
1756888028.372,latency_s,6.094873
1756888029.641,latency_s,7.263370
1756888029.641,latency_s,6.965664
1756888029.641,latency_s,6.865412
1756888029.641,latency_s,6.763963
1756888029.641,latency_s,6.663652
1756888029.641,latency_s,6.563206
1756888029.642,latency_s,6.463099
1756888029.642,latency_s,7.027543
1756888029.642,latency_s,6.927045
1756888029.642,latency_s,6.826358
1756888029.642,latency_s,6.725400
1756888029.642,latency_s,6.624128
1756888029.642,latency_s,6.523889
1756888029.642,latency_s,6.423579
1756888029.642,latency_s,6.969180
1756888029.642,latency_s,6.864644
1756888029.644,latency_s,5.760279
1756888029.644,latency_s,6.325765
1756888029.644,latency_s,6.223111
1756888029.645,latency_s,6.122279
1756888029.645,latency_s,6.263968
1756888029.645,latency_s,6.021478
1756888029.645,latency_s,6.163255
1756888029.645,latency_s,5.919102
1756888029.645,latency_s,6.062540
1756888029.645,latency_s,5.962028
1756888029.645,latency_s,5.818006
1756888029.668,latency_s,5.885254
1756888029.669,latency_s,5.784937
1756888029.669,latency_s,6.287418
1756888029.669,latency_s,6.186926
1756888029.669,latency_s,6.085752
1756888030.237,latency_s,6.052255
1756888030.242,latency_s,5.955955
1756888030.244,latency_s,5.857081
1756888030.248,latency_s,5.760799
1756888030.251,latency_s,6.265052
1756888030.253,latency_s,6.166406
1756888030.257,latency_s,6.068725
1756888030.259,latency_s,5.970876
1756888030.263,latency_s,5.873777
1756888030.265,latency_s,5.775824
1756888030.270,latency_s,6.337433
1756888030.272,latency_s,6.238528
1756888030.275,latency_s,6.141270
1756888030.278,latency_s,6.042850
1756888030.282,latency_s,5.946247
1756888030.285,latency_s,5.848390
1756888030.880,latency_s,6.188227
1756888030.883,latency_s,6.090694
1756888030.888,latency_s,5.995054
1756888030.890,latency_s,5.896948
1756888030.893,latency_s,5.799031
1756888030.896,latency_s,6.251855
1756888030.929,latency_s,6.184670
1756888030.929,latency_s,6.084527
1756888030.929,latency_s,5.984190
1756888030.929,latency_s,5.883605
1756888030.929,latency_s,6.238220
1756888030.929,latency_s,6.137646
1756888030.929,latency_s,6.036384
1756888030.929,latency_s,5.935753
1756888030.929,latency_s,5.835161
1756888030.929,latency_s,5.734303
1756888031.513,latency_s,5.874340
1756888031.517,latency_s,5.776750
1756888031.520,latency_s,6.429646
1756888031.524,latency_s,6.332754
1756888031.526,latency_s,6.234884
1756888031.530,latency_s,6.137488
1756888031.532,latency_s,6.038891
1756888031.535,latency_s,5.941054
1756888031.539,latency_s,5.844543
1756888031.541,latency_s,5.746595
1756888031.545,latency_s,6.349754
1756888031.548,latency_s,6.252617
1756888031.552,latency_s,6.151790
1756888031.554,latency_s,6.053025
1756888031.558,latency_s,5.955177
1756888031.561,latency_s,5.854323
1756888032.278,latency_s,5.935627
1756888032.281,latency_s,5.838409
1756888032.284,latency_s,6.389021
1756888032.288,latency_s,6.293046
1756888032.290,latency_s,6.194613
1756888032.293,latency_s,6.097216
1756888032.297,latency_s,6.000183
1756888032.300,latency_s,5.902663
1756888032.303,latency_s,6.393291
1756888032.306,latency_s,6.295817
1756888032.306,latency_s,6.194969
1756888032.306,latency_s,6.094411
1756888032.306,latency_s,5.994276
1756888032.306,latency_s,5.894008
1756888032.306,latency_s,6.459018
1756888032.306,latency_s,6.358403
1756888032.931,latency_s,6.332788
1756888032.934,latency_s,6.235315
1756888032.938,latency_s,6.138919
1756888032.941,latency_s,6.041206
1756888032.945,latency_s,5.945169
1756888032.947,latency_s,5.846147
1756888032.950,latency_s,6.437417
1756888032.953,latency_s,6.339988
1756888033.578,latency_s,6.863816
1756888033.578,latency_s,6.763614
1756888033.578,latency_s,6.662436
1756888033.578,latency_s,6.561393
1756888033.578,latency_s,6.460312
1756888033.578,latency_s,7.024547
1756888033.578,latency_s,6.924190
1756888033.578,latency_s,6.823446
1756888033.578,latency_s,6.165512
1756888033.578,latency_s,6.064737
1756888033.578,latency_s,5.964424
1756888033.579,latency_s,5.863766
1756888033.579,latency_s,5.763480
1756888033.579,latency_s,5.663357
1756888033.579,latency_s,6.367449
1756888033.579,latency_s,6.266042
1756888033.579,latency_s,6.165887
1756888034.239,latency_s,6.725332
1756888034.239,latency_s,6.624876
1756888034.239,latency_s,6.524174
1756888034.239,latency_s,6.422622
1756888034.239,latency_s,6.321452
1756888034.239,latency_s,6.990904
1756888034.239,latency_s,6.890651
1756888034.239,latency_s,5.781302
1756888034.240,latency_s,5.676880
1756888034.240,latency_s,6.224038
1756888034.240,latency_s,6.123878
1756888034.240,latency_s,6.023142
1756888034.240,latency_s,5.922919
1756888034.240,latency_s,5.822295
1756888034.240,latency_s,5.721522
1756888034.859,latency_s,5.626861
1756888034.861,latency_s,6.232840
1756888034.864,latency_s,6.135819
1756888034.868,latency_s,6.038050
1756888034.871,latency_s,5.939814
1756888034.874,latency_s,5.842909
1756888034.878,latency_s,5.745915
1756888034.880,latency_s,5.647608
1756888034.883,latency_s,6.211756
1756888034.887,latency_s,6.114563
1756888034.887,latency_s,6.014125
1756888034.887,latency_s,5.912787
1756888034.887,latency_s,5.811640
1756888034.888,latency_s,5.708775
1756888034.888,latency_s,5.608361
1756888034.888,latency_s,6.224266
1756888034.888,latency_s,6.119642
1756888035.513,latency_s,6.181147
1756888035.516,latency_s,6.083671
1756888035.519,latency_s,5.986326
1756888036.259,latency_s,6.625868
1756888036.259,latency_s,6.525909
1756888036.259,latency_s,6.425302
1756888036.259,latency_s,6.324843
1756888036.259,latency_s,6.879075
1756888036.259,latency_s,6.774914
1756888036.259,latency_s,6.670526
1756888036.259,latency_s,6.569261
1756888036.259,latency_s,6.468644
1756888036.259,latency_s,6.367211
1756888036.259,latency_s,6.887707
1756888036.259,latency_s,6.786568
1756888036.259,latency_s,5.859912
1756888036.259,latency_s,5.759201
1756888036.881,latency_s,6.805358
1756888036.881,latency_s,6.704120
1756888036.881,latency_s,6.603585
1756888036.881,latency_s,6.502884
1756888036.882,latency_s,6.402701
1756888036.882,latency_s,6.853091
1756888036.882,latency_s,6.752636
1756888036.882,latency_s,6.652091
1756888036.882,latency_s,6.551181
1756888036.882,latency_s,6.449993
1756888036.882,latency_s,6.348988
1756888036.882,latency_s,6.847644
1756888036.882,latency_s,6.746231
1756888036.882,latency_s,6.645840
1756888036.882,latency_s,6.545179
1756888036.882,latency_s,5.872381
1756888036.882,latency_s,5.771314
1756888036.882,latency_s,5.670288
1756888037.458,latency_s,6.118130
1756888037.461,latency_s,6.047585
1756888037.465,latency_s,5.978120
1756888037.468,latency_s,6.025881
1756888037.471,latency_s,5.954308
1756888037.475,latency_s,5.887391
1756888037.477,latency_s,5.788571
1756888037.481,latency_s,5.863350
1756888037.484,latency_s,5.694721
1756888037.486,latency_s,5.943932
1756888037.490,latency_s,5.845071
1756888037.493,latency_s,5.603154
1756888037.497,latency_s,5.778155
1756888037.497,latency_s,5.749999
1756888037.999,latency_s,5.645080
1756888038.003,latency_s,5.548894
1756888038.012,latency_s,6.062590
1756888038.012,latency_s,5.961241
1756888038.012,latency_s,5.859684
1756888038.012,latency_s,5.759346
1756888038.012,latency_s,5.658436
1756888038.012,latency_s,5.558305
1756888038.012,latency_s,6.063879
1756888038.012,latency_s,5.961433
1756888038.012,latency_s,5.860353
1756888038.012,latency_s,5.759428
1756888038.012,latency_s,5.659101
1756888038.012,latency_s,5.558745
1756888038.012,latency_s,5.458187
1756888038.012,latency_s,6.092982
1756888038.012,latency_s,5.991205
1756888038.012,latency_s,5.890915
1756888038.610,latency_s,5.652884
1756888038.663,latency_s,5.605420
1756888038.663,latency_s,5.504889
1756888038.663,latency_s,6.122753
1756888038.664,latency_s,6.021361
1756888039.282,latency_s,6.535897
1756888039.283,latency_s,6.433543
1756888039.283,latency_s,6.331368
1756888039.283,latency_s,6.230917
1756888039.283,latency_s,6.129670
1756888039.283,latency_s,6.029133
1756888039.283,latency_s,6.724149
1756888039.283,latency_s,6.624027
1756888039.283,latency_s,6.523393
1756888040.450,latency_s,7.046541
1756888040.450,latency_s,6.946190
1756888040.450,latency_s,7.195799
1756888040.450,latency_s,7.095494
1756888040.450,latency_s,6.995107
1756888040.451,latency_s,6.894691
1756888040.451,latency_s,6.793530
1756888040.451,latency_s,7.196204
1756888040.451,latency_s,7.095890
1756888040.451,latency_s,6.995495
1756888040.451,latency_s,6.895133
1756888040.451,latency_s,6.793781
1756888040.451,latency_s,6.693348
1756888040.451,latency_s,7.191757
1756888040.451,latency_s,7.090815
1756888040.451,latency_s,6.990302
1756888040.451,latency_s,6.890014
1756888040.451,latency_s,6.789324
1756888040.451,latency_s,6.846407
1756888040.451,latency_s,6.745223
1756888040.451,latency_s,6.644261
1756888040.451,latency_s,6.543727
1756888040.451,latency_s,6.442757
1756888040.453,latency_s,6.187633
1756888040.457,latency_s,6.090241
1756888040.461,latency_s,5.993140
1756888040.464,latency_s,5.895950
1756888040.464,latency_s,5.795176
1756888040.464,latency_s,6.254293
1756888040.464,latency_s,6.153375
1756888040.464,latency_s,6.052466
1756888040.464,latency_s,5.952410
1756888041.066,latency_s,5.945766
1756888041.069,latency_s,5.848336
1756888041.073,latency_s,6.404351
1756888041.075,latency_s,6.303663
1756888041.079,latency_s,6.206776
1756888041.082,latency_s,6.108096
1756888041.085,latency_s,6.010287
1756888041.088,latency_s,5.913304
1756888041.088,latency_s,6.475255
1756888041.088,latency_s,6.374936
1756888041.088,latency_s,6.274163
1756888041.088,latency_s,6.173660
1756888041.088,latency_s,6.072151
1756888041.088,latency_s,5.971649
1756888041.088,latency_s,5.868773
1756888041.088,latency_s,6.316442
1756888041.088,latency_s,6.216099
1756888041.088,latency_s,6.115326
1756888041.088,latency_s,6.014152
1756888041.088,latency_s,5.913905
1756888041.088,latency_s,5.813566
1756888041.088,latency_s,5.713384
1756888041.089,latency_s,6.311541
1756888041.695,latency_s,5.817068
1756888041.698,latency_s,5.718907
1756888041.701,latency_s,6.217081
1756888041.705,latency_s,6.119959
1756888041.708,latency_s,6.021971
1756888041.708,latency_s,5.921494
1756888041.708,latency_s,5.820860
1756888041.708,latency_s,5.719156
1756888041.708,latency_s,6.189203
1756888042.284,latency_s,5.997591
1756888042.286,latency_s,5.898546
1756888042.290,latency_s,5.801748
1756888042.292,latency_s,6.366921
1756888042.296,latency_s,6.270817
1756888042.299,latency_s,6.172354
1756888042.302,latency_s,6.074971
1756888042.305,latency_s,5.977503
1756888042.309,latency_s,5.880429
1756888042.309,latency_s,5.779551
1756888042.309,latency_s,6.230347
1756888042.309,latency_s,6.130037
1756888042.309,latency_s,6.029832
1756888042.309,latency_s,5.929598
1756888042.310,latency_s,5.829374
1756888042.310,latency_s,5.728895
1756888042.310,latency_s,5.628791
1756888042.310,latency_s,6.220348
1756888042.310,latency_s,6.120188
1756888042.310,latency_s,6.019994
1756888042.310,latency_s,5.919482
1756888042.310,latency_s,5.819299
1756888042.310,latency_s,5.718793
1756888042.984,latency_s,5.951453
1756888042.986,latency_s,5.852654
1756888042.989,latency_s,6.399372
1756888042.992,latency_s,6.302121
1756888042.996,latency_s,6.205537
1756888042.996,latency_s,6.105056
1756888042.996,latency_s,6.004388
1756888042.996,latency_s,5.904093
1756888042.996,latency_s,5.803885
1756888043.008,latency_s,6.378336
1756888043.010,latency_s,6.279345
1756888043.014,latency_s,6.182587
1756888043.017,latency_s,6.084402
1756888043.021,latency_s,5.987794
1756888043.022,latency_s,5.889055
1756888043.026,latency_s,6.244818
1756888043.029,latency_s,6.147534
1756888043.647,latency_s,6.665624
1756888043.647,latency_s,6.564930
1756888043.647,latency_s,6.464318
1756888043.647,latency_s,6.363369
1756888043.648,latency_s,6.854290
1756888043.648,latency_s,6.753858
1756888043.648,latency_s,6.652818
1756888043.648,latency_s,6.552510
1756888043.648,latency_s,6.452263
1756888043.648,latency_s,6.351568
1756888043.648,latency_s,6.715683
1756888043.648,latency_s,6.614614
1756888043.648,latency_s,6.514158
1756888043.648,latency_s,6.413782
1756888043.680,latency_s,5.943755
1756888043.683,latency_s,6.298326
1756888044.394,latency_s,6.908346
1756888044.394,latency_s,6.808149
1756888044.394,latency_s,6.708062
1756888044.394,latency_s,6.607646
1756888044.394,latency_s,6.997462
1756888044.394,latency_s,6.896028
1756888044.394,latency_s,6.795913
1756888044.394,latency_s,6.695726
1756888044.394,latency_s,5.993259
1756888044.394,latency_s,5.891648
1756888044.394,latency_s,6.350643
1756888044.984,latency_s,6.839880
1756888044.984,latency_s,6.739871
1756888044.984,latency_s,6.639618
1756888044.984,latency_s,6.538770
1756888044.984,latency_s,6.438576
1756888044.984,latency_s,6.337279
1756888044.984,latency_s,6.683196
1756888044.984,latency_s,6.582883
1756888044.984,latency_s,6.480587
1756888044.984,latency_s,6.380164
1756888044.984,latency_s,6.279540
1756888044.984,latency_s,6.687043
1756888044.985,latency_s,6.586710
1756888044.985,latency_s,6.485136
1756888044.985,latency_s,6.384807
1756888044.985,latency_s,6.284615
1756888044.985,latency_s,6.184107
1756888044.985,latency_s,6.589001
1756888044.985,latency_s,6.487297
1756888044.985,latency_s,5.578483
1756888044.988,latency_s,5.480823
1756888045.554,latency_s,5.541426
1756888045.555,latency_s,5.943835
1756888045.560,latency_s,5.848217
1756888045.561,latency_s,5.749581
1756888045.565,latency_s,5.651717
1756888045.568,latency_s,5.554796
1756888045.572,latency_s,5.456748
1756888045.574,latency_s,5.963250
1756888045.578,latency_s,5.867138
1756888045.578,latency_s,5.766682
1756888045.578,latency_s,5.665480
1756888046.140,latency_s,6.025358
1756888046.144,latency_s,5.928967
1756888046.147,latency_s,5.831550
1756888046.150,latency_s,5.733077
1756888046.150,latency_s,5.632851
1756888046.150,latency_s,5.532342
1756888046.150,latency_s,5.934721
1756888046.150,latency_s,5.834587
1756888046.150,latency_s,5.734268
1756888046.150,latency_s,5.633094
1756888046.150,latency_s,5.532291
1756888046.150,latency_s,5.432064
1756888046.150,latency_s,5.331061
1756888046.150,latency_s,5.935134
1756888046.150,latency_s,5.835017
1756888046.150,latency_s,5.733998
1756888046.150,latency_s,5.633071
1756888046.150,latency_s,5.532373
1756888046.150,latency_s,5.431605
1756888046.150,latency_s,5.331027
1756888046.150,latency_s,5.935117
1756888046.728,latency_s,6.010517
1756888046.732,latency_s,5.912575
1756888046.735,latency_s,5.815447
1756888046.738,latency_s,5.718008
1756888046.741,latency_s,5.620884
1756888046.744,latency_s,6.030479
1756888046.748,latency_s,5.934304
1756888046.751,latency_s,5.836849
1756888046.754,latency_s,5.739410
1756888046.757,latency_s,5.641928
1756888046.757,latency_s,5.541653
1756888047.348,latency_s,5.840523
1756888047.351,latency_s,6.330246
1756888047.356,latency_s,6.234267
1756888047.357,latency_s,6.134877
1756888047.362,latency_s,6.039375
1756888047.364,latency_s,5.940724
1756888047.364,latency_s,5.840202
1756888047.364,latency_s,6.201006
1756888047.364,latency_s,6.100794
1756888047.364,latency_s,6.000083
1756888047.364,latency_s,5.899900
1756888047.364,latency_s,5.799279
1756888047.364,latency_s,5.699107
1756888047.364,latency_s,6.143140
1756888047.364,latency_s,6.041996
1756888047.364,latency_s,5.941714
1756888047.364,latency_s,5.841020
1756888047.365,latency_s,5.739647
1756888047.365,latency_s,5.638634
1756888047.365,latency_s,5.537957
1756888047.365,latency_s,6.049437
1756888048.030,latency_s,5.862758
1756888048.033,latency_s,5.764961
1756888048.037,latency_s,6.109755
1756888048.039,latency_s,6.011753
1756888048.043,latency_s,5.915146
1756888048.046,latency_s,5.815961
1756888048.049,latency_s,5.718567
1756888048.052,latency_s,6.033087
1756888048.055,latency_s,5.935625
1756888048.055,latency_s,5.834389
1756888048.055,latency_s,5.734483
1756888048.690,latency_s,6.019379
1756888048.692,latency_s,5.921196
1756888048.696,latency_s,5.824820
1756888048.698,latency_s,5.726381
1756888048.703,latency_s,6.271517
1756888048.706,latency_s,6.173650
1756888048.709,latency_s,6.076174
1756888048.713,latency_s,5.978677
1756888048.713,latency_s,5.878165
1756888048.713,latency_s,5.777673
1756888048.713,latency_s,5.677322
1756888048.713,latency_s,6.091330
1756888048.713,latency_s,5.990212
1756888048.713,latency_s,5.889354
1756888048.713,latency_s,5.788519
1756888048.713,latency_s,5.686998
1756888048.713,latency_s,5.585375
1756888048.713,latency_s,5.484267
1756888048.713,latency_s,6.080582
1756888048.713,latency_s,5.979154
1756888048.713,latency_s,5.878506
1756888049.314,latency_s,5.738492
1756888049.318,latency_s,5.642331
1756888049.322,latency_s,6.185581
1756888049.323,latency_s,6.086656
1756888049.327,latency_s,5.989453
1756888049.331,latency_s,5.892014
1756888049.333,latency_s,5.793056
1756888049.337,latency_s,5.697194
1756888049.339,latency_s,5.598669
1756888049.339,latency_s,6.009266
1756888049.339,latency_s,5.908375
1756888049.959,latency_s,5.916829
1756888049.963,latency_s,5.820397
1756888050.960,latency_s,6.717046
1756888050.960,latency_s,6.616779
1756888050.960,latency_s,7.020296
1756888050.960,latency_s,6.919688
1756888050.960,latency_s,6.819430
1756888050.960,latency_s,6.719284
1756888050.960,latency_s,6.619167
1756888050.961,latency_s,6.518841
1756888050.961,latency_s,6.417898
1756888050.961,latency_s,7.016609
1756888050.961,latency_s,6.916177
1756888050.961,latency_s,6.815783
1756888050.961,latency_s,6.714971
1756888050.961,latency_s,6.613969
1756888050.961,latency_s,6.513232
1756888050.961,latency_s,6.412147
1756888050.961,latency_s,7.018128
1756888050.961,latency_s,6.917323
1756888050.961,latency_s,6.816962
1756888050.961,latency_s,6.316097
1756888050.961,latency_s,6.214839
1756888050.961,latency_s,6.114085
1756888050.961,latency_s,6.715262
1756888050.961,latency_s,6.614393
1756888050.961,latency_s,6.513516
1756888050.961,latency_s,6.412584
1756888050.961,latency_s,6.312009
1756888050.962,latency_s,6.211690
1756888050.962,latency_s,6.111655
1756888050.962,latency_s,6.574634
1756888051.562,latency_s,6.108675
1756888051.565,latency_s,6.010943
1756888051.667,latency_s,6.114554
1756888051.669,latency_s,6.016527
1756888052.237,latency_s,6.482366
1756888052.237,latency_s,6.382163
1756888052.237,latency_s,6.281849
1756888052.237,latency_s,6.783010
1756888052.237,latency_s,6.682807
1756888052.237,latency_s,6.582406
1756888052.237,latency_s,6.482007
1756888052.237,latency_s,6.381367
1756888052.237,latency_s,6.280669
1756888052.237,latency_s,6.797469
1756888052.237,latency_s,6.697281
1756888052.237,latency_s,6.596525
1756888052.237,latency_s,6.496348
1756888052.237,latency_s,6.396096
1756888052.238,latency_s,6.295622
1756888052.238,latency_s,6.830397
1756888052.238,latency_s,6.730079
1756888052.238,latency_s,6.629800
1756888052.238,latency_s,6.528881
1756888052.238,latency_s,6.427705
1756888052.238,latency_s,6.327565
1756888052.238,latency_s,6.784296
1756888052.285,latency_s,6.731496
1756888052.285,latency_s,6.631672
1756888052.331,latency_s,6.169622
1756888052.335,latency_s,6.071392
1756888052.337,latency_s,5.972660
1756888052.399,latency_s,5.934637
1756888052.399,latency_s,6.342371
1756888052.400,latency_s,6.241453
1756888052.923,latency_s,6.250084
1756888053.573,latency_s,6.798485
1756888053.573,latency_s,6.697284
1756888053.573,latency_s,6.597182
1756888053.573,latency_s,6.494396
1756888053.573,latency_s,6.393564
1756888053.573,latency_s,6.900553
1756888053.573,latency_s,6.798867
1756888053.574,latency_s,6.697959
1756888053.574,latency_s,6.597686
1756888053.574,latency_s,6.494821
1756888053.574,latency_s,6.393977
1756888053.574,latency_s,6.907879
1756888053.574,latency_s,6.805842
1756888053.574,latency_s,6.705545
1756888053.574,latency_s,6.605213
1756888053.574,latency_s,6.504945
1756888053.574,latency_s,6.404656
1756888053.574,latency_s,6.759612
1756888053.574,latency_s,6.659295
1756888053.574,latency_s,6.558489
1756888053.574,latency_s,6.458088
1756888053.574,latency_s,6.357624
1756888053.574,latency_s,6.256334
1756888053.574,latency_s,6.704186
1756888053.574,latency_s,6.603357
1756888053.574,latency_s,6.092683
1756888053.574,latency_s,5.988732
1756888053.575,latency_s,5.888757
1756888053.575,latency_s,5.788545
1756888053.575,latency_s,5.686669
1756888053.575,latency_s,6.294783
1756888054.172,latency_s,6.099661
1756888054.180,latency_s,6.190470
1756888054.183,latency_s,6.093663
1756888054.187,latency_s,5.995883
1756888054.190,latency_s,5.899255
1756888054.193,latency_s,5.801350
1756888054.857,latency_s,6.365350
1756888054.857,latency_s,6.869399
1756888054.857,latency_s,6.768574
1756888054.857,latency_s,6.668236
1756888054.857,latency_s,6.568074
1756888054.857,latency_s,6.467917
1756888054.858,latency_s,6.366711
1756888054.858,latency_s,6.869774
1756888054.858,latency_s,6.768943
1756888054.858,latency_s,6.668576
1756888054.858,latency_s,6.568425
1756888054.858,latency_s,6.468325
1756888054.858,latency_s,6.368164
1756888054.858,latency_s,6.735938
1756888054.858,latency_s,6.635568
1756888054.858,latency_s,6.535418
1756888054.858,latency_s,6.435261
1756888054.858,latency_s,6.335064
1756888054.858,latency_s,6.234414
1756888054.858,latency_s,6.133954
1756888054.858,latency_s,6.674088
1756888054.858,latency_s,5.913710
1756888054.858,latency_s,5.811969
1756888054.859,latency_s,5.710335
1756888054.859,latency_s,6.283317
1756888054.859,latency_s,6.182494
1756888054.859,latency_s,6.081950
1756888055.398,latency_s,5.845893
1756888055.402,latency_s,5.749232
1756888055.405,latency_s,5.646429
1756888055.405,latency_s,6.125522
1756888055.405,latency_s,6.024357
1756888055.471,latency_s,5.989743
1756888055.472,latency_s,5.891332
1756888055.477,latency_s,5.795299
1756888055.479,latency_s,5.696950
1756888055.482,latency_s,6.184554
1756888056.022,latency_s,6.623597
1756888056.022,latency_s,6.523574
1756888056.022,latency_s,6.422563
1756888056.022,latency_s,6.322318
1756888056.022,latency_s,6.222146
1756888056.022,latency_s,6.722197
1756888056.022,latency_s,6.622013
1756888056.022,latency_s,6.521139
1756888056.022,latency_s,6.420357
1756888056.022,latency_s,6.320101
1756888056.022,latency_s,6.219943
1756888056.022,latency_s,6.729145
1756888056.023,latency_s,6.628959
1756888056.023,latency_s,6.528802
1756888056.023,latency_s,6.428082
1756888056.023,latency_s,6.326736
1756888056.023,latency_s,6.226526
1756888056.023,latency_s,6.594813
1756888056.023,latency_s,6.491341
1756888056.023,latency_s,6.389472
1756888056.023,latency_s,6.287578
1756888056.131,latency_s,5.838294
1756888056.135,latency_s,6.074231
1756888056.138,latency_s,5.946693
1756888056.142,latency_s,6.050091
1756888056.142,latency_s,5.957680
1756888056.142,latency_s,5.949733
1756888056.734,latency_s,5.634330
1756888056.736,latency_s,5.535876
1756888056.739,latency_s,6.041968
1756888056.742,latency_s,5.943424
1756888056.745,latency_s,5.846016
1756888056.750,latency_s,5.750707
1756888056.751,latency_s,5.651115
1756888056.751,latency_s,6.059800
1756888056.751,latency_s,5.549862
1756888056.751,latency_s,5.959629
1756888056.752,latency_s,5.858874
1756888056.752,latency_s,5.449153
1756888056.752,latency_s,5.758155
1756888056.752,latency_s,5.653507
1756888056.752,latency_s,5.552530
1756888056.752,latency_s,5.452038
1756888056.752,latency_s,6.548418
1756888056.752,latency_s,5.960226
1756888056.752,latency_s,5.859515
1756888056.752,latency_s,5.758604
1756888056.752,latency_s,5.658402
1756888056.752,latency_s,5.558274
1756888056.752,latency_s,5.458100
1756888056.752,latency_s,5.357551
1756888056.752,latency_s,5.964624
1756888056.752,latency_s,5.864092
1756888057.522,latency_s,6.216128
1756888057.524,latency_s,6.118572
1756888057.528,latency_s,6.020711
1756888057.530,latency_s,5.923194
1756888057.531,latency_s,5.822400
1756888057.531,latency_s,5.720314
1756888057.538,latency_s,6.218951
1756888057.541,latency_s,6.121030
1756888057.545,latency_s,6.023854
1756888057.547,latency_s,5.922609
1756888057.552,latency_s,5.826431
1756888057.554,latency_s,5.727824
1756888058.239,latency_s,6.939070
1756888058.239,latency_s,6.838330
1756888058.239,latency_s,6.738047
1756888058.240,latency_s,6.637756
1756888058.240,latency_s,6.537386
1756888058.240,latency_s,6.436584
1756888058.240,latency_s,6.335598
1756888058.240,latency_s,6.836709
1756888058.240,latency_s,6.736557
1756888058.240,latency_s,6.634849
1756888058.240,latency_s,6.534677
1756888058.240,latency_s,6.429157
1756888058.240,latency_s,6.328920
1756888058.240,latency_s,6.228162
1756888058.240,latency_s,6.838338
1756888058.240,latency_s,6.737417
1756888058.240,latency_s,6.635144
1756888058.278,latency_s,5.762698
1756888058.280,latency_s,6.353243
1756888058.284,latency_s,6.255519
1756888058.287,latency_s,6.158457
1756888058.290,latency_s,6.060490
1756888058.290,latency_s,5.960288
1756888058.290,latency_s,5.857985
1756888058.291,latency_s,5.756006
1756888058.291,latency_s,6.285622
1756888058.948,latency_s,6.029927
1756888058.950,latency_s,5.931205
1756888058.953,latency_s,5.833113
1756888058.956,latency_s,5.735443
1756888058.959,latency_s,5.638314
1756888058.963,latency_s,6.160850
1756888058.966,latency_s,6.063096
1756888058.969,latency_s,5.965368
1756888058.973,latency_s,5.868080
1756888058.973,latency_s,5.767467
1756888058.973,latency_s,5.667037
1756888058.973,latency_s,5.566929
1756888058.973,latency_s,6.172893
1756888058.973,latency_s,6.071985
1756888058.973,latency_s,5.971211
1756888058.973,latency_s,5.870930
1756888058.973,latency_s,5.770704
1756888058.973,latency_s,5.670318
1756888058.973,latency_s,5.569487
1756888058.973,latency_s,6.158947
1756888058.973,latency_s,6.058338
1756888058.973,latency_s,5.957760
1756888058.973,latency_s,5.853303
1756888059.706,latency_s,5.797174
1756888059.709,latency_s,5.700104
1756888059.712,latency_s,6.208294
1756888059.716,latency_s,6.110525
1756888059.718,latency_s,6.012117
1756888059.722,latency_s,5.915037
1756888059.722,latency_s,5.814630
1756888059.722,latency_s,5.710813
1756888059.722,latency_s,6.199731
1756888059.733,latency_s,6.109935
1756888059.734,latency_s,6.011381
1756888059.737,latency_s,5.913736
1756888059.742,latency_s,5.818976
1756888059.744,latency_s,5.720154
1756888059.747,latency_s,6.229058
1756888059.750,latency_s,6.131559
1756888059.753,latency_s,6.034743
1756888059.757,latency_s,5.938385
1756888059.759,latency_s,5.839197
1756888059.763,latency_s,5.742479
1756888060.403,latency_s,6.880228
1756888060.403,latency_s,6.779573
1756888060.403,latency_s,6.679454
1756888060.403,latency_s,6.579323
1756888060.403,latency_s,6.478990
1756888060.403,latency_s,6.378642
1756888060.403,latency_s,6.881249
1756888060.403,latency_s,6.780986
1756888060.403,latency_s,6.680791
1756888060.404,latency_s,6.580655
1756888060.404,latency_s,6.480312
1756888060.428,latency_s,6.301825
1756888061.176,latency_s,6.949596
1756888061.176,latency_s,6.849328
1756888061.176,latency_s,6.740026
1756888061.176,latency_s,6.639327
1756888061.176,latency_s,6.539227
1756888061.176,latency_s,7.050573
1756888061.176,latency_s,6.950181
1756888061.176,latency_s,6.849918
1756888061.176,latency_s,6.749278
1756888061.176,latency_s,6.235289
1756888061.176,latency_s,6.135100
1756888061.176,latency_s,6.034691
1756888061.176,latency_s,5.933782
1756888061.176,latency_s,6.438568
1756888061.176,latency_s,6.338093
1756888061.176,latency_s,6.236168
1756888061.176,latency_s,6.135825
1756888061.176,latency_s,6.033440
1756888061.176,latency_s,5.933310
1756888061.177,latency_s,6.349720
1756888061.177,latency_s,6.248332
1756888061.177,latency_s,6.147096
1756888061.177,latency_s,6.046786
1756888061.879,latency_s,6.647538
1756888061.879,latency_s,6.546485
1756888061.879,latency_s,7.047066
1756888061.879,latency_s,6.946137
1756888061.879,latency_s,6.845850
1756888061.879,latency_s,6.745630
1756888061.879,latency_s,6.644738
1756888061.879,latency_s,6.544429
1756888061.879,latency_s,6.142243
1756888062.419,latency_s,5.596251
1756888062.422,latency_s,5.498266
1756888062.425,latency_s,6.060116
1756888062.429,latency_s,5.963683
1756888062.432,latency_s,5.865856
1756888062.434,latency_s,5.764450
1756888062.439,latency_s,5.668207
1756888062.440,latency_s,5.568852
1756888062.444,latency_s,5.893483
1756888062.447,latency_s,5.796491
1756888062.450,latency_s,5.698890
1756888062.453,latency_s,5.601961
1756888062.457,latency_s,5.505426
1756888062.459,latency_s,5.407286
1756888062.463,latency_s,5.310154
1756888062.466,latency_s,5.914974
1756888062.470,latency_s,5.818808
1756888062.472,latency_s,5.720945
1756888062.473,latency_s,5.620943
1756888062.473,latency_s,5.521172
1756888062.473,latency_s,5.420770
1756888062.473,latency_s,5.320064
1756888062.473,latency_s,5.935645
1756888063.065,latency_s,6.013072
1756888063.069,latency_s,6.117050
1756888063.071,latency_s,5.918314
1756888063.071,latency_s,6.019374
1756888063.071,latency_s,5.818186
1756888063.071,latency_s,5.717686
1756888063.071,latency_s,5.918643
1756888063.071,latency_s,5.617408
1756888063.071,latency_s,5.818254
1756888063.087,latency_s,5.733829
1756888063.090,latency_s,5.635886
1756888063.094,latency_s,6.142815
1756888063.097,latency_s,6.045415
1756888063.733,latency_s,6.580950
1756888063.734,latency_s,6.480496
1756888063.734,latency_s,6.379421
1756888063.734,latency_s,6.279337
1756888063.734,latency_s,6.179001
1756888063.734,latency_s,6.078308
1756888063.736,latency_s,6.786176
1756888063.736,latency_s,6.686033
1756888063.736,latency_s,6.585818
1756888063.737,latency_s,6.485452
1756888063.737,latency_s,6.384863
1756888063.737,latency_s,6.284741
1756888063.737,latency_s,6.184546
1756888063.737,latency_s,5.854350
1756888063.737,latency_s,5.753801
1756888063.737,latency_s,5.652503
1756888063.737,latency_s,6.437316
1756888063.737,latency_s,6.337129
1756888063.737,latency_s,6.235972
1756888063.737,latency_s,6.135763
1756888063.737,latency_s,6.034879
1756888063.737,latency_s,5.934559
1756888063.737,latency_s,5.833817
1756888063.737,latency_s,5.733470
1756888063.737,latency_s,6.584542
1756888063.737,latency_s,6.484175
1756888063.737,latency_s,6.383972
1756888063.738,latency_s,6.284217
1756888064.343,latency_s,5.957776
1756888064.346,latency_s,5.860459
1756888064.350,latency_s,5.764390
1756888064.353,latency_s,5.665979
1756888064.359,latency_s,5.571201
1756888064.362,latency_s,6.257980
1756888064.366,latency_s,6.161212
1756888064.369,latency_s,6.064201
1756888064.372,latency_s,5.966753
1756888064.376,latency_s,5.869997
1756888064.378,latency_s,5.771605
1756888064.381,latency_s,5.673019
1756888064.385,latency_s,5.576352
1756888064.388,latency_s,6.231139
1756888064.391,latency_s,6.133597
1756888064.395,latency_s,6.036429
1756888064.917,latency_s,6.456722
1756888064.917,latency_s,6.355864
1756888064.917,latency_s,6.255167
1756888064.917,latency_s,6.153183
1756888064.917,latency_s,6.937524
1756888064.917,latency_s,6.836710
1756888064.917,latency_s,6.736331
1756888064.917,latency_s,6.635021
1756888064.917,latency_s,6.534703
1756888064.917,latency_s,6.434449
1756888064.917,latency_s,6.334162
1756888064.917,latency_s,6.233368
1756888064.917,latency_s,6.133297
1756888064.917,latency_s,6.757629
1756888064.948,latency_s,5.984778
1756888064.951,latency_s,5.887367
1756888064.954,latency_s,5.789869
1756888064.958,latency_s,5.691664
1756888064.961,latency_s,5.591407
1756888064.961,latency_s,5.491260
1756888065.555,latency_s,5.690136
1756888065.558,latency_s,5.588104
1756888065.562,latency_s,5.491650
1756888065.564,latency_s,5.392898
1756888065.567,latency_s,5.996442
1756888065.571,latency_s,5.900123
1756888065.574,latency_s,5.802696
1756888065.577,latency_s,5.703778
1756888065.581,latency_s,5.607290
1756888065.585,latency_s,5.509593
1756888065.587,latency_s,5.410790
1756888065.590,latency_s,6.017840
1756888065.594,latency_s,5.921749
1756888065.596,latency_s,5.823577
1756888065.602,latency_s,5.729822
1756888065.602,latency_s,5.629676
1756888065.602,latency_s,5.529186
1756888065.602,latency_s,5.428652
1756888065.603,latency_s,6.018192
1756888065.603,latency_s,5.917238
1756888065.603,latency_s,5.817111
1756888065.603,latency_s,5.716788
1756888066.216,latency_s,5.539782
1756888066.219,latency_s,5.442660
1756888066.222,latency_s,5.345216
1756888066.226,latency_s,5.952864
1756888066.229,latency_s,5.855168
1756888066.231,latency_s,5.757497
1756888066.231,latency_s,5.657443
1756888066.231,latency_s,5.557376
1756888066.231,latency_s,5.456991
1756888066.232,latency_s,5.355987
1756888066.244,latency_s,5.972718
1756888066.247,latency_s,5.875194
1756888066.250,latency_s,5.774700
1756888066.252,latency_s,5.677080
1756888066.256,latency_s,5.578642
1756888066.259,latency_s,5.479582
1756888066.263,latency_s,5.382846
1756888066.266,latency_s,5.989762
1756888066.269,latency_s,5.891093
1756888066.271,latency_s,5.793073
1756888066.275,latency_s,5.695391
1756888066.278,latency_s,5.598264
1756888066.281,latency_s,5.500106
1756888066.284,latency_s,6.009942
1756888066.898,latency_s,6.523546
1756888066.898,latency_s,6.016287
1756888066.898,latency_s,6.423565
1756888066.898,latency_s,6.323337
1756888066.899,latency_s,6.222922
1756888066.910,latency_s,5.932382
1756888066.913,latency_s,5.833587
1756888066.917,latency_s,5.736887
1756888066.919,latency_s,6.308801
1756888066.923,latency_s,6.211917
1756888066.925,latency_s,6.113494
1756888066.928,latency_s,6.012496
1756888066.928,latency_s,5.912236
1756888066.928,latency_s,5.811385
1756888066.929,latency_s,5.710193
1756888066.929,latency_s,5.951082
1756888066.929,latency_s,5.850049
1756888066.929,latency_s,5.748834
1756888067.586,latency_s,6.205803
1756888069.596,latency_s,8.115928
1756888069.597,latency_s,8.014884
1756888069.597,latency_s,7.914451
1756888069.597,latency_s,7.813938
1756888069.597,latency_s,7.713169
1756888069.597,latency_s,8.317849
1756888069.597,latency_s,8.217436
1756888069.597,latency_s,8.113528
1756888069.597,latency_s,8.012857
1756888069.597,latency_s,7.912330
1756888069.597,latency_s,7.811165
1756888069.597,latency_s,7.710246
1756888069.597,latency_s,8.316825
1756888069.597,latency_s,8.216446
1756888069.597,latency_s,8.113883
1756888069.597,latency_s,8.013151
1756888069.597,latency_s,7.912814
1756888069.598,latency_s,7.811439
1756888069.598,latency_s,7.307664
1756888069.598,latency_s,7.207549
1756888069.598,latency_s,7.107293
1756888069.598,latency_s,7.568011
1756888069.598,latency_s,7.465511
1756888069.598,latency_s,7.365253
1756888069.598,latency_s,7.264882
1756888069.598,latency_s,7.163400
1756888069.598,latency_s,7.062369
1756888069.598,latency_s,7.311077
1756888069.598,latency_s,7.210791
1756888069.598,latency_s,7.108712
1756888069.598,latency_s,7.008428
1756888069.598,latency_s,6.197579
1756888070.152,latency_s,5.840397
1756888070.155,latency_s,5.742156
1756888070.158,latency_s,5.644415
1756888070.161,latency_s,5.545528
1756888070.165,latency_s,5.447873
1756888070.168,latency_s,5.951253
1756888070.170,latency_s,5.852622
1756888070.174,latency_s,5.753078
1756888070.178,latency_s,5.656213
1756888070.180,latency_s,5.557632
1756888070.184,latency_s,5.461189
1756888070.186,latency_s,5.976450
1756888070.190,latency_s,5.878111
1756888070.193,latency_s,5.780572
1756888070.196,latency_s,5.682929
1756888070.643,latency_s,6.029361
1756888070.643,latency_s,5.928739
1756888070.643,latency_s,6.418825
1756888070.643,latency_s,6.316204
1756888070.643,latency_s,6.212891
1756888070.644,latency_s,6.112731
1756888070.644,latency_s,6.004081
1756888070.644,latency_s,5.901106
1756888070.644,latency_s,6.342511
1756888070.644,latency_s,6.241496
1756888070.644,latency_s,6.141227
1756888070.667,latency_s,5.442434
1756888070.671,latency_s,5.344480
1756888070.673,latency_s,5.863288
1756888070.674,latency_s,5.762897
1756888070.674,latency_s,5.662334
1756888070.674,latency_s,5.562156
1756888070.674,latency_s,5.461671
1756888071.233,latency_s,6.014767
1756888071.237,latency_s,5.918257
1756888071.239,latency_s,5.819896
1756888071.243,latency_s,6.341424
1756888071.246,latency_s,6.243545
1756888071.250,latency_s,6.146116
1756888071.252,latency_s,6.047491
1756888071.255,latency_s,5.950320
1756888071.259,latency_s,5.852763
1756888071.267,latency_s,6.055634
1756888071.268,latency_s,5.955822
1756888071.269,latency_s,5.856300
1756888071.271,latency_s,5.757070
1756888071.274,latency_s,5.659087
1756888071.864,latency_s,6.252961
1756888071.867,latency_s,6.155938
1756888071.870,latency_s,6.058701
1756888071.873,latency_s,5.961504
1756888071.877,latency_s,6.362804
1756888071.879,latency_s,5.867394
1756888071.883,latency_s,5.769696
1756888071.886,latency_s,6.270543
1756888071.886,latency_s,6.169915
1756888071.886,latency_s,6.069093
1756888071.886,latency_s,5.968666
1756888071.886,latency_s,5.867578
1756888071.886,latency_s,5.766687
1756888071.886,latency_s,6.361147
1756888071.886,latency_s,6.260812
1756888071.886,latency_s,6.160460
1756888071.886,latency_s,6.059740
1756888071.886,latency_s,5.958977
1756888072.508,latency_s,5.892950
1756888072.510,latency_s,5.794044
1756888072.514,latency_s,6.364978
1756888072.517,latency_s,6.266895
1756888072.521,latency_s,6.170142
1756888072.523,latency_s,6.071583
1756888072.527,latency_s,5.975205
1756888072.530,latency_s,5.877362
1756888072.533,latency_s,6.319235
1756888072.536,latency_s,6.221534
1756888072.540,latency_s,6.124829
1756888072.542,latency_s,6.026793
1756888072.545,latency_s,5.929326
1756888072.549,latency_s,5.832494
1756888073.109,latency_s,5.789167
1756888073.111,latency_s,6.357501
1756888073.114,latency_s,6.260492
1756888073.117,latency_s,6.163155
1756888073.120,latency_s,6.062312
1756888073.123,latency_s,5.964675
1756888073.127,latency_s,5.867160
1756888073.129,latency_s,5.768988
1756888073.133,latency_s,6.314902
1756888073.133,latency_s,6.214606
1756888073.133,latency_s,6.114396
1756888073.133,latency_s,6.014205
1756888073.133,latency_s,5.913964
1756888073.133,latency_s,5.811497
1756888073.133,latency_s,6.308974
1756888073.133,latency_s,6.208313
1756888073.134,latency_s,6.108279
1756888073.134,latency_s,6.008247
1756888073.777,latency_s,6.152085
1756888073.779,latency_s,6.053617
1756888073.783,latency_s,5.957545
1756888073.786,latency_s,5.859649
1756888073.789,latency_s,5.758176
1756888073.792,latency_s,6.368589
1756888073.796,latency_s,6.271452
1756888073.799,latency_s,6.174071
1756888073.801,latency_s,6.076035
1756888073.806,latency_s,5.980915
1756888073.807,latency_s,5.881873
1756888073.811,latency_s,5.783841
1756888073.815,latency_s,5.687607
1756888073.817,latency_s,6.397538
1756888074.429,latency_s,5.975466
1756888074.432,latency_s,5.878152
1756888074.435,latency_s,5.779284
1756888074.439,latency_s,5.678272
1756888074.442,latency_s,6.308770
1756888074.445,latency_s,6.211593
1756888074.449,latency_s,6.115226
1756888074.451,latency_s,6.017179
1756888074.454,latency_s,5.919652
1756888074.459,latency_s,5.823348
1756888074.460,latency_s,5.724330
1756888074.460,latency_s,5.624128
1756888074.460,latency_s,6.275125
1756888074.460,latency_s,6.169991
1756888074.460,latency_s,6.069193
1756888074.460,latency_s,5.968114
1756888074.460,latency_s,5.866227
1756888074.461,latency_s,5.765985
1756888075.005,latency_s,5.864737
1756888075.007,latency_s,5.765813
1756888075.011,latency_s,5.668756
1756888075.013,latency_s,6.117349
1756888075.017,latency_s,6.020591
1756888075.019,latency_s,5.922614
1756888075.023,latency_s,5.825701
1756888075.028,latency_s,5.729726
1756888075.691,latency_s,6.292545
1756888075.691,latency_s,6.754152
1756888075.691,latency_s,6.651006
1756888075.691,latency_s,6.550298
1756888075.691,latency_s,6.449968
1756888075.691,latency_s,6.348892
1756888075.691,latency_s,5.920380
1756888075.691,latency_s,5.820108
1756888075.691,latency_s,6.248488
1756888075.691,latency_s,6.148257
1756888075.691,latency_s,6.047849
1756888075.691,latency_s,5.947590
1756888075.691,latency_s,5.847440
1756888075.691,latency_s,5.746802
1756888075.691,latency_s,6.192663
1756888075.691,latency_s,6.092212
1756888075.691,latency_s,5.991043
1756888075.691,latency_s,5.890375
1756888075.691,latency_s,5.789623
1756888075.691,latency_s,6.249098
1756888075.691,latency_s,6.148926
1756888075.691,latency_s,6.048803
1756888075.692,latency_s,5.948660
1756888075.692,latency_s,5.848464
1756888076.288,latency_s,5.807832
1756888076.292,latency_s,6.186121
1756888076.295,latency_s,6.086404
1756888076.298,latency_s,5.817727
1756888076.298,latency_s,6.251955
1756888076.298,latency_s,6.151761
1756888076.298,latency_s,6.051561
1756888076.298,latency_s,5.818027
1756888076.912,latency_s,6.026077
1756888076.915,latency_s,5.928910
1756888076.919,latency_s,5.831694
1756888076.922,latency_s,6.138573
1756888076.924,latency_s,6.040654
1756888076.929,latency_s,5.944225
1756888076.931,latency_s,5.845488
1756888076.935,latency_s,5.746880
1756888076.937,latency_s,5.649062
1756888076.943,latency_s,6.159686
1756888076.943,latency_s,6.055173
1756888076.949,latency_s,5.959628
1756888076.949,latency_s,5.859706
1756888076.953,latency_s,5.762934
1756888076.957,latency_s,5.666030
1756888076.959,latency_s,6.173230
1756888076.963,latency_s,6.077460
1756888076.963,latency_s,5.977006
1756888076.963,latency_s,5.876554
1756888076.964,latency_s,5.776234
1756888076.964,latency_s,5.675491
1756888076.964,latency_s,6.178763
1756888076.964,latency_s,6.078108
1756888076.964,latency_s,5.977310
1756888077.612,latency_s,5.919589
1756888077.616,latency_s,6.226125
1756888077.619,latency_s,6.128925
1756888077.622,latency_s,6.030997
1756888077.625,latency_s,5.933625
1756888077.628,latency_s,5.835933
1756888077.628,latency_s,5.734845
1756888077.629,latency_s,6.237284
1756888077.637,latency_s,6.145048
1756888077.639,latency_s,6.046719
1756888077.642,latency_s,5.949476
1756888078.342,latency_s,6.548961
1756888078.342,latency_s,6.449023
1756888078.342,latency_s,6.348710
1756888078.342,latency_s,6.953815
1756888078.342,latency_s,6.853083
1756888078.343,latency_s,6.751906
1756888078.343,latency_s,6.651572
1756888078.343,latency_s,6.550777
1756888078.343,latency_s,6.446996
1756888078.343,latency_s,6.346865
1756888078.343,latency_s,6.952807
1756888078.343,latency_s,6.852599
1756888078.343,latency_s,6.751867
1756888078.343,latency_s,6.650826
1756888078.343,latency_s,6.550317
1756888078.343,latency_s,5.846830
1756888078.343,latency_s,5.745856
1756888078.343,latency_s,6.246987
1756888078.343,latency_s,6.146816
1756888078.343,latency_s,6.046286
1756888078.343,latency_s,5.946166
1756888078.343,latency_s,5.845937
1756888078.343,latency_s,5.745955
1756888078.343,latency_s,6.248753
1756888078.343,latency_s,6.148446
1756888078.344,latency_s,6.039224
1756888078.344,latency_s,5.938768
1756888078.344,latency_s,5.837130
1756888078.344,latency_s,5.736816
1756888078.936,latency_s,5.927710
1756888078.939,latency_s,5.830277
1756888078.942,latency_s,5.732717
1756888078.945,latency_s,5.939680
1756888078.949,latency_s,5.842008
1756888078.953,latency_s,5.744879
1756888078.955,latency_s,5.646369
1756888078.958,latency_s,5.548952
1756888078.961,latency_s,5.451797
1756888078.964,latency_s,5.955454
1756888078.969,latency_s,5.859679
1756888078.971,latency_s,5.761110
1756888078.974,latency_s,5.664061
1756888078.978,latency_s,5.567510
1756888078.980,latency_s,5.469778
1756888078.983,latency_s,5.983108
1756888078.986,latency_s,5.885163
1756888078.990,latency_s,5.788368
1756888079.634,latency_s,6.332494
1756888079.635,latency_s,6.231869
1756888079.635,latency_s,6.131688
1756888079.635,latency_s,6.629706
1756888079.635,latency_s,6.527399
1756888079.635,latency_s,6.426944
1756888079.635,latency_s,6.326349
1756888079.635,latency_s,6.226249
1756888079.635,latency_s,6.125867
1756888079.635,latency_s,6.601131
1756888079.635,latency_s,6.497022
1756888079.659,latency_s,6.048062
1756888079.662,latency_s,5.950676
1756888079.666,latency_s,5.854414
1756888079.668,latency_s,5.756368
1756888079.671,latency_s,5.658787
1756888079.671,latency_s,5.558409
1756888080.366,latency_s,6.151941
1756888080.368,latency_s,6.053081
1756888080.371,latency_s,5.955043
1756888080.375,latency_s,5.858440
1756888080.377,latency_s,6.063773
1756888080.380,latency_s,5.965415
1756888080.385,latency_s,5.869710
1756888080.388,latency_s,5.772351
1756888080.391,latency_s,5.674685
1756888080.393,latency_s,6.079192
1756888080.397,latency_s,5.980742
1756888080.400,latency_s,5.883888
1756888080.403,latency_s,5.786098
1756888080.406,latency_s,5.687975
1756888080.409,latency_s,6.101050
1756888080.413,latency_s,5.997056
1756888080.415,latency_s,5.899565
1756888080.416,latency_s,5.798548
1756888080.416,latency_s,5.697637
1756888080.952,latency_s,5.476369
1756888080.956,latency_s,6.137210
1756888080.959,latency_s,6.039902
1756888080.962,latency_s,5.941534
1756888080.967,latency_s,5.845723
1756888080.968,latency_s,5.744808
1756888080.968,latency_s,5.644481
1756888080.968,latency_s,5.544134
1756888080.968,latency_s,6.055729
1756888080.968,latency_s,5.954036
1756888080.968,latency_s,5.853648
1756888080.968,latency_s,5.753232
1756888080.968,latency_s,5.652300
1756888080.985,latency_s,5.569136
1756888080.989,latency_s,6.069591
1756888080.992,latency_s,5.970535
1756888080.995,latency_s,5.873184
1756888080.999,latency_s,5.776120
1756888081.001,latency_s,5.677485
1756888081.005,latency_s,5.580138
1756888081.008,latency_s,6.095707
1756888081.011,latency_s,5.997124
1756888081.014,latency_s,5.899639
1756888081.017,latency_s,5.802778
1756888081.020,latency_s,5.704798
1756888081.023,latency_s,5.607009
1756888081.027,latency_s,6.107718
1756888081.030,latency_s,6.010005
1756888081.032,latency_s,5.911554
1756888081.543,latency_s,6.322220
1756888081.544,latency_s,6.221553
1756888081.549,latency_s,5.824943
1756888081.551,latency_s,5.726784
1756888081.555,latency_s,5.630291
1756888081.559,latency_s,5.534266
1756888082.325,latency_s,6.748580
1756888082.325,latency_s,6.648386
1756888082.325,latency_s,6.547572
1756888082.325,latency_s,6.445529
1756888082.325,latency_s,6.341214
1756888082.325,latency_s,6.240774
1756888082.325,latency_s,6.801569
1756888082.325,latency_s,6.701251
1756888082.326,latency_s,6.600971
1756888082.326,latency_s,6.500759
1756888082.326,latency_s,5.898611
1756888082.326,latency_s,5.798484
1756888082.326,latency_s,5.697156
1756888082.326,latency_s,6.136877
1756888082.326,latency_s,6.027405
1756888082.326,latency_s,5.920698
1756888082.326,latency_s,5.814365
1756888082.326,latency_s,5.714119
1756888082.326,latency_s,5.613488
1756888082.326,latency_s,6.199950
1756888082.326,latency_s,6.099363
1756888082.326,latency_s,5.998885
1756888082.326,latency_s,5.898474
1756888082.326,latency_s,5.797030
1756888082.326,latency_s,5.694198
1756888082.326,latency_s,5.593625
1756888082.326,latency_s,6.204961
1756888082.327,latency_s,6.104995
1756888082.943,latency_s,5.611769
1756888083.719,latency_s,6.286656
1756888083.719,latency_s,6.903788
1756888083.720,latency_s,6.800614
1756888083.720,latency_s,6.699814
1756888083.720,latency_s,6.599397
1756888083.720,latency_s,6.497323
1756888083.720,latency_s,6.397120
1756888083.720,latency_s,6.296848
1756888083.720,latency_s,6.886726
1756888083.720,latency_s,6.786301
1756888083.720,latency_s,6.686087
1756888083.720,latency_s,6.585747
1756888083.720,latency_s,6.485344
1756888083.720,latency_s,6.384813
1756888083.720,latency_s,6.284509
1756888083.720,latency_s,6.891236
1756888083.720,latency_s,6.790235
1756888083.720,latency_s,6.687982
1756888083.720,latency_s,6.587471
1756888083.720,latency_s,6.485869
1756888083.720,latency_s,6.384239
1756888083.720,latency_s,6.283809
1756888083.720,latency_s,6.884079
1756888083.720,latency_s,6.783576
1756888083.721,latency_s,6.683209
1756888083.721,latency_s,6.582249
1756888083.721,latency_s,6.482007
1756888083.721,latency_s,6.381969
1756888083.721,latency_s,6.281749
1756888083.721,latency_s,5.882160
1756888084.303,latency_s,6.363963
1756888084.303,latency_s,6.263224
1756888084.303,latency_s,6.160433
1756888084.303,latency_s,6.059629
1756888084.304,latency_s,5.959205
1756888084.304,latency_s,5.858699
1756888084.304,latency_s,5.753187
1756888084.304,latency_s,5.652978
1756888084.304,latency_s,5.552765
1756888084.304,latency_s,6.160476
1756888084.304,latency_s,6.060039
1756888084.304,latency_s,5.959753
1756888084.306,latency_s,5.861410
1756888084.306,latency_s,5.761123
1756888084.306,latency_s,5.660872
1756888084.306,latency_s,5.560502
1756888084.306,latency_s,6.163062
1756888084.306,latency_s,6.061669
1756888084.306,latency_s,5.960596
1756888084.306,latency_s,5.859867
1756888084.307,latency_s,5.755835
1756888084.307,latency_s,5.654898
1756888084.307,latency_s,5.554364
1756888084.943,latency_s,6.782370
1756888084.943,latency_s,6.678262
1756888084.943,latency_s,6.576719
1756888084.943,latency_s,6.474925
1756888084.943,latency_s,6.374162
1756888084.953,latency_s,5.792709
1756888084.957,latency_s,5.695387
1756888084.957,latency_s,5.594380
1756888084.957,latency_s,6.105557
1756888085.653,latency_s,5.591441
1756888085.655,latency_s,5.493677
1756888085.660,latency_s,6.195747
1756888085.662,latency_s,6.097921
1756888085.665,latency_s,5.999719
1756888085.669,latency_s,5.902358
1756888085.671,latency_s,5.803881
1756888085.674,latency_s,5.704823
1756888085.679,latency_s,5.607957
1756888085.681,latency_s,6.120472
1756888085.684,latency_s,6.022166
1756888085.688,latency_s,5.925336
1756888085.737,latency_s,5.874619
1756888085.737,latency_s,5.774088
1756888085.737,latency_s,5.672844
1756888085.737,latency_s,5.571464
1756888085.737,latency_s,6.180404
1756888085.738,latency_s,6.079879
1756888085.738,latency_s,5.979334
1756888085.738,latency_s,5.878715
1756888085.738,latency_s,5.778290
1756888085.738,latency_s,5.677108
1756888085.738,latency_s,5.576829
1756888086.260,latency_s,6.698962
1756888086.260,latency_s,6.598161
1756888086.260,latency_s,6.497775
1756888086.260,latency_s,6.397203
1756888086.260,latency_s,6.296817
1756888086.272,latency_s,5.705886
1756888086.272,latency_s,5.605418
1756888086.272,latency_s,6.100152
1756888086.272,latency_s,5.999419
1756888086.349,latency_s,5.784473
1756888086.352,latency_s,5.686055
1756888086.356,latency_s,5.588178
1756888086.359,latency_s,6.094430
1756888086.362,latency_s,5.997575
1756888086.365,latency_s,5.899197
1756888086.368,latency_s,5.802096
1756888086.371,latency_s,5.704676
1756888086.376,latency_s,5.608469
1756888086.378,latency_s,6.087355
1756888086.382,latency_s,5.986228
1756888086.385,latency_s,5.888311
1756888086.949,latency_s,6.350330
1756888086.949,latency_s,6.249671
1756888086.949,latency_s,6.684520
1756888086.949,latency_s,6.584019
1756888086.949,latency_s,6.483724
1756888086.949,latency_s,6.383591
1756888086.949,latency_s,6.282833
1756888086.950,latency_s,6.182500
1756888087.019,latency_s,5.748506
1756888087.021,latency_s,5.650243
1756888087.025,latency_s,6.156393
1756888087.025,latency_s,6.056167
1756888087.025,latency_s,5.955886
1756888087.025,latency_s,5.854789
1756888087.025,latency_s,5.754199
1756888087.025,latency_s,5.653914
1756888087.025,latency_s,6.226129
1756888087.025,latency_s,6.125842
1756888087.026,latency_s,6.022096
1756888087.026,latency_s,5.920991
1756888087.736,latency_s,6.121582
1756888087.738,latency_s,6.022448
1756888087.741,latency_s,5.925060
1756888087.745,latency_s,5.828154
1756888087.748,latency_s,5.729004
1756888087.751,latency_s,6.279145
1756888087.755,latency_s,6.183082
1756888087.757,latency_s,6.084881
1756888087.760,latency_s,5.987037
1756888087.764,latency_s,5.890466
1756888087.766,latency_s,5.792685
1756888087.769,latency_s,5.694930
1756888087.773,latency_s,6.372312
1756888087.776,latency_s,6.274264
1756888087.776,latency_s,6.170816
1756888087.776,latency_s,6.065986
1756888087.776,latency_s,5.965804
1756888087.776,latency_s,5.865592
1756888087.776,latency_s,5.764257
1756888087.776,latency_s,6.302133
1756888088.387,latency_s,5.705189
1756888088.390,latency_s,6.270180
1756888088.393,latency_s,6.172515
1756888088.396,latency_s,6.074650
1756888088.396,latency_s,5.974335
1756888088.396,latency_s,5.872543
1756888088.396,latency_s,5.772239
1756888088.396,latency_s,5.672133
1756888088.397,latency_s,6.221623
1756888088.397,latency_s,6.120873
1756888088.397,latency_s,6.019927
1756888088.397,latency_s,5.917247
1756888088.930,latency_s,6.104633
1756888088.933,latency_s,6.006116
1756888088.937,latency_s,5.910383
1756888088.939,latency_s,5.811969
1756888088.942,latency_s,5.714400
1756888088.946,latency_s,5.618082
1756888088.949,latency_s,5.519345
1756888088.952,latency_s,6.171043
1756888088.957,latency_s,6.075440
1756888088.958,latency_s,5.975603
1756888088.963,latency_s,5.880127
1756888088.964,latency_s,5.778849
1756888088.968,latency_s,5.682870
1756888088.970,latency_s,5.579586
1756888088.974,latency_s,5.483213
1756888088.978,latency_s,6.158707
1756888088.978,latency_s,6.058551
1756888088.978,latency_s,5.954487
1756888088.978,latency_s,5.850987
1756888088.978,latency_s,5.750365
1756888089.654,latency_s,5.660137
1756888089.657,latency_s,6.127474
1756888089.660,latency_s,6.029204
1756888089.664,latency_s,5.932804
1756888089.667,latency_s,5.832323
1756888089.667,latency_s,5.732123
1756888089.667,latency_s,5.631064
1756888089.667,latency_s,6.181482
1756888089.667,latency_s,6.080288
1756888089.667,latency_s,5.979835
1756888089.667,latency_s,5.879242
1756888089.667,latency_s,5.778311
1756888089.686,latency_s,5.696171
1756888089.688,latency_s,5.597768
1756888089.691,latency_s,6.199720
1756888089.694,latency_s,6.102330
1756888089.697,latency_s,6.005399
1756888089.700,latency_s,5.907210
1756888089.704,latency_s,5.809627
1756888090.356,latency_s,6.361944
1756888090.356,latency_s,6.261754
1756888090.356,latency_s,6.865016
1756888090.356,latency_s,6.764651
1756888090.356,latency_s,6.664333
1756888090.357,latency_s,6.563308
1756888090.357,latency_s,6.463129
1756888090.357,latency_s,6.362108
1756888090.357,latency_s,6.261764
1756888090.357,latency_s,6.827216
1756888090.357,latency_s,6.726236
1756888090.357,latency_s,6.626035
1756888090.357,latency_s,5.664649
1756888090.357,latency_s,6.161086
1756888090.357,latency_s,6.060836
1756888090.357,latency_s,5.960198
1756888090.357,latency_s,5.859871
1756888090.357,latency_s,5.758303
1756888090.357,latency_s,5.657007
1756888090.357,latency_s,6.161370
1756888090.357,latency_s,6.060471
1756888090.357,latency_s,5.960148
1756888090.357,latency_s,5.859794
1756888090.357,latency_s,5.758506
1756888090.357,latency_s,5.657429
1756888090.903,latency_s,5.496850
1756888090.905,latency_s,6.104560
1756888090.909,latency_s,6.007632
1756888090.912,latency_s,5.910336
1756888090.916,latency_s,5.814340
1756888090.918,latency_s,5.715188
1756888090.922,latency_s,5.617818
1756888091.548,latency_s,6.039184
1756888091.551,latency_s,5.940664
1756888091.554,latency_s,5.842159
1756888091.557,latency_s,5.743984
1756888091.561,latency_s,5.645336
1756888091.564,latency_s,5.545470
1756888091.567,latency_s,6.015133
1756888091.570,latency_s,5.918301
1756888091.573,latency_s,5.820632
1756888091.577,latency_s,5.724410
1756888091.580,latency_s,5.627104
1756888091.582,latency_s,5.529008
1756888091.586,latency_s,6.090290
1756888091.588,latency_s,5.992212
1756888091.593,latency_s,5.896118
1756888091.595,latency_s,5.796917
1756888091.595,latency_s,5.696848
1756888091.595,latency_s,5.596703
1756888091.595,latency_s,6.088559
1756888091.595,latency_s,5.988280
1756888091.595,latency_s,5.887913
1756888091.595,latency_s,5.787781
1756888091.595,latency_s,5.687589
1756888091.595,latency_s,5.587090
1756888091.595,latency_s,6.089151
1756888092.180,latency_s,6.061379
1756888092.184,latency_s,5.963278
1756888092.187,latency_s,5.865987
1756888092.191,latency_s,5.769144
1756888092.193,latency_s,5.666864
1756888092.196,latency_s,5.569552
1756888092.200,latency_s,5.472188
1756888092.213,latency_s,6.058953
1756888092.216,latency_s,5.961181
1756888092.219,latency_s,5.864357
1756888092.222,latency_s,5.766910
1756888092.225,latency_s,5.669775
1756888092.228,latency_s,5.572585
1756888092.232,latency_s,5.476012
1756888092.235,latency_s,6.135867
1756888092.238,latency_s,6.037436
1756888092.241,latency_s,5.940430
1756888092.244,latency_s,5.842622
1756888092.248,latency_s,5.744437
1756888092.251,latency_s,5.646859
1756888092.254,latency_s,5.547944
1756888092.258,latency_s,6.148884
1756888092.260,latency_s,6.050946
1756888092.263,latency_s,5.954093
1756888092.266,latency_s,5.855797
1756888092.269,latency_s,5.758488
1756888092.850,latency_s,5.851809
1756888092.852,latency_s,5.753643
1756888092.857,latency_s,5.657276
1756888092.860,latency_s,5.559588
1756888092.862,latency_s,5.457618
1756888092.865,latency_s,6.037004
1756888092.869,latency_s,5.938796
1756888092.872,latency_s,5.840474
1756888093.543,latency_s,6.409631
1756888093.543,latency_s,6.309596
1756888093.544,latency_s,6.209001
1756888093.544,latency_s,6.107792
1756888093.544,latency_s,6.687077
1756888093.544,latency_s,6.586619
1756888093.544,latency_s,6.486087
1756888093.544,latency_s,6.377053
1756888093.544,latency_s,6.276385
1756888093.544,latency_s,6.176018
1756888093.544,latency_s,6.738055
1756888093.569,latency_s,6.662418
1756888093.569,latency_s,6.562305
1756888093.570,latency_s,6.461684
1756888093.570,latency_s,6.361300
1756888093.570,latency_s,6.260069
1756888093.570,latency_s,6.159028
1756888093.570,latency_s,6.756988
1756888093.570,latency_s,6.655998
1756888093.570,latency_s,6.555635
1756888093.570,latency_s,6.454499
1756888093.570,latency_s,6.352974
1756888093.570,latency_s,5.853889
1756888093.570,latency_s,5.753455
1756888093.570,latency_s,5.652316
1756888093.570,latency_s,5.550189
1756888093.570,latency_s,6.064728
1756888093.570,latency_s,5.964418
1756888093.570,latency_s,5.864193
1756888093.570,latency_s,5.763463
1756888093.570,latency_s,5.663108
1756888093.570,latency_s,5.562319
1756888094.157,latency_s,5.746413
1756888094.160,latency_s,5.648264
1756888094.163,latency_s,5.550534
1756888094.166,latency_s,6.020967
1756888094.169,latency_s,5.923945
1756888094.172,latency_s,5.826420
1756888094.177,latency_s,5.725935
1756888094.180,latency_s,5.627596
1756888094.182,latency_s,5.529445
1756888094.186,latency_s,6.006670
1756888094.189,latency_s,5.909745
1756888094.722,latency_s,5.405890
1756888094.726,latency_s,5.972469
1756888094.729,latency_s,5.874902
1756888094.733,latency_s,5.776620
1756888094.736,latency_s,5.679122
1756888094.739,latency_s,5.580884
1756888094.742,latency_s,5.483345
1756888094.745,latency_s,5.385336
1756888094.749,latency_s,6.064088
1756888094.751,latency_s,5.963808
1756888094.754,latency_s,5.865821
1756888094.754,latency_s,5.763047
1756888094.754,latency_s,5.660635
1756888094.754,latency_s,5.559683
1756888094.754,latency_s,5.458551
1756888094.754,latency_s,5.355907
1756888094.754,latency_s,6.033941
1756888094.754,latency_s,5.933378
1756888094.754,latency_s,5.832584
1756888094.754,latency_s,5.730492
1756888094.755,latency_s,5.629519
1756888095.383,latency_s,5.825495
1756888095.387,latency_s,5.728062
1756888095.390,latency_s,6.362158
1756888095.394,latency_s,6.265512
1756888095.396,latency_s,6.167534
1756888095.400,latency_s,6.069764
1756888095.401,latency_s,5.971374
1756888095.405,latency_s,5.873772
1756888095.409,latency_s,5.777226
1756888095.411,latency_s,5.678783
1756888095.414,latency_s,5.984067
1756888095.972,latency_s,6.011034
1756888096.652,latency_s,6.591337
1756888096.652,latency_s,6.490991
1756888096.653,latency_s,6.390882
1756888096.653,latency_s,6.819546
1756888096.653,latency_s,6.717527
1756888096.653,latency_s,6.616939
1756888096.653,latency_s,6.516437
1756888096.653,latency_s,6.415423
1756888096.653,latency_s,6.314576
1756888096.653,latency_s,6.518572
1756888096.653,latency_s,6.418448
1756888096.653,latency_s,6.318217
1756888096.653,latency_s,6.218070
1756888096.653,latency_s,6.117291
1756888096.653,latency_s,6.016942
1756888096.653,latency_s,6.516775
1756888096.653,latency_s,6.415759
1756888096.653,latency_s,6.314855
1756888096.653,latency_s,6.214570
1756888096.653,latency_s,6.113531
1756888096.653,latency_s,5.979970
1756888096.653,latency_s,5.878809
1756888096.653,latency_s,5.777097
1756888096.653,latency_s,6.291482
1756888096.653,latency_s,6.190847
1756888096.653,latency_s,6.090447
1756888096.653,latency_s,5.990022
1756888096.654,latency_s,5.889994
1756888096.654,latency_s,5.789267
1756888096.654,latency_s,6.215416
1756888096.654,latency_s,6.114287
1756888097.250,latency_s,6.307277
1756888097.253,latency_s,6.210018
1756888097.256,latency_s,6.111893
1756888097.260,latency_s,6.014278
1756888097.262,latency_s,5.916278
1756888097.266,latency_s,5.818749
1756888097.269,latency_s,5.722270
1756888097.272,latency_s,5.930799
1756888097.275,latency_s,5.832419
1756888097.278,latency_s,5.735873
1756888097.281,latency_s,5.638146
1756888097.286,latency_s,5.542310
1756888097.288,latency_s,5.443536
1756888097.291,latency_s,5.944916
1756888097.294,latency_s,5.847102
1756888097.299,latency_s,5.751486
1756888097.903,latency_s,6.254035
1756888097.903,latency_s,6.153906
1756888097.903,latency_s,6.050222
1756888097.903,latency_s,6.570979
1756888097.903,latency_s,6.469097
1756888097.903,latency_s,6.368476
1756888097.903,latency_s,6.267325
1756888097.903,latency_s,6.165364
1756888097.903,latency_s,6.062523
1756888097.903,latency_s,5.961136
1756888097.903,latency_s,6.519772
1756888097.927,latency_s,5.837823
1756888097.930,latency_s,6.260663
1756888097.930,latency_s,6.159896
1756888097.931,latency_s,6.059771
1756888097.931,latency_s,5.959398
1756888097.931,latency_s,5.859417
1756888098.538,latency_s,6.183363
1756888098.540,latency_s,6.085324
1756888098.545,latency_s,5.989132
1756888098.547,latency_s,5.890684
1756888098.550,latency_s,5.793263
1756888098.554,latency_s,5.696617
1756888098.557,latency_s,5.907219
1756888098.560,latency_s,5.808171
1756888098.563,latency_s,5.709664
1756888098.566,latency_s,5.612939
1756888098.569,latency_s,5.515671
1756888098.572,latency_s,5.417111
1756888098.576,latency_s,5.320901
1756888098.579,latency_s,5.922793
1756888098.582,latency_s,5.825354
1756888099.120,latency_s,5.820428
1756888099.123,latency_s,6.269833
1756888099.127,latency_s,6.172890
1756888099.130,latency_s,6.076105
1756888099.133,latency_s,5.978360
1756888099.133,latency_s,5.878092
1756888099.133,latency_s,5.777975
1756888099.133,latency_s,5.677790
1756888099.133,latency_s,6.238395
1756888099.133,latency_s,6.137566
1756888099.133,latency_s,6.037117
1756888099.133,latency_s,5.936796
1756888099.133,latency_s,5.836669
1756888099.134,latency_s,5.736547
1756888099.134,latency_s,5.636424
1756888099.134,latency_s,6.156500
1756888099.134,latency_s,6.056232
1756888099.758,latency_s,5.799385
1756888099.761,latency_s,5.701123
1756888099.764,latency_s,6.166949
1756888099.767,latency_s,6.069932
1756888099.770,latency_s,5.972423
1756888099.774,latency_s,5.876006
1756888099.777,latency_s,5.778948
1756888099.780,latency_s,5.681267
1756888099.783,latency_s,6.202421
1756888099.786,latency_s,6.105225
1756888099.789,latency_s,6.007940
1756888100.450,latency_s,6.567157
1756888100.450,latency_s,6.466961
1756888100.450,latency_s,6.366653
1756888100.450,latency_s,6.265702
1756888100.450,latency_s,5.748084
1756888100.450,latency_s,6.164701
1756888100.450,latency_s,6.064332
1756888100.450,latency_s,5.963438
1756888100.450,latency_s,5.862500
1756888100.450,latency_s,5.762127
1756888100.450,latency_s,6.182486
1756888100.450,latency_s,6.081832
1756888100.450,latency_s,5.981512
1756888100.450,latency_s,5.880549
1756888100.450,latency_s,5.780404
1756888100.450,latency_s,5.679690
1756888100.450,latency_s,5.990091
1756888100.450,latency_s,5.889891
1756888100.451,latency_s,5.789018
1756888100.451,latency_s,5.688513
1756888100.451,latency_s,5.586886
1756888101.039,latency_s,6.236845
1756888101.042,latency_s,6.138574
1756888101.042,latency_s,6.037917
1756888101.042,latency_s,5.937498
1756888101.042,latency_s,5.837175
1756888101.042,latency_s,5.736567
1756888101.042,latency_s,6.254010
1756888101.042,latency_s,6.152840
1756888101.042,latency_s,6.052026
1756888101.042,latency_s,5.951738
1756888101.042,latency_s,5.851094
1756888101.652,latency_s,5.873720
1756888101.655,latency_s,5.776057
1756888101.660,latency_s,5.679834
1756888101.661,latency_s,5.986724
1756888101.665,latency_s,5.889088
1756888101.668,latency_s,5.791301
1756888101.672,latency_s,5.694356
1756888101.674,latency_s,5.593426
1756888101.677,latency_s,5.496376
1756888101.682,latency_s,5.400208
1756888101.685,latency_s,5.999190
1756888101.687,latency_s,5.900867
1756888101.691,latency_s,5.803518
1756888101.695,latency_s,5.707283
1756888101.740,latency_s,5.652058
1756888101.740,latency_s,5.551445
1756888101.740,latency_s,5.449740
1756888101.740,latency_s,5.963056
1756888101.741,latency_s,5.862141
1756888101.741,latency_s,5.761074
1756888101.741,latency_s,5.660372
1756888102.232,latency_s,5.733557
1756888102.235,latency_s,5.636079
1756888102.235,latency_s,6.154597
1756888102.235,latency_s,6.054192
1756888102.235,latency_s,5.953557
1756888102.235,latency_s,5.852302
1756888102.235,latency_s,5.751797
1756888102.236,latency_s,5.651682
1756888102.236,latency_s,5.853757
1756888102.236,latency_s,5.753573
1756888102.236,latency_s,5.652937
1756888102.329,latency_s,5.542172
1756888102.331,latency_s,5.443034
1756888102.334,latency_s,5.943058
1756888102.337,latency_s,5.845593
1756888102.953,latency_s,6.361581
1756888102.954,latency_s,6.260916
1756888102.954,latency_s,6.160073
1756888102.954,latency_s,6.058069
1756888102.954,latency_s,6.565528
1756888102.954,latency_s,6.464082
1756888102.956,latency_s,6.365269
1756888102.956,latency_s,6.264378
1756888102.956,latency_s,6.164242
1756888102.956,latency_s,6.062416
1756888102.956,latency_s,6.518960
1756888102.956,latency_s,6.417552
1756888102.956,latency_s,6.316638
1756888102.956,latency_s,6.216483
1756888102.956,latency_s,6.115152
1756888102.956,latency_s,6.071035
1756888102.956,latency_s,5.970562
1756888102.956,latency_s,5.870399
1756888102.956,latency_s,5.769420
1756888102.956,latency_s,5.668787
1756888102.956,latency_s,5.968191
1756888102.956,latency_s,5.867666
1756888102.957,latency_s,5.767249
1756888102.957,latency_s,5.667071
1756888102.957,latency_s,5.566763
1756888102.957,latency_s,5.466079
1756888102.957,latency_s,5.365818
1756888102.957,latency_s,5.960757
1756888103.534,latency_s,5.715130
1756888103.535,latency_s,6.231500
1756888103.538,latency_s,6.133919
1756888103.543,latency_s,6.037891
1756888103.545,latency_s,5.940146
1756888103.548,latency_s,5.842409
1756888103.551,latency_s,5.745307
1756888103.555,latency_s,5.648458
1756888103.559,latency_s,6.171532
1756888103.561,latency_s,6.072480
1756888103.566,latency_s,5.975763
1756888103.567,latency_s,5.876500
1756888103.572,latency_s,5.781528
1756888104.153,latency_s,6.262434
1756888104.154,latency_s,6.462347
1756888104.154,latency_s,6.361831
1756888104.154,latency_s,6.261659
1756888104.154,latency_s,6.160678
1756888104.154,latency_s,6.059789
1756888104.154,latency_s,5.958763
1756888104.154,latency_s,6.452832
1756888104.154,latency_s,6.351948
1756888104.154,latency_s,6.251662
1756888104.154,latency_s,6.150646
1756888104.154,latency_s,6.049784
1756888104.154,latency_s,5.949680
1756888104.154,latency_s,6.455184
1756888104.154,latency_s,6.354047
1756888104.154,latency_s,6.253280
1756888104.154,latency_s,6.152410
1756888104.191,latency_s,6.070043
1756888104.194,latency_s,5.972192
1756888104.198,latency_s,5.875896
1756888104.202,latency_s,5.779524
1756888104.208,latency_s,5.684806
1756888104.208,latency_s,6.200234
1756888104.659,latency_s,6.050601
1756888104.660,latency_s,5.950201
1756888104.663,latency_s,5.852335
1756888104.667,latency_s,6.417627
1756888104.670,latency_s,6.320660
1756888104.673,latency_s,6.223082
1756888104.677,latency_s,6.126887
1756888104.679,latency_s,6.028201
1756888104.683,latency_s,5.931289
1756888104.686,latency_s,5.834082
1756888104.692,latency_s,6.427936
1756888104.692,latency_s,6.327045
1756888104.692,latency_s,6.226269
1756888104.692,latency_s,6.125780
1756888104.692,latency_s,6.024886
1756888104.692,latency_s,5.924723
1756888104.692,latency_s,5.824306
1756888104.693,latency_s,6.382061
1756888104.693,latency_s,6.280642
1756888104.693,latency_s,6.179769
1756888104.693,latency_s,6.078970
1756888104.693,latency_s,5.978020
1756888104.693,latency_s,5.876369
1756888104.693,latency_s,6.400175
1756888104.693,latency_s,6.299713
1756888105.237,latency_s,6.743227
1756888105.242,latency_s,6.647254
1756888105.244,latency_s,6.548245
1756888105.248,latency_s,6.450915
1756888105.250,latency_s,6.353203
1756888105.251,latency_s,6.905825
1756888105.251,latency_s,6.805317
1756888105.274,latency_s,6.728740
1756888105.276,latency_s,6.629318
1756888105.279,latency_s,6.532620
1756888105.283,latency_s,6.435436
1756888105.286,latency_s,6.932667
1756888105.289,latency_s,6.835119
1756888105.292,latency_s,6.737750
1756888105.295,latency_s,6.639854
1756888105.300,latency_s,6.544466
1756888105.302,latency_s,6.446039
1756888105.305,latency_s,7.012269
1756888105.735,latency_s,7.341814
1756888105.735,latency_s,7.241525
1756888105.735,latency_s,7.141437
1756888105.735,latency_s,7.040444
1756888105.735,latency_s,6.940079
1756888105.736,latency_s,6.839220
1756888105.736,latency_s,7.369692
1756888105.736,latency_s,7.269252
1756888105.736,latency_s,7.168004
1756888105.736,latency_s,7.067856
1756888105.759,latency_s,6.988605
1756888105.760,latency_s,6.888236
1756888105.764,latency_s,7.379031
1756888105.767,latency_s,7.280915
1756888105.770,latency_s,7.183784
1756888105.775,latency_s,7.088085
1756888105.775,latency_s,6.987781
1756888105.776,latency_s,6.887817
1756888105.776,latency_s,7.473776
1756888105.776,latency_s,7.371611
1756888105.777,latency_s,7.271276
1756888106.196,latency_s,7.589353
1756888106.198,latency_s,7.491590
1756888106.202,latency_s,7.394361
1756888106.204,latency_s,7.296680
1756888106.208,latency_s,7.811861
1756888106.211,latency_s,7.712998
1756888106.214,latency_s,7.616223
1756888106.217,latency_s,7.518445
1756888106.220,latency_s,7.419984
1756888106.223,latency_s,7.322648
1756888106.227,latency_s,7.830975
1756888106.233,latency_s,7.735404
1756888106.233,latency_s,7.634764
1756888106.233,latency_s,7.533727
1756888106.233,latency_s,7.432991
1756888106.233,latency_s,7.332403
1756888106.233,latency_s,7.891943
1756888106.233,latency_s,7.791195
1756888106.233,latency_s,7.690219
1756888106.233,latency_s,7.589311
1756888106.233,latency_s,7.488805
1756888106.777,latency_s,7.931471
1756888106.780,latency_s,7.833993
1756888106.783,latency_s,8.187239
1756888106.786,latency_s,8.090150
1756888106.789,latency_s,7.990828
1756888106.792,latency_s,7.893294
1756888106.795,latency_s,7.795223
1756888106.795,latency_s,7.694317
1756888106.795,latency_s,8.172076
1756888106.795,latency_s,8.071783
1756888106.796,latency_s,7.971929
1756888107.239,latency_s,8.314754
1756888107.241,latency_s,8.216075
1756888107.244,latency_s,8.632503
1756888107.248,latency_s,8.534563
1756888107.251,latency_s,8.434431
1756888107.254,latency_s,8.336716
1756888107.257,latency_s,8.238770
1756888107.260,latency_s,8.140212
1756888107.263,latency_s,8.669035
1756888107.267,latency_s,8.572285
1756888107.270,latency_s,8.474132
1756888107.274,latency_s,8.377433
1756888107.277,latency_s,8.280020
1756888107.277,latency_s,8.179815
1756888107.277,latency_s,8.376718
1756888107.277,latency_s,8.274589
1756888107.277,latency_s,8.173268
1756888107.277,latency_s,8.072840
1756888107.277,latency_s,7.972585
1756888107.277,latency_s,7.872440
1756888107.277,latency_s,8.369412
1756888107.778,latency_s,8.770201
1756888107.782,latency_s,8.673254
1756888107.784,latency_s,8.575216
1756888107.789,latency_s,8.479586
1756888108.349,latency_s,8.938484
1756888108.349,latency_s,9.436978
1756888108.349,latency_s,9.335264
1756888108.349,latency_s,9.234250
1756888108.349,latency_s,9.133363
1756888108.349,latency_s,9.031332
1756888108.349,latency_s,8.929075
1756888108.349,latency_s,9.396460
1756888108.349,latency_s,9.295707
1756888108.349,latency_s,9.195009
1756888108.349,latency_s,9.093698
1756888108.349,latency_s,8.992673
1756888108.349,latency_s,8.891798
1756888108.349,latency_s,9.379761
1756888108.349,latency_s,9.278799
1756888108.349,latency_s,9.178639
1756888108.350,latency_s,9.077972
1756888108.350,latency_s,8.977819
1756888108.350,latency_s,8.877578
1756888108.350,latency_s,9.432716
1756888108.350,latency_s,9.331162
1756888108.350,latency_s,9.230993
1756888108.350,latency_s,9.130156
1756888108.350,latency_s,9.029019
1756888108.350,latency_s,8.928337
1756888108.350,latency_s,8.827888
1756888108.350,latency_s,9.352394
1756888108.351,latency_s,9.250732
1756888108.354,latency_s,9.152979
1756888108.354,latency_s,9.052083
1756888108.354,latency_s,8.951327
1756888108.354,latency_s,8.850560
1756888108.791,latency_s,9.843496
1756888108.796,latency_s,9.747814
1756888108.799,latency_s,9.650187
1756888108.801,latency_s,9.551756
1756888108.804,latency_s,9.454099
1756888108.808,latency_s,9.356431
1756888108.811,latency_s,9.854815
1756888108.814,latency_s,9.756988
1756888108.817,latency_s,9.660266
1756888108.821,latency_s,9.563485
1756888108.824,latency_s,9.466008
1756888108.827,latency_s,9.368171
1756888108.830,latency_s,9.833945
1756888109.331,latency_s,10.234621
1756888109.332,latency_s,10.134636
