1757012069.982,latency_s,0.083302
1757012070.055,latency_s,0.052360
1757012070.124,latency_s,0.082470
1757012070.151,latency_s,0.047160
1757012070.198,latency_s,0.055608
1757012070.257,latency_s,0.046806
1757012070.291,latency_s,0.048197
1757012070.306,latency_s,0.080914
1757012070.357,latency_s,0.046880
1757012070.379,latency_s,0.054192
1757012070.391,latency_s,0.047771
1757012070.458,latency_s,0.046925
1757012070.458,latency_s,0.081301
1757012070.473,latency_s,0.047058
1757012070.491,latency_s,0.047477
1757012070.533,latency_s,0.056468
1757012070.558,latency_s,0.047024
1757012070.575,latency_s,0.047389
1757012070.591,latency_s,0.046771
1757012070.612,latency_s,0.082529
1757012070.625,latency_s,0.046316
1757012070.660,latency_s,0.047925
1757012070.679,latency_s,0.045924
1757012070.684,latency_s,0.050665
1757012070.691,latency_s,0.046630
1757012070.726,latency_s,0.046539
1757012070.757,latency_s,0.080796
1757012070.759,latency_s,0.046113
1757012070.781,latency_s,0.047714
1757012070.781,latency_s,0.047062
1757012070.792,latency_s,0.046895
1757012070.831,latency_s,0.050912
1757012070.832,latency_s,0.055568
1757012070.861,latency_s,0.047718
1757012070.881,latency_s,0.047432
1757012070.881,latency_s,0.046265
1757012070.892,latency_s,0.046327
1757012070.923,latency_s,0.047082
1757012070.926,latency_s,0.046074
1757012070.951,latency_s,0.083907
1757012070.961,latency_s,0.047474
1757012070.983,latency_s,0.049119
1757012070.984,latency_s,0.048534
1757012070.993,latency_s,0.046265
1757012071.025,latency_s,0.057203
1757012071.025,latency_s,0.047850
1757012071.028,latency_s,0.047979
1757012071.063,latency_s,0.046790
1757012071.083,latency_s,0.048049
1757012071.083,latency_s,0.047212
1757012071.106,latency_s,0.083159
1757012071.114,latency_s,0.046226
1757012071.124,latency_s,0.046757
1757012071.127,latency_s,0.046448
1757012071.179,latency_s,0.052131
1757012071.187,latency_s,0.046861
1757012071.188,latency_s,0.047310
1757012071.188,latency_s,0.047713
1757012071.214,latency_s,0.045996
1757012071.226,latency_s,0.048591
1757012071.227,latency_s,0.045774
1757012071.235,latency_s,0.188049
1757012071.236,latency_s,0.087772
1757012071.310,latency_s,0.129597
1757012071.311,latency_s,0.082488
1757012071.311,latency_s,0.069346
1757012071.311,latency_s,0.069400
1757012071.311,latency_s,0.069292
1757012071.311,latency_s,0.061655
1757012071.324,latency_s,0.055554
1757012071.326,latency_s,0.048375
1757012071.332,latency_s,0.050877
1757012071.347,latency_s,0.065557
1757012071.375,latency_s,0.046679
1757012071.391,latency_s,0.048256
1757012071.391,latency_s,0.048593
1757012071.392,latency_s,0.049891
1757012071.411,latency_s,0.061559
1757012071.415,latency_s,0.046108
1757012071.428,latency_s,0.050435
1757012071.429,latency_s,0.047260
1757012071.429,latency_s,0.046973
1757012071.454,latency_s,0.081722
1757012071.477,latency_s,0.047462
1757012071.491,latency_s,0.048126
1757012071.491,latency_s,0.048174
1757012071.491,latency_s,0.048122
1757012071.497,latency_s,0.047116
1757012071.526,latency_s,0.054525
1757012071.527,latency_s,0.048982
1757012071.527,latency_s,0.054874
1757012071.529,latency_s,0.047189
1757012071.531,latency_s,0.046654
1757012071.576,latency_s,0.046531
1757012071.589,latency_s,0.045824
1757012071.590,latency_s,0.047283
1757012071.591,latency_s,0.046136
1757012071.597,latency_s,0.046206
1757012071.618,latency_s,0.046437
1757012071.619,latency_s,0.046288
1757012071.626,latency_s,0.086386
1757012071.626,latency_s,0.047583
1757012071.629,latency_s,0.045909
1757012071.632,latency_s,0.046884
1757012071.678,latency_s,0.047149
1757012071.691,latency_s,0.046528
1757012071.692,latency_s,0.046452
1757012071.693,latency_s,0.048059
1757012071.693,latency_s,0.051267
1757012071.696,latency_s,0.045773
1757012071.719,latency_s,0.046665
1757012071.722,latency_s,0.046585
1757012071.727,latency_s,0.048137
1757012071.730,latency_s,0.046239
1757012071.732,latency_s,0.046077
1757012071.765,latency_s,0.080967
1757012071.777,latency_s,0.046524
1757012071.790,latency_s,0.046984
1757012071.792,latency_s,0.047263
1757012071.793,latency_s,0.047375
1757012071.793,latency_s,0.047363
1757012071.799,latency_s,0.046413
1757012071.820,latency_s,0.047124
1757012071.822,latency_s,0.046541
1757012071.826,latency_s,0.046462
1757012071.831,latency_s,0.046841
1757012071.833,latency_s,0.046630
1757012071.839,latency_s,0.054249
1757012071.878,latency_s,0.046843
1757012071.889,latency_s,0.045472
1757012071.894,latency_s,0.048185
1757012071.894,latency_s,0.048291
1757012071.894,latency_s,0.048179
1757012071.899,latency_s,0.046700
1757012071.925,latency_s,0.047776
1757012071.925,latency_s,0.048211
1757012071.931,latency_s,0.049508
1757012071.932,latency_s,0.047875
1757012071.932,latency_s,0.046404
1757012071.934,latency_s,0.047518
1757012071.957,latency_s,0.077508
1757012071.979,latency_s,0.046957
1757012071.991,latency_s,0.046989
1757012071.993,latency_s,0.046946
1757012071.993,latency_s,0.046445
1757012071.994,latency_s,0.047145
1757012071.999,latency_s,0.045829
1757012072.025,latency_s,0.047559
1757012072.025,latency_s,0.047657
1757012072.028,latency_s,0.046280
1757012072.030,latency_s,0.050646
1757012072.031,latency_s,0.046802
1757012072.032,latency_s,0.045645
1757012072.033,latency_s,0.046236
1757012072.079,latency_s,0.046599
1757012072.092,latency_s,0.047879
1757012072.093,latency_s,0.046951
1757012072.093,latency_s,0.046593
1757012072.095,latency_s,0.047432
1757012072.100,latency_s,0.046233
1757012072.116,latency_s,0.081914
1757012072.124,latency_s,0.046062
1757012072.124,latency_s,0.045457
1757012072.127,latency_s,0.046556
1757012072.129,latency_s,0.047081
1757012072.132,latency_s,0.046772
1757012072.135,latency_s,0.047480
1757012072.136,latency_s,0.048485
1757012072.182,latency_s,0.047137
1757012072.189,latency_s,0.054201
1757012072.191,latency_s,0.046807
1757012072.195,latency_s,0.047712
1757012072.195,latency_s,0.046956
1757012072.195,latency_s,0.046924
1757012072.200,latency_s,0.045858
1757012072.225,latency_s,0.047023
1757012072.225,latency_s,0.046555
1757012072.228,latency_s,0.046976
1757012072.231,latency_s,0.047821
1757012072.233,latency_s,0.047317
1757012072.234,latency_s,0.046046
1757012072.234,latency_s,0.046402
1757012072.256,latency_s,0.082411
1757012072.282,latency_s,0.046925
1757012072.282,latency_s,0.046999
1757012072.292,latency_s,0.046539
1757012072.295,latency_s,0.047350
1757012072.295,latency_s,0.047053
1757012072.296,latency_s,0.046915
1757012072.302,latency_s,0.046839
1757012072.329,latency_s,0.049358
1757012072.330,latency_s,0.049525
1757012072.330,latency_s,0.048489
1757012072.330,latency_s,0.055119
1757012072.331,latency_s,0.047682
1757012072.333,latency_s,0.046526
1757012072.336,latency_s,0.047539
1757012072.336,latency_s,0.047772
1757012072.383,latency_s,0.047244
1757012072.383,latency_s,0.047353
1757012072.392,latency_s,0.046144
1757012072.394,latency_s,0.045714
1757012072.396,latency_s,0.046755
1757012072.396,latency_s,0.045901
1757012072.401,latency_s,0.045898
1757012072.422,latency_s,0.046593
1757012072.429,latency_s,0.047254
1757012072.430,latency_s,0.047680
1757012072.430,latency_s,0.048717
1757012072.432,latency_s,0.046586
1757012072.433,latency_s,0.046022
1757012072.435,latency_s,0.046235
1757012072.436,latency_s,0.080491
1757012072.437,latency_s,0.047104
1757012072.484,latency_s,0.047668
1757012072.484,latency_s,0.047767
1757012072.493,latency_s,0.046332
1757012072.495,latency_s,0.046722
1757012072.496,latency_s,0.046523
1757012072.497,latency_s,0.046869
1757012072.502,latency_s,0.046357
1757012072.509,latency_s,0.053251
1757012072.523,latency_s,0.046492
1757012072.529,latency_s,0.047186
1757012072.531,latency_s,0.047227
1757012072.531,latency_s,0.047623
1757012072.534,latency_s,0.048492
1757012072.535,latency_s,0.046972
1757012072.537,latency_s,0.046274
1757012072.537,latency_s,0.045520
1757012072.585,latency_s,0.047692
1757012072.585,latency_s,0.047786
1757012072.596,latency_s,0.048881
1757012072.596,latency_s,0.047540
1757012072.596,latency_s,0.046228
1757012072.597,latency_s,0.046027
1757012072.602,latency_s,0.046197
1757012072.602,latency_s,0.046274
1757012072.621,latency_s,0.080429
1757012072.624,latency_s,0.046101
1757012072.628,latency_s,0.046386
1757012072.631,latency_s,0.046759
1757012072.631,latency_s,0.046896
1757012072.634,latency_s,0.046130
1757012072.635,latency_s,0.046863
1757012072.685,latency_s,0.093852
1757012072.685,latency_s,0.092212
1757012072.721,latency_s,0.081487
1757012072.721,latency_s,0.081352
1757012072.721,latency_s,0.079957
1757012072.721,latency_s,0.073542
1757012072.721,latency_s,0.071593
1757012072.721,latency_s,0.070723
1757012072.721,latency_s,0.069809
1757012072.721,latency_s,0.064400
1757012072.721,latency_s,0.061354
1757012072.724,latency_s,0.045601
1757012072.733,latency_s,0.049175
1757012072.733,latency_s,0.048355
1757012072.733,latency_s,0.048340
1757012072.735,latency_s,0.047057
1757012072.735,latency_s,0.046684
1757012072.738,latency_s,0.045941
1757012072.758,latency_s,0.065360
1757012072.788,latency_s,0.047249
1757012072.788,latency_s,0.047271
1757012072.790,latency_s,0.045585
1757012072.796,latency_s,0.046885
1757012072.796,latency_s,0.046040
1757012072.796,latency_s,0.045441
1757012072.798,latency_s,0.046246
1757012072.803,latency_s,0.046006
1757012072.806,latency_s,0.046303
1757012072.827,latency_s,0.047563
1757012072.833,latency_s,0.048075
1757012072.833,latency_s,0.047580
1757012072.833,latency_s,0.047695
1757012072.836,latency_s,0.047365
1757012072.836,latency_s,0.047337
1757012072.840,latency_s,0.047460
1757012072.840,latency_s,0.046488
1757012072.889,latency_s,0.047383
1757012072.889,latency_s,0.047140
1757012072.891,latency_s,0.045992
1757012072.895,latency_s,0.045392
1757012072.897,latency_s,0.046362
1757012072.899,latency_s,0.047839
1757012072.899,latency_s,0.046814
1757012072.904,latency_s,0.045672
1757012072.918,latency_s,0.057072
1757012072.927,latency_s,0.045959
1757012072.936,latency_s,0.049024
1757012072.936,latency_s,0.048957
1757012072.936,latency_s,0.049270
1757012072.937,latency_s,0.047439
1757012072.937,latency_s,0.047531
1757012072.941,latency_s,0.047398
1757012072.941,latency_s,0.047545
1757012072.989,latency_s,0.046141
1757012072.990,latency_s,0.047569
1757012072.992,latency_s,0.046448
1757012072.998,latency_s,0.047904
1757012072.998,latency_s,0.047382
1757012072.998,latency_s,0.047165
1757012073.044,latency_s,0.091330
1757012073.044,latency_s,0.085424
1757012073.044,latency_s,0.082644
1757012073.044,latency_s,0.062908
1757012073.044,latency_s,0.056008
1757012073.044,latency_s,0.055774
1757012073.044,latency_s,0.055568
1757012073.044,latency_s,0.054671
1757012073.044,latency_s,0.054350
1757012073.044,latency_s,0.050612
1757012073.044,latency_s,0.050634
1757012073.090,latency_s,0.047403
1757012073.090,latency_s,0.046900
1757012073.094,latency_s,0.047449
1757012073.099,latency_s,0.047439
1757012073.099,latency_s,0.047325
1757012073.101,latency_s,0.049042
1757012073.101,latency_s,0.047523
1757012073.125,latency_s,0.066204
1757012073.125,latency_s,0.063416
1757012073.132,latency_s,0.048387
1757012073.139,latency_s,0.049481
1757012073.140,latency_s,0.051003
1757012073.140,latency_s,0.049134
1757012073.140,latency_s,0.051043
1757012073.140,latency_s,0.050775
1757012073.140,latency_s,0.046736
1757012073.143,latency_s,0.048862
1757012073.191,latency_s,0.047477
1757012073.191,latency_s,0.046604
1757012073.198,latency_s,0.046816
1757012073.206,latency_s,0.052063
1757012073.206,latency_s,0.051924
1757012073.206,latency_s,0.052089
1757012073.206,latency_s,0.048351
1757012073.206,latency_s,0.046539
1757012073.227,latency_s,0.063035
1757012073.234,latency_s,0.050378
1757012073.239,latency_s,0.048703
1757012073.242,latency_s,0.052363
1757012073.242,latency_s,0.051922
1757012073.242,latency_s,0.052260
1757012073.242,latency_s,0.049654
1757012073.242,latency_s,0.048076
1757012073.242,latency_s,0.048038
1757012073.292,latency_s,0.047620
1757012073.292,latency_s,0.047573
1757012073.299,latency_s,0.047131
1757012073.304,latency_s,0.048763
1757012073.304,latency_s,0.048593
1757012073.304,latency_s,0.048884
1757012073.304,latency_s,0.046405
1757012073.307,latency_s,0.046662
1757012073.321,latency_s,0.054617
1757012073.331,latency_s,0.046646
1757012073.338,latency_s,0.047989
1757012073.338,latency_s,0.047517
1757012073.341,latency_s,0.050795
1757012073.341,latency_s,0.050326
1757012073.341,latency_s,0.048342
1757012073.341,latency_s,0.047023
1757012073.341,latency_s,0.046755
1757012073.393,latency_s,0.047391
1757012073.393,latency_s,0.047217
1757012073.399,latency_s,0.046683
1757012073.403,latency_s,0.046443
1757012073.403,latency_s,0.046723
1757012073.403,latency_s,0.046582
1757012073.405,latency_s,0.046381
1757012073.407,latency_s,0.046337
1757012073.419,latency_s,0.048555
1757012073.432,latency_s,0.046012
1757012073.439,latency_s,0.048322
1757012073.440,latency_s,0.049159
1757012073.440,latency_s,0.049013
1757012073.440,latency_s,0.048794
1757012073.440,latency_s,0.046973
1757012073.443,latency_s,0.048300
1757012073.443,latency_s,0.047963
1757012073.493,latency_s,0.046892
1757012073.493,latency_s,0.045630
1757012073.499,latency_s,0.046724
1757012073.503,latency_s,0.046189
1757012073.505,latency_s,0.047822
1757012073.505,latency_s,0.047876
1757012073.506,latency_s,0.046369
1757012073.507,latency_s,0.045449
1757012073.519,latency_s,0.046627
1757012073.532,latency_s,0.046012
1757012073.538,latency_s,0.047134
1757012073.538,latency_s,0.047347
1757012073.539,latency_s,0.046853
1757012073.543,latency_s,0.051245
1757012073.543,latency_s,0.048785
1757012073.543,latency_s,0.047513
1757012073.543,latency_s,0.047426
1757012073.594,latency_s,0.047304
1757012073.594,latency_s,0.045948
1757012073.602,latency_s,0.048671
1757012073.604,latency_s,0.046751
1757012073.605,latency_s,0.047183
1757012073.607,latency_s,0.047212
1757012073.607,latency_s,0.047313
1757012073.608,latency_s,0.045379
1757012073.619,latency_s,0.046321
1757012073.632,latency_s,0.045895
1757012073.639,latency_s,0.047405
1757012073.640,latency_s,0.048546
1757012073.644,latency_s,0.051273
1757012073.644,latency_s,0.049231
1757012073.644,latency_s,0.051932
1757012073.644,latency_s,0.047343
1757012073.644,latency_s,0.047246
1757012073.694,latency_s,0.045990
1757012073.700,latency_s,0.047051
1757012073.700,latency_s,0.046246
1757012073.707,latency_s,0.049289
1757012073.707,latency_s,0.049153
1757012073.707,latency_s,0.047390
1757012073.708,latency_s,0.046676
1757012073.709,latency_s,0.046293
1757012073.720,latency_s,0.047421
1757012073.734,latency_s,0.046482
1757012073.738,latency_s,0.046115
1757012073.740,latency_s,0.047359
1757012073.740,latency_s,0.047382
1757012073.740,latency_s,0.046896
1757012073.749,latency_s,0.053896
1757012073.749,latency_s,0.052214
1757012073.750,latency_s,0.052246
1757012073.795,latency_s,0.047103
1757012073.801,latency_s,0.046679
1757012073.802,latency_s,0.046885
1757012073.805,latency_s,0.046423
1757012073.806,latency_s,0.046768
1757012073.807,latency_s,0.045717
1757012073.810,latency_s,0.047141
1757012073.811,latency_s,0.047272
1757012073.823,latency_s,0.046846
1757012073.834,latency_s,0.045839
1757012073.839,latency_s,0.046610
1757012073.839,latency_s,0.046753
1757012073.840,latency_s,0.047106
1757012073.840,latency_s,0.046702
1757012073.842,latency_s,0.046525
1757012073.845,latency_s,0.047268
1757012073.845,latency_s,0.047643
1757012073.897,latency_s,0.047582
1757012073.902,latency_s,0.047374
1757012073.903,latency_s,0.047609
1757012073.905,latency_s,0.045905
1757012073.906,latency_s,0.046942
1757012073.911,latency_s,0.046306
1757012073.912,latency_s,0.047085
1757012073.912,latency_s,0.047309
1757012073.924,latency_s,0.045822
1757012073.937,latency_s,0.046418
1757012073.939,latency_s,0.046149
1757012073.940,latency_s,0.047270
1757012073.941,latency_s,0.047217
1757012073.943,latency_s,0.046590
1757012073.945,latency_s,0.047879
1757012073.945,latency_s,0.047118
1757012073.945,latency_s,0.047078
1757012073.996,latency_s,0.046354
1757012074.004,latency_s,0.048271
1757012074.005,latency_s,0.046923
1757012074.008,latency_s,0.048206
1757012074.008,latency_s,0.048591
1757012074.011,latency_s,0.046071
1757012074.012,latency_s,0.047126
1757012074.012,latency_s,0.046804
1757012074.026,latency_s,0.045951
1757012074.038,latency_s,0.046791
1757012074.040,latency_s,0.046846
1757012074.040,latency_s,0.046499
1757012074.042,latency_s,0.047346
1757012074.043,latency_s,0.045545
1757012074.044,latency_s,0.047148
1757012074.045,latency_s,0.045731
1757012074.046,latency_s,0.047060
1757012074.097,latency_s,0.046719
1757012074.103,latency_s,0.046607
1757012074.104,latency_s,0.045827
1757012074.105,latency_s,0.045545
1757012074.107,latency_s,0.047140
1757012074.111,latency_s,0.045700
1757012074.113,latency_s,0.047309
1757012074.113,latency_s,0.047420
1757012074.131,latency_s,0.046717
1757012074.138,latency_s,0.046357
1757012074.140,latency_s,0.046517
1757012074.142,latency_s,0.047411
1757012074.143,latency_s,0.047574
1757012074.144,latency_s,0.046623
1757012074.144,latency_s,0.046672
1757012074.146,latency_s,0.045975
1757012074.146,latency_s,0.046011
1757012074.198,latency_s,0.046444
1757012074.207,latency_s,0.047785
1757012074.207,latency_s,0.047400
1757012074.209,latency_s,0.048641
1757012074.209,latency_s,0.047326
1757012074.212,latency_s,0.046168
1757012074.212,latency_s,0.046350
1757012074.214,latency_s,0.047728
1757012074.234,latency_s,0.045844
1757012074.239,latency_s,0.046771
1757012074.239,latency_s,0.045833
1757012074.243,latency_s,0.046939
1757012074.244,latency_s,0.048062
1757012074.244,latency_s,0.045984
1757012074.247,latency_s,0.048212
1757012074.247,latency_s,0.046826
1757012074.247,latency_s,0.046808
1757012074.300,latency_s,0.047160
1757012074.306,latency_s,0.046657
1757012074.307,latency_s,0.046366
1757012074.309,latency_s,0.048678
1757012074.309,latency_s,0.047429
1757012074.313,latency_s,0.045497
1757012074.316,latency_s,0.046532
1757012074.316,latency_s,0.046642
1757012074.337,latency_s,0.047480
1757012074.341,latency_s,0.047655
1757012074.342,latency_s,0.047819
1757012074.343,latency_s,0.045886
1757012074.345,latency_s,0.046704
1757012074.345,latency_s,0.046539
1757012074.346,latency_s,0.046791
1757012074.347,latency_s,0.046411
1757012074.347,latency_s,0.046688
1757012074.402,latency_s,0.047813
1757012074.410,latency_s,0.049037
1757012074.410,latency_s,0.048128
1757012074.411,latency_s,0.048133
1757012074.465,latency_s,0.094769
1757012074.466,latency_s,0.094059
1757012074.466,latency_s,0.094187
1757012074.466,latency_s,0.073972
1757012074.466,latency_s,0.071564
1757012074.466,latency_s,0.070616
1757012074.466,latency_s,0.067687
1757012074.466,latency_s,0.066308
1757012074.466,latency_s,0.065413
1757012074.466,latency_s,0.065858
1757012074.466,latency_s,0.065875
1757012074.466,latency_s,0.064803
1757012074.501,latency_s,0.046908
1757012074.508,latency_s,0.046304
1757012074.511,latency_s,0.045696
1757012074.513,latency_s,0.046403
1757012074.518,latency_s,0.046337
1757012074.518,latency_s,0.046564
1757012074.519,latency_s,0.046214
1757012074.543,latency_s,0.048089
1757012074.543,latency_s,0.048211
1757012074.543,latency_s,0.046502
1757012074.549,latency_s,0.050191
1757012074.550,latency_s,0.187692
1757012074.550,latency_s,0.084492
1757012074.550,latency_s,0.049387
1757012074.550,latency_s,0.049634
1757012074.550,latency_s,0.049331
1757012074.550,latency_s,0.049401
1757012074.554,latency_s,0.051569
1757012074.601,latency_s,0.046165
1757012074.609,latency_s,0.046736
1757012074.613,latency_s,0.046382
1757012074.613,latency_s,0.046248
1757012074.614,latency_s,0.046487
1757012074.619,latency_s,0.047156
1757012074.619,latency_s,0.046239
1757012074.619,latency_s,0.045738
1757012074.642,latency_s,0.046290
1757012074.645,latency_s,0.046109
1757012074.646,latency_s,0.046921
1757012074.650,latency_s,0.050611
1757012074.650,latency_s,0.048918
1757012074.650,latency_s,0.049405
1757012074.650,latency_s,0.049302
1757012074.650,latency_s,0.048789
1757012074.650,latency_s,0.047746
1757012074.706,latency_s,0.049774
1757012074.708,latency_s,0.045694
1757012074.714,latency_s,0.046544
1757012074.714,latency_s,0.046725
1757012074.714,latency_s,0.046586
1757012074.720,latency_s,0.047865
1757012074.720,latency_s,0.046999
1757012074.720,latency_s,0.046125
1757012074.743,latency_s,0.047432
1757012074.745,latency_s,0.045430
1757012074.748,latency_s,0.047877
1757012074.750,latency_s,0.050122
1757012074.750,latency_s,0.049111
1757012074.750,latency_s,0.048846
1757012074.750,latency_s,0.048914
1757012074.750,latency_s,0.047707
1757012074.750,latency_s,0.047233
1757012074.804,latency_s,0.047789
1757012074.809,latency_s,0.046285
1757012074.814,latency_s,0.046172
1757012074.816,latency_s,0.047939
1757012074.816,latency_s,0.047055
1757012074.821,latency_s,0.047804
1757012074.821,latency_s,0.047875
1757012074.822,latency_s,0.046211
1757012074.843,latency_s,0.046562
1757012074.847,latency_s,0.045859
1757012074.850,latency_s,0.049114
1757012074.850,latency_s,0.048946
1757012074.850,latency_s,0.048696
1757012074.850,latency_s,0.049346
1757012074.850,latency_s,0.048678
1757012074.850,latency_s,0.047590
1757012074.851,latency_s,0.046182
1757012074.906,latency_s,0.048121
1757012074.910,latency_s,0.046736
1757012074.914,latency_s,0.046044
1757012074.915,latency_s,0.046088
1757012074.920,latency_s,0.047053
1757012074.922,latency_s,0.048106
1757012074.922,latency_s,0.048107
1757012074.923,latency_s,0.046874
1757012074.944,latency_s,0.046230
1757012074.949,latency_s,0.047556
1757012074.951,latency_s,0.049360
1757012074.951,latency_s,0.049466
1757012074.951,latency_s,0.049345
1757012074.951,latency_s,0.049467
1757012074.951,latency_s,0.049320
1757012074.951,latency_s,0.048277
1757012074.952,latency_s,0.046950
1757012075.006,latency_s,0.046685
1757012075.009,latency_s,0.045239
1757012075.015,latency_s,0.045838
1757012075.017,latency_s,0.046108
1757012075.021,latency_s,0.047131
1757012075.022,latency_s,0.046026
1757012075.024,latency_s,0.046633
1757012075.024,latency_s,0.046697
1757012075.045,latency_s,0.046478
1757012075.048,latency_s,0.046515
1757012075.048,latency_s,0.046371
1757012075.049,latency_s,0.046962
1757012075.050,latency_s,0.048279
1757012075.050,latency_s,0.048047
1757012075.052,latency_s,0.049586
1757012075.052,latency_s,0.048206
1757012075.052,latency_s,0.046392
1757012075.107,latency_s,0.046893
1757012075.109,latency_s,0.045253
1757012075.117,latency_s,0.047383
1757012075.117,latency_s,0.046450
1757012075.125,latency_s,0.050852
1757012075.125,latency_s,0.049001
1757012075.125,latency_s,0.047012
1757012075.125,latency_s,0.047167
1757012075.145,latency_s,0.046572
1757012075.149,latency_s,0.046093
1757012075.150,latency_s,0.047163
1757012075.150,latency_s,0.047485
1757012075.152,latency_s,0.049482
1757012075.155,latency_s,0.051707
1757012075.155,latency_s,0.051735
1757012075.155,latency_s,0.050940
1757012075.155,latency_s,0.048658
1757012075.208,latency_s,0.047573
1757012075.210,latency_s,0.045656
1757012075.218,latency_s,0.048326
1757012075.218,latency_s,0.046615
1757012075.221,latency_s,0.046030
1757012075.225,latency_s,0.046561
1757012075.226,latency_s,0.045523
1757012075.227,latency_s,0.046573
1757012075.247,latency_s,0.047493
1757012075.252,latency_s,0.049330
1757012075.252,latency_s,0.049238
1757012075.252,latency_s,0.049188
1757012075.252,latency_s,0.049063
1757012075.252,latency_s,0.048916
1757012075.254,latency_s,0.050468
1757012075.255,latency_s,0.050641
1757012075.255,latency_s,0.047472
1757012075.307,latency_s,0.046265
1757012075.311,latency_s,0.045753
1757012075.317,latency_s,0.046586
1757012075.318,latency_s,0.046000
1757012075.323,latency_s,0.046425
1757012075.325,latency_s,0.045686
1757012075.327,latency_s,0.045609
1757012075.329,latency_s,0.047031
1757012075.346,latency_s,0.046254
1757012075.349,latency_s,0.045457
1757012075.350,latency_s,0.046759
1757012075.350,latency_s,0.046563
1757012075.350,latency_s,0.046508
1757012075.352,latency_s,0.047752
1757012075.353,latency_s,0.049513
1757012075.354,latency_s,0.049274
1757012075.355,latency_s,0.046436
1757012075.409,latency_s,0.046394
1757012075.412,latency_s,0.046028
1757012075.417,latency_s,0.046135
1757012075.418,latency_s,0.045820
1757012075.424,latency_s,0.046746
1757012075.426,latency_s,0.045873
1757012075.430,latency_s,0.047314
1757012075.430,latency_s,0.047396
1757012075.446,latency_s,0.045911
1757012075.450,latency_s,0.046290
1757012075.450,latency_s,0.046193
1757012075.450,latency_s,0.046068
1757012075.452,latency_s,0.048389
1757012075.453,latency_s,0.048345
1757012075.453,latency_s,0.047740
1757012075.454,latency_s,0.048978
1757012075.456,latency_s,0.046636
1757012075.510,latency_s,0.047055
1757012075.512,latency_s,0.045794
1757012075.518,latency_s,0.046929
1757012075.519,latency_s,0.045573
1757012075.527,latency_s,0.047539
1757012075.527,latency_s,0.046489
1757012075.530,latency_s,0.046486
1757012075.530,latency_s,0.046524
1757012075.547,latency_s,0.046412
1757012075.552,latency_s,0.047934
1757012075.552,latency_s,0.048015
1757012075.552,latency_s,0.047848
1757012075.552,latency_s,0.047867
1757012075.552,latency_s,0.047852
1757012075.555,latency_s,0.048445
1757012075.555,latency_s,0.047745
1757012075.555,latency_s,0.045682
1757012075.610,latency_s,0.046884
1757012075.613,latency_s,0.046154
1757012075.619,latency_s,0.046272
1757012075.621,latency_s,0.045748
1757012075.629,latency_s,0.046861
1757012075.629,latency_s,0.047127
1757012075.632,latency_s,0.046892
1757012075.632,latency_s,0.047039
1757012075.647,latency_s,0.046087
1757012075.655,latency_s,0.050141
1757012075.655,latency_s,0.050421
1757012075.655,latency_s,0.050123
1757012075.655,latency_s,0.050224
1757012075.655,latency_s,0.048480
1757012075.655,latency_s,0.048208
1757012075.656,latency_s,0.047860
1757012075.658,latency_s,0.046604
1757012075.713,latency_s,0.047633
1757012075.713,latency_s,0.045821
1757012075.719,latency_s,0.046243
1757012075.725,latency_s,0.046570
1757012075.730,latency_s,0.046539
1757012075.732,latency_s,0.047893
1757012075.732,latency_s,0.046234
1757012075.732,latency_s,0.046264
1757012075.748,latency_s,0.046870
1757012075.754,latency_s,0.048710
1757012075.754,latency_s,0.048900
1757012075.754,latency_s,0.048478
1757012075.754,latency_s,0.048477
1757012075.754,latency_s,0.046902
1757012075.754,latency_s,0.046936
1757012075.754,latency_s,0.046236
1757012075.758,latency_s,0.046267
1757012075.815,latency_s,0.047665
1757012075.815,latency_s,0.046818
1757012075.820,latency_s,0.045918
1757012075.827,latency_s,0.047954
1757012075.832,latency_s,0.047739
1757012075.832,latency_s,0.047961
1757012075.833,latency_s,0.046742
1757012075.834,latency_s,0.046972
1757012075.848,latency_s,0.045985
1757012075.855,latency_s,0.048228
1757012075.855,latency_s,0.048095
1757012075.855,latency_s,0.048287
1757012075.855,latency_s,0.048594
1757012075.855,latency_s,0.047696
1757012075.855,latency_s,0.047750
1757012075.856,latency_s,0.047473
1757012075.859,latency_s,0.046697
1757012075.915,latency_s,0.046505
1757012075.918,latency_s,0.046232
1757012075.920,latency_s,0.045714
1757012075.926,latency_s,0.046308
1757012075.931,latency_s,0.046881
1757012075.932,latency_s,0.046750
1757012075.934,latency_s,0.046300
1757012075.934,latency_s,0.046457
1757012075.948,latency_s,0.046089
1757012075.957,latency_s,0.049599
1757012075.957,latency_s,0.049412
1757012075.957,latency_s,0.049250
1757012075.957,latency_s,0.049559
1757012075.957,latency_s,0.049345
1757012075.957,latency_s,0.049759
1757012075.957,latency_s,0.048944
1757012075.958,latency_s,0.046012
1757012076.015,latency_s,0.046175
1757012076.020,latency_s,0.045841
1757012076.021,latency_s,0.046318
1757012076.026,latency_s,0.045800
1757012076.035,latency_s,0.049005
1757012076.035,latency_s,0.048025
1757012076.035,latency_s,0.047381
1757012076.035,latency_s,0.047428
1757012076.049,latency_s,0.046080
1757012076.054,latency_s,0.045976
1757012076.054,latency_s,0.045661
1757012076.057,latency_s,0.048774
1757012076.057,latency_s,0.048626
1757012076.057,latency_s,0.048266
1757012076.057,latency_s,0.047776
1757012076.057,latency_s,0.046589
1757012076.059,latency_s,0.046563
1757012076.116,latency_s,0.046860
1757012076.122,latency_s,0.046427
1757012076.122,latency_s,0.046518
1757012076.128,latency_s,0.046855
1757012076.133,latency_s,0.045360
1757012076.134,latency_s,0.045755
1757012076.135,latency_s,0.046375
1757012076.136,latency_s,0.047412
1757012076.151,latency_s,0.047064
1757012076.154,latency_s,0.045856
1757012076.155,latency_s,0.046496
1757012076.155,latency_s,0.045974
1757012076.157,latency_s,0.048215
1757012076.157,latency_s,0.048191
1757012076.157,latency_s,0.047408
1757012076.157,latency_s,0.046383
1757012076.159,latency_s,0.046560
1757012076.217,latency_s,0.046797
1757012076.222,latency_s,0.046331
1757012076.223,latency_s,0.046371
1757012076.233,latency_s,0.047188
1757012076.235,latency_s,0.046409
1757012076.235,latency_s,0.045810
1757012076.238,latency_s,0.048058
1757012076.238,latency_s,0.046913
1757012076.252,latency_s,0.048317
1757012076.255,latency_s,0.046590
1757012076.256,latency_s,0.047090
1757012076.256,latency_s,0.047247
1757012076.257,latency_s,0.047745
1757012076.257,latency_s,0.047472
1757012076.257,latency_s,0.047468
1757012076.259,latency_s,0.046242
1757012076.259,latency_s,0.046016
1757012076.318,latency_s,0.046753
1757012076.322,latency_s,0.045691
1757012076.330,latency_s,0.046167
1757012076.333,latency_s,0.046297
1757012076.335,latency_s,0.046412
1757012076.337,latency_s,0.046812
1757012076.337,latency_s,0.046821
1757012076.337,latency_s,0.046032
1757012076.351,latency_s,0.046285
1757012076.357,latency_s,0.048413
1757012076.357,latency_s,0.048298
1757012076.358,latency_s,0.048354
1757012076.358,latency_s,0.047915
1757012076.358,latency_s,0.047343
1757012076.358,latency_s,0.047531
1757012076.360,latency_s,0.046353
1757012076.360,latency_s,0.046483
1757012076.418,latency_s,0.046367
1757012076.423,latency_s,0.045991
1757012076.438,latency_s,0.052183
1757012076.438,latency_s,0.050724
1757012076.438,latency_s,0.048871
1757012076.438,latency_s,0.047879
1757012076.438,latency_s,0.046964
1757012076.438,latency_s,0.046736
1757012076.451,latency_s,0.046263
1757012076.455,latency_s,0.046313
1757012076.456,latency_s,0.046570
1757012076.456,latency_s,0.046374
1757012076.457,latency_s,0.047487
1757012076.457,latency_s,0.046540
1757012076.457,latency_s,0.046972
1757012076.460,latency_s,0.045443
1757012076.461,latency_s,0.046065
1757012076.518,latency_s,0.046437
1757012076.524,latency_s,0.046428
1757012076.535,latency_s,0.047382
1757012076.536,latency_s,0.047474
1757012076.536,latency_s,0.045762
1757012076.538,latency_s,0.047066
1757012076.538,latency_s,0.046472
1757012076.539,latency_s,0.046905
1757012076.553,latency_s,0.047366
1757012076.559,latency_s,0.048764
1757012076.559,latency_s,0.048596
1757012076.559,latency_s,0.048555
1757012076.559,latency_s,0.048566
1757012076.559,latency_s,0.047301
1757012076.559,latency_s,0.047770
1757012076.562,latency_s,0.046036
1757012076.562,latency_s,0.046043
1757012076.620,latency_s,0.047060
1757012076.624,latency_s,0.046210
1757012076.635,latency_s,0.046919
1757012076.635,latency_s,0.047110
1757012076.638,latency_s,0.046405
1757012076.640,latency_s,0.048666
1757012076.640,latency_s,0.048469
1757012076.640,latency_s,0.047440
1757012076.653,latency_s,0.046699
1757012076.657,latency_s,0.046832
1757012076.657,latency_s,0.046426
1757012076.658,latency_s,0.047244
1757012076.658,latency_s,0.047395
1757012076.658,latency_s,0.046080
1757012076.658,latency_s,0.046131
1757012076.663,latency_s,0.046083
1757012076.663,latency_s,0.046183
1757012076.722,latency_s,0.048126
1757012076.725,latency_s,0.046191
1757012076.737,latency_s,0.047669
1757012076.737,latency_s,0.047894
1757012076.738,latency_s,0.046217
1757012076.739,latency_s,0.047372
1757012076.739,latency_s,0.047313
1757012076.739,latency_s,0.045734
1757012076.753,latency_s,0.046689
1757012076.760,latency_s,0.048759
1757012076.761,latency_s,0.050216
1757012076.761,latency_s,0.049952
1757012076.761,latency_s,0.048151
1757012076.761,latency_s,0.048263
1757012076.761,latency_s,0.050085
1757012076.764,latency_s,0.046168
1757012076.765,latency_s,0.046642
1757012076.822,latency_s,0.046879
1757012076.832,latency_s,0.046573
1757012076.840,latency_s,0.049648
1757012076.841,latency_s,0.049860
1757012076.841,latency_s,0.048363
1757012076.841,latency_s,0.048711
1757012076.841,latency_s,0.048402
1757012076.841,latency_s,0.045983
1757012076.853,latency_s,0.046236
1757012076.858,latency_s,0.046071
1757012076.861,latency_s,0.048928
1757012076.861,latency_s,0.048180
1757012076.861,latency_s,0.048028
1757012076.861,latency_s,0.048297
1757012076.861,latency_s,0.048042
1757012076.866,latency_s,0.046943
1757012076.866,latency_s,0.046293
1757012076.923,latency_s,0.046813
1757012076.935,latency_s,0.047302
1757012076.941,latency_s,0.050191
1757012076.942,latency_s,0.050168
1757012076.942,latency_s,0.049523
1757012076.942,latency_s,0.049490
1757012076.942,latency_s,0.047342
1757012076.942,latency_s,0.046663
1757012076.953,latency_s,0.046172
1757012076.961,latency_s,0.048382
1757012076.961,latency_s,0.047986
1757012076.961,latency_s,0.048068
1757012076.961,latency_s,0.047957
1757012076.961,latency_s,0.048054
1757012076.962,latency_s,0.046930
1757012076.965,latency_s,0.045937
1757012076.966,latency_s,0.045655
1757012077.022,latency_s,0.045983
1757012077.038,latency_s,0.046368
1757012077.041,latency_s,0.048226
1757012077.041,latency_s,0.047534
1757012077.041,latency_s,0.048375
1757012077.045,latency_s,0.047326
1757012077.045,latency_s,0.047542
1757012077.045,latency_s,0.047922
1757012077.054,latency_s,0.046941
1757012077.060,latency_s,0.047113
1757012077.060,latency_s,0.046578
1757012077.060,latency_s,0.046467
1757012077.060,latency_s,0.046167
1757012077.061,latency_s,0.046120
1757012077.062,latency_s,0.046971
1757012077.067,latency_s,0.046844
1757012077.068,latency_s,0.046002
1757012077.123,latency_s,0.046265
1757012077.141,latency_s,0.048557
1757012077.141,latency_s,0.047504
1757012077.141,latency_s,0.047775
1757012077.145,latency_s,0.047022
1757012077.145,latency_s,0.047261
1757012077.146,latency_s,0.047687
1757012077.146,latency_s,0.047410
1757012077.154,latency_s,0.046497
1757012077.161,latency_s,0.047605
1757012077.161,latency_s,0.047225
1757012077.162,latency_s,0.047845
1757012077.162,latency_s,0.047091
1757012077.162,latency_s,0.047215
1757012077.163,latency_s,0.047852
1757012077.168,latency_s,0.046484
1757012077.168,latency_s,0.045636
1757012077.226,latency_s,0.049373
1757012077.241,latency_s,0.047333
1757012077.241,latency_s,0.047442
1757012077.241,latency_s,0.047544
1757012077.244,latency_s,0.046060
1757012077.245,latency_s,0.046771
1757012077.246,latency_s,0.046360
1757012077.246,latency_s,0.046256
1757012077.253,latency_s,0.045616
1757012077.261,latency_s,0.047290
1757012077.264,latency_s,0.049433
1757012077.264,latency_s,0.048772
1757012077.264,latency_s,0.049474
1757012077.264,latency_s,0.048502
1757012077.264,latency_s,0.047500
1757012077.269,latency_s,0.045741
1757012077.270,latency_s,0.045403
1757012077.323,latency_s,0.046422
1757012077.340,latency_s,0.045948
1757012077.340,latency_s,0.046113
1757012077.342,latency_s,0.047506
1757012077.347,latency_s,0.046847
1757012077.347,latency_s,0.046762
1757012077.348,latency_s,0.048208
1757012077.349,latency_s,0.048954
1757012077.354,latency_s,0.045558
1757012077.362,latency_s,0.047466
1757012077.363,latency_s,0.047056
1757012077.363,latency_s,0.047226
1757012077.363,latency_s,0.046793
1757012077.364,latency_s,0.048074
1757012077.365,latency_s,0.046967
1757012077.369,latency_s,0.045758
1757012077.371,latency_s,0.045985
1757012077.425,latency_s,0.046975
1757012077.443,latency_s,0.048115
1757012077.443,latency_s,0.047768
1757012077.443,latency_s,0.047699
1757012077.448,latency_s,0.047687
1757012077.448,latency_s,0.047507
1757012077.448,latency_s,0.047508
1757012077.448,latency_s,0.047751
1757012077.457,latency_s,0.046193
1757012077.461,latency_s,0.046029
1757012077.462,latency_s,0.046747
1757012077.463,latency_s,0.046819
1757012077.464,latency_s,0.047452
1757012077.464,latency_s,0.047225
1757012077.464,latency_s,0.045752
1757012077.472,latency_s,0.046899
1757012077.472,latency_s,0.046248
1757012077.525,latency_s,0.046237
1757012077.542,latency_s,0.046534
1757012077.542,latency_s,0.046268
1757012077.544,latency_s,0.048138
1757012077.547,latency_s,0.046408
1757012077.549,latency_s,0.047537
1757012077.554,latency_s,0.047007
1757012077.554,latency_s,0.046903
1757012077.557,latency_s,0.045803
1757012077.564,latency_s,0.048094
1757012077.564,latency_s,0.048096
1757012077.564,latency_s,0.046385
1757012077.564,latency_s,0.046617
1757012077.564,latency_s,0.045588
1757012077.565,latency_s,0.045526
1757012077.572,latency_s,0.046274
1757012077.574,latency_s,0.047626
1757012077.626,latency_s,0.046934
1757012077.644,latency_s,0.048866
1757012077.644,latency_s,0.047645
1757012077.644,latency_s,0.047801
1757012077.648,latency_s,0.046208
1757012077.649,latency_s,0.047021
1757012077.654,latency_s,0.047073
1757012077.655,latency_s,0.047593
1757012077.659,latency_s,0.045855
1757012077.664,latency_s,0.046302
1757012077.664,latency_s,0.046466
1757012077.666,latency_s,0.046832
1757012077.667,latency_s,0.047084
1757012077.667,latency_s,0.046940
1757012077.667,latency_s,0.046898
1757012077.675,latency_s,0.045273
1757012077.677,latency_s,0.046332
1757012077.726,latency_s,0.047015
1757012077.742,latency_s,0.046468
1757012077.744,latency_s,0.046639
1757012077.745,latency_s,0.047136
1757012077.749,latency_s,0.047327
1757012077.750,latency_s,0.047686
1757012077.756,latency_s,0.047054
1757012077.756,latency_s,0.047213
1757012077.759,latency_s,0.045996
1757012077.802,latency_s,0.084676
1757012077.803,latency_s,0.085028
1757012077.803,latency_s,0.082079
1757012077.803,latency_s,0.081648
1757012077.803,latency_s,0.082062
1757012077.803,latency_s,0.082186
1757012077.803,latency_s,0.071945
1757012077.803,latency_s,0.071969
1757012077.826,latency_s,0.045473
1757012077.842,latency_s,0.046306
1757012077.845,latency_s,0.046820
1757012077.845,latency_s,0.046910
1757012077.850,latency_s,0.047051
1757012077.851,latency_s,0.046427
1757012077.856,latency_s,0.046355
1757012077.856,latency_s,0.046939
1757012077.862,latency_s,0.046633
1757012077.865,latency_s,0.046721
1757012077.865,latency_s,0.047175
1757012077.878,latency_s,0.056131
1757012077.878,latency_s,0.055795
1757012077.878,latency_s,0.056345
1757012077.878,latency_s,0.056267
1757012077.879,latency_s,0.046652
1757012077.881,latency_s,0.048385
1757012077.928,latency_s,0.047323
1757012077.944,latency_s,0.046598
1757012077.945,latency_s,0.046480
1757012077.945,latency_s,0.046406
1757012077.951,latency_s,0.046766
1757012077.952,latency_s,0.047078
1757012077.957,latency_s,0.047087
1757012077.957,latency_s,0.046989
1757012077.963,latency_s,0.046165
1757012077.966,latency_s,0.047789
1757012077.966,latency_s,0.047626
1757012077.969,latency_s,0.046272
1757012077.969,latency_s,0.046449
1757012077.981,latency_s,0.058279
1757012077.981,latency_s,0.058348
1757012077.981,latency_s,0.048143
1757012077.982,latency_s,0.048153
1757012078.028,latency_s,0.047470
1757012078.045,latency_s,0.046844
1757012078.047,latency_s,0.047959
1757012078.047,latency_s,0.047535
1757012078.054,latency_s,0.049100
1757012078.054,latency_s,0.049126
1757012078.058,latency_s,0.047059
1757012078.058,latency_s,0.047038
1757012078.067,latency_s,0.048464
1757012078.067,latency_s,0.048569
1757012078.068,latency_s,0.048608
1757012078.070,latency_s,0.046514
1757012078.071,latency_s,0.046403
1757012078.071,latency_s,0.047045
1757012078.083,latency_s,0.059337
1757012078.083,latency_s,0.049701
1757012078.084,latency_s,0.049653
1757012078.127,latency_s,0.045976
1757012078.146,latency_s,0.047360
1757012078.146,latency_s,0.046763
1757012078.150,latency_s,0.046055
1757012078.152,latency_s,0.047181
1757012078.152,latency_s,0.046989
1757012078.157,latency_s,0.046656
1757012078.159,latency_s,0.046761
1757012078.166,latency_s,0.046869
1757012078.166,latency_s,0.047050
1757012078.166,latency_s,0.046990
1757012078.171,latency_s,0.046918
1757012078.171,latency_s,0.047088
1757012078.172,latency_s,0.047344
1757012078.182,latency_s,0.055402
1757012078.182,latency_s,0.047173
1757012078.184,latency_s,0.045774
1757012078.230,latency_s,0.046805
1757012078.246,latency_s,0.047781
1757012078.247,latency_s,0.047307
1757012078.252,latency_s,0.046671
1757012078.253,latency_s,0.046819
1757012078.253,latency_s,0.046103
1757012078.257,latency_s,0.046002
1757012078.258,latency_s,0.045054
1757012078.267,latency_s,0.047163
1757012078.267,latency_s,0.046781
1757012078.267,latency_s,0.047272
1757012078.273,latency_s,0.047558
1757012078.273,latency_s,0.047418
1757012078.273,latency_s,0.047122
1757012078.273,latency_s,0.046704
1757012078.282,latency_s,0.046756
1757012078.286,latency_s,0.045891
1757012078.330,latency_s,0.046999
1757012078.346,latency_s,0.047296
1757012078.346,latency_s,0.046511
1757012078.352,latency_s,0.046636
1757012078.353,latency_s,0.045947
1757012078.354,latency_s,0.045604
1757012078.357,latency_s,0.045509
1757012078.359,latency_s,0.045980
1757012078.367,latency_s,0.047253
1757012078.367,latency_s,0.047072
1757012078.370,latency_s,0.047396
1757012078.379,latency_s,0.052668
1757012078.379,latency_s,0.052719
1757012078.379,latency_s,0.052425
1757012078.379,latency_s,0.052264
1757012078.391,latency_s,0.055023
1757012078.391,latency_s,0.049577
1757012078.430,latency_s,0.046324
1757012078.447,latency_s,0.047789
1757012078.450,latency_s,0.048774
1757012078.455,latency_s,0.048781
1757012078.455,latency_s,0.047817
1757012078.455,latency_s,0.046537
1757012078.458,latency_s,0.046156
1757012078.460,latency_s,0.046196
1757012078.467,latency_s,0.046651
1757012078.467,latency_s,0.046190
1757012078.471,latency_s,0.047174
1757012078.474,latency_s,0.047023
1757012078.474,latency_s,0.046380
1757012078.474,latency_s,0.046849
1757012078.475,latency_s,0.047643
1757012078.486,latency_s,0.047181
1757012078.489,latency_s,0.046194
1757012078.532,latency_s,0.046806
1757012078.546,latency_s,0.046548
1757012078.549,latency_s,0.046829
1757012078.552,latency_s,0.045597
1757012078.554,latency_s,0.045678
1757012078.556,latency_s,0.046015
1757012078.558,latency_s,0.046069
1757012078.561,latency_s,0.046431
1757012078.567,latency_s,0.046507
1757012078.569,latency_s,0.046986
1757012078.572,latency_s,0.046218
1757012078.573,latency_s,0.046356
1757012078.574,latency_s,0.046077
1757012078.575,latency_s,0.047169
1757012078.575,latency_s,0.046748
1757012078.585,latency_s,0.045537
1757012078.588,latency_s,0.045410
1757012078.632,latency_s,0.046598
1757012078.646,latency_s,0.046175
1757012078.648,latency_s,0.045849
1757012078.653,latency_s,0.045921
1757012078.657,latency_s,0.046453
1757012078.657,latency_s,0.046265
1757012078.659,latency_s,0.046470
1757012078.662,latency_s,0.045905
1757012078.668,latency_s,0.046454
1757012078.669,latency_s,0.046568
1757012078.676,latency_s,0.047916
1757012078.677,latency_s,0.047625
1757012078.677,latency_s,0.047551
1757012078.677,latency_s,0.047049
1757012078.677,latency_s,0.047171
1757012078.686,latency_s,0.045400
1757012078.690,latency_s,0.045787
1757012078.733,latency_s,0.047103
1757012078.749,latency_s,0.046594
1757012078.750,latency_s,0.046420
1757012078.754,latency_s,0.046364
1757012078.758,latency_s,0.046638
1757012078.759,latency_s,0.045848
1757012078.760,latency_s,0.046503
1757012078.763,latency_s,0.045824
1757012078.768,latency_s,0.046192
1757012078.769,latency_s,0.045885
1757012078.778,latency_s,0.049037
1757012078.778,latency_s,0.048831
1757012078.779,latency_s,0.049077
1757012078.779,latency_s,0.048929
1757012078.779,latency_s,0.049032
1757012078.789,latency_s,0.046438
1757012078.794,latency_s,0.049635
1757012078.833,latency_s,0.046127
1757012078.850,latency_s,0.046071
1757012078.854,latency_s,0.046575
1757012078.854,latency_s,0.046126
1757012078.859,latency_s,0.046188
1757012078.860,latency_s,0.045165
1757012078.862,latency_s,0.046868
1757012078.863,latency_s,0.046049
1757012078.868,latency_s,0.046478
1757012078.870,latency_s,0.045673
1757012078.876,latency_s,0.046000
1757012078.877,latency_s,0.046603
1757012078.877,latency_s,0.046432
1757012078.877,latency_s,0.046497
1757012078.877,latency_s,0.045769
1757012078.891,latency_s,0.046697
1757012078.893,latency_s,0.045787
1757012078.933,latency_s,0.046647
1757012078.951,latency_s,0.046248
1757012078.954,latency_s,0.046147
1757012078.955,latency_s,0.046250
1757012078.962,latency_s,0.048978
1757012078.962,latency_s,0.047098
1757012078.962,latency_s,0.046052
1757012078.964,latency_s,0.046180
1757012078.968,latency_s,0.045850
1757012078.971,latency_s,0.045603
1757012078.977,latency_s,0.046730
1757012078.977,latency_s,0.046948
1757012078.978,latency_s,0.046040
1757012078.978,latency_s,0.046134
1757012078.978,latency_s,0.045473
1757012078.992,latency_s,0.046671
1757012078.994,latency_s,0.045923
1757012079.034,latency_s,0.046559
1757012079.051,latency_s,0.046145
1757012079.057,latency_s,0.048144
1757012079.057,latency_s,0.048131
1757012079.060,latency_s,0.045755
1757012079.061,latency_s,0.045731
1757012079.063,latency_s,0.045995
1757012079.065,latency_s,0.046470
1757012079.069,latency_s,0.046724
1757012079.072,latency_s,0.046113
1757012079.077,latency_s,0.045541
1757012079.078,latency_s,0.046571
1757012079.080,latency_s,0.046525
1757012079.080,latency_s,0.045630
1757012079.081,latency_s,0.046715
1757012079.093,latency_s,0.047221
1757012079.097,latency_s,0.047470
1757012079.135,latency_s,0.046749
1757012079.152,latency_s,0.046228
1757012079.156,latency_s,0.046558
1757012079.156,latency_s,0.046815
1757012079.160,latency_s,0.045497
1757012079.162,latency_s,0.046144
1757012079.162,latency_s,0.045411
1757012079.165,latency_s,0.046006
1757012079.169,latency_s,0.045895
1757012079.173,latency_s,0.046289
1757012079.179,latency_s,0.047269
1757012079.181,latency_s,0.048250
1757012079.181,latency_s,0.045813
1757012079.181,latency_s,0.046284
1757012079.181,latency_s,0.046559
1757012079.192,latency_s,0.046036
1757012079.197,latency_s,0.046808
1757012079.235,latency_s,0.046893
1757012079.256,latency_s,0.049194
1757012079.256,latency_s,0.047086
1757012079.257,latency_s,0.047033
1757012079.262,latency_s,0.046190
1757012079.264,latency_s,0.046931
1757012079.265,latency_s,0.046232
1757012079.265,latency_s,0.045621
1757012079.269,latency_s,0.045664
1757012079.274,latency_s,0.046525
1757012079.279,latency_s,0.046013
1757012079.279,latency_s,0.045942
1757012079.282,latency_s,0.046050
1757012079.282,latency_s,0.045389
1757012079.282,latency_s,0.045647
1757012079.293,latency_s,0.046387
1757012079.301,latency_s,0.046545
1757012079.336,latency_s,0.046231
1757012079.354,latency_s,0.046044
1757012079.356,latency_s,0.046110
1757012079.357,latency_s,0.045962
1757012079.365,latency_s,0.047945
1757012079.365,latency_s,0.047758
1757012079.365,latency_s,0.046256
1757012079.366,latency_s,0.046197
1757012079.369,latency_s,0.045738
1757012079.375,latency_s,0.046169
1757012079.378,latency_s,0.045332
1757012079.380,latency_s,0.046495
1757012079.383,latency_s,0.045764
1757012079.383,latency_s,0.045736
1757012079.383,latency_s,0.045328
1757012079.394,latency_s,0.047220
1757012079.401,latency_s,0.046136
1757012079.437,latency_s,0.046455
1757012079.455,latency_s,0.046335
1757012079.458,latency_s,0.046186
1757012079.463,latency_s,0.046793
1757012079.464,latency_s,0.045924
1757012079.464,latency_s,0.045941
1757012079.466,latency_s,0.046293
1757012079.466,latency_s,0.046679
1757012079.470,latency_s,0.045741
1757012079.476,latency_s,0.045709
1757012079.481,latency_s,0.046224
1757012079.481,latency_s,0.045951
1757012079.483,latency_s,0.045899
1757012079.484,latency_s,0.046198
1757012079.484,latency_s,0.045935
1757012079.494,latency_s,0.046681
1757012079.501,latency_s,0.046324
1757012079.538,latency_s,0.047184
1757012079.555,latency_s,0.046701
1757012079.558,latency_s,0.046686
1757012079.565,latency_s,0.046619
1757012079.565,latency_s,0.046885
1757012079.568,latency_s,0.049627
1757012079.568,latency_s,0.047847
1757012079.568,latency_s,0.048098
1757012079.571,latency_s,0.046091
1757012079.577,latency_s,0.046462
1757012079.582,latency_s,0.046424
1757012079.582,latency_s,0.046299
1757012079.584,latency_s,0.045104
1757012079.584,latency_s,0.045858
1757012079.585,latency_s,0.045833
1757012079.595,latency_s,0.046898
1757012079.602,latency_s,0.046116
1757012079.638,latency_s,0.047225
1757012079.656,latency_s,0.046127
1757012079.659,latency_s,0.045993
1757012079.666,latency_s,0.047231
1757012079.666,latency_s,0.046944
1757012079.668,latency_s,0.048821
1757012079.668,latency_s,0.047447
1757012079.668,latency_s,0.047332
1757012079.672,latency_s,0.046332
1757012079.678,latency_s,0.045921
1757012079.683,latency_s,0.047742
1757012079.684,latency_s,0.047000
1757012079.685,latency_s,0.046026
1757012079.686,latency_s,0.045690
1757012079.686,latency_s,0.045241
1757012079.695,latency_s,0.046469
1757012079.702,latency_s,0.046353
1757012079.739,latency_s,0.046840
1757012079.757,latency_s,0.045943
1757012079.760,latency_s,0.045651
1757012079.764,latency_s,0.045078
1757012079.767,latency_s,0.047816
1757012079.768,latency_s,0.046583
1757012079.768,latency_s,0.046606
1757012079.772,latency_s,0.046438
1757012079.773,latency_s,0.047179
1757012079.779,latency_s,0.046252
1757012079.782,latency_s,0.045763
1757012079.783,latency_s,0.046142
1757012079.787,latency_s,0.045905
1757012079.788,latency_s,0.045649
1757012079.788,latency_s,0.045685
1757012079.796,latency_s,0.046600
1757012079.806,latency_s,0.047017
1757012079.840,latency_s,0.047092
1757012079.857,latency_s,0.046254
1757012079.864,latency_s,0.046408
1757012079.865,latency_s,0.045782
1757012079.866,latency_s,0.045257
1757012079.868,latency_s,0.046448
1757012079.868,latency_s,0.046378
1757012079.872,latency_s,0.045622
1757012079.876,latency_s,0.047619
1757012079.879,latency_s,0.045865
1757012079.882,latency_s,0.045985
1757012079.883,latency_s,0.045619
1757012079.889,latency_s,0.045823
1757012079.889,latency_s,0.045761
1757012079.891,latency_s,0.046057
1757012079.896,latency_s,0.046026
1757012079.905,latency_s,0.046335
1757012079.939,latency_s,0.046467
1757012079.957,latency_s,0.045790
1757012079.970,latency_s,0.051232
1757012079.970,latency_s,0.048844
1757012079.970,latency_s,0.048008
1757012079.970,latency_s,0.048025
1757012079.970,latency_s,0.047819
1757012079.973,latency_s,0.045766
1757012079.977,latency_s,0.045761
1757012079.981,latency_s,0.045830
1757012079.983,latency_s,0.045652
1757012079.984,latency_s,0.045798
1757012079.990,latency_s,0.046220
1757012079.992,latency_s,0.045845
1757012079.994,latency_s,0.046332
1757012079.995,latency_s,0.045174
1757012080.008,latency_s,0.046377
1757012080.039,latency_s,0.046268
1757012080.060,latency_s,0.046635
1757012080.066,latency_s,0.047231
1757012080.067,latency_s,0.046150
1757012080.069,latency_s,0.045638
1757012080.070,latency_s,0.046776
1757012080.075,latency_s,0.046824
1757012080.080,latency_s,0.045883
1757012080.084,latency_s,0.047239
1757012080.084,latency_s,0.046962
1757012080.084,latency_s,0.045732
1757012080.090,latency_s,0.045908
1757012080.093,latency_s,0.046358
1757012080.095,latency_s,0.045892
1757012080.098,latency_s,0.046892
1757012080.112,latency_s,0.046558
1757012080.141,latency_s,0.047139
1757012080.160,latency_s,0.046468
1757012080.167,latency_s,0.047831
1757012080.167,latency_s,0.046002
1757012080.169,latency_s,0.045632
1757012080.170,latency_s,0.046077
1757012080.175,latency_s,0.046887
1757012080.183,latency_s,0.048164
1757012080.183,latency_s,0.046304
1757012080.184,latency_s,0.046480
1757012080.186,latency_s,0.046441
1757012080.191,latency_s,0.046338
1757012080.194,latency_s,0.046216
1757012080.195,latency_s,0.046052
1757012080.197,latency_s,0.045592
1757012080.212,latency_s,0.188714
1757012080.212,latency_s,0.088424
1757012080.213,latency_s,0.046876
1757012080.241,latency_s,0.046480
1757012080.260,latency_s,0.046120
1757012080.267,latency_s,0.047565
1757012080.270,latency_s,0.046531
1757012080.270,latency_s,0.046461
1757012080.271,latency_s,0.046598
1757012080.272,latency_s,0.046034
1757012080.276,latency_s,0.046199
1757012080.282,latency_s,0.045990
1757012080.283,latency_s,0.046195
1757012080.285,latency_s,0.046304
1757012080.287,latency_s,0.046379
1757012080.292,latency_s,0.045981
1757012080.293,latency_s,0.045620
1757012080.296,latency_s,0.046783
1757012080.298,latency_s,0.045814
1757012080.312,latency_s,0.046179
1757012080.341,latency_s,0.046291
1757012080.360,latency_s,0.046049
1757012080.367,latency_s,0.046938
1757012080.371,latency_s,0.046977
1757012080.373,latency_s,0.048716
1757012080.373,latency_s,0.047808
1757012080.373,latency_s,0.046102
1757012080.377,latency_s,0.047234
1757012080.386,latency_s,0.046795
1757012080.386,latency_s,0.045811
1757012080.387,latency_s,0.046491
1757012080.388,latency_s,0.046391
1757012080.392,latency_s,0.045739
1757012080.395,latency_s,0.046139
1757012080.397,latency_s,0.046263
1757012080.398,latency_s,0.045297
1757012080.413,latency_s,0.046065
1757012080.441,latency_s,0.046101
1757012080.461,latency_s,0.046739
1757012080.467,latency_s,0.046307
1757012080.473,latency_s,0.048342
1757012080.473,latency_s,0.048595
1757012080.473,latency_s,0.047117
1757012080.473,latency_s,0.046426
1757012080.477,latency_s,0.046805
1757012080.486,latency_s,0.046963
1757012080.486,latency_s,0.045925
1757012080.488,latency_s,0.046554
1757012080.488,latency_s,0.046223
1757012080.495,latency_s,0.046041
1757012080.498,latency_s,0.046798
1757012080.498,latency_s,0.045553
1757012080.499,latency_s,0.045708
1757012080.514,latency_s,0.046119
1757012080.542,latency_s,0.046154
1757012080.567,latency_s,0.046402
1757012080.571,latency_s,0.046466
1757012080.574,latency_s,0.047204
1757012080.574,latency_s,0.046886
1757012080.574,latency_s,0.046716
1757012080.576,latency_s,0.045808
1757012080.587,latency_s,0.047248
1757012080.588,latency_s,0.045690
1757012080.590,latency_s,0.046562
1757012080.590,latency_s,0.046726
1757012080.598,latency_s,0.045608
1757012080.599,latency_s,0.047014
1757012080.600,latency_s,0.046659
1757012080.601,latency_s,0.045986
1757012080.615,latency_s,0.046422
1757012080.642,latency_s,0.046156
1757012080.669,latency_s,0.047356
1757012080.672,latency_s,0.046438
1757012080.673,latency_s,0.046172
1757012080.677,latency_s,0.048841
1757012080.677,latency_s,0.048782
1757012080.678,latency_s,0.047091
1757012080.687,latency_s,0.046734
1757012080.692,latency_s,0.047570
1757012080.692,latency_s,0.047632
1757012080.692,latency_s,0.046667
1757012080.700,latency_s,0.046281
1757012080.700,latency_s,0.046104
1757012080.700,latency_s,0.046724
1757012080.701,latency_s,0.045366
1757012080.706,latency_s,0.190576
1757012080.706,latency_s,0.090397
1757012080.715,latency_s,0.046472
1757012080.744,latency_s,0.046847
1757012080.762,latency_s,0.046112
1757012080.768,latency_s,0.045973
1757012080.772,latency_s,0.046669
1757012080.777,latency_s,0.047441
1757012080.777,latency_s,0.047307
1757012080.777,latency_s,0.047197
1757012080.778,latency_s,0.046754
1757012080.787,latency_s,0.046542
1757012080.793,latency_s,0.048136
1757012080.793,latency_s,0.047917
1757012080.793,latency_s,0.047112
1757012080.801,latency_s,0.047084
1757012080.801,latency_s,0.047314
1757012080.801,latency_s,0.046901
1757012080.801,latency_s,0.045610
1757012080.815,latency_s,0.046395
1757012080.845,latency_s,0.047212
1757012080.864,latency_s,0.046752
1757012080.871,latency_s,0.046967
1757012080.872,latency_s,0.045672
1757012080.876,latency_s,0.046016
1757012080.876,latency_s,0.046028
1757012080.878,latency_s,0.047037
1757012080.878,latency_s,0.047519
1757012080.888,latency_s,0.046716
1757012080.894,latency_s,0.048394
1757012080.894,latency_s,0.047189
1757012080.895,latency_s,0.047816
1757012080.900,latency_s,0.046268
1757012080.901,latency_s,0.046174
1757012080.903,latency_s,0.046613
1757012080.903,latency_s,0.046859
1757012080.916,latency_s,0.046430
1757012080.948,latency_s,0.049065
1757012080.965,latency_s,0.047076
1757012080.971,latency_s,0.047443
1757012080.973,latency_s,0.046229
1757012080.981,latency_s,0.048174
1757012080.981,latency_s,0.048001
1757012080.981,latency_s,0.047785
1757012080.981,latency_s,0.048018
1757012080.989,latency_s,0.046462
1757012080.995,latency_s,0.047987
1757012080.995,latency_s,0.047595
1757012080.995,latency_s,0.048040
1757012081.003,latency_s,0.047253
1757012081.003,latency_s,0.047180
1757012081.004,latency_s,0.046780
1757012081.004,latency_s,0.046955
1757012081.017,latency_s,0.047748
1757012081.046,latency_s,0.046741
1757012081.066,latency_s,0.048006
1757012081.072,latency_s,0.046880
1757012081.075,latency_s,0.046232
1757012081.081,latency_s,0.047260
1757012081.081,latency_s,0.047459
1757012081.082,latency_s,0.046343
1757012081.083,latency_s,0.046175
1757012081.090,latency_s,0.046664
1757012081.095,latency_s,0.047796
1757012081.095,latency_s,0.047630
1757012081.095,latency_s,0.048023
1757012081.104,latency_s,0.046829
1757012081.105,latency_s,0.047520
1757012081.105,latency_s,0.047346
1757012081.106,latency_s,0.047830
1757012081.116,latency_s,0.046517
1757012081.146,latency_s,0.046673
1757012081.165,latency_s,0.046789
1757012081.174,latency_s,0.047386
1757012081.175,latency_s,0.045733
1757012081.182,latency_s,0.046011
1757012081.184,latency_s,0.048214
1757012081.184,latency_s,0.047448
1757012081.184,latency_s,0.046654
1757012081.190,latency_s,0.046112
1757012081.195,latency_s,0.047138
1757012081.195,latency_s,0.047272
1757012081.195,latency_s,0.047392
1757012081.204,latency_s,0.045780
1757012081.205,latency_s,0.046786
1757012081.205,latency_s,0.046884
1757012081.206,latency_s,0.046105
1757012081.219,latency_s,0.048286
1757012081.248,latency_s,0.046995
1757012081.265,latency_s,0.046359
1757012081.273,latency_s,0.046675
1757012081.276,latency_s,0.046046
1757012081.282,latency_s,0.046219
1757012081.282,latency_s,0.046119
1757012081.284,latency_s,0.047014
1757012081.285,latency_s,0.046246
1757012081.290,latency_s,0.046116
1757012081.294,latency_s,0.045701
1757012081.294,latency_s,0.046094
1757012081.296,latency_s,0.047031
1757012081.306,latency_s,0.047110
1757012081.306,latency_s,0.046823
1757012081.306,latency_s,0.047090
1757012081.306,latency_s,0.045624
1757012081.321,latency_s,0.048954
1757012081.349,latency_s,0.047721
1757012081.366,latency_s,0.046415
1757012081.374,latency_s,0.047108
1757012081.377,latency_s,0.046251
1757012081.382,latency_s,0.046291
1757012081.385,latency_s,0.047287
1757012081.386,latency_s,0.048548
1757012081.386,latency_s,0.046613
1757012081.391,latency_s,0.045567
1757012081.396,latency_s,0.047733
1757012081.396,latency_s,0.046689
1757012081.397,latency_s,0.046458
1757012081.408,latency_s,0.048078
1757012081.408,latency_s,0.048074
1757012081.408,latency_s,0.048116
1757012081.409,latency_s,0.047599
1757012081.419,latency_s,0.047063
1757012081.448,latency_s,0.046331
1757012081.466,latency_s,0.046641
1757012081.475,latency_s,0.046870
1757012081.477,latency_s,0.046286
1757012081.483,latency_s,0.045856
1757012081.487,latency_s,0.047859
1757012081.487,latency_s,0.047569
1757012081.487,latency_s,0.046986
1757012081.492,latency_s,0.045914
1757012081.498,latency_s,0.046742
1757012081.498,latency_s,0.046636
1757012081.502,latency_s,0.046337
1757012081.509,latency_s,0.047410
1757012081.509,latency_s,0.047212
1757012081.509,latency_s,0.047202
1757012081.509,latency_s,0.046763
1757012081.519,latency_s,0.046348
1757012081.549,latency_s,0.046175
1757012081.568,latency_s,0.046656
1757012081.578,latency_s,0.048591
1757012081.578,latency_s,0.046537
1757012081.584,latency_s,0.046364
1757012081.587,latency_s,0.047246
1757012081.587,latency_s,0.046909
1757012081.587,latency_s,0.046838
1757012081.593,latency_s,0.045951
1757012081.599,latency_s,0.047402
1757012081.599,latency_s,0.047509
1757012081.603,latency_s,0.046019
1757012081.609,latency_s,0.046621
1757012081.610,latency_s,0.046896
1757012081.611,latency_s,0.047949
1757012081.611,latency_s,0.046634
1757012081.620,latency_s,0.046763
1757012081.649,latency_s,0.046648
1757012081.668,latency_s,0.046450
1757012081.676,latency_s,0.046799
1757012081.678,latency_s,0.045749
1757012081.687,latency_s,0.049636
1757012081.687,latency_s,0.047553
1757012081.688,latency_s,0.047332
1757012081.688,latency_s,0.046942
1757012081.694,latency_s,0.046312
1757012081.702,latency_s,0.046337
1757012081.702,latency_s,0.046599
1757012081.704,latency_s,0.046181
1757012081.709,latency_s,0.045898
1757012081.710,latency_s,0.045934
1757012081.711,latency_s,0.046984
1757012081.711,latency_s,0.045760
1757012081.720,latency_s,0.046623
1757012081.749,latency_s,0.046396
1757012081.768,latency_s,0.045805
1757012081.777,latency_s,0.047332
1757012081.780,latency_s,0.046027
1757012081.784,latency_s,0.046362
1757012081.788,latency_s,0.046971
1757012081.788,latency_s,0.046682
1757012081.789,latency_s,0.047219
1757012081.796,latency_s,0.046164
1757012081.803,latency_s,0.046693
1757012081.803,latency_s,0.046606
1757012081.805,latency_s,0.046501
1757012081.810,latency_s,0.045968
1757012081.811,latency_s,0.047467
1757012081.812,latency_s,0.047642
1757012081.813,latency_s,0.046436
1757012081.820,latency_s,0.046397
1757012081.851,latency_s,0.046988
1757012081.869,latency_s,0.046252
1757012081.876,latency_s,0.046436
1757012081.880,latency_s,0.046382
1757012081.886,latency_s,0.047036
1757012081.890,latency_s,0.047589
1757012081.890,latency_s,0.047678
1757012081.891,latency_s,0.048133
1757012081.897,latency_s,0.046394
1757012081.904,latency_s,0.046337
1757012081.905,latency_s,0.047098
1757012081.905,latency_s,0.045768
1757012081.911,latency_s,0.047161
1757012081.911,latency_s,0.046861
1757012081.912,latency_s,0.046870
1757012081.915,latency_s,0.046593
1757012081.920,latency_s,0.045749
1757012081.951,latency_s,0.046960
1757012081.970,latency_s,0.046337
1757012081.977,latency_s,0.046465
1757012081.980,latency_s,0.045879
1757012081.986,latency_s,0.046631
1757012081.989,latency_s,0.045725
1757012081.990,latency_s,0.047076
1757012081.991,latency_s,0.047379
1757012081.997,latency_s,0.046271
1757012082.006,latency_s,0.047846
1757012082.006,latency_s,0.047973
1757012082.007,latency_s,0.046193
1757012082.012,latency_s,0.047391
1757012082.012,latency_s,0.046937
1757012082.012,latency_s,0.046791
1757012082.015,latency_s,0.046603
1757012082.022,latency_s,0.046906
1757012082.052,latency_s,0.047343
1757012082.071,latency_s,0.046246
1757012082.078,latency_s,0.046699
1757012082.081,latency_s,0.046066
1757012082.086,latency_s,0.045969
1757012082.090,latency_s,0.046273
1757012082.090,latency_s,0.046544
1757012082.092,latency_s,0.047893
1757012082.098,latency_s,0.046488
1757012082.105,latency_s,0.046823
1757012082.105,latency_s,0.046082
1757012082.108,latency_s,0.046434
1757012082.111,latency_s,0.046006
1757012082.113,latency_s,0.045785
1757012082.115,latency_s,0.047473
1757012082.115,latency_s,0.046098
1757012082.123,latency_s,0.047126
1757012082.151,latency_s,0.046060
1757012082.174,latency_s,0.048465
1757012082.177,latency_s,0.045872
1757012082.182,latency_s,0.046161
1757012082.187,latency_s,0.045964
1757012082.191,latency_s,0.047221
1757012082.191,latency_s,0.047293
1757012082.192,latency_s,0.048279
1757012082.198,latency_s,0.046759
1757012082.209,latency_s,0.046682
1757012082.211,latency_s,0.046725
1757012082.211,latency_s,0.047133
1757012082.213,latency_s,0.046080
1757012082.216,latency_s,0.048165
1757012082.216,latency_s,0.048334
1757012082.216,latency_s,0.046674
1757012082.223,latency_s,0.047228
1757012082.252,latency_s,0.046699
1757012082.271,latency_s,0.045701
1757012082.279,latency_s,0.046900
1757012082.282,latency_s,0.046428
1757012082.287,latency_s,0.045613
1757012082.293,latency_s,0.047905
1757012082.293,latency_s,0.047487
1757012082.293,latency_s,0.047975
1757012082.297,latency_s,0.045992
1757012082.310,latency_s,0.046360
1757012082.311,latency_s,0.047208
1757012082.311,latency_s,0.047559
1757012082.313,latency_s,0.046262
1757012082.314,latency_s,0.045662
1757012082.316,latency_s,0.047863
1757012082.316,latency_s,0.046353
1757012082.323,latency_s,0.046585
1757012082.353,latency_s,0.047300
1757012082.372,latency_s,0.045623
1757012082.380,latency_s,0.046879
1757012082.383,latency_s,0.046256
1757012082.388,latency_s,0.045649
1757012082.392,latency_s,0.046318
1757012082.393,latency_s,0.045603
1757012082.395,latency_s,0.046145
1757012082.399,latency_s,0.046128
1757012082.412,latency_s,0.047061
1757012082.412,latency_s,0.047136
1757012082.413,latency_s,0.048444
1757012082.416,latency_s,0.047592
1757012082.416,latency_s,0.047216
1757012082.416,latency_s,0.047560
1757012082.416,latency_s,0.045742
1757012082.424,latency_s,0.046608
1757012082.453,latency_s,0.046921
1757012082.474,latency_s,0.046799
1757012082.480,latency_s,0.046829
1757012082.484,latency_s,0.045983
1757012082.488,latency_s,0.045759
1757012082.494,latency_s,0.047800
1757012082.494,latency_s,0.046241
1757012082.499,latency_s,0.049309
1757012082.499,latency_s,0.046487
1757012082.514,latency_s,0.048834
1757012082.514,latency_s,0.048787
1757012082.514,latency_s,0.048611
1757012082.515,latency_s,0.046405
1757012082.518,latency_s,0.047661
1757012082.518,latency_s,0.047449
1757012082.518,latency_s,0.046139
1757012082.524,latency_s,0.046246
1757012082.554,latency_s,0.047418
1757012082.576,latency_s,0.047624
1757012082.580,latency_s,0.046376
1757012082.584,latency_s,0.045942
1757012082.591,latency_s,0.047697
1757012082.594,latency_s,0.045856
1757012082.596,latency_s,0.045928
1757012082.597,latency_s,0.046384
1757012082.600,latency_s,0.046151
1757012082.613,latency_s,0.046847
1757012082.613,latency_s,0.046731
1757012082.613,latency_s,0.046581
1757012082.615,latency_s,0.046150
1757012082.617,latency_s,0.046802
1757012082.619,latency_s,0.048207
1757012082.619,latency_s,0.046733
1757012082.623,latency_s,0.045795
1757012082.655,latency_s,0.048372
1757012082.674,latency_s,0.046163
1757012082.680,latency_s,0.046170
1757012082.685,latency_s,0.046308
1757012082.692,latency_s,0.047585
1757012082.696,latency_s,0.047130
1757012082.696,latency_s,0.046277
1757012082.698,latency_s,0.045855
1757012082.701,latency_s,0.045816
1757012082.713,latency_s,0.046121
1757012082.713,latency_s,0.045858
1757012082.714,latency_s,0.047282
1757012082.715,latency_s,0.045400
1757012082.717,latency_s,0.046495
1757012082.717,latency_s,0.046405
1757012082.718,latency_s,0.045696
1757012082.726,latency_s,0.047673
1757012082.754,latency_s,0.046800
1757012082.776,latency_s,0.046352
1757012082.780,latency_s,0.045704
1757012082.786,latency_s,0.046072
1757012082.791,latency_s,0.046407
1757012082.797,latency_s,0.046918
1757012082.797,latency_s,0.045964
1757012082.799,latency_s,0.046750
1757012082.803,latency_s,0.047490
1757012082.816,latency_s,0.047999
1757012082.816,latency_s,0.047814
1757012082.816,latency_s,0.048116
1757012082.817,latency_s,0.046261
1757012082.818,latency_s,0.045984
1757012082.820,latency_s,0.047630
1757012082.820,latency_s,0.046912
1757012082.824,latency_s,0.045478
1757012082.855,latency_s,0.047331
1757012082.877,latency_s,0.046399
1757012082.881,latency_s,0.046398
1757012082.887,latency_s,0.046250
1757012082.891,latency_s,0.045513
1757012082.897,latency_s,0.046272
1757012082.897,latency_s,0.045472
1757012082.899,latency_s,0.046295
1757012082.902,latency_s,0.045963
1757012082.915,latency_s,0.047177
1757012082.915,latency_s,0.047141
1757012082.915,latency_s,0.046699
1757012082.917,latency_s,0.046273
1757012082.919,latency_s,0.046171
1757012082.919,latency_s,0.046247
1757012082.920,latency_s,0.046010
1757012082.925,latency_s,0.045928
1757012082.956,latency_s,0.047395
1757012082.977,latency_s,0.046303
1757012082.983,latency_s,0.046943
1757012082.987,latency_s,0.046004
1757012082.992,latency_s,0.046303
1757012082.998,latency_s,0.046342
1757012082.998,latency_s,0.046118
1757012083.000,latency_s,0.046362
1757012083.003,latency_s,0.046860
1757012083.020,latency_s,0.048733
1757012083.020,latency_s,0.048145
1757012083.021,latency_s,0.048609
1757012083.021,latency_s,0.049202
1757012083.021,latency_s,0.047603
1757012083.024,latency_s,0.050510
1757012083.024,latency_s,0.048907
1757012083.026,latency_s,0.046304
1757012083.056,latency_s,0.047167
1757012083.078,latency_s,0.046649
1757012083.084,latency_s,0.046854
1757012083.088,latency_s,0.046176
1757012083.092,latency_s,0.045900
1757012083.100,latency_s,0.047828
1757012083.100,latency_s,0.046920
1757012083.100,latency_s,0.046072
1757012083.102,latency_s,0.045791
1757012083.118,latency_s,0.046184
1757012083.119,latency_s,0.046395
1757012083.120,latency_s,0.047489
1757012083.122,latency_s,0.046597
1757012083.122,latency_s,0.046570
1757012083.122,latency_s,0.046649
1757012083.124,latency_s,0.048222
1757012083.128,latency_s,0.046723
1757012083.156,latency_s,0.047135
1757012083.181,latency_s,0.048190
1757012083.184,latency_s,0.046137
1757012083.188,latency_s,0.046515
1757012083.194,latency_s,0.046202
1757012083.200,latency_s,0.047452
1757012083.200,latency_s,0.046536
1757012083.201,latency_s,0.046376
1757012083.202,latency_s,0.046264
1757012083.220,latency_s,0.047488
1757012083.220,latency_s,0.047210
1757012083.220,latency_s,0.047056
1757012083.223,latency_s,0.046422
1757012083.224,latency_s,0.047946
1757012083.224,latency_s,0.047729
1757012083.224,latency_s,0.047873
1757012083.228,latency_s,0.046149
1757012083.256,latency_s,0.047281
1757012083.280,latency_s,0.046949
1757012083.284,latency_s,0.046502
1757012083.287,latency_s,0.045612
1757012083.294,latency_s,0.046097
1757012083.303,latency_s,0.049694
1757012083.303,latency_s,0.049430
1757012083.303,latency_s,0.048135
1757012083.304,latency_s,0.046990
1757012083.319,latency_s,0.045902
1757012083.320,latency_s,0.047015
1757012083.320,latency_s,0.046961
1757012083.322,latency_s,0.045015
1757012083.327,latency_s,0.048205
1757012083.327,latency_s,0.048362
1757012083.327,latency_s,0.047938
1757012083.328,latency_s,0.045997
1757012083.356,latency_s,0.047118
1757012083.380,latency_s,0.046093
1757012083.385,latency_s,0.046181
1757012083.387,latency_s,0.045170
1757012083.393,latency_s,0.045017
1757012083.439,latency_s,0.085432
1757012083.439,latency_s,0.084629
1757012083.439,latency_s,0.083591
1757012083.439,latency_s,0.081815
1757012083.439,latency_s,0.066079
1757012083.439,latency_s,0.065589
1757012083.439,latency_s,0.065512
1757012083.439,latency_s,0.061285
1757012083.439,latency_s,0.058694
1757012083.439,latency_s,0.058845
1757012083.439,latency_s,0.057915
1757012083.439,latency_s,0.056978
1757012083.457,latency_s,0.047259
1757012083.481,latency_s,0.047347
1757012083.485,latency_s,0.045393
1757012083.489,latency_s,0.046578
1757012083.495,latency_s,0.046168
1757012083.500,latency_s,0.046306
1757012083.500,latency_s,0.045701
1757012083.502,latency_s,0.046740
1757012083.505,latency_s,0.046923
1757012083.520,latency_s,0.046540
1757012083.520,latency_s,0.046240
1757012083.521,latency_s,0.047341
1757012083.526,latency_s,0.047941
1757012083.527,latency_s,0.046059
1757012083.529,latency_s,0.047372
1757012083.535,latency_s,0.053538
1757012083.536,latency_s,0.051771
1757012083.557,latency_s,0.046703
1757012083.582,latency_s,0.046493
1757012083.586,latency_s,0.045922
1757012083.588,latency_s,0.045805
1757012083.595,latency_s,0.046392
1757012083.601,latency_s,0.046924
1757012083.602,latency_s,0.046876
1757012083.602,latency_s,0.045782
1757012083.604,latency_s,0.045715
1757012083.620,latency_s,0.045895
1757012083.622,latency_s,0.047402
1757012083.622,latency_s,0.047375
1757012083.625,latency_s,0.046442
1757012083.628,latency_s,0.046348
1757012083.628,latency_s,0.045993
1757012083.631,latency_s,0.049136
1757012083.631,latency_s,0.046511
1757012083.658,latency_s,0.046860
1757012083.683,latency_s,0.046538
1757012083.687,latency_s,0.046159
1757012083.691,latency_s,0.047432
1757012083.695,latency_s,0.045682
1757012083.704,latency_s,0.047616
1757012083.704,latency_s,0.047613
1757012083.704,latency_s,0.047388
1757012083.706,latency_s,0.046339
1757012083.722,latency_s,0.047431
1757012083.722,latency_s,0.047225
1757012083.722,latency_s,0.047357
1757012083.726,latency_s,0.046207
1757012083.731,latency_s,0.048089
1757012083.731,latency_s,0.048188
1757012083.731,latency_s,0.048144
1757012083.732,latency_s,0.046588
1757012083.760,latency_s,0.049217
1757012083.783,latency_s,0.046667
1757012083.789,latency_s,0.047506
1757012083.791,latency_s,0.046878
1757012083.797,latency_s,0.046959
1757012083.802,latency_s,0.045952
1757012083.805,latency_s,0.048537
1757012083.805,latency_s,0.048619
1757012083.807,latency_s,0.046377
1757012083.821,latency_s,0.046167
1757012083.821,latency_s,0.046175
1757012083.823,latency_s,0.047498
1757012083.827,latency_s,0.046461
1757012083.831,latency_s,0.046207
1757012083.832,latency_s,0.047735
1757012083.832,latency_s,0.047671
1757012083.832,latency_s,0.047278
1757012083.859,latency_s,0.047243
1757012083.884,latency_s,0.046865
1757012083.889,latency_s,0.045894
1757012083.891,latency_s,0.046132
1757012083.896,latency_s,0.045559
1757012083.904,latency_s,0.047243
1757012083.904,latency_s,0.046391
1757012083.905,latency_s,0.045188
1757012083.907,latency_s,0.046476
1757012083.923,latency_s,0.047904
1757012083.923,latency_s,0.047385
1757012083.923,latency_s,0.047761
1757012083.928,latency_s,0.046429
1757012083.931,latency_s,0.045989
1757012083.931,latency_s,0.045840
1757012083.934,latency_s,0.046546
1757012083.934,latency_s,0.046695
1757012083.960,latency_s,0.046622
1757012083.985,latency_s,0.046303
1757012083.990,latency_s,0.046476
1757012083.991,latency_s,0.045822
1757012083.996,latency_s,0.046159
1757012084.005,latency_s,0.047422
1757012084.005,latency_s,0.047209
1757012084.006,latency_s,0.045563
1757012084.008,latency_s,0.046839
1757012084.022,latency_s,0.045475
1757012084.023,latency_s,0.046822
1757012084.023,latency_s,0.047100
1757012084.028,latency_s,0.046710
1757012084.032,latency_s,0.046725
1757012084.033,latency_s,0.047013
1757012084.034,latency_s,0.046031
1757012084.035,latency_s,0.046347
1757012084.060,latency_s,0.046101
1757012084.085,latency_s,0.046322
1757012084.090,latency_s,0.046450
1757012084.093,latency_s,0.047162
1757012084.096,latency_s,0.045682
1757012084.104,latency_s,0.045956
1757012084.105,latency_s,0.045582
1757012084.108,latency_s,0.046908
1757012084.108,latency_s,0.047138
1757012084.123,latency_s,0.046557
1757012084.123,latency_s,0.046411
1757012084.123,latency_s,0.046570
1757012084.129,latency_s,0.046195
1757012084.132,latency_s,0.046228
1757012084.134,latency_s,0.047255
1757012084.135,latency_s,0.046171
1757012084.135,latency_s,0.046257
1757012084.161,latency_s,0.046698
1757012084.187,latency_s,0.046731
1757012084.192,latency_s,0.047586
1757012084.193,latency_s,0.046980
1757012084.197,latency_s,0.045991
1757012084.204,latency_s,0.046051
1757012084.208,latency_s,0.047759
1757012084.209,latency_s,0.047574
1757012084.209,latency_s,0.047709
1757012084.225,latency_s,0.048243
1757012084.225,latency_s,0.048407
1757012084.225,latency_s,0.048368
1757012084.230,latency_s,0.045948
1757012084.235,latency_s,0.048024
1757012084.235,latency_s,0.047146
1757012084.236,latency_s,0.046549
1757012084.236,latency_s,0.046757
1757012084.262,latency_s,0.046995
1757012084.287,latency_s,0.046439
1757012084.293,latency_s,0.047797
1757012084.294,latency_s,0.046955
1757012084.297,latency_s,0.046062
1757012084.305,latency_s,0.046307
1757012084.309,latency_s,0.047672
1757012084.309,latency_s,0.046890
1757012084.309,latency_s,0.046956
1757012084.325,latency_s,0.046871
1757012084.325,latency_s,0.046615
1757012084.325,latency_s,0.045590
1757012084.331,latency_s,0.046771
1757012084.334,latency_s,0.046545
1757012084.336,latency_s,0.046026
1757012084.336,latency_s,0.046192
1757012084.336,latency_s,0.046369
1757012084.361,latency_s,0.046047
1757012084.389,latency_s,0.046952
1757012084.392,latency_s,0.046225
1757012084.394,latency_s,0.046983
1757012084.398,latency_s,0.046158
1757012084.405,latency_s,0.045930
1757012084.408,latency_s,0.046651
1757012084.411,latency_s,0.045429
1757012084.412,latency_s,0.046775
1757012084.425,latency_s,0.046662
1757012084.426,latency_s,0.045745
1757012084.427,latency_s,0.046043
1757012084.432,latency_s,0.047042
1757012084.434,latency_s,0.046071
1757012084.437,latency_s,0.046492
1757012084.437,latency_s,0.046557
1757012084.437,latency_s,0.046722
1757012084.462,latency_s,0.046621
1757012084.490,latency_s,0.046669
1757012084.492,latency_s,0.045543
1757012084.493,latency_s,0.045785
1757012084.498,latency_s,0.045798
1757012084.506,latency_s,0.046388
1757012084.509,latency_s,0.046088
1757012084.514,latency_s,0.047220
1757012084.515,latency_s,0.047199
1757012084.525,latency_s,0.046494
1757012084.528,latency_s,0.046959
1757012084.528,latency_s,0.047101
1757012084.532,latency_s,0.045709
1757012084.535,latency_s,0.046080
1757012084.537,latency_s,0.046046
1757012084.537,latency_s,0.046212
1757012084.537,latency_s,0.046331
1757012084.562,latency_s,0.046603
1757012084.591,latency_s,0.047068
1757012084.594,latency_s,0.046234
1757012084.595,latency_s,0.047168
1757012084.601,latency_s,0.046249
1757012084.606,latency_s,0.046057
1757012084.609,latency_s,0.046339
1757012084.616,latency_s,0.046294
1757012084.616,latency_s,0.046194
1757012084.625,latency_s,0.046239
1757012084.629,latency_s,0.047280
1757012084.629,latency_s,0.046234
1757012084.633,latency_s,0.046518
1757012084.637,latency_s,0.047679
1757012084.637,latency_s,0.045892
1757012084.638,latency_s,0.047261
1757012084.638,latency_s,0.047161
1757012084.663,latency_s,0.047309
1757012084.691,latency_s,0.046516
1757012084.695,latency_s,0.046213
1757012084.698,latency_s,0.046608
1757012084.701,latency_s,0.046058
1757012084.707,latency_s,0.045807
1757012084.709,latency_s,0.045903
1757012084.721,latency_s,0.047872
1757012084.721,latency_s,0.048018
1757012084.726,latency_s,0.046776
1757012084.729,latency_s,0.045732
1757012084.733,latency_s,0.047157
1757012084.735,latency_s,0.047163
1757012084.735,latency_s,0.045503
1757012084.739,latency_s,0.046535
1757012084.739,latency_s,0.046523
1757012084.739,latency_s,0.046639
1757012084.763,latency_s,0.047002
1757012084.791,latency_s,0.046432
1757012084.797,latency_s,0.046716
1757012084.798,latency_s,0.045206
1757012084.801,latency_s,0.045935
1757012084.809,latency_s,0.046360
1757012084.811,latency_s,0.045864
1757012084.820,latency_s,0.046663
1757012084.821,latency_s,0.046038
1757012084.826,latency_s,0.046040
1757012084.830,latency_s,0.046236
1757012084.833,latency_s,0.046688
1757012084.833,latency_s,0.045790
1757012084.836,latency_s,0.046289
1757012084.841,latency_s,0.047373
1757012084.841,latency_s,0.047505
1757012084.841,latency_s,0.047510
1757012084.864,latency_s,0.047443
1757012084.895,latency_s,0.047551
1757012084.898,latency_s,0.046333
1757012084.900,latency_s,0.045748
1757012084.904,latency_s,0.046166
1757012084.911,latency_s,0.047468
1757012084.911,latency_s,0.045899
1757012084.920,latency_s,0.046363
1757012084.927,latency_s,0.046979
1757012084.927,latency_s,0.046931
1757012084.932,latency_s,0.046482
1757012084.933,latency_s,0.045715
1757012084.937,latency_s,0.046929
1757012084.937,latency_s,0.046398
1757012084.940,latency_s,0.046159
1757012084.941,latency_s,0.047307
1757012084.941,latency_s,0.046645
1757012084.964,latency_s,0.046974
1757012084.995,latency_s,0.046815
1757012084.998,latency_s,0.046009
1757012085.002,latency_s,0.046688
1757012085.004,latency_s,0.045990
1757012085.011,latency_s,0.046994
1757012085.012,latency_s,0.046095
1757012085.020,latency_s,0.046086
1757012085.028,latency_s,0.046406
1757012085.035,latency_s,0.049371
1757012085.035,latency_s,0.048543
1757012085.036,latency_s,0.047652
1757012085.038,latency_s,0.047426
1757012085.038,latency_s,0.047499
1757012085.042,latency_s,0.047830
1757012085.042,latency_s,0.047594
1757012085.042,latency_s,0.046778
1757012085.064,latency_s,0.046746
1757012085.096,latency_s,0.046931
1757012085.098,latency_s,0.046233
1757012085.104,latency_s,0.045729
1757012085.105,latency_s,0.046048
1757012085.110,latency_s,0.046216
1757012085.113,latency_s,0.046915
1757012085.121,latency_s,0.046372
1757012085.129,latency_s,0.046766
1757012085.133,latency_s,0.046601
1757012085.134,latency_s,0.046440
1757012085.138,latency_s,0.047798
1757012085.138,latency_s,0.046700
1757012085.138,latency_s,0.046610
1757012085.142,latency_s,0.047346
1757012085.142,latency_s,0.047055
1757012085.142,latency_s,0.046389
1757012085.167,latency_s,0.047748
1757012085.196,latency_s,0.046041
1757012085.199,latency_s,0.046179
1757012085.206,latency_s,0.046378
1757012085.207,latency_s,0.045794
1757012085.211,latency_s,0.046195
1757012085.214,latency_s,0.045979
1757012085.222,latency_s,0.046170
1757012085.229,latency_s,0.046040
1757012085.236,latency_s,0.046759
1757012085.236,latency_s,0.045691
1757012085.237,latency_s,0.045867
1757012085.237,latency_s,0.045618
1757012085.240,latency_s,0.047960
1757012085.242,latency_s,0.046189
1757012085.242,latency_s,0.046904
1757012085.243,latency_s,0.046601
1757012085.266,latency_s,0.045818
1757012085.296,latency_s,0.046186
1757012085.300,latency_s,0.047129
1757012085.307,latency_s,0.046141
1757012085.308,latency_s,0.045847
1757012085.315,latency_s,0.048475
1757012085.315,latency_s,0.046707
1757012085.369,latency_s,0.093491
1757012085.369,latency_s,0.086229
1757012085.369,latency_s,0.079124
1757012085.369,latency_s,0.078747
1757012085.369,latency_s,0.077866
1757012085.370,latency_s,0.078180
1757012085.370,latency_s,0.077675
1757012085.370,latency_s,0.074170
1757012085.370,latency_s,0.072788
1757012085.370,latency_s,0.072438
1757012085.398,latency_s,0.046731
1757012085.400,latency_s,0.046074
1757012085.407,latency_s,0.045973
1757012085.410,latency_s,0.046201
1757012085.413,latency_s,0.046615
1757012085.415,latency_s,0.046041
1757012085.422,latency_s,0.045646
1757012085.431,latency_s,0.046094
1757012085.437,latency_s,0.046568
1757012085.437,latency_s,0.046378
1757012085.438,latency_s,0.046040
1757012085.439,latency_s,0.047063
1757012085.444,latency_s,0.051536
1757012085.444,latency_s,0.047168
1757012085.444,latency_s,0.046970
1757012085.444,latency_s,0.045642
1757012085.498,latency_s,0.047151
1757012085.500,latency_s,0.046142
1757012085.505,latency_s,0.182270
1757012085.506,latency_s,0.082823
1757012085.508,latency_s,0.046237
1757012085.510,latency_s,0.045815
1757012085.513,latency_s,0.045747
1757012085.515,latency_s,0.046138
1757012085.523,latency_s,0.045911
1757012085.531,latency_s,0.045892
1757012085.538,latency_s,0.046647
1757012085.538,latency_s,0.045998
1757012085.539,latency_s,0.046750
1757012085.541,latency_s,0.048848
1757012085.541,latency_s,0.049254
1757012085.546,latency_s,0.047619
1757012085.546,latency_s,0.047806
1757012085.546,latency_s,0.046741
1757012085.571,latency_s,0.046147
1757012085.599,latency_s,0.047196
1757012085.600,latency_s,0.045786
1757012085.653,latency_s,0.088969
1757012085.653,latency_s,0.085196
1757012085.653,latency_s,0.082595
1757012085.653,latency_s,0.082804
1757012085.653,latency_s,0.075019
1757012085.653,latency_s,0.067656
1757012085.653,latency_s,0.061286
1757012085.653,latency_s,0.059237
1757012085.653,latency_s,0.059243
1757012085.653,latency_s,0.059178
1757012085.653,latency_s,0.059161
1757012085.654,latency_s,0.053524
1757012085.654,latency_s,0.053616
1757012085.654,latency_s,0.053614
1757012085.675,latency_s,0.048267
1757012085.699,latency_s,0.046914
1757012085.703,latency_s,0.046444
1757012085.711,latency_s,0.046324
1757012085.715,latency_s,0.047045
1757012085.718,latency_s,0.046872
1757012085.718,latency_s,0.046928
1757012085.725,latency_s,0.046134
1757012085.732,latency_s,0.046394
1757012085.740,latency_s,0.046781
1757012085.742,latency_s,0.046367
1757012085.751,latency_s,0.056034
1757012085.752,latency_s,0.053982
1757012085.752,latency_s,0.054018
1757012085.752,latency_s,0.051352
1757012085.752,latency_s,0.051415
1757012085.752,latency_s,0.051306
1757012085.774,latency_s,0.046091
1757012085.799,latency_s,0.046374
1757012085.804,latency_s,0.046806
1757012085.815,latency_s,0.049346
1757012085.816,latency_s,0.045755
1757012085.818,latency_s,0.046964
1757012085.818,latency_s,0.046355
1757012085.826,latency_s,0.047112
1757012085.834,latency_s,0.046337
1757012085.840,latency_s,0.046482
1757012085.842,latency_s,0.045803
1757012085.852,latency_s,0.055756
1757012085.852,latency_s,0.053625
1757012085.852,latency_s,0.052680
1757012085.852,latency_s,0.051726
1757012085.852,latency_s,0.050730
1757012085.853,latency_s,0.050888
1757012085.876,latency_s,0.046224
1757012085.899,latency_s,0.046201
1757012085.904,latency_s,0.045946
1757012085.913,latency_s,0.045836
1757012085.917,latency_s,0.047313
1757012085.917,latency_s,0.046330
1757012085.918,latency_s,0.045736
1757012085.926,latency_s,0.045996
1757012085.934,latency_s,0.046024
1757012085.941,latency_s,0.046040
1757012085.942,latency_s,0.045796
1757012085.950,latency_s,0.052834
1757012085.950,latency_s,0.048663
1757012085.950,latency_s,0.048647
1757012085.950,latency_s,0.048679
1757012085.950,latency_s,0.047862
1757012085.950,latency_s,0.047692
1757012085.977,latency_s,0.046850
1757012086.000,latency_s,0.046003
1757012086.005,latency_s,0.046247
1757012086.014,latency_s,0.046418
1757012086.018,latency_s,0.047143
1757012086.018,latency_s,0.046193
1757012086.020,latency_s,0.046177
1757012086.026,latency_s,0.045701
1757012086.035,latency_s,0.045989
1757012086.040,latency_s,0.045497
1757012086.044,latency_s,0.045968
1757012086.049,latency_s,0.047166
1757012086.049,latency_s,0.047234
1757012086.051,latency_s,0.048832
1757012086.051,latency_s,0.048687
1757012086.051,latency_s,0.048459
1757012086.078,latency_s,0.046174
1757012086.101,latency_s,0.046511
1757012086.105,latency_s,0.046172
1757012086.116,latency_s,0.046630
1757012086.117,latency_s,0.045595
1757012086.119,latency_s,0.046336
1757012086.120,latency_s,0.045757
1757012086.127,latency_s,0.046224
1757012086.135,latency_s,0.046285
1757012086.141,latency_s,0.046351
1757012086.144,latency_s,0.046036
1757012086.152,latency_s,0.047590
1757012086.154,latency_s,0.049730
1757012086.154,latency_s,0.049011
1757012086.154,latency_s,0.049593
1757012086.154,latency_s,0.049542
1757012086.185,latency_s,0.187203
1757012086.187,latency_s,0.088701
1757012086.187,latency_s,0.047865
1757012086.201,latency_s,0.046395
1757012086.206,latency_s,0.046310
1757012086.220,latency_s,0.048623
1757012086.220,latency_s,0.047514
1757012086.220,latency_s,0.046862
1757012086.223,latency_s,0.047221
1757012086.228,latency_s,0.047066
1757012086.236,latency_s,0.046074
1757012086.242,latency_s,0.046501
1757012086.246,latency_s,0.046924
1757012086.247,latency_s,0.047634
1757012086.252,latency_s,0.047737
1757012086.252,latency_s,0.047433
1757012086.256,latency_s,0.051154
1757012086.257,latency_s,0.051777
1757012086.257,latency_s,0.051760
1757012086.288,latency_s,0.047349
1757012086.302,latency_s,0.046408
1757012086.309,latency_s,0.046954
1757012086.321,latency_s,0.047692
1757012086.321,latency_s,0.047544
1757012086.321,latency_s,0.047148
1757012086.322,latency_s,0.045667
1757012086.330,latency_s,0.048101
1757012086.336,latency_s,0.046062
1757012086.343,latency_s,0.047329
1757012086.346,latency_s,0.046492
1757012086.347,latency_s,0.046733
1757012086.351,latency_s,0.046605
1757012086.352,latency_s,0.046628
1757012086.357,latency_s,0.051228
1757012086.357,latency_s,0.050979
1757012086.357,latency_s,0.050676
1757012086.388,latency_s,0.046370
1757012086.403,latency_s,0.047081
1757012086.410,latency_s,0.046475
1757012086.422,latency_s,0.048559
1757012086.422,latency_s,0.048477
1757012086.423,latency_s,0.048611
1757012086.423,latency_s,0.045981
1757012086.428,latency_s,0.046194
1757012086.436,latency_s,0.045754
1757012086.443,latency_s,0.047346
1757012086.448,latency_s,0.047886
1757012086.448,latency_s,0.047112
1757012086.452,latency_s,0.046870
1757012086.454,latency_s,0.046513
1757012086.454,latency_s,0.046752
1757012086.454,latency_s,0.046930
1757012086.458,latency_s,0.051242
1757012086.489,latency_s,0.046829
1757012086.502,latency_s,0.046470
1757012086.512,latency_s,0.047103
1757012086.521,latency_s,0.047032
1757012086.521,latency_s,0.046609
1757012086.523,latency_s,0.045813
1757012086.525,latency_s,0.045851
1757012086.529,latency_s,0.046335
1757012086.537,latency_s,0.045986
1757012086.543,latency_s,0.046898
1757012086.546,latency_s,0.045641
1757012086.549,latency_s,0.046578
1757012086.551,latency_s,0.045836
1757012086.554,latency_s,0.045850
1757012086.554,latency_s,0.045886
1757012086.557,latency_s,0.047729
1757012086.557,latency_s,0.047751
1757012086.589,latency_s,0.047029
1757012086.603,latency_s,0.046350
1757012086.615,latency_s,0.047061
1757012086.620,latency_s,0.045543
1757012086.624,latency_s,0.047184
1757012086.624,latency_s,0.046798
1757012086.625,latency_s,0.045916
1757012086.629,latency_s,0.046180
1757012086.637,latency_s,0.045704
1757012086.643,latency_s,0.046834
1757012086.647,latency_s,0.045852
1757012086.650,latency_s,0.046965
1757012086.652,latency_s,0.046159
1757012086.656,latency_s,0.047081
1757012086.656,latency_s,0.047160
1757012086.657,latency_s,0.046196
1757012086.659,latency_s,0.049131
1757012086.690,latency_s,0.046479
1757012086.703,latency_s,0.045817
1757012086.715,latency_s,0.046339
1757012086.721,latency_s,0.046426
1757012086.723,latency_s,0.046127
1757012086.724,latency_s,0.046383
1757012086.726,latency_s,0.046367
1757012086.730,latency_s,0.046163
1757012086.738,latency_s,0.046049
1757012086.743,latency_s,0.046671
1757012086.750,latency_s,0.045882
1757012086.751,latency_s,0.046712
1757012086.754,latency_s,0.046332
1757012086.757,latency_s,0.047568
1757012086.757,latency_s,0.046861
1757012086.759,latency_s,0.049304
1757012086.759,latency_s,0.048324
1757012086.790,latency_s,0.046314
1757012086.805,latency_s,0.046490
1757012086.818,latency_s,0.046835
1757012086.823,latency_s,0.046240
1757012086.827,latency_s,0.048168
1757012086.827,latency_s,0.046872
1757012086.827,latency_s,0.047019
1757012086.830,latency_s,0.045863
1757012086.838,latency_s,0.045977
1757012086.843,latency_s,0.046196
1757012086.852,latency_s,0.046200
1757012086.852,latency_s,0.046229
1757012086.855,latency_s,0.046873
1757012086.856,latency_s,0.045833
1757012086.858,latency_s,0.047612
1757012086.858,latency_s,0.046606
1757012086.858,latency_s,0.047095
1757012086.893,latency_s,0.047591
1757012086.906,latency_s,0.046303
1757012086.920,latency_s,0.047814
1757012086.924,latency_s,0.046518
1757012086.926,latency_s,0.046036
1757012086.926,latency_s,0.045068
1757012086.926,latency_s,0.045254
1757012086.932,latency_s,0.047985
1757012086.940,latency_s,0.047123
1757012086.946,latency_s,0.047401
1757012086.959,latency_s,0.050697
1757012086.959,latency_s,0.050615
1757012086.959,latency_s,0.050610
1757012086.959,latency_s,0.048606
1757012086.959,latency_s,0.048399
1757012086.959,latency_s,0.047211
1757012086.959,latency_s,0.047291
1757012086.991,latency_s,0.045911
1757012087.007,latency_s,0.047359
1757012087.020,latency_s,0.046199
1757012087.023,latency_s,0.045865
1757012087.029,latency_s,0.047572
1757012087.029,latency_s,0.047559
1757012087.031,latency_s,0.049484
1757012087.037,latency_s,0.046600
1757012087.040,latency_s,0.046879
1757012087.046,latency_s,0.046723
1757012087.060,latency_s,0.051044
1757012087.060,latency_s,0.050928
1757012087.061,latency_s,0.051130
1757012087.061,latency_s,0.049425
1757012087.061,latency_s,0.049479
1757012087.061,latency_s,0.048510
1757012087.061,latency_s,0.048492
1757012087.095,latency_s,0.049121
1757012087.106,latency_s,0.046384
1757012087.123,latency_s,0.047343
1757012087.125,latency_s,0.046287
1757012087.130,latency_s,0.047194
1757012087.130,latency_s,0.047195
1757012087.131,latency_s,0.046786
1757012087.138,latency_s,0.046058
1757012087.140,latency_s,0.046062
1757012087.157,latency_s,0.046858
1757012087.158,latency_s,0.047404
1757012087.158,latency_s,0.047498
1757012087.162,latency_s,0.049976
1757012087.162,latency_s,0.050074
1757012087.162,latency_s,0.048537
1757012087.162,latency_s,0.048608
1757012087.194,latency_s,0.047672
1757012087.208,latency_s,0.046995
1757012087.225,latency_s,0.047185
1757012087.225,latency_s,0.046086
1757012087.229,latency_s,0.046453
1757012087.230,latency_s,0.046648
1757012087.232,latency_s,0.046411
1757012087.240,latency_s,0.046550
1757012087.240,latency_s,0.045951
1757012087.257,latency_s,0.046515
1757012087.258,latency_s,0.047140
1757012087.261,latency_s,0.048017
1757012087.261,latency_s,0.048079
1757012087.261,latency_s,0.048189
1757012087.261,latency_s,0.047718
1757012087.262,latency_s,0.046733
1757012087.292,latency_s,0.192880
1757012087.293,latency_s,0.092281
1757012087.293,latency_s,0.046332
1757012087.309,latency_s,0.046671
1757012087.326,latency_s,0.047512
1757012087.327,latency_s,0.047651
1757012087.330,latency_s,0.046661
1757012087.331,latency_s,0.046663
1757012087.335,latency_s,0.046402
1757012087.340,latency_s,0.045915
1757012087.342,latency_s,0.047314
1757012087.346,latency_s,0.045648
1757012087.357,latency_s,0.046023
1757012087.357,latency_s,0.046225
1757012087.360,latency_s,0.046713
1757012087.360,latency_s,0.046826
1757012087.360,latency_s,0.046499
1757012087.360,latency_s,0.046277
1757012087.363,latency_s,0.046134
1757012087.394,latency_s,0.046988
1757012087.408,latency_s,0.045930
1757012087.426,latency_s,0.046910
1757012087.426,latency_s,0.047029
1757012087.431,latency_s,0.046955
1757012087.431,latency_s,0.046234
1757012087.436,latency_s,0.046674
1757012087.442,latency_s,0.047223
1757012087.442,latency_s,0.047043
1757012087.448,latency_s,0.046005
1757012087.461,latency_s,0.049460
1757012087.461,latency_s,0.049383
1757012087.461,latency_s,0.047815
1757012087.461,latency_s,0.047662
1757012087.461,latency_s,0.047055
1757012087.461,latency_s,0.047102
1757012087.463,latency_s,0.045712
1757012087.497,latency_s,0.048996
1757012087.509,latency_s,0.046618
1757012087.526,latency_s,0.046396
1757012087.528,latency_s,0.046068
1757012087.531,latency_s,0.046884
1757012087.534,latency_s,0.047310
1757012087.537,latency_s,0.046363
1757012087.590,latency_s,0.095214
1757012087.590,latency_s,0.095045
1757012087.590,latency_s,0.087209
1757012087.590,latency_s,0.077878
1757012087.590,latency_s,0.076958
1757012087.590,latency_s,0.076798
1757012087.591,latency_s,0.076715
1757012087.591,latency_s,0.076051
1757012087.591,latency_s,0.075943
1757012087.591,latency_s,0.073141
1757012087.596,latency_s,0.047293
1757012087.612,latency_s,0.048195
1757012087.627,latency_s,0.046155
1757012087.628,latency_s,0.045832
1757012087.631,latency_s,0.045714
1757012087.634,latency_s,0.047169
1757012087.638,latency_s,0.046163
1757012087.643,latency_s,0.048051
1757012087.644,latency_s,0.047440
1757012087.652,latency_s,0.046371
1757012087.661,latency_s,0.048611
1757012087.662,latency_s,0.047415
1757012087.662,latency_s,0.047590
1757012087.664,latency_s,0.049336
1757012087.664,latency_s,0.049487
1757012087.664,latency_s,0.049713
1757012087.664,latency_s,0.046611
1757012087.698,latency_s,0.048552
1757012087.711,latency_s,0.045680
1757012087.727,latency_s,0.045971
1757012087.729,latency_s,0.045501
1757012087.731,latency_s,0.045756
1757012087.735,latency_s,0.046463
1757012087.739,latency_s,0.046919
1757012087.743,latency_s,0.046618
1757012087.744,latency_s,0.045311
1757012087.752,latency_s,0.045659
1757012087.761,latency_s,0.047086
1757012087.761,latency_s,0.046167
1757012087.763,latency_s,0.046767
1757012087.763,latency_s,0.046708
1757012087.765,latency_s,0.048923
1757012087.765,latency_s,0.046136
1757012087.797,latency_s,0.046509
1757012087.827,latency_s,0.046354
1757012087.830,latency_s,0.046338
1757012087.833,latency_s,0.047234
1757012087.835,latency_s,0.046175
1757012087.839,latency_s,0.046484
1757012087.842,latency_s,0.046184
1757012087.846,latency_s,0.046282
1757012087.856,latency_s,0.046136
1757012087.862,latency_s,0.047699
1757012087.862,latency_s,0.046955
1757012087.864,latency_s,0.046527
1757012087.864,latency_s,0.046977
1757012087.864,latency_s,0.047211
1757012087.866,latency_s,0.046419
1757012087.897,latency_s,0.046500
1757012087.907,latency_s,0.190782
1757012087.907,latency_s,0.089790
1757012087.927,latency_s,0.045273
1757012087.932,latency_s,0.045786
1757012087.933,latency_s,0.046054
1757012087.936,latency_s,0.045670
1757012087.938,latency_s,0.045460
1757012087.943,latency_s,0.046339
1757012087.946,latency_s,0.045669
1757012087.955,latency_s,0.189375
1757012087.955,latency_s,0.089114
1757012087.957,latency_s,0.046693
1757012087.962,latency_s,0.046620
1757012087.963,latency_s,0.046119
1757012087.965,latency_s,0.046700
1757012087.969,latency_s,0.050063
1757012087.969,latency_s,0.050155
1757012087.969,latency_s,0.050617
1757012087.969,latency_s,0.048306
1757012087.999,latency_s,0.047606
1757012088.013,latency_s,0.045989
1757012088.028,latency_s,0.046200
1757012088.034,latency_s,0.046432
1757012088.037,latency_s,0.046944
1757012088.037,latency_s,0.046062
1757012088.039,latency_s,0.045727
1757012088.044,latency_s,0.046171
1757012088.048,latency_s,0.045961
1757012088.057,latency_s,0.046565
1757012088.063,latency_s,0.046654
1757012088.063,latency_s,0.046346
1757012088.065,latency_s,0.046473
1757012088.066,latency_s,0.047792
1757012088.067,latency_s,0.047795
1757012088.067,latency_s,0.046023
1757012088.067,latency_s,0.046125
1757012088.098,latency_s,0.046114
1757012088.114,latency_s,0.046493
1757012088.129,latency_s,0.046297
1757012088.138,latency_s,0.049312
1757012088.139,latency_s,0.048551
1757012088.139,latency_s,0.047336
1757012088.142,latency_s,0.046892
1757012088.150,latency_s,0.046491
1757012088.159,latency_s,0.047023
1757012088.163,latency_s,0.046119
1757012088.164,latency_s,0.046304
1757012088.167,latency_s,0.048038
1757012088.167,latency_s,0.048003
1757012088.167,latency_s,0.048097
1757012088.169,latency_s,0.046729
1757012088.169,latency_s,0.046763
1757012088.199,latency_s,0.047224
1757012088.216,latency_s,0.047548
1757012088.232,latency_s,0.047893
1757012088.236,latency_s,0.046654
1757012088.239,latency_s,0.046815
1757012088.239,latency_s,0.046900
1757012088.241,latency_s,0.046298
1757012088.253,latency_s,0.046657
1757012088.258,latency_s,0.045854
1757012088.263,latency_s,0.046338
1757012088.264,latency_s,0.046228
1757012088.270,latency_s,0.050046
1757012088.270,latency_s,0.050159
1757012088.270,latency_s,0.050094
1757012088.270,latency_s,0.046885
1757012088.270,latency_s,0.046978
1757012088.291,latency_s,0.192066
1757012088.291,latency_s,0.091868
1757012088.300,latency_s,0.046597
1757012088.315,latency_s,0.046274
1757012088.331,latency_s,0.046483
1757012088.336,latency_s,0.046271
1757012088.339,latency_s,0.046843
1757012088.339,latency_s,0.046631
1757012088.342,latency_s,0.046180
1757012088.346,latency_s,0.046149
1757012088.352,latency_s,0.046106
1757012088.359,latency_s,0.046715
1757012088.369,latency_s,0.050614
1757012088.369,latency_s,0.050078
1757012088.369,latency_s,0.047746
1757012088.369,latency_s,0.047400
1757012088.369,latency_s,0.047641
1757012088.373,latency_s,0.048680
1757012088.373,latency_s,0.048523
1757012088.401,latency_s,0.046741
1757012088.415,latency_s,0.046786
1757012088.431,latency_s,0.046066
1757012088.439,latency_s,0.048710
1757012088.439,latency_s,0.046947
1757012088.439,latency_s,0.045873
1757012088.442,latency_s,0.046000
1757012088.448,latency_s,0.047243
1757012088.453,latency_s,0.046348
1757012088.460,latency_s,0.045884
1757012088.465,latency_s,0.046381
1757012088.469,latency_s,0.047653
1757012088.471,latency_s,0.049015
1757012088.471,latency_s,0.049470
1757012088.471,latency_s,0.047924
1757012088.472,latency_s,0.046945
1757012088.472,latency_s,0.046866
1757012088.501,latency_s,0.046160
1757012088.517,latency_s,0.047543
1757012088.532,latency_s,0.046958
1757012088.537,latency_s,0.046169
1757012088.541,latency_s,0.046079
1757012088.543,latency_s,0.045856
1757012088.544,latency_s,0.046744
1757012088.548,latency_s,0.045956
1757012088.555,latency_s,0.046293
1757012088.562,latency_s,0.046078
1757012088.566,latency_s,0.046298
1757012088.569,latency_s,0.047571
1757012088.569,latency_s,0.047296
1757012088.570,latency_s,0.047677
1757012088.572,latency_s,0.045887
1757012088.572,latency_s,0.045988
1757012088.573,latency_s,0.045955
1757012088.603,latency_s,0.046889
1757012088.618,latency_s,0.048369
1757012088.633,latency_s,0.046195
1757012088.637,latency_s,0.046154
1757012088.644,latency_s,0.047084
1757012088.644,latency_s,0.046763
1757012088.646,latency_s,0.048137
1757012088.648,latency_s,0.046167
1757012088.656,latency_s,0.045697
1757012088.662,latency_s,0.045536
1757012088.666,latency_s,0.046224
1757012088.669,latency_s,0.046033
1757012088.669,latency_s,0.045751
1757012088.669,latency_s,0.046274
1757012088.673,latency_s,0.046890
1757012088.674,latency_s,0.046980
1757012088.674,latency_s,0.046430
1757012088.703,latency_s,0.046500
1757012088.716,latency_s,0.046172
1757012088.734,latency_s,0.046897
1757012088.738,latency_s,0.046057
1757012088.744,latency_s,0.045815
1757012088.744,latency_s,0.045688
1757012088.750,latency_s,0.048143
1757012088.750,latency_s,0.047632
1757012088.757,latency_s,0.045819
1757012088.764,latency_s,0.046187
1757012088.767,latency_s,0.046465
1757012088.770,latency_s,0.046802
1757012088.770,latency_s,0.046923
1757012088.770,latency_s,0.047204
1757012088.774,latency_s,0.046672
1757012088.774,latency_s,0.045577
1757012088.776,latency_s,0.047601
1757012088.804,latency_s,0.046338
1757012088.817,latency_s,0.046442
1757012088.834,latency_s,0.046616
1757012088.840,latency_s,0.046614
1757012088.845,latency_s,0.046873
1757012088.845,latency_s,0.047010
1757012088.850,latency_s,0.046575
1757012088.850,latency_s,0.045791
1757012088.858,latency_s,0.045897
1757012088.865,latency_s,0.046407
1757012088.868,latency_s,0.046101
1757012088.872,latency_s,0.047450
1757012088.872,latency_s,0.047014
1757012088.872,latency_s,0.047648
1757012088.878,latency_s,0.048450
1757012088.878,latency_s,0.047426
1757012088.878,latency_s,0.047921
1757012088.905,latency_s,0.046057
1757012088.918,latency_s,0.045918
1757012088.935,latency_s,0.047209
1757012088.940,latency_s,0.046297
1757012088.945,latency_s,0.046065
1757012088.947,latency_s,0.046316
1757012088.951,latency_s,0.046654
1757012088.951,latency_s,0.045782
1757012088.960,latency_s,0.046102
1757012088.968,latency_s,0.046291
1757012088.969,latency_s,0.047126
1757012088.970,latency_s,0.045791
1757012088.972,latency_s,0.046709
1757012088.974,latency_s,0.045511
1757012088.976,latency_s,0.046333
1757012088.976,latency_s,0.045379
1757012088.977,latency_s,0.046368
1757012089.007,latency_s,0.047099
1757012089.019,latency_s,0.046220
1757012089.036,latency_s,0.046901
1757012089.041,latency_s,0.046180
1757012089.045,latency_s,0.046442
1757012089.050,latency_s,0.047538
1757012089.051,latency_s,0.045994
1757012089.051,latency_s,0.045394
1757012089.061,latency_s,0.046851
1757012089.068,latency_s,0.045683
1757012089.069,latency_s,0.045668
1757012089.070,latency_s,0.045306
1757012089.072,latency_s,0.046224
1757012089.075,latency_s,0.045928
1757012089.076,latency_s,0.045519
1757012089.078,latency_s,0.047522
1757012089.079,latency_s,0.047447
1757012089.107,latency_s,0.046277
1757012089.120,latency_s,0.046502
1757012089.137,latency_s,0.047017
1757012089.141,latency_s,0.045917
1757012089.146,latency_s,0.046482
1757012089.151,latency_s,0.046487
1757012089.152,latency_s,0.047158
1757012089.152,latency_s,0.046107
1757012089.162,latency_s,0.046518
1757012089.171,latency_s,0.047519
1757012089.171,latency_s,0.046625
1757012089.172,latency_s,0.047392
1757012089.172,latency_s,0.046273
1757012089.175,latency_s,0.045468
1757012089.177,latency_s,0.045946
1757012089.177,latency_s,0.045704
1757012089.178,latency_s,0.046269
1757012089.207,latency_s,0.046748
1757012089.220,latency_s,0.045914
1757012089.237,latency_s,0.046528
1757012089.242,latency_s,0.046373
1757012089.248,latency_s,0.046691
1757012089.252,latency_s,0.044986
1757012089.253,latency_s,0.046691
1757012089.254,latency_s,0.047391
1757012089.265,latency_s,0.046307
1757012089.273,latency_s,0.048385
1757012089.273,latency_s,0.048150
1757012089.273,latency_s,0.047549
1757012089.273,latency_s,0.046456
1757012089.276,latency_s,0.045547
1757012089.279,latency_s,0.046911
1757012089.279,latency_s,0.046606
1757012089.279,latency_s,0.046826
1757012089.308,latency_s,0.046836
1757012089.321,latency_s,0.046288
1757012089.338,latency_s,0.047737
1757012089.342,latency_s,0.045482
1757012089.348,latency_s,0.045968
1757012089.356,latency_s,0.048353
1757012089.356,latency_s,0.048327
1757012089.356,latency_s,0.047946
1757012089.367,latency_s,0.046523
1757012089.371,latency_s,0.046338
1757012089.371,latency_s,0.046161
1757012089.373,latency_s,0.047068
1757012089.375,latency_s,0.046943
1757012089.377,latency_s,0.046406
1757012089.380,latency_s,0.047263
1757012089.380,latency_s,0.047616
1757012089.381,latency_s,0.048102
1757012089.409,latency_s,0.046821
1757012089.423,latency_s,0.047082
1757012089.441,latency_s,0.046591
1757012089.445,latency_s,0.047697
1757012089.450,latency_s,0.046333
1757012089.455,latency_s,0.047350
1757012089.455,latency_s,0.047416
1757012089.455,latency_s,0.047407
1757012089.467,latency_s,0.046263
1757012089.472,latency_s,0.046071
1757012089.473,latency_s,0.046416
1757012089.475,latency_s,0.045969
1757012089.481,latency_s,0.047207
1757012089.481,latency_s,0.046947
1757012089.481,latency_s,0.045966
1757012089.481,latency_s,0.046694
1757012089.511,latency_s,0.045751
1757012089.523,latency_s,0.046834
1757012089.543,latency_s,0.045765
1757012089.548,latency_s,0.046945
1757012089.551,latency_s,0.046652
1757012089.554,latency_s,0.045844
1757012089.555,latency_s,0.046613
1757012089.557,latency_s,0.048327
1757012089.570,latency_s,0.046580
1757012089.573,latency_s,0.046466
1757012089.573,latency_s,0.046354
1757012089.577,latency_s,0.045746
1757012089.582,latency_s,0.047505
1757012089.582,latency_s,0.047028
1757012089.582,latency_s,0.046520
1757012089.583,latency_s,0.047948
1757012089.609,latency_s,0.183846
1757012089.609,latency_s,0.082646
1757012089.613,latency_s,0.046079
1757012089.623,latency_s,0.046234
1757012089.645,latency_s,0.046351
1757012089.647,latency_s,0.045881
1757012089.651,latency_s,0.046013
1757012089.656,latency_s,0.046775
1757012089.656,latency_s,0.046668
1757012089.656,latency_s,0.046880
1757012089.671,latency_s,0.046687
1757012089.674,latency_s,0.047528
1757012089.675,latency_s,0.047594
1757012089.675,latency_s,0.047257
1757012089.678,latency_s,0.045369
1757012089.683,latency_s,0.047866
1757012089.683,latency_s,0.045953
1757012089.683,latency_s,0.047084
1757012089.684,latency_s,0.046533
1757012089.715,latency_s,0.047055
1757012089.724,latency_s,0.046631
1757012089.747,latency_s,0.047236
1757012089.750,latency_s,0.046839
1757012089.753,latency_s,0.046000
1757012089.755,latency_s,0.045248
1757012089.756,latency_s,0.045689
1757012089.757,latency_s,0.047564
1757012089.772,latency_s,0.046236
1757012089.775,latency_s,0.047262
1757012089.775,latency_s,0.047557
1757012089.775,latency_s,0.045790
1757012089.780,latency_s,0.046039
1757012089.782,latency_s,0.046516
1757012089.784,latency_s,0.045847
1757012089.784,latency_s,0.046007
1757012089.785,latency_s,0.046642
1757012089.817,latency_s,0.046701
1757012089.823,latency_s,0.046073
1757012089.846,latency_s,0.046363
1757012089.852,latency_s,0.046345
1757012089.856,latency_s,0.046511
1757012089.858,latency_s,0.045821
1757012089.860,latency_s,0.046559
1757012089.860,latency_s,0.046499
1757012089.876,latency_s,0.047482
1757012089.876,latency_s,0.047580
1757012089.876,latency_s,0.047754
1757012089.878,latency_s,0.046948
1757012089.883,latency_s,0.047647
1757012089.883,latency_s,0.047907
1757012089.885,latency_s,0.046454
1757012089.885,latency_s,0.046508
1757012089.885,latency_s,0.046285
1757012089.917,latency_s,0.046305
1757012089.925,latency_s,0.046862
1757012089.947,latency_s,0.046343
1757012089.953,latency_s,0.046602
1757012089.956,latency_s,0.046251
1757012089.962,latency_s,0.048315
1757012089.962,latency_s,0.047857
1757012089.962,latency_s,0.047354
1757012089.977,latency_s,0.047566
1757012089.977,latency_s,0.045767
1757012089.979,latency_s,0.046494
1757012089.979,latency_s,0.046766
1757012089.982,latency_s,0.045668
1757012089.983,latency_s,0.047008
1757012089.987,latency_s,0.046622
1757012089.987,latency_s,0.046681
1757012089.987,latency_s,0.046618
1757012090.018,latency_s,0.047084
1757012090.025,latency_s,0.046917
1757012090.048,latency_s,0.046615
1757012090.052,latency_s,0.045739
1757012090.058,latency_s,0.046295
1757012090.062,latency_s,0.048010
1757012090.062,latency_s,0.047675
1757012090.062,latency_s,0.047143
1757012090.077,latency_s,0.046860
1757012090.079,latency_s,0.046247
1757012090.081,latency_s,0.045902
1757012090.082,latency_s,0.046608
1757012090.082,latency_s,0.045762
1757012090.084,latency_s,0.046536
1757012090.089,latency_s,0.047179
1757012090.089,latency_s,0.047242
1757012090.089,latency_s,0.047254
1757012090.119,latency_s,0.047196
1757012090.126,latency_s,0.046829
1757012090.149,latency_s,0.046285
1757012090.153,latency_s,0.046096
1757012090.165,latency_s,0.049267
1757012090.165,latency_s,0.049223
1757012090.165,latency_s,0.048893
1757012090.165,latency_s,0.049095
1757012090.176,latency_s,0.045687
1757012090.179,latency_s,0.045790
1757012090.183,latency_s,0.047074
1757012090.183,latency_s,0.047305
1757012090.184,latency_s,0.046946
1757012090.185,latency_s,0.047472
1757012090.190,latency_s,0.047223
1757012090.190,latency_s,0.047511
1757012090.191,latency_s,0.047555
1757012090.218,latency_s,0.046432
1757012090.226,latency_s,0.046838
1757012090.249,latency_s,0.046484
1757012090.256,latency_s,0.046272
1757012090.265,latency_s,0.048880
1757012090.265,latency_s,0.047934
1757012090.265,latency_s,0.047390
1757012090.265,latency_s,0.047830
1757012090.277,latency_s,0.046558
1757012090.281,latency_s,0.046056
1757012090.284,latency_s,0.047150
1757012090.284,latency_s,0.047379
1757012090.286,latency_s,0.048551
1757012090.286,latency_s,0.046595
1757012090.291,latency_s,0.047216
1757012090.291,latency_s,0.047167
1757012090.292,latency_s,0.047173
1757012090.319,latency_s,0.046825
1757012090.328,latency_s,0.046547
1757012090.350,latency_s,0.047184
1757012090.357,latency_s,0.046370
1757012090.363,latency_s,0.046076
1757012090.365,latency_s,0.046280
1757012090.366,latency_s,0.046375
1757012090.368,latency_s,0.047903
1757012090.378,latency_s,0.046132
1757012090.383,latency_s,0.045899
1757012090.384,latency_s,0.047374
1757012090.385,latency_s,0.047693
1757012090.387,latency_s,0.046094
1757012090.389,latency_s,0.045957
1757012090.391,latency_s,0.046441
1757012090.392,latency_s,0.046952
1757012090.394,latency_s,0.045932
1757012090.420,latency_s,0.047233
1757012090.429,latency_s,0.046484
1757012090.452,latency_s,0.047101
1757012090.457,latency_s,0.045892
1757012090.463,latency_s,0.045813
1757012090.467,latency_s,0.047623
1757012090.467,latency_s,0.046472
1757012090.468,latency_s,0.047490
1757012090.478,latency_s,0.045751
1757012090.484,latency_s,0.046571
1757012090.484,latency_s,0.046708
1757012090.485,latency_s,0.046605
1757012090.489,latency_s,0.045745
1757012090.490,latency_s,0.046107
1757012090.492,latency_s,0.046115
1757012090.492,latency_s,0.046095
1757012090.494,latency_s,0.046300
1757012090.521,latency_s,0.047311
1757012090.529,latency_s,0.046429
1757012090.551,latency_s,0.046057
1757012090.559,latency_s,0.046852
1757012090.565,latency_s,0.047087
1757012090.565,latency_s,0.046097
1757012090.567,latency_s,0.045764
1757012090.569,latency_s,0.047612
1757012090.578,latency_s,0.045218
1757012090.585,latency_s,0.045607
1757012090.587,latency_s,0.048048
1757012090.588,latency_s,0.047010
1757012090.590,latency_s,0.046050
1757012090.590,latency_s,0.046185
1757012090.593,latency_s,0.046138
1757012090.593,latency_s,0.046682
1757012090.595,latency_s,0.045388
1757012090.622,latency_s,0.047191
1757012090.629,latency_s,0.046027
1757012090.652,latency_s,0.046691
1757012090.661,latency_s,0.046987
1757012090.664,latency_s,0.045821
1757012090.666,latency_s,0.045552
1757012090.669,latency_s,0.046925
1757012090.670,latency_s,0.046777
1757012090.679,latency_s,0.046376
1757012090.687,latency_s,0.047114
1757012090.687,latency_s,0.047354
1757012090.689,latency_s,0.046660
1757012090.691,latency_s,0.046246
1757012090.692,latency_s,0.046668
1757012090.694,latency_s,0.046394
1757012090.694,latency_s,0.046787
1757012090.698,latency_s,0.046691
1757012090.722,latency_s,0.046801
1757012090.730,latency_s,0.046817
1757012090.753,latency_s,0.046893
1757012090.762,latency_s,0.046192
1757012090.764,latency_s,0.045139
1757012090.767,latency_s,0.046179
1757012090.769,latency_s,0.045925
1757012090.771,latency_s,0.047453
1757012090.780,latency_s,0.046089
1757012090.791,latency_s,0.046182
1757012090.793,latency_s,0.047420
1757012090.793,latency_s,0.047823
1757012090.794,latency_s,0.048255
1757012090.795,latency_s,0.050531
1757012090.795,latency_s,0.047426
1757012090.795,latency_s,0.047505
1757012090.799,latency_s,0.047000
1757012090.823,latency_s,0.045858
1757012090.830,latency_s,0.046404
1757012090.860,latency_s,0.052096
1757012090.862,latency_s,0.046127
1757012090.867,latency_s,0.047447
1757012090.867,latency_s,0.046361
1757012090.871,latency_s,0.046604
1757012090.871,latency_s,0.046695
1757012090.885,latency_s,0.047702
1757012090.893,latency_s,0.047864
1757012090.893,latency_s,0.047501
1757012090.893,latency_s,0.047004
1757012090.893,latency_s,0.047068
1757012090.896,latency_s,0.046990
1757012090.896,latency_s,0.047091
1757012090.899,latency_s,0.046097
1757012090.925,latency_s,0.046161
1757012090.931,latency_s,0.047104
1757012090.955,latency_s,0.046364
1757012090.964,latency_s,0.046448
1757012090.968,latency_s,0.046906
1757012090.968,latency_s,0.047170
1757012090.972,latency_s,0.047132
1757012090.973,latency_s,0.047317
1757012090.985,latency_s,0.046880
1757012090.992,latency_s,0.047446
1757012090.994,latency_s,0.047051
1757012090.994,latency_s,0.046130
1757012090.994,latency_s,0.046192
1757012090.995,latency_s,0.045572
1757012090.997,latency_s,0.046139
1757012091.000,latency_s,0.046515
1757012091.028,latency_s,0.046935
1757012091.031,latency_s,0.046950
1757012091.035,latency_s,0.188689
1757012091.035,latency_s,0.087907
1757012091.055,latency_s,0.046530
1757012091.065,latency_s,0.046782
1757012091.068,latency_s,0.046218
1757012091.069,latency_s,0.047027
1757012091.073,latency_s,0.047379
1757012091.073,latency_s,0.047435
1757012091.085,latency_s,0.045861
1757012091.092,latency_s,0.047138
1757012091.093,latency_s,0.045697
1757012091.094,latency_s,0.047162
1757012091.095,latency_s,0.046773
1757012091.095,latency_s,0.046914
1757012091.096,latency_s,0.045415
1757012091.097,latency_s,0.045817
1757012091.099,latency_s,0.045659
1757012091.129,latency_s,0.046991
1757012091.132,latency_s,0.046931
1757012091.157,latency_s,0.046639
1757012091.165,latency_s,0.046446
1757012091.169,latency_s,0.046682
1757012091.169,latency_s,0.046646
1757012091.172,latency_s,0.046261
1757012091.175,latency_s,0.047690
1757012091.190,latency_s,0.046867
1757012091.192,latency_s,0.046085
1757012091.194,latency_s,0.045834
1757012091.195,latency_s,0.046815
1757012091.197,latency_s,0.047020
1757012091.197,latency_s,0.046977
1757012091.197,latency_s,0.046529
1757012091.197,latency_s,0.045426
1757012091.200,latency_s,0.045737
1757012091.229,latency_s,0.046606
1757012091.232,latency_s,0.046484
1757012091.258,latency_s,0.046746
1757012091.268,latency_s,0.046854
1757012091.269,latency_s,0.046753
1757012091.270,latency_s,0.046624
1757012091.273,latency_s,0.046366
1757012091.274,latency_s,0.045942
1757012091.294,latency_s,0.048243
1757012091.295,latency_s,0.048080
1757012091.297,latency_s,0.047596
1757012091.297,latency_s,0.047741
1757012091.297,latency_s,0.046938
1757012091.297,latency_s,0.046425
1757012091.297,latency_s,0.046957
1757012091.299,latency_s,0.045976
1757012091.301,latency_s,0.046141
1757012091.333,latency_s,0.047043
1757012091.333,latency_s,0.047024
1757012091.360,latency_s,0.046727
1757012091.368,latency_s,0.046381
1757012091.370,latency_s,0.047263
1757012091.370,latency_s,0.047204
1757012091.376,latency_s,0.046544
1757012091.376,latency_s,0.047133
1757012091.393,latency_s,0.046197
1757012091.397,latency_s,0.046445
1757012091.398,latency_s,0.046086
1757012091.436,latency_s,0.084352
1757012091.437,latency_s,0.084582
1757012091.437,latency_s,0.084373
1757012091.437,latency_s,0.084414
1757012091.437,latency_s,0.083734
1757012091.437,latency_s,0.081672
1757012091.437,latency_s,0.048887
1757012091.437,latency_s,0.048816
1757012091.461,latency_s,0.046454
1757012091.468,latency_s,0.046276
1757012091.472,latency_s,0.047780
1757012091.472,latency_s,0.047749
1757012091.476,latency_s,0.046093
1757012091.477,latency_s,0.046027
1757012091.495,latency_s,0.046879
1757012091.498,latency_s,0.046853
1757012091.498,latency_s,0.046016
1757012091.500,latency_s,0.046906
1757012091.500,latency_s,0.046748
1757012091.500,latency_s,0.047102
1757012091.504,latency_s,0.051430
1757012091.504,latency_s,0.051246
1757012091.505,latency_s,0.048713
1757012091.536,latency_s,0.047430
1757012091.536,latency_s,0.047411
1757012091.564,latency_s,0.048684
1757012091.574,latency_s,0.048630
1757012091.574,latency_s,0.048347
1757012091.574,latency_s,0.048961
1757012091.577,latency_s,0.045910
1757012091.579,latency_s,0.046067
1757012091.595,latency_s,0.046093
1757012091.597,latency_s,0.045605
1757012091.602,latency_s,0.047995
1757012091.602,latency_s,0.048672
1757012091.604,latency_s,0.049824
1757012091.605,latency_s,0.051105
1757012091.605,latency_s,0.051737
1757012091.606,latency_s,0.051716
1757012091.608,latency_s,0.051862
1757012091.638,latency_s,0.047634
1757012091.638,latency_s,0.047726
1757012091.665,latency_s,0.047135
1757012091.674,latency_s,0.046283
1757012091.675,latency_s,0.046838
1757012091.675,latency_s,0.046775
1757012091.680,latency_s,0.047165
1757012091.680,latency_s,0.046916
1757012091.695,latency_s,0.046000
1757012091.698,latency_s,0.046248
1757012091.703,latency_s,0.048323
1757012091.703,latency_s,0.047805
1757012091.703,latency_s,0.047310
1757012091.703,latency_s,0.047153
1757012091.703,latency_s,0.047271
1757012091.704,latency_s,0.047088
1757012091.711,latency_s,0.047348
1757012091.738,latency_s,0.047410
1757012091.738,latency_s,0.047683
1757012091.766,latency_s,0.046848
1757012091.776,latency_s,0.047812
1757012091.776,latency_s,0.047889
1757012091.776,latency_s,0.047601
1757012091.778,latency_s,0.045723
1757012091.780,latency_s,0.045951
1757012091.796,latency_s,0.046181
1757012091.798,latency_s,0.045662
1757012091.802,latency_s,0.047476
1757012091.804,latency_s,0.047913
1757012091.804,latency_s,0.047865
1757012091.804,latency_s,0.048128
1757012091.804,latency_s,0.047415
1757012091.804,latency_s,0.047970
1757012091.812,latency_s,0.047857
1757012091.840,latency_s,0.047323
1757012091.840,latency_s,0.047271
1757012091.867,latency_s,0.047167
1757012091.876,latency_s,0.047763
1757012091.876,latency_s,0.047503
1757012091.877,latency_s,0.047443
1757012091.880,latency_s,0.047213
1757012091.880,latency_s,0.046443
1757012091.898,latency_s,0.046726
1757012091.899,latency_s,0.046101
1757012091.904,latency_s,0.047918
1757012091.904,latency_s,0.047748
1757012091.906,latency_s,0.049277
1757012091.906,latency_s,0.049257
1757012091.906,latency_s,0.049262
1757012091.906,latency_s,0.049334
1757012091.912,latency_s,0.045584
1757012091.941,latency_s,0.046796
1757012091.943,latency_s,0.049566
1757012091.967,latency_s,0.046177
1757012091.975,latency_s,0.046468
1757012091.977,latency_s,0.046818
1757012091.978,latency_s,0.047915
1757012091.981,latency_s,0.046187
1757012091.981,latency_s,0.045818
1757012091.999,latency_s,0.048289
1757012092.000,latency_s,0.046608
1757012092.005,latency_s,0.048696
1757012092.005,latency_s,0.048169
1757012092.005,latency_s,0.046664
1757012092.005,latency_s,0.046676
1757012092.005,latency_s,0.046347
1757012092.006,latency_s,0.047368
1757012092.013,latency_s,0.045975
1757012092.042,latency_s,0.047635
1757012092.042,latency_s,0.047892
1757012092.068,latency_s,0.047081
1757012092.075,latency_s,0.045894
1757012092.078,latency_s,0.047730
1757012092.078,latency_s,0.048047
1757012092.082,latency_s,0.047119
1757012092.099,latency_s,0.046949
1757012092.100,latency_s,0.046425
1757012092.103,latency_s,0.045995
1757012092.105,latency_s,0.045869
1757012092.107,latency_s,0.047232
1757012092.107,latency_s,0.047280
1757012092.107,latency_s,0.046737
1757012092.109,latency_s,0.046141
1757012092.114,latency_s,0.046025
1757012092.143,latency_s,0.047639
1757012092.143,latency_s,0.047804
1757012092.168,latency_s,0.046561
1757012092.179,latency_s,0.046776
1757012092.183,latency_s,0.047197
1757012092.185,latency_s,0.049255
1757012092.185,latency_s,0.048452
1757012092.200,latency_s,0.046229
1757012092.204,latency_s,0.046618
1757012092.204,latency_s,0.046969
1757012092.206,latency_s,0.045470
1757012092.207,latency_s,0.046704
1757012092.210,latency_s,0.047917
1757012092.210,latency_s,0.047727
1757012092.210,latency_s,0.045266
1757012092.217,latency_s,0.047871
1757012092.226,latency_s,0.191350
1757012092.226,latency_s,0.089482
1757012092.244,latency_s,0.048386
1757012092.244,latency_s,0.048279
1757012092.269,latency_s,0.046570
1757012092.280,latency_s,0.046725
1757012092.285,latency_s,0.047852
1757012092.285,latency_s,0.048108
1757012092.285,latency_s,0.047802
1757012092.285,latency_s,0.047803
1757012092.301,latency_s,0.046361
1757012092.304,latency_s,0.046807
1757012092.305,latency_s,0.046986
1757012092.307,latency_s,0.045582
1757012092.307,latency_s,0.045516
1757012092.309,latency_s,0.046054
1757012092.309,latency_s,0.045412
1757012092.312,latency_s,0.045742
1757012092.317,latency_s,0.046937
1757012092.343,latency_s,0.047337
1757012092.343,latency_s,0.047087
1757012092.369,latency_s,0.046089
1757012092.382,latency_s,0.046927
1757012092.383,latency_s,0.045984
1757012092.385,latency_s,0.047237
1757012092.385,latency_s,0.047107
1757012092.386,latency_s,0.047723
1757012092.401,latency_s,0.045853
1757012092.404,latency_s,0.045974
1757012092.405,latency_s,0.046684
1757012092.408,latency_s,0.045820
1757012092.408,latency_s,0.046350
1757012092.410,latency_s,0.046056
1757012092.411,latency_s,0.046164
1757012092.414,latency_s,0.046686
1757012092.418,latency_s,0.046230
1757012092.443,latency_s,0.046792
1757012092.443,latency_s,0.046401
1757012092.470,latency_s,0.046642
1757012092.481,latency_s,0.045501
1757012092.522,latency_s,0.084157
1757012092.522,latency_s,0.083860
1757012092.523,latency_s,0.084200
1757012092.523,latency_s,0.083804
1757012092.523,latency_s,0.066920
1757012092.523,latency_s,0.064010
1757012092.523,latency_s,0.061096
1757012092.523,latency_s,0.060736
1757012092.523,latency_s,0.060761
1757012092.523,latency_s,0.058745
1757012092.523,latency_s,0.057884
1757012092.523,latency_s,0.051409
1757012092.523,latency_s,0.050838
1757012092.543,latency_s,0.046983
1757012092.544,latency_s,0.046881
1757012092.571,latency_s,0.046851
1757012092.582,latency_s,0.046591
1757012092.587,latency_s,0.048426
1757012092.587,latency_s,0.048254
1757012092.587,latency_s,0.048146
1757012092.587,latency_s,0.048048
1757012092.602,latency_s,0.045649
1757012092.606,latency_s,0.046693
1757012092.609,latency_s,0.046908
1757012092.609,latency_s,0.046791
1757012092.609,latency_s,0.046837
1757012092.625,latency_s,0.060308
1757012092.625,latency_s,0.059307
1757012092.625,latency_s,0.052644
1757012092.625,latency_s,0.052297
1757012092.645,latency_s,0.047161
1757012092.645,latency_s,0.047243
1757012092.672,latency_s,0.046117
1757012092.682,latency_s,0.046281
1757012092.687,latency_s,0.047435
1757012092.687,latency_s,0.047459
1757012092.688,latency_s,0.047864
1757012092.688,latency_s,0.047919
1757012092.704,latency_s,0.047427
1757012092.705,latency_s,0.046101
1757012092.712,latency_s,0.048900
1757012092.712,latency_s,0.048931
1757012092.713,latency_s,0.049231
1757012092.713,latency_s,0.047587
1757012092.713,latency_s,0.047303
1757012092.719,latency_s,0.045693
1757012092.723,latency_s,0.048573
1757012092.746,latency_s,0.048068
1757012092.747,latency_s,0.048080
1757012092.773,latency_s,0.046632
1757012092.783,latency_s,0.046523
1757012092.787,latency_s,0.046480
1757012092.787,latency_s,0.047093
1757012092.788,latency_s,0.047729
1757012092.788,latency_s,0.047360
1757012092.804,latency_s,0.046819
1757012092.806,latency_s,0.046520
1757012092.810,latency_s,0.045945
1757012092.810,latency_s,0.045984
1757012092.813,latency_s,0.047085
1757012092.813,latency_s,0.047198
1757012092.824,latency_s,0.057947
1757012092.824,latency_s,0.049891
1757012092.824,latency_s,0.047084
1757012092.846,latency_s,0.047542
1757012092.847,latency_s,0.047737
1757012092.873,latency_s,0.046356
1757012092.883,latency_s,0.045944
1757012092.887,latency_s,0.046499
1757012092.888,latency_s,0.046777
1757012092.889,latency_s,0.047742
1757012092.889,latency_s,0.047980
1757012092.904,latency_s,0.046759
1757012092.906,latency_s,0.045946
1757012092.911,latency_s,0.046854
1757012092.911,latency_s,0.046149
1757012092.912,latency_s,0.046123
1757012092.912,latency_s,0.046238
1757012092.923,latency_s,0.057035
1757012092.924,latency_s,0.047198
1757012092.924,latency_s,0.046297
1757012092.947,latency_s,0.047701
1757012092.947,latency_s,0.047806
1757012092.973,latency_s,0.046158
1757012092.983,latency_s,0.045973
1757012092.988,latency_s,0.047005
1757012093.036,latency_s,0.094939
1757012093.036,latency_s,0.094080
1757012093.036,latency_s,0.094019
1757012093.036,latency_s,0.078411
1757012093.036,latency_s,0.075544
1757012093.036,latency_s,0.072176
1757012093.036,latency_s,0.070150
1757012093.037,latency_s,0.070095
1757012093.037,latency_s,0.069100
1757012093.037,latency_s,0.069246
1757012093.037,latency_s,0.058431
1757012093.037,latency_s,0.058894
1757012093.046,latency_s,0.046437
1757012093.049,latency_s,0.048481
1757012093.075,latency_s,0.047094
1757012093.085,latency_s,0.046629
1757012093.089,latency_s,0.046970
1757012093.089,latency_s,0.046890
1757012093.089,latency_s,0.046296
1757012093.091,latency_s,0.048448
1757012093.106,latency_s,0.046740
1757012093.111,latency_s,0.049963
1757012093.111,latency_s,0.046651
1757012093.113,latency_s,0.046243
1757012093.121,latency_s,0.054096
1757012093.121,latency_s,0.053357
1757012093.122,latency_s,0.053291
1757012093.126,latency_s,0.047544
1757012093.126,latency_s,0.047172
1757012093.147,latency_s,0.046700
1757012093.147,latency_s,0.046235
1757012093.176,latency_s,0.046709
1757012093.186,latency_s,0.046664
1757012093.188,latency_s,0.045885
1757012093.190,latency_s,0.046744
1757012093.190,latency_s,0.046777
1757012093.190,latency_s,0.046464
1757012093.207,latency_s,0.046779
1757012093.209,latency_s,0.046526
1757012093.212,latency_s,0.046572
1757012093.215,latency_s,0.047293
1757012093.224,latency_s,0.055979
1757012093.224,latency_s,0.055204
1757012093.224,latency_s,0.055289
1757012093.227,latency_s,0.047921
1757012093.227,latency_s,0.047747
1757012093.250,latency_s,0.048821
1757012093.250,latency_s,0.048808
1757012093.276,latency_s,0.046865
1757012093.287,latency_s,0.047618
1757012093.290,latency_s,0.047046
1757012093.290,latency_s,0.046704
1757012093.290,latency_s,0.046391
1757012093.291,latency_s,0.047794
1757012093.310,latency_s,0.048035
1757012093.310,latency_s,0.046286
1757012093.313,latency_s,0.046651
1757012093.315,latency_s,0.047021
1757012093.322,latency_s,0.054527
1757012093.323,latency_s,0.053912
1757012093.323,latency_s,0.053764
1757012093.329,latency_s,0.048364
1757012093.329,latency_s,0.048213
1757012093.352,latency_s,0.049756
1757012093.352,latency_s,0.049966
1757012093.376,latency_s,0.046196
1757012093.391,latency_s,0.047914
1757012093.391,latency_s,0.047555
1757012093.391,latency_s,0.046937
1757012093.392,latency_s,0.048428
1757012093.392,latency_s,0.048331
1757012093.409,latency_s,0.046761
1757012093.411,latency_s,0.046562
1757012093.414,latency_s,0.046094
1757012093.418,latency_s,0.049577
1757012093.418,latency_s,0.049620
1757012093.418,latency_s,0.048619
1757012093.428,latency_s,0.058312
1757012093.428,latency_s,0.046212
1757012093.432,latency_s,0.047198
1757012093.450,latency_s,0.047768
1757012093.450,latency_s,0.047484
1757012093.480,latency_s,0.047323
1757012093.491,latency_s,0.047023
1757012093.491,latency_s,0.046525
1757012093.491,latency_s,0.046788
1757012093.492,latency_s,0.048439
1757012093.493,latency_s,0.048062
1757012093.513,latency_s,0.050691
1757012093.513,latency_s,0.047890
1757012093.515,latency_s,0.047017
1757012093.516,latency_s,0.047624
1757012093.517,latency_s,0.048119
1757012093.518,latency_s,0.047855
1757012093.518,latency_s,0.047798
1757012093.529,latency_s,0.045595
1757012093.531,latency_s,0.045963
1757012093.549,latency_s,0.046576
1757012093.549,latency_s,0.046514
1757012093.582,latency_s,0.046998
1757012093.590,latency_s,0.045856
1757012093.591,latency_s,0.047075
1757012093.592,latency_s,0.047435
1757012093.592,latency_s,0.047412
1757012093.592,latency_s,0.048157
1757012093.651,latency_s,0.087738
1757012093.651,latency_s,0.085345
1757012093.651,latency_s,0.082584
1757012093.651,latency_s,0.082386
1757012093.651,latency_s,0.082057
1757012093.651,latency_s,0.080704
1757012093.651,latency_s,0.080500
1757012093.651,latency_s,0.067457
1757012093.651,latency_s,0.065032
1757012093.651,latency_s,0.047963
1757012093.651,latency_s,0.047703
1757012093.682,latency_s,0.046057
1757012093.692,latency_s,0.047245
1757012093.692,latency_s,0.047290
1757012093.692,latency_s,0.047339
1757012093.692,latency_s,0.046998
1757012093.694,latency_s,0.048037
1757012093.710,latency_s,0.047064
1757012093.719,latency_s,0.052239
1757012093.719,latency_s,0.049864
1757012093.719,latency_s,0.049714
1757012093.719,latency_s,0.047901
1757012093.719,latency_s,0.047714
1757012093.719,latency_s,0.047860
1757012093.730,latency_s,0.046257
1757012093.732,latency_s,0.045360
1757012093.750,latency_s,0.046376
1757012093.750,latency_s,0.046242
1757012093.786,latency_s,0.047271
1757012093.794,latency_s,0.048368
1757012093.794,latency_s,0.047955
1757012093.794,latency_s,0.047905
1757012093.795,latency_s,0.048225
1757012093.795,latency_s,0.047897
1757012093.810,latency_s,0.046382
1757012093.813,latency_s,0.046302
1757012093.816,latency_s,0.046006
1757012093.822,latency_s,0.052558
1757012093.822,latency_s,0.050103
1757012093.822,latency_s,0.050284
1757012093.833,latency_s,0.048098
1757012093.835,latency_s,0.046016
1757012093.851,latency_s,0.046797
1757012093.852,latency_s,0.046814
1757012093.886,latency_s,0.047000
1757012093.895,latency_s,0.049023
1757012093.896,latency_s,0.048951
1757012093.896,latency_s,0.049116
1757012093.896,latency_s,0.048851
1757012093.896,latency_s,0.048833
1757012093.912,latency_s,0.046683
1757012093.913,latency_s,0.046095
1757012093.922,latency_s,0.052227
1757012093.922,latency_s,0.051303
1757012093.922,latency_s,0.049403
1757012093.923,latency_s,0.049231
1757012093.932,latency_s,0.046874
1757012093.935,latency_s,0.045809
1757012093.953,latency_s,0.047933
1757012093.953,latency_s,0.046456
1757012093.963,latency_s,0.190658
1757012093.963,latency_s,0.089939
1757012093.987,latency_s,0.046969
1757012093.996,latency_s,0.049012
1757012093.996,latency_s,0.048746
1757012093.996,latency_s,0.048717
1757012093.996,latency_s,0.048422
1757012093.996,latency_s,0.048509
1757012094.012,latency_s,0.046195
1757012094.015,latency_s,0.046496
1757012094.023,latency_s,0.052788
1757012094.023,latency_s,0.050749
1757012094.023,latency_s,0.049830
1757012094.023,latency_s,0.050046
1757012094.023,latency_s,0.049793
1757012094.033,latency_s,0.046109
1757012094.036,latency_s,0.045568
1757012094.054,latency_s,0.048929
1757012094.054,latency_s,0.046981
1757012094.096,latency_s,0.051017
1757012094.096,latency_s,0.049380
1757012094.096,latency_s,0.048916
1757012094.096,latency_s,0.048943
1757012094.096,latency_s,0.048469
1757012094.097,latency_s,0.048872
1757012094.113,latency_s,0.047174
1757012094.116,latency_s,0.046655
1757012094.130,latency_s,0.058001
1757012094.130,latency_s,0.055974
1757012094.130,latency_s,0.055864
1757012094.130,latency_s,0.055747
1757012094.130,latency_s,0.056275
1757012094.133,latency_s,0.046450
1757012094.137,latency_s,0.046932
1757012094.153,latency_s,0.047390
1757012094.155,latency_s,0.046884
1757012094.192,latency_s,0.046698
1757012094.193,latency_s,0.045825
1757012094.195,latency_s,0.047699
1757012094.195,latency_s,0.047748
1757012094.195,latency_s,0.047526
1757012094.195,latency_s,0.047414
1757012094.213,latency_s,0.045948
1757012094.216,latency_s,0.046007
1757012094.219,latency_s,0.046201
1757012094.222,latency_s,0.046629
1757012094.228,latency_s,0.052474
1757012094.228,latency_s,0.052679
1757012094.228,latency_s,0.052726
1757012094.234,latency_s,0.046244
1757012094.238,latency_s,0.046415
1757012094.253,latency_s,0.046621
1757012094.256,latency_s,0.047365
1757012094.292,latency_s,0.046520
1757012094.294,latency_s,0.047236
1757012094.296,latency_s,0.048406
1757012094.296,latency_s,0.048460
1757012094.296,latency_s,0.048108
1757012094.296,latency_s,0.047704
1757012094.316,latency_s,0.048186
1757012094.316,latency_s,0.046472
1757012094.319,latency_s,0.045744
1757012094.322,latency_s,0.046073
1757012094.324,latency_s,0.046845
1757012094.328,latency_s,0.051179
1757012094.328,latency_s,0.051046
1757012094.335,latency_s,0.046380
1757012094.337,latency_s,0.045387
1757012094.353,latency_s,0.046479
1757012094.356,latency_s,0.047104
1757012094.394,latency_s,0.046208
1757012094.397,latency_s,0.046360
1757012094.399,latency_s,0.046185
1757012094.399,latency_s,0.046231
1757012094.401,latency_s,0.046766
1757012094.402,latency_s,0.046896
1757012094.415,latency_s,0.046054
1757012094.418,latency_s,0.046587
1757012094.420,latency_s,0.046285
1757012094.422,latency_s,0.045899
1757012094.427,latency_s,0.047643
1757012094.431,latency_s,0.051366
1757012094.431,latency_s,0.051162
1757012094.436,latency_s,0.046275
1757012094.438,latency_s,0.046186
1757012094.454,latency_s,0.046501
1757012094.456,latency_s,0.046571
1757012094.496,latency_s,0.046960
1757012094.498,latency_s,0.046428
1757012094.501,latency_s,0.046288
1757012094.502,latency_s,0.047121
1757012094.502,latency_s,0.046878
1757012094.504,latency_s,0.048290
1757012094.516,latency_s,0.046437
1757012094.518,latency_s,0.046224
1757012094.523,latency_s,0.048409
1757012094.523,latency_s,0.046559
1757012094.527,latency_s,0.046476
1757012094.527,latency_s,0.046806
1757012094.532,latency_s,0.051398
1757012094.537,latency_s,0.046821
1757012094.540,latency_s,0.047168
1757012094.554,latency_s,0.046204
1757012094.555,latency_s,0.045585
1757012094.597,latency_s,0.047404
1757012094.602,latency_s,0.046383
1757012094.602,latency_s,0.046408
1757012094.604,latency_s,0.048379
1757012094.604,latency_s,0.048636
1757012094.605,latency_s,0.048149
1757012094.616,latency_s,0.045967
1757012094.619,latency_s,0.046677
1757012094.621,latency_s,0.046139
1757012094.623,latency_s,0.046204
1757012094.627,latency_s,0.046467
1757012094.628,latency_s,0.046328
1757012094.629,latency_s,0.047413
1757012094.641,latency_s,0.048516
1757012094.643,latency_s,0.045911
1757012094.656,latency_s,0.046867
1757012094.657,latency_s,0.047186
1757012094.698,latency_s,0.048007
1757012094.702,latency_s,0.045878
1757012094.705,latency_s,0.048933
1757012094.705,latency_s,0.048556
1757012094.705,latency_s,0.048675
1757012094.706,latency_s,0.048605
1757012094.716,latency_s,0.046108
1757012094.720,latency_s,0.046828
1757012094.722,latency_s,0.046011
1757012094.722,latency_s,0.045525
1757012094.729,latency_s,0.048233
1757012094.729,latency_s,0.047739
1757012094.730,latency_s,0.048292
1757012094.741,latency_s,0.047075
1757012094.743,latency_s,0.046084
1757012094.756,latency_s,0.046583
1757012094.756,latency_s,0.045774
1757012094.797,latency_s,0.046141
1757012094.803,latency_s,0.045901
1757012094.805,latency_s,0.047747
1757012094.805,latency_s,0.048056
1757012094.806,latency_s,0.047559
1757012094.807,latency_s,0.049124
1757012094.816,latency_s,0.046562
1757012094.821,latency_s,0.046569
1757012094.822,latency_s,0.045736
1757012094.823,latency_s,0.045784
1757012094.832,latency_s,0.046861
1757012094.832,latency_s,0.046827
1757012094.833,latency_s,0.046803
1757012094.842,latency_s,0.047069
1757012094.844,latency_s,0.046423
1757012094.858,latency_s,0.047945
1757012094.858,latency_s,0.046833
1757012094.899,latency_s,0.046914
1757012094.905,latency_s,0.046032
1757012094.905,latency_s,0.046312
1757012094.907,latency_s,0.048311
1757012094.907,latency_s,0.047619
1757012094.908,latency_s,0.047737
1757012094.916,latency_s,0.045916
1757012094.921,latency_s,0.046563
1757012094.925,latency_s,0.047281
1757012094.925,latency_s,0.047187
1757012094.932,latency_s,0.045657
1757012094.935,latency_s,0.046947
1757012094.935,latency_s,0.047264
1757012094.945,latency_s,0.049575
1757012094.945,latency_s,0.047077
1757012094.958,latency_s,0.046821
1757012094.958,latency_s,0.046385
1757012094.999,latency_s,0.046930
1757012095.006,latency_s,0.046177
1757012095.006,latency_s,0.046348
1757012095.009,latency_s,0.048654
1757012095.009,latency_s,0.049025
1757012095.009,latency_s,0.048472
1757012095.017,latency_s,0.045925
1757012095.023,latency_s,0.046098
1757012095.025,latency_s,0.046392
1757012095.027,latency_s,0.046253
1757012095.033,latency_s,0.046282
1757012095.033,latency_s,0.045594
1757012095.035,latency_s,0.046937
1757012095.045,latency_s,0.047159
1757012095.045,latency_s,0.046888
1757012095.059,latency_s,0.047390
1757012095.059,latency_s,0.046402
1757012095.099,latency_s,0.047205
1757012095.110,latency_s,0.049256
1757012095.110,latency_s,0.049285
1757012095.110,latency_s,0.048399
1757012095.110,latency_s,0.048437
1757012095.110,latency_s,0.046117
1757012095.119,latency_s,0.046552
1757012095.124,latency_s,0.046843
1757012095.125,latency_s,0.046090
1757012095.128,latency_s,0.046161
1757012095.134,latency_s,0.046550
1757012095.136,latency_s,0.046501
1757012095.136,latency_s,0.046464
1757012095.146,latency_s,0.047405
1757012095.146,latency_s,0.046577
1757012095.160,latency_s,0.048025
1757012095.160,latency_s,0.046914
1757012095.199,latency_s,0.046444
1757012095.212,latency_s,0.050570
1757012095.212,latency_s,0.050220
1757012095.212,latency_s,0.049864
1757012095.212,latency_s,0.049858
1757012095.212,latency_s,0.046902
1757012095.221,latency_s,0.048642
1757012095.225,latency_s,0.046973
1757012095.225,latency_s,0.045996
1757012095.229,latency_s,0.047077
1757012095.234,latency_s,0.046815
1757012095.239,latency_s,0.046500
1757012095.239,latency_s,0.046825
1757012095.247,latency_s,0.047617
1757012095.247,latency_s,0.046783
1757012095.260,latency_s,0.047652
1757012095.261,latency_s,0.047685
1757012095.300,latency_s,0.046659
1757012095.312,latency_s,0.049273
1757012095.312,latency_s,0.049012
1757012095.312,latency_s,0.049198
1757012095.312,latency_s,0.046561
1757012095.312,latency_s,0.046731
1757012095.319,latency_s,0.046444
1757012095.325,latency_s,0.045923
1757012095.326,latency_s,0.045445
1757012095.332,latency_s,0.047724
1757012095.337,latency_s,0.045918
1757012095.339,latency_s,0.046104
1757012095.339,latency_s,0.046366
1757012095.345,latency_s,0.045378
1757012095.348,latency_s,0.046881
1757012095.359,latency_s,0.046932
1757012095.363,latency_s,0.047403
1757012095.401,latency_s,0.046840
1757012095.409,latency_s,0.046385
1757012095.409,latency_s,0.046096
1757012095.411,latency_s,0.047925
1757012095.414,latency_s,0.047035
1757012095.414,latency_s,0.047203
1757012095.420,latency_s,0.047195
1757012095.426,latency_s,0.046879
1757012095.428,latency_s,0.045730
1757012095.433,latency_s,0.046063
1757012095.438,latency_s,0.046248
1757012095.440,latency_s,0.046523
1757012095.441,latency_s,0.046759
1757012095.447,latency_s,0.046381
1757012095.449,latency_s,0.046201
1757012095.459,latency_s,0.046220
1757012095.462,latency_s,0.046567
1757012095.502,latency_s,0.047312
1757012095.511,latency_s,0.047473
1757012095.511,latency_s,0.046563
1757012095.511,latency_s,0.046510
1757012095.515,latency_s,0.047736
1757012095.515,latency_s,0.047878
1757012095.519,latency_s,0.045435
1757012095.529,latency_s,0.047625
1757012095.529,latency_s,0.046793
1757012095.533,latency_s,0.046517
1757012095.539,latency_s,0.046087
1757012095.542,latency_s,0.046890
1757012095.542,latency_s,0.046716
1757012095.548,latency_s,0.046739
1757012095.550,latency_s,0.047062
1757012095.562,latency_s,0.048263
1757012095.565,latency_s,0.047327
1757012095.602,latency_s,0.046098
1757012095.611,latency_s,0.046653
1757012095.613,latency_s,0.046048
1757012095.614,latency_s,0.046990
1757012095.614,latency_s,0.046780
1757012095.618,latency_s,0.046328
1757012095.621,latency_s,0.046163
1757012095.629,latency_s,0.046964
1757012095.629,latency_s,0.046134
1757012095.634,latency_s,0.046421
1757012095.643,latency_s,0.048027
1757012095.643,latency_s,0.048039
1757012095.643,latency_s,0.048194
1757012095.647,latency_s,0.045609
1757012095.650,latency_s,0.046856
1757012095.659,latency_s,0.045764
1757012095.666,latency_s,0.047639
1757012095.704,latency_s,0.047661
1757012095.711,latency_s,0.046341
1757012095.715,latency_s,0.047648
1757012095.715,latency_s,0.047544
1757012095.715,latency_s,0.047572
1757012095.719,latency_s,0.046103
1757012095.721,latency_s,0.046184
1757012095.730,latency_s,0.047173
1757012095.731,latency_s,0.047471
1757012095.736,latency_s,0.046232
1757012095.741,latency_s,0.046097
1757012095.742,latency_s,0.045964
1757012095.743,latency_s,0.047243
1757012095.748,latency_s,0.045995
1757012095.749,latency_s,0.045653
1757012095.761,latency_s,0.046886
1757012095.769,latency_s,0.046214
1757012095.802,latency_s,0.045418
1757012095.811,latency_s,0.046469
1757012095.814,latency_s,0.046118
1757012095.814,latency_s,0.046147
1757012095.815,latency_s,0.047159
1757012095.819,latency_s,0.045917
1757012095.822,latency_s,0.046445
1757012095.830,latency_s,0.046455
1757012095.831,latency_s,0.046627
1757012095.838,latency_s,0.047553
1757012095.845,latency_s,0.047925
1757012095.845,latency_s,0.047854
1757012095.845,latency_s,0.047640
1757012095.849,latency_s,0.046356
1757012095.851,latency_s,0.046191
1757012095.861,latency_s,0.046477
1757012095.874,latency_s,0.046308
1757012095.906,latency_s,0.047057
1757012095.912,latency_s,0.046445
1757012095.916,latency_s,0.046759
1757012095.920,latency_s,0.046925
1757012095.920,latency_s,0.047098
1757012095.920,latency_s,0.046335
1757012095.923,latency_s,0.045986
1757012095.930,latency_s,0.046189
1757012095.933,latency_s,0.045410
1757012095.939,latency_s,0.046587
1757012095.944,latency_s,0.046133
1757012095.945,latency_s,0.047305
1757012095.945,latency_s,0.047419
1757012095.949,latency_s,0.045918
1757012095.953,latency_s,0.046273
1757012095.961,latency_s,0.046221
1757012095.978,latency_s,0.047310
1757012096.006,latency_s,0.046398
1757012096.012,latency_s,0.046488
1757012096.017,latency_s,0.046842
1757012096.019,latency_s,0.045674
1757012096.020,latency_s,0.045883
1757012096.021,latency_s,0.046608
1757012096.024,latency_s,0.046481
1757012096.031,latency_s,0.046272
1757012096.034,latency_s,0.046312
1757012096.042,latency_s,0.046196
1757012096.044,latency_s,0.046401
1757012096.044,latency_s,0.046599
1757012096.048,latency_s,0.046201
1757012096.050,latency_s,0.045963
1757012096.053,latency_s,0.045959
1757012096.063,latency_s,0.046463
1757012096.078,latency_s,0.046611
1757012096.107,latency_s,0.047047
1757012096.112,latency_s,0.046086
1757012096.117,latency_s,0.047064
1757012096.125,latency_s,0.048718
1757012096.125,latency_s,0.048342
1757012096.125,latency_s,0.048514
1757012096.125,latency_s,0.047282
1757012096.132,latency_s,0.046293
1757012096.134,latency_s,0.046246
1757012096.145,latency_s,0.046576
1757012096.148,latency_s,0.046984
1757012096.149,latency_s,0.047114
1757012096.150,latency_s,0.046215
1757012096.154,latency_s,0.047246
1757012096.155,latency_s,0.046915
1757012096.163,latency_s,0.046390
1757012096.182,latency_s,0.048413
1757012096.207,latency_s,0.047095
1757012096.213,latency_s,0.046335
1757012096.217,latency_s,0.046326
1757012096.227,latency_s,0.049636
1757012096.227,latency_s,0.049463
1757012096.228,latency_s,0.049308
1757012096.228,latency_s,0.049905
1757012096.233,latency_s,0.045912
1757012096.235,latency_s,0.046016
1757012096.246,latency_s,0.047348
1757012096.250,latency_s,0.047397
1757012096.250,latency_s,0.047616
1757012096.250,latency_s,0.045533
1757012096.255,latency_s,0.047212
1757012096.255,latency_s,0.047244
1757012096.264,latency_s,0.046843
1757012096.283,latency_s,0.046434
1757012096.307,latency_s,0.046485
1757012096.314,latency_s,0.046914
1757012096.318,latency_s,0.046484
1757012096.326,latency_s,0.048009
1757012096.326,latency_s,0.047966
1757012096.369,latency_s,0.090657
1757012096.369,latency_s,0.090611
1757012096.369,latency_s,0.081815
1757012096.369,latency_s,0.079618
1757012096.369,latency_s,0.069643
1757012096.369,latency_s,0.065090
1757012096.369,latency_s,0.065044
1757012096.369,latency_s,0.064274
1757012096.369,latency_s,0.061224
1757012096.369,latency_s,0.061260
1757012096.369,latency_s,0.052156
1757012096.385,latency_s,0.046903
1757012096.409,latency_s,0.047449
1757012096.415,latency_s,0.046238
1757012096.420,latency_s,0.046790
1757012096.428,latency_s,0.048660
1757012096.428,latency_s,0.048508
1757012096.428,latency_s,0.048582
1757012096.428,latency_s,0.048638
1757012096.434,latency_s,0.046330
1757012096.438,latency_s,0.047123
1757012096.447,latency_s,0.047135
1757012096.451,latency_s,0.045819
1757012096.456,latency_s,0.050722
1757012096.456,latency_s,0.050473
1757012096.456,latency_s,0.047826
1757012096.456,latency_s,0.047921
1757012096.464,latency_s,0.046079
1757012096.485,latency_s,0.046630
1757012096.508,latency_s,0.046007
1757012096.516,latency_s,0.046542
1757012096.519,latency_s,0.046241
1757012096.528,latency_s,0.048813
1757012096.528,latency_s,0.048655
1757012096.528,latency_s,0.048585
1757012096.529,latency_s,0.048427
1757012096.537,latency_s,0.046082
1757012096.540,latency_s,0.047037
1757012096.546,latency_s,0.045627
1757012096.553,latency_s,0.047241
1757012096.554,latency_s,0.046434
1757012096.556,latency_s,0.047280
1757012096.561,latency_s,0.051689
1757012096.566,latency_s,0.046248
1757012096.567,latency_s,0.047173
1757012096.591,latency_s,0.046850
1757012096.611,latency_s,0.047423
1757012096.616,latency_s,0.046218
1757012096.619,latency_s,0.045756
1757012096.627,latency_s,0.046526
1757012096.628,latency_s,0.047837
1757012096.628,latency_s,0.047885
1757012096.629,latency_s,0.047781
1757012096.638,latency_s,0.046217
1757012096.642,latency_s,0.046605
1757012096.648,latency_s,0.047406
1757012096.652,latency_s,0.045907
1757012096.657,latency_s,0.048103
1757012096.657,latency_s,0.047927
1757012096.657,latency_s,0.046982
1757012096.667,latency_s,0.046132
1757012096.668,latency_s,0.047712
1757012096.695,latency_s,0.047327
1757012096.711,latency_s,0.046610
1757012096.717,latency_s,0.046256
1757012096.719,latency_s,0.045816
1757012096.730,latency_s,0.049046
1757012096.730,latency_s,0.048856
1757012096.730,latency_s,0.048774
1757012096.730,latency_s,0.049009
1757012096.739,latency_s,0.046033
1757012096.744,latency_s,0.045900
1757012096.748,latency_s,0.047090
1757012096.753,latency_s,0.046202
1757012096.756,latency_s,0.047719
1757012096.757,latency_s,0.047598
1757012096.757,latency_s,0.045860
1757012096.768,latency_s,0.047072
1757012096.768,latency_s,0.047019
1757012096.795,latency_s,0.046915
1757012096.812,latency_s,0.046943
1757012096.819,latency_s,0.048063
1757012096.820,latency_s,0.046172
1757012096.829,latency_s,0.048007
1757012096.829,latency_s,0.047781
1757012096.829,latency_s,0.047951
1757012096.829,latency_s,0.048111
1757012096.840,latency_s,0.046479
1757012096.848,latency_s,0.046916
1757012096.848,latency_s,0.046380
1757012096.856,latency_s,0.048337
1757012096.856,latency_s,0.046800
1757012096.856,latency_s,0.047059
1757012096.858,latency_s,0.047064
1757012096.869,latency_s,0.047253
1757012096.869,latency_s,0.047329
1757012096.895,latency_s,0.046481
1757012096.912,latency_s,0.046094
1757012096.917,latency_s,0.045765
1757012096.920,latency_s,0.046130
1757012096.929,latency_s,0.047332
1757012096.929,latency_s,0.047261
1757012096.929,latency_s,0.046530
1757012096.929,latency_s,0.046603
1757012096.940,latency_s,0.046562
1757012096.950,latency_s,0.048311
1757012096.950,latency_s,0.047841
1757012096.955,latency_s,0.046794
1757012096.956,latency_s,0.045947
1757012096.956,latency_s,0.046329
1757012096.959,latency_s,0.046154
1757012096.970,latency_s,0.047014
1757012096.970,latency_s,0.046170
1757012096.996,latency_s,0.046436
1757012097.012,latency_s,0.046117
1757012097.018,latency_s,0.046140
1757012097.020,latency_s,0.045854
1757012097.029,latency_s,0.046585
1757012097.030,latency_s,0.047650
1757012097.030,latency_s,0.047294
1757012097.030,latency_s,0.046922
1757012097.042,latency_s,0.046553
1757012097.048,latency_s,0.045674
1757012097.052,latency_s,0.046402
1757012097.055,latency_s,0.046415
1757012097.057,latency_s,0.046503
1757012097.057,latency_s,0.046632
1757012097.059,latency_s,0.045687
1757012097.070,latency_s,0.046375
1757012097.071,latency_s,0.047184
1757012097.098,latency_s,0.047267
1757012097.113,latency_s,0.046639
1757012097.119,latency_s,0.046717
1757012097.120,latency_s,0.045424
1757012097.131,latency_s,0.048484
1757012097.131,latency_s,0.048471
1757012097.131,latency_s,0.048170
1757012097.131,latency_s,0.047960
1757012097.142,latency_s,0.046137
1757012097.150,latency_s,0.046977
1757012097.153,latency_s,0.046613
1757012097.155,latency_s,0.046530
1757012097.157,latency_s,0.046243
1757012097.157,latency_s,0.046330
1757012097.160,latency_s,0.046339
1757012097.173,latency_s,0.048567
1757012097.173,latency_s,0.048510
1757012097.198,latency_s,0.046667
1757012097.214,latency_s,0.047201
1757012097.220,latency_s,0.046859
1757012097.221,latency_s,0.045894
1757012097.230,latency_s,0.047018
1757012097.230,latency_s,0.046875
1757012097.230,latency_s,0.046583
1757012097.234,latency_s,0.046593
1757012097.243,latency_s,0.046690
1757012097.250,latency_s,0.046249
1757012097.256,latency_s,0.047113
1757012097.256,latency_s,0.046815
1757012097.259,latency_s,0.046904
1757012097.259,latency_s,0.046954
1757012097.260,latency_s,0.045681
1757012097.272,latency_s,0.047598
1757012097.272,latency_s,0.047598
1757012097.298,latency_s,0.046321
1757012097.314,latency_s,0.046355
1757012097.320,latency_s,0.046115
1757012097.322,latency_s,0.046092
1757012097.332,latency_s,0.047975
1757012097.333,latency_s,0.048939
1757012097.333,latency_s,0.048562
1757012097.333,latency_s,0.046190
1757012097.343,latency_s,0.046697
1757012097.350,latency_s,0.045777
1757012097.357,latency_s,0.048268
1757012097.357,latency_s,0.048274
1757012097.358,latency_s,0.045903
1757012097.359,latency_s,0.046426
1757012097.361,latency_s,0.045673
1757012097.372,latency_s,0.046264
1757012097.373,latency_s,0.045736
1757012097.399,latency_s,0.047182
1757012097.415,latency_s,0.047003
1757012097.421,latency_s,0.046159
1757012097.423,latency_s,0.045639
1757012097.433,latency_s,0.047848
1757012097.433,latency_s,0.047573
1757012097.439,latency_s,0.045818
1757012097.439,latency_s,0.045810
1757012097.444,latency_s,0.045824
1757012097.450,latency_s,0.046203
1757012097.457,latency_s,0.047594
1757012097.457,latency_s,0.047490
1757012097.459,latency_s,0.046916
1757012097.460,latency_s,0.046836
1757012097.461,latency_s,0.045765
1757012097.473,latency_s,0.047025
1757012097.475,latency_s,0.045676
1757012097.500,latency_s,0.046493
1757012097.515,latency_s,0.046384
1757012097.521,latency_s,0.046302
1757012097.524,latency_s,0.045460
1757012097.532,latency_s,0.046686
1757012097.532,latency_s,0.046561
1757012097.540,latency_s,0.045941
1757012097.541,latency_s,0.045921
1757012097.545,latency_s,0.046129
1757012097.551,latency_s,0.046766
1757012097.556,latency_s,0.045922
1757012097.560,latency_s,0.046347
1757012097.562,latency_s,0.046032
1757012097.562,latency_s,0.046013
1757012097.563,latency_s,0.045535
1757012097.573,latency_s,0.045850
1757012097.576,latency_s,0.045820
1757012097.600,latency_s,0.046033
1757012097.616,latency_s,0.046473
1757012097.622,latency_s,0.046937
1757012097.625,latency_s,0.046435
1757012097.632,latency_s,0.045950
1757012097.633,latency_s,0.046094
1757012097.642,latency_s,0.046680
1757012097.642,latency_s,0.046902
1757012097.646,latency_s,0.046477
1757012097.652,latency_s,0.046996
1757012097.659,latency_s,0.048219
1757012097.661,latency_s,0.046299
1757012097.662,latency_s,0.046346
1757012097.664,latency_s,0.047942
1757012097.664,latency_s,0.046035
1757012097.679,latency_s,0.048251
1757012097.679,latency_s,0.048734
1757012097.701,latency_s,0.046504
1757012097.716,latency_s,0.046232
1757012097.722,latency_s,0.045599
1757012097.726,latency_s,0.047122
1757012097.734,latency_s,0.046542
1757012097.737,latency_s,0.047839
1757012097.743,latency_s,0.045671
1757012097.745,latency_s,0.046056
1757012097.746,latency_s,0.046057
1757012097.751,latency_s,0.046159
1757012097.756,latency_s,0.045392
1757012097.763,latency_s,0.047359
1757012097.763,latency_s,0.046993
1757012097.763,latency_s,0.046653
1757012097.765,latency_s,0.045767
1757012097.779,latency_s,0.048143
1757012097.779,latency_s,0.047993
1757012097.803,latency_s,0.047970
1757012097.816,latency_s,0.046021
1757012097.825,latency_s,0.046967
1757012097.826,latency_s,0.045854
1757012097.835,latency_s,0.046727
1757012097.837,latency_s,0.046335
1757012097.848,latency_s,0.049200
1757012097.848,latency_s,0.048307
1757012097.848,latency_s,0.048090
1757012097.852,latency_s,0.046347
1757012097.859,latency_s,0.046849
1757012097.863,latency_s,0.046279
1757012097.864,latency_s,0.046863
1757012097.864,latency_s,0.045774
1757012097.866,latency_s,0.045996
1757012097.879,latency_s,0.046717
1757012097.882,latency_s,0.049413
1757012097.903,latency_s,0.046615
1757012097.917,latency_s,0.046388
1757012097.927,latency_s,0.049011
1757012097.927,latency_s,0.046377
1757012097.934,latency_s,0.045745
1757012097.941,latency_s,0.049259
1757012097.947,latency_s,0.048447
1757012097.947,latency_s,0.047392
1757012097.947,latency_s,0.047541
1757012097.953,latency_s,0.046473
1757012097.962,latency_s,0.047364
1757012097.965,latency_s,0.048065
1757012097.965,latency_s,0.047946
1757012097.965,latency_s,0.046671
1757012097.967,latency_s,0.046075
1757012097.979,latency_s,0.046091
1757012097.979,latency_s,0.045459
1757012098.004,latency_s,0.046178
1757012098.018,latency_s,0.047180
1757012098.025,latency_s,0.046594
1757012098.028,latency_s,0.046445
1757012098.035,latency_s,0.046475
1757012098.040,latency_s,0.047157
1757012098.047,latency_s,0.047429
1757012098.047,latency_s,0.046355
1757012098.047,latency_s,0.046447
1757012098.054,latency_s,0.046485
1757012098.063,latency_s,0.047341
1757012098.065,latency_s,0.046968
1757012098.065,latency_s,0.046630
1757012098.065,latency_s,0.046293
1757012098.067,latency_s,0.045855
1757012098.079,latency_s,0.046245
1757012098.083,latency_s,0.046530
1757012098.105,latency_s,0.046817
1757012098.119,latency_s,0.047056
1757012098.125,latency_s,0.046773
1757012098.128,latency_s,0.046173
1757012098.137,latency_s,0.046389
1757012098.141,latency_s,0.046571
1757012098.148,latency_s,0.047020
1757012098.148,latency_s,0.047057
1757012098.149,latency_s,0.047002
1757012098.155,latency_s,0.046770
1757012098.162,latency_s,0.046437
1757012098.164,latency_s,0.045729
1757012098.165,latency_s,0.046345
1757012098.165,latency_s,0.045486
1757012098.168,latency_s,0.045614
1757012098.180,latency_s,0.046199
1757012098.186,latency_s,0.048347
1757012098.205,latency_s,0.046350
1757012098.219,latency_s,0.045977
1757012098.226,latency_s,0.046105
1757012098.230,latency_s,0.047153
1757012098.237,latency_s,0.046274
1757012098.242,latency_s,0.046488
1757012098.247,latency_s,0.046235
1757012098.247,latency_s,0.046156
1757012098.248,latency_s,0.046115
1757012098.256,latency_s,0.047607
1757012098.262,latency_s,0.046262
1757012098.266,latency_s,0.047088
1757012098.268,latency_s,0.048094
1757012098.268,latency_s,0.048288
1757012098.272,latency_s,0.046415
1757012098.281,latency_s,0.046944
1757012098.284,latency_s,0.046110
1757012098.306,latency_s,0.046751
1757012098.323,latency_s,0.049582
1757012098.326,latency_s,0.045615
1757012098.331,latency_s,0.046529
1757012098.338,latency_s,0.046701
1757012098.342,latency_s,0.046651
1757012098.348,latency_s,0.047516
1757012098.349,latency_s,0.047429
1757012098.350,latency_s,0.045926
1757012098.356,latency_s,0.046537
1757012098.364,latency_s,0.046487
1757012098.367,latency_s,0.047621
1757012098.368,latency_s,0.047762
1757012098.368,latency_s,0.045925
1757012098.372,latency_s,0.046028
1757012098.381,latency_s,0.046275
1757012098.385,latency_s,0.046472
1757012098.407,latency_s,0.046839
1757012098.421,latency_s,0.046499
1757012098.427,latency_s,0.046079
1757012098.431,latency_s,0.046153
1757012098.438,latency_s,0.046467
1757012098.443,latency_s,0.046978
1757012098.448,latency_s,0.047018
1757012098.448,latency_s,0.046880
1757012098.452,latency_s,0.046066
1757012098.466,latency_s,0.055468
1757012098.466,latency_s,0.047719
1757012098.468,latency_s,0.048183
1757012098.468,latency_s,0.046592
1757012098.469,latency_s,0.046102
1757012098.475,latency_s,0.046724
1757012098.482,latency_s,0.047307
1757012098.485,latency_s,0.045817
1757012098.507,latency_s,0.046682
1757012098.523,latency_s,0.047252
1757012098.528,latency_s,0.046893
1757012098.532,latency_s,0.046906
1757012098.540,latency_s,0.046273
1757012098.544,latency_s,0.046202
1757012098.548,latency_s,0.045582
1757012098.548,latency_s,0.045933
1757012098.554,latency_s,0.047725
1757012098.559,latency_s,0.047666
1757012098.566,latency_s,0.046375
1757012098.567,latency_s,0.047417
1757012098.568,latency_s,0.045904
1757012098.570,latency_s,0.045824
1757012098.576,latency_s,0.046160
1757012098.587,latency_s,0.051172
1757012098.587,latency_s,0.047308
1757012098.609,latency_s,0.047144
1757012098.622,latency_s,0.046355
1757012098.628,latency_s,0.046119
1757012098.632,latency_s,0.045922
1757012098.640,latency_s,0.046125
1757012098.646,latency_s,0.047053
1757012098.649,latency_s,0.046467
1757012098.649,latency_s,0.046335
1757012098.653,latency_s,0.046332
1757012098.659,latency_s,0.047017
1757012098.668,latency_s,0.047843
1757012098.668,latency_s,0.047632
1757012098.669,latency_s,0.046342
1757012098.672,latency_s,0.046115
1757012098.676,latency_s,0.045871
1757012098.683,latency_s,0.047043
1757012098.687,latency_s,0.047405
1757012098.709,latency_s,0.046000
1757012098.725,latency_s,0.047909
1757012098.729,latency_s,0.046380
1757012098.734,latency_s,0.046492
1757012098.741,latency_s,0.046816
1757012098.746,latency_s,0.046943
1757012098.749,latency_s,0.046548
1757012098.750,latency_s,0.045781
1757012098.754,latency_s,0.045864
1757012098.761,latency_s,0.046317
1757012098.767,latency_s,0.046613
1757012098.769,latency_s,0.047361
1757012098.769,latency_s,0.046587
1757012098.772,latency_s,0.045894
1757012098.780,latency_s,0.047403
1757012098.782,latency_s,0.046226
1757012098.787,latency_s,0.046637
1757012098.810,latency_s,0.047257
1757012098.826,latency_s,0.046066
1757012098.829,latency_s,0.046362
1757012098.834,latency_s,0.046339
1757012098.841,latency_s,0.045708
1757012098.846,latency_s,0.046453
1757012098.850,latency_s,0.046554
1757012098.852,latency_s,0.046104
1757012098.856,latency_s,0.047303
1757012098.863,latency_s,0.046478
1757012098.867,latency_s,0.046437
1757012098.867,latency_s,0.045667
1757012098.870,latency_s,0.046072
1757012098.873,latency_s,0.046503
1757012098.881,latency_s,0.047035
1757012098.883,latency_s,0.046584
1757012098.888,latency_s,0.046329
1757012098.911,latency_s,0.046916
1757012098.928,latency_s,0.046525
1757012098.930,latency_s,0.047007
1757012098.934,latency_s,0.046480
1757012098.942,latency_s,0.045665
1757012098.946,latency_s,0.046263
1757012098.950,latency_s,0.045978
1757012098.961,latency_s,0.047191
1757012098.961,latency_s,0.047288
1757012098.963,latency_s,0.046528
1757012098.969,latency_s,0.048358
1757012098.970,latency_s,0.046829
1757012098.971,latency_s,0.047179
1757012098.975,latency_s,0.046541
1757012098.981,latency_s,0.045974
1757012098.982,latency_s,0.045644
1757012098.990,latency_s,0.046540
1757012099.011,latency_s,0.045935
1757012099.030,latency_s,0.047123
1757012099.030,latency_s,0.046357
1757012099.035,latency_s,0.046131
1757012099.043,latency_s,0.045889
1757012099.047,latency_s,0.046966
1757012099.050,latency_s,0.045953
1757012099.061,latency_s,0.046377
1757012099.063,latency_s,0.046233
1757012099.064,latency_s,0.045994
1757012099.067,latency_s,0.046064
1757012099.071,latency_s,0.047166
1757012099.071,latency_s,0.047030
1757012099.075,latency_s,0.045882
1757012099.081,latency_s,0.045953
1757012099.083,latency_s,0.045858
1757012099.090,latency_s,0.046130
1757012099.111,latency_s,0.046093
1757012099.129,latency_s,0.046288
1757012099.131,latency_s,0.046162
1757012099.136,latency_s,0.046500
1757012099.144,latency_s,0.047022
1757012099.148,latency_s,0.046944
1757012099.150,latency_s,0.045625
1757012099.161,latency_s,0.045947
1757012099.164,latency_s,0.046827
1757012099.164,latency_s,0.046012
1757012099.168,latency_s,0.046365
1757012099.170,latency_s,0.045571
1757012099.171,latency_s,0.046146
1757012099.177,latency_s,0.047428
1757012099.183,latency_s,0.047294
1757012099.183,latency_s,0.046320
1757012099.192,latency_s,0.046358
1757012099.213,latency_s,0.046506
1757012099.233,latency_s,0.047821
1757012099.234,latency_s,0.047137
1757012099.236,latency_s,0.046093
1757012099.245,latency_s,0.047522
1757012099.248,latency_s,0.046262
1757012099.253,latency_s,0.046559
1757012099.263,latency_s,0.046463
1757012099.265,latency_s,0.046522
1757012099.270,latency_s,0.047866
1757012099.272,latency_s,0.048990
1757012099.272,latency_s,0.046411
1757012099.272,latency_s,0.046785
1757012099.277,latency_s,0.046155
1757012099.285,latency_s,0.047659
1757012099.285,latency_s,0.047609
1757012099.294,latency_s,0.046460
1757012099.314,latency_s,0.046671
1757012099.333,latency_s,0.047220
1757012099.334,latency_s,0.046592
1757012099.336,latency_s,0.045842
1757012099.345,latency_s,0.046235
1757012099.348,latency_s,0.046082
1757012099.353,latency_s,0.045900
1757012099.364,latency_s,0.046998
1757012099.367,latency_s,0.046957
1757012099.370,latency_s,0.047818
1757012099.371,latency_s,0.047431
1757012099.373,latency_s,0.047454
1757012099.373,latency_s,0.047661
1757012099.379,latency_s,0.045950
1757012099.386,latency_s,0.047679
1757012099.386,latency_s,0.048009
1757012099.394,latency_s,0.046123
1757012099.416,latency_s,0.047011
1757012099.433,latency_s,0.046441
1757012099.434,latency_s,0.046013
1757012099.446,latency_s,0.046128
1757012099.448,latency_s,0.045825
1757012099.453,latency_s,0.045714
1757012099.465,latency_s,0.046478
1757012099.468,latency_s,0.047134
1757012099.469,latency_s,0.046079
1757012099.471,latency_s,0.047049
1757012099.474,latency_s,0.046852
1757012099.475,latency_s,0.047575
1757012099.483,latency_s,0.046941
1757012099.486,latency_s,0.047826
1757012099.487,latency_s,0.048379
1757012099.496,latency_s,0.046739
1757012099.516,latency_s,0.046549
1757012099.534,latency_s,0.047471
1757012099.535,latency_s,0.046431
1757012099.547,latency_s,0.046446
1757012099.550,latency_s,0.046550
1757012099.555,latency_s,0.047236
1757012099.565,latency_s,0.046177
1757012099.567,latency_s,0.046216
1757012099.571,latency_s,0.047648
1757012099.571,latency_s,0.045935
1757012099.574,latency_s,0.046309
1757012099.574,latency_s,0.046758
1757012099.579,latency_s,0.186999
1757012099.580,latency_s,0.088064
1757012099.587,latency_s,0.047778
1757012099.587,latency_s,0.047583
1757012099.587,latency_s,0.048279
1757012099.596,latency_s,0.046170
1757012099.617,latency_s,0.045830
1757012099.635,latency_s,0.047303
1757012099.635,latency_s,0.046506
1757012099.638,latency_s,0.045690
1757012099.646,latency_s,0.045463
1757012099.651,latency_s,0.046154
1757012099.657,latency_s,0.046242
1757012099.667,latency_s,0.046241
1757012099.670,latency_s,0.047581
1757012099.670,latency_s,0.046759
1757012099.671,latency_s,0.046108
1757012099.675,latency_s,0.046509
1757012099.675,latency_s,0.046651
1757012099.687,latency_s,0.046507
1757012099.688,latency_s,0.047905
1757012099.688,latency_s,0.047936
1757012099.697,latency_s,0.046085
1757012099.719,latency_s,0.046373
1757012099.734,latency_s,0.046416
1757012099.734,latency_s,0.045267
1757012099.739,latency_s,0.046055
1757012099.749,latency_s,0.046681
1757012099.752,latency_s,0.046128
1757012099.759,latency_s,0.046223
1757012099.770,latency_s,0.047430
1757012099.770,latency_s,0.046606
1757012099.771,latency_s,0.047348
1757012099.772,latency_s,0.046101
1757012099.774,latency_s,0.045715
1757012099.776,latency_s,0.047078
1757012099.788,latency_s,0.047029
1757012099.788,latency_s,0.047192
1757012099.788,latency_s,0.046329
1757012099.797,latency_s,0.046092
1757012099.821,latency_s,0.046729
1757012099.834,latency_s,0.045571
1757012099.835,latency_s,0.045540
1757012099.839,latency_s,0.045889
1757012099.849,latency_s,0.046115
1757012099.854,latency_s,0.046391
1757012099.862,latency_s,0.046463
1757012099.871,latency_s,0.047223
1757012099.872,latency_s,0.047477
1757012099.872,latency_s,0.047462
1757012099.874,latency_s,0.046982
1757012099.875,latency_s,0.046634
1757012099.877,latency_s,0.047794
1757012099.888,latency_s,0.046369
1757012099.888,latency_s,0.046149
1757012099.889,latency_s,0.047113
1757012099.898,latency_s,0.046767
1757012099.922,latency_s,0.045885
1757012099.935,latency_s,0.046068
1757012099.936,latency_s,0.045796
1757012099.940,latency_s,0.046359
1757012099.950,latency_s,0.046424
1757012099.955,latency_s,0.046027
1757012100.014,latency_s,0.097099
1757012100.014,latency_s,0.089921
1757012100.014,latency_s,0.089136
1757012100.014,latency_s,0.088921
1757012100.014,latency_s,0.084819
1757012100.014,latency_s,0.084856
1757012100.014,latency_s,0.084673
1757012100.014,latency_s,0.072498
1757012100.014,latency_s,0.071682
1757012100.014,latency_s,0.071590
1757012100.014,latency_s,0.062333
1757012100.023,latency_s,0.046983
1757012100.036,latency_s,0.046878
1757012100.036,latency_s,0.046116
1757012100.041,latency_s,0.046668
1757012100.050,latency_s,0.046981
1757012100.056,latency_s,0.046341
1757012100.063,latency_s,0.046484
1757012100.070,latency_s,0.045194
1757012100.074,latency_s,0.047973
1757012100.074,latency_s,0.047920
1757012100.078,latency_s,0.048198
1757012100.078,latency_s,0.048072
1757012100.079,latency_s,0.048409
1757012100.090,latency_s,0.046864
1757012100.090,latency_s,0.047088
1757012100.100,latency_s,0.057420
1757012100.101,latency_s,0.047219
1757012100.125,latency_s,0.047061
1757012100.138,latency_s,0.047793
1757012100.138,latency_s,0.045990
1757012100.141,latency_s,0.046401
1757012100.153,latency_s,0.047697
1757012100.158,latency_s,0.047198
1757012100.164,latency_s,0.046925
1757012100.171,latency_s,0.045578
1757012100.174,latency_s,0.046940
1757012100.174,latency_s,0.045763
1757012100.179,latency_s,0.048421
1757012100.179,latency_s,0.048519
1757012100.179,latency_s,0.048563
1757012100.189,latency_s,0.046131
1757012100.190,latency_s,0.046806
1757012100.197,latency_s,0.045656
1757012100.229,latency_s,0.048499
1757012100.236,latency_s,0.045925
1757012100.240,latency_s,0.046291
1757012100.241,latency_s,0.045419
1757012100.252,latency_s,0.046084
1757012100.259,latency_s,0.047341
1757012100.266,latency_s,0.046742
1757012100.272,latency_s,0.046147
1757012100.275,latency_s,0.045904
1757012100.276,latency_s,0.045888
1757012100.277,latency_s,0.045927
1757012100.278,latency_s,0.046848
1757012100.278,latency_s,0.047084
1757012100.291,latency_s,0.047436
1757012100.292,latency_s,0.047920
1757012100.301,latency_s,0.047858
1757012100.328,latency_s,0.045828
1757012100.338,latency_s,0.046520
1757012100.338,latency_s,0.184294
1757012100.339,latency_s,0.084299
1757012100.342,latency_s,0.047117
1757012100.342,latency_s,0.046292
1757012100.353,latency_s,0.047339
1757012100.360,latency_s,0.046900
1757012100.366,latency_s,0.046356
1757012100.371,latency_s,0.045526
1757012100.376,latency_s,0.046243
1757012100.378,latency_s,0.046429
1757012100.378,latency_s,0.047482
1757012100.379,latency_s,0.048114
1757012100.379,latency_s,0.048529
1757012100.390,latency_s,0.046249
1757012100.402,latency_s,0.047373
1757012100.402,latency_s,0.047651
1757012100.430,latency_s,0.046607
1757012100.439,latency_s,0.047099
1757012100.443,latency_s,0.047090
1757012100.443,latency_s,0.047139
1757012100.453,latency_s,0.046232
1757012100.464,latency_s,0.046902
1757012100.468,latency_s,0.047198
1757012100.472,latency_s,0.045818
1757012100.480,latency_s,0.047411
1757012100.480,latency_s,0.047408
1757012100.480,latency_s,0.048154
1757012100.482,latency_s,0.049997
1757012100.482,latency_s,0.050038
1757012100.492,latency_s,0.046599
1757012100.503,latency_s,0.046772
1757012100.503,latency_s,0.046568
1757012100.532,latency_s,0.187903
1757012100.532,latency_s,0.086557
1757012100.533,latency_s,0.047930
1757012100.539,latency_s,0.047510
1757012100.543,latency_s,0.045834
1757012100.544,latency_s,0.046181
1757012100.554,latency_s,0.046345
1757012100.564,latency_s,0.046371
1757012100.567,latency_s,0.045763
1757012100.573,latency_s,0.046166
1757012100.581,latency_s,0.048377
1757012100.581,latency_s,0.048424
1757012100.581,latency_s,0.048217
1757012100.581,latency_s,0.048391
1757012100.581,latency_s,0.048258
1757012100.594,latency_s,0.047334
1757012100.595,latency_s,0.047385
1757012100.603,latency_s,0.046286
1757012100.603,latency_s,0.046547
1757012100.633,latency_s,0.047499
1757012100.638,latency_s,0.046122
1757012100.644,latency_s,0.045893
1757012100.644,latency_s,0.045564
1757012100.655,latency_s,0.046775
1757012100.665,latency_s,0.046524
1757012100.670,latency_s,0.047582
1757012100.673,latency_s,0.045852
1757012100.684,latency_s,0.050434
1757012100.684,latency_s,0.050000
1757012100.684,latency_s,0.050042
1757012100.684,latency_s,0.050408
1757012100.685,latency_s,0.050805
1757012100.694,latency_s,0.045878
1757012100.696,latency_s,0.046018
1757012100.705,latency_s,0.047431
1757012100.705,latency_s,0.047559
1757012100.735,latency_s,0.046710
1757012100.740,latency_s,0.046662
1757012100.746,latency_s,0.047657
1757012100.746,latency_s,0.047597
1757012100.756,latency_s,0.046690
1757012100.767,latency_s,0.046278
1757012100.769,latency_s,0.046158
1757012100.774,latency_s,0.046112
1757012100.785,latency_s,0.049865
1757012100.785,latency_s,0.050034
1757012100.785,latency_s,0.050078
1757012100.785,latency_s,0.049760
1757012100.786,latency_s,0.050326
1757012100.794,latency_s,0.045866
1757012100.796,latency_s,0.046190
1757012100.805,latency_s,0.047197
1757012100.805,latency_s,0.046973
1757012100.835,latency_s,0.046576
1757012100.840,latency_s,0.045804
1757012100.847,latency_s,0.048311
1757012100.848,latency_s,0.047421
1757012100.856,latency_s,0.046887
1757012100.868,latency_s,0.045730
1757012100.869,latency_s,0.045414
1757012100.875,latency_s,0.046564
1757012100.885,latency_s,0.048250
1757012100.885,latency_s,0.048601
1757012100.885,latency_s,0.048526
1757012100.885,latency_s,0.048337
1757012100.885,latency_s,0.048453
1757012100.896,latency_s,0.047430
1757012100.898,latency_s,0.046534
1757012100.906,latency_s,0.047468
1757012100.907,latency_s,0.046988
1757012100.938,latency_s,0.046609
1757012100.940,latency_s,0.045902
1757012100.947,latency_s,0.047577
1757012100.947,latency_s,0.046290
1757012100.959,latency_s,0.048342
1757012100.971,latency_s,0.047148
1757012101.019,latency_s,0.093977
1757012101.019,latency_s,0.089353
1757012101.019,latency_s,0.081846
1757012101.019,latency_s,0.082143
1757012101.019,latency_s,0.081754
1757012101.019,latency_s,0.081896
1757012101.019,latency_s,0.081877
1757012101.019,latency_s,0.070352
1757012101.019,latency_s,0.066824
1757012101.019,latency_s,0.060725
1757012101.019,latency_s,0.058594
1757012101.042,latency_s,0.047077
1757012101.042,latency_s,0.046183
1757012101.046,latency_s,0.046402
1757012101.048,latency_s,0.046247
1757012101.059,latency_s,0.046883
1757012101.076,latency_s,0.047674
1757012101.076,latency_s,0.047810
1757012101.077,latency_s,0.047207
1757012101.084,latency_s,0.046582
1757012101.084,latency_s,0.047092
1757012101.086,latency_s,0.047753
1757012101.087,latency_s,0.048065
1757012101.087,latency_s,0.048447
1757012101.096,latency_s,0.047117
1757012101.100,latency_s,0.046494
1757012101.112,latency_s,0.051936
1757012101.113,latency_s,0.051207
1757012101.142,latency_s,0.046979
1757012101.143,latency_s,0.045995
1757012101.148,latency_s,0.046939
1757012101.149,latency_s,0.046720
1757012101.160,latency_s,0.048203
1757012101.177,latency_s,0.048239
1757012101.177,latency_s,0.048252
1757012101.177,latency_s,0.047368
1757012101.185,latency_s,0.046789
1757012101.188,latency_s,0.049112
1757012101.188,latency_s,0.049062
1757012101.188,latency_s,0.048868
1757012101.188,latency_s,0.049313
1757012101.198,latency_s,0.047029
1757012101.200,latency_s,0.046091
1757012101.208,latency_s,0.046618
1757012101.209,latency_s,0.046205
1757012101.243,latency_s,0.047166
1757012101.244,latency_s,0.046463
1757012101.248,latency_s,0.046940
1757012101.249,latency_s,0.046044
1757012101.260,latency_s,0.046620
1757012101.277,latency_s,0.047505
1757012101.277,latency_s,0.047377
1757012101.278,latency_s,0.047498
1757012101.289,latency_s,0.049592
1757012101.289,latency_s,0.050008
1757012101.289,latency_s,0.050369
1757012101.289,latency_s,0.049179
1757012101.289,latency_s,0.049306
1757012101.298,latency_s,0.046125
1757012101.300,latency_s,0.045759
1757012101.309,latency_s,0.046281
1757012101.314,latency_s,0.050614
1757012101.344,latency_s,0.046995
1757012101.344,latency_s,0.046272
1757012101.349,latency_s,0.047055
1757012101.350,latency_s,0.045645
1757012101.360,latency_s,0.045925
1757012101.378,latency_s,0.047535
1757012101.379,latency_s,0.046580
1757012101.384,latency_s,0.046714
1757012101.386,latency_s,0.047097
1757012101.387,latency_s,0.047460
1757012101.388,latency_s,0.047796
1757012101.388,latency_s,0.048773
1757012101.389,latency_s,0.048587
1757012101.400,latency_s,0.048102
1757012101.402,latency_s,0.046553
1757012101.412,latency_s,0.046720
1757012101.413,latency_s,0.046907
1757012101.443,latency_s,0.045814
1757012101.444,latency_s,0.045843
1757012101.449,latency_s,0.046579
1757012101.451,latency_s,0.046025
1757012101.461,latency_s,0.046342
1757012101.479,latency_s,0.047549
1757012101.479,latency_s,0.046691
1757012101.489,latency_s,0.049378
1757012101.489,latency_s,0.050193
1757012101.489,latency_s,0.048527
1757012101.489,latency_s,0.049321
1757012101.489,latency_s,0.049472
1757012101.491,latency_s,0.050730
1757012101.500,latency_s,0.046618
1757012101.502,latency_s,0.046335
1757012101.512,latency_s,0.046069
1757012101.514,latency_s,0.046807
1757012101.545,latency_s,0.046696
1757012101.545,latency_s,0.046372
1757012101.549,latency_s,0.046074
1757012101.551,latency_s,0.045858
1757012101.564,latency_s,0.046044
1757012101.578,latency_s,0.046232
1757012101.578,latency_s,0.045354
1757012101.586,latency_s,0.047047
1757012101.586,latency_s,0.046168
1757012101.588,latency_s,0.047930
1757012101.588,latency_s,0.047852
1757012101.589,latency_s,0.048473
1757012101.589,latency_s,0.048210
1757012101.599,latency_s,0.046061
1757012101.602,latency_s,0.046165
1757012101.613,latency_s,0.045933
1757012101.616,latency_s,0.047310
1757012101.647,latency_s,0.048012
1757012101.647,latency_s,0.047818
1757012101.651,latency_s,0.046802
1757012101.653,latency_s,0.046112
1757012101.665,latency_s,0.046088
1757012101.680,latency_s,0.047369
1757012101.680,latency_s,0.046093
1757012101.687,latency_s,0.046877
1757012101.687,latency_s,0.046654
1757012101.689,latency_s,0.048285
1757012101.690,latency_s,0.048648
1757012101.690,latency_s,0.049186
1757012101.691,latency_s,0.050023
1757012101.701,latency_s,0.046662
1757012101.703,latency_s,0.046225
1757012101.715,latency_s,0.046020
1757012101.717,latency_s,0.047095
1757012101.746,latency_s,0.047385
1757012101.746,latency_s,0.046493
1757012101.751,latency_s,0.046477
1757012101.754,latency_s,0.046258
1757012101.768,latency_s,0.046962
1757012101.779,latency_s,0.046514
1757012101.782,latency_s,0.047563
1757012101.787,latency_s,0.047110
1757012101.787,latency_s,0.046817
1757012101.788,latency_s,0.046879
1757012101.788,latency_s,0.046638
1757012101.791,latency_s,0.049157
1757012101.791,latency_s,0.048868
1757012101.801,latency_s,0.045965
1757012101.805,latency_s,0.047101
1757012101.816,latency_s,0.045923
1757012101.818,latency_s,0.046460
1757012101.847,latency_s,0.047440
1757012101.847,latency_s,0.046646
1757012101.852,latency_s,0.047183
1757012101.855,latency_s,0.045745
1757012101.869,latency_s,0.046746
1757012101.880,latency_s,0.046532
1757012101.882,latency_s,0.046922
1757012101.888,latency_s,0.046298
1757012101.888,latency_s,0.046445
1757012101.890,latency_s,0.048819
1757012101.890,latency_s,0.047935
1757012101.891,latency_s,0.048852
1757012101.891,latency_s,0.048577
1757012101.902,latency_s,0.046507
1757012101.905,latency_s,0.046471
1757012101.918,latency_s,0.046631
1757012101.919,latency_s,0.045845
1757012101.947,latency_s,0.047292
1757012101.947,latency_s,0.046889
1757012101.952,latency_s,0.046851
1757012101.957,latency_s,0.046921
1757012101.971,latency_s,0.047834
1757012101.980,latency_s,0.046264
1757012101.983,latency_s,0.046911
1757012101.990,latency_s,0.047328
1757012101.990,latency_s,0.047299
1757012101.990,latency_s,0.047533
1757012101.992,latency_s,0.049835
1757012101.992,latency_s,0.049700
1757012101.992,latency_s,0.049452
1757012102.003,latency_s,0.046431
1757012102.007,latency_s,0.046804
1757012102.019,latency_s,0.046618
1757012102.020,latency_s,0.046147
1757012102.049,latency_s,0.047358
1757012102.049,latency_s,0.047433
1757012102.051,latency_s,0.045423
1757012102.057,latency_s,0.046725
1757012102.076,latency_s,0.046295
1757012102.081,latency_s,0.047343
1757012102.084,latency_s,0.045660
1757012102.092,latency_s,0.049165
1757012102.092,latency_s,0.049272
1757012102.092,latency_s,0.048485
1757012102.092,latency_s,0.049029
1757012102.092,latency_s,0.049319
1757012102.092,latency_s,0.049086
1757012102.104,latency_s,0.046280
1757012102.107,latency_s,0.046706
1757012102.123,latency_s,0.048071
1757012102.123,latency_s,0.048057
1757012102.150,latency_s,0.048283
1757012102.150,latency_s,0.048377
1757012102.153,latency_s,0.046546
1757012102.159,latency_s,0.047406
1757012102.179,latency_s,0.046340
1757012102.181,latency_s,0.046500
1757012102.186,latency_s,0.046206
1757012102.191,latency_s,0.047562
1757012102.191,latency_s,0.047020
1757012102.191,latency_s,0.048110
1757012102.193,latency_s,0.049325
1757012102.193,latency_s,0.048924
1757012102.193,latency_s,0.050071
1757012102.203,latency_s,0.045506
1757012102.209,latency_s,0.046322
1757012102.223,latency_s,0.045921
1757012102.223,latency_s,0.045681
1757012102.248,latency_s,0.046167
1757012102.250,latency_s,0.047480
1757012102.253,latency_s,0.045789
1757012102.259,latency_s,0.046142
1757012102.283,latency_s,0.047070
1757012102.283,latency_s,0.046946
1757012102.288,latency_s,0.046615
1757012102.289,latency_s,0.045687
1757012102.291,latency_s,0.047002
1757012102.292,latency_s,0.047371
1757012102.292,latency_s,0.047987
1757012102.293,latency_s,0.047977
1757012102.293,latency_s,0.048907
1757012102.305,latency_s,0.046554
1757012102.312,latency_s,0.047699
1757012102.324,latency_s,0.046995
1757012102.324,latency_s,0.046732
1757012102.350,latency_s,0.047875
1757012102.350,latency_s,0.046519
1757012102.354,latency_s,0.046488
1757012102.361,latency_s,0.047343
1757012102.383,latency_s,0.047122
1757012102.389,latency_s,0.046765
1757012102.391,latency_s,0.047491
1757012102.391,latency_s,0.046943
1757012102.393,latency_s,0.048698
1757012102.393,latency_s,0.049176
1757012102.393,latency_s,0.048308
1757012102.393,latency_s,0.048647
1757012102.395,latency_s,0.049436
1757012102.405,latency_s,0.046241
1757012102.413,latency_s,0.045886
1757012102.426,latency_s,0.046583
1757012102.426,latency_s,0.046973
1757012102.449,latency_s,0.046597
1757012102.450,latency_s,0.045781
1757012102.456,latency_s,0.047300
1757012102.460,latency_s,0.046165
1757012102.484,latency_s,0.046618
1757012102.494,latency_s,0.050084
1757012102.494,latency_s,0.049207
1757012102.494,latency_s,0.049245
1757012102.494,latency_s,0.046848
1757012102.495,latency_s,0.046859
1757012102.495,latency_s,0.047055
1757012102.495,latency_s,0.047086
1757012102.497,latency_s,0.048501
1757012102.507,latency_s,0.046732
1757012102.514,latency_s,0.045810
1757012102.526,latency_s,0.045967
1757012102.528,latency_s,0.046422
1757012102.551,latency_s,0.047032
1757012102.553,latency_s,0.045650
1757012102.556,latency_s,0.046115
1757012102.561,latency_s,0.046157
1757012102.584,latency_s,0.046333
1757012102.592,latency_s,0.048294
1757012102.593,latency_s,0.047686
1757012102.593,latency_s,0.047966
1757012102.595,latency_s,0.047353
1757012102.595,latency_s,0.046835
1757012102.595,latency_s,0.046849
1757012102.596,latency_s,0.046805
1757012102.598,latency_s,0.049023
1757012102.608,latency_s,0.046463
1757012102.615,latency_s,0.046472
1757012102.628,latency_s,0.047168
1757012102.629,latency_s,0.046794
1757012102.652,latency_s,0.047344
1757012102.656,latency_s,0.046143
1757012102.657,latency_s,0.046497
1757012102.662,latency_s,0.046590
1757012102.685,latency_s,0.046732
1757012102.694,latency_s,0.049654
1757012102.695,latency_s,0.049434
1757012102.695,latency_s,0.048266
1757012102.695,latency_s,0.046374
1757012102.695,latency_s,0.045440
1757012102.697,latency_s,0.047565
1757012102.697,latency_s,0.047829
1757012102.697,latency_s,0.047614
1757012102.707,latency_s,0.045907
1757012102.720,latency_s,0.045949
1757012102.729,latency_s,0.046986
1757012102.730,latency_s,0.046985
1757012102.752,latency_s,0.046203
1757012102.757,latency_s,0.045860
1757012102.760,latency_s,0.046059
1757012102.762,latency_s,0.046103
1757012102.786,latency_s,0.047156
1757012102.791,latency_s,0.045906
1757012102.793,latency_s,0.047162
1757012102.793,latency_s,0.046688
1757012102.795,latency_s,0.046154
1757012102.797,latency_s,0.047308
1757012102.799,latency_s,0.048886
1757012102.799,latency_s,0.049167
1757012102.799,latency_s,0.048579
1757012102.807,latency_s,0.045347
1757012102.825,latency_s,0.045800
1757012102.831,latency_s,0.047071
1757012102.835,latency_s,0.045982
1757012102.852,latency_s,0.045688
1757012102.858,latency_s,0.046786
1757012102.864,latency_s,0.047404
1757012102.864,latency_s,0.046499
1757012102.887,latency_s,0.046528
1757012102.893,latency_s,0.047024
1757012102.893,latency_s,0.046992
1757012102.894,latency_s,0.046166
1757012102.896,latency_s,0.046589
1757012102.896,latency_s,0.045918
1757012102.897,latency_s,0.046451
1757012102.897,latency_s,0.047524
1757012102.898,latency_s,0.046779
1757012102.910,latency_s,0.046797
1757012102.926,latency_s,0.046559
1757012102.933,latency_s,0.048897
1757012102.935,latency_s,0.046469
1757012102.953,latency_s,0.046990
1757012102.958,latency_s,0.045606
1757012102.964,latency_s,0.047345
1757012102.965,latency_s,0.046387
1757012102.987,latency_s,0.046328
1757012102.992,latency_s,0.045800
1757012102.993,latency_s,0.046254
1757012102.994,latency_s,0.046096
1757012102.998,latency_s,0.048667
1757012102.998,latency_s,0.048512
1757012102.999,latency_s,0.048250
1757012102.999,latency_s,0.049108
1757012102.999,latency_s,0.048263
1757012103.014,latency_s,0.045672
1757012103.027,latency_s,0.046962
1757012103.031,latency_s,0.045981
1757012103.035,latency_s,0.046036
1757012103.054,latency_s,0.046455
1757012103.058,latency_s,0.045628
1757012103.064,latency_s,0.046656
1757012103.065,latency_s,0.045816
1757012103.087,latency_s,0.046407
1757012103.094,latency_s,0.047353
1757012103.094,latency_s,0.046375
1757012103.095,latency_s,0.046904
1757012103.097,latency_s,0.046362
1757012103.098,latency_s,0.048024
1757012103.098,latency_s,0.047173
1757012103.100,latency_s,0.048659
1757012103.100,latency_s,0.048640
1757012103.119,latency_s,0.047025
1757012103.127,latency_s,0.046690
1757012103.135,latency_s,0.048396
1757012103.137,latency_s,0.046262
1757012103.154,latency_s,0.045980
1757012103.159,latency_s,0.046178
1757012103.164,latency_s,0.046525
1757012103.168,latency_s,0.046469
1757012103.189,latency_s,0.046896
1757012103.192,latency_s,0.045872
1757012103.194,latency_s,0.045786
1757012103.196,latency_s,0.046512
1757012103.200,latency_s,0.048431
1757012103.200,latency_s,0.048050
1757012103.200,latency_s,0.048273
1757012103.200,latency_s,0.048169
1757012103.200,latency_s,0.048803
1757012103.223,latency_s,0.046308
1757012103.227,latency_s,0.046075
1757012103.233,latency_s,0.046026
1757012103.237,latency_s,0.046068
1757012103.255,latency_s,0.046520
1757012103.259,latency_s,0.045953
1757012103.264,latency_s,0.046139
1757012103.269,latency_s,0.046562
1757012103.290,latency_s,0.046499
1757012103.292,latency_s,0.045747
1757012103.295,latency_s,0.046471
1757012103.297,latency_s,0.046854
1757012103.299,latency_s,0.046709
1757012103.299,latency_s,0.047037
1757012103.301,latency_s,0.048549
1757012103.301,latency_s,0.048414
1757012103.301,latency_s,0.048449
1757012103.329,latency_s,0.047634
1757012103.329,latency_s,0.047745
1757012103.336,latency_s,0.047280
1757012103.337,latency_s,0.045588
1757012103.356,latency_s,0.047151
1757012103.360,latency_s,0.046265
1757012103.364,latency_s,0.046285
1757012103.369,latency_s,0.045897
1757012103.390,latency_s,0.046621
1757012103.393,latency_s,0.046012
1757012103.395,latency_s,0.046367
1757012103.397,latency_s,0.046414
1757012103.404,latency_s,0.049866
1757012103.404,latency_s,0.049497
1757012103.404,latency_s,0.049896
1757012103.404,latency_s,0.049264
1757012103.404,latency_s,0.049055
1757012103.429,latency_s,0.047105
1757012103.435,latency_s,0.046162
1757012103.437,latency_s,0.046916
1757012103.438,latency_s,0.046218
1757012103.455,latency_s,0.046069
1757012103.461,latency_s,0.046181
1757012103.467,latency_s,0.048142
1757012103.472,latency_s,0.048025
1757012103.490,latency_s,0.046488
1757012103.494,latency_s,0.045698
1757012103.495,latency_s,0.046326
1757012103.497,latency_s,0.045883
1757012103.500,latency_s,0.046330
1757012103.501,latency_s,0.046411
1757012103.502,latency_s,0.047785
1757012103.502,latency_s,0.048221
1757012103.503,latency_s,0.047578
1757012103.530,latency_s,0.046883
1757012103.539,latency_s,0.048606
1757012103.539,latency_s,0.047045
1757012103.540,latency_s,0.047449
1757012103.556,latency_s,0.046223
1757012103.561,latency_s,0.045783
1757012103.567,latency_s,0.046741
1757012103.571,latency_s,0.046223
1757012103.592,latency_s,0.046817
1757012103.597,latency_s,0.048194
1757012103.598,latency_s,0.047289
1757012103.600,latency_s,0.047028
1757012103.602,latency_s,0.046723
1757012103.602,latency_s,0.046628
1757012103.604,latency_s,0.048231
1757012103.604,latency_s,0.048550
1757012103.604,latency_s,0.047714
1757012103.631,latency_s,0.047343
1757012103.636,latency_s,0.045148
1757012103.639,latency_s,0.047341
1757012103.640,latency_s,0.046856
1757012103.656,latency_s,0.046551
1757012103.661,latency_s,0.046010
1757012103.667,latency_s,0.045877
1757012103.674,latency_s,0.047601
1757012103.693,latency_s,0.046903
1757012103.695,latency_s,0.046152
1757012103.699,latency_s,0.046279
1757012103.699,latency_s,0.045945
1757012103.703,latency_s,0.046775
1757012103.706,latency_s,0.048759
1757012103.706,latency_s,0.049428
1757012103.706,latency_s,0.049503
1757012103.706,latency_s,0.050127
1757012103.730,latency_s,0.046899
1757012103.736,latency_s,0.045647
1757012103.741,latency_s,0.047112
1757012103.741,latency_s,0.047651
1757012103.757,latency_s,0.045854
1757012103.761,latency_s,0.045507
1757012103.767,latency_s,0.045635
1757012103.775,latency_s,0.046198
1757012103.796,latency_s,0.046348
1757012103.799,latency_s,0.045856
1757012103.801,latency_s,0.047304
1757012103.802,latency_s,0.045796
1757012103.803,latency_s,0.046107
1757012103.806,latency_s,0.048390
1757012103.806,latency_s,0.047131
1757012103.806,latency_s,0.046988
1757012103.830,latency_s,0.046036
1757012103.838,latency_s,0.046712
1757012103.841,latency_s,0.047288
1757012103.841,latency_s,0.047317
1757012103.860,latency_s,0.047925
1757012103.862,latency_s,0.046678
1757012103.869,latency_s,0.046514
1757012103.877,latency_s,0.046459
1757012103.895,latency_s,0.045576
1757012103.902,latency_s,0.046554
1757012103.902,latency_s,0.046719
1757012103.903,latency_s,0.045486
1757012103.906,latency_s,0.048316
1757012103.906,latency_s,0.048412
1757012103.906,latency_s,0.047420
1757012103.907,latency_s,0.046980
1757012103.933,latency_s,0.049045
1757012103.934,latency_s,0.187171
1757012103.934,latency_s,0.086601
1757012103.942,latency_s,0.048695
1757012103.943,latency_s,0.047417
1757012103.943,latency_s,0.048512
1757012103.958,latency_s,0.045777
1757012103.963,latency_s,0.046309
1757012103.970,latency_s,0.046732
1757012103.981,latency_s,0.046027
1757012103.997,latency_s,0.048772
1757012103.997,latency_s,0.046937
1757012104.004,latency_s,0.047812
1757012104.004,latency_s,0.048425
1757012104.006,latency_s,0.047280
1757012104.008,latency_s,0.049298
1757012104.008,latency_s,0.049356
1757012104.008,latency_s,0.048245
1757012104.008,latency_s,0.048434
1757012104.032,latency_s,0.047376
1757012104.042,latency_s,0.047567
1757012104.042,latency_s,0.046932
1757012104.042,latency_s,0.047841
1757012104.060,latency_s,0.046967
1757012104.064,latency_s,0.046136
1757012104.070,latency_s,0.046898
1757012104.083,latency_s,0.046278
1757012104.095,latency_s,0.046657
1757012104.097,latency_s,0.045437
1757012104.103,latency_s,0.046618
1757012104.104,latency_s,0.046090
1757012104.105,latency_s,0.046695
1757012104.106,latency_s,0.046830
1757012104.106,latency_s,0.046815
1757012104.108,latency_s,0.047485
1757012104.108,latency_s,0.046994
1757012104.131,latency_s,0.046168
1757012104.142,latency_s,0.046795
1757012104.144,latency_s,0.047842
1757012104.144,latency_s,0.047683
1757012104.160,latency_s,0.046182
1757012104.165,latency_s,0.045872
1757012104.169,latency_s,0.045774
1757012104.183,latency_s,0.046484
1757012104.196,latency_s,0.046813
1757012104.199,latency_s,0.046715
1757012104.203,latency_s,0.046032
1757012104.207,latency_s,0.048499
1757012104.207,latency_s,0.048805
1757012104.207,latency_s,0.047916
1757012104.207,latency_s,0.047260
1757012104.208,latency_s,0.046830
1757012104.208,latency_s,0.046685
1757012104.232,latency_s,0.046659
1757012104.241,latency_s,0.046119
1757012104.243,latency_s,0.046326
1757012104.243,latency_s,0.046593
1757012104.261,latency_s,0.046450
1757012104.267,latency_s,0.046152
1757012104.270,latency_s,0.046057
1757012104.284,latency_s,0.045884
1757012104.296,latency_s,0.046551
1757012104.299,latency_s,0.046452
1757012104.303,latency_s,0.046091
1757012104.307,latency_s,0.048364
1757012104.307,latency_s,0.048468
1757012104.307,latency_s,0.046826
1757012104.307,latency_s,0.046527
1757012104.307,latency_s,0.046390
1757012104.309,latency_s,0.047701
1757012104.333,latency_s,0.046318
1757012104.342,latency_s,0.046458
1757012104.344,latency_s,0.047225
1757012104.345,latency_s,0.047205
1757012104.362,latency_s,0.046233
1757012104.370,latency_s,0.046978
1757012104.371,latency_s,0.046196
1757012104.387,latency_s,0.046738
1757012104.396,latency_s,0.046202
1757012104.400,latency_s,0.046252
1757012104.404,latency_s,0.046036
1757012104.406,latency_s,0.046527
1757012104.407,latency_s,0.046876
1757012104.408,latency_s,0.046182
1757012104.409,latency_s,0.047480
1757012104.409,latency_s,0.047333
1757012104.410,latency_s,0.047647
1757012104.433,latency_s,0.046295
1757012104.445,latency_s,0.048940
1757012104.446,latency_s,0.047757
1757012104.446,latency_s,0.047112
1757012104.462,latency_s,0.046152
1757012104.469,latency_s,0.046041
1757012104.472,latency_s,0.046775
1757012104.488,latency_s,0.046277
1757012104.497,latency_s,0.046550
1757012104.500,latency_s,0.045987
1757012104.504,latency_s,0.045987
1757012104.511,latency_s,0.049870
1757012104.511,latency_s,0.050157
1757012104.511,latency_s,0.048984
1757012104.511,latency_s,0.048712
1757012104.511,latency_s,0.048476
1757012104.511,latency_s,0.048120
1757012104.533,latency_s,0.046468
1757012104.542,latency_s,0.046166
1757012104.545,latency_s,0.046393
1757012104.546,latency_s,0.046724
1757012104.563,latency_s,0.046061
1757012104.574,latency_s,0.047457
1757012104.574,latency_s,0.047528
1757012104.588,latency_s,0.046494
1757012104.598,latency_s,0.046199
1757012104.601,latency_s,0.045930
1757012104.604,latency_s,0.046200
1757012104.608,latency_s,0.046516
1757012104.610,latency_s,0.048315
1757012104.610,latency_s,0.047658
1757012104.610,latency_s,0.047199
1757012104.610,latency_s,0.046132
1757012104.610,latency_s,0.046315
1757012104.636,latency_s,0.047206
1757012104.644,latency_s,0.046780
1757012104.645,latency_s,0.046626
1757012104.646,latency_s,0.046540
1757012104.665,latency_s,0.046838
1757012104.673,latency_s,0.046128
1757012104.677,latency_s,0.046430
1757012104.688,latency_s,0.046539
1757012104.700,latency_s,0.046953
1757012104.702,latency_s,0.046827
1757012104.705,latency_s,0.045592
1757012104.713,latency_s,0.050446
1757012104.713,latency_s,0.049409
1757012104.713,latency_s,0.049912
1757012104.713,latency_s,0.049372
1757012104.713,latency_s,0.049103
1757012104.713,latency_s,0.049128
1757012104.737,latency_s,0.047885
1757012104.744,latency_s,0.046458
1757012104.746,latency_s,0.046447
1757012104.746,latency_s,0.045829
1757012104.765,latency_s,0.046798
1757012104.775,latency_s,0.047238
1757012104.778,latency_s,0.046391
1757012104.790,latency_s,0.046452
1757012104.802,latency_s,0.047334
1757012104.802,latency_s,0.046459
1757012104.806,latency_s,0.046253
1757012104.810,latency_s,0.046307
1757012104.811,latency_s,0.046061
1757012104.811,latency_s,0.046296
1757012104.812,latency_s,0.046812
1757012104.813,latency_s,0.047681
1757012104.813,latency_s,0.047890
1757012104.837,latency_s,0.046850
1757012104.844,latency_s,0.046380
1757012104.846,latency_s,0.046517
1757012104.849,latency_s,0.048041
1757012104.865,latency_s,0.046879
1757012104.879,latency_s,0.045619
1757012104.890,latency_s,0.046156
1757012104.902,latency_s,0.047130
1757012104.903,latency_s,0.046676
1757012104.906,latency_s,0.046513
1757012104.911,latency_s,0.046116
1757012104.913,latency_s,0.048192
1757012104.914,latency_s,0.048440
1757012104.914,latency_s,0.048052
1757012104.914,latency_s,0.047929
1757012104.914,latency_s,0.047617
1757012104.938,latency_s,0.047295
1757012104.944,latency_s,0.045953
1757012104.949,latency_s,0.047602
1757012104.950,latency_s,0.047543
1757012104.965,latency_s,0.046320
1757012104.991,latency_s,0.046381
1757012105.003,latency_s,0.046306
1757012105.005,latency_s,0.046041
1757012105.006,latency_s,0.046034
1757012105.015,latency_s,0.049252
1757012105.016,latency_s,0.049397
1757012105.016,latency_s,0.049520
1757012105.016,latency_s,0.048903
1757012105.016,latency_s,0.049368
1757012105.016,latency_s,0.049306
1757012105.019,latency_s,0.191167
1757012105.019,latency_s,0.091049
1757012105.040,latency_s,0.046476
1757012105.046,latency_s,0.047107
1757012105.049,latency_s,0.046613
1757012105.066,latency_s,0.046806
1757012105.076,latency_s,0.046637
1757012105.093,latency_s,0.047053
1757012105.107,latency_s,0.046696
1757012105.107,latency_s,0.046635
1757012105.111,latency_s,0.046170
1757012105.116,latency_s,0.049547
1757012105.116,latency_s,0.049507
1757012105.116,latency_s,0.049922
1757012105.116,latency_s,0.049649
1757012105.116,latency_s,0.049374
1757012105.117,latency_s,0.049693
1757012105.121,latency_s,0.185869
1757012105.122,latency_s,0.085172
1757012105.141,latency_s,0.046243
1757012105.146,latency_s,0.046568
1757012105.149,latency_s,0.045653
1757012105.167,latency_s,0.047410
1757012105.175,latency_s,0.046078
1757012105.184,latency_s,0.046177
1757012105.191,latency_s,0.187047
1757012105.191,latency_s,0.086936
1757012105.193,latency_s,0.046275
1757012105.208,latency_s,0.047561
1757012105.208,latency_s,0.047485
1757012105.211,latency_s,0.045615
1757012105.215,latency_s,0.048445
1757012105.215,latency_s,0.048206
1757012105.215,latency_s,0.048352
1757012105.215,latency_s,0.047909
1757012105.215,latency_s,0.048448
1757012105.215,latency_s,0.047848
1757012105.246,latency_s,0.047248
1757012105.246,latency_s,0.046642
1757012105.251,latency_s,0.047708
1757012105.251,latency_s,0.046605
1757012105.266,latency_s,0.046108
1757012105.276,latency_s,0.046178
1757012105.286,latency_s,0.046955
1757012105.294,latency_s,0.046261
1757012105.308,latency_s,0.047101
1757012105.308,latency_s,0.046383
1757012105.312,latency_s,0.046319
1757012105.316,latency_s,0.048933
1757012105.317,latency_s,0.048807
1757012105.317,latency_s,0.049176
1757012105.317,latency_s,0.049210
1757012105.317,latency_s,0.049063
1757012105.317,latency_s,0.049537
1757012105.347,latency_s,0.047365
1757012105.347,latency_s,0.046886
1757012105.353,latency_s,0.048056
1757012105.353,latency_s,0.046879
1757012105.368,latency_s,0.046829
1757012105.377,latency_s,0.046219
1757012105.386,latency_s,0.046601
1757012105.393,latency_s,0.045885
1757012105.410,latency_s,0.048199
1757012105.410,latency_s,0.047103
1757012105.418,latency_s,0.051051
1757012105.418,latency_s,0.049958
1757012105.418,latency_s,0.049749
1757012105.418,latency_s,0.050454
1757012105.418,latency_s,0.050147
1757012105.418,latency_s,0.049776
1757012105.419,latency_s,0.049944
1757012105.446,latency_s,0.046237
1757012105.446,latency_s,0.046205
1757012105.452,latency_s,0.047679
1757012105.453,latency_s,0.046787
1757012105.471,latency_s,0.048534
1757012105.478,latency_s,0.047265
1757012105.487,latency_s,0.046595
1757012105.498,latency_s,0.048487
1757012105.510,latency_s,0.048103
1757012105.510,latency_s,0.046836
1757012105.514,latency_s,0.046640
1757012105.519,latency_s,0.049962
1757012105.519,latency_s,0.050169
1757012105.519,latency_s,0.050292
1757012105.519,latency_s,0.049582
1757012105.519,latency_s,0.048863
1757012105.519,latency_s,0.049396
1757012105.549,latency_s,0.048281
1757012105.549,latency_s,0.048105
1757012105.554,latency_s,0.048867
1757012105.554,latency_s,0.047378
1757012105.570,latency_s,0.047125
1757012105.578,latency_s,0.047004
1757012105.588,latency_s,0.047404
1757012105.598,latency_s,0.046926
1757012105.609,latency_s,0.046466
1757012105.611,latency_s,0.046370
1757012105.619,latency_s,0.050064
1757012105.619,latency_s,0.049912
1757012105.619,latency_s,0.049994
1757012105.619,latency_s,0.049920
1757012105.619,latency_s,0.049303
1757012105.619,latency_s,0.048297
1757012105.619,latency_s,0.048307
1757012105.647,latency_s,0.046741
1757012105.647,latency_s,0.046707
1757012105.656,latency_s,0.050848
1757012105.656,latency_s,0.049000
1757012105.670,latency_s,0.046569
1757012105.679,latency_s,0.047212
1757012105.690,latency_s,0.048157
1757012105.699,latency_s,0.046744
1757012105.709,latency_s,0.046381
1757012105.711,latency_s,0.046358
1757012105.717,latency_s,0.047299
1757012105.717,latency_s,0.046952
1757012105.718,latency_s,0.047690
1757012105.719,latency_s,0.047512
1757012105.719,latency_s,0.047050
1757012105.719,latency_s,0.046993
1757012105.719,latency_s,0.047219
1757012105.748,latency_s,0.047156
1757012105.748,latency_s,0.047116
1757012105.756,latency_s,0.047645
1757012105.756,latency_s,0.047775
1757012105.771,latency_s,0.046310
1757012105.778,latency_s,0.045905
1757012105.792,latency_s,0.048014
1757012105.799,latency_s,0.045874
1757012105.810,latency_s,0.046381
1757012105.812,latency_s,0.045904
1757012105.815,latency_s,0.045406
1757012105.818,latency_s,0.046573
1757012105.821,latency_s,0.049360
1757012105.821,latency_s,0.049362
1757012105.821,latency_s,0.049478
1757012105.821,latency_s,0.049434
1757012105.821,latency_s,0.049363
1757012105.849,latency_s,0.047015
1757012105.849,latency_s,0.047110
1757012105.856,latency_s,0.047539
1757012105.856,latency_s,0.047665
1757012105.872,latency_s,0.046595
1757012105.878,latency_s,0.046535
1757012105.891,latency_s,0.046926
1757012105.899,latency_s,0.045636
1757012105.911,latency_s,0.046849
1757012105.913,latency_s,0.046027
1757012105.916,latency_s,0.045512
1757012105.918,latency_s,0.046964
1757012105.918,latency_s,0.046082
1757012105.918,latency_s,0.046337
1757012105.921,latency_s,0.048391
1757012105.921,latency_s,0.048531
1757012105.921,latency_s,0.047857
1757012105.950,latency_s,0.047619
1757012105.950,latency_s,0.046473
1757012105.956,latency_s,0.047184
1757012105.962,latency_s,0.047514
1757012105.973,latency_s,0.046982
1757012105.978,latency_s,0.045778
1757012105.991,latency_s,0.046261
1757012106.000,latency_s,0.046052
1757012106.012,latency_s,0.048270
1757012106.015,latency_s,0.046075
1757012106.017,latency_s,0.046354
1757012106.021,latency_s,0.049932
1757012106.022,latency_s,0.049122
1757012106.022,latency_s,0.049198
1757012106.022,latency_s,0.049253
1757012106.022,latency_s,0.048508
1757012106.022,latency_s,0.049154
1757012106.049,latency_s,0.046740
1757012106.052,latency_s,0.047189
1757012106.057,latency_s,0.047231
1757012106.061,latency_s,0.045768
1757012106.074,latency_s,0.047519
1757012106.079,latency_s,0.046252
1757012106.092,latency_s,0.047120
1757012106.102,latency_s,0.046748
1757012106.113,latency_s,0.047089
1757012106.116,latency_s,0.046226
1757012106.117,latency_s,0.046102
1757012106.119,latency_s,0.046629
1757012106.119,latency_s,0.046412
1757012106.119,latency_s,0.046493
1757012106.122,latency_s,0.048529
1757012106.122,latency_s,0.048791
1757012106.122,latency_s,0.048748
1757012106.152,latency_s,0.049813
1757012106.153,latency_s,0.047307
1757012106.158,latency_s,0.048194
1757012106.163,latency_s,0.046827
1757012106.173,latency_s,0.045856
1757012106.179,latency_s,0.045847
1757012106.193,latency_s,0.047115
1757012106.203,latency_s,0.047120
1757012106.213,latency_s,0.046597
1757012106.217,latency_s,0.045458
1757012106.219,latency_s,0.046731
1757012106.220,latency_s,0.047695
1757012106.221,latency_s,0.047505
1757012106.221,latency_s,0.047776
1757012106.221,latency_s,0.046985
1757012106.222,latency_s,0.047835
1757012106.222,latency_s,0.048465
1757012106.249,latency_s,0.046224
1757012106.252,latency_s,0.045974
1757012106.260,latency_s,0.049042
1757012106.262,latency_s,0.045897
1757012106.274,latency_s,0.046478
1757012106.280,latency_s,0.045285
1757012106.296,latency_s,0.046481
1757012106.304,latency_s,0.047957
1757012106.313,latency_s,0.046645
1757012106.319,latency_s,0.047149
1757012106.320,latency_s,0.047419
1757012106.320,latency_s,0.046598
1757012106.322,latency_s,0.048807
1757012106.322,latency_s,0.049374
1757012106.322,latency_s,0.048375
1757012106.323,latency_s,0.048372
1757012106.323,latency_s,0.048041
1757012106.350,latency_s,0.046959
1757012106.359,latency_s,0.049143
1757012106.359,latency_s,0.047892
1757012106.362,latency_s,0.045865
1757012106.375,latency_s,0.046445
1757012106.381,latency_s,0.046014
1757012106.398,latency_s,0.046732
1757012106.403,latency_s,0.046362
1757012106.413,latency_s,0.046479
1757012106.419,latency_s,0.046480
1757012106.419,latency_s,0.046407
1757012106.422,latency_s,0.048457
1757012106.422,latency_s,0.048593
1757012106.422,latency_s,0.048107
1757012106.422,latency_s,0.047758
1757012106.422,latency_s,0.047557
1757012106.422,latency_s,0.047187
1757012106.450,latency_s,0.046957
1757012106.457,latency_s,0.046971
1757012106.459,latency_s,0.047544
1757012106.463,latency_s,0.046501
1757012106.475,latency_s,0.046586
1757012106.482,latency_s,0.046250
1757012106.499,latency_s,0.047536
1757012106.505,latency_s,0.046659
1757012106.515,latency_s,0.046414
1757012106.521,latency_s,0.048237
1757012106.522,latency_s,0.049006
1757012106.523,latency_s,0.049026
1757012106.523,latency_s,0.048941
1757012106.523,latency_s,0.048358
1757012106.523,latency_s,0.048353
1757012106.523,latency_s,0.048070
1757012106.524,latency_s,0.048317
1757012106.551,latency_s,0.046708
1757012106.559,latency_s,0.048627
1757012106.560,latency_s,0.048325
1757012106.565,latency_s,0.047196
1757012106.576,latency_s,0.046131
1757012106.584,latency_s,0.046831
1757012106.598,latency_s,0.046375
1757012106.605,latency_s,0.045863
1757012106.615,latency_s,0.046034
1757012106.619,latency_s,0.045623
1757012106.620,latency_s,0.046669
1757012106.621,latency_s,0.045891
1757012106.623,latency_s,0.047850
1757012106.623,latency_s,0.047697
1757012106.623,latency_s,0.047254
1757012106.623,latency_s,0.047454
1757012106.623,latency_s,0.047091
1757012106.651,latency_s,0.046824
1757012106.658,latency_s,0.047233
1757012106.660,latency_s,0.046921
1757012106.665,latency_s,0.046043
1757012106.678,latency_s,0.046550
1757012106.684,latency_s,0.046268
1757012106.699,latency_s,0.046572
1757012106.707,latency_s,0.045991
1757012106.716,latency_s,0.046149
1757012106.722,latency_s,0.047599
1757012106.722,latency_s,0.047837
1757012106.724,latency_s,0.048911
1757012106.724,latency_s,0.049106
1757012106.724,latency_s,0.047639
1757012106.724,latency_s,0.047619
1757012106.724,latency_s,0.047753
1757012106.724,latency_s,0.047496
1757012106.751,latency_s,0.046354
1757012106.761,latency_s,0.048966
1757012106.761,latency_s,0.047335
1757012106.766,latency_s,0.046554
1757012106.777,latency_s,0.045792
1757012106.787,latency_s,0.047595
1757012106.800,latency_s,0.046769
1757012106.808,latency_s,0.046086
1757012106.816,latency_s,0.046571
1757012106.824,latency_s,0.048994
1757012106.824,latency_s,0.048026
1757012106.824,latency_s,0.048078
1757012106.824,latency_s,0.048163
1757012106.824,latency_s,0.047578
1757012106.824,latency_s,0.045904
1757012106.825,latency_s,0.045919
1757012106.825,latency_s,0.045657
1757012106.852,latency_s,0.047157
1757012106.862,latency_s,0.048935
1757012106.862,latency_s,0.048151
1757012106.869,latency_s,0.047517
1757012106.878,latency_s,0.046417
1757012106.886,latency_s,0.045452
1757012106.900,latency_s,0.046345
1757012106.908,latency_s,0.046192
1757012106.919,latency_s,0.047542
1757012106.924,latency_s,0.048659
1757012106.924,latency_s,0.047867
1757012106.924,latency_s,0.047765
1757012106.924,latency_s,0.047749
1757012106.924,latency_s,0.047323
1757012106.928,latency_s,0.048364
1757012106.928,latency_s,0.048383
1757012106.928,latency_s,0.048055
1757012106.951,latency_s,0.046265
1757012106.963,latency_s,0.048603
1757012106.963,latency_s,0.048832
1757012106.969,latency_s,0.045791
1757012106.979,latency_s,0.045981
1757012106.988,latency_s,0.047287
1757012107.000,latency_s,0.046202
1757012107.011,latency_s,0.047986
1757012107.018,latency_s,0.046223
1757012107.022,latency_s,0.046652
1757012107.022,latency_s,0.045866
1757012107.024,latency_s,0.047143
1757012107.025,latency_s,0.047233
1757012107.025,latency_s,0.048043
1757012107.025,latency_s,0.045837
1757012107.028,latency_s,0.047897
1757012107.028,latency_s,0.047264
1757012107.053,latency_s,0.047028
1757012107.062,latency_s,0.047580
1757012107.062,latency_s,0.047208
1757012107.074,latency_s,0.048880
1757012107.080,latency_s,0.046319
1757012107.088,latency_s,0.046245
1757012108.803,latency_s,1.748449
1757012108.803,latency_s,1.735798
1757012108.804,latency_s,1.731874
1757012108.804,latency_s,1.728039
1757012108.804,latency_s,1.726645
1757012108.805,latency_s,1.726706
1757012108.805,latency_s,1.726799
1757012108.805,latency_s,1.726975
1757012108.805,latency_s,1.725064
1757012108.805,latency_s,1.724855
1757012108.805,latency_s,1.724190
1757012108.805,latency_s,1.699294
1757012108.805,latency_s,1.689978
1757012108.805,latency_s,1.689211
1757012108.805,latency_s,1.679861
1757012108.805,latency_s,1.670708
1757012108.805,latency_s,1.663356
1757012108.805,latency_s,1.650131
1757012108.805,latency_s,1.636945
1757012108.805,latency_s,1.632376
1757012108.805,latency_s,1.628439
1757012108.805,latency_s,1.626515
1757012108.805,latency_s,1.626601
1757012108.806,latency_s,1.626605
1757012108.806,latency_s,1.624197
1757012108.806,latency_s,1.624147
1757012108.806,latency_s,1.623863
1757012108.806,latency_s,1.620579
1757012108.806,latency_s,1.599922
1757012108.806,latency_s,1.590135
1757012108.806,latency_s,1.589573
1757012108.806,latency_s,1.580487
1757012108.841,latency_s,1.605942
1757012108.842,latency_s,1.595521
1757012108.842,latency_s,1.586358
1757012108.842,latency_s,1.569560
1757012108.842,latency_s,1.569123
1757012108.843,latency_s,1.565259
1757012108.843,latency_s,1.563498
1757012108.843,latency_s,1.563717
1757012108.843,latency_s,1.563663
1757012108.843,latency_s,1.560746
1757012108.877,latency_s,1.594014
1757012108.878,latency_s,1.595159
1757012108.878,latency_s,1.591933
1757012108.878,latency_s,1.571391
1757012108.878,latency_s,1.561324
1757012108.878,latency_s,1.561085
1757012108.878,latency_s,1.551745
1757012108.878,latency_s,1.542909
1757012108.878,latency_s,1.530454
1757012108.878,latency_s,1.522283
1757012108.878,latency_s,1.504127
1757012108.878,latency_s,1.504172
1757012108.879,latency_s,1.500971
1757012108.879,latency_s,1.499043
1757012108.879,latency_s,1.499081
1757012108.879,latency_s,1.498169
1757012108.879,latency_s,1.496256
1757012108.879,latency_s,1.496083
1757012108.879,latency_s,1.495479
1757012108.880,latency_s,1.493998
1757012108.880,latency_s,1.473459
1757012108.881,latency_s,1.463168
1757012108.881,latency_s,1.462814
1757012108.913,latency_s,1.485773
1757012108.914,latency_s,1.477580
1757012108.914,latency_s,1.465410
1757012108.914,latency_s,1.456112
1757012108.914,latency_s,1.439412
1757012108.914,latency_s,1.439206
1757012108.914,latency_s,1.435602
1757012108.914,latency_s,1.433141
1757012108.914,latency_s,1.432318
1757012108.917,latency_s,1.433962
1757012108.917,latency_s,1.434155
1757012108.917,latency_s,1.433924
1757012108.917,latency_s,1.433593
1757012108.917,latency_s,1.430486
1757012108.917,latency_s,1.409961
1757012108.917,latency_s,1.398675
1757012108.917,latency_s,1.398543
1757012108.917,latency_s,1.388437
1757012108.917,latency_s,1.380896
1757012108.918,latency_s,1.368793
1757012108.918,latency_s,1.359563
1757012108.990,latency_s,1.415454
1757012108.990,latency_s,1.415574
1757012108.991,latency_s,1.412057
1757012108.991,latency_s,1.409256
1757012108.991,latency_s,1.408349
1757012108.991,latency_s,1.406365
1757012108.991,latency_s,1.406474
1757012108.991,latency_s,1.406600
1757012108.991,latency_s,1.406427
1757012108.991,latency_s,1.403053
1757012108.991,latency_s,1.383450
1757012108.991,latency_s,1.372170
1757012108.992,latency_s,1.372521
1757012108.992,latency_s,1.362204
1757012108.992,latency_s,1.353941
1757012108.992,latency_s,1.339693
1757012108.992,latency_s,1.333324
1757012108.992,latency_s,1.316218
1757012108.992,latency_s,1.316218
1757012108.992,latency_s,1.312927
1757012108.992,latency_s,1.310055
1757012108.992,latency_s,1.306854
1757012108.992,latency_s,1.306799
1757012108.992,latency_s,1.306983
1757012108.992,latency_s,1.307053
1757012108.992,latency_s,1.306607
1757012108.992,latency_s,1.303645
1757012108.992,latency_s,1.284228
1757012108.992,latency_s,1.272954
1757012108.992,latency_s,1.272454
1757012108.992,latency_s,1.261678
1757012108.992,latency_s,1.253368
1757012109.028,latency_s,1.275573
1757012109.028,latency_s,1.268196
1757012109.029,latency_s,1.252690
1757012109.029,latency_s,1.252689
1757012109.029,latency_s,1.248043
1757012109.029,latency_s,1.246550
1757012109.029,latency_s,1.242627
1757012109.029,latency_s,1.242163
1757012109.029,latency_s,1.242422
1757012109.029,latency_s,1.242713
1757012109.029,latency_s,1.242418
1757012109.029,latency_s,1.238294
1757012109.029,latency_s,1.220911
1757012109.029,latency_s,1.209053
1757012109.029,latency_s,1.208941
1757012109.029,latency_s,1.195376
1757012109.029,latency_s,1.189548
1757012109.029,latency_s,1.175763
1757012109.065,latency_s,1.204213
1757012109.065,latency_s,1.188621
1757012109.065,latency_s,1.188798
1757012109.065,latency_s,1.183951
1757012109.065,latency_s,1.181486
1757012109.065,latency_s,1.178448
1757012109.065,latency_s,1.178292
1757012109.065,latency_s,1.177326
1757012109.065,latency_s,1.177135
1757012109.065,latency_s,1.177275
1757012109.065,latency_s,1.173860
1757012109.065,latency_s,1.156132
1757012109.065,latency_s,1.143898
1757012109.065,latency_s,1.143440
1757012109.101,latency_s,1.165448
1757012109.101,latency_s,1.160671
1757012109.101,latency_s,1.146479
1757012109.102,latency_s,1.140839
1757012109.102,latency_s,1.125229
1757012109.102,latency_s,1.124274
1757012109.102,latency_s,1.120407
1757012109.102,latency_s,1.118125
1757012109.102,latency_s,1.114815
1757012109.102,latency_s,1.115089
1757012109.102,latency_s,1.113116
1757012109.102,latency_s,1.113028
1757012109.102,latency_s,1.113104
1757012109.102,latency_s,1.109254
1757012109.102,latency_s,1.092690
1757012109.102,latency_s,1.080333
1757012109.102,latency_s,1.079985
1757012109.102,latency_s,1.062892
1757012109.137,latency_s,1.096100
1757012109.137,latency_s,1.082653
1757012109.138,latency_s,1.076680
1757012109.138,latency_s,1.061186
1757012109.138,latency_s,1.059624
1757012109.138,latency_s,1.056146
1757012109.138,latency_s,1.053407
1757012109.138,latency_s,1.050811
1757012109.138,latency_s,1.050623
1757012109.138,latency_s,1.047901
1757012109.138,latency_s,1.047852
1757012109.138,latency_s,1.047844
1757012109.138,latency_s,1.043553
1757012109.138,latency_s,1.028560
1757012109.174,latency_s,1.050794
1757012109.174,latency_s,1.049948
1757012109.174,latency_s,1.033736
1757012109.174,latency_s,1.033575
1757012109.175,latency_s,1.017364
1757012109.175,latency_s,1.012078
1757012109.175,latency_s,0.997700
1757012109.175,latency_s,0.993037
1757012109.175,latency_s,0.992690
1757012109.175,latency_s,0.989671
1757012109.175,latency_s,0.985714
1757012109.175,latency_s,0.985310
1757012109.175,latency_s,0.983723
1757012109.175,latency_s,0.983851
1757012109.175,latency_s,0.983903
1757012109.175,latency_s,0.979541
1757012109.175,latency_s,0.964341
1757012109.175,latency_s,0.950595
1757012109.211,latency_s,0.986269
1757012109.211,latency_s,0.969312
1757012109.211,latency_s,0.969048
1757012109.211,latency_s,0.953531
1757012109.211,latency_s,0.947926
1757012109.211,latency_s,0.934046
1757012109.211,latency_s,0.928338
1757012109.211,latency_s,0.927365
1757012109.211,latency_s,0.924929
1757012109.211,latency_s,0.921888
1757012109.211,latency_s,0.920923
1757012109.212,latency_s,0.920371
1757012109.212,latency_s,0.920203
1757012109.212,latency_s,0.920144
1757012109.247,latency_s,0.949498
1757012109.247,latency_s,0.936347
1757012109.248,latency_s,0.922320
1757012109.248,latency_s,0.922398
1757012109.248,latency_s,0.905113
1757012109.248,latency_s,0.904958
1757012109.248,latency_s,0.888368
1757012109.248,latency_s,0.884429
1757012109.248,latency_s,0.870351
1757012109.248,latency_s,0.864967
1757012109.248,latency_s,0.861073
1757012109.284,latency_s,0.893002
1757012109.284,latency_s,0.893044
1757012109.284,latency_s,0.893047
1757012109.284,latency_s,0.892113
1757012109.284,latency_s,0.891932
1757012109.284,latency_s,0.891975
1757012109.284,latency_s,0.885513
1757012109.284,latency_s,0.872752
1757012109.284,latency_s,0.857480
1757012109.284,latency_s,0.857469
1757012109.284,latency_s,0.840725
1757012109.284,latency_s,0.840801
1757012109.284,latency_s,0.823734
1757012109.284,latency_s,0.820208
1757012109.284,latency_s,0.806157
1757012109.284,latency_s,0.800697
1757012109.284,latency_s,0.796848
1757012109.284,latency_s,0.792943
1757012109.284,latency_s,0.793006
1757012109.285,latency_s,0.793195
1757012109.285,latency_s,0.792647
1757012109.319,latency_s,0.825613
1757012109.319,latency_s,0.825755
1757012109.319,latency_s,0.820142
1757012109.319,latency_s,0.806993
1757012109.319,latency_s,0.792464
1757012109.319,latency_s,0.792480
1757012109.320,latency_s,0.772897
1757012109.320,latency_s,0.771003
1757012109.320,latency_s,0.756807
1757012109.320,latency_s,0.754361
1757012109.320,latency_s,0.740258
1757012109.321,latency_s,0.736722
1757012109.321,latency_s,0.732766
1757012109.321,latency_s,0.728903
1757012109.321,latency_s,0.728927
1757012109.321,latency_s,0.728819
1757012109.357,latency_s,0.765273
1757012109.358,latency_s,0.763825
1757012109.358,latency_s,0.763869
1757012109.358,latency_s,0.756446
1757012109.358,latency_s,0.745301
1757012109.358,latency_s,0.730547
1757012109.358,latency_s,0.709861
1757012109.358,latency_s,0.707813
1757012109.358,latency_s,0.694733
1757012109.358,latency_s,0.690837
1757012109.358,latency_s,0.678081
1757012109.358,latency_s,0.673203
1757012109.358,latency_s,0.668824
1757012109.358,latency_s,0.665871
1757012109.358,latency_s,0.665574
1757012109.358,latency_s,0.665335
1757012109.358,latency_s,0.664940
1757012109.358,latency_s,0.664049
1757012109.358,latency_s,0.664081
1757012109.358,latency_s,0.655935
1757012109.359,latency_s,0.645693
1757012109.359,latency_s,0.630352
1757012109.359,latency_s,0.609686
1757012109.359,latency_s,0.607036
1757012109.359,latency_s,0.595098
1757012109.359,latency_s,0.591292
1757012109.359,latency_s,0.731463
1757012109.393,latency_s,0.665208
1757012109.393,latency_s,0.612747
1757012109.393,latency_s,0.608325
1757012109.394,latency_s,0.604176
1757012109.394,latency_s,0.601639
1757012109.395,latency_s,0.600839
1757012109.395,latency_s,0.600060
1757012109.395,latency_s,0.600056
1757012109.395,latency_s,0.600216
1757012109.395,latency_s,0.600189
1757012109.395,latency_s,0.591837
1757012109.395,latency_s,0.581620
1757012109.395,latency_s,0.566502
1757012109.395,latency_s,0.566049
1757012109.395,latency_s,0.545914
1757012109.395,latency_s,0.543306
1757012109.395,latency_s,0.530297
1757012109.430,latency_s,0.561934
1757012109.430,latency_s,0.548809
1757012109.430,latency_s,0.544430
1757012109.430,latency_s,0.540466
1757012109.430,latency_s,0.536676
1757012109.430,latency_s,0.535694
1757012109.430,latency_s,0.535714
1757012109.431,latency_s,0.535871
1757012109.431,latency_s,0.535634
1757012109.431,latency_s,0.536070
1757012109.431,latency_s,0.527497
1757012109.431,latency_s,0.517386
1757012109.431,latency_s,0.502501
1757012109.431,latency_s,0.500739
1757012109.432,latency_s,0.482060
1757012109.432,latency_s,0.479120
1757012109.432,latency_s,0.465080
1757012109.432,latency_s,0.463323
1757012109.432,latency_s,0.450366
1757012109.467,latency_s,0.480662
1757012109.467,latency_s,0.477372
1757012109.467,latency_s,0.473468
1757012109.467,latency_s,0.472452
1757012109.467,latency_s,0.472318
1757012109.467,latency_s,0.472340
1757012109.467,latency_s,0.472109
1757012109.467,latency_s,0.472028
1757012109.467,latency_s,0.462562
1757012109.467,latency_s,0.453111
1757012109.468,latency_s,0.437357
1757012109.468,latency_s,0.435888
1757012109.468,latency_s,0.417062
1757012109.468,latency_s,0.411696
1757012109.468,latency_s,0.400714
1757012109.468,latency_s,0.398807
1757012109.470,latency_s,0.388023
1757012109.502,latency_s,0.415540
1757012109.503,latency_s,0.412176
1757012109.503,latency_s,0.409237
1757012109.503,latency_s,0.408155
1757012109.503,latency_s,0.407880
1757012109.503,latency_s,0.407233
1757012109.504,latency_s,0.407163
1757012109.504,latency_s,0.407428
1757012109.504,latency_s,0.398037
1757012109.504,latency_s,0.388822
1757012109.504,latency_s,0.371639
1757012109.504,latency_s,0.370387
1757012109.504,latency_s,0.352672
1757012109.504,latency_s,0.346572
1757012109.506,latency_s,0.338306
1757012109.539,latency_s,0.369262
1757012109.539,latency_s,0.356491
1757012109.540,latency_s,0.352429
1757012109.540,latency_s,0.348618
1757012109.540,latency_s,0.345382
1757012109.540,latency_s,0.344255
1757012109.540,latency_s,0.343707
1757012109.540,latency_s,0.343335
1757012109.540,latency_s,0.343051
1757012109.540,latency_s,0.342880
1757012109.540,latency_s,0.333837
1757012109.540,latency_s,0.323774
1757012109.540,latency_s,0.307416
1757012109.540,latency_s,0.305457
1757012109.540,latency_s,0.288000
1757012109.540,latency_s,0.280588
1757012109.540,latency_s,0.272147
1757012109.574,latency_s,0.303375
1757012109.574,latency_s,0.291232
1757012109.574,latency_s,0.285744
1757012109.575,latency_s,0.283342
1757012109.575,latency_s,0.279665
1757012109.575,latency_s,0.279594
1757012109.575,latency_s,0.279068
1757012109.575,latency_s,0.278524
1757012109.575,latency_s,0.277816
1757012109.575,latency_s,0.277823
1757012109.575,latency_s,0.268691
1757012109.575,latency_s,0.258595
1757012109.576,latency_s,0.242598
1757012109.576,latency_s,0.240752
1757012109.576,latency_s,0.222917
1757012109.611,latency_s,0.247973
1757012109.611,latency_s,0.242377
1757012109.611,latency_s,0.239119
1757012109.611,latency_s,0.228054
1757012109.612,latency_s,0.222364
1757012109.612,latency_s,0.219938
1757012109.612,latency_s,0.216050
1757012109.612,latency_s,0.215823
1757012109.612,latency_s,0.215153
1757012109.612,latency_s,0.214113
1757012109.612,latency_s,0.213866
1757012109.612,latency_s,0.213853
1757012109.612,latency_s,0.203686
1757012109.612,latency_s,0.194619
1757012109.612,latency_s,0.177960
1757012109.612,latency_s,0.175027
1757012109.612,latency_s,0.158062
1757012109.647,latency_s,0.182986
1757012109.647,latency_s,0.178199
1757012109.647,latency_s,0.174426
1757012109.648,latency_s,0.163144
1757012109.648,latency_s,0.158238
1757012109.648,latency_s,0.155410
1757012109.648,latency_s,0.152003
1757012109.648,latency_s,0.151859
1757012109.648,latency_s,0.151055
1757012109.648,latency_s,0.149955
1757012109.648,latency_s,0.149110
1757012109.648,latency_s,0.149031
1757012109.648,latency_s,0.138687
1757012109.648,latency_s,0.130526
1757012109.648,latency_s,0.113978
1757012109.683,latency_s,0.145075
1757012109.684,latency_s,0.128820
1757012109.684,latency_s,0.115214
1757012109.684,latency_s,0.114134
1757012109.684,latency_s,0.110451
1757012109.684,latency_s,0.098228
1757012109.684,latency_s,0.093827
1757012109.684,latency_s,0.091019
1757012109.684,latency_s,0.087041
1757012109.684,latency_s,0.087188
1757012109.684,latency_s,0.085755
1757012109.684,latency_s,0.084786
1757012109.684,latency_s,0.082445
1757012109.684,latency_s,0.082592
1757012109.684,latency_s,0.074155
1757012109.684,latency_s,0.065279
1757012109.684,latency_s,0.049769
1757012109.721,latency_s,0.081026
1757012109.721,latency_s,0.063920
1757012109.721,latency_s,0.049218
1757012109.721,latency_s,0.047160
1757012109.721,latency_s,0.047335
1757012109.732,latency_s,0.045846
1757012109.737,latency_s,0.045641
1757012109.739,latency_s,0.045832
1757012109.744,latency_s,0.046366
1757012109.744,latency_s,0.045816
1757012109.745,latency_s,0.046157
1757012109.746,latency_s,0.045498
1757012109.748,latency_s,0.045352
1757012109.749,latency_s,0.046137
1757012109.758,latency_s,0.046924
1757012109.766,latency_s,0.046065
1757012109.781,latency_s,0.046340
1757012109.787,latency_s,0.046117
1757012109.805,latency_s,0.046255
1757012109.818,latency_s,0.046434
1757012109.820,latency_s,0.046003
1757012109.822,latency_s,0.046545
1757012109.833,latency_s,0.046800
1757012109.839,latency_s,0.046814
1757012109.841,latency_s,0.046372
1757012109.844,latency_s,0.046585
1757012109.845,latency_s,0.046356
1757012109.845,latency_s,0.045818
1757012109.846,latency_s,0.045294
1757012109.850,latency_s,0.046900
1757012109.851,latency_s,0.046867
1757012109.858,latency_s,0.046327
1757012109.867,latency_s,0.046594
1757012109.882,latency_s,0.047339
1757012109.887,latency_s,0.045744
1757012109.906,latency_s,0.047412
1757012109.919,latency_s,0.046409
1757012109.920,latency_s,0.045677
1757012109.922,latency_s,0.045724
1757012109.935,latency_s,0.046994
1757012109.939,latency_s,0.046746
1757012109.941,latency_s,0.045817
1757012109.944,latency_s,0.046169
1757012109.944,latency_s,0.045291
1757012109.947,latency_s,0.046722
1757012109.947,latency_s,0.045813
1757012109.950,latency_s,0.045994
1757012109.950,latency_s,0.045842
1757012109.959,latency_s,0.046425
1757012109.967,latency_s,0.046467
1757012109.983,latency_s,0.046895
1757012109.988,latency_s,0.046630
1757012110.006,latency_s,0.046384
1757012110.019,latency_s,0.045782
1757012110.021,latency_s,0.046220
1757012110.028,latency_s,0.045251
1757012110.035,latency_s,0.046341
1757012110.039,latency_s,0.045719
1757012110.042,latency_s,0.046709
1757012110.047,latency_s,0.048577
1757012110.047,latency_s,0.047643
1757012110.047,latency_s,0.047325
1757012110.048,latency_s,0.046420
1757012110.050,latency_s,0.045679
1757012110.051,latency_s,0.046336
1757012110.061,latency_s,0.047019
1757012110.069,latency_s,0.047304
1757012110.083,latency_s,0.046749
1757012110.088,latency_s,0.045556
1757012110.107,latency_s,0.046188
1757012110.122,latency_s,0.047267
1757012110.122,latency_s,0.046314
1757012110.136,latency_s,0.047543
1757012110.137,latency_s,0.047570
1757012110.141,latency_s,0.046567
1757012110.143,latency_s,0.046633
1757012110.145,latency_s,0.046422
1757012110.148,latency_s,0.048234
1757012110.148,latency_s,0.047923
1757012110.149,latency_s,0.046599
1757012110.152,latency_s,0.047188
1757012110.152,latency_s,0.047194
1757012110.161,latency_s,0.046334
1757012110.169,latency_s,0.046025
1757012110.184,latency_s,0.047648
1757012110.189,latency_s,0.045838
1757012110.208,latency_s,0.046109
1757012110.223,latency_s,0.047593
1757012110.224,latency_s,0.047323
1757012110.235,latency_s,0.046132
1757012110.238,latency_s,0.046350
1757012110.241,latency_s,0.046364
1757012110.244,latency_s,0.045923
1757012110.246,latency_s,0.046399
1757012110.247,latency_s,0.046588
1757012110.247,latency_s,0.046428
1757012110.249,latency_s,0.046153
1757012110.251,latency_s,0.046044
1757012110.252,latency_s,0.045872
1757012110.262,latency_s,0.046685
1757012110.269,latency_s,0.046237
1757012110.284,latency_s,0.046901
1757012110.290,latency_s,0.045884
1757012110.309,latency_s,0.046329
1757012110.323,latency_s,0.047448
1757012110.324,latency_s,0.046714
1757012110.337,latency_s,0.046059
1757012110.339,latency_s,0.046211
1757012110.341,latency_s,0.045905
1757012110.345,latency_s,0.046516
1757012110.348,latency_s,0.048245
1757012110.348,latency_s,0.047067
1757012110.348,latency_s,0.047019
1757012110.350,latency_s,0.045784
1757012110.352,latency_s,0.046006
1757012110.352,latency_s,0.045987
1757012110.362,latency_s,0.045967
1757012110.372,latency_s,0.046759
1757012110.384,latency_s,0.046309
1757012110.391,latency_s,0.046236
1757012110.409,latency_s,0.046140
1757012110.424,latency_s,0.047685
1757012110.424,latency_s,0.047104
1757012110.436,latency_s,0.045310
1757012110.440,latency_s,0.046112
1757012110.443,latency_s,0.047153
1757012110.445,latency_s,0.046696
1757012110.448,latency_s,0.048007
1757012110.448,latency_s,0.046828
1757012110.448,latency_s,0.046477
1757012110.451,latency_s,0.046353
1757012110.452,latency_s,0.045819
1757012110.453,latency_s,0.046175
1757012110.463,latency_s,0.045713
1757012110.474,latency_s,0.048430
1757012110.485,latency_s,0.046684
1757012110.492,latency_s,0.046390
1757012110.511,latency_s,0.046904
1757012110.525,latency_s,0.047212
1757012110.525,latency_s,0.047069
1757012110.537,latency_s,0.046267
1757012110.541,latency_s,0.046404
1757012110.543,latency_s,0.046130
1757012110.547,latency_s,0.047546
1757012110.547,latency_s,0.046685
1757012110.548,latency_s,0.045692
1757012110.549,latency_s,0.045772
1757012110.551,latency_s,0.045911
1757012110.553,latency_s,0.045578
1757012110.555,latency_s,0.045998
1757012110.564,latency_s,0.046255
1757012110.573,latency_s,0.046196
1757012110.586,latency_s,0.047275
1757012110.593,latency_s,0.046643
1757012110.613,latency_s,0.046137
1757012110.625,latency_s,0.046597
1757012110.625,latency_s,0.046432
1757012110.638,latency_s,0.047055
1757012110.643,latency_s,0.046466
1757012110.644,latency_s,0.046335
1757012110.648,latency_s,0.047420
1757012110.648,latency_s,0.047652
1757012110.649,latency_s,0.046551
1757012110.650,latency_s,0.046036
1757012110.651,latency_s,0.045700
1757012110.654,latency_s,0.046060
1757012110.655,latency_s,0.045665
1757012110.666,latency_s,0.047656
1757012110.674,latency_s,0.047029
1757012110.685,latency_s,0.046087
1757012110.693,latency_s,0.045834
1757012110.714,latency_s,0.046305
1757012110.727,latency_s,0.046916
1757012110.727,latency_s,0.046992
1757012110.738,latency_s,0.046420
1757012110.745,latency_s,0.047804
1757012110.746,latency_s,0.048532
1757012110.748,latency_s,0.046345
1757012110.748,latency_s,0.046491
1757012110.750,latency_s,0.046585
1757012110.752,latency_s,0.046451
1757012110.752,latency_s,0.046562
1757012110.755,latency_s,0.046917
1757012110.757,latency_s,0.046000
1757012110.765,latency_s,0.046104
1757012110.774,latency_s,0.046687
1757012110.786,latency_s,0.047157
1757012110.795,latency_s,0.046360
1757012110.815,latency_s,0.046499
1757012110.829,latency_s,0.047602
1757012110.829,latency_s,0.047682
1757012110.839,latency_s,0.046822
1757012110.843,latency_s,0.045848
1757012110.844,latency_s,0.045383
1757012110.849,latency_s,0.046992
1757012110.849,latency_s,0.046999
1757012110.851,latency_s,0.045982
1757012110.854,latency_s,0.047358
1757012110.855,latency_s,0.047456
1757012110.855,latency_s,0.046906
1757012110.858,latency_s,0.045841
1757012110.866,latency_s,0.046538
1757012110.876,latency_s,0.047935
1757012110.888,latency_s,0.047687
1757012110.896,latency_s,0.047008
1757012110.916,latency_s,0.046067
1757012110.928,latency_s,0.046626
1757012110.928,latency_s,0.046403
1757012110.940,latency_s,0.046596
1757012110.946,latency_s,0.046375
1757012110.987,latency_s,0.085566
1757012110.987,latency_s,0.084715
1757012110.987,latency_s,0.084874
1757012110.987,latency_s,0.082020
1757012110.987,latency_s,0.079107
1757012110.987,latency_s,0.079113
1757012110.987,latency_s,0.078831
1757012110.987,latency_s,0.072596
1757012110.987,latency_s,0.066440
1757012110.987,latency_s,0.058750
1757012110.990,latency_s,0.049070
1757012110.999,latency_s,0.046770
1757012111.017,latency_s,0.046203
1757012111.029,latency_s,0.047914
1757012111.030,latency_s,0.047576
1757012111.040,latency_s,0.045701
1757012111.047,latency_s,0.046053
1757012111.049,latency_s,0.045569
1757012111.051,latency_s,0.047687
1757012111.051,latency_s,0.045983
1757012111.053,latency_s,0.047184
1757012111.055,latency_s,0.046609
1757012111.102,latency_s,0.093605
1757012111.102,latency_s,0.093699
1757012111.102,latency_s,0.086705
1757012111.102,latency_s,0.080869
1757012111.102,latency_s,0.073533
1757012111.102,latency_s,0.060701
1757012111.102,latency_s,0.050455
1757012111.120,latency_s,0.046513
1757012111.129,latency_s,0.047080
1757012111.129,latency_s,0.046842
1757012111.141,latency_s,0.046997
1757012111.147,latency_s,0.046228
1757012111.152,latency_s,0.047410
1757012111.152,latency_s,0.047961
1757012111.152,latency_s,0.045984
1757012111.154,latency_s,0.047909
1757012111.156,latency_s,0.047228
1757012111.156,latency_s,0.047080
1757012111.156,latency_s,0.046995
1757012111.165,latency_s,0.047532
1757012111.169,latency_s,0.046560
1757012111.184,latency_s,0.054897
1757012111.190,latency_s,0.047505
1757012111.201,latency_s,0.047217
1757012111.220,latency_s,0.046973
1757012111.230,latency_s,0.047879
1757012111.230,latency_s,0.047073
1757012111.241,latency_s,0.046479
1757012111.249,latency_s,0.046589
1757012111.251,latency_s,0.046403
1757012111.252,latency_s,0.047018
1757012111.253,latency_s,0.046190
1757012111.253,latency_s,0.045216
1757012111.256,latency_s,0.047425
1757012111.265,latency_s,0.056325
1757012111.266,latency_s,0.056590
1757012111.267,latency_s,0.046498
1757012111.270,latency_s,0.046238
1757012111.277,latency_s,0.046380
1757012111.289,latency_s,0.046507
1757012111.301,latency_s,0.046690
1757012111.320,latency_s,0.045946
1757012111.328,latency_s,0.045599
1757012111.329,latency_s,0.045950
1757012111.342,latency_s,0.045705
1757012111.349,latency_s,0.046373
1757012111.352,latency_s,0.047258
1757012111.352,latency_s,0.046302
1757012111.352,latency_s,0.045710
1757012111.356,latency_s,0.048309
1757012111.356,latency_s,0.047492
1757012111.357,latency_s,0.048039
1757012111.357,latency_s,0.047956
1757012111.371,latency_s,0.046278
1757012111.371,latency_s,0.045703
1757012111.385,latency_s,0.053503
1757012111.391,latency_s,0.047408
1757012111.402,latency_s,0.046390
1757012111.422,latency_s,0.046294
1757012111.431,latency_s,0.047970
1757012111.431,latency_s,0.047541
1757012111.443,latency_s,0.046092
1757012111.450,latency_s,0.045962
1757012111.453,latency_s,0.046978
1757012111.453,latency_s,0.046674
1757012111.454,latency_s,0.046922
1757012111.456,latency_s,0.047076
1757012111.456,latency_s,0.046936
1757012111.513,latency_s,0.103919
1757012111.514,latency_s,0.104239
1757012111.514,latency_s,0.088360
1757012111.514,latency_s,0.087757
1757012111.514,latency_s,0.082057
1757012111.514,latency_s,0.070004
1757012111.514,latency_s,0.056113
1757012111.528,latency_s,0.051529
1757012111.541,latency_s,0.057069
1757012111.541,latency_s,0.057140
1757012111.549,latency_s,0.051963
1757012111.550,latency_s,0.045719
1757012111.554,latency_s,0.047129
1757012111.554,latency_s,0.046627
1757012111.555,latency_s,0.048102
1757012111.564,latency_s,0.055068
1757012111.565,latency_s,0.054893
1757012111.565,latency_s,0.054783
1757012111.565,latency_s,0.054707
1757012111.587,latency_s,0.059967
1757012111.587,latency_s,0.056198
1757012111.587,latency_s,0.054754
1757012111.590,latency_s,0.045963
1757012111.608,latency_s,0.047189
1757012111.623,latency_s,0.046377
1757012111.631,latency_s,0.046278
1757012111.631,latency_s,0.046342
1757012111.644,latency_s,0.046685
1757012111.657,latency_s,0.051393
1757012111.657,latency_s,0.050736
1757012111.657,latency_s,0.049630
1757012111.658,latency_s,0.049774
1757012111.666,latency_s,0.056653
1757012111.667,latency_s,0.056488
1757012111.667,latency_s,0.056731
1757012111.667,latency_s,0.056217
1757012111.675,latency_s,0.047317
1757012111.678,latency_s,0.046660
1757012111.681,latency_s,0.047527
1757012111.694,latency_s,0.048881
1757012111.711,latency_s,0.047493
1757012111.726,latency_s,0.047846
1757012111.732,latency_s,0.047090
1757012111.733,latency_s,0.047832
1757012111.745,latency_s,0.046804
1757012111.754,latency_s,0.047638
1757012111.756,latency_s,0.047378
1757012111.756,latency_s,0.047295
1757012111.756,latency_s,0.047359
1757012111.757,latency_s,0.046746
1757012111.762,latency_s,0.051550
1757012111.762,latency_s,0.051883
1757012111.762,latency_s,0.051911
1757012111.776,latency_s,0.046809
1757012111.779,latency_s,0.046690
1757012111.790,latency_s,0.055946
1757012111.793,latency_s,0.047600
1757012111.812,latency_s,0.047424
1757012111.828,latency_s,0.047079
1757012111.833,latency_s,0.047138
1757012111.833,latency_s,0.047158
1757012111.846,latency_s,0.047499
1757012111.854,latency_s,0.048053
1757012111.857,latency_s,0.047617
1757012111.857,latency_s,0.047964
1757012111.857,latency_s,0.048468
1757012111.858,latency_s,0.046099
1757012111.858,latency_s,0.046010
1757012111.869,latency_s,0.056847
1757012111.869,latency_s,0.057005
1757012111.876,latency_s,0.045925
1757012111.880,latency_s,0.046544
1757012111.891,latency_s,0.056472
1757012111.892,latency_s,0.046662
1757012111.914,latency_s,0.046603
1757012111.928,latency_s,0.046124
1757012111.932,latency_s,0.045790
1757012111.935,latency_s,0.046884
1757012111.945,latency_s,0.046241
1757012111.953,latency_s,0.046482
1757012111.956,latency_s,0.045536
1757012111.959,latency_s,0.048111
1757012111.959,latency_s,0.048158
1757012111.959,latency_s,0.047265
1757012111.960,latency_s,0.048117
1757012111.964,latency_s,0.051775
1757012111.964,latency_s,0.051971
1757012111.977,latency_s,0.046361
1757012111.982,latency_s,0.046500
1757012111.988,latency_s,0.052596
1757012111.992,latency_s,0.045897
1757012112.014,latency_s,0.046955
1757012112.030,latency_s,0.048603
1757012112.035,latency_s,0.047411
1757012112.035,latency_s,0.046916
1757012112.046,latency_s,0.047010
1757012112.053,latency_s,0.046464
1757012112.060,latency_s,0.048777
1757012112.060,latency_s,0.049070
1757012112.060,latency_s,0.048376
1757012112.060,latency_s,0.047818
1757012112.060,latency_s,0.047851
1757012112.061,latency_s,0.048932
1757012112.070,latency_s,0.058028
1757012112.078,latency_s,0.046283
1757012112.083,latency_s,0.046362
1757012112.083,latency_s,0.046300
1757012112.093,latency_s,0.046237
1757012112.115,latency_s,0.047072
1757012112.131,latency_s,0.046793
1757012112.135,latency_s,0.047287
1757012112.136,latency_s,0.047092
1757012112.146,latency_s,0.046018
1757012112.155,latency_s,0.046689
1757012112.160,latency_s,0.049323
1757012112.161,latency_s,0.049184
1757012112.161,latency_s,0.048716
1757012112.161,latency_s,0.048317
1757012112.161,latency_s,0.048743
1757012112.166,latency_s,0.053670
1757012112.167,latency_s,0.053868
1757012112.179,latency_s,0.046350
1757012112.183,latency_s,0.046447
1757012112.183,latency_s,0.046689
1757012112.195,latency_s,0.048498
1757012112.216,latency_s,0.047008
1757012112.232,latency_s,0.047021
1757012112.235,latency_s,0.046696
1757012112.235,latency_s,0.046750
1757012112.246,latency_s,0.045699
1757012112.255,latency_s,0.046055
1757012112.258,latency_s,0.046040
1757012112.261,latency_s,0.049575
1757012112.262,latency_s,0.049060
1757012112.262,latency_s,0.049161
1757012112.262,latency_s,0.049021
1757012112.262,latency_s,0.049026
1757012112.262,latency_s,0.049351
1757012112.279,latency_s,0.045617
1757012112.284,latency_s,0.046951
1757012112.284,latency_s,0.046517
1757012112.293,latency_s,0.046100
1757012112.318,latency_s,0.048230
1757012112.337,latency_s,0.047896
1757012112.337,latency_s,0.047025
1757012112.339,latency_s,0.045955
1757012112.347,latency_s,0.046291
1757012112.356,latency_s,0.047142
1757012112.359,latency_s,0.046660
1757012112.359,latency_s,0.046311
1757012112.359,latency_s,0.046496
1757012112.362,latency_s,0.048813
1757012112.362,latency_s,0.049231
1757012112.362,latency_s,0.048891
1757012112.362,latency_s,0.048899
1757012112.382,latency_s,0.046375
1757012112.385,latency_s,0.047621
1757012112.385,latency_s,0.046666
1757012112.394,latency_s,0.046183
1757012112.419,latency_s,0.046135
1757012112.437,latency_s,0.047036
1757012112.437,latency_s,0.047071
1757012112.441,latency_s,0.047378
1757012112.448,latency_s,0.046462
1757012112.457,latency_s,0.045892
1757012112.460,latency_s,0.047072
1757012112.460,latency_s,0.046932
1757012112.460,latency_s,0.046746
1757012112.462,latency_s,0.048960
1757012112.462,latency_s,0.048904
1757012112.463,latency_s,0.049363
1757012112.463,latency_s,0.048815
1757012112.485,latency_s,0.046348
1757012112.486,latency_s,0.047481
1757012112.489,latency_s,0.045638
1757012112.495,latency_s,0.046579
1757012112.523,latency_s,0.046534
1757012112.540,latency_s,0.048693
1757012112.540,latency_s,0.048871
1757012112.541,latency_s,0.045867
1757012112.548,latency_s,0.046219
1757012112.558,latency_s,0.046831
1757012112.563,latency_s,0.049039
1757012112.563,latency_s,0.049561
1757012112.563,latency_s,0.049117
1757012112.563,latency_s,0.048990
1757012112.563,latency_s,0.049036
1757012112.563,latency_s,0.047934
1757012112.563,latency_s,0.048194
1757012112.586,latency_s,0.047219
1757012112.586,latency_s,0.045967
1757012112.592,latency_s,0.045983
1757012112.594,latency_s,0.045731
1757012112.625,latency_s,0.046553
1757012112.638,latency_s,0.046827
1757012112.638,latency_s,0.046869
1757012112.644,latency_s,0.045995
1757012112.648,latency_s,0.045804
1757012112.658,latency_s,0.046061
1757012112.660,latency_s,0.046106
1757012112.661,latency_s,0.046610
1757012112.664,latency_s,0.049304
1757012112.664,latency_s,0.047952
1757012112.664,latency_s,0.048224
1757012112.664,latency_s,0.047871
1757012112.664,latency_s,0.047316
1757012112.689,latency_s,0.050138
1757012112.689,latency_s,0.048627
1757012112.694,latency_s,0.045677
1757012112.696,latency_s,0.047559
1757012112.733,latency_s,0.047086
1757012112.740,latency_s,0.046472
1757012112.741,latency_s,0.047673
1757012112.744,latency_s,0.045933
1757012112.749,latency_s,0.046296
1757012112.759,latency_s,0.046440
1757012112.764,latency_s,0.049520
1757012112.764,latency_s,0.050257
1757012112.764,latency_s,0.049939
1757012112.765,latency_s,0.048398
1757012112.765,latency_s,0.048407
1757012112.765,latency_s,0.048466
1757012112.765,latency_s,0.047986
1757012112.785,latency_s,0.046274
1757012112.787,latency_s,0.046165
1757012112.796,latency_s,0.047299
1757012112.796,latency_s,0.047452
1757012112.836,latency_s,0.046800
1757012112.840,latency_s,0.046464
1757012112.841,latency_s,0.046866
1757012112.846,latency_s,0.046033
1757012112.850,latency_s,0.046810
1757012112.860,latency_s,0.046351
1757012112.861,latency_s,0.046766
1757012112.863,latency_s,0.047824
1757012112.863,latency_s,0.048043
1757012112.863,latency_s,0.046413
1757012112.865,latency_s,0.046591
1757012112.865,latency_s,0.046594
1757012112.866,latency_s,0.047071
1757012112.885,latency_s,0.046305
1757012112.889,latency_s,0.045744
1757012112.897,latency_s,0.048421
1757012112.974,latency_s,0.124391
1757012112.974,latency_s,0.083910
1757012112.974,latency_s,0.079093
1757012112.974,latency_s,0.079150
1757012112.974,latency_s,0.071818
1757012112.974,latency_s,0.069987
1757012112.974,latency_s,0.059714
1757012112.974,latency_s,0.059408
1757012112.974,latency_s,0.059001
1757012112.974,latency_s,0.059206
1757012112.974,latency_s,0.057363
1757012112.974,latency_s,0.055349
1757012112.974,latency_s,0.055394
1757012112.974,latency_s,0.055407
1757012112.985,latency_s,0.045937
1757012112.990,latency_s,0.046263
1757012112.996,latency_s,0.046572
1757012112.999,latency_s,0.049091
1757012113.039,latency_s,0.046771
1757012113.041,latency_s,0.046014
1757012113.043,latency_s,0.046635
1757012113.048,latency_s,0.045676
1757012113.051,latency_s,0.046719
1757012113.061,latency_s,0.046457
1757012113.061,latency_s,0.045455
1757012113.064,latency_s,0.047925
1757012113.075,latency_s,0.058316
1757012113.075,latency_s,0.057250
1757012113.075,latency_s,0.054818
1757012113.075,latency_s,0.054767
1757012113.075,latency_s,0.054669
1757012113.087,latency_s,0.046349
1757012113.091,latency_s,0.046514
1757012113.099,latency_s,0.047357
1757012113.099,latency_s,0.047625
1757012113.139,latency_s,0.046754
1757012113.142,latency_s,0.046936
1757012113.143,latency_s,0.046067
1757012113.152,latency_s,0.047200
1757012113.153,latency_s,0.046872
1757012113.161,latency_s,0.045925
1757012113.162,latency_s,0.046127
1757012113.163,latency_s,0.046933
1757012113.165,latency_s,0.047482
1757012113.165,latency_s,0.046585
1757012113.175,latency_s,0.053287
1757012113.176,latency_s,0.053008
1757012113.176,latency_s,0.053152
1757012113.187,latency_s,0.046283
1757012113.192,latency_s,0.046974
1757012113.199,latency_s,0.046804
1757012113.207,latency_s,0.048080
1757012113.242,latency_s,0.046680
1757012113.243,latency_s,0.045986
1757012113.246,latency_s,0.046252
1757012113.253,latency_s,0.046908
1757012113.253,latency_s,0.046069
1757012113.265,latency_s,0.048326
1757012113.265,latency_s,0.048249
1757012113.265,latency_s,0.048180
1757012113.265,latency_s,0.046662
1757012113.267,latency_s,0.048004
1757012113.270,latency_s,0.047819
1757012113.270,latency_s,0.047446
1757012113.279,latency_s,0.056134
1757012113.290,latency_s,0.047825
1757012113.292,latency_s,0.045850
1757012113.300,latency_s,0.047283
1757012113.309,latency_s,0.047969
1757012113.345,latency_s,0.047912
1757012113.345,latency_s,0.047308
1757012113.347,latency_s,0.046552
1757012113.354,latency_s,0.046648
1757012113.357,latency_s,0.046127
1757012113.363,latency_s,0.046538
1757012113.363,latency_s,0.046494
1757012113.366,latency_s,0.048532
1757012113.366,latency_s,0.046189
1757012113.368,latency_s,0.048176
1757012113.371,latency_s,0.046825
1757012113.381,latency_s,0.057086
1757012113.381,latency_s,0.057273
1757012113.390,latency_s,0.046706
1757012113.392,latency_s,0.046147
1757012113.399,latency_s,0.046046
1757012113.410,latency_s,0.047043
1757012113.445,latency_s,0.048267
1757012113.445,latency_s,0.047326
1757012113.448,latency_s,0.046951
1757012113.454,latency_s,0.046450
1757012113.457,latency_s,0.045857
1757012113.464,latency_s,0.046514
1757012113.465,latency_s,0.047739
1757012113.466,latency_s,0.047799
1757012113.468,latency_s,0.047585
1757012113.468,latency_s,0.047836
1757012113.472,latency_s,0.047140
1757012113.472,latency_s,0.047159
1757012113.472,latency_s,0.047294
1757012113.491,latency_s,0.047445
1757012113.493,latency_s,0.046550
1757012113.501,latency_s,0.048332
1757012113.512,latency_s,0.046213
1757012113.544,latency_s,0.046285
1757012113.544,latency_s,0.045605
1757012113.548,latency_s,0.046806
1757012113.554,latency_s,0.046386
1757012113.558,latency_s,0.046030
1757012113.564,latency_s,0.045857
1757012113.567,latency_s,0.045946
1757012113.569,latency_s,0.047842
1757012113.614,latency_s,0.093046
1757012113.614,latency_s,0.092676
1757012113.614,latency_s,0.087548
1757012113.614,latency_s,0.087651
1757012113.614,latency_s,0.087644
1757012113.614,latency_s,0.069761
1757012113.614,latency_s,0.067137
1757012113.614,latency_s,0.061374
1757012113.614,latency_s,0.048218
1757012113.646,latency_s,0.046942
1757012113.648,latency_s,0.047738
1757012113.648,latency_s,0.046527
1757012113.656,latency_s,0.046810
1757012113.660,latency_s,0.046608
1757012113.665,latency_s,0.046084
1757012113.669,latency_s,0.047837
1757012113.670,latency_s,0.047930
1757012113.683,latency_s,0.060983
1757012113.683,latency_s,0.060790
1757012113.683,latency_s,0.055630
1757012113.683,latency_s,0.054706
1757012113.683,latency_s,0.054746
1757012113.693,latency_s,0.047639
1757012113.697,latency_s,0.046923
1757012113.700,latency_s,0.046150
1757012113.713,latency_s,0.046387
1757012113.746,latency_s,0.046656
1757012113.746,latency_s,0.045764
1757012113.749,latency_s,0.046279
1757012113.756,latency_s,0.046156
1757012113.760,latency_s,0.046607
1757012113.766,latency_s,0.046096
1757012113.769,latency_s,0.046258
1757012113.771,latency_s,0.048209
1757012113.771,latency_s,0.047096
1757012113.782,latency_s,0.057702
1757012113.782,latency_s,0.054438
1757012113.782,latency_s,0.053607
1757012113.782,latency_s,0.053582
1757012113.792,latency_s,0.045997
1757012113.801,latency_s,0.046849
1757012113.802,latency_s,0.047082
1757012113.814,latency_s,0.046261
1757012113.848,latency_s,0.048130
1757012113.848,latency_s,0.046248
1757012113.851,latency_s,0.047067
1757012113.856,latency_s,0.046174
1757012113.863,latency_s,0.046346
1757012113.866,latency_s,0.045483
1757012113.871,latency_s,0.047190
1757012113.871,latency_s,0.047245
1757012113.871,latency_s,0.046156
1757012113.884,latency_s,0.058063
1757012113.884,latency_s,0.056257
1757012113.884,latency_s,0.055342
1757012113.884,latency_s,0.055062
1757012113.893,latency_s,0.046622
1757012113.903,latency_s,0.047092
1757012113.903,latency_s,0.046831
1757012113.915,latency_s,0.046764
1757012113.950,latency_s,0.047484
1757012113.951,latency_s,0.045820
1757012113.959,latency_s,0.047113
1757012113.964,latency_s,0.046781
1757012113.967,latency_s,0.046427
1757012113.970,latency_s,0.046539
1757012113.971,latency_s,0.046379
1757012113.972,latency_s,0.046330
1757012113.974,latency_s,0.046325
1757012113.986,latency_s,0.056893
1757012113.986,latency_s,0.056553
1757012113.986,latency_s,0.056362
1757012113.994,latency_s,0.047109
1757012114.002,latency_s,0.046539
1757012114.003,latency_s,0.046561
1757012114.018,latency_s,0.046546
1757012114.051,latency_s,0.047720
1757012114.051,latency_s,0.045876
1757012114.059,latency_s,0.046863
1757012114.065,latency_s,0.046312
1757012114.068,latency_s,0.046073
1757012114.071,latency_s,0.047032
1757012114.117,latency_s,0.092492
1757012114.117,latency_s,0.090878
1757012114.117,latency_s,0.088978
1757012114.117,latency_s,0.087023
1757012114.117,latency_s,0.086978
1757012114.117,latency_s,0.086729
1757012114.117,latency_s,0.217015
1757012114.117,latency_s,0.115658
1757012114.117,latency_s,0.070334
1757012114.117,latency_s,0.061059
1757012114.117,latency_s,0.060712
1757012114.122,latency_s,0.049574
1757012114.149,latency_s,0.046719
1757012114.153,latency_s,0.048336
1757012114.153,latency_s,0.046499
1757012114.158,latency_s,0.046206
1757012114.167,latency_s,0.047528
1757012114.170,latency_s,0.046464
1757012114.173,latency_s,0.047145
1757012114.188,latency_s,0.061946
1757012114.188,latency_s,0.059772
1757012114.188,latency_s,0.059242
1757012114.188,latency_s,0.057476
1757012114.188,latency_s,0.057041
1757012114.188,latency_s,0.057259
1757012114.194,latency_s,0.046318
1757012114.205,latency_s,0.048169
1757012114.219,latency_s,0.046562
1757012114.250,latency_s,0.046835
1757012114.252,latency_s,0.046282
1757012114.255,latency_s,0.046827
1757012114.259,latency_s,0.046245
1757012114.268,latency_s,0.047168
1757012114.269,latency_s,0.045563
1757012114.273,latency_s,0.046450
1757012114.286,latency_s,0.059618
1757012114.286,latency_s,0.057426
1757012114.286,latency_s,0.056532
1757012114.286,latency_s,0.055597
1757012114.287,latency_s,0.055413
1757012114.287,latency_s,0.055300
1757012114.294,latency_s,0.046284
1757012114.303,latency_s,0.046139
1757012114.320,latency_s,0.046558
1757012114.346,latency_s,0.187861
1757012114.347,latency_s,0.086991
1757012114.350,latency_s,0.047089
1757012114.352,latency_s,0.045744
1757012114.357,latency_s,0.047460
1757012114.358,latency_s,0.045700
1757012114.369,latency_s,0.046949
1757012114.383,latency_s,0.059471
1757012114.383,latency_s,0.056570
1757012114.383,latency_s,0.056651
1757012114.383,latency_s,0.053717
1757012114.384,latency_s,0.052658
1757012114.384,latency_s,0.052441
1757012114.384,latency_s,0.052215
1757012114.384,latency_s,0.051990
1757012114.396,latency_s,0.047363
1757012114.405,latency_s,0.047507
1757012114.406,latency_s,0.045334
1757012114.420,latency_s,0.045915
1757012114.451,latency_s,0.046656
1757012114.453,latency_s,0.046494
1757012114.458,latency_s,0.046660
1757012114.459,latency_s,0.046101
1757012114.472,latency_s,0.046760
1757012114.474,latency_s,0.046777
1757012114.474,latency_s,0.045768
1757012114.476,latency_s,0.047572
1757012114.477,latency_s,0.046120
1757012114.490,latency_s,0.057975
1757012114.490,latency_s,0.058764
1757012114.490,latency_s,0.058256
1757012114.490,latency_s,0.057953
1757012114.496,latency_s,0.047043
1757012114.503,latency_s,0.045821
1757012114.509,latency_s,0.046775
1757012114.521,latency_s,0.046401
1757012114.552,latency_s,0.046237
1757012114.554,latency_s,0.046041
1757012114.559,latency_s,0.046365
1757012114.559,latency_s,0.046311
1757012114.572,latency_s,0.046341
1757012114.574,latency_s,0.045284
1757012114.575,latency_s,0.046352
1757012114.578,latency_s,0.045942
1757012114.587,latency_s,0.055120
1757012114.587,latency_s,0.055386
1757012114.587,latency_s,0.054977
1757012114.587,latency_s,0.055507
1757012114.587,latency_s,0.055574
1757012114.595,latency_s,0.045400
1757012114.604,latency_s,0.045745
1757012114.611,latency_s,0.046935
1757012114.623,latency_s,0.046944
1757012114.652,latency_s,0.046154
1757012114.654,latency_s,0.046235
1757012114.660,latency_s,0.046892
1757012114.660,latency_s,0.046645
1757012114.673,latency_s,0.046714
1757012114.677,latency_s,0.047816
1757012114.677,latency_s,0.047901
1757012114.679,latency_s,0.046971
1757012114.679,latency_s,0.046815
1757012114.679,latency_s,0.047062
1757012114.688,latency_s,0.055702
1757012114.688,latency_s,0.055778
1757012114.688,latency_s,0.055642
1757012114.697,latency_s,0.046552
1757012114.705,latency_s,0.046145
1757012114.725,latency_s,0.047199
1757012114.753,latency_s,0.046861
1757012114.755,latency_s,0.046291
1757012114.763,latency_s,0.048609
1757012114.763,latency_s,0.048595
1757012114.774,latency_s,0.047109
1757012114.777,latency_s,0.047036
1757012114.777,latency_s,0.046957
1757012114.779,latency_s,0.046141
1757012114.780,latency_s,0.046422
1757012114.780,latency_s,0.046563
1757012114.791,latency_s,0.057544
1757012114.791,latency_s,0.057563
1757012114.792,latency_s,0.057757
1757012114.797,latency_s,0.046518
1757012114.806,latency_s,0.046554
1757012114.826,latency_s,0.046957
1757012114.854,latency_s,0.046320
1757012114.858,latency_s,0.047096
1757012114.862,latency_s,0.046981
1757012114.863,latency_s,0.046395
1757012114.874,latency_s,0.046042
1757012114.876,latency_s,0.045802
1757012114.877,latency_s,0.046932
1757012114.879,latency_s,0.045882
1757012114.881,latency_s,0.047259
1757012114.881,latency_s,0.047034
1757012114.891,latency_s,0.056550
1757012114.891,latency_s,0.056792
1757012114.891,latency_s,0.056623
1757012114.891,latency_s,0.223774
1757012114.899,latency_s,0.131646
1757012114.899,latency_s,0.048295
1757012114.906,latency_s,0.046222
1757012114.928,latency_s,0.047298
1757012114.929,latency_s,0.061193
1757012114.955,latency_s,0.047458
1757012114.963,latency_s,0.047343
1757012114.963,latency_s,0.047472
1757012114.965,latency_s,0.048180
1757012114.975,latency_s,0.046288
1757012114.980,latency_s,0.047378
1757012114.980,latency_s,0.047084
1757012114.980,latency_s,0.046617
1757012114.980,latency_s,0.045766
1757012114.982,latency_s,0.047710
1757012114.982,latency_s,0.047748
1757012114.990,latency_s,0.055597
1757012114.990,latency_s,0.055881
1757012115.000,latency_s,0.047590
1757012115.007,latency_s,0.046329
1757012115.014,latency_s,0.045811
1757012115.027,latency_s,0.045508
1757012115.055,latency_s,0.046640
1757012115.064,latency_s,0.047373
1757012115.064,latency_s,0.046473
1757012115.072,latency_s,0.046200
1757012115.076,latency_s,0.046372
1757012115.079,latency_s,0.045780
1757012115.081,latency_s,0.046676
1757012115.083,latency_s,0.047716
1757012115.083,latency_s,0.047928
1757012115.083,latency_s,0.047674
1757012115.085,latency_s,0.049691
1757012115.085,latency_s,0.049058
1757012115.091,latency_s,0.055800
1757012115.099,latency_s,0.046005
1757012115.108,latency_s,0.046566
1757012115.115,latency_s,0.046947
1757012115.155,latency_s,0.045800
1757012115.165,latency_s,0.047319
1757012115.165,latency_s,0.046570
1757012115.177,latency_s,0.047375
1757012115.177,latency_s,0.047205
1757012115.179,latency_s,0.045829
1757012115.183,latency_s,0.046785
1757012115.183,latency_s,0.047184
1757012115.184,latency_s,0.048054
1757012115.185,latency_s,0.048597
1757012115.185,latency_s,0.048977
1757012115.185,latency_s,0.049270
1757012115.185,latency_s,0.049013
1757012115.201,latency_s,0.047469
1757012115.208,latency_s,0.046363
1757012115.215,latency_s,0.046171
1757012115.259,latency_s,0.048568
1757012115.264,latency_s,0.045717
1757012115.268,latency_s,0.185026
1757012115.268,latency_s,0.078485
1757012115.269,latency_s,0.045938
1757012115.277,latency_s,0.045849
1757012115.280,latency_s,0.046085
1757012115.282,latency_s,0.046061
1757012115.283,latency_s,0.045826
1757012115.284,latency_s,0.047508
1757012115.285,latency_s,0.047760
1757012115.285,latency_s,0.047272
1757012115.285,latency_s,0.047263
1757012115.285,latency_s,0.047305
1757012115.295,latency_s,0.057699
1757012115.304,latency_s,0.050313
1757012115.309,latency_s,0.046642
1757012115.316,latency_s,0.046206
1757012115.337,latency_s,0.046714
1757012115.359,latency_s,0.047581
1757012115.364,latency_s,0.046051
1757012115.370,latency_s,0.046108
1757012115.378,latency_s,0.046298
1757012115.380,latency_s,0.045660
1757012115.384,latency_s,0.046696
1757012115.384,latency_s,0.046842
1757012115.386,latency_s,0.048612
1757012115.386,latency_s,0.048861
1757012115.386,latency_s,0.048975
1757012115.386,latency_s,0.048649
1757012115.386,latency_s,0.048528
1757012115.387,latency_s,0.048365
1757012115.402,latency_s,0.046935
1757012115.410,latency_s,0.047059
1757012115.416,latency_s,0.046180
1757012115.439,latency_s,0.046844
1757012115.457,latency_s,0.046106
1757012115.464,latency_s,0.045572
1757012115.471,latency_s,0.046785
1757012115.479,latency_s,0.046950
1757012115.481,latency_s,0.046155
1757012115.483,latency_s,0.045474
1757012115.485,latency_s,0.046937
1757012115.485,latency_s,0.047068
1757012115.487,latency_s,0.048819
1757012115.487,latency_s,0.048992
1757012115.487,latency_s,0.048999
1757012115.487,latency_s,0.049094
1757012115.487,latency_s,0.048309
1757012115.501,latency_s,0.046090
1757012115.510,latency_s,0.046682
1757012115.516,latency_s,0.045571
1757012115.541,latency_s,0.046855
1757012115.559,latency_s,0.046947
1757012115.566,latency_s,0.046401
1757012115.575,latency_s,0.045983
1757012115.579,latency_s,0.046145
1757012115.582,latency_s,0.046658
1757012115.585,latency_s,0.046484
1757012115.585,latency_s,0.046380
1757012115.585,latency_s,0.046306
1757012115.588,latency_s,0.048922
1757012115.588,latency_s,0.049006
1757012115.588,latency_s,0.049006
1757012115.588,latency_s,0.049192
1757012115.588,latency_s,0.048328
1757012115.602,latency_s,0.047120
1757012115.609,latency_s,0.045502
1757012115.617,latency_s,0.045506
1757012115.642,latency_s,0.047230
1757012115.660,latency_s,0.047207
1757012115.668,latency_s,0.047422
1757012115.676,latency_s,0.046623
1757012115.681,latency_s,0.046996
1757012115.682,latency_s,0.046479
1757012115.685,latency_s,0.046121
1757012115.688,latency_s,0.048798
1757012115.688,latency_s,0.049159
1757012115.688,latency_s,0.048836
1757012115.688,latency_s,0.049225
1757012115.688,latency_s,0.048903
1757012115.688,latency_s,0.049115
1757012115.688,latency_s,0.047610
1757012115.702,latency_s,0.046231
1757012115.710,latency_s,0.046512
1757012115.720,latency_s,0.046910
1757012115.743,latency_s,0.047051
1757012115.760,latency_s,0.046424
1757012115.768,latency_s,0.046744
1757012115.780,latency_s,0.047575
1757012115.783,latency_s,0.046343
1757012115.786,latency_s,0.047068
1757012115.786,latency_s,0.047165
1757012115.788,latency_s,0.048623
1757012115.788,latency_s,0.048930
1757012115.788,latency_s,0.048506
1757012115.788,latency_s,0.048701
1757012115.789,latency_s,0.049934
1757012115.790,latency_s,0.048591
1757012115.802,latency_s,0.046305
1757012115.812,latency_s,0.047567
1757012115.819,latency_s,0.046389
1757012115.843,latency_s,0.046016
1757012115.861,latency_s,0.046890
1757012115.868,latency_s,0.046209
1757012115.881,latency_s,0.046805
1757012115.883,latency_s,0.045240
1757012115.886,latency_s,0.045561
1757012115.888,latency_s,0.047940
1757012115.888,latency_s,0.047788
1757012115.889,latency_s,0.047865
1757012115.889,latency_s,0.047885
1757012115.889,latency_s,0.048277
1757012115.890,latency_s,0.049201
1757012115.890,latency_s,0.048821
1757012115.903,latency_s,0.045992
1757012115.912,latency_s,0.046898
1757012115.919,latency_s,0.046003
1757012115.924,latency_s,0.189519
1757012115.924,latency_s,0.089300
1757012115.944,latency_s,0.046153
1757012115.961,latency_s,0.046510
1757012115.969,latency_s,0.046228
1757012115.982,latency_s,0.047689
1757012115.982,latency_s,0.046786
1757012115.985,latency_s,0.046596
1757012115.991,latency_s,0.049379
1757012115.991,latency_s,0.049201
1757012115.991,latency_s,0.049428
1757012115.991,latency_s,0.049296
1757012115.991,latency_s,0.049600
1757012115.991,latency_s,0.049366
1757012115.991,latency_s,0.049217
1757012115.991,latency_s,0.049925
1757012116.003,latency_s,0.046412
1757012116.012,latency_s,0.046722
1757012116.021,latency_s,0.046502
1757012116.048,latency_s,0.047345
1757012116.063,latency_s,0.046819
1757012116.070,latency_s,0.046097
1757012116.083,latency_s,0.046352
1757012116.084,latency_s,0.045892
1757012116.085,latency_s,0.045789
1757012116.087,latency_s,0.045946
1757012116.089,latency_s,0.047312
1757012116.090,latency_s,0.047817
1757012116.090,latency_s,0.048177
1757012116.091,latency_s,0.048117
1757012116.092,latency_s,0.050051
1757012116.092,latency_s,0.049968
1757012116.092,latency_s,0.050152
1757012116.104,latency_s,0.046385
1757012116.112,latency_s,0.045646
1757012116.121,latency_s,0.045942
1757012116.148,latency_s,0.046512
1757012116.164,latency_s,0.046031
1757012116.170,latency_s,0.046092
1757012116.185,latency_s,0.047456
1757012116.186,latency_s,0.046472
1757012116.187,latency_s,0.045881
1757012116.189,latency_s,0.046777
1757012116.189,latency_s,0.046836
1757012116.190,latency_s,0.047207
1757012116.190,latency_s,0.047401
1757012116.192,latency_s,0.050500
1757012116.192,latency_s,0.048990
1757012116.192,latency_s,0.049213
1757012116.193,latency_s,0.048719
1757012116.204,latency_s,0.045567
1757012116.213,latency_s,0.046234
1757012116.222,latency_s,0.047116
1757012116.248,latency_s,0.046053
1757012116.265,latency_s,0.047443
1757012116.271,latency_s,0.046296
1757012116.285,latency_s,0.047667
1757012116.286,latency_s,0.045961
1757012116.292,latency_s,0.050477
1757012116.292,latency_s,0.050494
1757012116.293,latency_s,0.050025
1757012116.293,latency_s,0.050027
1757012116.293,latency_s,0.050155
1757012116.293,latency_s,0.050337
1757012116.293,latency_s,0.048706
1757012116.293,latency_s,0.048400
1757012116.293,latency_s,0.049213
1757012116.305,latency_s,0.046418
1757012116.312,latency_s,0.045528
1757012116.322,latency_s,0.046591
1757012116.349,latency_s,0.046545
1757012116.365,latency_s,0.046153
1757012116.373,latency_s,0.047283
1757012116.384,latency_s,0.045547
1757012116.386,latency_s,0.046065
1757012116.388,latency_s,0.045574
1757012116.389,latency_s,0.047079
1757012116.391,latency_s,0.047774
1757012116.391,latency_s,0.047723
1757012116.428,latency_s,0.084933
1757012116.428,latency_s,0.083754
1757012116.428,latency_s,0.083978
1757012116.428,latency_s,0.083864
1757012116.428,latency_s,0.083501
1757012116.428,latency_s,0.069518
1757012116.428,latency_s,0.061176
1757012116.428,latency_s,0.052032
1757012116.451,latency_s,0.046374
1757012116.469,latency_s,0.049024
1757012116.474,latency_s,0.047426
1757012116.485,latency_s,0.047213
1757012116.487,latency_s,0.045922
1757012116.493,latency_s,0.050077
1757012116.493,latency_s,0.050238
1757012116.493,latency_s,0.050088
1757012116.493,latency_s,0.049803
1757012116.494,latency_s,0.049797
1757012116.506,latency_s,0.061074
1757012116.506,latency_s,0.061215
1757012116.506,latency_s,0.060962
1757012116.506,latency_s,0.060911
1757012116.506,latency_s,0.046812
1757012116.521,latency_s,0.053253
1757012116.524,latency_s,0.047305
1757012116.553,latency_s,0.047998
1757012116.567,latency_s,0.046097
1757012116.573,latency_s,0.046446
1757012116.585,latency_s,0.046458
1757012116.589,latency_s,0.046042
1757012116.590,latency_s,0.045787
1757012116.592,latency_s,0.047914
1757012116.593,latency_s,0.047642
1757012116.593,latency_s,0.047835
1757012116.593,latency_s,0.047846
1757012116.595,latency_s,0.050124
1757012116.595,latency_s,0.049865
1757012116.610,latency_s,0.064224
1757012116.610,latency_s,0.063873
1757012116.610,latency_s,0.050102
1757012116.616,latency_s,0.047612
1757012116.625,latency_s,0.047091
1757012116.653,latency_s,0.047357
1757012116.668,latency_s,0.046707
1757012116.674,latency_s,0.046741
1757012116.685,latency_s,0.046810
1757012116.690,latency_s,0.046698
1757012116.692,latency_s,0.046906
1757012116.694,latency_s,0.048931
1757012116.694,latency_s,0.048923
1757012116.694,latency_s,0.048845
1757012116.695,latency_s,0.049138
1757012116.696,latency_s,0.050508
1757012116.697,latency_s,0.051409
1757012116.704,latency_s,0.058039
1757012116.704,latency_s,0.057514
1757012116.706,latency_s,0.045787
1757012116.722,latency_s,0.053526
1757012116.724,latency_s,0.046010
1757012116.754,latency_s,0.047361
1757012116.768,latency_s,0.046484
1757012116.776,latency_s,0.047262
1757012116.786,latency_s,0.046562
1757012116.790,latency_s,0.046462
1757012116.791,latency_s,0.046226
1757012116.793,latency_s,0.047660
1757012116.796,latency_s,0.049732
1757012116.796,latency_s,0.050076
1757012116.796,latency_s,0.049885
1757012116.796,latency_s,0.049965
1757012116.796,latency_s,0.049727
1757012116.796,latency_s,0.049313
1757012116.798,latency_s,0.051340
1757012116.807,latency_s,0.046444
1757012116.817,latency_s,0.046927
1757012116.828,latency_s,0.047186
1757012116.857,latency_s,0.047105
1757012116.868,latency_s,0.046587
1757012116.875,latency_s,0.045787
1757012116.887,latency_s,0.047108
1757012116.892,latency_s,0.047341
1757012116.892,latency_s,0.047153
1757012116.892,latency_s,0.046975
1757012116.892,latency_s,0.045661
1757012116.896,latency_s,0.048796
1757012116.896,latency_s,0.049043
1757012116.896,latency_s,0.048817
1757012116.896,latency_s,0.049069
1757012116.907,latency_s,0.060344
1757012116.907,latency_s,0.059645
1757012116.907,latency_s,0.046532
1757012116.918,latency_s,0.047506
1757012116.929,latency_s,0.047073
1757012116.958,latency_s,0.046780
1757012116.969,latency_s,0.046520
1757012116.976,latency_s,0.045999
1757012116.987,latency_s,0.046477
1757012116.993,latency_s,0.047342
1757012116.997,latency_s,0.051794
1757012116.998,latency_s,0.051838
1757012116.998,latency_s,0.050995
1757012116.998,latency_s,0.049855
1757012116.999,latency_s,0.050647
1757012116.999,latency_s,0.050835
1757012116.999,latency_s,0.051945
1757012116.999,latency_s,0.047844
1757012116.999,latency_s,0.049519
1757012117.012,latency_s,0.049800
1757012117.017,latency_s,0.046275
1757012117.032,latency_s,0.048156
1757012117.058,latency_s,0.046103
1757012117.070,latency_s,0.046616
1757012117.076,latency_s,0.046319
1757012117.087,latency_s,0.046757
1757012117.094,latency_s,0.047523
1757012117.094,latency_s,0.047139
1757012117.094,latency_s,0.047564
1757012117.100,latency_s,0.050662
1757012117.100,latency_s,0.050420
1757012117.100,latency_s,0.050239
1757012117.100,latency_s,0.050300
1757012117.100,latency_s,0.050934
1757012117.101,latency_s,0.049780
1757012117.101,latency_s,0.048668
1757012117.110,latency_s,0.048083
1757012117.117,latency_s,0.045617
1757012117.132,latency_s,0.047559
1757012117.159,latency_s,0.046460
1757012117.170,latency_s,0.045848
1757012117.177,latency_s,0.045434
1757012117.187,latency_s,0.045981
1757012117.194,latency_s,0.047458
1757012117.194,latency_s,0.046711
1757012117.199,latency_s,0.050727
1757012117.199,latency_s,0.047701
1757012117.199,latency_s,0.048843
1757012117.201,latency_s,0.050643
1757012117.201,latency_s,0.050763
1757012117.201,latency_s,0.050932
1757012117.201,latency_s,0.050111
1757012117.201,latency_s,0.048386
1757012117.209,latency_s,0.046079
1757012117.218,latency_s,0.046423
1757012117.232,latency_s,0.047503
1757012117.261,latency_s,0.046821
1757012117.271,latency_s,0.046850
1757012117.279,latency_s,0.046937
1757012117.287,latency_s,0.045751
1757012117.294,latency_s,0.046902
1757012117.299,latency_s,0.050501
1757012117.300,latency_s,0.051162
1757012117.300,latency_s,0.049403
1757012117.300,latency_s,0.049649
1757012117.300,latency_s,0.049519
1757012117.300,latency_s,0.049438
1757012117.300,latency_s,0.046665
1757012117.300,latency_s,0.046644
1757012117.300,latency_s,0.046854
1757012117.310,latency_s,0.046796
1757012117.318,latency_s,0.046202
1757012117.334,latency_s,0.046408
1757012117.363,latency_s,0.046676
1757012117.371,latency_s,0.046032
1757012117.380,latency_s,0.048297
1757012117.389,latency_s,0.047849
1757012117.394,latency_s,0.045902
1757012117.399,latency_s,0.048674
1757012117.399,latency_s,0.048830
1757012117.399,latency_s,0.048856
1757012117.400,latency_s,0.048023
1757012117.400,latency_s,0.048158
1757012117.400,latency_s,0.046229
1757012117.401,latency_s,0.047913
1757012117.402,latency_s,0.048332
1757012117.411,latency_s,0.046937
1757012117.419,latency_s,0.046621
1757012117.439,latency_s,0.046776
1757012117.465,latency_s,0.046457
1757012117.473,latency_s,0.047086
1757012117.478,latency_s,0.046040
1757012117.488,latency_s,0.046553
1757012117.497,latency_s,0.047640
1757012117.503,latency_s,0.051462
1757012117.503,latency_s,0.051388
1757012117.503,latency_s,0.051228
1757012117.503,latency_s,0.051497
1757012117.503,latency_s,0.049617
1757012117.503,latency_s,0.049477
1757012117.503,latency_s,0.049479
1757012117.504,latency_s,0.049922
1757012117.511,latency_s,0.047128
1757012117.519,latency_s,0.046978
1757012117.540,latency_s,0.189497
1757012117.540,latency_s,0.088656
1757012117.541,latency_s,0.048053
1757012117.566,latency_s,0.047599
1757012117.573,latency_s,0.047264
1757012117.581,latency_s,0.047762
1757012117.588,latency_s,0.045984
1757012117.595,latency_s,0.045839
1757012117.599,latency_s,0.046566
1757012117.600,latency_s,0.047555
1757012117.601,latency_s,0.048083
1757012117.601,latency_s,0.048139
1757012117.601,latency_s,0.048400
1757012117.601,latency_s,0.046043
1757012117.601,latency_s,0.046217
1757012117.603,latency_s,0.048194
1757012117.603,latency_s,0.048017
1757012117.611,latency_s,0.046229
1757012117.619,latency_s,0.045980
1757012117.643,latency_s,0.046207
1757012117.666,latency_s,0.046562
1757012117.674,latency_s,0.046364
1757012117.679,latency_s,0.045802
1757012117.691,latency_s,0.047170
1757012117.697,latency_s,0.046906
1757012117.701,latency_s,0.047777
1757012117.701,latency_s,0.047763
1757012117.701,latency_s,0.047808
1757012117.701,latency_s,0.047789
1757012117.701,latency_s,0.047859
1757012117.703,latency_s,0.047231
1757012117.703,latency_s,0.047196
1757012117.704,latency_s,0.047635
1757012117.704,latency_s,0.047709
1757012117.711,latency_s,0.046303
1757012117.720,latency_s,0.046225
1757012117.744,latency_s,0.046404
1757012117.771,latency_s,0.047103
1757012117.774,latency_s,0.046205
1757012117.780,latency_s,0.046268
1757012117.791,latency_s,0.046316
1757012117.797,latency_s,0.045974
1757012117.801,latency_s,0.046985
1757012117.802,latency_s,0.047711
1757012117.802,latency_s,0.047909
1757012117.803,latency_s,0.048327
1757012117.803,latency_s,0.048174
1757012117.803,latency_s,0.047380
1757012117.804,latency_s,0.047406
1757012117.804,latency_s,0.047339
1757012117.804,latency_s,0.047737
1757012117.811,latency_s,0.045880
1757012117.820,latency_s,0.046363
1757012117.845,latency_s,0.046776
1757012117.873,latency_s,0.046597
1757012117.880,latency_s,0.046447
1757012117.892,latency_s,0.047085
1757012117.898,latency_s,0.046475
1757012117.903,latency_s,0.048461
1757012117.903,latency_s,0.048541
1757012117.903,latency_s,0.046829
1757012117.906,latency_s,0.048995
1757012117.906,latency_s,0.049246
1757012117.906,latency_s,0.048997
1757012117.906,latency_s,0.049368
1757012117.906,latency_s,0.048906
1757012117.906,latency_s,0.049345
1757012117.912,latency_s,0.046242
1757012117.923,latency_s,0.047357
1757012117.946,latency_s,0.046904
1757012117.974,latency_s,0.046551
1757012117.981,latency_s,0.045969
1757012117.993,latency_s,0.046689
1757012117.999,latency_s,0.046719
1757012118.002,latency_s,0.046319
1757012118.002,latency_s,0.046724
1757012118.003,latency_s,0.046051
1757012118.003,latency_s,0.046472
1757012118.006,latency_s,0.049591
1757012118.007,latency_s,0.049502
1757012118.007,latency_s,0.049803
1757012118.007,latency_s,0.049416
1757012118.007,latency_s,0.049506
1757012118.014,latency_s,0.046896
1757012118.020,latency_s,0.192242
1757012118.020,latency_s,0.092316
1757012118.022,latency_s,0.045752
1757012118.045,latency_s,0.046274
1757012118.075,latency_s,0.047346
1757012118.075,latency_s,0.047316
1757012118.082,latency_s,0.047156
1757012118.094,latency_s,0.046767
1757012118.099,latency_s,0.046837
1757012118.103,latency_s,0.046493
1757012118.104,latency_s,0.046342
1757012118.107,latency_s,0.049385
1757012118.107,latency_s,0.049375
1757012118.107,latency_s,0.049356
1757012118.107,latency_s,0.049699
1757012118.108,latency_s,0.049516
1757012118.108,latency_s,0.049927
1757012118.113,latency_s,0.045913
1757012118.123,latency_s,0.046173
1757012118.146,latency_s,0.046589
1757012118.175,latency_s,0.047122
1757012118.175,latency_s,0.046859
1757012118.183,latency_s,0.046834
1757012118.194,latency_s,0.046029
1757012118.199,latency_s,0.046658
1757012118.205,latency_s,0.047212
1757012118.205,latency_s,0.047150
1757012118.206,latency_s,0.046432
1757012118.206,latency_s,0.047130
1757012118.207,latency_s,0.047728
1757012118.207,latency_s,0.047936
1757012118.207,latency_s,0.048090
1757012118.207,latency_s,0.047398
1757012118.213,latency_s,0.045883
1757012118.224,latency_s,0.046939
1757012118.244,latency_s,0.187952
1757012118.244,latency_s,0.085021
1757012118.247,latency_s,0.046572
1757012118.275,latency_s,0.046101
1757012118.279,latency_s,0.046181
1757012118.284,latency_s,0.046721
1757012118.294,latency_s,0.045900
1757012118.300,latency_s,0.046455
1757012118.306,latency_s,0.047303
1757012118.306,latency_s,0.047302
1757012118.306,latency_s,0.046397
1757012118.308,latency_s,0.047982
1757012118.308,latency_s,0.048189
1757012118.308,latency_s,0.047849
1757012118.308,latency_s,0.047150
1757012118.308,latency_s,0.047115
1757012118.308,latency_s,0.045684
1757012118.314,latency_s,0.046021
1757012118.323,latency_s,0.046426
1757012118.348,latency_s,0.046090
1757012118.376,latency_s,0.046349
1757012118.382,latency_s,0.046210
1757012118.384,latency_s,0.046550
1757012118.395,latency_s,0.046253
1757012118.402,latency_s,0.045540
1757012118.406,latency_s,0.047487
1757012118.406,latency_s,0.047239
1757012118.406,latency_s,0.046551
1757012118.406,latency_s,0.046338
1757012118.407,latency_s,0.046864
1757012118.407,latency_s,0.046556
1757012118.408,latency_s,0.047330
1757012118.408,latency_s,0.047349
1757012118.409,latency_s,0.045772
1757012118.414,latency_s,0.045732
1757012118.423,latency_s,0.046161
1757012118.450,latency_s,0.047132
1757012118.477,latency_s,0.046722
1757012118.485,latency_s,0.047858
1757012118.485,latency_s,0.047213
1757012118.496,latency_s,0.046542
1757012118.503,latency_s,0.046119
1757012118.506,latency_s,0.047213
1757012118.506,latency_s,0.046655
1757012118.509,latency_s,0.048146
1757012118.509,latency_s,0.048248
1757012118.509,latency_s,0.048246
1757012118.509,latency_s,0.047776
1757012118.509,latency_s,0.047656
1757012118.509,latency_s,0.047763
1757012118.510,latency_s,0.045861
1757012118.515,latency_s,0.045927
1757012118.524,latency_s,0.046802
1757012118.550,latency_s,0.046275
1757012118.578,latency_s,0.046710
1757012118.585,latency_s,0.046538
1757012118.587,latency_s,0.046610
1757012118.596,latency_s,0.046175
1757012118.603,latency_s,0.045746
1757012118.606,latency_s,0.046284
1757012118.611,latency_s,0.050412
1757012118.611,latency_s,0.049946
1757012118.612,latency_s,0.050201
1757012118.612,latency_s,0.050001
1757012118.612,latency_s,0.049911
1757012118.612,latency_s,0.049869
1757012118.612,latency_s,0.050279
1757012118.612,latency_s,0.046792
1757012118.615,latency_s,0.045717
1757012118.624,latency_s,0.046374
1757012118.651,latency_s,0.046878
1757012118.677,latency_s,0.046121
1757012118.686,latency_s,0.046770
1757012118.689,latency_s,0.047118
1757012118.696,latency_s,0.045980
1757012118.704,latency_s,0.046185
1757012118.706,latency_s,0.045444
1757012118.709,latency_s,0.047113
1757012118.710,latency_s,0.048790
1757012118.710,latency_s,0.048446
1757012118.711,latency_s,0.048580
1757012118.711,latency_s,0.049397
1757012118.711,latency_s,0.049731
1757012118.711,latency_s,0.048085
1757012118.712,latency_s,0.046392
1757012118.717,latency_s,0.045886
1757012118.725,latency_s,0.046876
1757012118.751,latency_s,0.046585
1757012118.779,latency_s,0.046481
1757012118.789,latency_s,0.048404
1757012118.789,latency_s,0.046667
1757012118.797,latency_s,0.046128
1757012118.805,latency_s,0.047012
1757012118.810,latency_s,0.048620
1757012118.810,latency_s,0.048015
1757012118.810,latency_s,0.048402
1757012118.810,latency_s,0.047659
1757012118.813,latency_s,0.050418
1757012118.813,latency_s,0.050551
1757012118.813,latency_s,0.049746
1757012118.813,latency_s,0.048702
1757012118.813,latency_s,0.047034
1757012118.817,latency_s,0.045750
1757012118.826,latency_s,0.046835
1757012118.852,latency_s,0.046906
1757012118.882,latency_s,0.048173
1757012118.888,latency_s,0.047206
1757012118.889,latency_s,0.046236
1757012118.897,latency_s,0.045895
1757012118.906,latency_s,0.046901
1757012118.908,latency_s,0.046135
1757012118.908,latency_s,0.045793
1757012118.910,latency_s,0.047568
1757012118.910,latency_s,0.047675
1757012118.910,latency_s,0.046564
1757012118.912,latency_s,0.046254
1757012118.913,latency_s,0.046998
1757012118.913,latency_s,0.047017
1757012118.913,latency_s,0.046825
1757012118.919,latency_s,0.047683
1757012118.926,latency_s,0.046136
1757012118.953,latency_s,0.046009
1757012118.981,latency_s,0.046710
1757012118.988,latency_s,0.046513
1757012118.990,latency_s,0.046329
1757012118.999,latency_s,0.045777
1757012119.006,latency_s,0.046292
1757012119.011,latency_s,0.048331
1757012119.012,latency_s,0.048702
1757012119.012,latency_s,0.048506
1757012119.012,latency_s,0.049101
1757012119.012,latency_s,0.048253
1757012119.014,latency_s,0.048253
1757012119.015,latency_s,0.048712
1757012119.015,latency_s,0.048509
1757012119.016,latency_s,0.049338
1757012119.018,latency_s,0.046134
1757012119.029,latency_s,0.046817
1757012119.054,latency_s,0.046278
1757012119.082,latency_s,0.047347
1757012119.090,latency_s,0.047136
1757012119.090,latency_s,0.045708
1757012119.104,latency_s,0.046959
1757012119.107,latency_s,0.046332
1757012119.113,latency_s,0.049132
1757012119.113,latency_s,0.049295
1757012119.113,latency_s,0.048384
1757012119.113,latency_s,0.048062
1757012119.113,latency_s,0.048148
1757012119.113,latency_s,0.046655
1757012119.113,latency_s,0.046523
1757012119.115,latency_s,0.048809
1757012119.115,latency_s,0.048742
1757012119.117,latency_s,0.045842
1757012119.129,latency_s,0.046912
1757012119.155,latency_s,0.046768
1757012119.182,latency_s,0.046461
1757012119.191,latency_s,0.047348
1757012119.193,latency_s,0.047263
1757012119.203,latency_s,0.046173
1757012119.208,latency_s,0.046394
1757012119.211,latency_s,0.046420
1757012119.211,latency_s,0.046612
1757012119.212,latency_s,0.045425
1757012119.214,latency_s,0.047370
1757012119.214,latency_s,0.047601
1757012119.216,latency_s,0.048739
1757012119.216,latency_s,0.048776
1757012119.216,latency_s,0.049006
1757012119.216,latency_s,0.047647
1757012119.219,latency_s,0.046504
1757012119.230,latency_s,0.046741
1757012119.256,latency_s,0.046850
1757012119.282,latency_s,0.046638
1757012119.291,latency_s,0.046705
1757012119.295,latency_s,0.046180
1757012119.304,latency_s,0.046727
1757012119.308,latency_s,0.046122
1757012119.312,latency_s,0.047089
1757012119.312,latency_s,0.047168
1757012119.314,latency_s,0.046432
1757012119.314,latency_s,0.046573
1757012119.314,latency_s,0.046289
1757012119.316,latency_s,0.048042
1757012119.316,latency_s,0.048130
1757012119.316,latency_s,0.047483
1757012119.317,latency_s,0.047028
1757012119.318,latency_s,0.046120
1757012119.332,latency_s,0.047301
1757012119.356,latency_s,0.046718
1757012119.383,latency_s,0.046227
1757012119.394,latency_s,0.048690
1757012119.398,latency_s,0.046226
1757012119.405,latency_s,0.047053
1757012119.411,latency_s,0.047953
1757012119.411,latency_s,0.046125
1757012119.412,latency_s,0.046350
1757012119.415,latency_s,0.047114
1757012119.415,latency_s,0.047074
1757012119.417,latency_s,0.048588
1757012119.417,latency_s,0.048179
1757012119.417,latency_s,0.047741
1757012119.417,latency_s,0.046247
1757012119.419,latency_s,0.045868
1757012119.434,latency_s,0.048800
1757012119.457,latency_s,0.046860
1757012119.483,latency_s,0.045728
1757012119.492,latency_s,0.046483
1757012119.498,latency_s,0.046092
1757012119.503,latency_s,0.045304
1757012119.510,latency_s,0.046298
1757012119.513,latency_s,0.046230
1757012119.517,latency_s,0.049744
1757012119.517,latency_s,0.048855
1757012119.517,latency_s,0.048820
1757012119.517,latency_s,0.048806
1757012119.517,latency_s,0.048131
1757012119.517,latency_s,0.047602
1757012119.517,latency_s,0.046108
1757012119.520,latency_s,0.046546
1757012119.532,latency_s,0.046047
1757012119.556,latency_s,0.186968
1757012119.558,latency_s,0.088597
1757012119.558,latency_s,0.047046
1757012119.585,latency_s,0.046845
1757012119.593,latency_s,0.047119
1757012119.599,latency_s,0.046378
1757012119.605,latency_s,0.045948
1757012119.611,latency_s,0.046825
1757012119.618,latency_s,0.050561
1757012119.618,latency_s,0.049716
1757012119.618,latency_s,0.049483
1757012119.618,latency_s,0.049370
1757012119.618,latency_s,0.049078
1757012119.618,latency_s,0.048808
1757012119.618,latency_s,0.048417
1757012119.618,latency_s,0.048872
1757012119.618,latency_s,0.046911
1757012119.621,latency_s,0.046603
1757012119.632,latency_s,0.046024
1757012119.658,latency_s,0.046371
1757012119.686,latency_s,0.046708
1757012119.694,latency_s,0.047534
1757012119.702,latency_s,0.046762
1757012119.706,latency_s,0.046271
1757012119.711,latency_s,0.046213
1757012119.713,latency_s,0.046015
1757012119.714,latency_s,0.045884
1757012119.718,latency_s,0.048812
1757012119.718,latency_s,0.049085
1757012119.718,latency_s,0.048757
1757012119.718,latency_s,0.048348
1757012119.718,latency_s,0.048076
1757012119.718,latency_s,0.048545
1757012119.719,latency_s,0.045635
1757012119.720,latency_s,0.045523
1757012119.735,latency_s,0.046990
1757012119.759,latency_s,0.046304
1757012119.786,latency_s,0.046485
1757012119.793,latency_s,0.045930
1757012119.803,latency_s,0.046510
1757012119.806,latency_s,0.046091
1757012119.810,latency_s,0.045564
1757012119.815,latency_s,0.046714
1757012119.817,latency_s,0.047662
1757012119.818,latency_s,0.048115
1757012119.819,latency_s,0.048803
1757012119.819,latency_s,0.048412
1757012119.819,latency_s,0.048971
1757012119.821,latency_s,0.051147
1757012119.821,latency_s,0.050550
1757012119.821,latency_s,0.047482
1757012119.822,latency_s,0.046702
1757012119.836,latency_s,0.046339
1757012119.859,latency_s,0.046354
1757012119.887,latency_s,0.046916
1757012119.896,latency_s,0.046892
1757012119.904,latency_s,0.046320
1757012119.907,latency_s,0.046267
1757012119.911,latency_s,0.046217
1757012119.919,latency_s,0.050081
1757012119.920,latency_s,0.049404
1757012119.920,latency_s,0.048823
1757012119.920,latency_s,0.049347
1757012119.920,latency_s,0.049315
1757012119.920,latency_s,0.049352
1757012119.920,latency_s,0.049494
1757012119.920,latency_s,0.045953
1757012119.922,latency_s,0.045899
1757012119.936,latency_s,0.046450
1757012119.960,latency_s,0.046513
1757012119.988,latency_s,0.046729
1757012119.997,latency_s,0.046357
1757012120.005,latency_s,0.047060
1757012120.008,latency_s,0.046071
1757012120.011,latency_s,0.046209
1757012120.017,latency_s,0.045959
1757012120.022,latency_s,0.050706
1757012120.022,latency_s,0.050984
1757012120.022,latency_s,0.050167
1757012120.022,latency_s,0.050010
1757012120.022,latency_s,0.050370
1757012120.022,latency_s,0.050352
1757012120.023,latency_s,0.048827
1757012120.023,latency_s,0.047022
1757012120.037,latency_s,0.045983
1757012120.059,latency_s,0.188746
1757012120.060,latency_s,0.088681
1757012120.061,latency_s,0.046373
1757012120.098,latency_s,0.045963
1757012120.106,latency_s,0.045826
1757012120.109,latency_s,0.045958
1757012120.112,latency_s,0.046159
1757012120.118,latency_s,0.046553
1757012120.118,latency_s,0.046606
1757012120.123,latency_s,0.051692
1757012120.124,latency_s,0.051498
1757012120.124,latency_s,0.051880
1757012120.124,latency_s,0.051359
1757012120.124,latency_s,0.051550
1757012120.124,latency_s,0.051524
1757012120.124,latency_s,0.048070
1757012120.124,latency_s,0.047345
1757012120.138,latency_s,0.046194
1757012120.163,latency_s,0.047874
1757012120.207,latency_s,0.047182
1757012120.207,latency_s,0.045968
1757012120.210,latency_s,0.046997
1757012120.212,latency_s,0.045975
1757012120.218,latency_s,0.046707
1757012120.219,latency_s,0.046985
1757012120.220,latency_s,0.047041
1757012120.220,latency_s,0.046915
1757012120.224,latency_s,0.050952
1757012120.224,latency_s,0.050977
1757012120.224,latency_s,0.050976
1757012120.224,latency_s,0.050997
1757012120.224,latency_s,0.047436
1757012120.224,latency_s,0.046626
1757012120.236,latency_s,0.193959
1757012120.242,latency_s,0.099463
1757012120.242,latency_s,0.049666
1757012120.263,latency_s,0.046344
1757012120.291,latency_s,0.047145
1757012120.309,latency_s,0.046699
1757012120.310,latency_s,0.046396
1757012120.310,latency_s,0.047368
1757012120.313,latency_s,0.046211
1757012120.321,latency_s,0.048567
1757012120.321,latency_s,0.048477
1757012120.321,latency_s,0.048133
1757012120.321,latency_s,0.047843
1757012120.321,latency_s,0.048228
1757012120.322,latency_s,0.048663
1757012120.322,latency_s,0.048272
1757012120.322,latency_s,0.048392
1757012120.324,latency_s,0.046178
1757012120.324,latency_s,0.046529
1757012120.339,latency_s,0.046131
1757012120.368,latency_s,0.048648
1757012120.393,latency_s,0.046644
1757012120.411,latency_s,0.047883
1757012120.412,latency_s,0.048108
1757012120.412,latency_s,0.047978
1757012120.413,latency_s,0.045895
1757012120.423,latency_s,0.050271
1757012120.424,latency_s,0.051250
1757012120.424,latency_s,0.051158
1757012120.424,latency_s,0.050304
1757012120.424,latency_s,0.050529
1757012120.424,latency_s,0.049780
1757012120.424,latency_s,0.050286
1757012120.424,latency_s,0.050229
1757012120.424,latency_s,0.046148
1757012120.426,latency_s,0.047413
1757012120.440,latency_s,0.046205
1757012120.467,latency_s,0.046032
1757012120.496,latency_s,0.047045
1757012120.511,latency_s,0.046627
1757012120.512,latency_s,0.045931
1757012120.514,latency_s,0.047921
1757012120.515,latency_s,0.046573
1757012120.522,latency_s,0.048174
1757012120.522,latency_s,0.048986
1757012120.522,latency_s,0.048779
1757012120.522,latency_s,0.047338
1757012120.523,latency_s,0.047428
1757012120.524,latency_s,0.048988
1757012120.525,latency_s,0.048902
1757012120.525,latency_s,0.049119
1757012120.526,latency_s,0.046988
1757012120.526,latency_s,0.046798
1757012120.541,latency_s,0.046169
1757012120.570,latency_s,0.047095
1757012120.595,latency_s,0.046126
1757012120.614,latency_s,0.048542
1757012120.614,latency_s,0.047807
1757012120.616,latency_s,0.047059
1757012120.616,latency_s,0.047261
1757012120.624,latency_s,0.050167
1757012120.624,latency_s,0.049643
1757012120.624,latency_s,0.049501
1757012120.624,latency_s,0.048612
1757012120.624,latency_s,0.048642
1757012120.624,latency_s,0.048562
1757012120.624,latency_s,0.047830
1757012120.624,latency_s,0.047715
1757012120.627,latency_s,0.046610
1757012120.627,latency_s,0.046539
1757012120.644,latency_s,0.047873
1757012120.671,latency_s,0.047754
1757012120.700,latency_s,0.047801
1757012120.712,latency_s,0.046703
1757012120.712,latency_s,0.045982
1757012120.715,latency_s,0.045655
1757012120.716,latency_s,0.046806
1757012120.720,latency_s,0.046413
1757012120.722,latency_s,0.046911
1757012120.722,latency_s,0.046735
1757012120.722,latency_s,0.046716
1757012120.725,latency_s,0.048939
1757012120.725,latency_s,0.048798
1757012120.725,latency_s,0.047930
1757012120.725,latency_s,0.048121
1757012120.727,latency_s,0.046032
1757012120.728,latency_s,0.046054
1757012120.743,latency_s,0.046056
1757012120.773,latency_s,0.047663
1757012120.798,latency_s,0.046302
1757012120.813,latency_s,0.046445
1757012120.814,latency_s,0.046205
1757012120.816,latency_s,0.046723
1757012120.817,latency_s,0.046757
1757012120.820,latency_s,0.046514
1757012120.824,latency_s,0.047543
1757012120.824,latency_s,0.047942
1757012120.826,latency_s,0.050037
1757012120.826,latency_s,0.049514
1757012120.826,latency_s,0.049222
1757012120.826,latency_s,0.048762
1757012120.826,latency_s,0.048951
1757012120.828,latency_s,0.046885
1757012120.829,latency_s,0.045973
1757012120.843,latency_s,0.045839
1757012120.872,latency_s,0.046978
1757012120.899,latency_s,0.046667
1757012120.915,latency_s,0.048451
1757012120.915,latency_s,0.046798
1757012120.918,latency_s,0.047385
1757012120.919,latency_s,0.047547
1757012120.920,latency_s,0.045740
1757012120.923,latency_s,0.046728
1757012120.923,latency_s,0.045780
1757012120.924,latency_s,0.046543
1757012120.925,latency_s,0.045978
1757012120.927,latency_s,0.048144
1757012120.927,latency_s,0.048338
1757012120.927,latency_s,0.048408
1757012120.927,latency_s,0.045860
1757012120.931,latency_s,0.046103
1757012120.946,latency_s,0.047567
1757012120.974,latency_s,0.046706
1757012121.001,latency_s,0.046866
1757012121.014,latency_s,0.046787
1757012121.015,latency_s,0.046379
1757012121.018,latency_s,0.045528
1757012121.020,latency_s,0.047739
1757012121.020,latency_s,0.045516
1757012121.023,latency_s,0.046281
1757012121.024,latency_s,0.046729
1757012121.024,latency_s,0.046278
1757012121.026,latency_s,0.046702
1757012121.026,latency_s,0.047014
1757012121.027,latency_s,0.047195
1757012121.028,latency_s,0.047845
1757012121.028,latency_s,0.045800
1757012121.031,latency_s,0.046520
1757012121.047,latency_s,0.046107
1757012121.078,latency_s,0.046652
1757012121.101,latency_s,0.046684
1757012121.115,latency_s,0.048118
1757012121.116,latency_s,0.046399
1757012121.120,latency_s,0.047976
1757012121.120,latency_s,0.047980
1757012121.121,latency_s,0.045769
1757012121.124,latency_s,0.046439
1757012121.124,latency_s,0.045533
1757012121.126,latency_s,0.046672
1757012121.126,latency_s,0.045887
1757012121.126,latency_s,0.046190
1757012121.127,latency_s,0.047037
1757012121.129,latency_s,0.047638
1757012121.129,latency_s,0.046119
1757012121.132,latency_s,0.046139
1757012121.148,latency_s,0.046497
1757012121.180,latency_s,0.046570
1757012121.203,latency_s,0.046592
1757012121.215,latency_s,0.046661
1757012121.215,latency_s,0.045365
1757012121.219,latency_s,0.046820
1757012121.220,latency_s,0.046834
1757012121.222,latency_s,0.045974
1757012121.225,latency_s,0.046269
1757012121.225,latency_s,0.045964
1757012121.227,latency_s,0.047167
1757012121.227,latency_s,0.046683
1757012121.227,latency_s,0.046910
1757012121.227,latency_s,0.046614
1757012121.228,latency_s,0.046241
1757012121.230,latency_s,0.045933
1757012121.233,latency_s,0.045792
1757012121.249,latency_s,0.046070
1757012121.283,latency_s,0.046596
1757012121.304,latency_s,0.047262
1757012121.315,latency_s,0.046640
1757012121.316,latency_s,0.045893
1757012121.320,latency_s,0.047026
1757012121.320,latency_s,0.047135
1757012121.324,latency_s,0.047022
1757012121.326,latency_s,0.046408
1757012121.327,latency_s,0.047385
1757012121.327,latency_s,0.045538
1757012121.330,latency_s,0.047631
1757012121.330,latency_s,0.047824
1757012121.330,latency_s,0.047856
1757012121.331,latency_s,0.046880
1757012121.332,latency_s,0.047367
1757012121.333,latency_s,0.045399
1757012121.349,latency_s,0.045912
1757012121.384,latency_s,0.046744
1757012121.415,latency_s,0.046481
1757012121.417,latency_s,0.046322
1757012121.420,latency_s,0.046842
1757012121.420,latency_s,0.047265
1757012121.425,latency_s,0.046672
1757012121.427,latency_s,0.046330
1757012121.427,latency_s,0.046363
1757012121.429,latency_s,0.046635
1757012121.429,latency_s,0.047096
1757012121.431,latency_s,0.048590
1757012121.431,latency_s,0.048834
1757012121.432,latency_s,0.046305
1757012121.433,latency_s,0.046318
1757012121.434,latency_s,0.046118
1757012121.451,latency_s,0.046194
1757012121.488,latency_s,0.046823
1757012121.515,latency_s,0.046284
1757012121.517,latency_s,0.045950
1757012121.520,latency_s,0.046529
1757012121.520,latency_s,0.046355
1757012121.526,latency_s,0.047071
1757012121.527,latency_s,0.045683
1757012121.530,latency_s,0.047608
1757012121.530,latency_s,0.047771
1757012121.531,latency_s,0.048075
1757012121.531,latency_s,0.047699
1757012121.531,latency_s,0.047837
1757012121.532,latency_s,0.045645
1757012121.533,latency_s,0.045933
1757012121.534,latency_s,0.045592
1757012121.554,latency_s,0.046007
1757012121.557,latency_s,0.200186
1757012121.557,latency_s,0.097156
1757012121.590,latency_s,0.046454
1757012121.607,latency_s,0.046109
1757012121.615,latency_s,0.046195
1757012121.618,latency_s,0.045867
1757012121.620,latency_s,0.046325
1757012121.621,latency_s,0.045924
1757012121.626,latency_s,0.046418
1757012121.630,latency_s,0.047203
1757012121.630,latency_s,0.046937
1757012121.630,latency_s,0.046768
1757012121.630,latency_s,0.046534
1757012121.631,latency_s,0.047566
1757012121.632,latency_s,0.047605
1757012121.635,latency_s,0.046734
1757012121.635,latency_s,0.046860
1757012121.635,latency_s,0.045934
1757012121.655,latency_s,0.046605
1757012121.693,latency_s,0.047082
1757012121.707,latency_s,0.046234
1757012121.716,latency_s,0.046019
1757012121.719,latency_s,0.046492
1757012121.720,latency_s,0.045998
1757012121.721,latency_s,0.046129
1757012121.729,latency_s,0.046838
1757012121.730,latency_s,0.047524
1757012121.730,latency_s,0.047396
1757012121.731,latency_s,0.046734
1757012121.731,latency_s,0.047537
1757012121.733,latency_s,0.048791
1757012121.733,latency_s,0.048427
1757012121.735,latency_s,0.046003
1757012121.735,latency_s,0.046128
1757012121.735,latency_s,0.046074
1757012121.755,latency_s,0.046084
1757012121.793,latency_s,0.046594
1757012121.809,latency_s,0.046343
1757012121.817,latency_s,0.047142
1757012121.819,latency_s,0.045955
1757012121.821,latency_s,0.046037
1757012121.822,latency_s,0.045917
1757012121.830,latency_s,0.046814
1757012121.832,latency_s,0.048243
1757012121.832,latency_s,0.047349
1757012121.834,latency_s,0.049915
1757012121.834,latency_s,0.048884
1757012121.834,latency_s,0.049194
1757012121.834,latency_s,0.049107
1757012121.838,latency_s,0.046911
1757012121.838,latency_s,0.047002
1757012121.838,latency_s,0.046917
1757012121.856,latency_s,0.046664
1757012121.903,latency_s,0.047159
1757012121.909,latency_s,0.046026
1757012121.917,latency_s,0.046642
1757012121.921,latency_s,0.048057
1757012121.921,latency_s,0.046176
1757012121.924,latency_s,0.046921
1757012121.930,latency_s,0.046049
1757012121.932,latency_s,0.046257
1757012121.933,latency_s,0.047429
1757012121.933,latency_s,0.046934
1757012121.933,latency_s,0.047247
1757012121.935,latency_s,0.049566
1757012121.935,latency_s,0.049462
1757012121.938,latency_s,0.046606
1757012121.938,latency_s,0.046911
1757012121.940,latency_s,0.048747
1757012121.957,latency_s,0.046255
1757012122.003,latency_s,0.047038
1757012122.012,latency_s,0.048490
1757012122.017,latency_s,0.046269
1757012122.020,latency_s,0.046155
1757012122.023,latency_s,0.046666
1757012122.025,latency_s,0.046493
1757012122.029,latency_s,0.045787
1757012122.033,latency_s,0.046685
1757012122.034,latency_s,0.046751
1757012122.035,latency_s,0.048463
1757012122.035,latency_s,0.048378
1757012122.035,latency_s,0.048419
1757012122.036,latency_s,0.048995
1757012122.038,latency_s,0.046024
1757012122.038,latency_s,0.046052
1757012122.038,latency_s,0.045515
1757012122.057,latency_s,0.046056
1757012122.105,latency_s,0.047929
1757012122.111,latency_s,0.046613
1757012122.118,latency_s,0.046424
1757012122.120,latency_s,0.045930
1757012122.124,latency_s,0.046763
1757012122.126,latency_s,0.045807
1757012122.131,latency_s,0.046632
1757012122.134,latency_s,0.045993
1757012122.135,latency_s,0.047058
1757012122.135,latency_s,0.047114
1757012122.135,latency_s,0.047110
1757012122.136,latency_s,0.048163
1757012122.136,latency_s,0.048388
1757012122.138,latency_s,0.045999
1757012122.138,latency_s,0.045375
1757012122.139,latency_s,0.045473
1757012122.158,latency_s,0.046902
1757012122.205,latency_s,0.046905
1757012122.211,latency_s,0.046150
1757012122.218,latency_s,0.046054
1757012122.221,latency_s,0.046135
1757012122.227,latency_s,0.047367
1757012122.227,latency_s,0.046626
1757012122.231,latency_s,0.046155
1757012122.234,latency_s,0.046017
1757012122.234,latency_s,0.045224
1757012122.236,latency_s,0.046468
1757012122.237,latency_s,0.046471
1757012122.237,latency_s,0.046652
1757012122.238,latency_s,0.048249
1757012122.240,latency_s,0.046829
1757012122.241,latency_s,0.047188
1757012122.242,latency_s,0.047023
1757012122.258,latency_s,0.046865
1757012122.306,latency_s,0.047401
1757012122.312,latency_s,0.046467
1757012122.318,latency_s,0.046753
1757012122.321,latency_s,0.045854
1757012122.328,latency_s,0.048033
1757012122.328,latency_s,0.046700
1757012122.332,latency_s,0.045424
1757012122.334,latency_s,0.045936
1757012122.336,latency_s,0.046355
1757012122.336,latency_s,0.045871
1757012122.338,latency_s,0.047310
1757012122.338,latency_s,0.046775
1757012122.338,latency_s,0.047178
1757012122.341,latency_s,0.046482
1757012122.341,latency_s,0.046773
1757012122.343,latency_s,0.047385
1757012122.359,latency_s,0.045962
1757012122.409,latency_s,0.047157
1757012122.413,latency_s,0.046641
1757012122.419,latency_s,0.046868
1757012122.421,latency_s,0.045670
1757012122.427,latency_s,0.047197
1757012122.428,latency_s,0.046324
1757012122.434,latency_s,0.047089
1757012122.439,latency_s,0.049314
1757012122.439,latency_s,0.048363
1757012122.439,latency_s,0.047964
1757012122.439,latency_s,0.048076
1757012122.441,latency_s,0.049299
1757012122.441,latency_s,0.048978
1757012122.441,latency_s,0.046137
1757012122.441,latency_s,0.046172
1757012122.442,latency_s,0.045883
1757012122.461,latency_s,0.047260
1757012122.511,latency_s,0.046603
1757012122.514,latency_s,0.046692
1757012122.518,latency_s,0.046124
1757012122.521,latency_s,0.046171
1757012122.528,latency_s,0.046556
1757012122.530,latency_s,0.045964
1757012122.535,latency_s,0.047032
1757012122.536,latency_s,0.045716
1757012122.538,latency_s,0.046102
1757012122.538,latency_s,0.046695
1757012122.539,latency_s,0.047719
1757012122.542,latency_s,0.050098
1757012122.542,latency_s,0.050255
1757012122.542,latency_s,0.046924
1757012122.542,latency_s,0.047007
1757012122.543,latency_s,0.045600
1757012122.562,latency_s,0.046890
1757012122.612,latency_s,0.046462
1757012122.613,latency_s,0.046097
1757012122.619,latency_s,0.046029
1757012122.622,latency_s,0.046057
1757012122.628,latency_s,0.046731
1757012122.631,latency_s,0.046403
1757012122.634,latency_s,0.046255
1757012122.637,latency_s,0.046569
1757012122.640,latency_s,0.047392
1757012122.640,latency_s,0.047511
1757012122.640,latency_s,0.047472
1757012122.641,latency_s,0.047297
1757012122.642,latency_s,0.048360
1757012122.642,latency_s,0.045739
1757012122.642,latency_s,0.045827
1757012122.643,latency_s,0.045572
1757012122.662,latency_s,0.046097
1757012122.713,latency_s,0.046742
1757012122.715,latency_s,0.046469
1757012122.720,latency_s,0.046363
1757012122.723,latency_s,0.046139
1757012122.729,latency_s,0.046798
1757012122.732,latency_s,0.046193
1757012122.736,latency_s,0.046436
1757012122.737,latency_s,0.046002
1757012122.739,latency_s,0.045823
1757012122.740,latency_s,0.045898
1757012122.740,latency_s,0.046103
1757012122.742,latency_s,0.047586
1757012122.742,latency_s,0.047572
1757012122.743,latency_s,0.046161
1757012122.744,latency_s,0.046481
1757012122.744,latency_s,0.046643
1757012122.762,latency_s,0.046348
1757012122.814,latency_s,0.046612
1757012122.815,latency_s,0.046005
1757012122.823,latency_s,0.047409
1757012122.824,latency_s,0.046726
1757012122.828,latency_s,0.045836
1757012122.837,latency_s,0.046932
1757012122.837,latency_s,0.047196
1757012122.840,latency_s,0.046109
1757012122.841,latency_s,0.046495
1757012122.844,latency_s,0.048893
1757012122.844,latency_s,0.049177
1757012122.844,latency_s,0.048943
1757012122.844,latency_s,0.049280
1757012122.844,latency_s,0.046675
1757012122.844,latency_s,0.046772
1757012122.844,latency_s,0.045927
1757012122.866,latency_s,0.046318
1757012122.915,latency_s,0.046805
1757012122.916,latency_s,0.045830
1757012122.924,latency_s,0.047225
1757012122.925,latency_s,0.046447
1757012122.931,latency_s,0.048020
1757012122.938,latency_s,0.047902
1757012122.939,latency_s,0.048108
1757012122.940,latency_s,0.045964
1757012122.942,latency_s,0.046311
1757012122.942,latency_s,0.046527
1757012122.944,latency_s,0.047585
1757012122.944,latency_s,0.047866
1757012122.944,latency_s,0.047756
1757012122.944,latency_s,0.046101
1757012122.944,latency_s,0.046120
1757012122.944,latency_s,0.045499
1757012122.967,latency_s,0.046075
1757012123.018,latency_s,0.047662
1757012123.018,latency_s,0.047777
1757012123.025,latency_s,0.046171
1757012123.026,latency_s,0.046162
1757012123.030,latency_s,0.046187
1757012123.037,latency_s,0.046131
1757012123.037,latency_s,0.046151
1757012123.042,latency_s,0.047334
1757012123.043,latency_s,0.046111
1757012123.044,latency_s,0.046864
1757012123.044,latency_s,0.046287
1757012123.044,latency_s,0.046448
1757012123.046,latency_s,0.048413
1757012123.046,latency_s,0.047055
1757012123.046,latency_s,0.047170
1757012123.047,latency_s,0.046959
1757012123.069,latency_s,0.046508
1757012123.119,latency_s,0.047257
1757012123.119,latency_s,0.047430
1757012123.127,latency_s,0.047568
1757012123.127,latency_s,0.046721
1757012123.130,latency_s,0.046288
1757012123.137,latency_s,0.045934
1757012123.138,latency_s,0.047137
1757012123.143,latency_s,0.048046
1757012123.145,latency_s,0.047104
1757012123.145,latency_s,0.047145
1757012123.145,latency_s,0.047104
1757012123.146,latency_s,0.046121
1757012123.146,latency_s,0.046310
1757012123.147,latency_s,0.046791
1757012123.147,latency_s,0.046828
1757012123.147,latency_s,0.046847
1757012123.170,latency_s,0.046260
1757012123.219,latency_s,0.047078
1757012123.219,latency_s,0.047141
1757012123.227,latency_s,0.047606
1757012123.227,latency_s,0.046792
1757012123.231,latency_s,0.045948
1757012123.237,latency_s,0.046027
1757012123.243,latency_s,0.047387
1757012123.243,latency_s,0.047261
1757012123.244,latency_s,0.045781
1757012123.245,latency_s,0.046593
1757012123.247,latency_s,0.048694
1757012123.247,latency_s,0.047113
1757012123.248,latency_s,0.046927
1757012123.248,latency_s,0.046971
1757012123.248,latency_s,0.046918
1757012123.248,latency_s,0.046709
1757012123.271,latency_s,0.046168
1757012123.318,latency_s,0.046567
1757012123.319,latency_s,0.046676
1757012123.326,latency_s,0.046004
1757012123.329,latency_s,0.046691
1757012123.332,latency_s,0.046514
1757012123.337,latency_s,0.045941
1757012123.343,latency_s,0.046699
1757012123.343,latency_s,0.046553
1757012123.346,latency_s,0.047327
1757012123.384,latency_s,0.085442
1757012123.384,latency_s,0.085320
1757012123.385,latency_s,0.083695
1757012123.385,latency_s,0.083619
1757012123.385,latency_s,0.083453
1757012123.385,latency_s,0.083183
1757012123.385,latency_s,0.083236
1757012123.385,latency_s,0.058489
1757012123.418,latency_s,0.045739
1757012123.419,latency_s,0.046813
1757012123.428,latency_s,0.046127
1757012123.430,latency_s,0.045798
1757012123.434,latency_s,0.047596
1757012123.437,latency_s,0.045708
1757012123.444,latency_s,0.047476
1757012123.446,latency_s,0.046336
1757012123.491,latency_s,0.091208
1757012123.491,latency_s,0.091366
1757012123.491,latency_s,0.090511
1757012123.491,latency_s,0.088992
1757012123.491,latency_s,0.088775
1757012123.491,latency_s,0.089150
1757012123.491,latency_s,0.088983
1757012123.491,latency_s,0.088681
1757012123.491,latency_s,0.064703
1757012123.520,latency_s,0.047482
1757012123.526,latency_s,0.051722
1757012123.528,latency_s,0.046263
1757012123.531,latency_s,0.045874
1757012123.533,latency_s,0.046498
1757012123.539,latency_s,0.046076
1757012123.543,latency_s,0.046391
1757012123.557,latency_s,0.057171
1757012123.557,latency_s,0.056137
1757012123.557,latency_s,0.056117
1757012123.557,latency_s,0.056256
1757012123.557,latency_s,0.054317
1757012123.557,latency_s,0.054237
1757012123.557,latency_s,0.054480
1757012123.557,latency_s,0.052084
1757012123.557,latency_s,0.052128
1757012123.573,latency_s,0.046077
1757012123.620,latency_s,0.046562
1757012123.621,latency_s,0.046016
1757012123.630,latency_s,0.047224
1757012123.632,latency_s,0.046105
1757012123.635,latency_s,0.046812
1757012123.639,latency_s,0.046173
1757012123.645,latency_s,0.046329
1757012123.652,latency_s,0.051798
1757012123.652,latency_s,0.050630
1757012123.652,latency_s,0.050707
1757012123.652,latency_s,0.050651
1757012123.652,latency_s,0.048840
1757012123.652,latency_s,0.048576
1757012123.652,latency_s,0.048793
1757012123.656,latency_s,0.049598
1757012123.656,latency_s,0.049062
1757012123.674,latency_s,0.046255
1757012123.721,latency_s,0.046767
1757012123.726,latency_s,0.046190
1757012123.729,latency_s,0.046361
1757012123.732,latency_s,0.046285
1757012123.734,latency_s,0.045588
1757012123.738,latency_s,0.045098
1757012123.747,latency_s,0.047432
1757012123.752,latency_s,0.052329
1757012123.753,latency_s,0.049036
1757012123.753,latency_s,0.049083
1757012123.753,latency_s,0.049131
1757012123.753,latency_s,0.048866
1757012123.753,latency_s,0.048751
1757012123.753,latency_s,0.049021
1757012123.757,latency_s,0.050743
1757012123.757,latency_s,0.050062
1757012123.774,latency_s,0.045991
1757012123.821,latency_s,0.046485
1757012123.828,latency_s,0.047460
1757012123.831,latency_s,0.046524
1757012123.833,latency_s,0.046243
1757012123.836,latency_s,0.046600
1757012123.840,latency_s,0.045488
1757012123.846,latency_s,0.046854
1757012123.854,latency_s,0.053441
1757012123.854,latency_s,0.049022
1757012123.854,latency_s,0.048737
1757012123.854,latency_s,0.048912
1757012123.854,latency_s,0.048339
1757012123.854,latency_s,0.048868
1757012123.854,latency_s,0.048494
1757012123.855,latency_s,0.047220
1757012123.875,latency_s,0.046052
1757012123.922,latency_s,0.046478
1757012123.934,latency_s,0.050348
1757012123.934,latency_s,0.049439
1757012123.935,latency_s,0.046622
1757012123.936,latency_s,0.045863
1757012123.942,latency_s,0.046407
1757012123.946,latency_s,0.046617
1757012123.947,latency_s,0.045794
1757012123.953,latency_s,0.047420
1757012123.958,latency_s,0.052662
1757012123.959,latency_s,0.051764
1757012123.959,latency_s,0.050285
1757012123.959,latency_s,0.050369
1757012123.959,latency_s,0.050414
1757012123.959,latency_s,0.050462
1757012123.976,latency_s,0.046748
1757012123.995,latency_s,0.188785
1757012123.996,latency_s,0.088875
1757012124.023,latency_s,0.046775
1757012124.033,latency_s,0.048617
1757012124.033,latency_s,0.048058
1757012124.034,latency_s,0.046122
1757012124.037,latency_s,0.045299
1757012124.042,latency_s,0.046234
1757012124.048,latency_s,0.046233
1757012124.049,latency_s,0.048189
1757012124.052,latency_s,0.045597
1757012124.053,latency_s,0.046654
1757012124.059,latency_s,0.051894
1757012124.059,latency_s,0.051753
1757012124.059,latency_s,0.050445
1757012124.059,latency_s,0.050444
1757012124.059,latency_s,0.050408
1757012124.059,latency_s,0.050429
1757012124.076,latency_s,0.046630
1757012124.124,latency_s,0.047454
1757012124.133,latency_s,0.047901
1757012124.133,latency_s,0.047449
1757012124.135,latency_s,0.045905
1757012124.140,latency_s,0.047609
1757012124.142,latency_s,0.045998
1757012124.149,latency_s,0.046683
1757012124.149,latency_s,0.046734
1757012124.155,latency_s,0.048330
1757012124.156,latency_s,0.048716
1757012124.159,latency_s,0.051539
1757012124.160,latency_s,0.050679
1757012124.160,latency_s,0.051108
1757012124.160,latency_s,0.050818
1757012124.160,latency_s,0.050980
1757012124.160,latency_s,0.050143
1757012124.179,latency_s,0.048343
1757012124.223,latency_s,0.046616
1757012124.231,latency_s,0.045422
1757012124.233,latency_s,0.047159
1757012124.237,latency_s,0.046143
1757012124.238,latency_s,0.045289
1757012124.244,latency_s,0.046008
1757012124.248,latency_s,0.046096
1757012124.248,latency_s,0.046058
1757012124.252,latency_s,0.045493
1757012124.254,latency_s,0.046312
1757012124.260,latency_s,0.051477
1757012124.260,latency_s,0.050634
1757012124.260,latency_s,0.050757
1757012124.260,latency_s,0.050419
1757012124.260,latency_s,0.049922
1757012124.260,latency_s,0.050569
1757012124.278,latency_s,0.046141
1757012124.324,latency_s,0.046653
1757012124.332,latency_s,0.045763
1757012124.334,latency_s,0.047492
1757012124.338,latency_s,0.046356
1757012124.340,latency_s,0.046445
1757012124.344,latency_s,0.045904
1757012124.349,latency_s,0.046725
1757012124.350,latency_s,0.046764
1757012124.354,latency_s,0.046044
1757012124.356,latency_s,0.048202
1757012124.356,latency_s,0.047998
1757012124.357,latency_s,0.047647
1757012124.361,latency_s,0.050643
1757012124.361,latency_s,0.050695
1757012124.361,latency_s,0.050723
1757012124.361,latency_s,0.050403
1757012124.378,latency_s,0.045301
1757012124.425,latency_s,0.047267
1757012124.432,latency_s,0.045794
1757012124.433,latency_s,0.046868
1757012124.442,latency_s,0.046360
1757012124.442,latency_s,0.046329
1757012124.444,latency_s,0.045648
1757012124.451,latency_s,0.046638
1757012124.451,latency_s,0.046487
1757012124.455,latency_s,0.047087
1757012124.455,latency_s,0.046454
1757012124.455,latency_s,0.046930
1757012124.462,latency_s,0.051349
1757012124.462,latency_s,0.051807
1757012124.462,latency_s,0.051096
1757012124.462,latency_s,0.051421
1757012124.462,latency_s,0.051612
1757012124.481,latency_s,0.047400
1757012124.525,latency_s,0.046427
1757012124.535,latency_s,0.048359
1757012124.535,latency_s,0.047763
1757012124.545,latency_s,0.047676
1757012124.545,latency_s,0.047624
1757012124.545,latency_s,0.046071
1757012124.552,latency_s,0.047537
1757012124.553,latency_s,0.046887
1757012124.556,latency_s,0.047757
1757012124.556,latency_s,0.047508
1757012124.556,latency_s,0.047279
1757012124.556,latency_s,0.045979
1757012124.556,latency_s,0.045742
1757012124.562,latency_s,0.050538
1757012124.562,latency_s,0.050672
1757012124.562,latency_s,0.050618
1757012124.582,latency_s,0.046777
1757012124.626,latency_s,0.046615
1757012124.635,latency_s,0.047150
1757012124.635,latency_s,0.046419
1757012124.648,latency_s,0.048132
1757012124.649,latency_s,0.047781
1757012124.649,latency_s,0.047867
1757012124.655,latency_s,0.046659
1757012124.655,latency_s,0.046314
1757012124.657,latency_s,0.047982
1757012124.657,latency_s,0.047581
1757012124.657,latency_s,0.046006
1757012124.657,latency_s,0.045695
1757012124.659,latency_s,0.047423
1757012124.659,latency_s,0.047840
1757012124.659,latency_s,0.047215
1757012124.659,latency_s,0.047608
1757012124.686,latency_s,0.045991
1757012124.727,latency_s,0.047015
1757012124.735,latency_s,0.047216
1757012124.735,latency_s,0.046451
1757012124.749,latency_s,0.047492
1757012124.749,latency_s,0.048054
1757012124.751,latency_s,0.046951
1757012124.757,latency_s,0.047195
1757012124.757,latency_s,0.047229
1757012124.757,latency_s,0.047237
1757012124.758,latency_s,0.046247
1757012124.758,latency_s,0.046176
1757012124.759,latency_s,0.047995
1757012124.759,latency_s,0.047533
1757012124.759,latency_s,0.047727
1757012124.759,latency_s,0.047362
1757012124.760,latency_s,0.047992
1757012124.788,latency_s,0.047379
1757012124.828,latency_s,0.047335
1757012124.835,latency_s,0.046809
1757012124.835,latency_s,0.045919
1757012124.847,latency_s,0.045751
1757012124.850,latency_s,0.046866
1757012124.851,latency_s,0.046682
1757012124.859,latency_s,0.049378
1757012124.859,latency_s,0.049190
1757012124.859,latency_s,0.049115
1757012124.859,latency_s,0.047537
1757012124.859,latency_s,0.047386
1757012124.859,latency_s,0.047703
1757012124.860,latency_s,0.047345
1757012124.860,latency_s,0.047452
1757012124.865,latency_s,0.052977
1757012124.866,latency_s,0.053463
1757012124.888,latency_s,0.045996
1757012124.929,latency_s,0.047485
1757012124.934,latency_s,0.045982
1757012124.935,latency_s,0.046073
1757012124.948,latency_s,0.046054
1757012124.951,latency_s,0.047273
1757012124.951,latency_s,0.047444
1757012124.956,latency_s,0.045465
1757012124.958,latency_s,0.047212
1757012124.958,latency_s,0.047088
1757012124.958,latency_s,0.045260
1757012124.958,latency_s,0.045684
1757012124.959,latency_s,0.045745
1757012124.959,latency_s,0.046430
1757012124.967,latency_s,0.053761
1757012124.967,latency_s,0.054291
1757012124.967,latency_s,0.054058
1757012124.989,latency_s,0.046907
1757012125.029,latency_s,0.046430
1757012125.037,latency_s,0.047010
1757012125.037,latency_s,0.047112
1757012125.052,latency_s,0.049035
1757012125.052,latency_s,0.048089
1757012125.052,latency_s,0.047754
1757012125.058,latency_s,0.046801
1757012125.058,latency_s,0.047041
1757012125.059,latency_s,0.047578
1757012125.060,latency_s,0.046242
1757012125.060,latency_s,0.046372
1757012125.061,latency_s,0.047378
1757012125.061,latency_s,0.047769
1757012125.061,latency_s,0.047856
1757012125.061,latency_s,0.047697
1757012125.062,latency_s,0.047531
1757012125.090,latency_s,0.046603
1757012125.130,latency_s,0.046833
1757012125.137,latency_s,0.046504
1757012125.138,latency_s,0.047620
1757012125.150,latency_s,0.045857
1757012125.151,latency_s,0.046390
1757012125.153,latency_s,0.045931
1757012125.161,latency_s,0.048103
1757012125.161,latency_s,0.048222
1757012125.161,latency_s,0.048765
1757012125.161,latency_s,0.047569
1757012125.161,latency_s,0.047419
1757012125.161,latency_s,0.047212
1757012125.162,latency_s,0.047222
1757012125.162,latency_s,0.047463
1757012125.162,latency_s,0.048242
1757012125.162,latency_s,0.047700
1757012125.192,latency_s,0.046318
1757012125.231,latency_s,0.047192
1757012125.239,latency_s,0.047679
1757012125.239,latency_s,0.046851
1757012125.250,latency_s,0.046158
1757012125.252,latency_s,0.046256
1757012125.255,latency_s,0.046517
1757012125.260,latency_s,0.047106
1757012125.260,latency_s,0.046895
1757012125.260,latency_s,0.046924
1757012125.263,latency_s,0.047818
1757012125.263,latency_s,0.047959
1757012125.263,latency_s,0.047909
1757012125.263,latency_s,0.048024
1757012125.263,latency_s,0.047890
1757012125.263,latency_s,0.047431
1757012125.263,latency_s,0.047381
1757012125.293,latency_s,0.047281
1757012125.331,latency_s,0.046943
1757012125.339,latency_s,0.046779
1757012125.339,latency_s,0.046753
1757012125.351,latency_s,0.046347
1757012125.351,latency_s,0.045603
1757012125.354,latency_s,0.045867
1757012125.361,latency_s,0.047772
1757012125.361,latency_s,0.046910
1757012125.361,latency_s,0.046842
1757012125.361,latency_s,0.045767
1757012125.363,latency_s,0.047676
1757012125.363,latency_s,0.047394
1757012125.363,latency_s,0.047185
1757012125.363,latency_s,0.047023
1757012125.363,latency_s,0.047812
1757012125.363,latency_s,0.047116
1757012125.397,latency_s,0.049510
1757012125.432,latency_s,0.047074
1757012125.442,latency_s,0.048971
1757012125.443,latency_s,0.049151
1757012125.452,latency_s,0.046141
1757012125.454,latency_s,0.047759
1757012125.457,latency_s,0.047330
1757012125.462,latency_s,0.047056
1757012125.462,latency_s,0.046758
1757012125.462,latency_s,0.047057
1757012125.462,latency_s,0.046629
1757012125.463,latency_s,0.047537
1757012125.463,latency_s,0.047696
1757012125.464,latency_s,0.048366
1757012125.466,latency_s,0.048588
1757012125.466,latency_s,0.047931
1757012125.466,latency_s,0.048995
1757012125.495,latency_s,0.047109
1757012125.533,latency_s,0.046526
1757012125.543,latency_s,0.048150
1757012125.543,latency_s,0.048193
1757012125.553,latency_s,0.046134
1757012125.554,latency_s,0.047357
1757012125.558,latency_s,0.046391
1757012125.564,latency_s,0.048775
1757012125.565,latency_s,0.049085
1757012125.565,latency_s,0.048695
1757012125.565,latency_s,0.048342
1757012125.565,latency_s,0.048995
1757012125.566,latency_s,0.048678
1757012125.566,latency_s,0.048820
1757012125.566,latency_s,0.047196
1757012125.566,latency_s,0.047364
1757012125.566,latency_s,0.046644
1757012125.598,latency_s,0.047274
1757012125.633,latency_s,0.046848
1757012125.641,latency_s,0.045978
1757012125.644,latency_s,0.046475
1757012125.653,latency_s,0.046293
1757012125.660,latency_s,0.047280
1757012125.660,latency_s,0.047493
1757012125.663,latency_s,0.047382
1757012125.663,latency_s,0.047194
1757012125.663,latency_s,0.046856
1757012125.663,latency_s,0.046703
1757012125.664,latency_s,0.046458
1757012125.664,latency_s,0.047519
1757012125.664,latency_s,0.047371
1757012125.665,latency_s,0.045518
1757012125.665,latency_s,0.045770
1757012125.666,latency_s,0.045815
1757012125.701,latency_s,0.049200
1757012125.733,latency_s,0.046568
1757012125.743,latency_s,0.047462
1757012125.745,latency_s,0.046374
1757012125.754,latency_s,0.046047
1757012125.761,latency_s,0.047139
1757012125.762,latency_s,0.045671
1757012125.763,latency_s,0.046978
1757012125.763,latency_s,0.047111
1757012125.763,latency_s,0.046165
1757012125.764,latency_s,0.046518
1757012125.764,latency_s,0.046619
1757012125.765,latency_s,0.047747
1757012125.766,latency_s,0.048196
1757012125.767,latency_s,0.045951
1757012125.767,latency_s,0.046235
1757012125.767,latency_s,0.046329
1757012125.800,latency_s,0.047995
1757012125.835,latency_s,0.046933
1757012125.843,latency_s,0.046784
1757012125.848,latency_s,0.046663
1757012125.855,latency_s,0.046509
1757012125.860,latency_s,0.046171
1757012125.863,latency_s,0.046750
1757012125.864,latency_s,0.046712
1757012125.864,latency_s,0.046829
1757012125.866,latency_s,0.047768
1757012125.866,latency_s,0.047953
1757012125.866,latency_s,0.048310
1757012125.866,latency_s,0.048281
1757012125.866,latency_s,0.048108
1757012125.872,latency_s,0.047457
1757012125.872,latency_s,0.047546
1757012125.872,latency_s,0.047584
1757012125.900,latency_s,0.047449
1757012125.936,latency_s,0.047186
1757012125.944,latency_s,0.046647
1757012125.951,latency_s,0.047403
1757012125.957,latency_s,0.046340
1757012125.964,latency_s,0.046617
1757012125.968,latency_s,0.050215
1757012125.968,latency_s,0.050071
1757012125.968,latency_s,0.049797
1757012125.968,latency_s,0.050644
1757012125.968,latency_s,0.050554
1757012125.968,latency_s,0.049925
1757012125.968,latency_s,0.049785
1757012125.968,latency_s,0.050026
1757012125.975,latency_s,0.049081
1757012125.975,latency_s,0.049087
1757012125.975,latency_s,0.049475
1757012126.001,latency_s,0.047322
1757012126.036,latency_s,0.047035
1757012126.043,latency_s,0.045431
1757012126.051,latency_s,0.045481
1757012126.057,latency_s,0.045950
1757012126.069,latency_s,0.050313
1757012126.069,latency_s,0.050268
1757012126.069,latency_s,0.051008
1757012126.069,latency_s,0.050623
1757012126.069,latency_s,0.049875
1757012126.069,latency_s,0.050542
1757012126.069,latency_s,0.050017
1757012126.070,latency_s,0.050641
1757012126.070,latency_s,0.049949
1757012126.072,latency_s,0.046299
1757012126.073,latency_s,0.046358
1757012126.074,latency_s,0.047412
1757012126.102,latency_s,0.047173
1757012126.137,latency_s,0.047209
1757012126.146,latency_s,0.046494
1757012126.156,latency_s,0.047872
1757012126.158,latency_s,0.045846
1757012126.166,latency_s,0.046688
1757012126.166,latency_s,0.046501
1757012126.168,latency_s,0.047830
1757012126.168,latency_s,0.047992
1757012126.169,latency_s,0.049435
1757012126.170,latency_s,0.048976
1757012126.170,latency_s,0.049198
1757012126.170,latency_s,0.049453
1757012126.170,latency_s,0.049695
1757012126.174,latency_s,0.046951
1757012126.180,latency_s,0.047258
1757012126.180,latency_s,0.047386
1757012126.201,latency_s,0.046075
1757012126.238,latency_s,0.047213
1757012126.246,latency_s,0.046288
1757012126.256,latency_s,0.046101
1757012126.259,latency_s,0.046233
1757012126.266,latency_s,0.045849
1757012126.268,latency_s,0.046928
1757012126.268,latency_s,0.046856
1757012126.268,latency_s,0.047279
1757012126.271,latency_s,0.049385
1757012126.271,latency_s,0.049675
1757012126.271,latency_s,0.049848
1757012126.271,latency_s,0.049140
1757012126.271,latency_s,0.050058
1757012126.275,latency_s,0.045382
1757012126.280,latency_s,0.045803
1757012126.280,latency_s,0.045653
1757012126.303,latency_s,0.046738
1757012126.338,latency_s,0.046234
1757012126.348,latency_s,0.046308
1757012126.359,latency_s,0.046439
1757012126.359,latency_s,0.046362
1757012126.366,latency_s,0.045477
1757012126.369,latency_s,0.047657
1757012126.369,latency_s,0.046163
1757012126.370,latency_s,0.047338
1757012126.371,latency_s,0.047403
1757012126.372,latency_s,0.048505
1757012126.372,latency_s,0.048678
1757012126.372,latency_s,0.049069
1757012126.372,latency_s,0.048679
1757012126.376,latency_s,0.046004
1757012126.383,latency_s,0.046006
1757012126.383,latency_s,0.046033
1757012126.404,latency_s,0.047428
1757012126.440,latency_s,0.047541
1757012126.448,latency_s,0.046308
1757012126.460,latency_s,0.047325
1757012126.461,latency_s,0.048288
1757012126.468,latency_s,0.046540
1757012126.469,latency_s,0.047653
1757012126.470,latency_s,0.046179
1757012126.471,latency_s,0.047033
1757012126.471,latency_s,0.047000
1757012126.473,latency_s,0.048392
1757012126.473,latency_s,0.048479
1757012126.473,latency_s,0.047819
1757012126.477,latency_s,0.046511
1757012126.484,latency_s,0.046586
1757012126.484,latency_s,0.046505
1757012126.504,latency_s,0.046886
1757012126.540,latency_s,0.046997
1757012126.549,latency_s,0.046265
1757012126.560,latency_s,0.047132
1757012126.562,latency_s,0.046181
1757012126.569,latency_s,0.047694
1757012126.570,latency_s,0.047623
1757012126.575,latency_s,0.050101
1757012126.575,latency_s,0.050077
1757012126.575,latency_s,0.050196
1757012126.575,latency_s,0.049996
1757012126.575,latency_s,0.050148
1757012126.575,latency_s,0.049219
1757012126.578,latency_s,0.046342
1757012126.586,latency_s,0.047263
1757012126.586,latency_s,0.046515
1757012126.605,latency_s,0.047077
1757012126.612,latency_s,0.187192
1757012126.612,latency_s,0.086300
1757012126.641,latency_s,0.047289
1757012126.651,latency_s,0.046336
1757012126.663,latency_s,0.048097
1757012126.663,latency_s,0.046354
1757012126.670,latency_s,0.047095
1757012126.670,latency_s,0.047477
1757012126.672,latency_s,0.047451
1757012126.672,latency_s,0.047336
1757012126.672,latency_s,0.046883
1757012126.673,latency_s,0.047746
1757012126.673,latency_s,0.047333
1757012126.673,latency_s,0.047284
1757012126.674,latency_s,0.047899
1757012126.681,latency_s,0.045890
1757012126.686,latency_s,0.045731
1757012126.687,latency_s,0.046046
1757012126.705,latency_s,0.046643
1757012126.741,latency_s,0.046679
1757012126.752,latency_s,0.046768
1757012126.762,latency_s,0.047033
1757012126.763,latency_s,0.045430
1757012126.769,latency_s,0.046404
1757012126.770,latency_s,0.046598
1757012126.774,latency_s,0.048794
1757012126.774,latency_s,0.048754
1757012126.774,latency_s,0.048489
1757012126.774,latency_s,0.048355
1757012126.774,latency_s,0.048818
1757012126.775,latency_s,0.048208
1757012126.775,latency_s,0.048558
1757012126.783,latency_s,0.045854
1757012126.787,latency_s,0.045357
1757012126.787,latency_s,0.045602
1757012126.806,latency_s,0.046372
1757012126.843,latency_s,0.047984
1757012126.851,latency_s,0.045965
1757012126.864,latency_s,0.048121
1757012126.865,latency_s,0.046201
1757012126.870,latency_s,0.046928
1757012126.870,latency_s,0.046958
1757012126.872,latency_s,0.045927
1757012126.874,latency_s,0.047319
1757012126.874,latency_s,0.047946
1757012126.874,latency_s,0.047704
1757012126.874,latency_s,0.048169
1757012126.874,latency_s,0.048179
1757012126.875,latency_s,0.048388
1757012126.884,latency_s,0.046550
1757012126.887,latency_s,0.045561
1757012126.891,latency_s,0.047774
1757012126.907,latency_s,0.046792
1757012126.942,latency_s,0.046691
1757012126.953,latency_s,0.046987
1757012126.963,latency_s,0.046918
1757012126.966,latency_s,0.046138
1757012126.971,latency_s,0.046198
1757012126.972,latency_s,0.046952
1757012126.973,latency_s,0.046402
1757012126.977,latency_s,0.049654
1757012126.977,latency_s,0.050016
1757012126.977,latency_s,0.050242
1757012126.977,latency_s,0.049994
1757012126.977,latency_s,0.050514
1757012126.977,latency_s,0.049694
1757012126.984,latency_s,0.045610
1757012126.989,latency_s,0.045895
1757012126.991,latency_s,0.046018
1757012127.008,latency_s,0.047367
1757012127.043,latency_s,0.046516
1757012127.054,latency_s,0.046522
1757012127.064,latency_s,0.046098
1757012127.066,latency_s,0.046066
1757012127.073,latency_s,0.047736
1757012127.073,latency_s,0.047731
1757012127.073,latency_s,0.045467
1757012127.074,latency_s,0.046183
1757012127.076,latency_s,0.048208
1757012127.076,latency_s,0.048233
1757012127.076,latency_s,0.048165
1757012127.076,latency_s,0.048006
1757012127.077,latency_s,0.048265
1757012127.086,latency_s,0.046168
1757012127.090,latency_s,0.046671
1757012127.092,latency_s,0.046058
1757012127.110,latency_s,0.047939
1757012127.147,latency_s,0.049001
1757012127.154,latency_s,0.046248
1757012127.166,latency_s,0.046910
1757012127.167,latency_s,0.046206
1757012127.174,latency_s,0.048012
1757012127.174,latency_s,0.047902
1757012127.175,latency_s,0.045982
1757012127.178,latency_s,0.048894
1757012127.178,latency_s,0.048918
1757012127.178,latency_s,0.049077
1757012127.178,latency_s,0.049278
1757012127.178,latency_s,0.049314
1757012127.178,latency_s,0.049511
1757012127.236,latency_s,0.094637
1757012127.236,latency_s,0.092909
1757012127.236,latency_s,0.089967
1757012127.237,latency_s,0.074400
1757012127.245,latency_s,0.046645
1757012127.273,latency_s,0.063346
1757012127.273,latency_s,0.053119
1757012127.273,latency_s,0.051213
1757012127.273,latency_s,0.046788
1757012127.274,latency_s,0.046121
1757012127.276,latency_s,0.047098
1757012127.276,latency_s,0.046957
1757012127.276,latency_s,0.047168
1757012127.279,latency_s,0.049670
1757012127.279,latency_s,0.049231
1757012127.279,latency_s,0.049378
1757012127.279,latency_s,0.049240
1757012127.289,latency_s,0.046729
1757012127.308,latency_s,0.064076
1757012127.308,latency_s,0.059903
1757012127.310,latency_s,0.046461
1757012127.345,latency_s,0.046872
1757012127.356,latency_s,0.046468
1757012127.367,latency_s,0.047134
1757012127.369,latency_s,0.046047
1757012127.379,latency_s,0.051153
1757012127.379,latency_s,0.049689
1757012127.379,latency_s,0.050010
1757012127.379,latency_s,0.050163
1757012127.379,latency_s,0.049803
1757012127.380,latency_s,0.049839
1757012127.380,latency_s,0.050218
1757012127.381,latency_s,0.050860
1757012127.381,latency_s,0.051123
1757012127.393,latency_s,0.048569
1757012127.403,latency_s,0.058445
1757012127.403,latency_s,0.055040
1757012127.411,latency_s,0.047722
1757012127.446,latency_s,0.046583
1757012127.456,latency_s,0.045945
1757012127.467,latency_s,0.046836
1757012127.469,latency_s,0.045744
1757012127.480,latency_s,0.052138
1757012127.480,latency_s,0.051217
1757012127.480,latency_s,0.051012
1757012127.480,latency_s,0.050604
1757012127.481,latency_s,0.050097
1757012127.481,latency_s,0.050513
1757012127.481,latency_s,0.050332
1757012127.481,latency_s,0.049741
1757012127.481,latency_s,0.049999
1757012127.492,latency_s,0.047147
1757012127.492,latency_s,0.046004
1757012127.503,latency_s,0.054095
1757012127.516,latency_s,0.050183
1757012127.547,latency_s,0.046983
1757012127.557,latency_s,0.046245
1757012127.567,latency_s,0.046224
1757012127.571,latency_s,0.045913
1757012127.581,latency_s,0.052427
1757012127.581,latency_s,0.050644
1757012127.581,latency_s,0.050703
1757012127.581,latency_s,0.050883
1757012127.581,latency_s,0.050548
1757012127.581,latency_s,0.050167
1757012127.582,latency_s,0.050341
1757012127.582,latency_s,0.050031
1757012127.582,latency_s,0.050431
1757012127.591,latency_s,0.046001
1757012127.593,latency_s,0.046273
1757012127.595,latency_s,0.045679
1757012127.612,latency_s,0.046218
1757012127.648,latency_s,0.046749
1757012127.658,latency_s,0.046369
1757012127.668,latency_s,0.046756
1757012127.672,latency_s,0.046972
1757012127.676,latency_s,0.046866
1757012127.679,latency_s,0.047921
1757012127.680,latency_s,0.048608
1757012127.680,latency_s,0.048332
1757012127.680,latency_s,0.048544
1757012127.680,latency_s,0.048233
1757012127.680,latency_s,0.048061
1757012127.681,latency_s,0.049662
1757012127.682,latency_s,0.049824
1757012127.695,latency_s,0.049157
1757012127.695,latency_s,0.048128
1757012127.696,latency_s,0.045713
1757012127.715,latency_s,0.046937
1757012127.748,latency_s,0.046721
1757012127.758,latency_s,0.046465
1757012127.769,latency_s,0.047350
1757012127.772,latency_s,0.046210
1757012127.780,latency_s,0.049951
1757012127.780,latency_s,0.049078
1757012127.780,latency_s,0.048692
1757012127.780,latency_s,0.048406
1757012127.780,latency_s,0.049252
1757012127.781,latency_s,0.048528
1757012127.781,latency_s,0.048630
1757012127.781,latency_s,0.049418
1757012127.782,latency_s,0.050017
1757012127.793,latency_s,0.046091
1757012127.795,latency_s,0.045686
1757012127.796,latency_s,0.045463
1757012127.816,latency_s,0.046830
1757012127.848,latency_s,0.045505
1757012127.859,latency_s,0.046533
1757012127.870,latency_s,0.046537
1757012127.875,latency_s,0.046577
1757012127.882,latency_s,0.050391
1757012127.882,latency_s,0.049597
1757012127.882,latency_s,0.049403
1757012127.882,latency_s,0.049424
1757012127.882,latency_s,0.048972
1757012127.882,latency_s,0.049341
1757012127.882,latency_s,0.049368
1757012127.882,latency_s,0.049489
1757012127.882,latency_s,0.048979
1757012127.893,latency_s,0.046235
1757012127.897,latency_s,0.047187
1757012127.897,latency_s,0.046293
1757012127.916,latency_s,0.046662
1757012127.951,latency_s,0.048165
1757012127.960,latency_s,0.046169
1757012127.972,latency_s,0.047970
1757012127.976,latency_s,0.046241
1757012127.978,latency_s,0.046543
1757012127.979,latency_s,0.046373
1757012127.979,latency_s,0.046240
1757012127.980,latency_s,0.046979
1757012127.981,latency_s,0.048379
1757012127.981,latency_s,0.048608
1757012127.982,latency_s,0.048260
1757012127.982,latency_s,0.048425
1757012127.982,latency_s,0.048675
1757012128.041,latency_s,0.093781
1757012128.041,latency_s,0.089700
1757012128.041,latency_s,0.089824
1757012128.041,latency_s,0.071580
1757012128.053,latency_s,0.049265
1757012128.077,latency_s,0.062884
1757012128.077,latency_s,0.052730
1757012128.077,latency_s,0.047332
1757012128.083,latency_s,0.050559
1757012128.083,latency_s,0.049808
1757012128.083,latency_s,0.049698
1757012128.083,latency_s,0.049971
1757012128.084,latency_s,0.049271
1757012128.084,latency_s,0.050265
1757012128.085,latency_s,0.051919
1757012128.086,latency_s,0.051803
1757012128.086,latency_s,0.051543
1757012128.094,latency_s,0.045697
1757012128.099,latency_s,0.046190
1757012128.099,latency_s,0.046371
1757012128.118,latency_s,0.046610
1757012128.151,latency_s,0.046788
1757012128.162,latency_s,0.046185
1757012128.172,latency_s,0.047400
1757012128.177,latency_s,0.046072
1757012128.182,latency_s,0.047887
1757012128.182,latency_s,0.047956
1757012128.183,latency_s,0.048064
1757012128.184,latency_s,0.049566
1757012128.185,latency_s,0.050616
1757012128.186,latency_s,0.050924
1757012128.186,latency_s,0.051347
1757012128.186,latency_s,0.050645
1757012128.194,latency_s,0.046157
1757012128.200,latency_s,0.046249
1757012128.208,latency_s,0.053838
1757012128.221,latency_s,0.046369
1757012128.252,latency_s,0.046256
1757012128.264,latency_s,0.046007
1757012128.274,latency_s,0.047546
1757012128.279,latency_s,0.046061
1757012128.281,latency_s,0.046343
1757012128.283,latency_s,0.047323
1757012128.283,latency_s,0.047869
1757012128.283,latency_s,0.047915
1757012128.283,latency_s,0.048490
1757012128.285,latency_s,0.049211
1757012128.287,latency_s,0.052270
1757012128.288,latency_s,0.052331
1757012128.294,latency_s,0.045777
1757012128.310,latency_s,0.055422
1757012128.310,latency_s,0.055131
1757012128.322,latency_s,0.047446
1757012128.322,latency_s,0.187706
1757012128.323,latency_s,0.087317
1757012128.353,latency_s,0.046492
1757012128.368,latency_s,0.048617
1757012128.373,latency_s,0.046175
1757012128.380,latency_s,0.046850
1757012128.384,latency_s,0.048806
1757012128.385,latency_s,0.049924
1757012128.385,latency_s,0.050230
1757012128.385,latency_s,0.049880
1757012128.385,latency_s,0.049930
1757012128.386,latency_s,0.049757
1757012128.386,latency_s,0.050339
1757012128.386,latency_s,0.049911
1757012128.387,latency_s,0.050105
1757012128.396,latency_s,0.046887
1757012128.403,latency_s,0.046205
1757012128.405,latency_s,0.046301
1757012128.424,latency_s,0.048315
1757012128.453,latency_s,0.046960
1757012128.467,latency_s,0.046794
1757012128.474,latency_s,0.046991
1757012128.483,latency_s,0.047189
1757012128.483,latency_s,0.047059
1757012128.485,latency_s,0.048540
1757012128.486,latency_s,0.050130
1757012128.486,latency_s,0.050159
1757012128.489,latency_s,0.052356
1757012128.489,latency_s,0.051612
1757012128.489,latency_s,0.051403
1757012128.489,latency_s,0.051534
1757012128.489,latency_s,0.052979
1757012128.495,latency_s,0.045965
1757012128.511,latency_s,0.053379
1757012128.511,latency_s,0.051705
1757012128.523,latency_s,0.046254
1757012128.554,latency_s,0.046587
1757012128.567,latency_s,0.046437
1757012128.575,latency_s,0.047696
1757012128.586,latency_s,0.048825
1757012128.588,latency_s,0.049785
1757012128.588,latency_s,0.050179
1757012128.588,latency_s,0.050651
1757012128.589,latency_s,0.052286
1757012128.626,latency_s,0.088642
1757012128.626,latency_s,0.087827
1757012128.626,latency_s,0.088685
1757012128.626,latency_s,0.084252
1757012128.626,latency_s,0.084241
1757012128.626,latency_s,0.076584
1757012128.626,latency_s,0.066257
1757012128.626,latency_s,0.063307
1757012128.626,latency_s,0.047646
1757012128.655,latency_s,0.046291
1757012128.667,latency_s,0.046701
1757012128.675,latency_s,0.046078
1757012128.684,latency_s,0.046399
1757012128.685,latency_s,0.047312
1757012128.686,latency_s,0.047746
1757012128.687,latency_s,0.048868
1757012128.687,latency_s,0.048984
1757012128.688,latency_s,0.048966
1757012128.691,latency_s,0.052068
1757012128.691,latency_s,0.051991
1757012128.691,latency_s,0.048943
1757012128.691,latency_s,0.048906
1757012128.712,latency_s,0.062633
1757012128.712,latency_s,0.051334
1757012128.712,latency_s,0.047552
1757012128.728,latency_s,0.045924
1757012128.755,latency_s,0.045949
1757012128.769,latency_s,0.046883
1757012128.776,latency_s,0.046034
1757012128.784,latency_s,0.045429
1757012128.785,latency_s,0.046943
1757012128.790,latency_s,0.047879
1757012128.790,latency_s,0.047720
1757012128.790,latency_s,0.047821
1757012128.790,latency_s,0.048047
1757012128.794,latency_s,0.051411
1757012128.794,latency_s,0.051959
1757012128.805,latency_s,0.062200
1757012128.805,latency_s,0.062605
1757012128.805,latency_s,0.055202
1757012128.810,latency_s,0.045977
1757012128.820,latency_s,0.053030
1757012128.830,latency_s,0.048016
1757012128.856,latency_s,0.046527
1757012128.869,latency_s,0.045985
1757012128.876,latency_s,0.046204
1757012128.885,latency_s,0.046498
1757012128.885,latency_s,0.046458
1757012128.891,latency_s,0.048629
1757012128.891,latency_s,0.048598
1757012128.894,latency_s,0.051509
1757012128.894,latency_s,0.051273
1757012128.894,latency_s,0.051185
1757012128.894,latency_s,0.051245
1757012128.894,latency_s,0.051152
1757012128.894,latency_s,0.050865
1757012128.896,latency_s,0.046128
1757012128.912,latency_s,0.046821
1757012128.917,latency_s,0.046126
1757012128.930,latency_s,0.047579
1757012128.957,latency_s,0.046746
1757012128.971,latency_s,0.046958
1757012128.978,latency_s,0.047302
1757012128.985,latency_s,0.046352
1757012128.985,latency_s,0.046297
1757012128.991,latency_s,0.047677
1757012128.991,latency_s,0.047700
1757012128.993,latency_s,0.048651
1757012128.994,latency_s,0.050001
1757012128.994,latency_s,0.050027
1757012128.994,latency_s,0.050095
1757012128.994,latency_s,0.049672
1757012128.995,latency_s,0.050346
1757012129.014,latency_s,0.063833
1757012129.014,latency_s,0.046294
1757012129.021,latency_s,0.049958
1757012129.030,latency_s,0.046590
1757012129.058,latency_s,0.046479
1757012129.072,latency_s,0.046115
1757012129.077,latency_s,0.046355
1757012129.087,latency_s,0.047218
1757012129.087,latency_s,0.047256
1757012129.090,latency_s,0.045951
1757012129.092,latency_s,0.047680
1757012129.092,latency_s,0.048005
1757012129.092,latency_s,0.047828
1757012129.092,latency_s,0.046450
1757012129.096,latency_s,0.048961
1757012129.096,latency_s,0.049562
1757012129.112,latency_s,0.064373
1757012129.113,latency_s,0.061570
1757012129.114,latency_s,0.045450
1757012129.117,latency_s,0.045569
1757012129.131,latency_s,0.045415
1757012129.159,latency_s,0.046578
1757012129.172,latency_s,0.046505
1757012129.178,latency_s,0.046031
1757012129.186,latency_s,0.046378
1757012129.193,latency_s,0.047124
1757012129.193,latency_s,0.047267
1757012129.194,latency_s,0.048538
1757012129.194,latency_s,0.048086
1757012129.197,latency_s,0.049805
1757012129.197,latency_s,0.049738
1757012129.198,latency_s,0.049353
1757012129.198,latency_s,0.049371
1757012129.198,latency_s,0.049707
1757012129.198,latency_s,0.046162
1757012129.218,latency_s,0.047889
1757012129.223,latency_s,0.046293
1757012129.232,latency_s,0.046626
1757012129.259,latency_s,0.047025
1757012129.273,latency_s,0.046375
1757012129.280,latency_s,0.047812
1757012129.286,latency_s,0.045982
1757012129.293,latency_s,0.046938
1757012129.294,latency_s,0.047101
1757012129.294,latency_s,0.047185
1757012129.295,latency_s,0.046327
1757012129.297,latency_s,0.046974
1757012129.297,latency_s,0.046556
1757012129.298,latency_s,0.047799
1757012129.300,latency_s,0.049150
1757012129.300,latency_s,0.049131
1757012129.300,latency_s,0.048197
1757012129.320,latency_s,0.046480
1757012129.326,latency_s,0.045759
1757012129.333,latency_s,0.046943
1757012129.360,latency_s,0.046443
1757012129.373,latency_s,0.046550
1757012129.378,latency_s,0.045646
1757012129.388,latency_s,0.046535
1757012129.393,latency_s,0.046465
1757012129.394,latency_s,0.047485
1757012129.395,latency_s,0.047877
1757012129.395,latency_s,0.045877
1757012129.397,latency_s,0.046632
1757012129.400,latency_s,0.048801
1757012129.400,latency_s,0.048852
1757012129.400,latency_s,0.048256
1757012129.409,latency_s,0.058334
1757012129.410,latency_s,0.058052
1757012129.420,latency_s,0.046062
1757012129.428,latency_s,0.046175
1757012129.432,latency_s,0.046314
1757012129.461,latency_s,0.046645
1757012129.473,latency_s,0.045872
1757012129.479,latency_s,0.046031
1757012129.488,latency_s,0.045750
1757012129.495,latency_s,0.047683
1757012129.495,latency_s,0.047794
1757012129.495,latency_s,0.047792
1757012129.498,latency_s,0.048341
1757012129.498,latency_s,0.046602
1757012129.498,latency_s,0.046645
1757012129.501,latency_s,0.049653
1757012129.501,latency_s,0.049382
1757012129.501,latency_s,0.049566
1757012129.502,latency_s,0.049167
1757012129.521,latency_s,0.046793
1757012129.530,latency_s,0.045908
1757012129.533,latency_s,0.046287
1757012129.562,latency_s,0.046862
1757012129.574,latency_s,0.046590
1757012129.580,latency_s,0.046631
1757012129.589,latency_s,0.046197
1757012129.595,latency_s,0.046714
1757012129.595,latency_s,0.046042
1757012129.602,latency_s,0.052371
1757012129.603,latency_s,0.053194
1757012129.603,latency_s,0.050553
1757012129.603,latency_s,0.050662
1757012129.603,latency_s,0.050580
1757012129.603,latency_s,0.049717
1757012129.603,latency_s,0.049998
1757012129.604,latency_s,0.050160
1757012129.623,latency_s,0.047078
1757012129.634,latency_s,0.047270
1757012129.634,latency_s,0.047567
1757012129.662,latency_s,0.047029
1757012129.676,latency_s,0.047645
1757012129.680,latency_s,0.045716
1757012129.690,latency_s,0.046493
1757012129.702,latency_s,0.052423
1757012129.703,latency_s,0.052651
1757012129.703,latency_s,0.052866
1757012129.703,latency_s,0.052498
1757012129.703,latency_s,0.049495
1757012129.703,latency_s,0.048941
1757012129.703,latency_s,0.049657
1757012129.703,latency_s,0.049828
1757012129.705,latency_s,0.050807
1757012129.705,latency_s,0.051389
1757012129.722,latency_s,0.046031
1757012129.736,latency_s,0.048506
1757012129.738,latency_s,0.048923
1757012129.773,latency_s,0.047567
1757012129.775,latency_s,0.046238
1757012129.780,latency_s,0.046195
1757012129.790,latency_s,0.045672
1757012129.797,latency_s,0.046989
1757012129.798,latency_s,0.046976
1757012129.802,latency_s,0.048099
1757012129.802,latency_s,0.048126
1757012129.803,latency_s,0.049340
1757012129.803,latency_s,0.049468
1757012129.803,latency_s,0.049630
1757012129.805,latency_s,0.050704
1757012129.805,latency_s,0.050899
1757012129.810,latency_s,0.055992
1757012129.823,latency_s,0.046551
1757012129.841,latency_s,0.052529
1757012129.841,latency_s,0.051796
1757012129.872,latency_s,0.046761
1757012129.875,latency_s,0.046194
1757012129.881,latency_s,0.046322
1757012129.891,latency_s,0.045757
1757012129.898,latency_s,0.046509
1757012129.899,latency_s,0.046771
1757012129.905,latency_s,0.049823
1757012129.905,latency_s,0.050140
1757012129.905,latency_s,0.050050
1757012129.905,latency_s,0.050350
1757012129.905,latency_s,0.049576
1757012129.905,latency_s,0.050313
1757012129.905,latency_s,0.050071
1757012129.905,latency_s,0.049927
1757012129.924,latency_s,0.046433
1757012129.935,latency_s,0.046003
1757012129.936,latency_s,0.046118
1757012129.973,latency_s,0.046621
1757012129.976,latency_s,0.045597
1757012129.982,latency_s,0.046304
1757012129.991,latency_s,0.045789
1757012129.998,latency_s,0.045409
1757012129.999,latency_s,0.046398
1757012130.002,latency_s,0.046793
1757012130.002,latency_s,0.046748
1757012130.002,latency_s,0.047039
1757012130.002,latency_s,0.047441
1757012130.004,latency_s,0.048816
1757012130.005,latency_s,0.049165
1757012130.005,latency_s,0.049232
1757012130.024,latency_s,0.046431
1757012130.037,latency_s,0.047476
1757012130.038,latency_s,0.047625
1757012130.074,latency_s,0.047529
1757012130.076,latency_s,0.045741
1757012130.083,latency_s,0.046834
1757012130.092,latency_s,0.046055
1757012130.099,latency_s,0.046259
1757012130.100,latency_s,0.045905
1757012130.106,latency_s,0.050154
1757012130.106,latency_s,0.050024
1757012130.106,latency_s,0.050043
1757012130.106,latency_s,0.050032
1757012130.106,latency_s,0.049540
1757012130.106,latency_s,0.049799
1757012130.106,latency_s,0.049111
1757012130.126,latency_s,0.046110
1757012130.137,latency_s,0.047070
1757012130.137,latency_s,0.045910
1757012130.145,latency_s,0.189514
1757012130.145,latency_s,0.089422
1757012130.174,latency_s,0.046860
1757012130.178,latency_s,0.046125
1757012130.183,latency_s,0.046253
1757012130.193,latency_s,0.045560
1757012130.199,latency_s,0.045917
1757012130.202,latency_s,0.046946
1757012130.203,latency_s,0.047546
1757012130.204,latency_s,0.048496
1757012130.207,latency_s,0.051461
1757012130.207,latency_s,0.050587
1757012130.207,latency_s,0.050825
1757012130.207,latency_s,0.050468
1757012130.207,latency_s,0.050134
1757012130.207,latency_s,0.050834
1757012130.227,latency_s,0.046575
1757012130.240,latency_s,0.047838
1757012130.242,latency_s,0.046867
1757012130.274,latency_s,0.046962
1757012130.278,latency_s,0.046404
1757012130.284,latency_s,0.046729
1757012130.295,latency_s,0.046771
1757012130.300,latency_s,0.046431
1757012130.303,latency_s,0.047048
1757012130.303,latency_s,0.047344
1757012130.304,latency_s,0.048313
1757012130.304,latency_s,0.048392
1757012130.305,latency_s,0.048088
1757012130.306,latency_s,0.049557
1757012130.306,latency_s,0.049659
1757012130.307,latency_s,0.049235
1757012130.307,latency_s,0.050122
1757012130.329,latency_s,0.046710
1757012130.339,latency_s,0.047094
1757012130.342,latency_s,0.046271
1757012130.375,latency_s,0.047344
1757012130.379,latency_s,0.046978
1757012130.383,latency_s,0.046069
1757012130.395,latency_s,0.046373
1757012130.400,latency_s,0.045693
1757012130.402,latency_s,0.045411
1757012130.403,latency_s,0.046639
1757012130.404,latency_s,0.047714
1757012130.405,latency_s,0.048188
1757012130.405,latency_s,0.048424
1757012130.406,latency_s,0.049027
1757012130.407,latency_s,0.049471
1757012130.407,latency_s,0.049501
1757012130.407,latency_s,0.049180
1757012130.429,latency_s,0.046565
1757012130.440,latency_s,0.047616
1757012130.443,latency_s,0.046707
1757012130.475,latency_s,0.046904
1757012130.480,latency_s,0.046559
1757012130.484,latency_s,0.046394
1757012130.495,latency_s,0.046177
1757012130.501,latency_s,0.046353
1757012130.505,latency_s,0.047149
1757012130.505,latency_s,0.047320
1757012130.505,latency_s,0.046944
1757012130.507,latency_s,0.049041
1757012130.507,latency_s,0.049481
1757012130.507,latency_s,0.048877
1757012130.508,latency_s,0.049215
1757012130.508,latency_s,0.049201
1757012130.508,latency_s,0.049373
1757012130.531,latency_s,0.045865
1757012130.540,latency_s,0.046573
1757012130.544,latency_s,0.046829
1757012130.576,latency_s,0.046589
1757012130.581,latency_s,0.047630
1757012130.588,latency_s,0.048152
1757012130.597,latency_s,0.046224
1757012130.604,latency_s,0.046560
1757012130.604,latency_s,0.046122
1757012130.606,latency_s,0.048248
1757012130.606,latency_s,0.047872
1757012130.606,latency_s,0.047589
1757012130.607,latency_s,0.047841
1757012130.607,latency_s,0.046504
1757012130.608,latency_s,0.047028
1757012130.610,latency_s,0.045982
1757012130.610,latency_s,0.045874
1757012130.635,latency_s,0.047070
1757012130.640,latency_s,0.046828
1757012130.644,latency_s,0.046033
1757012130.678,latency_s,0.047212
1757012130.680,latency_s,0.045676
1757012130.687,latency_s,0.046587
1757012130.698,latency_s,0.046763
1757012130.703,latency_s,0.045558
1757012130.706,latency_s,0.048018
1757012130.706,latency_s,0.047885
1757012130.706,latency_s,0.047788
1757012130.706,latency_s,0.046319
1757012130.708,latency_s,0.048714
1757012130.708,latency_s,0.046777
1757012130.709,latency_s,0.047436
1757012130.710,latency_s,0.046432
1757012130.711,latency_s,0.046615
1757012130.737,latency_s,0.046078
1757012130.742,latency_s,0.048404
1757012130.748,latency_s,0.046644
1757012130.778,latency_s,0.047182
1757012130.781,latency_s,0.046333
1757012130.791,latency_s,0.049072
1757012130.797,latency_s,0.045902
1757012130.804,latency_s,0.046432
1757012130.805,latency_s,0.046585
1757012130.806,latency_s,0.046984
1757012130.807,latency_s,0.048276
1757012130.807,latency_s,0.047169
1757012130.807,latency_s,0.047241
1757012130.808,latency_s,0.046608
1757012130.810,latency_s,0.045517
1757012130.811,latency_s,0.045718
1757012130.838,latency_s,0.047137
1757012130.844,latency_s,0.049537
1757012130.851,latency_s,0.046983
1757012130.878,latency_s,0.046667
1757012130.881,latency_s,0.046408
1757012130.888,latency_s,0.045956
1757012130.898,latency_s,0.045996
1757012130.905,latency_s,0.046388
1757012130.907,latency_s,0.047581
1757012130.907,latency_s,0.047796
1757012130.907,latency_s,0.047891
1757012130.909,latency_s,0.048051
1757012130.909,latency_s,0.048521
1757012130.909,latency_s,0.046727
1757012130.912,latency_s,0.046841
1757012130.913,latency_s,0.046197
1757012130.938,latency_s,0.046896
1757012130.944,latency_s,0.049948
1757012130.952,latency_s,0.047698
1757012130.954,latency_s,0.192755
1757012130.955,latency_s,0.092387
1757012130.979,latency_s,0.046480
1757012130.981,latency_s,0.045773
1757012130.989,latency_s,0.046590
1757012130.999,latency_s,0.045538
1757012131.005,latency_s,0.046140
1757012131.008,latency_s,0.047308
1757012131.008,latency_s,0.047357
1757012131.008,latency_s,0.046972
1757012131.010,latency_s,0.049089
1757012131.010,latency_s,0.046996
1757012131.012,latency_s,0.048752
1757012131.013,latency_s,0.048714
1757012131.013,latency_s,0.047547
1757012131.014,latency_s,0.046918
1757012131.042,latency_s,0.047256
1757012131.042,latency_s,0.047235
1757012131.052,latency_s,0.046159
1757012131.080,latency_s,0.047068
1757012131.081,latency_s,0.045586
1757012131.089,latency_s,0.046466
1757012131.100,latency_s,0.045892
1757012131.105,latency_s,0.046101
1757012131.108,latency_s,0.046559
1757012131.108,latency_s,0.046223
1757012131.109,latency_s,0.046915
1757012131.111,latency_s,0.048616
1757012131.111,latency_s,0.047067
1757012131.111,latency_s,0.046768
1757012131.113,latency_s,0.048377
1757012131.113,latency_s,0.047659
1757012131.113,latency_s,0.045335
1757012131.142,latency_s,0.047225
1757012131.142,latency_s,0.047401
1757012131.153,latency_s,0.046187
1757012131.180,latency_s,0.046425
1757012131.184,latency_s,0.046397
1757012131.191,latency_s,0.046854
1757012131.201,latency_s,0.047220
1757012131.206,latency_s,0.045881
1757012131.208,latency_s,0.046296
1757012131.209,latency_s,0.046685
1757012131.213,latency_s,0.047954
1757012131.213,latency_s,0.048194
1757012131.213,latency_s,0.047951
1757012131.213,latency_s,0.047480
1757012131.213,latency_s,0.046566
1757012131.216,latency_s,0.047348
1757012131.216,latency_s,0.047755
1757012131.243,latency_s,0.047927
1757012131.244,latency_s,0.046925
1757012131.253,latency_s,0.046176
1757012131.280,latency_s,0.046511
1757012131.284,latency_s,0.045755
1757012131.291,latency_s,0.046683
1757012131.301,latency_s,0.046078
1757012131.307,latency_s,0.046412
1757012131.309,latency_s,0.045673
1757012131.310,latency_s,0.046570
1757012131.312,latency_s,0.047498
1757012131.313,latency_s,0.047540
1757012131.313,latency_s,0.047473
1757012131.313,latency_s,0.047118
1757012131.314,latency_s,0.047448
1757012131.316,latency_s,0.046196
1757012131.316,latency_s,0.046478
1757012131.343,latency_s,0.046668
1757012131.346,latency_s,0.047296
1757012131.354,latency_s,0.046955
1757012131.382,latency_s,0.047111
1757012131.384,latency_s,0.046280
1757012131.391,latency_s,0.046037
1757012131.402,latency_s,0.046329
1757012131.408,latency_s,0.046488
1757012131.411,latency_s,0.047006
1757012131.411,latency_s,0.047034
1757012131.413,latency_s,0.046959
1757012131.413,latency_s,0.047075
1757012131.414,latency_s,0.047057
1757012131.416,latency_s,0.048982
1757012131.416,latency_s,0.047194
1757012131.419,latency_s,0.047734
1757012131.419,latency_s,0.047900
1757012131.444,latency_s,0.047197
1757012131.447,latency_s,0.046700
1757012131.455,latency_s,0.046347
1757012131.482,latency_s,0.046546
1757012131.484,latency_s,0.045869
1757012131.492,latency_s,0.046595
1757012131.503,latency_s,0.046239
1757012131.509,latency_s,0.045733
1757012131.512,latency_s,0.047939
1757012131.513,latency_s,0.048206
1757012131.515,latency_s,0.046620
1757012131.516,latency_s,0.048053
1757012131.516,latency_s,0.048116
1757012131.516,latency_s,0.047522
1757012131.517,latency_s,0.048356
1757012131.519,latency_s,0.047176
1757012131.519,latency_s,0.047278
1757012131.545,latency_s,0.047178
1757012131.548,latency_s,0.046109
1757012131.556,latency_s,0.046705
1757012131.584,latency_s,0.047449
1757012131.584,latency_s,0.045748
1757012131.593,latency_s,0.047593
1757012131.604,latency_s,0.046579
1757012131.611,latency_s,0.046314
1757012131.612,latency_s,0.047591
1757012131.615,latency_s,0.046745
1757012131.615,latency_s,0.047017
1757012131.616,latency_s,0.046079
1757012131.617,latency_s,0.047488
1757012131.619,latency_s,0.046371
1757012131.620,latency_s,0.046602
1757012131.646,latency_s,0.046613
1757012131.648,latency_s,0.046346
1757012131.657,latency_s,0.047313
1757012131.683,latency_s,0.045738
1757012131.685,latency_s,0.046181
1757012131.693,latency_s,0.046699
1757012131.704,latency_s,0.046137
1757012131.711,latency_s,0.046020
1757012131.711,latency_s,0.046109
1757012131.716,latency_s,0.046844
1757012131.716,latency_s,0.046865
1757012131.716,latency_s,0.046105
1757012131.718,latency_s,0.047533
1757012131.721,latency_s,0.047276
1757012131.721,latency_s,0.047013
1757012131.747,latency_s,0.047030
1757012131.750,latency_s,0.046326
1757012131.755,latency_s,0.187223
1757012131.755,latency_s,0.086997
1757012131.757,latency_s,0.046786
1757012131.784,latency_s,0.047172
1757012131.786,latency_s,0.046606
1757012131.788,latency_s,0.219104
1757012131.788,latency_s,0.118924
1757012131.794,latency_s,0.046575
1757012131.807,latency_s,0.047727
1757012131.812,latency_s,0.046640
1757012131.812,latency_s,0.045773
1757012131.816,latency_s,0.046818
1757012131.816,latency_s,0.046636
1757012131.818,latency_s,0.048270
1757012131.818,latency_s,0.047865
1757012131.818,latency_s,0.047444
1757012131.820,latency_s,0.046334
1757012131.821,latency_s,0.045522
1757012131.823,latency_s,0.053327
1757012131.848,latency_s,0.047383
1757012131.853,latency_s,0.046816
1757012131.857,latency_s,0.046659
1757012131.885,latency_s,0.047704
1757012131.886,latency_s,0.046191
1757012131.895,latency_s,0.047615
1757012131.909,latency_s,0.048854
1757012131.913,latency_s,0.047312
1757012131.914,latency_s,0.046498
1757012131.916,latency_s,0.046394
1757012131.917,latency_s,0.047225
1757012131.917,latency_s,0.047425
1757012131.919,latency_s,0.048799
1757012131.919,latency_s,0.049192
1757012131.919,latency_s,0.048442
1757012131.921,latency_s,0.046067
1757012131.922,latency_s,0.046161
1757012131.949,latency_s,0.047660
1757012131.956,latency_s,0.046738
1757012131.957,latency_s,0.046448
1757012131.985,latency_s,0.046704
1757012131.986,latency_s,0.046052
1757012131.994,latency_s,0.046467
1757012132.006,latency_s,0.046046
1757012132.013,latency_s,0.046077
1757012132.018,latency_s,0.047713
1757012132.019,latency_s,0.048214
1757012132.021,latency_s,0.049731
1757012132.021,latency_s,0.049897
1757012132.021,latency_s,0.050513
1757012132.021,latency_s,0.050310
1757012132.021,latency_s,0.050855
1757012132.023,latency_s,0.046566
1757012132.023,latency_s,0.047134
1757012132.048,latency_s,0.046384
1757012132.059,latency_s,0.047809
1757012132.059,latency_s,0.047412
1757012132.085,latency_s,0.046295
1757012132.086,latency_s,0.046111
1757012132.101,latency_s,0.046354
1757012132.107,latency_s,0.046729
1757012132.114,latency_s,0.046355
1757012132.119,latency_s,0.048643
1757012132.120,latency_s,0.048734
1757012132.120,latency_s,0.048730
1757012132.156,latency_s,0.085377
1757012132.156,latency_s,0.085421
1757012132.157,latency_s,0.084941
1757012132.157,latency_s,0.084608
1757012132.157,latency_s,0.079986
1757012132.157,latency_s,0.079873
1757012132.157,latency_s,0.054959
1757012132.159,latency_s,0.047687
1757012132.159,latency_s,0.047568
1757012132.187,latency_s,0.048164
1757012132.187,latency_s,0.046907
1757012132.204,latency_s,0.046956
1757012132.208,latency_s,0.046194
1757012132.214,latency_s,0.046405
1757012132.217,latency_s,0.045966
1757012132.219,latency_s,0.047793
1757012132.219,latency_s,0.047695
1757012132.219,latency_s,0.047831
1757012132.221,latency_s,0.049049
1757012132.223,latency_s,0.050518
1757012132.223,latency_s,0.050800
1757012132.225,latency_s,0.046866
1757012132.241,latency_s,0.062908
1757012132.250,latency_s,0.047415
1757012132.259,latency_s,0.046946
1757012132.259,latency_s,0.046915
1757012132.286,latency_s,0.046873
1757012132.287,latency_s,0.046477
1757012132.307,latency_s,0.048063
1757012132.309,latency_s,0.046439
1757012132.314,latency_s,0.046047
1757012132.317,latency_s,0.045987
1757012132.319,latency_s,0.047912
1757012132.320,latency_s,0.048451
1757012132.320,latency_s,0.048131
1757012132.321,latency_s,0.048608
1757012132.321,latency_s,0.048189
1757012132.322,latency_s,0.049939
1757012132.342,latency_s,0.062476
1757012132.342,latency_s,0.062658
1757012132.351,latency_s,0.046732
1757012132.359,latency_s,0.046882
1757012132.359,latency_s,0.046757
1757012132.388,latency_s,0.047802
1757012132.388,latency_s,0.046938
1757012132.405,latency_s,0.045814
1757012132.409,latency_s,0.046229
1757012132.414,latency_s,0.045972
1757012132.419,latency_s,0.047839
1757012132.420,latency_s,0.047648
1757012132.420,latency_s,0.047250
1757012132.420,latency_s,0.047480
1757012132.423,latency_s,0.050564
1757012132.423,latency_s,0.050475
1757012132.427,latency_s,0.046416
1757012132.428,latency_s,0.046600
1757012132.452,latency_s,0.047727
1757012132.459,latency_s,0.046541
1757012132.461,latency_s,0.047261
1757012132.489,latency_s,0.047622
1757012132.489,latency_s,0.048157
1757012132.506,latency_s,0.046343
1757012132.510,latency_s,0.046236
1757012132.516,latency_s,0.046882
1757012132.520,latency_s,0.048270
1757012132.520,latency_s,0.048090
1757012132.520,latency_s,0.047166
1757012132.520,latency_s,0.047483
1757012132.521,latency_s,0.047498
1757012132.522,latency_s,0.047765
1757012132.528,latency_s,0.046342
1757012132.528,latency_s,0.046452
1757012132.552,latency_s,0.047198
1757012132.560,latency_s,0.047188
1757012132.560,latency_s,0.046587
1757012132.588,latency_s,0.215369
1757012132.590,latency_s,0.048809
1757012132.590,latency_s,0.117789
1757012132.590,latency_s,0.048896
1757012132.610,latency_s,0.046413
1757012132.611,latency_s,0.046677
1757012132.616,latency_s,0.046235
1757012132.619,latency_s,0.046685
1757012132.619,latency_s,0.045780
1757012132.622,latency_s,0.048522
1757012132.622,latency_s,0.048446
1757012132.622,latency_s,0.047596
1757012132.623,latency_s,0.048615
1757012132.625,latency_s,0.051079
1757012132.629,latency_s,0.046377
1757012132.632,latency_s,0.045847
1757012132.652,latency_s,0.046535
1757012132.662,latency_s,0.047559
1757012132.662,latency_s,0.047922
1757012132.689,latency_s,0.047059
1757012132.689,latency_s,0.046718
1757012132.711,latency_s,0.047366
1757012132.711,latency_s,0.045649
1757012132.717,latency_s,0.046058
1757012132.719,latency_s,0.046570
1757012132.721,latency_s,0.046973
1757012132.721,latency_s,0.046847
1757012132.721,latency_s,0.046843
1757012132.722,latency_s,0.047669
1757012132.722,latency_s,0.047498
1757012132.724,latency_s,0.048510
1757012132.729,latency_s,0.045812
1757012132.736,latency_s,0.046711
1757012132.754,latency_s,0.047373
1757012132.761,latency_s,0.046984
1757012132.761,latency_s,0.047212
1757012132.792,latency_s,0.048541
1757012132.792,latency_s,0.047776
1757012132.812,latency_s,0.047272
1757012132.813,latency_s,0.046796
1757012132.817,latency_s,0.046066
1757012132.824,latency_s,0.050381
1757012132.824,latency_s,0.049231
1757012132.824,latency_s,0.049658
1757012132.824,latency_s,0.049088
1757012132.824,latency_s,0.049098
1757012132.824,latency_s,0.048484
1757012132.824,latency_s,0.048223
1757012132.831,latency_s,0.045989
1757012132.836,latency_s,0.045645
1757012132.853,latency_s,0.046443
1757012132.861,latency_s,0.046742
1757012132.862,latency_s,0.047140
1757012132.892,latency_s,0.048115
1757012132.895,latency_s,0.046764
1757012132.913,latency_s,0.047164
1757012132.913,latency_s,0.047029
1757012132.918,latency_s,0.046176
1757012132.922,latency_s,0.046872
1757012132.922,latency_s,0.046874
1757012132.922,latency_s,0.046943
1757012132.925,latency_s,0.049223
1757012132.926,latency_s,0.050261
1757012132.926,latency_s,0.050349
1757012132.927,latency_s,0.050203
1757012132.932,latency_s,0.046715
1757012132.938,latency_s,0.046062
1757012132.955,latency_s,0.047694
1757012132.961,latency_s,0.046483
1757012132.962,latency_s,0.047052
1757012132.992,latency_s,0.047574
1757012132.995,latency_s,0.046587
1757012133.014,latency_s,0.046622
1757012133.014,latency_s,0.046586
1757012133.018,latency_s,0.045876
1757012133.023,latency_s,0.047542
1757012133.023,latency_s,0.047716
1757012133.023,latency_s,0.047554
1757012133.024,latency_s,0.047833
1757012133.025,latency_s,0.048599
1757012133.026,latency_s,0.049925
1757012133.026,latency_s,0.047533
1757012133.033,latency_s,0.047346
1757012133.042,latency_s,0.046073
1757012133.054,latency_s,0.046216
1757012133.061,latency_s,0.045368
1757012133.063,latency_s,0.047441
1757012133.091,latency_s,0.046602
1757012133.097,latency_s,0.046977
1757012133.115,latency_s,0.046848
1757012133.115,latency_s,0.046763
1757012133.119,latency_s,0.046408
1757012133.123,latency_s,0.047136
1757012133.123,latency_s,0.047337
1757012133.124,latency_s,0.047673
1757012133.124,latency_s,0.047497
1757012133.125,latency_s,0.048888
1757012133.125,latency_s,0.047799
1757012133.126,latency_s,0.046054
1757012133.134,latency_s,0.045984
1757012133.145,latency_s,0.046558
1757012133.155,latency_s,0.046757
1757012133.161,latency_s,0.045452
1757012133.162,latency_s,0.046994
1757012133.192,latency_s,0.046865
1757012133.198,latency_s,0.047225
1757012133.216,latency_s,0.047863
1757012133.217,latency_s,0.047635
1757012133.220,latency_s,0.046077
1757012133.225,latency_s,0.048333
1757012133.225,latency_s,0.048435
1757012133.225,latency_s,0.047357
1757012133.226,latency_s,0.047178
1757012133.226,latency_s,0.047562
1757012133.226,latency_s,0.047287
1757012133.227,latency_s,0.046191
1757012133.235,latency_s,0.046882
1757012133.246,latency_s,0.045889
1757012133.255,latency_s,0.045694
1757012133.264,latency_s,0.048023
1757012133.264,latency_s,0.048331
1757012133.291,latency_s,0.046195
1757012133.298,latency_s,0.046370
1757012133.316,latency_s,0.047217
1757012133.316,latency_s,0.046280
1757012133.321,latency_s,0.046417
1757012133.324,latency_s,0.046489
1757012133.326,latency_s,0.047390
1757012133.326,latency_s,0.047570
1757012133.329,latency_s,0.050263
1757012133.329,latency_s,0.050194
1757012133.329,latency_s,0.049547
1757012133.329,latency_s,0.047103
1757012133.335,latency_s,0.045805
1757012133.353,latency_s,0.049667
1757012133.356,latency_s,0.046559
1757012133.364,latency_s,0.048324
1757012133.392,latency_s,0.046455
1757012133.401,latency_s,0.047576
1757012133.417,latency_s,0.046922
1757012133.419,latency_s,0.046330
1757012133.421,latency_s,0.046213
1757012133.424,latency_s,0.046150
1757012133.428,latency_s,0.049186
1757012133.428,latency_s,0.049203
1757012133.429,latency_s,0.048716
1757012133.429,latency_s,0.048718
1757012133.429,latency_s,0.049387
1757012133.429,latency_s,0.046314
1757012133.455,latency_s,0.046296
1757012133.456,latency_s,0.045959
1757012133.464,latency_s,0.047124
1757012133.493,latency_s,0.046718
1757012133.501,latency_s,0.046139
1757012133.507,latency_s,0.189757
1757012133.507,latency_s,0.089178
1757012133.518,latency_s,0.046964
1757012133.522,latency_s,0.046341
1757012133.524,latency_s,0.046144
1757012133.525,latency_s,0.046512
1757012133.526,latency_s,0.046138
1757012133.527,latency_s,0.047393
1757012133.528,latency_s,0.047667
1757012133.528,latency_s,0.047421
1757012133.528,latency_s,0.048065
1757012133.530,latency_s,0.045685
1757012133.555,latency_s,0.045519
1757012133.557,latency_s,0.046811
1757012133.564,latency_s,0.047791
1757012133.565,latency_s,0.046701
1757012133.580,latency_s,0.188979
1757012133.580,latency_s,0.087338
1757012133.593,latency_s,0.046777
1757012133.602,latency_s,0.045933
1757012133.618,latency_s,0.046495
1757012133.623,latency_s,0.046193
1757012133.625,latency_s,0.046186
1757012133.625,latency_s,0.046374
1757012133.627,latency_s,0.047092
1757012133.627,latency_s,0.047129
1757012133.628,latency_s,0.047163
1757012133.629,latency_s,0.048951
1757012133.629,latency_s,0.048336
1757012133.631,latency_s,0.046105
1757012133.646,latency_s,0.047301
1757012133.657,latency_s,0.046744
1757012133.657,latency_s,0.046745
1757012133.664,latency_s,0.046267
1757012133.666,latency_s,0.047374
1757012133.694,latency_s,0.047241
1757012133.704,latency_s,0.047273
1757012133.719,latency_s,0.046936
1757012133.724,latency_s,0.046756
1757012133.728,latency_s,0.047280
1757012133.728,latency_s,0.047637
1757012133.728,latency_s,0.047347
1757012133.728,latency_s,0.047234
1757012133.730,latency_s,0.049516
1757012133.730,latency_s,0.049026
1757012133.732,latency_s,0.051371
1757012133.732,latency_s,0.045965
1757012133.747,latency_s,0.046085
1757012133.758,latency_s,0.046913
1757012133.758,latency_s,0.047005
1757012133.766,latency_s,0.047426
1757012133.766,latency_s,0.048222
1757012133.794,latency_s,0.046916
1757012133.803,latency_s,0.046077
1757012133.820,latency_s,0.046686
1757012133.824,latency_s,0.045960
1757012133.827,latency_s,0.045762
1757012133.829,latency_s,0.048199
1757012133.829,latency_s,0.048175
1757012133.829,latency_s,0.047338
1757012133.829,latency_s,0.047267
1757012133.831,latency_s,0.047285
1757012133.831,latency_s,0.047482
1757012133.833,latency_s,0.046743
1757012133.851,latency_s,0.047029
1757012133.858,latency_s,0.045952
1757012133.858,latency_s,0.046091
1757012133.868,latency_s,0.049486
1757012133.868,latency_s,0.049211
1757012133.894,latency_s,0.046991
1757012133.904,latency_s,0.045920
1757012133.921,latency_s,0.046874
1757012133.924,latency_s,0.045854
1757012133.929,latency_s,0.047615
1757012133.930,latency_s,0.048904
1757012133.932,latency_s,0.050701
1757012133.932,latency_s,0.049917
1757012133.932,latency_s,0.049851
1757012133.932,latency_s,0.048277
1757012133.932,latency_s,0.048297
1757012133.934,latency_s,0.046080
1757012133.955,latency_s,0.046856
1757012133.958,latency_s,0.046205
1757012133.958,latency_s,0.046358
1757012133.966,latency_s,0.047602
1757012133.967,latency_s,0.047727
1757012133.995,latency_s,0.046647
1757012134.004,latency_s,0.045903
1757012134.022,latency_s,0.047269
1757012134.026,latency_s,0.046589
1757012134.032,latency_s,0.050217
1757012134.032,latency_s,0.050267
1757012134.032,latency_s,0.050196
1757012134.032,latency_s,0.049214
1757012134.032,latency_s,0.049132
1757012134.032,latency_s,0.047483
1757012134.032,latency_s,0.047493
1757012134.035,latency_s,0.046164
1757012134.055,latency_s,0.045907
1757012134.059,latency_s,0.046660
1757012134.060,latency_s,0.047312
1757012134.068,latency_s,0.047816
1757012134.068,latency_s,0.048862
1757012134.096,latency_s,0.046813
1757012134.105,latency_s,0.046075
1757012134.121,latency_s,0.046334
1757012134.127,latency_s,0.046446
1757012134.134,latency_s,0.050438
1757012134.134,latency_s,0.050044
1757012134.134,latency_s,0.050642
1757012134.134,latency_s,0.050102
1757012134.134,latency_s,0.048902
1757012134.134,latency_s,0.048544
1757012134.134,latency_s,0.046873
1757012134.136,latency_s,0.045895
1757012134.157,latency_s,0.046716
1757012134.158,latency_s,0.045370
1757012134.159,latency_s,0.045824
1757012134.166,latency_s,0.046610
1757012134.168,latency_s,0.047343
1757012134.197,latency_s,0.046605
1757012134.207,latency_s,0.047233
1757012134.223,latency_s,0.047397
1757012134.227,latency_s,0.046265
1757012134.230,latency_s,0.046546
1757012134.235,latency_s,0.047091
1757012134.235,latency_s,0.047046
1757012134.235,latency_s,0.047375
1757012134.237,latency_s,0.048409
1757012134.237,latency_s,0.048426
1757012134.237,latency_s,0.048661
1757012134.238,latency_s,0.048175
1757012134.258,latency_s,0.047381
1757012134.261,latency_s,0.047659
1757012134.261,latency_s,0.047597
1757012134.266,latency_s,0.046168
1757012134.267,latency_s,0.045937
1757012134.296,latency_s,0.046212
1757012134.306,latency_s,0.046107
1757012134.323,latency_s,0.046583
1757012134.328,latency_s,0.046659
1757012134.331,latency_s,0.047390
1757012134.334,latency_s,0.046064
1757012134.334,latency_s,0.045928
1757012134.336,latency_s,0.047928
1757012134.336,latency_s,0.047490
1757012134.336,latency_s,0.047660
1757012134.336,latency_s,0.047586
1757012134.338,latency_s,0.047078
1757012134.359,latency_s,0.047862
1757012134.360,latency_s,0.047207
1757012134.361,latency_s,0.046892
1757012134.367,latency_s,0.046696
1757012134.370,latency_s,0.046939
1757012134.399,latency_s,0.047817
1757012134.408,latency_s,0.047327
1757012134.424,latency_s,0.046497
1757012134.429,latency_s,0.046221
1757012134.431,latency_s,0.046246
1757012134.436,latency_s,0.047572
1757012134.437,latency_s,0.047904
1757012134.437,latency_s,0.048141
1757012134.437,latency_s,0.047464
1757012134.438,latency_s,0.048831
1757012134.438,latency_s,0.049711
1757012134.438,latency_s,0.047020
1757012134.461,latency_s,0.049668
1757012134.461,latency_s,0.047573
1757012134.462,latency_s,0.045948
1757012134.468,latency_s,0.046655
1757012134.473,latency_s,0.049386
1757012134.497,latency_s,0.045807
1757012134.508,latency_s,0.046474
1757012134.524,latency_s,0.046496
1757012134.530,latency_s,0.046280
1757012134.533,latency_s,0.046736
1757012134.535,latency_s,0.046217
1757012134.536,latency_s,0.047207
1757012134.540,latency_s,0.049914
1757012134.540,latency_s,0.049727
1757012134.540,latency_s,0.049324
1757012134.540,latency_s,0.049751
1757012134.540,latency_s,0.048297
1757012134.558,latency_s,0.046437
1757012134.560,latency_s,0.046192
1757012134.563,latency_s,0.045623
1757012134.569,latency_s,0.047187
1757012134.571,latency_s,0.046538
1757012134.598,latency_s,0.046388
1757012134.608,latency_s,0.045562
1757012134.625,latency_s,0.045925
1757012134.630,latency_s,0.046300
1757012134.633,latency_s,0.046402
1757012134.637,latency_s,0.046244
1757012134.637,latency_s,0.046406
1757012134.639,latency_s,0.048257
1757012134.639,latency_s,0.048066
1757012134.639,latency_s,0.048633
1757012134.641,latency_s,0.049499
1757012134.641,latency_s,0.048725
1757012134.662,latency_s,0.049814
1757012134.662,latency_s,0.047245
1757012134.662,latency_s,0.045064
1757012134.669,latency_s,0.047301
1757012134.672,latency_s,0.046426
1757012134.700,latency_s,0.047269
1757012134.710,latency_s,0.046995
1757012134.726,latency_s,0.046417
1757012134.730,latency_s,0.046415
1757012134.734,latency_s,0.047438
1757012134.739,latency_s,0.048198
1757012134.742,latency_s,0.050490
1757012134.742,latency_s,0.050496
1757012134.742,latency_s,0.050397
1757012134.742,latency_s,0.050640
1757012134.742,latency_s,0.050283
1757012134.742,latency_s,0.049742
1757012134.761,latency_s,0.047854
1757012134.762,latency_s,0.046829
1757012134.767,latency_s,0.046967
1757012134.770,latency_s,0.046034
1757012134.771,latency_s,0.045929
1757012134.800,latency_s,0.047085
1757012134.811,latency_s,0.048007
1757012134.827,latency_s,0.046656
1757012134.831,latency_s,0.045951
1757012134.833,latency_s,0.046058
1757012134.842,latency_s,0.049475
1757012134.842,latency_s,0.049733
1757012134.842,latency_s,0.049733
1757012134.842,latency_s,0.049352
1757012134.842,latency_s,0.049827
1757012134.842,latency_s,0.049873
1757012134.842,latency_s,0.050213
1757012134.861,latency_s,0.046767
1757012134.862,latency_s,0.046013
1757012134.867,latency_s,0.046090
1757012134.871,latency_s,0.047132
1757012134.872,latency_s,0.046132
1757012134.900,latency_s,0.047166
1757012134.912,latency_s,0.047961
1757012134.926,latency_s,0.045716
1757012134.933,latency_s,0.046409
1757012134.935,latency_s,0.046070
1757012134.944,latency_s,0.050524
1757012134.944,latency_s,0.050476
1757012134.944,latency_s,0.050636
1757012134.944,latency_s,0.050562
1757012134.944,latency_s,0.050421
1757012134.944,latency_s,0.051554
1757012134.944,latency_s,0.051191
1757012134.960,latency_s,0.045871
1757012134.963,latency_s,0.046016
1757012134.968,latency_s,0.046157
1757012134.971,latency_s,0.046839
1757012134.972,latency_s,0.045815
1757012135.000,latency_s,0.046343
1757012135.010,latency_s,0.046254
1757012135.028,latency_s,0.046497
1757012135.033,latency_s,0.046237
1757012135.036,latency_s,0.046209
1757012135.077,latency_s,0.083652
1757012135.077,latency_s,0.083419
1757012135.077,latency_s,0.083425
1757012135.077,latency_s,0.083223
1757012135.077,latency_s,0.082984
1757012135.077,latency_s,0.083532
1757012135.077,latency_s,0.082826
1757012135.077,latency_s,0.062282
1757012135.077,latency_s,0.059688
1757012135.077,latency_s,0.054283
1757012135.077,latency_s,0.052405
1757012135.077,latency_s,0.050450
1757012135.100,latency_s,0.046664
1757012135.111,latency_s,0.046520
1757012135.128,latency_s,0.045634
1757012135.134,latency_s,0.046829
1757012135.137,latency_s,0.047086
1757012135.141,latency_s,0.047019
1757012135.141,latency_s,0.047203
1757012135.144,latency_s,0.049546
1757012135.144,latency_s,0.049809
1757012135.144,latency_s,0.049564
1757012135.147,latency_s,0.052926
1757012135.147,latency_s,0.052213
1757012135.163,latency_s,0.047356
1757012135.164,latency_s,0.046153
1757012135.173,latency_s,0.048793
1757012135.173,latency_s,0.046481
1757012135.173,latency_s,0.045579
1757012135.201,latency_s,0.047441
1757012135.211,latency_s,0.046160
1757012135.229,latency_s,0.046474
1757012135.235,latency_s,0.046341
1757012135.237,latency_s,0.046970
1757012135.242,latency_s,0.047838
1757012135.242,latency_s,0.048007
1757012135.244,latency_s,0.049669
1757012135.244,latency_s,0.049794
1757012135.244,latency_s,0.049565
1757012135.244,latency_s,0.050123
1757012135.246,latency_s,0.050791
1757012135.265,latency_s,0.049057
1757012135.265,latency_s,0.047083
1757012135.274,latency_s,0.047647
1757012135.274,latency_s,0.047391
1757012135.274,latency_s,0.045288
1757012135.302,latency_s,0.047994
1757012135.312,latency_s,0.046495
1757012135.330,latency_s,0.046455
1757012135.335,latency_s,0.046060
1757012135.338,latency_s,0.046578
1757012135.341,latency_s,0.046166
1757012135.341,latency_s,0.045980
1757012135.344,latency_s,0.049095
1757012135.344,latency_s,0.048991
1757012135.344,latency_s,0.049389
1757012135.344,latency_s,0.048883
1757012135.344,latency_s,0.048718
1757012135.365,latency_s,0.048234
1757012135.366,latency_s,0.047474
1757012135.374,latency_s,0.046605
1757012135.377,latency_s,0.047590
1757012135.378,latency_s,0.048195
1757012135.401,latency_s,0.046543
1757012135.414,latency_s,0.047335
1757012135.432,latency_s,0.047112
1757012135.436,latency_s,0.046786
1757012135.438,latency_s,0.046694
1757012135.443,latency_s,0.047720
1757012135.443,latency_s,0.047907
1757012135.443,latency_s,0.048021
1757012135.446,latency_s,0.050568
1757012135.446,latency_s,0.050936
1757012135.446,latency_s,0.051076
1757012135.446,latency_s,0.049691
1757012135.465,latency_s,0.046931
1757012135.465,latency_s,0.046970
1757012135.475,latency_s,0.046782
1757012135.478,latency_s,0.047402
1757012135.478,latency_s,0.047646
1757012135.503,latency_s,0.047876
1757012135.516,latency_s,0.047264
1757012135.532,latency_s,0.046593
1757012135.536,latency_s,0.046544
1757012135.539,latency_s,0.046516
1757012135.544,latency_s,0.047980
1757012135.545,latency_s,0.048784
1757012135.545,latency_s,0.049176
1757012135.545,latency_s,0.049337
1757012135.546,latency_s,0.050480
1757012135.546,latency_s,0.050275
1757012135.546,latency_s,0.049348
1757012135.566,latency_s,0.047235
1757012135.566,latency_s,0.047297
1757012135.576,latency_s,0.047333
1757012135.579,latency_s,0.047537
1757012135.602,latency_s,0.046458
1757012135.617,latency_s,0.046304
1757012135.632,latency_s,0.046243
1757012135.637,latency_s,0.046020
1757012135.640,latency_s,0.046599
1757012135.642,latency_s,0.046327
1757012135.644,latency_s,0.047975
1757012135.644,latency_s,0.048156
1757012135.645,latency_s,0.047482
1757012135.645,latency_s,0.047624
1757012135.645,latency_s,0.047170
1757012135.647,latency_s,0.049184
1757012135.667,latency_s,0.046643
1757012135.668,latency_s,0.047192
1757012135.677,latency_s,0.046656
1757012135.680,latency_s,0.047453
1757012135.703,latency_s,0.046935
1757012135.717,latency_s,0.046096
1757012135.722,latency_s,0.190689
1757012135.722,latency_s,0.089437
1757012135.731,latency_s,0.045273
1757012135.738,latency_s,0.046566
1757012135.740,latency_s,0.045999
1757012135.745,latency_s,0.048255
1757012135.745,latency_s,0.047987
1757012135.745,latency_s,0.048228
1757012135.745,latency_s,0.047496
1757012135.745,latency_s,0.047555
1757012135.747,latency_s,0.048913
1757012135.747,latency_s,0.048954
1757012135.767,latency_s,0.046536
1757012135.775,latency_s,0.046737
1757012135.776,latency_s,0.046208
1757012135.782,latency_s,0.048540
1757012135.782,latency_s,0.048549
1757012135.803,latency_s,0.046652
1757012135.818,latency_s,0.046569
1757012135.834,latency_s,0.047127
1757012135.838,latency_s,0.045904
1757012135.841,latency_s,0.045757
1757012135.844,latency_s,0.046101
1757012135.845,latency_s,0.046804
1757012135.845,latency_s,0.047677
1757012135.849,latency_s,0.050944
1757012135.850,latency_s,0.051423
1757012135.850,latency_s,0.050965
1757012135.850,latency_s,0.051912
1757012135.866,latency_s,0.046191
1757012135.877,latency_s,0.046241
1757012135.879,latency_s,0.046814
1757012135.881,latency_s,0.046260
1757012135.882,latency_s,0.047459
1757012135.903,latency_s,0.046243
1757012135.918,latency_s,0.046266
1757012135.935,latency_s,0.046706
1757012135.939,latency_s,0.046618
1757012135.942,latency_s,0.046258
1757012135.945,latency_s,0.046351
1757012135.945,latency_s,0.046247
1757012135.947,latency_s,0.048294
1757012135.947,latency_s,0.048139
1757012135.949,latency_s,0.049761
1757012135.949,latency_s,0.049919
1757012135.949,latency_s,0.050339
1757012135.968,latency_s,0.046726
1757012135.980,latency_s,0.047909
1757012135.981,latency_s,0.048948
1757012135.981,latency_s,0.046584
1757012135.982,latency_s,0.047085
1757012136.004,latency_s,0.046612
1757012136.020,latency_s,0.046310
1757012136.035,latency_s,0.046241
1757012136.042,latency_s,0.048078
1757012136.042,latency_s,0.046227
1757012136.049,latency_s,0.049448
1757012136.049,latency_s,0.049535
1757012136.049,latency_s,0.049572
1757012136.049,latency_s,0.049293
1757012136.049,latency_s,0.049355
1757012136.049,latency_s,0.049948
1757012136.049,latency_s,0.049340
1757012136.069,latency_s,0.046098
1757012136.082,latency_s,0.048951
1757012136.082,latency_s,0.049345
1757012136.083,latency_s,0.047299
1757012136.083,latency_s,0.047186
1757012136.104,latency_s,0.046148
1757012136.121,latency_s,0.046515
1757012136.136,latency_s,0.047495
1757012136.141,latency_s,0.046945
1757012136.143,latency_s,0.046689
1757012136.146,latency_s,0.046753
1757012136.150,latency_s,0.051046
1757012136.151,latency_s,0.051162
1757012136.151,latency_s,0.050416
1757012136.151,latency_s,0.050756
1757012136.151,latency_s,0.051062
1757012136.170,latency_s,0.047356
1757012136.181,latency_s,0.046780
1757012136.185,latency_s,0.048562
1757012136.185,latency_s,0.048389
1757012136.206,latency_s,0.046273
1757012136.222,latency_s,0.047135
1757012136.236,latency_s,0.045832
1757012136.244,latency_s,0.049264
1757012136.245,latency_s,0.047895
1757012136.247,latency_s,0.045892
1757012136.249,latency_s,0.046895
1757012136.249,latency_s,0.047398
1757012136.249,latency_s,0.047313
1757012136.251,latency_s,0.048036
1757012136.251,latency_s,0.048178
1757012136.269,latency_s,0.046166
1757012136.282,latency_s,0.046306
1757012136.284,latency_s,0.047202
1757012136.284,latency_s,0.046932
1757012136.292,latency_s,0.191906
1757012136.292,latency_s,0.091181
1757012136.306,latency_s,0.046493
1757012136.324,latency_s,0.048096
1757012136.324,latency_s,0.190674
1757012136.324,latency_s,0.090472
1757012136.337,latency_s,0.045768
1757012136.341,latency_s,0.045922
1757012136.343,latency_s,0.045918
1757012136.348,latency_s,0.046418
1757012136.348,latency_s,0.046362
1757012136.350,latency_s,0.047667
1757012136.350,latency_s,0.047761
1757012136.351,latency_s,0.047933
1757012136.351,latency_s,0.047112
1757012136.352,latency_s,0.048254
1757012136.371,latency_s,0.045988
1757012136.380,latency_s,0.046099
1757012136.382,latency_s,0.046268
1757012136.382,latency_s,0.045513
1757012136.384,latency_s,0.046866
1757012136.407,latency_s,0.047036
1757012136.424,latency_s,0.047208
1757012136.439,latency_s,0.047797
1757012136.442,latency_s,0.046683
1757012136.444,latency_s,0.046500
1757012136.451,latency_s,0.048779
1757012136.452,latency_s,0.049701
1757012136.453,latency_s,0.049755
1757012136.453,latency_s,0.050168
1757012136.453,latency_s,0.049196
1757012136.453,latency_s,0.049244
1757012136.453,latency_s,0.049029
1757012136.472,latency_s,0.046368
1757012136.481,latency_s,0.046428
1757012136.484,latency_s,0.047019
1757012136.489,latency_s,0.050860
1757012136.490,latency_s,0.051729
1757012136.507,latency_s,0.046576
1757012136.526,latency_s,0.047017
1757012136.539,latency_s,0.047159
1757012136.542,latency_s,0.046371
1757012136.545,latency_s,0.046042
1757012136.550,latency_s,0.047555
1757012136.550,latency_s,0.047044
1757012136.551,latency_s,0.047594
1757012136.551,latency_s,0.048109
1757012136.551,latency_s,0.047368
1757012136.553,latency_s,0.048797
1757012136.554,latency_s,0.048926
1757012136.572,latency_s,0.046732
1757012136.581,latency_s,0.046278
1757012136.583,latency_s,0.046132
1757012136.586,latency_s,0.046441
1757012136.587,latency_s,0.045880
1757012136.610,latency_s,0.047727
1757012136.627,latency_s,0.046682
1757012136.639,latency_s,0.045997
1757012136.642,latency_s,0.045598
1757012136.646,latency_s,0.046966
1757012136.652,latency_s,0.048060
1757012136.652,latency_s,0.047986
1757012136.652,latency_s,0.047518
1757012136.652,latency_s,0.048086
1757012136.652,latency_s,0.047698
1757012136.653,latency_s,0.047680
1757012136.654,latency_s,0.048896
1757012136.672,latency_s,0.046072
1757012136.682,latency_s,0.046871
1757012136.684,latency_s,0.046235
1757012136.687,latency_s,0.046819
1757012136.688,latency_s,0.046648
1757012136.708,latency_s,0.045623
1757012136.728,latency_s,0.047190
1757012136.740,latency_s,0.046095
1757012136.742,latency_s,0.045762
1757012136.745,latency_s,0.046076
1757012136.753,latency_s,0.049261
1757012136.753,latency_s,0.048972
1757012136.753,latency_s,0.049272
1757012136.753,latency_s,0.048649
1757012136.753,latency_s,0.048282
1757012136.753,latency_s,0.048144
1757012136.753,latency_s,0.047787
1757012136.774,latency_s,0.046412
1757012136.782,latency_s,0.045840
1757012136.784,latency_s,0.046008
1757012136.787,latency_s,0.047181
1757012136.789,latency_s,0.047383
1757012136.812,latency_s,0.047062
1757012136.829,latency_s,0.046948
1757012136.841,latency_s,0.046701
1757012136.843,latency_s,0.046001
1757012136.846,latency_s,0.046081
1757012136.851,latency_s,0.045901
1757012136.853,latency_s,0.047879
1757012136.853,latency_s,0.047880
1757012136.853,latency_s,0.046918
1757012136.855,latency_s,0.049658
1757012136.855,latency_s,0.049399
1757012136.855,latency_s,0.050071
1757012136.875,latency_s,0.046275
1757012136.883,latency_s,0.046838
1757012136.886,latency_s,0.046886
1757012136.889,latency_s,0.047553
1757012136.889,latency_s,0.046477
1757012136.912,latency_s,0.047123
1757012136.930,latency_s,0.046182
1757012136.941,latency_s,0.046049
1757012136.943,latency_s,0.046018
1757012136.947,latency_s,0.045958
1757012136.952,latency_s,0.047423
1757012136.953,latency_s,0.047112
1757012136.953,latency_s,0.047238
1757012136.953,latency_s,0.047955
1757012136.954,latency_s,0.048341
1757012136.954,latency_s,0.048972
1757012136.955,latency_s,0.048359
1757012136.975,latency_s,0.046411
1757012136.983,latency_s,0.046879
1757012136.985,latency_s,0.046011
1757012136.990,latency_s,0.046861
1757012136.991,latency_s,0.047888
1757012137.012,latency_s,0.046142
1757012137.030,latency_s,0.046355
1757012137.042,latency_s,0.046328
1757012137.043,latency_s,0.045509
1757012137.047,latency_s,0.046536
1757012137.053,latency_s,0.046548
1757012137.053,latency_s,0.046525
1757012137.053,latency_s,0.046849
1757012137.055,latency_s,0.047765
1757012137.055,latency_s,0.047469
1757012137.055,latency_s,0.047812
1757012137.056,latency_s,0.048355
1757012137.076,latency_s,0.047300
1757012137.084,latency_s,0.046284
1757012137.085,latency_s,0.045755
1757012137.089,latency_s,0.046422
1757012137.090,latency_s,0.046821
1757012137.118,latency_s,0.048260
1757012137.133,latency_s,0.046215
1757012137.143,latency_s,0.046566
1757012137.144,latency_s,0.046603
1757012137.148,latency_s,0.046695
1757012137.155,latency_s,0.048131
1757012137.156,latency_s,0.048912
1757012137.156,latency_s,0.048586
1757012137.156,latency_s,0.048205
1757012137.158,latency_s,0.049642
1757012137.158,latency_s,0.049448
1757012137.158,latency_s,0.048978
1757012137.175,latency_s,0.046120
1757012137.184,latency_s,0.046166
1757012137.187,latency_s,0.046407
1757012137.191,latency_s,0.046486
1757012137.191,latency_s,0.045820
1757012137.220,latency_s,0.046653
1757012137.235,latency_s,0.046729
1757012137.244,latency_s,0.046392
1757012137.244,latency_s,0.046168
1757012137.249,latency_s,0.046427
1757012137.253,latency_s,0.046087
1757012137.253,latency_s,0.046113
1757012137.257,latency_s,0.048717
1757012137.257,latency_s,0.048734
1757012137.257,latency_s,0.048645
1757012137.257,latency_s,0.046799
1757012137.257,latency_s,0.046729
1757012137.276,latency_s,0.046860
1757012137.286,latency_s,0.047158
1757012137.289,latency_s,0.047933
1757012137.293,latency_s,0.047478
1757012137.293,latency_s,0.048164
1757012137.328,latency_s,0.047258
1757012137.334,latency_s,0.045817
1757012137.345,latency_s,0.047701
1757012137.345,latency_s,0.047487
1757012137.349,latency_s,0.045762
1757012137.353,latency_s,0.045929
1757012137.354,latency_s,0.046550
1757012137.355,latency_s,0.046272
1757012137.355,latency_s,0.046565
1757012137.357,latency_s,0.047997
1757012137.357,latency_s,0.046179
1757012137.357,latency_s,0.046386
1757012137.376,latency_s,0.046050
1757012137.385,latency_s,0.046157
1757012137.388,latency_s,0.046320
1757012137.392,latency_s,0.047323
1757012137.392,latency_s,0.046885
1757012137.431,latency_s,0.046814
1757012137.436,latency_s,0.046691
1757012137.444,latency_s,0.046586
1757012137.445,latency_s,0.046632
1757012137.450,latency_s,0.046544
1757012137.456,latency_s,0.048279
1757012137.456,latency_s,0.048415
1757012137.456,latency_s,0.047053
1757012137.459,latency_s,0.049284
1757012137.459,latency_s,0.048916
1757012137.459,latency_s,0.047380
1757012137.459,latency_s,0.047361
1757012137.476,latency_s,0.046141
1757012137.486,latency_s,0.045948
1757012137.490,latency_s,0.046927
1757012137.495,latency_s,0.047475
1757012137.495,latency_s,0.048197
1757012137.538,latency_s,0.047255
1757012137.538,latency_s,0.047355
1757012137.545,latency_s,0.046809
1757012137.545,latency_s,0.046566
1757012137.559,latency_s,0.050027
1757012137.559,latency_s,0.050238
1757012137.559,latency_s,0.049910
1757012137.559,latency_s,0.049446
1757012137.559,latency_s,0.049456
1757012137.559,latency_s,0.049316
1757012137.560,latency_s,0.046936
1757012137.560,latency_s,0.046960
1757012137.577,latency_s,0.045902
1757012137.587,latency_s,0.046176
1757012137.591,latency_s,0.047095
1757012137.594,latency_s,0.046723
1757012137.595,latency_s,0.046981
1757012137.637,latency_s,0.046407
1757012137.639,latency_s,0.047839
1757012137.644,latency_s,0.046251
1757012137.645,latency_s,0.046425
1757012137.660,latency_s,0.051072
1757012137.660,latency_s,0.050928
1757012137.660,latency_s,0.050546
1757012137.660,latency_s,0.050342
1757012137.660,latency_s,0.049799
1757012137.660,latency_s,0.049806
1757012137.660,latency_s,0.046882
1757012137.660,latency_s,0.046808
1757012137.677,latency_s,0.046431
1757012137.688,latency_s,0.046114
1757012137.691,latency_s,0.046195
1757012137.695,latency_s,0.047220
1757012137.695,latency_s,0.047545
1757012137.739,latency_s,0.047672
1757012137.739,latency_s,0.047799
1757012137.747,latency_s,0.047036
1757012137.747,latency_s,0.047331
1757012137.758,latency_s,0.048511
1757012137.758,latency_s,0.048389
1757012137.758,latency_s,0.047960
1757012137.760,latency_s,0.049871
1757012137.760,latency_s,0.049065
1757012137.760,latency_s,0.049133
1757012137.760,latency_s,0.046256
1757012137.760,latency_s,0.046012
1757012137.778,latency_s,0.045901
1757012137.791,latency_s,0.048041
1757012137.793,latency_s,0.048131
1757012137.795,latency_s,0.046779
1757012137.795,latency_s,0.046929
1757012137.839,latency_s,0.046923
1757012137.839,latency_s,0.047410
1757012137.847,latency_s,0.047145
1757012137.847,latency_s,0.047075
1757012137.858,latency_s,0.047210
1757012137.859,latency_s,0.048024
1757012137.859,latency_s,0.048433
1757012137.859,latency_s,0.048437
1757012137.861,latency_s,0.050419
1757012137.861,latency_s,0.050480
1757012137.862,latency_s,0.047770
1757012137.863,latency_s,0.046648
1757012137.879,latency_s,0.046210
1757012137.892,latency_s,0.048653
1757012137.892,latency_s,0.046881
1757012137.897,latency_s,0.048488
1757012137.897,latency_s,0.048416
1757012137.940,latency_s,0.047823
1757012137.940,latency_s,0.048167
1757012137.947,latency_s,0.047516
1757012137.948,latency_s,0.047421
1757012137.957,latency_s,0.046346
1757012137.961,latency_s,0.049687
1757012137.961,latency_s,0.049699
1757012137.961,latency_s,0.049686
1757012137.961,latency_s,0.049795
1757012137.961,latency_s,0.049774
1757012137.962,latency_s,0.046737
1757012137.962,latency_s,0.045865
1757012137.980,latency_s,0.047057
1757012137.991,latency_s,0.046558
1757012137.993,latency_s,0.046660
1757012137.996,latency_s,0.046239
1757012137.997,latency_s,0.045644
1757012138.040,latency_s,0.047415
1757012138.040,latency_s,0.047850
1757012138.047,latency_s,0.046849
1757012138.049,latency_s,0.046996
1757012138.061,latency_s,0.049753
1757012138.061,latency_s,0.049513
1757012138.061,latency_s,0.049421
1757012138.061,latency_s,0.049141
1757012138.062,latency_s,0.049624
1757012138.062,latency_s,0.049501
1757012138.062,latency_s,0.045863
1757012138.063,latency_s,0.045700
1757012138.080,latency_s,0.046406
1757012138.091,latency_s,0.046282
1757012138.094,latency_s,0.046682
1757012138.096,latency_s,0.046479
1757012138.098,latency_s,0.046068
1757012138.139,latency_s,0.045885
1757012138.139,latency_s,0.046058
1757012138.148,latency_s,0.046519
1757012138.149,latency_s,0.046061
1757012138.158,latency_s,0.045791
1757012138.161,latency_s,0.049452
1757012138.162,latency_s,0.048649
1757012138.162,latency_s,0.049108
1757012138.162,latency_s,0.049026
1757012138.162,latency_s,0.048796
1757012138.162,latency_s,0.045319
1757012138.164,latency_s,0.046288
1757012138.181,latency_s,0.046150
1757012138.194,latency_s,0.047276
1757012138.194,latency_s,0.046404
1757012138.196,latency_s,0.046238
1757012138.199,latency_s,0.046543
1757012138.241,latency_s,0.046433
1757012138.241,latency_s,0.046319
1757012138.249,latency_s,0.046903
1757012138.251,latency_s,0.045882
1757012138.264,latency_s,0.051444
1757012138.264,latency_s,0.051110
1757012138.264,latency_s,0.051456
1757012138.264,latency_s,0.050703
1757012138.264,latency_s,0.049132
1757012138.264,latency_s,0.049190
1757012138.264,latency_s,0.047291
1757012138.264,latency_s,0.046197
1757012138.282,latency_s,0.046237
1757012138.293,latency_s,0.045814
1757012138.294,latency_s,0.045923
1757012138.298,latency_s,0.047565
1757012138.299,latency_s,0.045856
1757012138.341,latency_s,0.046809
1757012138.342,latency_s,0.046317
1757012138.349,latency_s,0.046405
1757012138.352,latency_s,0.046023
1757012138.360,latency_s,0.046623
1757012138.360,latency_s,0.046797
1757012138.361,latency_s,0.047264
1757012138.361,latency_s,0.047528
1757012138.362,latency_s,0.046106
1757012138.362,latency_s,0.046173
1757012138.365,latency_s,0.046568
1757012138.365,latency_s,0.046481
1757012138.384,latency_s,0.047495
1757012138.396,latency_s,0.047722
1757012138.396,latency_s,0.046937
1757012138.397,latency_s,0.046768
1757012138.401,latency_s,0.046403
1757012138.443,latency_s,0.047108
1757012138.443,latency_s,0.047211
1757012138.449,latency_s,0.045774
1757012138.454,latency_s,0.046005
1757012138.459,latency_s,0.045474
1757012138.461,latency_s,0.046746
1757012138.461,latency_s,0.047027
1757012138.463,latency_s,0.047377
1757012138.463,latency_s,0.046478
1757012138.463,latency_s,0.046206
1757012138.465,latency_s,0.045352
1757012138.466,latency_s,0.045845
1757012138.483,latency_s,0.046392
1757012138.499,latency_s,0.050394
1757012138.499,latency_s,0.049733
1757012138.499,latency_s,0.048191
1757012138.500,latency_s,0.045684
1757012138.543,latency_s,0.046551
1757012138.543,latency_s,0.046515
1757012138.551,latency_s,0.046516
1757012138.554,latency_s,0.045822
1757012138.563,latency_s,0.048038
1757012138.563,latency_s,0.048115
1757012138.563,latency_s,0.048045
1757012138.563,latency_s,0.047320
1757012138.563,latency_s,0.046541
1757012138.565,latency_s,0.047784
1757012138.566,latency_s,0.046167
1757012138.567,latency_s,0.046048
1757012138.584,latency_s,0.046421
1757012138.595,latency_s,0.046753
1757012138.595,latency_s,0.045865
1757012138.598,latency_s,0.046639
1757012138.603,latency_s,0.047016
1757012138.645,latency_s,0.047321
1757012138.645,latency_s,0.047417
1757012138.651,latency_s,0.046313
1757012138.656,latency_s,0.046711
1757012138.662,latency_s,0.046145
1757012138.663,latency_s,0.047449
1757012138.663,latency_s,0.047467
1757012138.663,latency_s,0.046955
1757012138.665,latency_s,0.048102
1757012138.665,latency_s,0.048127
1757012138.666,latency_s,0.046606
1757012138.669,latency_s,0.047045
1757012138.684,latency_s,0.045690
1757012138.696,latency_s,0.047201
1757012138.696,latency_s,0.046342
1757012138.699,latency_s,0.046415
1757012138.703,latency_s,0.046422
1757012138.745,latency_s,0.047325
1757012138.745,latency_s,0.047535
1757012138.751,latency_s,0.045912
1757012138.757,latency_s,0.046098
1757012138.762,latency_s,0.046263
1757012138.763,latency_s,0.046927
1757012138.766,latency_s,0.050079
1757012138.767,latency_s,0.049659
1757012138.767,latency_s,0.049055
1757012138.767,latency_s,0.049443
1757012138.767,latency_s,0.047062
1757012138.768,latency_s,0.045493
1757012138.786,latency_s,0.046144
1757012138.797,latency_s,0.047575
1757012138.798,latency_s,0.046841
1757012138.799,latency_s,0.046228
1757012138.803,latency_s,0.046226
1757012138.846,latency_s,0.047112
1757012138.846,latency_s,0.047109
1757012138.852,latency_s,0.046331
1757012138.859,latency_s,0.046072
1757012138.863,latency_s,0.046655
1757012138.865,latency_s,0.046478
1757012138.865,latency_s,0.046753
1757012138.865,latency_s,0.046690
1757012138.867,latency_s,0.049056
1757012138.867,latency_s,0.048556
1757012138.867,latency_s,0.047157
1757012138.869,latency_s,0.045735
1757012138.886,latency_s,0.046365
1757012138.897,latency_s,0.046971
1757012138.897,latency_s,0.046113
1757012138.899,latency_s,0.045944
1757012138.904,latency_s,0.046728
1757012138.945,latency_s,0.046611
1757012138.946,latency_s,0.045776
1757012138.954,latency_s,0.046420
1757012138.959,latency_s,0.045391
1757012138.963,latency_s,0.046524
1757012138.967,latency_s,0.048333
1757012138.967,latency_s,0.048503
1757012138.967,latency_s,0.047981
1757012138.967,latency_s,0.048580
1757012138.967,latency_s,0.048393
1757012138.968,latency_s,0.047520
1757012138.970,latency_s,0.046276
1757012138.987,latency_s,0.046590
1757012138.998,latency_s,0.047100
1757012138.998,latency_s,0.046805
1757012139.000,latency_s,0.046166
1757012139.004,latency_s,0.046748
1757012139.049,latency_s,0.048575
1757012139.095,latency_s,0.094482
1757012139.095,latency_s,0.087330
1757012139.095,latency_s,0.080804
1757012139.095,latency_s,0.078900
1757012139.095,latency_s,0.076737
1757012139.095,latency_s,0.076567
1757012139.096,latency_s,0.076588
1757012139.096,latency_s,0.076233
1757012139.096,latency_s,0.076853
1757012139.096,latency_s,0.074839
1757012139.096,latency_s,0.070974
1757012139.096,latency_s,0.054182
1757012139.099,latency_s,0.047747
1757012139.099,latency_s,0.047642
1757012139.103,latency_s,0.048568
1757012139.105,latency_s,0.046849
1757012139.147,latency_s,0.046801
1757012139.147,latency_s,0.046203
1757012139.157,latency_s,0.047454
1757012139.162,latency_s,0.046425
1757012139.162,latency_s,0.045636
1757012139.167,latency_s,0.047397
1757012139.167,latency_s,0.047259
1757012139.167,latency_s,0.047364
1757012139.169,latency_s,0.048507
1757012139.182,latency_s,0.061620
1757012139.182,latency_s,0.060923
1757012139.182,latency_s,0.055894
1757012139.190,latency_s,0.046826
1757012139.199,latency_s,0.047726
1757012139.200,latency_s,0.048068
1757012139.200,latency_s,0.045038
1757012139.207,latency_s,0.047881
1757012139.248,latency_s,0.047241
1757012139.248,latency_s,0.046576
1757012139.256,latency_s,0.046581
1757012139.263,latency_s,0.045946
1757012139.264,latency_s,0.047235
1757012139.266,latency_s,0.046463
1757012139.267,latency_s,0.046108
1757012139.268,latency_s,0.048106
1757012139.269,latency_s,0.047769
1757012139.269,latency_s,0.048072
1757012139.270,latency_s,0.048790
1757012139.283,latency_s,0.054880
1757012139.293,latency_s,0.048847
1757012139.298,latency_s,0.045813
1757012139.302,latency_s,0.046358
1757012139.303,latency_s,0.047126
1757012139.305,latency_s,0.045924
1757012139.349,latency_s,0.046894
1757012139.349,latency_s,0.045920
1757012139.357,latency_s,0.046539
1757012139.363,latency_s,0.045454
1757012139.365,latency_s,0.046863
1757012139.367,latency_s,0.047009
1757012139.367,latency_s,0.046696
1757012139.368,latency_s,0.046665
1757012139.369,latency_s,0.047837
1757012139.369,latency_s,0.047761
1757012139.370,latency_s,0.048798
1757012139.382,latency_s,0.050866
1757012139.392,latency_s,0.046811
1757012139.399,latency_s,0.046051
1757012139.406,latency_s,0.049600
1757012139.406,latency_s,0.049469
1757012139.407,latency_s,0.046851
1757012139.452,latency_s,0.048681
1757012139.452,latency_s,0.046816
1757012139.457,latency_s,0.046057
1757012139.464,latency_s,0.045982
1757012139.471,latency_s,0.049971
1757012139.471,latency_s,0.049767
1757012139.471,latency_s,0.049556
1757012139.471,latency_s,0.049672
1757012139.471,latency_s,0.048835
1757012139.472,latency_s,0.047812
1757012139.472,latency_s,0.047887
1757012139.477,latency_s,0.045879
1757012139.491,latency_s,0.045989
1757012139.499,latency_s,0.046264
1757012139.508,latency_s,0.050274
1757012139.508,latency_s,0.050541
1757012139.509,latency_s,0.048589
1757012139.552,latency_s,0.047734
1757012139.554,latency_s,0.047381
1757012139.559,latency_s,0.047726
1757012139.565,latency_s,0.046591
1757012139.568,latency_s,0.046256
1757012139.569,latency_s,0.046172
1757012139.571,latency_s,0.047956
1757012139.572,latency_s,0.049206
1757012139.572,latency_s,0.048810
1757012139.572,latency_s,0.047899
1757012139.572,latency_s,0.048047
1757012139.579,latency_s,0.045873
1757012139.595,latency_s,0.048588
1757012139.600,latency_s,0.046619
1757012139.609,latency_s,0.049247
1757012139.609,latency_s,0.049216
1757012139.609,latency_s,0.048659
1757012139.651,latency_s,0.046505
1757012139.654,latency_s,0.045949
1757012139.658,latency_s,0.046314
1757012139.666,latency_s,0.045923
1757012139.669,latency_s,0.046615
1757012139.669,latency_s,0.045780
1757012139.670,latency_s,0.046898
1757012139.670,latency_s,0.046925
1757012139.670,latency_s,0.046266
1757012139.670,latency_s,0.045835
1757012139.683,latency_s,0.046990
1757012139.701,latency_s,0.046708
1757012139.706,latency_s,0.046140
1757012139.708,latency_s,0.047827
1757012139.708,latency_s,0.047300
1757012139.751,latency_s,0.046415
1757012139.755,latency_s,0.046321
1757012139.760,latency_s,0.047364
1757012139.767,latency_s,0.046297
1757012139.769,latency_s,0.046157
1757012139.770,latency_s,0.046976
1757012139.773,latency_s,0.047619
1757012139.773,latency_s,0.047690
1757012139.773,latency_s,0.047467
1757012139.773,latency_s,0.047654
1757012139.788,latency_s,0.046143
1757012139.800,latency_s,0.046118
1757012139.812,latency_s,0.049581
1757012139.812,latency_s,0.049901
1757012139.812,latency_s,0.049885
1757012139.812,latency_s,0.187858
1757012139.812,latency_s,0.087255
1757012139.837,latency_s,0.189988
1757012139.837,latency_s,0.089784
1757012139.852,latency_s,0.046226
1757012139.855,latency_s,0.046534
1757012139.860,latency_s,0.046548
1757012139.867,latency_s,0.046276
1757012139.871,latency_s,0.046662
1757012139.871,latency_s,0.046696
1757012139.873,latency_s,0.047026
1757012139.873,latency_s,0.046907
1757012139.873,latency_s,0.047435
1757012139.873,latency_s,0.047444
1757012139.874,latency_s,0.047734
1757012139.894,latency_s,0.048043
1757012139.894,latency_s,0.046901
1757012139.902,latency_s,0.047337
1757012139.908,latency_s,0.046034
1757012139.912,latency_s,0.048806
1757012139.912,latency_s,0.048786
1757012139.953,latency_s,0.046822
1757012139.958,latency_s,0.046167
1757012139.960,latency_s,0.046686
1757012139.971,latency_s,0.046771
1757012139.971,latency_s,0.046881
1757012139.973,latency_s,0.046218
1757012139.975,latency_s,0.048416
1757012139.975,latency_s,0.048309
1757012139.975,latency_s,0.048293
1757012139.975,latency_s,0.048732
1757012139.993,latency_s,0.046126
1757012139.994,latency_s,0.046058
1757012140.002,latency_s,0.047024
1757012140.009,latency_s,0.046594
1757012140.011,latency_s,0.047679
1757012140.011,latency_s,0.047749
1757012140.054,latency_s,0.046810
1757012140.060,latency_s,0.046026
1757012140.061,latency_s,0.046796
1757012140.072,latency_s,0.046845
1757012140.072,latency_s,0.046931
1757012140.073,latency_s,0.046492
1757012140.073,latency_s,0.046379
1757012140.076,latency_s,0.048613
1757012140.076,latency_s,0.048653
1757012140.076,latency_s,0.048859
1757012140.095,latency_s,0.047240
1757012140.095,latency_s,0.046348
1757012140.103,latency_s,0.046866
1757012140.106,latency_s,0.184495
1757012140.106,latency_s,0.083349
1757012140.111,latency_s,0.047992
1757012140.112,latency_s,0.047547
1757012140.112,latency_s,0.047690
1757012140.154,latency_s,0.046371
1757012140.162,latency_s,0.047434
1757012140.162,latency_s,0.047322
1757012140.169,latency_s,0.045532
1757012140.174,latency_s,0.047799
1757012140.176,latency_s,0.050002
1757012140.176,latency_s,0.049598
1757012140.177,latency_s,0.049534
1757012140.177,latency_s,0.049361
1757012140.177,latency_s,0.049121
1757012140.177,latency_s,0.049353
1757012140.195,latency_s,0.046278
1757012140.197,latency_s,0.046924
1757012140.204,latency_s,0.046638
1757012140.212,latency_s,0.048230
1757012140.212,latency_s,0.047978
1757012140.213,latency_s,0.048156
1757012140.256,latency_s,0.046934
1757012140.262,latency_s,0.047025
1757012140.262,latency_s,0.046080
1757012140.270,latency_s,0.045988
1757012140.273,latency_s,0.046521
1757012140.274,latency_s,0.046369
1757012140.277,latency_s,0.049497
1757012140.277,latency_s,0.048938
1757012140.277,latency_s,0.048774
1757012140.277,latency_s,0.048983
1757012140.277,latency_s,0.047163
1757012140.296,latency_s,0.046420
1757012140.297,latency_s,0.046402
1757012140.305,latency_s,0.045890
1757012140.312,latency_s,0.047840
1757012140.312,latency_s,0.047196
1757012140.312,latency_s,0.047809
1757012140.358,latency_s,0.047213
1757012140.362,latency_s,0.046453
1757012140.365,latency_s,0.046878
1757012140.370,latency_s,0.045759
1757012140.374,latency_s,0.046709
1757012140.374,latency_s,0.046816
1757012140.376,latency_s,0.048286
1757012140.376,latency_s,0.047681
1757012140.376,latency_s,0.047740
1757012140.378,latency_s,0.049573
1757012140.379,latency_s,0.048722
1757012140.397,latency_s,0.046118
1757012140.399,latency_s,0.045521
1757012140.405,latency_s,0.045815
1757012140.414,latency_s,0.048370
1757012140.414,latency_s,0.048429
1757012140.414,latency_s,0.049028
1757012140.457,latency_s,0.046624
1757012140.462,latency_s,0.046064
1757012140.464,latency_s,0.046075
1757012140.472,latency_s,0.046358
1757012140.478,latency_s,0.050100
1757012140.478,latency_s,0.050051
1757012140.478,latency_s,0.050198
1757012140.478,latency_s,0.049786
1757012140.478,latency_s,0.049472
1757012140.478,latency_s,0.047618
1757012140.478,latency_s,0.047580
1757012140.497,latency_s,0.046151
1757012140.500,latency_s,0.045721
1757012140.507,latency_s,0.046984
1757012140.514,latency_s,0.048412
1757012140.514,latency_s,0.048132
1757012140.514,latency_s,0.048743
1757012140.558,latency_s,0.046614
1757012140.563,latency_s,0.045679
1757012140.566,latency_s,0.046868
1757012140.573,latency_s,0.046213
1757012140.576,latency_s,0.046681
1757012140.577,latency_s,0.047897
1757012140.577,latency_s,0.047873
1757012140.577,latency_s,0.047963
1757012140.577,latency_s,0.046052
1757012140.579,latency_s,0.047213
1757012140.579,latency_s,0.047994
1757012140.598,latency_s,0.045680
1757012140.600,latency_s,0.045842
1757012140.606,latency_s,0.046285
1757012140.612,latency_s,0.045455
1757012140.613,latency_s,0.046655
1757012140.614,latency_s,0.047611
1757012140.658,latency_s,0.046568
1757012140.664,latency_s,0.046315
1757012140.665,latency_s,0.045911
1757012140.673,latency_s,0.045867
1757012140.676,latency_s,0.046182
1757012140.677,latency_s,0.045911
1757012140.678,latency_s,0.045578
1757012140.679,latency_s,0.046720
1757012140.679,latency_s,0.047145
1757012140.680,latency_s,0.047363
1757012140.700,latency_s,0.046638
1757012140.701,latency_s,0.046223
1757012140.707,latency_s,0.046383
1757012140.713,latency_s,0.046075
1757012140.715,latency_s,0.047611
1757012140.715,latency_s,0.048107
1757012140.760,latency_s,0.047623
1757012140.764,latency_s,0.046227
1757012140.767,latency_s,0.045945
1757012140.773,latency_s,0.046143
1757012140.777,latency_s,0.046796
1757012140.777,latency_s,0.045907
1757012140.779,latency_s,0.045660
1757012140.779,latency_s,0.046239
1757012140.781,latency_s,0.047664
1757012140.781,latency_s,0.048115
1757012140.800,latency_s,0.046128
1757012140.803,latency_s,0.046613
1757012140.808,latency_s,0.046527
1757012140.814,latency_s,0.047134
1757012140.815,latency_s,0.047424
1757012140.815,latency_s,0.047338
1757012140.818,latency_s,0.185777
1757012140.818,latency_s,0.085100
1757012140.860,latency_s,0.047377
1757012140.864,latency_s,0.045967
1757012140.870,latency_s,0.046884
1757012140.874,latency_s,0.045576
1757012140.876,latency_s,0.045830
1757012140.877,latency_s,0.045903
1757012140.879,latency_s,0.045166
1757012140.880,latency_s,0.046717
1757012140.881,latency_s,0.046763
1757012140.882,latency_s,0.048410
1757012140.882,latency_s,0.048622
1757012140.901,latency_s,0.046731
1757012140.904,latency_s,0.046166
1757012140.909,latency_s,0.047242
1757012140.914,latency_s,0.046697
1757012140.915,latency_s,0.047074
1757012140.916,latency_s,0.047873
1757012140.962,latency_s,0.048964
1757012140.965,latency_s,0.046329
1757012141.014,latency_s,0.088523
1757012141.014,latency_s,0.085797
1757012141.015,latency_s,0.083917
1757012141.015,latency_s,0.082648
1757012141.015,latency_s,0.080738
1757012141.015,latency_s,0.080422
1757012141.015,latency_s,0.080711
1757012141.015,latency_s,0.080189
1757012141.015,latency_s,0.080641
1757012141.015,latency_s,0.060510
1757012141.015,latency_s,0.056583
1757012141.015,latency_s,0.053438
1757012141.017,latency_s,0.049054
1757012141.017,latency_s,0.048172
1757012141.017,latency_s,0.047777
1757012141.060,latency_s,0.045923
1757012141.066,latency_s,0.047035
1757012141.073,latency_s,0.047354
1757012141.076,latency_s,0.046058
1757012141.077,latency_s,0.046357
1757012141.079,latency_s,0.046073
1757012141.085,latency_s,0.049349
1757012141.085,latency_s,0.049736
1757012141.085,latency_s,0.049613
1757012141.085,latency_s,0.049406
1757012141.093,latency_s,0.055972
1757012141.102,latency_s,0.046652
1757012141.109,latency_s,0.049660
1757012141.110,latency_s,0.047206
1757012141.115,latency_s,0.046883
1757012141.119,latency_s,0.048048
1757012141.119,latency_s,0.048372
1757012141.162,latency_s,0.046414
1757012141.167,latency_s,0.046618
1757012141.173,latency_s,0.045987
1757012141.177,latency_s,0.046827
1757012141.177,latency_s,0.045993
1757012141.219,latency_s,0.083625
1757012141.219,latency_s,0.083253
1757012141.219,latency_s,0.083335
1757012141.219,latency_s,0.083507
1757012141.219,latency_s,0.082816
1757012141.219,latency_s,0.078997
1757012141.219,latency_s,0.062531
1757012141.219,latency_s,0.058148
1757012141.219,latency_s,0.056251
1757012141.219,latency_s,0.049932
1757012141.221,latency_s,0.047342
1757012141.221,latency_s,0.047468
1757012141.263,latency_s,0.046318
1757012141.268,latency_s,0.046259
1757012141.278,latency_s,0.046809
1757012141.278,latency_s,0.046689
1757012141.278,latency_s,0.047056
1757012141.283,latency_s,0.046354
1757012141.297,latency_s,0.060570
1757012141.297,latency_s,0.060764
1757012141.297,latency_s,0.060652
1757012141.297,latency_s,0.060885
1757012141.297,latency_s,0.054386
1757012141.305,latency_s,0.047968
1757012141.315,latency_s,0.051556
1757012141.315,latency_s,0.051341
1757012141.317,latency_s,0.046448
1757012141.321,latency_s,0.047472
1757012141.321,latency_s,0.047662
1757012141.364,latency_s,0.047176
1757012141.369,latency_s,0.046483
1757012141.380,latency_s,0.047953
1757012141.380,latency_s,0.047920
1757012141.380,latency_s,0.047854
1757012141.385,latency_s,0.048271
1757012141.385,latency_s,0.048110
1757012141.385,latency_s,0.047450
1757012141.400,latency_s,0.062261
1757012141.400,latency_s,0.062361
1757012141.400,latency_s,0.056565
1757012141.417,latency_s,0.059470
1757012141.417,latency_s,0.052680
1757012141.417,latency_s,0.052286
1757012141.417,latency_s,0.046391
1757012141.422,latency_s,0.047544
1757012141.422,latency_s,0.047864
1757012141.465,latency_s,0.046840
1757012141.469,latency_s,0.046187
1757012141.481,latency_s,0.048501
1757012141.482,latency_s,0.048980
1757012141.483,latency_s,0.049898
1757012141.487,latency_s,0.048914
1757012141.487,latency_s,0.048928
1757012141.487,latency_s,0.048556
1757012141.500,latency_s,0.061524
1757012141.500,latency_s,0.061671
1757012141.500,latency_s,0.056376
1757012141.518,latency_s,0.059499
1757012141.518,latency_s,0.053730
1757012141.518,latency_s,0.052820
1757012141.520,latency_s,0.048903
1757012141.523,latency_s,0.047369
1757012141.523,latency_s,0.048324
1757012141.565,latency_s,0.047196
1757012141.569,latency_s,0.045843
1757012141.579,latency_s,0.046350
1757012141.580,latency_s,0.046875
1757012141.580,latency_s,0.046977
1757012141.588,latency_s,0.049150
1757012141.588,latency_s,0.048930
1757012141.588,latency_s,0.048982
1757012141.589,latency_s,0.049029
1757012141.601,latency_s,0.061077
1757012141.601,latency_s,0.056603
1757012141.616,latency_s,0.056532
1757012141.616,latency_s,0.051224
1757012141.616,latency_s,0.048290
1757012141.619,latency_s,0.046658
1757012141.624,latency_s,0.048822
1757012141.624,latency_s,0.048370
1757012141.665,latency_s,0.046685
1757012141.670,latency_s,0.046008
1757012141.682,latency_s,0.047463
1757012141.682,latency_s,0.047453
1757012141.682,latency_s,0.047548
1757012141.687,latency_s,0.047939
1757012141.687,latency_s,0.047595
1757012141.688,latency_s,0.047599
1757012141.688,latency_s,0.048100
1757012141.688,latency_s,0.047848
1757012141.692,latency_s,0.046206
1757012141.706,latency_s,0.046256
1757012141.718,latency_s,0.052482
1757012141.718,latency_s,0.047573
1757012141.719,latency_s,0.045859
1757012141.723,latency_s,0.047185
1757012141.723,latency_s,0.046846
1757012141.765,latency_s,0.045684
1757012141.771,latency_s,0.046457
1757012141.782,latency_s,0.046490
1757012141.784,latency_s,0.047710
1757012141.784,latency_s,0.047427
1757012141.786,latency_s,0.046018
1757012141.789,latency_s,0.048401
1757012141.789,latency_s,0.048725
1757012141.789,latency_s,0.048709
1757012141.789,latency_s,0.048870
1757012141.794,latency_s,0.046079
1757012141.807,latency_s,0.046514
1757012141.812,latency_s,0.045755
1757012141.820,latency_s,0.047815
1757012141.821,latency_s,0.046765
1757012141.825,latency_s,0.048146
1757012141.825,latency_s,0.047891
1757012141.868,latency_s,0.047413
1757012141.871,latency_s,0.046192
1757012141.882,latency_s,0.046440
1757012141.884,latency_s,0.046465
1757012141.884,latency_s,0.045916
1757012141.889,latency_s,0.048126
1757012141.889,latency_s,0.048211
1757012141.889,latency_s,0.047995
1757012141.889,latency_s,0.048008
1757012141.890,latency_s,0.049874
1757012141.895,latency_s,0.046705
1757012141.908,latency_s,0.046718
1757012141.913,latency_s,0.046248
1757012141.920,latency_s,0.046538
1757012141.922,latency_s,0.047373
1757012141.924,latency_s,0.047107
1757012141.924,latency_s,0.047288
1757012141.968,latency_s,0.046753
1757012141.971,latency_s,0.045771
1757012141.983,latency_s,0.046681
1757012141.985,latency_s,0.046425
1757012141.986,latency_s,0.045744
1757012141.988,latency_s,0.047322
1757012141.988,latency_s,0.047349
1757012141.988,latency_s,0.047007
1757012141.989,latency_s,0.048545
1757012141.990,latency_s,0.047894
1757012141.995,latency_s,0.046037
1757012142.008,latency_s,0.046316
1757012142.013,latency_s,0.045862
1757012142.021,latency_s,0.047041
1757012142.021,latency_s,0.046326
1757012142.023,latency_s,0.046199
1757012142.024,latency_s,0.046197
1757012142.068,latency_s,0.046951
1757012142.072,latency_s,0.046397
1757012142.084,latency_s,0.046126
1757012142.087,latency_s,0.046121
1757012142.092,latency_s,0.050486
1757012142.092,latency_s,0.050099
1757012142.092,latency_s,0.050423
1757012142.092,latency_s,0.049654
1757012142.092,latency_s,0.050231
1757012142.092,latency_s,0.050492
1757012142.097,latency_s,0.045882
1757012142.109,latency_s,0.047067
1757012142.115,latency_s,0.046298
1757012142.126,latency_s,0.048284
1757012142.127,latency_s,0.048135
1757012142.127,latency_s,0.048212
1757012142.128,latency_s,0.046760
1757012142.169,latency_s,0.047439
1757012142.173,latency_s,0.046584
1757012142.188,latency_s,0.047130
1757012142.188,latency_s,0.047068
1757012142.188,latency_s,0.046737
1757012142.193,latency_s,0.050771
1757012142.193,latency_s,0.050882
1757012142.193,latency_s,0.050287
1757012142.193,latency_s,0.051258
1757012142.203,latency_s,0.046781
1757012142.210,latency_s,0.046831
1757012142.215,latency_s,0.045834
1757012142.227,latency_s,0.048642
1757012142.227,latency_s,0.048240
1757012142.229,latency_s,0.046923
1757012142.270,latency_s,0.047168
1757012142.274,latency_s,0.046619
1757012142.288,latency_s,0.046632
1757012142.288,latency_s,0.046472
1757012142.290,latency_s,0.047700
1757012142.292,latency_s,0.050238
1757012142.292,latency_s,0.050325
1757012142.292,latency_s,0.050164
1757012142.292,latency_s,0.048349
1757012142.303,latency_s,0.046367
1757012142.309,latency_s,0.046075
1757012142.315,latency_s,0.045906
1757012142.326,latency_s,0.046726
1757012142.328,latency_s,0.048342
1757012142.328,latency_s,0.046200
1757012142.330,latency_s,0.186661
1757012142.330,latency_s,0.086415
1757012142.371,latency_s,0.191735
1757012142.371,latency_s,0.047758
1757012142.371,latency_s,0.091659
1757012142.375,latency_s,0.046836
1757012142.388,latency_s,0.046219
1757012142.388,latency_s,0.046145
1757012142.390,latency_s,0.047911
1757012142.390,latency_s,0.047786
1757012142.390,latency_s,0.048042
1757012142.392,latency_s,0.049206
1757012142.392,latency_s,0.046944
1757012142.392,latency_s,0.047055
1757012142.403,latency_s,0.045402
1757012142.410,latency_s,0.046733
1757012142.415,latency_s,0.045456
1757012142.428,latency_s,0.047994
1757012142.428,latency_s,0.047001
1757012142.429,latency_s,0.046894
1757012142.471,latency_s,0.046549
1757012142.476,latency_s,0.046283
1757012142.489,latency_s,0.046416
1757012142.489,latency_s,0.046379
1757012142.491,latency_s,0.047766
1757012142.491,latency_s,0.048065
1757012142.491,latency_s,0.047633
1757012142.493,latency_s,0.049601
1757012142.493,latency_s,0.047287
1757012142.493,latency_s,0.047488
1757012142.506,latency_s,0.047226
1757012142.510,latency_s,0.046001
1757012142.518,latency_s,0.046637
1757012142.528,latency_s,0.047907
1757012142.530,latency_s,0.047034
1757012142.531,latency_s,0.047227
1757012142.571,latency_s,0.190701
1757012142.571,latency_s,0.090773
1757012142.571,latency_s,0.046337
1757012142.577,latency_s,0.045901
1757012142.592,latency_s,0.048115
1757012142.592,latency_s,0.047942
1757012142.592,latency_s,0.048019
1757012142.592,latency_s,0.048196
1757012142.592,latency_s,0.045642
1757012142.594,latency_s,0.046690
1757012142.594,latency_s,0.046553
1757012142.595,latency_s,0.046828
1757012142.606,latency_s,0.047189
1757012142.611,latency_s,0.046684
1757012142.618,latency_s,0.046010
1757012142.627,latency_s,0.046604
1757012142.627,latency_s,0.046991
1757012142.630,latency_s,0.046789
1757012142.631,latency_s,0.047873
1757012142.672,latency_s,0.046375
1757012142.677,latency_s,0.046094
1757012142.693,latency_s,0.048821
1757012142.694,latency_s,0.048909
1757012142.697,latency_s,0.048040
1757012142.697,latency_s,0.048228
1757012142.697,latency_s,0.047644
1757012142.698,latency_s,0.047739
1757012142.700,latency_s,0.050200
1757012142.700,latency_s,0.050902
1757012142.708,latency_s,0.048131
1757012142.711,latency_s,0.046197
1757012142.719,latency_s,0.046886
1757012142.727,latency_s,0.045879
1757012142.727,latency_s,0.046001
1757012142.731,latency_s,0.047323
1757012142.732,latency_s,0.048445
1757012142.774,latency_s,0.046956
1757012142.778,latency_s,0.046138
1757012142.794,latency_s,0.047302
1757012142.794,latency_s,0.047534
1757012142.796,latency_s,0.045395
1757012142.796,latency_s,0.045352
1757012142.797,latency_s,0.046097
1757012142.800,latency_s,0.049072
1757012142.800,latency_s,0.049409
1757012142.800,latency_s,0.049648
1757012142.810,latency_s,0.048774
1757012142.811,latency_s,0.045797
1757012142.819,latency_s,0.046176
1757012142.827,latency_s,0.045684
1757012142.828,latency_s,0.045423
1757012142.830,latency_s,0.045827
1757012142.831,latency_s,0.046863
1757012142.873,latency_s,0.045618
1757012142.878,latency_s,0.046258
1757012142.895,latency_s,0.047245
1757012142.897,latency_s,0.045995
1757012142.897,latency_s,0.046824
1757012142.900,latency_s,0.048650
1757012142.900,latency_s,0.048577
1757012142.900,latency_s,0.048390
1757012142.900,latency_s,0.048822
1757012142.901,latency_s,0.050127
1757012142.913,latency_s,0.050517
1757012142.913,latency_s,0.047173
1757012142.920,latency_s,0.045856
1757012142.929,latency_s,0.046940
1757012142.932,latency_s,0.046806
1757012142.934,latency_s,0.048556
1757012142.936,latency_s,0.047081
1757012142.974,latency_s,0.046448
1757012142.978,latency_s,0.046372
1757012143.001,latency_s,0.051157
1757012143.001,latency_s,0.049634
1757012143.001,latency_s,0.050387
1757012143.001,latency_s,0.050253
1757012143.001,latency_s,0.049824
1757012143.001,latency_s,0.049338
1757012143.001,latency_s,0.049438
1757012143.001,latency_s,0.048850
1757012143.017,latency_s,0.054251
1757012143.017,latency_s,0.049928
1757012143.021,latency_s,0.046191
1757012143.028,latency_s,0.046086
1757012143.032,latency_s,0.045925
1757012143.035,latency_s,0.049407
1757012143.036,latency_s,0.046546
1757012143.076,latency_s,0.046984
1757012143.079,latency_s,0.046442
1757012143.103,latency_s,0.053034
1757012143.103,latency_s,0.052208
1757012143.103,latency_s,0.052049
1757012143.103,latency_s,0.051613
1757012143.103,latency_s,0.051643
1757012143.103,latency_s,0.051266
1757012143.103,latency_s,0.051344
1757012143.103,latency_s,0.049615
1757012143.114,latency_s,0.046443
1757012143.117,latency_s,0.046214
1757012143.123,latency_s,0.046171
1757012143.128,latency_s,0.045351
1757012143.133,latency_s,0.046297
1757012143.133,latency_s,0.046607
1757012143.140,latency_s,0.049972
1757012143.177,latency_s,0.046832
1757012143.179,latency_s,0.046854
1757012143.200,latency_s,0.048392
1757012143.200,latency_s,0.048105
1757012143.203,latency_s,0.050803
1757012143.203,latency_s,0.052354
1757012143.203,latency_s,0.051708
1757012143.203,latency_s,0.051375
1757012143.203,latency_s,0.051142
1757012143.203,latency_s,0.049358
1757012143.218,latency_s,0.048872
1757012143.218,latency_s,0.045933
1757012143.223,latency_s,0.046187
1757012143.230,latency_s,0.046005
1757012143.237,latency_s,0.047079
1757012143.238,latency_s,0.047069
1757012143.240,latency_s,0.046968
1757012143.277,latency_s,0.046895
1757012143.280,latency_s,0.046818
1757012143.298,latency_s,0.046049
1757012143.301,latency_s,0.049132
1757012143.301,latency_s,0.048892
1757012143.301,latency_s,0.048772
1757012143.301,latency_s,0.048994
1757012143.301,latency_s,0.049206
1757012143.302,latency_s,0.049217
1757012143.302,latency_s,0.046761
1757012143.317,latency_s,0.047127
1757012143.320,latency_s,0.046061
1757012143.324,latency_s,0.046174
1757012143.331,latency_s,0.045751
1757012143.337,latency_s,0.047156
1757012143.338,latency_s,0.046517
1757012143.340,latency_s,0.046826
1757012143.378,latency_s,0.047234
1757012143.380,latency_s,0.046397
1757012143.402,latency_s,0.049097
1757012143.402,latency_s,0.049113
1757012143.402,latency_s,0.049614
1757012143.402,latency_s,0.049189
1757012143.402,latency_s,0.049347
1757012143.402,latency_s,0.048947
1757012143.404,latency_s,0.051370
1757012143.405,latency_s,0.049225
1757012143.416,latency_s,0.046528
1757012143.423,latency_s,0.045995
1757012143.424,latency_s,0.045119
1757012143.431,latency_s,0.045664
1757012143.440,latency_s,0.048600
1757012143.441,latency_s,0.047288
1757012143.442,latency_s,0.047682
1757012143.478,latency_s,0.047089
1757012143.480,latency_s,0.045955
1757012143.505,latency_s,0.051427
1757012143.505,latency_s,0.051743
1757012143.505,latency_s,0.051004
1757012143.505,latency_s,0.050304
1757012143.505,latency_s,0.050849
1757012143.505,latency_s,0.051154
1757012143.505,latency_s,0.050938
1757012143.505,latency_s,0.049124
1757012143.526,latency_s,0.047039
1757012143.526,latency_s,0.046617
1757012143.542,latency_s,0.056459
1757012143.542,latency_s,0.050998
1757012143.542,latency_s,0.048779
1757012143.543,latency_s,0.048581
1757012143.580,latency_s,0.047339
1757012143.581,latency_s,0.045842
1757012143.604,latency_s,0.050215
1757012143.604,latency_s,0.050324
1757012143.604,latency_s,0.050197
1757012143.604,latency_s,0.050301
1757012143.604,latency_s,0.050654
1757012143.605,latency_s,0.050500
1757012143.605,latency_s,0.050215
1757012143.605,latency_s,0.048887
1757012143.625,latency_s,0.046162
1757012143.625,latency_s,0.045555
1757012143.633,latency_s,0.046229
1757012143.641,latency_s,0.047134
1757012143.641,latency_s,0.046093
1757012143.645,latency_s,0.046320
1757012143.659,latency_s,0.189271
1757012143.659,latency_s,0.089029
1757012143.681,latency_s,0.046845
1757012143.683,latency_s,0.046369
1757012143.703,latency_s,0.047622
1757012143.703,latency_s,0.047800
1757012143.703,latency_s,0.047796
1757012143.705,latency_s,0.049531
1757012143.705,latency_s,0.049760
1757012143.705,latency_s,0.049083
1757012143.707,latency_s,0.049177
1757012143.707,latency_s,0.051490
1757012143.719,latency_s,0.047676
1757012143.727,latency_s,0.046477
1757012143.727,latency_s,0.046528
1757012143.734,latency_s,0.046016
1757012143.743,latency_s,0.046173
1757012143.746,latency_s,0.048171
1757012143.746,latency_s,0.046718
1757012143.782,latency_s,0.047480
1757012143.784,latency_s,0.046771
1757012143.803,latency_s,0.047113
1757012143.803,latency_s,0.046228
1757012143.805,latency_s,0.048832
1757012143.806,latency_s,0.048484
1757012143.806,latency_s,0.046890
1757012143.806,latency_s,0.046944
1757012143.806,latency_s,0.046898
1757012143.806,latency_s,0.047303
1757012143.819,latency_s,0.047223
1757012143.827,latency_s,0.046173
1757012143.830,latency_s,0.045517
1757012143.881,latency_s,0.092141
1757012143.882,latency_s,0.085289
1757012143.882,latency_s,0.083447
1757012143.882,latency_s,0.082465
1757012143.882,latency_s,0.047112
1757012143.918,latency_s,0.080653
1757012143.918,latency_s,0.062598
1757012143.919,latency_s,0.061594
1757012143.919,latency_s,0.061271
1757012143.919,latency_s,0.061562
1757012143.919,latency_s,0.059695
1757012143.919,latency_s,0.059738
1757012143.919,latency_s,0.059526
1757012143.919,latency_s,0.059303
1757012143.919,latency_s,0.046994
1757012143.928,latency_s,0.046283
1757012143.932,latency_s,0.046709
1757012143.935,latency_s,0.046351
1757012143.944,latency_s,0.047062
1757012143.946,latency_s,0.047126
1757012143.947,latency_s,0.046841
1757012143.984,latency_s,0.047737
1757012143.984,latency_s,0.046508
1757012144.007,latency_s,0.050190
1757012144.008,latency_s,0.049616
1757012144.008,latency_s,0.049574
1757012144.008,latency_s,0.049945
1757012144.008,latency_s,0.048559
1757012144.008,latency_s,0.048465
1757012144.008,latency_s,0.048140
1757012144.008,latency_s,0.048843
1757012144.020,latency_s,0.047809
1757012144.030,latency_s,0.047792
1757012144.044,latency_s,0.057446
1757012144.044,latency_s,0.055093
1757012144.044,latency_s,0.046175
1757012144.046,latency_s,0.046357
1757012144.048,latency_s,0.047610
1757012144.085,latency_s,0.047190
1757012144.085,latency_s,0.046427
1757012144.108,latency_s,0.050866
1757012144.108,latency_s,0.049067
1757012144.108,latency_s,0.048489
1757012144.108,latency_s,0.048913
1757012144.110,latency_s,0.049959
1757012144.110,latency_s,0.050434
1757012144.110,latency_s,0.049911
1757012144.111,latency_s,0.050585
1757012144.120,latency_s,0.046892
1757012144.128,latency_s,0.045963
1757012144.134,latency_s,0.046295
1757012144.146,latency_s,0.056855
1757012144.146,latency_s,0.047549
1757012144.147,latency_s,0.046625
1757012144.148,latency_s,0.046209
1757012144.186,latency_s,0.047480
1757012144.186,latency_s,0.047865
1757012144.204,latency_s,0.046666
1757012144.207,latency_s,0.046486
1757012144.209,latency_s,0.048541
1757012144.209,latency_s,0.048671
1757012144.209,latency_s,0.048728
1757012144.209,latency_s,0.049209
1757012144.210,latency_s,0.049154
1757012144.211,latency_s,0.050618
1757012144.221,latency_s,0.045684
1757012144.229,latency_s,0.046196
1757012144.237,latency_s,0.046689
1757012144.241,latency_s,0.049455
1757012144.245,latency_s,0.046093
1757012144.247,latency_s,0.045326
1757012144.249,latency_s,0.046162
1757012144.286,latency_s,0.046482
1757012144.286,latency_s,0.046712
1757012144.304,latency_s,0.046551
1757012144.307,latency_s,0.046260
1757012144.307,latency_s,0.046511
1757012144.309,latency_s,0.048121
1757012144.309,latency_s,0.048386
1757012144.312,latency_s,0.051477
1757012144.313,latency_s,0.051449
1757012144.313,latency_s,0.052341
1757012144.323,latency_s,0.047483
1757012144.330,latency_s,0.046074
1757012144.337,latency_s,0.045817
1757012144.338,latency_s,0.045611
1757012144.346,latency_s,0.046456
1757012144.350,latency_s,0.047418
1757012144.350,latency_s,0.046951
1757012144.386,latency_s,0.046474
1757012144.387,latency_s,0.047396
1757012144.404,latency_s,0.045929
1757012144.411,latency_s,0.049466
1757012144.411,latency_s,0.049556
1757012144.411,latency_s,0.049333
1757012144.411,latency_s,0.049529
1757012144.411,latency_s,0.049705
1757012144.412,latency_s,0.046339
1757012144.412,latency_s,0.046443
1757012144.422,latency_s,0.046494
1757012144.431,latency_s,0.046262
1757012144.442,latency_s,0.046961
1757012144.443,latency_s,0.047149
1757012144.449,latency_s,0.048573
1757012144.450,latency_s,0.046408
1757012144.450,latency_s,0.045658
1757012144.488,latency_s,0.048338
1757012144.488,latency_s,0.047406
1757012144.505,latency_s,0.046803
1757012144.509,latency_s,0.047347
1757012144.509,latency_s,0.047283
1757012144.510,latency_s,0.047085
1757012144.510,latency_s,0.047120
1757012144.513,latency_s,0.050675
1757012144.513,latency_s,0.046865
1757012144.513,latency_s,0.047029
1757012144.524,latency_s,0.047545
1757012144.532,latency_s,0.046101
1757012144.548,latency_s,0.048514
1757012144.548,latency_s,0.048134
1757012144.549,latency_s,0.048432
1757012144.551,latency_s,0.046318
1757012144.551,latency_s,0.046562
1757012144.588,latency_s,0.047402
1757012144.588,latency_s,0.046773
1757012144.605,latency_s,0.046546
1757012144.611,latency_s,0.047935
1757012144.611,latency_s,0.048238
1757012144.611,latency_s,0.048469
1757012144.611,latency_s,0.047303
1757012144.613,latency_s,0.047748
1757012144.614,latency_s,0.047192
1757012144.614,latency_s,0.046968
1757012144.624,latency_s,0.047310
1757012144.633,latency_s,0.046467
1757012144.648,latency_s,0.046975
1757012144.648,latency_s,0.047258
1757012144.650,latency_s,0.048699
1757012144.652,latency_s,0.047084
1757012144.652,latency_s,0.047120
1757012144.689,latency_s,0.047021
1757012144.690,latency_s,0.046174
1757012144.706,latency_s,0.046607
1757012144.709,latency_s,0.045714
1757012144.710,latency_s,0.046511
1757012144.713,latency_s,0.047718
1757012144.713,latency_s,0.046914
1757012144.713,latency_s,0.046969
1757012144.714,latency_s,0.046565
1757012144.714,latency_s,0.046675
1757012144.724,latency_s,0.046412
1757012144.734,latency_s,0.047185
1757012144.750,latency_s,0.047698
1757012144.751,latency_s,0.048023
1757012144.751,latency_s,0.046194
1757012144.753,latency_s,0.047065
1757012144.754,latency_s,0.047175
1757012144.789,latency_s,0.046427
1757012144.790,latency_s,0.045295
1757012144.806,latency_s,0.045967
1757012144.810,latency_s,0.045982
1757012144.813,latency_s,0.046452
1757012144.813,latency_s,0.046590
1757012144.814,latency_s,0.047645
1757012144.815,latency_s,0.047230
1757012144.815,latency_s,0.047504
1757012144.816,latency_s,0.048999
1757012144.826,latency_s,0.046577
1757012144.834,latency_s,0.045999
1757012144.854,latency_s,0.049152
1757012144.854,latency_s,0.049035
1757012144.854,latency_s,0.047844
1757012144.854,latency_s,0.046168
1757012144.855,latency_s,0.047022
1757012144.889,latency_s,0.046342
1757012144.892,latency_s,0.046385
1757012144.907,latency_s,0.046693
1757012144.912,latency_s,0.047494
1757012144.914,latency_s,0.047044
1757012144.914,latency_s,0.046998
1757012144.914,latency_s,0.046678
1757012144.914,latency_s,0.046326
1757012144.916,latency_s,0.047803
1757012144.916,latency_s,0.048450
1757012144.927,latency_s,0.046690
1757012144.936,latency_s,0.047502
1757012144.954,latency_s,0.047266
1757012144.954,latency_s,0.047483
1757012144.955,latency_s,0.046481
1757012144.957,latency_s,0.048652
1757012144.957,latency_s,0.048576
1757012144.990,latency_s,0.047059
1757012144.994,latency_s,0.047156
1757012145.007,latency_s,0.046705
1757012145.012,latency_s,0.046199
1757012145.016,latency_s,0.048398
1757012145.016,latency_s,0.048509
1757012145.017,latency_s,0.049364
1757012145.017,latency_s,0.049804
1757012145.017,latency_s,0.049316
1757012145.018,latency_s,0.049709
1757012145.031,latency_s,0.046834
1757012145.036,latency_s,0.047111
1757012145.056,latency_s,0.048566
1757012145.056,latency_s,0.047201
1757012145.057,latency_s,0.048261
1757012145.057,latency_s,0.046288
1757012145.057,latency_s,0.046275
1757012145.091,latency_s,0.047720
1757012145.093,latency_s,0.046326
1757012145.108,latency_s,0.046660
1757012145.118,latency_s,0.050795
1757012145.118,latency_s,0.049760
1757012145.118,latency_s,0.049923
1757012145.118,latency_s,0.050219
1757012145.118,latency_s,0.049908
1757012145.118,latency_s,0.049484
1757012145.118,latency_s,0.048995
1757012145.132,latency_s,0.046140
1757012145.136,latency_s,0.045830
1757012145.155,latency_s,0.046955
1757012145.155,latency_s,0.046085
1757012145.156,latency_s,0.046533
1757012145.159,latency_s,0.047631
1757012145.159,latency_s,0.047643
1757012145.194,latency_s,0.049317
1757012145.194,latency_s,0.046620
1757012145.210,latency_s,0.047053
1757012145.215,latency_s,0.047535
1757012145.215,latency_s,0.046684
1757012145.215,latency_s,0.046388
1757012145.219,latency_s,0.050004
1757012145.219,latency_s,0.049409
1757012145.219,latency_s,0.050011
1757012145.219,latency_s,0.049070
1757012145.233,latency_s,0.045936
1757012145.238,latency_s,0.046793
1757012145.257,latency_s,0.049132
1757012145.257,latency_s,0.047536
1757012145.259,latency_s,0.049455
1757012145.260,latency_s,0.047325
1757012145.260,latency_s,0.047085
1757012145.293,latency_s,0.047240
1757012145.294,latency_s,0.045979
1757012145.310,latency_s,0.046124
1757012145.317,latency_s,0.048851
1757012145.317,latency_s,0.048051
1757012145.317,latency_s,0.048064
1757012145.317,latency_s,0.047712
1757012145.318,latency_s,0.047578
1757012145.318,latency_s,0.047330
1757012145.319,latency_s,0.048775
1757012145.334,latency_s,0.046885
1757012145.338,latency_s,0.046417
1757012145.354,latency_s,0.046374
1757012145.357,latency_s,0.046393
1757012145.357,latency_s,0.046632
1757012145.360,latency_s,0.046599
1757012145.360,latency_s,0.046706
1757012145.394,latency_s,0.048103
1757012145.394,latency_s,0.046227
1757012145.411,latency_s,0.047018
1757012145.414,latency_s,0.045505
1757012145.417,latency_s,0.046492
1757012145.417,latency_s,0.046488
1757012145.417,latency_s,0.046209
1757012145.419,latency_s,0.048305
1757012145.419,latency_s,0.048342
1757012145.419,latency_s,0.048148
1757012145.436,latency_s,0.046078
1757012145.438,latency_s,0.045768
1757012145.456,latency_s,0.047222
1757012145.458,latency_s,0.046237
1757012145.459,latency_s,0.047282
1757012145.459,latency_s,0.045150
1757012145.461,latency_s,0.046791
1757012145.495,latency_s,0.048461
1757012145.495,latency_s,0.046586
1757012145.511,latency_s,0.046326
1757012145.515,latency_s,0.046224
1757012145.519,latency_s,0.047227
1757012145.519,latency_s,0.047309
1757012145.519,latency_s,0.047319
1757012145.521,latency_s,0.048958
1757012145.521,latency_s,0.046860
1757012145.521,latency_s,0.046741
1757012145.536,latency_s,0.046099
1757012145.539,latency_s,0.045549
1757012145.555,latency_s,0.046802
1757012145.562,latency_s,0.048790
1757012145.562,latency_s,0.049008
1757012145.562,latency_s,0.046583
1757012145.562,latency_s,0.046371
1757012145.594,latency_s,0.046838
1757012145.596,latency_s,0.046369
1757012145.614,latency_s,0.048303
1757012145.616,latency_s,0.046345
1757012145.620,latency_s,0.048504
1757012145.620,latency_s,0.048560
1757012145.620,latency_s,0.048305
1757012145.621,latency_s,0.048413
1757012145.623,latency_s,0.047949
1757012145.624,latency_s,0.048419
1757012145.637,latency_s,0.046706
1757012145.641,latency_s,0.046016
1757012145.658,latency_s,0.048984
1757012145.661,latency_s,0.048057
1757012145.661,latency_s,0.047911
1757012145.663,latency_s,0.046340
1757012145.663,latency_s,0.046369
1757012145.695,latency_s,0.047506
1757012145.697,latency_s,0.046707
1757012145.713,latency_s,0.046509
1757012145.717,latency_s,0.046358
1757012145.757,latency_s,0.085398
1757012145.757,latency_s,0.085477
1757012145.757,latency_s,0.085177
1757012145.757,latency_s,0.085202
1757012145.758,latency_s,0.082168
1757012145.758,latency_s,0.081989
1757012145.758,latency_s,0.065887
1757012145.758,latency_s,0.059952
1757012145.758,latency_s,0.048507
1757012145.762,latency_s,0.048409
1757012145.763,latency_s,0.048366
1757012145.776,latency_s,0.059319
1757012145.776,latency_s,0.058475
1757012145.796,latency_s,0.047721
1757012145.798,latency_s,0.047109
1757012145.815,latency_s,0.048480
1757012145.821,latency_s,0.048472
1757012145.821,latency_s,0.048613
1757012145.824,latency_s,0.051162
1757012145.824,latency_s,0.051266
1757012145.824,latency_s,0.049902
1757012145.824,latency_s,0.047475
1757012145.835,latency_s,0.058308
1757012145.840,latency_s,0.046752
1757012145.851,latency_s,0.052672
1757012145.857,latency_s,0.047725
1757012145.861,latency_s,0.046348
1757012145.861,latency_s,0.046325
1757012145.863,latency_s,0.045340
1757012145.865,latency_s,0.046642
1757012145.896,latency_s,0.047200
1757012145.897,latency_s,0.045908
1757012145.914,latency_s,0.046196
1757012145.920,latency_s,0.047566
1757012145.921,latency_s,0.048293
1757012145.921,latency_s,0.047323
1757012145.921,latency_s,0.046457
1757012145.923,latency_s,0.048438
1757012145.923,latency_s,0.046072
1757012145.925,latency_s,0.046122
1757012145.940,latency_s,0.047121
1757012145.951,latency_s,0.051482
1757012145.958,latency_s,0.048280
1757012145.962,latency_s,0.046614
1757012145.962,latency_s,0.046614
1757012145.968,latency_s,0.047912
1757012145.968,latency_s,0.048079
1757012145.997,latency_s,0.046932
1757012146.003,latency_s,0.046047
1757012146.016,latency_s,0.046553
1757012146.019,latency_s,0.045831
1757012146.020,latency_s,0.046489
1757012146.024,latency_s,0.048399
1757012146.024,latency_s,0.048429
1757012146.024,latency_s,0.047854
1757012146.024,latency_s,0.046924
1757012146.026,latency_s,0.046040
1757012146.040,latency_s,0.045939
1757012146.052,latency_s,0.049088
1757012146.057,latency_s,0.046391
1757012146.063,latency_s,0.047264
1757012146.063,latency_s,0.047225
1757012146.068,latency_s,0.046843
1757012146.068,latency_s,0.046935
1757012146.097,latency_s,0.046299
1757012146.104,latency_s,0.046317
1757012146.116,latency_s,0.046043
1757012146.121,latency_s,0.047234
1757012146.121,latency_s,0.047191
1757012146.122,latency_s,0.045959
1757012146.123,latency_s,0.047211
1757012146.123,latency_s,0.047144
1757012146.124,latency_s,0.045543
1757012146.128,latency_s,0.046674
1757012146.141,latency_s,0.045751
1757012146.151,latency_s,0.045819
1757012146.159,latency_s,0.048489
1757012146.163,latency_s,0.046198
1757012146.164,latency_s,0.046574
1757012146.169,latency_s,0.047408
1757012146.169,latency_s,0.047492
1757012146.198,latency_s,0.046712
1757012146.206,latency_s,0.046998
1757012146.217,latency_s,0.046873
1757012146.221,latency_s,0.046385
1757012146.221,latency_s,0.046395
1757012146.223,latency_s,0.047105
1757012146.223,latency_s,0.046156
1757012146.224,latency_s,0.047547
1757012146.227,latency_s,0.047361
1757012146.228,latency_s,0.046461
1757012146.243,latency_s,0.047650
1757012146.258,latency_s,0.047063
1757012146.258,latency_s,0.047142
1757012146.265,latency_s,0.046741
1757012146.266,latency_s,0.047403
1757012146.270,latency_s,0.047204
1757012146.270,latency_s,0.047290
1757012146.302,latency_s,0.049727
1757012146.308,latency_s,0.048058
1757012146.318,latency_s,0.046770
1757012146.323,latency_s,0.047499
1757012146.323,latency_s,0.047442
1757012146.323,latency_s,0.046748
1757012146.324,latency_s,0.046463
1757012146.325,latency_s,0.046797
1757012146.326,latency_s,0.045741
1757012146.329,latency_s,0.046233
1757012146.344,latency_s,0.047411
1757012146.358,latency_s,0.046500
1757012146.361,latency_s,0.046256
1757012146.366,latency_s,0.047641
1757012146.366,latency_s,0.047416
1757012146.371,latency_s,0.046110
1757012146.371,latency_s,0.046264
1757012146.403,latency_s,0.046955
1757012146.408,latency_s,0.047453
1757012146.418,latency_s,0.046457
1757012146.422,latency_s,0.045620
1757012146.424,latency_s,0.047598
1757012146.425,latency_s,0.048232
1757012146.425,latency_s,0.045918
1757012146.427,latency_s,0.046041
1757012146.444,latency_s,0.046743
1757012146.458,latency_s,0.046393
1757012146.462,latency_s,0.046492
1757012146.466,latency_s,0.046756
1757012146.466,latency_s,0.046932
1757012146.474,latency_s,0.047191
1757012146.474,latency_s,0.047034
1757012146.506,latency_s,0.047140
1757012146.507,latency_s,0.045989
1757012146.518,latency_s,0.045655
1757012146.523,latency_s,0.045895
1757012146.525,latency_s,0.046497
1757012146.527,latency_s,0.046700
1757012146.527,latency_s,0.046367
1757012146.528,latency_s,0.046746
1757012146.544,latency_s,0.045887
1757012146.560,latency_s,0.047680
1757012146.562,latency_s,0.046029
1757012146.566,latency_s,0.045554
1757012146.568,latency_s,0.047752
1757012146.571,latency_s,0.186453
1757012146.571,latency_s,0.191832
1757012146.571,latency_s,0.086399
1757012146.572,latency_s,0.092309
1757012146.573,latency_s,0.045610
1757012146.580,latency_s,0.050299
1757012146.609,latency_s,0.048377
1757012146.609,latency_s,0.047734
1757012146.620,latency_s,0.046972
1757012146.624,latency_s,0.046647
1757012146.625,latency_s,0.045806
1757012146.628,latency_s,0.046475
1757012146.628,latency_s,0.046331
1757012146.629,latency_s,0.047142
1757012146.631,latency_s,0.045767
1757012146.637,latency_s,0.055121
1757012146.646,latency_s,0.046368
1757012146.661,latency_s,0.047248
1757012146.662,latency_s,0.046092
1757012146.667,latency_s,0.047128
1757012146.668,latency_s,0.047178
1757012146.674,latency_s,0.046319
1757012146.677,latency_s,0.046803
1757012146.710,latency_s,0.048661
1757012146.711,latency_s,0.048266
1757012146.721,latency_s,0.046235
1757012146.726,latency_s,0.047513
1757012146.726,latency_s,0.046748
1757012146.728,latency_s,0.046059
1757012146.729,latency_s,0.046547
1757012146.731,latency_s,0.048658
1757012146.731,latency_s,0.049088
1757012146.732,latency_s,0.045722
1757012146.747,latency_s,0.046437
1757012146.761,latency_s,0.046864
1757012146.763,latency_s,0.046075
1757012146.769,latency_s,0.048247
1757012146.769,latency_s,0.048708
1757012146.775,latency_s,0.046170
1757012146.777,latency_s,0.045929
1757012146.810,latency_s,0.047398
1757012146.810,latency_s,0.047060
1757012146.826,latency_s,0.046277
1757012146.827,latency_s,0.046330
1757012146.830,latency_s,0.047689
1757012146.830,latency_s,0.047889
1757012146.830,latency_s,0.047373
1757012146.830,latency_s,0.047487
1757012146.832,latency_s,0.045566
1757012146.849,latency_s,0.046999
1757012146.861,latency_s,0.046725
1757012146.864,latency_s,0.046161
1757012146.869,latency_s,0.047989
1757012146.869,latency_s,0.047993
1757012146.876,latency_s,0.045811
1757012146.880,latency_s,0.046263
1757012146.911,latency_s,0.047473
1757012146.912,latency_s,0.047116
1757012146.928,latency_s,0.048215
1757012146.928,latency_s,0.047146
1757012146.929,latency_s,0.046760
1757012146.931,latency_s,0.048403
1757012146.976,latency_s,0.092773
1757012146.976,latency_s,0.092830
1757012146.976,latency_s,0.088744
1757012146.976,latency_s,0.072353
1757012146.976,latency_s,0.201305
1757012146.977,latency_s,0.061493
1757012146.977,latency_s,0.101614
1757012146.977,latency_s,0.059564
1757012146.977,latency_s,0.056276
1757012146.978,latency_s,0.055879
1757012146.986,latency_s,0.054411
1757012146.986,latency_s,0.052007
1757012147.012,latency_s,0.046713
1757012147.012,latency_s,0.046566
1757012147.023,latency_s,0.046532
1757012147.031,latency_s,0.050372
1757012147.031,latency_s,0.049341
1757012147.031,latency_s,0.048473
1757012147.031,latency_s,0.048461
1757012147.031,latency_s,0.047463
1757012147.048,latency_s,0.064105
1757012147.048,latency_s,0.059233
1757012147.051,latency_s,0.045928
1757012147.065,latency_s,0.047641
1757012147.068,latency_s,0.049926
1757012147.068,latency_s,0.046080
1757012147.070,latency_s,0.047415
1757012147.079,latency_s,0.046343
1757012147.082,latency_s,0.046671
1757012147.114,latency_s,0.048218
1757012147.114,latency_s,0.047856
1757012147.124,latency_s,0.046824
1757012147.129,latency_s,0.047258
1757012147.131,latency_s,0.048306
1757012147.131,latency_s,0.048881
1757012147.131,latency_s,0.048184
1757012147.131,latency_s,0.047007
1757012147.152,latency_s,0.067379
1757012147.152,latency_s,0.061566
1757012147.152,latency_s,0.046276
1757012147.164,latency_s,0.047011
1757012147.166,latency_s,0.047685
1757012147.174,latency_s,0.050760
1757012147.174,latency_s,0.050791
1757012147.181,latency_s,0.047008
1757012147.185,latency_s,0.047081
1757012147.215,latency_s,0.048502
1757012147.215,latency_s,0.048423
1757012147.224,latency_s,0.046919
1757012147.233,latency_s,0.049820
1757012147.233,latency_s,0.049700
1757012147.233,latency_s,0.049958
1757012147.233,latency_s,0.049899
1757012147.233,latency_s,0.047866
1757012147.233,latency_s,0.047901
1757012147.238,latency_s,0.045754
1757012147.254,latency_s,0.047194
1757012147.265,latency_s,0.046861
1757012147.267,latency_s,0.047195
1757012147.272,latency_s,0.047409
1757012147.272,latency_s,0.046808
1757012147.282,latency_s,0.046787
1757012147.285,latency_s,0.045872
1757012147.313,latency_s,0.045685
1757012147.315,latency_s,0.046222
1757012147.326,latency_s,0.047133
1757012147.329,latency_s,0.045815
1757012147.333,latency_s,0.049148
1757012147.333,latency_s,0.049110
1757012147.333,latency_s,0.048759
1757012147.334,latency_s,0.047164
1757012147.338,latency_s,0.045780
1757012147.354,latency_s,0.046645
1757012147.368,latency_s,0.049202
1757012147.368,latency_s,0.048343
1757012147.372,latency_s,0.047286
1757012147.372,latency_s,0.046764
1757012147.383,latency_s,0.046048
1757012147.388,latency_s,0.046829
1757012147.414,latency_s,0.046475
1757012147.416,latency_s,0.045772
1757012147.427,latency_s,0.046774
1757012147.430,latency_s,0.045594
1757012147.431,latency_s,0.046127
1757012147.435,latency_s,0.048055
1757012147.435,latency_s,0.047993
1757012147.435,latency_s,0.048105
1757012147.439,latency_s,0.045926
1757012147.454,latency_s,0.046192
1757012147.466,latency_s,0.047065
1757012147.472,latency_s,0.047826
1757012147.472,latency_s,0.046409
1757012147.474,latency_s,0.046789
1757012147.475,latency_s,0.187753
1757012147.475,latency_s,0.088389
1757012147.484,latency_s,0.046427
1757012147.491,latency_s,0.046376
1757012147.517,latency_s,0.048968
1757012147.519,latency_s,0.047654
1757012147.527,latency_s,0.046422
1757012147.531,latency_s,0.046094
1757012147.533,latency_s,0.046610
1757012147.534,latency_s,0.046115
1757012147.535,latency_s,0.046887
1757012147.535,latency_s,0.045201
1757012147.537,latency_s,0.046778
1757012147.540,latency_s,0.045578
1757012147.555,latency_s,0.046213
1757012147.567,latency_s,0.047078
1757012147.572,latency_s,0.047868
1757012147.572,latency_s,0.046546
1757012147.574,latency_s,0.046069
1757012147.585,latency_s,0.046635
1757012147.590,latency_s,0.045688
1757012147.616,latency_s,0.046352
1757012147.618,latency_s,0.045298
1757012147.627,latency_s,0.046437
1757012147.631,latency_s,0.046299
1757012147.634,latency_s,0.046266
1757012147.635,latency_s,0.046108
1757012147.636,latency_s,0.047244
1757012147.636,latency_s,0.045446
1757012147.637,latency_s,0.046943
1757012147.641,latency_s,0.046258
1757012147.656,latency_s,0.046902
1757012147.666,latency_s,0.045856
1757012147.672,latency_s,0.047713
1757012147.672,latency_s,0.046211
1757012147.675,latency_s,0.045982
1757012147.686,latency_s,0.046243
1757012147.692,latency_s,0.045993
1757012147.717,latency_s,0.046433
1757012147.719,latency_s,0.045667
1757012147.727,latency_s,0.046335
1757012147.732,latency_s,0.046129
1757012147.736,latency_s,0.047292
1757012147.736,latency_s,0.047170
1757012147.737,latency_s,0.047179
1757012147.738,latency_s,0.047024
1757012147.739,latency_s,0.047178
1757012147.743,latency_s,0.045787
1757012147.756,latency_s,0.046531
1757012147.768,latency_s,0.047544
1757012147.775,latency_s,0.046975
1757012147.775,latency_s,0.047206
1757012147.781,latency_s,0.047328
1757012147.786,latency_s,0.046427
1757012147.794,latency_s,0.046629
1757012147.818,latency_s,0.047132
1757012147.822,latency_s,0.047239
1757012147.828,latency_s,0.047397
1757012147.833,latency_s,0.046015
1757012147.836,latency_s,0.047102
1757012147.837,latency_s,0.047367
1757012147.837,latency_s,0.046323
1757012147.840,latency_s,0.047141
1757012147.840,latency_s,0.047530
1757012147.844,latency_s,0.045264
1757012147.859,latency_s,0.046266
1757012147.868,latency_s,0.046076
1757012147.876,latency_s,0.047969
1757012147.877,latency_s,0.047904
1757012147.881,latency_s,0.045912
1757012147.888,latency_s,0.046517
1757012147.894,latency_s,0.046264
1757012147.918,latency_s,0.046671
1757012147.922,latency_s,0.046033
1757012147.930,latency_s,0.047962
1757012147.935,latency_s,0.046701
1757012147.935,latency_s,0.045953
1757012147.937,latency_s,0.047729
1757012147.937,latency_s,0.046708
1757012147.940,latency_s,0.046990
1757012147.940,latency_s,0.047066
1757012147.948,latency_s,0.045715
1757012147.960,latency_s,0.046164
1757012147.968,latency_s,0.046033
1757012147.977,latency_s,0.047651
1757012147.977,latency_s,0.047730
1757012147.981,latency_s,0.045802
1757012147.990,latency_s,0.046962
1757012147.997,latency_s,0.047881
1757012148.019,latency_s,0.046852
1757012148.024,latency_s,0.047149
1757012148.029,latency_s,0.046522
1757012148.034,latency_s,0.045605
1757012148.036,latency_s,0.046209
1757012148.036,latency_s,0.045887
1757012148.038,latency_s,0.046119
1757012148.041,latency_s,0.046055
1757012148.041,latency_s,0.046125
1757012148.055,latency_s,0.047253
1757012148.062,latency_s,0.046677
1757012148.069,latency_s,0.045944
1757012148.077,latency_s,0.047483
1757012148.078,latency_s,0.047330
1757012148.083,latency_s,0.046509
1757012148.090,latency_s,0.046672
1757012148.098,latency_s,0.047335
1757012148.121,latency_s,0.046983
1757012148.124,latency_s,0.046324
1757012148.130,latency_s,0.047291
1757012148.135,latency_s,0.046388
1757012148.136,latency_s,0.045277
1757012148.137,latency_s,0.046694
1757012148.139,latency_s,0.046400
1757012148.141,latency_s,0.045356
1757012148.142,latency_s,0.046002
1757012148.157,latency_s,0.046921
1757012148.166,latency_s,0.046697
1757012148.170,latency_s,0.046140
1757012148.179,latency_s,0.048710
1757012148.179,latency_s,0.047825
1757012148.184,latency_s,0.046715
1757012148.194,latency_s,0.046866
1757012148.201,latency_s,0.046222
1757012148.222,latency_s,0.046575
1757012148.225,latency_s,0.046039
1757012148.230,latency_s,0.046694
1757012148.235,latency_s,0.046084
1757012148.237,latency_s,0.046413
1757012148.237,latency_s,0.045754
1757012148.240,latency_s,0.046819
1757012148.243,latency_s,0.047186
1757012148.243,latency_s,0.046999
1757012148.258,latency_s,0.047578
1757012148.268,latency_s,0.046993
1757012148.272,latency_s,0.047221
1757012148.278,latency_s,0.047093
1757012148.278,latency_s,0.046141
1757012148.284,latency_s,0.046281
1757012148.295,latency_s,0.046309
1757012148.304,latency_s,0.046159
1757012148.322,latency_s,0.046211
1757012148.324,latency_s,0.045540
1757012148.331,latency_s,0.046393
1757012148.336,latency_s,0.046879
1757012148.341,latency_s,0.048004
1757012148.341,latency_s,0.048033
1757012148.341,latency_s,0.047318
1757012148.343,latency_s,0.046171
1757012148.343,latency_s,0.045291
1757012148.359,latency_s,0.046909
1757012148.369,latency_s,0.046220
1757012148.374,latency_s,0.047576
1757012148.379,latency_s,0.047324
1757012148.379,latency_s,0.046924
1757012148.386,latency_s,0.046142
1757012148.396,latency_s,0.046147
1757012148.407,latency_s,0.046246
1757012148.424,latency_s,0.046221
1757012148.425,latency_s,0.045874
1757012148.432,latency_s,0.046104
1757012148.436,latency_s,0.045788
1757012148.440,latency_s,0.047070
1757012148.440,latency_s,0.046918
1757012148.440,latency_s,0.046360
1757012148.443,latency_s,0.046001
1757012148.445,latency_s,0.045911
1757012148.459,latency_s,0.046543
1757012148.471,latency_s,0.048112
1757012148.474,latency_s,0.046099
1757012148.480,latency_s,0.047449
1757012148.481,latency_s,0.047791
1757012148.487,latency_s,0.046339
1757012148.497,latency_s,0.046468
1757012148.508,latency_s,0.046740
1757012148.526,latency_s,0.046461
1757012148.526,latency_s,0.045786
1757012148.533,latency_s,0.046294
1757012148.537,latency_s,0.046428
1757012148.539,latency_s,0.045658
1757012148.540,latency_s,0.046281
1757012148.540,latency_s,0.046219
1757012148.544,latency_s,0.046236
1757012148.546,latency_s,0.045630
1757012148.562,latency_s,0.045894
1757012148.571,latency_s,0.047399
1757012148.574,latency_s,0.046586
1757012148.582,latency_s,0.047620
1757012148.582,latency_s,0.047358
1757012148.591,latency_s,0.046115
1757012148.599,latency_s,0.046767
1757012148.612,latency_s,0.046316
1757012148.628,latency_s,0.047666
1757012148.628,latency_s,0.046758
1757012148.635,latency_s,0.048117
1757012148.637,latency_s,0.045821
1757012148.640,latency_s,0.045927
1757012148.642,latency_s,0.047457
1757012148.642,latency_s,0.047455
1757012148.644,latency_s,0.045783
1757012148.646,latency_s,0.045387
1757012148.665,latency_s,0.045314
1757012148.671,latency_s,0.046863
1757012148.675,latency_s,0.046092
1757012148.683,latency_s,0.048036
1757012148.683,latency_s,0.048166
1757012148.694,latency_s,0.045514
1757012148.705,latency_s,0.046698
1757012148.713,latency_s,0.046035
1757012148.729,latency_s,0.047451
1757012148.729,latency_s,0.047049
1757012148.734,latency_s,0.046478
1757012148.738,latency_s,0.045834
1757012148.742,latency_s,0.046868
1757012148.742,latency_s,0.046456
1757012148.743,latency_s,0.048489
1757012148.746,latency_s,0.046143
1757012148.747,latency_s,0.045444
1757012148.772,latency_s,0.045892
1757012148.773,latency_s,0.047318
1757012148.775,latency_s,0.045912
1757012148.784,latency_s,0.047102
1757012148.784,latency_s,0.046571
1757012148.800,latency_s,0.046716
1757012148.811,latency_s,0.047826
1757012148.813,latency_s,0.045684
1757012148.832,latency_s,0.047944
1757012148.832,latency_s,0.047591
1757012148.835,latency_s,0.046720
1757012148.839,latency_s,0.046482
1757012148.843,latency_s,0.047456
1757012148.843,latency_s,0.047529
1757012148.843,latency_s,0.046602
1757012148.849,latency_s,0.047690
1757012148.849,latency_s,0.047222
1757012148.875,latency_s,0.048130
1757012148.875,latency_s,0.048214
1757012148.876,latency_s,0.046442
1757012148.888,latency_s,0.049553
1757012148.888,latency_s,0.049182
1757012148.900,latency_s,0.046677
1757012148.911,latency_s,0.046734
1757012148.915,latency_s,0.046514
1757012148.933,latency_s,0.047817
1757012148.933,latency_s,0.048132
1757012148.936,latency_s,0.046823
1757012148.941,latency_s,0.046618
1757012148.943,latency_s,0.046200
1757012148.983,latency_s,0.086365
1757012148.984,latency_s,0.085308
1757012148.984,latency_s,0.081570
1757012148.984,latency_s,0.081262
1757012148.984,latency_s,0.055955
1757012148.984,latency_s,0.055921
1757012148.984,latency_s,0.053551
1757012149.011,latency_s,0.072634
1757012149.011,latency_s,0.071964
1757012149.011,latency_s,0.057345
1757012149.012,latency_s,0.047776
1757012149.016,latency_s,0.045966
1757012149.034,latency_s,0.046232
1757012149.035,latency_s,0.047237
1757012149.036,latency_s,0.046506
1757012149.041,latency_s,0.046762
1757012149.043,latency_s,0.045756
1757012149.048,latency_s,0.050366
1757012149.048,latency_s,0.049200
1757012149.049,latency_s,0.046270
1757012149.073,latency_s,0.069752
1757012149.075,latency_s,0.046863
1757012149.075,latency_s,0.046680
1757012149.077,latency_s,0.046534
1757012149.085,latency_s,0.045968
1757012149.086,latency_s,0.045741
1757012149.101,latency_s,0.046635
1757012149.112,latency_s,0.047376
1757012149.117,latency_s,0.046452
1757012149.136,latency_s,0.047199
1757012149.136,latency_s,0.047051
1757012149.136,latency_s,0.046763
1757012149.181,latency_s,0.086532
1757012149.182,latency_s,0.082745
1757012149.182,latency_s,0.082743
1757012149.182,latency_s,0.082146
1757012149.182,latency_s,0.078820
1757012149.182,latency_s,0.078473
1757012149.182,latency_s,0.052921
1757012149.182,latency_s,0.052718
1757012149.182,latency_s,0.051035
1757012149.186,latency_s,0.046557
1757012149.209,latency_s,0.067672
1757012149.209,latency_s,0.050911
1757012149.219,latency_s,0.047787
1757012149.219,latency_s,0.047769
1757012149.239,latency_s,0.049410
1757012149.239,latency_s,0.049219
1757012149.239,latency_s,0.048695
1757012149.255,latency_s,0.060192
1757012149.256,latency_s,0.056172
1757012149.256,latency_s,0.056251
1757012149.256,latency_s,0.056243
1757012149.256,latency_s,0.052755
1757012149.256,latency_s,0.052404
1757012149.278,latency_s,0.048766
1757012149.279,latency_s,0.049167
1757012149.279,latency_s,0.047650
1757012149.286,latency_s,0.046218
1757012149.288,latency_s,0.046472
1757012149.307,latency_s,0.046305
1757012149.319,latency_s,0.046600
1757012149.320,latency_s,0.046721
1757012149.336,latency_s,0.046330
1757012149.338,latency_s,0.045911
1757012149.340,latency_s,0.046157
1757012149.341,latency_s,0.045873
1757012149.356,latency_s,0.056758
1757012149.356,latency_s,0.056783
1757012149.356,latency_s,0.056340
1757012149.356,latency_s,0.052625
1757012149.356,latency_s,0.052442
1757012149.377,latency_s,0.047391
1757012149.378,latency_s,0.047860
1757012149.378,latency_s,0.046065
1757012149.387,latency_s,0.045970
1757012149.389,latency_s,0.046481
1757012149.413,latency_s,0.047074
1757012149.420,latency_s,0.046359
1757012149.420,latency_s,0.046596
1757012149.437,latency_s,0.046536
1757012149.440,latency_s,0.046778
1757012149.441,latency_s,0.046442
1757012149.451,latency_s,0.054832
1757012149.451,latency_s,0.051024
1757012149.451,latency_s,0.049068
1757012149.451,latency_s,0.048244
1757012149.451,latency_s,0.047163
1757012149.456,latency_s,0.051142
1757012149.478,latency_s,0.048011
1757012149.478,latency_s,0.048354
1757012149.479,latency_s,0.046673
1757012149.488,latency_s,0.046659
1757012149.490,latency_s,0.046494
1757012149.515,latency_s,0.046671
1757012149.521,latency_s,0.046817
1757012149.522,latency_s,0.047255
1757012149.538,latency_s,0.047198
1757012149.544,latency_s,0.047415
1757012149.545,latency_s,0.046467
1757012149.547,latency_s,0.048263
1757012149.553,latency_s,0.052258
1757012149.553,latency_s,0.050249
1757012149.553,latency_s,0.049824
1757012149.553,latency_s,0.048531
1757012149.553,latency_s,0.048063
1757012149.578,latency_s,0.047505
1757012149.578,latency_s,0.047373
1757012149.588,latency_s,0.046549
1757012149.590,latency_s,0.046118
1757012149.616,latency_s,0.046230
1757012149.624,latency_s,0.047137
1757012149.624,latency_s,0.047551
1757012149.681,latency_s,0.089629
1757012149.681,latency_s,0.083890
1757012149.681,latency_s,0.082593
1757012149.681,latency_s,0.082001
1757012149.681,latency_s,0.080904
1757012149.681,latency_s,0.078416
1757012149.682,latency_s,0.077992
1757012149.682,latency_s,0.076701
1757012149.682,latency_s,0.076465
1757012149.682,latency_s,0.050944
1757012149.682,latency_s,0.050759
1757012149.689,latency_s,0.046731
1757012149.690,latency_s,0.045836
1757012149.717,latency_s,0.046497
1757012149.722,latency_s,0.189689
1757012149.723,latency_s,0.089891
1757012149.723,latency_s,0.045486
1757012149.725,latency_s,0.045964
1757012149.754,latency_s,0.061974
1757012149.754,latency_s,0.055839
1757012149.754,latency_s,0.053776
1757012149.754,latency_s,0.053403
1757012149.754,latency_s,0.053263
1757012149.754,latency_s,0.050069
1757012149.754,latency_s,0.050007
1757012149.754,latency_s,0.048677
1757012149.754,latency_s,0.048423
1757012149.778,latency_s,0.047285
1757012149.778,latency_s,0.047179
1757012149.780,latency_s,0.046603
1757012149.789,latency_s,0.047107
1757012149.791,latency_s,0.046167
1757012149.817,latency_s,0.046510
1757012149.824,latency_s,0.046424
1757012149.827,latency_s,0.046754
1757012149.838,latency_s,0.046093
1757012149.845,latency_s,0.046003
1757012149.848,latency_s,0.047309
1757012149.848,latency_s,0.047224
1757012149.853,latency_s,0.052139
1757012149.853,latency_s,0.048803
1757012149.853,latency_s,0.048734
1757012149.853,latency_s,0.047878
1757012149.853,latency_s,0.047520
1757012149.878,latency_s,0.046551
1757012149.878,latency_s,0.046750
1757012149.881,latency_s,0.047137
1757012149.892,latency_s,0.049234
1757012149.892,latency_s,0.046864
1757012149.918,latency_s,0.047244
1757012149.926,latency_s,0.045964
1757012149.928,latency_s,0.046441
1757012149.938,latency_s,0.045816
1757012149.946,latency_s,0.046452
1757012149.947,latency_s,0.046271
1757012149.954,latency_s,0.052845
1757012149.954,latency_s,0.052740
1757012149.954,latency_s,0.048135
1757012149.954,latency_s,0.047998
1757012149.954,latency_s,0.048172
1757012149.954,latency_s,0.047207
1757012149.978,latency_s,0.046420
1757012149.978,latency_s,0.046652
1757012149.980,latency_s,0.046005
1757012149.990,latency_s,0.046875
1757012149.992,latency_s,0.046108
1757012150.019,latency_s,0.046593
1757012150.027,latency_s,0.046231
1757012150.028,latency_s,0.046084
1757012150.039,latency_s,0.046403
1757012150.046,latency_s,0.046403
1757012150.049,latency_s,0.046576
1757012150.049,latency_s,0.047135
1757012150.051,latency_s,0.045654
1757012150.055,latency_s,0.048572
1757012150.055,latency_s,0.048732
1757012150.055,latency_s,0.048319
1757012150.055,latency_s,0.047922
1757012150.079,latency_s,0.046890
1757012150.079,latency_s,0.046952
1757012150.083,latency_s,0.047534
1757012150.090,latency_s,0.046875
1757012150.094,latency_s,0.046825
1757012150.119,latency_s,0.046568
1757012150.128,latency_s,0.046896
1757012150.129,latency_s,0.046121
1757012150.139,latency_s,0.046257
1757012150.150,latency_s,0.048252
1757012150.150,latency_s,0.046624
1757012150.150,latency_s,0.046693
1757012150.152,latency_s,0.045906
1757012150.163,latency_s,0.056903
1757012150.164,latency_s,0.056823
1757012150.164,latency_s,0.056211
1757012150.164,latency_s,0.055966
1757012150.180,latency_s,0.047274
1757012150.180,latency_s,0.046357
1757012150.182,latency_s,0.046456
1757012150.189,latency_s,0.046268
1757012150.195,latency_s,0.046619
1757012150.221,latency_s,0.046830
1757012150.227,latency_s,0.046048
1757012150.230,latency_s,0.046415
1757012150.240,latency_s,0.046448
1757012150.250,latency_s,0.046780
1757012150.250,latency_s,0.046133
1757012150.252,latency_s,0.047640
1757012150.254,latency_s,0.046890
1757012150.255,latency_s,0.047864
1757012150.257,latency_s,0.050078
1757012150.257,latency_s,0.049640
1757012150.257,latency_s,0.049025
1757012150.281,latency_s,0.047813
1757012150.281,latency_s,0.047013
1757012150.287,latency_s,0.050766
1757012150.290,latency_s,0.046464
1757012150.297,latency_s,0.046220
1757012150.321,latency_s,0.046842
1757012150.329,latency_s,0.046622
1757012150.330,latency_s,0.045869
1757012150.340,latency_s,0.045920
1757012150.350,latency_s,0.046400
1757012150.351,latency_s,0.046105
1757012150.352,latency_s,0.047464
1757012150.354,latency_s,0.046516
1757012150.354,latency_s,0.046613
1757012150.365,latency_s,0.057200
1757012150.365,latency_s,0.056593
1757012150.365,latency_s,0.055998
1757012150.380,latency_s,0.046335
1757012150.381,latency_s,0.045631
1757012150.383,latency_s,0.046467
1757012150.391,latency_s,0.046602
1757012150.398,latency_s,0.045967
1757012150.422,latency_s,0.046283
1757012150.428,latency_s,0.045705
1757012150.431,latency_s,0.046099
1757012150.440,latency_s,0.045967
1757012150.453,latency_s,0.047601
1757012150.453,latency_s,0.046846
1757012150.454,latency_s,0.045821
1757012150.455,latency_s,0.046477
1757012150.456,latency_s,0.046072
1757012150.457,latency_s,0.047649
1757012150.457,latency_s,0.047928
1757012150.457,latency_s,0.047803
1757012150.481,latency_s,0.046597
1757012150.483,latency_s,0.046817
1757012150.489,latency_s,0.052446
1757012150.491,latency_s,0.046469
1757012150.499,latency_s,0.046092
1757012150.523,latency_s,0.046238
1757012150.530,latency_s,0.046582
1757012150.532,latency_s,0.046142
1757012150.541,latency_s,0.046082
1757012150.552,latency_s,0.045725
1757012150.554,latency_s,0.046067
1757012150.557,latency_s,0.047058
1757012150.557,latency_s,0.047421
1757012150.558,latency_s,0.047392
1757012150.558,latency_s,0.048158
1757012150.559,latency_s,0.046829
1757012150.567,latency_s,0.055019
1757012150.581,latency_s,0.046100
1757012150.584,latency_s,0.046941
1757012150.584,latency_s,0.047091
1757012150.591,latency_s,0.045801
1757012150.599,latency_s,0.046431
1757012150.624,latency_s,0.047013
1757012150.630,latency_s,0.046282
1757012150.632,latency_s,0.046136
1757012150.642,latency_s,0.046890
1757012150.653,latency_s,0.046540
1757012150.655,latency_s,0.046555
1757012150.656,latency_s,0.045664
1757012150.658,latency_s,0.047299
1757012150.658,latency_s,0.046915
1757012150.658,latency_s,0.046993
1757012150.658,latency_s,0.045626
1757012150.658,latency_s,0.045514
1757012150.682,latency_s,0.046415
1757012150.684,latency_s,0.046596
1757012150.684,latency_s,0.046820
1757012150.693,latency_s,0.047289
1757012150.701,latency_s,0.046386
1757012150.724,latency_s,0.046313
1757012150.730,latency_s,0.046080
1757012150.733,latency_s,0.046158
1757012150.743,latency_s,0.046875
1757012150.753,latency_s,0.046071
1757012150.756,latency_s,0.046963
1757012150.758,latency_s,0.046537
1757012150.758,latency_s,0.045836
1757012150.758,latency_s,0.045681
1757012150.760,latency_s,0.046992
1757012150.760,latency_s,0.046817
1757012150.760,latency_s,0.047144
1757012150.783,latency_s,0.047097
1757012150.785,latency_s,0.047277
1757012150.785,latency_s,0.047399
1757012150.792,latency_s,0.046490
1757012150.802,latency_s,0.046237
1757012150.825,latency_s,0.046299
1757012150.831,latency_s,0.046297
1757012150.834,latency_s,0.046541
1757012150.843,latency_s,0.046465
1757012150.854,latency_s,0.046247
1757012150.856,latency_s,0.046372
1757012150.858,latency_s,0.046259
1757012150.858,latency_s,0.045432
1757012150.860,latency_s,0.046978
1757012150.861,latency_s,0.047224
1757012150.861,latency_s,0.047269
1757012150.861,latency_s,0.047432
1757012150.884,latency_s,0.047824
1757012150.884,latency_s,0.046193
1757012150.884,latency_s,0.046076
1757012150.893,latency_s,0.046847
1757012150.903,latency_s,0.046449
1757012150.926,latency_s,0.046237
1757012150.933,latency_s,0.046664
1757012150.935,latency_s,0.046054
1757012150.944,latency_s,0.046478
1757012150.954,latency_s,0.045857
1757012150.957,latency_s,0.046085
1757012150.960,latency_s,0.048400
1757012150.961,latency_s,0.047042
1757012150.961,latency_s,0.047095
1757012150.961,latency_s,0.046870
1757012150.961,latency_s,0.046870
1757012150.961,latency_s,0.046956
1757012150.983,latency_s,0.045996
1757012150.986,latency_s,0.047102
1757012150.986,latency_s,0.047395
1757012150.994,latency_s,0.046834
1757012151.004,latency_s,0.046720
1757012151.027,latency_s,0.046083
1757012151.033,latency_s,0.045892
1757012151.037,latency_s,0.046699
1757012151.043,latency_s,0.046013
1757012151.056,latency_s,0.046771
1757012151.057,latency_s,0.046045
1757012151.060,latency_s,0.047137
1757012151.060,latency_s,0.046535
1757012151.060,latency_s,0.046666
1757012151.061,latency_s,0.047163
1757012151.062,latency_s,0.047735
1757012151.062,latency_s,0.047444
1757012151.087,latency_s,0.047458
1757012151.087,latency_s,0.047842
1757012151.087,latency_s,0.047666
1757012151.094,latency_s,0.046466
1757012151.106,latency_s,0.047627
1757012151.131,latency_s,0.048358
1757012151.134,latency_s,0.046285
1757012151.137,latency_s,0.046514
1757012151.144,latency_s,0.046179
1757012151.155,latency_s,0.046259
1757012151.156,latency_s,0.045089
1757012151.160,latency_s,0.046820
1757012151.161,latency_s,0.046680
1757012151.161,latency_s,0.046729
1757012151.163,latency_s,0.048307
1757012151.163,latency_s,0.048421
1757012151.163,latency_s,0.048170
1757012151.186,latency_s,0.046282
1757012151.188,latency_s,0.046425
1757012151.188,latency_s,0.046865
1757012151.193,latency_s,0.045807
1757012151.207,latency_s,0.046023
1757012151.276,latency_s,0.092028
1757012151.276,latency_s,0.085748
1757012151.276,latency_s,0.081419
1757012151.276,latency_s,0.077579
1757012151.276,latency_s,0.066307
1757012151.276,latency_s,0.064403
1757012151.276,latency_s,0.061452
1757012151.276,latency_s,0.061460
1757012151.276,latency_s,0.061402
1757012151.276,latency_s,0.061039
1757012151.276,latency_s,0.061056
1757012151.276,latency_s,0.061016
1757012151.287,latency_s,0.046484
1757012151.291,latency_s,0.048838
1757012151.292,latency_s,0.047003
1757012151.295,latency_s,0.046955
1757012151.308,latency_s,0.046265
1757012151.330,latency_s,0.046562
1757012151.337,latency_s,0.046575
1757012151.343,latency_s,0.047277
1757012151.345,latency_s,0.046471
1757012151.356,latency_s,0.046128
1757012151.358,latency_s,0.046195
1757012151.362,latency_s,0.047291
1757012151.362,latency_s,0.047478
1757012151.363,latency_s,0.047436
1757012151.366,latency_s,0.050586
1757012151.366,latency_s,0.050447
1757012151.366,latency_s,0.050505
1757012151.387,latency_s,0.046044
1757012151.391,latency_s,0.046587
1757012151.393,latency_s,0.046062
1757012151.395,latency_s,0.046692
1757012151.409,latency_s,0.046924
1757012151.431,latency_s,0.046635
1757012151.437,latency_s,0.046232
1757012151.444,latency_s,0.046649
1757012151.446,latency_s,0.046248
1757012151.457,latency_s,0.046481
1757012151.459,latency_s,0.046632
1757012151.462,latency_s,0.046368
1757012151.462,latency_s,0.046277
1757012151.464,latency_s,0.048143
1757012151.464,latency_s,0.048823
1757012151.473,latency_s,0.057068
1757012151.473,latency_s,0.057349
1757012151.488,latency_s,0.047065
1757012151.491,latency_s,0.046335
1757012151.495,latency_s,0.046917
1757012151.495,latency_s,0.046863
1757012151.510,latency_s,0.046811
1757012151.532,latency_s,0.046392
1757012151.539,latency_s,0.046508
1757012151.545,latency_s,0.046446
1757012151.546,latency_s,0.046191
1757012151.556,latency_s,0.045886
1757012151.559,latency_s,0.046682
1757012151.566,latency_s,0.049740
1757012151.566,latency_s,0.049681
1757012151.566,latency_s,0.049642
1757012151.566,latency_s,0.049653
1757012151.566,latency_s,0.050030
1757012151.567,latency_s,0.050545
1757012151.588,latency_s,0.046473
1757012151.592,latency_s,0.046020
1757012151.597,latency_s,0.047556
1757012151.597,latency_s,0.047576
1757012151.610,latency_s,0.046271
1757012151.633,latency_s,0.046851
1757012151.640,latency_s,0.046853
1757012151.646,latency_s,0.046774
1757012151.647,latency_s,0.046164
1757012151.657,latency_s,0.046194
1757012151.659,latency_s,0.046112
1757012151.664,latency_s,0.047380
1757012151.664,latency_s,0.047274
1757012151.664,latency_s,0.047647
1757012151.664,latency_s,0.047106
1757012151.664,latency_s,0.047092
1757012151.676,latency_s,0.059427
1757012151.688,latency_s,0.046257
1757012151.694,latency_s,0.046157
1757012151.696,latency_s,0.045900
1757012151.696,latency_s,0.046624
1757012151.711,latency_s,0.046916
1757012151.733,latency_s,0.046974
1757012151.743,latency_s,0.047103
1757012151.747,latency_s,0.047438
1757012151.748,latency_s,0.046520
1757012151.760,latency_s,0.048619
1757012151.760,latency_s,0.046551
1757012151.764,latency_s,0.047290
1757012151.764,latency_s,0.047258
1757012151.766,latency_s,0.048487
1757012151.766,latency_s,0.049237
1757012151.767,latency_s,0.049423
1757012151.769,latency_s,0.052138
1757012151.789,latency_s,0.046690
1757012151.795,latency_s,0.046425
1757012151.796,latency_s,0.045727
1757012151.796,latency_s,0.046257
1757012151.812,latency_s,0.046484
1757012151.833,latency_s,0.046738
1757012151.843,latency_s,0.047131
1757012151.848,latency_s,0.048016
1757012151.849,latency_s,0.047432
1757012151.858,latency_s,0.046229
1757012151.860,latency_s,0.045882
1757012151.865,latency_s,0.047409
1757012151.866,latency_s,0.049205
1757012151.866,latency_s,0.048994
1757012151.866,latency_s,0.048797
1757012151.867,latency_s,0.048996
1757012151.867,latency_s,0.049132
1757012151.889,latency_s,0.046150
1757012151.895,latency_s,0.046865
1757012151.898,latency_s,0.047515
1757012151.898,latency_s,0.047360
1757012151.912,latency_s,0.046346
1757012151.937,latency_s,0.046659
1757012151.944,latency_s,0.046955
1757012151.949,latency_s,0.047763
1757012151.949,latency_s,0.047202
1757012151.960,latency_s,0.047669
1757012151.960,latency_s,0.045881
1757012151.965,latency_s,0.047407
1757012151.966,latency_s,0.047540
1757012151.966,latency_s,0.047493
1757012151.968,latency_s,0.049996
1757012151.968,latency_s,0.050027
1757012151.968,latency_s,0.049848
1757012151.991,latency_s,0.047533
1757012151.997,latency_s,0.047535
1757012151.998,latency_s,0.047492
1757012151.999,latency_s,0.047637
1757012152.015,latency_s,0.046988
1757012152.038,latency_s,0.046953
1757012152.045,latency_s,0.047065
1757012152.048,latency_s,0.046518
1757012152.048,latency_s,0.046412
1757012152.059,latency_s,0.046717
1757012152.061,latency_s,0.046776
1757012152.069,latency_s,0.050282
1757012152.069,latency_s,0.050295
1757012152.069,latency_s,0.050290
1757012152.069,latency_s,0.050323
1757012152.069,latency_s,0.050585
1757012152.069,latency_s,0.050604
1757012152.092,latency_s,0.047907
1757012152.099,latency_s,0.048321
1757012152.099,latency_s,0.047271
1757012152.099,latency_s,0.047574
1757012152.115,latency_s,0.046674
1757012152.139,latency_s,0.046268
1757012152.144,latency_s,0.045378
1757012152.150,latency_s,0.047309
1757012152.150,latency_s,0.046481
1757012152.159,latency_s,0.046385
1757012152.162,latency_s,0.046485
1757012152.166,latency_s,0.047161
1757012152.166,latency_s,0.047610
1757012152.167,latency_s,0.047415
1757012152.169,latency_s,0.049889
1757012152.169,latency_s,0.050443
1757012152.169,latency_s,0.050416
1757012152.191,latency_s,0.046674
1757012152.199,latency_s,0.046492
1757012152.200,latency_s,0.047361
1757012152.200,latency_s,0.047289
1757012152.214,latency_s,0.045568
1757012152.239,latency_s,0.045903
1757012152.247,latency_s,0.048273
1757012152.251,latency_s,0.047316
1757012152.251,latency_s,0.047412
1757012152.259,latency_s,0.046147
1757012152.262,latency_s,0.046245
1757012152.268,latency_s,0.047941
1757012152.268,latency_s,0.047922
1757012152.268,latency_s,0.048399
1757012152.268,latency_s,0.048396
1757012152.268,latency_s,0.048252
1757012152.270,latency_s,0.047992
1757012152.291,latency_s,0.046415
1757012152.298,latency_s,0.045730
1757012152.300,latency_s,0.047130
1757012152.301,latency_s,0.048268
1757012152.318,latency_s,0.047080
1757012152.341,latency_s,0.046934
1757012152.347,latency_s,0.047085
1757012152.351,latency_s,0.046210
1757012152.352,latency_s,0.047405
1757012152.361,latency_s,0.047239
1757012152.363,latency_s,0.046487
1757012152.367,latency_s,0.046444
1757012152.369,latency_s,0.047782
1757012152.369,latency_s,0.047865
1757012152.371,latency_s,0.050162
1757012152.371,latency_s,0.050110
1757012152.371,latency_s,0.048816
1757012152.393,latency_s,0.048364
1757012152.400,latency_s,0.046810
1757012152.401,latency_s,0.047429
1757012152.401,latency_s,0.047640
1757012152.418,latency_s,0.046971
1757012152.442,latency_s,0.046879
1757012152.446,latency_s,0.045804
1757012152.452,latency_s,0.047281
1757012152.452,latency_s,0.047171
1757012152.460,latency_s,0.046166
1757012152.463,latency_s,0.046152
1757012152.467,latency_s,0.045927
1757012152.467,latency_s,0.045958
1757012152.471,latency_s,0.049700
1757012152.471,latency_s,0.049432
1757012152.471,latency_s,0.048453
1757012152.471,latency_s,0.048857
1757012152.491,latency_s,0.046357
1757012152.499,latency_s,0.045982
1757012152.502,latency_s,0.048156
1757012152.502,latency_s,0.047058
1757012152.520,latency_s,0.045681
1757012152.544,latency_s,0.047203
1757012152.547,latency_s,0.046021
1757012152.552,latency_s,0.047197
1757012152.552,latency_s,0.047209
1757012152.561,latency_s,0.047118
1757012152.564,latency_s,0.046056
1757012152.570,latency_s,0.047843
1757012152.570,latency_s,0.048154
1757012152.570,latency_s,0.048278
1757012152.570,latency_s,0.048246
1757012152.571,latency_s,0.047995
1757012152.572,latency_s,0.048704
1757012152.593,latency_s,0.046652
1757012152.601,latency_s,0.046736
1757012152.603,latency_s,0.047073
1757012152.604,latency_s,0.046088
1757012152.622,latency_s,0.046449
1757012152.648,latency_s,0.048590
1757012152.648,latency_s,0.046546
1757012152.653,latency_s,0.047307
1757012152.653,latency_s,0.046540
1757012152.661,latency_s,0.046467
1757012152.665,latency_s,0.046279
1757012152.668,latency_s,0.046095
1757012152.669,latency_s,0.046593
1757012152.669,latency_s,0.046727
1757012152.672,latency_s,0.050067
1757012152.672,latency_s,0.049072
1757012152.673,latency_s,0.049390
1757012152.693,latency_s,0.046336
1757012152.701,latency_s,0.046879
1757012152.703,latency_s,0.046354
1757012152.705,latency_s,0.046332
1757012152.723,latency_s,0.046981
1757012152.748,latency_s,0.047437
1757012152.748,latency_s,0.046585
1757012152.754,latency_s,0.047717
1757012152.754,latency_s,0.046747
1757012152.761,latency_s,0.046000
1757012152.766,latency_s,0.046811
1757012152.768,latency_s,0.045675
1757012152.769,latency_s,0.046586
1757012152.771,latency_s,0.048481
1757012152.771,latency_s,0.048748
1757012152.771,latency_s,0.047860
1757012152.772,latency_s,0.048005
1757012152.794,latency_s,0.046497
1757012152.802,latency_s,0.047381
1757012152.803,latency_s,0.046138
1757012152.805,latency_s,0.046583
1757012152.826,latency_s,0.046411
1757012152.849,latency_s,0.047070
1757012152.849,latency_s,0.047103
1757012152.852,latency_s,0.046081
1757012152.854,latency_s,0.045848
1757012152.863,latency_s,0.046776
1757012152.866,latency_s,0.046060
1757012152.869,latency_s,0.046596
1757012152.870,latency_s,0.046587
1757012152.874,latency_s,0.050696
1757012152.874,latency_s,0.049882
1757012152.874,latency_s,0.050090
1757012152.874,latency_s,0.049849
1757012152.895,latency_s,0.047312
1757012152.903,latency_s,0.047292
1757012152.903,latency_s,0.046356
1757012152.905,latency_s,0.046117
1757012152.927,latency_s,0.046956
1757012152.950,latency_s,0.047011
1757012152.950,latency_s,0.047186
1757012152.953,latency_s,0.046640
1757012152.956,latency_s,0.046183
1757012152.963,latency_s,0.046431
1757012152.966,latency_s,0.045899
1757012152.969,latency_s,0.046017
1757012152.970,latency_s,0.046462
1757012152.970,latency_s,0.046386
1757012152.971,latency_s,0.046885
1757012152.971,latency_s,0.046697
1757012152.973,latency_s,0.047322
1757012152.996,latency_s,0.046467
1757012153.004,latency_s,0.047663
1757012153.004,latency_s,0.047048
1757012153.006,latency_s,0.046416
1757012153.030,latency_s,0.046121
1757012153.050,latency_s,0.046883
1757012153.051,latency_s,0.046979
1757012153.053,latency_s,0.045758
1757012153.058,latency_s,0.045985
1757012153.064,latency_s,0.046555
1757012153.067,latency_s,0.046777
1757012153.072,latency_s,0.048927
1757012153.073,latency_s,0.048979
1757012153.073,latency_s,0.049073
1757012153.073,latency_s,0.048309
1757012153.073,latency_s,0.047902
1757012153.073,latency_s,0.047392
1757012153.097,latency_s,0.046658
1757012153.104,latency_s,0.047246
1757012153.104,latency_s,0.047138
1757012153.107,latency_s,0.046707
1757012153.131,latency_s,0.046807
1757012153.152,latency_s,0.047685
1757012153.152,latency_s,0.046781
1757012153.154,latency_s,0.046323
1757012153.163,latency_s,0.046108
1757012153.165,latency_s,0.046600
1757012153.167,latency_s,0.046429
1757012153.172,latency_s,0.047768
1757012153.173,latency_s,0.048901
1757012153.173,latency_s,0.048218
1757012153.173,latency_s,0.048022
1757012153.173,latency_s,0.047073
1757012153.173,latency_s,0.047168
1757012153.198,latency_s,0.046618
1757012153.205,latency_s,0.047255
1757012153.205,latency_s,0.047568
1757012153.207,latency_s,0.046193
1757012153.232,latency_s,0.046164
1757012153.252,latency_s,0.046916
1757012153.252,latency_s,0.046028
1757012153.254,latency_s,0.046211
1757012153.265,latency_s,0.046386
1757012153.269,latency_s,0.046870
1757012153.269,latency_s,0.046493
1757012153.271,latency_s,0.046419
1757012153.273,latency_s,0.048399
1757012153.273,latency_s,0.048091
1757012153.273,latency_s,0.047846
1757012153.273,latency_s,0.046463
1757012153.273,latency_s,0.046860
1757012153.299,latency_s,0.046180
1757012153.305,latency_s,0.046329
1757012153.307,latency_s,0.048328
1757012153.308,latency_s,0.046558
1757012153.335,latency_s,0.046924
1757012153.354,latency_s,0.047884
1757012153.359,latency_s,0.046446
1757012153.366,latency_s,0.046249
1757012153.372,latency_s,0.048289
1757012153.372,latency_s,0.047238
1757012153.372,latency_s,0.048427
1757012153.372,latency_s,0.047160
1757012153.375,latency_s,0.049679
1757012153.375,latency_s,0.049506
1757012153.375,latency_s,0.048035
1757012153.375,latency_s,0.048552
1757012153.400,latency_s,0.046517
1757012153.406,latency_s,0.046649
1757012153.407,latency_s,0.047215
1757012153.409,latency_s,0.047076
1757012153.435,latency_s,0.046838
1757012153.457,latency_s,0.048418
1757012153.459,latency_s,0.045595
1757012153.467,latency_s,0.046388
1757012153.470,latency_s,0.046491
1757012153.471,latency_s,0.045992
1757012153.471,latency_s,0.046001
1757012153.475,latency_s,0.048775
1757012153.475,latency_s,0.049165
1757012153.475,latency_s,0.046912
1757012153.475,latency_s,0.047078
1757012153.495,latency_s,0.190264
1757012153.495,latency_s,0.089395
1757012153.503,latency_s,0.047143
1757012153.508,latency_s,0.048032
1757012153.508,latency_s,0.047912
1757012153.508,latency_s,0.046329
1757012153.536,latency_s,0.046784
1757012153.553,latency_s,0.046229
1757012153.556,latency_s,0.047022
1757012153.562,latency_s,0.045670
1757012153.568,latency_s,0.045892
1757012153.570,latency_s,0.045748
1757012153.573,latency_s,0.047387
1757012153.577,latency_s,0.051345
1757012153.577,latency_s,0.050845
1757012153.577,latency_s,0.051099
1757012153.577,latency_s,0.048579
1757012153.577,latency_s,0.048584
1757012153.603,latency_s,0.046382
1757012153.610,latency_s,0.049413
1757012153.610,latency_s,0.047669
1757012153.610,latency_s,0.048296
1757012153.611,latency_s,0.185656
1757012153.611,latency_s,0.085642
1757012153.636,latency_s,0.046180
1757012153.654,latency_s,0.046433
1757012153.655,latency_s,0.046298
1757012153.668,latency_s,0.046363
1757012153.669,latency_s,0.045811
1757012153.673,latency_s,0.047253
1757012153.674,latency_s,0.047738
1757012153.674,latency_s,0.047898
1757012153.674,latency_s,0.048426
1757012153.674,latency_s,0.047719
1757012153.675,latency_s,0.048746
1757012153.676,latency_s,0.047138
1757012153.676,latency_s,0.047543
1757012153.703,latency_s,0.046466
1757012153.707,latency_s,0.046221
1757012153.709,latency_s,0.046252
1757012153.710,latency_s,0.047311
1757012153.740,latency_s,0.047385
1757012153.755,latency_s,0.046387
1757012153.755,latency_s,0.045360
1757012153.770,latency_s,0.046476
1757012153.773,latency_s,0.046741
1757012153.773,latency_s,0.046701
1757012153.775,latency_s,0.047953
1757012153.775,latency_s,0.048454
1757012153.775,latency_s,0.048292
1757012153.775,latency_s,0.048041
1757012153.777,latency_s,0.047295
1757012153.777,latency_s,0.047675
1757012153.805,latency_s,0.046357
1757012153.807,latency_s,0.045755
1757012153.810,latency_s,0.046406
1757012153.811,latency_s,0.047562
1757012153.841,latency_s,0.047161
1757012153.855,latency_s,0.046708
1757012153.857,latency_s,0.046339
1757012153.873,latency_s,0.046520
1757012153.873,latency_s,0.046855
1757012153.875,latency_s,0.047793
1757012153.877,latency_s,0.048927
1757012153.877,latency_s,0.048932
1757012153.877,latency_s,0.048877
1757012153.877,latency_s,0.049007
1757012153.878,latency_s,0.048227
1757012153.878,latency_s,0.048014
1757012153.906,latency_s,0.046229
1757012153.907,latency_s,0.183804
1757012153.907,latency_s,0.079407
1757012153.910,latency_s,0.047579
1757012153.911,latency_s,0.047457
1757012153.912,latency_s,0.048192
1757012153.941,latency_s,0.046639
1757012153.958,latency_s,0.046997
1757012153.958,latency_s,0.046953
1757012153.977,latency_s,0.050071
1757012153.977,latency_s,0.049125
1757012153.977,latency_s,0.050095
1757012153.978,latency_s,0.050022
1757012153.980,latency_s,0.051581
1757012153.980,latency_s,0.051760
1757012153.980,latency_s,0.051628
1757012153.980,latency_s,0.051036
1757012153.980,latency_s,0.050014
1757012153.980,latency_s,0.049121
1757012154.007,latency_s,0.046294
1757012154.010,latency_s,0.047339
1757012154.010,latency_s,0.046598
1757012154.011,latency_s,0.046573
1757012154.044,latency_s,0.046687
1757012154.060,latency_s,0.048137
1757012154.060,latency_s,0.048374
1757012154.075,latency_s,0.047875
1757012154.076,latency_s,0.048275
1757012154.076,latency_s,0.046660
1757012154.080,latency_s,0.050671
1757012154.080,latency_s,0.050706
1757012154.080,latency_s,0.050494
1757012154.080,latency_s,0.050753
1757012154.080,latency_s,0.050698
1757012154.080,latency_s,0.049660
1757012154.081,latency_s,0.049548
1757012154.110,latency_s,0.046490
1757012154.111,latency_s,0.048075
1757012154.112,latency_s,0.047511
1757012154.112,latency_s,0.046502
1757012154.145,latency_s,0.046770
1757012154.165,latency_s,0.047364
1757012154.165,latency_s,0.047429
1757012154.174,latency_s,0.046737
1757012154.181,latency_s,0.051674
1757012154.181,latency_s,0.051669
1757012154.181,latency_s,0.051325
1757012154.181,latency_s,0.051816
1757012154.181,latency_s,0.051534
1757012154.181,latency_s,0.051558
1757012154.181,latency_s,0.050810
1757012154.182,latency_s,0.050071
1757012154.210,latency_s,0.046720
1757012154.211,latency_s,0.046594
1757012154.213,latency_s,0.047369
1757012154.213,latency_s,0.047222
1757012154.245,latency_s,0.046543
1757012154.267,latency_s,0.046125
1757012154.268,latency_s,0.046521
1757012154.274,latency_s,0.046430
1757012154.279,latency_s,0.049453
1757012154.279,latency_s,0.049377
1757012154.280,latency_s,0.049320
1757012154.280,latency_s,0.049616
1757012154.280,latency_s,0.049840
1757012154.280,latency_s,0.049654
1757012154.280,latency_s,0.049195
1757012154.282,latency_s,0.049880
1757012154.311,latency_s,0.047079
1757012154.312,latency_s,0.047759
1757012154.312,latency_s,0.045652
1757012154.314,latency_s,0.048200
1757012154.315,latency_s,0.187225
1757012154.317,latency_s,0.089341
1757012154.348,latency_s,0.048867
1757012154.370,latency_s,0.046477
1757012154.370,latency_s,0.046190
1757012154.374,latency_s,0.045848
1757012154.413,latency_s,0.084624
1757012154.413,latency_s,0.082583
1757012154.413,latency_s,0.082419
1757012154.413,latency_s,0.082274
1757012154.413,latency_s,0.082539
1757012154.414,latency_s,0.082768
1757012154.414,latency_s,0.082774
1757012154.414,latency_s,0.082402
1757012154.414,latency_s,0.081293
1757012154.414,latency_s,0.049292
1757012154.414,latency_s,0.049036
1757012154.415,latency_s,0.048486
1757012154.415,latency_s,0.048927
1757012154.449,latency_s,0.046443
1757012154.474,latency_s,0.046733
1757012154.480,latency_s,0.051503
1757012154.480,latency_s,0.051384
1757012154.480,latency_s,0.049666
1757012154.480,latency_s,0.049228
1757012154.480,latency_s,0.049267
1757012154.481,latency_s,0.049642
1757012154.481,latency_s,0.049790
1757012154.481,latency_s,0.049654
1757012154.481,latency_s,0.049903
1757012154.481,latency_s,0.049417
1757012154.481,latency_s,0.048451
1757012154.513,latency_s,0.048245
1757012154.513,latency_s,0.048333
1757012154.516,latency_s,0.049515
1757012154.517,latency_s,0.049539
1757012154.551,latency_s,0.047355
1757012154.579,latency_s,0.050223
1757012154.579,latency_s,0.050177
1757012154.580,latency_s,0.050689
1757012154.580,latency_s,0.048539
1757012154.580,latency_s,0.047877
1757012154.580,latency_s,0.048673
1757012154.580,latency_s,0.049309
1757012154.580,latency_s,0.048954
1757012154.583,latency_s,0.049753
1757012154.583,latency_s,0.051630
1757012154.587,latency_s,0.055807
1757012154.588,latency_s,0.055554
1757012154.616,latency_s,0.051282
1757012154.616,latency_s,0.050807
1757012154.616,latency_s,0.048748
1757012154.616,latency_s,0.048877
1757012154.652,latency_s,0.047402
1757012154.676,latency_s,0.046204
1757012154.680,latency_s,0.048048
1757012154.680,latency_s,0.048444
1757012154.680,latency_s,0.048056
1757012154.680,latency_s,0.048224
1757012154.682,latency_s,0.049936
1757012154.683,latency_s,0.049882
1757012154.683,latency_s,0.049856
1757012154.683,latency_s,0.050296
1757012154.683,latency_s,0.049897
1757012154.688,latency_s,0.055338
1757012154.688,latency_s,0.056276
1757012154.717,latency_s,0.051906
1757012154.718,latency_s,0.051727
1757012154.718,latency_s,0.050343
1757012154.718,latency_s,0.050594
1757012154.751,latency_s,0.045385
1757012154.777,latency_s,0.046597
1757012154.780,latency_s,0.048125
1757012154.781,latency_s,0.048161
1757012154.781,latency_s,0.048081
1757012154.781,latency_s,0.047766
1757012154.781,latency_s,0.048140
1757012154.783,latency_s,0.049345
1757012154.783,latency_s,0.049878
1757012154.784,latency_s,0.050601
1757012154.784,latency_s,0.050251
1757012154.784,latency_s,0.050132
1757012154.784,latency_s,0.050206
1757012154.814,latency_s,0.047957
1757012154.814,latency_s,0.046878
1757012154.817,latency_s,0.048530
1757012154.817,latency_s,0.048506
1757012154.853,latency_s,0.046477
1757012154.878,latency_s,0.046570
1757012154.881,latency_s,0.047965
1757012154.882,latency_s,0.048982
1757012154.882,latency_s,0.049189
1757012154.882,latency_s,0.049141
1757012154.882,latency_s,0.048363
1757012154.883,latency_s,0.048776
1757012154.883,latency_s,0.048824
1757012154.885,latency_s,0.050490
1757012154.885,latency_s,0.050034
1757012154.885,latency_s,0.049977
1757012154.912,latency_s,0.046350
1757012154.914,latency_s,0.045998
1757012154.916,latency_s,0.047958
1757012154.918,latency_s,0.049268
1757012154.956,latency_s,0.049428
1757012154.978,latency_s,0.045889
1757012154.984,latency_s,0.050184
1757012154.984,latency_s,0.049976
1757012154.984,latency_s,0.050388
1757012154.984,latency_s,0.049178
1757012154.984,latency_s,0.049944
1757012154.984,latency_s,0.050220
1757012154.984,latency_s,0.049488
1757012154.984,latency_s,0.050247
1757012154.985,latency_s,0.049355
1757012154.985,latency_s,0.049005
1757012155.013,latency_s,0.046407
1757012155.014,latency_s,0.045813
1757012155.020,latency_s,0.050717
1757012155.021,latency_s,0.052110
1757012155.028,latency_s,0.193498
1757012155.028,latency_s,0.093420
1757012155.053,latency_s,0.046156
1757012155.079,latency_s,0.046635
1757012155.086,latency_s,0.051616
1757012155.086,latency_s,0.051768
1757012155.086,latency_s,0.051853
1757012155.086,latency_s,0.051682
1757012155.088,latency_s,0.053276
1757012155.088,latency_s,0.053371
1757012155.088,latency_s,0.053235
1757012155.088,latency_s,0.053288
1757012155.088,latency_s,0.052794
1757012155.089,latency_s,0.053202
1757012155.089,latency_s,0.051657
1757012155.116,latency_s,0.048553
1757012155.116,latency_s,0.046017
1757012155.122,latency_s,0.051732
1757012155.122,latency_s,0.051706
1757012155.154,latency_s,0.046893
1757012155.179,latency_s,0.046266
1757012155.187,latency_s,0.051863
1757012155.187,latency_s,0.051986
1757012155.187,latency_s,0.051955
1757012155.187,latency_s,0.051986
1757012155.187,latency_s,0.052181
1757012155.188,latency_s,0.051731
1757012155.188,latency_s,0.052266
1757012155.188,latency_s,0.052212
1757012155.188,latency_s,0.051861
1757012155.188,latency_s,0.051573
1757012155.188,latency_s,0.050339
1757012155.213,latency_s,0.046068
1757012155.216,latency_s,0.045767
1757012155.223,latency_s,0.053263
1757012155.224,latency_s,0.052583
1757012155.254,latency_s,0.046509
1757012155.280,latency_s,0.046359
1757012155.284,latency_s,0.049032
1757012155.288,latency_s,0.052782
1757012155.288,latency_s,0.052541
1757012155.288,latency_s,0.052345
1757012155.288,latency_s,0.052503
1757012155.288,latency_s,0.050942
1757012155.288,latency_s,0.049971
1757012155.289,latency_s,0.049737
1757012155.289,latency_s,0.049976
1757012155.292,latency_s,0.047172
1757012155.292,latency_s,0.047205
1757012155.314,latency_s,0.046442
1757012155.316,latency_s,0.046142
1757012155.325,latency_s,0.054269
1757012155.325,latency_s,0.053458
1757012155.356,latency_s,0.047410
1757012155.380,latency_s,0.046361
1757012155.382,latency_s,0.045704
1757012155.384,latency_s,0.047897
1757012155.384,latency_s,0.048048
1757012155.384,latency_s,0.047615
1757012155.384,latency_s,0.047980
1757012155.385,latency_s,0.046942
1757012155.430,latency_s,0.091254
1757012155.430,latency_s,0.091030
1757012155.430,latency_s,0.090797
1757012155.430,latency_s,0.084958
1757012155.430,latency_s,0.084774
1757012155.430,latency_s,0.062349
1757012155.431,latency_s,0.060009
1757012155.431,latency_s,0.059750
1757012155.431,latency_s,0.058233
1757012155.457,latency_s,0.047055
1757012155.480,latency_s,0.045987
1757012155.483,latency_s,0.047083
1757012155.484,latency_s,0.047029
1757012155.485,latency_s,0.045677
1757012155.486,latency_s,0.045727
1757012155.488,latency_s,0.047180
1757012155.489,latency_s,0.048499
1757012155.489,latency_s,0.048737
1757012155.490,latency_s,0.047048
1757012155.493,latency_s,0.047408
1757012155.493,latency_s,0.047228
1757012155.493,latency_s,0.046963
1757012155.520,latency_s,0.051146
1757012155.520,latency_s,0.049241
1757012155.520,latency_s,0.048182
1757012155.520,latency_s,0.047290
1757012155.559,latency_s,0.046657
1757012155.582,latency_s,0.046780
1757012155.583,latency_s,0.046031
1757012155.584,latency_s,0.047397
1757012155.586,latency_s,0.046064
1757012155.587,latency_s,0.045905
1757012155.590,latency_s,0.048699
1757012155.591,latency_s,0.049427
1757012155.591,latency_s,0.049552
1757012155.591,latency_s,0.048145
1757012155.595,latency_s,0.047702
1757012155.595,latency_s,0.047307
1757012155.615,latency_s,0.046057
1757012155.619,latency_s,0.048184
1757012155.620,latency_s,0.047614
1757012155.620,latency_s,0.046727
1757012155.661,latency_s,0.047169
1757012155.684,latency_s,0.047481
1757012155.684,latency_s,0.046702
1757012155.686,latency_s,0.046387
1757012155.687,latency_s,0.046199
1757012155.689,latency_s,0.046572
1757012155.689,latency_s,0.047108
1757012155.689,latency_s,0.046308
1757012155.691,latency_s,0.047752
1757012155.692,latency_s,0.048024
1757012155.694,latency_s,0.046305
1757012155.694,latency_s,0.046369
1757012155.715,latency_s,0.046063
1757012155.721,latency_s,0.049263
1757012155.721,latency_s,0.047558
1757012155.721,latency_s,0.046244
1757012155.761,latency_s,0.046406
1757012155.774,latency_s,0.226620
1757012155.774,latency_s,0.126580
1757012155.782,latency_s,0.046067
1757012155.784,latency_s,0.046311
1757012155.787,latency_s,0.046292
1757012155.789,latency_s,0.046592
1757012155.789,latency_s,0.046675
1757012155.791,latency_s,0.046683
1757012155.791,latency_s,0.046634
1757012155.792,latency_s,0.046673
1757012155.796,latency_s,0.047726
1757012155.797,latency_s,0.049057
1757012155.797,latency_s,0.048091
1757012155.810,latency_s,0.061990
1757012155.816,latency_s,0.046475
1757012155.820,latency_s,0.048146
1757012155.820,latency_s,0.046363
1757012155.823,latency_s,0.046932
1757012155.861,latency_s,0.046306
1757012155.883,latency_s,0.046650
1757012155.884,latency_s,0.045715
1757012155.888,latency_s,0.046841
1757012155.890,latency_s,0.047016
1757012155.890,latency_s,0.046788
1757012155.892,latency_s,0.046844
1757012155.892,latency_s,0.046809
1757012155.892,latency_s,0.046775
1757012155.897,latency_s,0.047665
1757012155.897,latency_s,0.047908
1757012155.897,latency_s,0.047803
1757012155.897,latency_s,0.046002
1757012155.916,latency_s,0.046347
1757012155.919,latency_s,0.047048
1757012155.921,latency_s,0.046777
1757012155.926,latency_s,0.048616
1757012155.962,latency_s,0.046667
1757012155.985,latency_s,0.047969
1757012155.985,latency_s,0.047233
1757012155.988,latency_s,0.046388
1757012155.989,latency_s,0.045854
1757012155.991,latency_s,0.045867
1757012155.994,latency_s,0.047879
1757012155.994,latency_s,0.047671
1757012155.994,latency_s,0.047716
1757012155.995,latency_s,0.045647
1757012155.997,latency_s,0.047032
1757012155.997,latency_s,0.047263
1757012155.999,latency_s,0.047553
1757012156.016,latency_s,0.046191
1757012156.021,latency_s,0.048877
1757012156.022,latency_s,0.047293
1757012156.024,latency_s,0.045865
1757012156.063,latency_s,0.046988
1757012156.085,latency_s,0.046915
1757012156.085,latency_s,0.046438
1757012156.088,latency_s,0.045998
1757012156.090,latency_s,0.046235
1757012156.092,latency_s,0.046039
1757012156.092,latency_s,0.045841
1757012156.093,latency_s,0.046185
1757012156.093,latency_s,0.046401
1757012156.097,latency_s,0.046664
1757012156.097,latency_s,0.046750
1757012156.097,latency_s,0.046494
1757012156.098,latency_s,0.046133
1757012156.117,latency_s,0.046011
1757012156.119,latency_s,0.046134
1757012156.123,latency_s,0.048828
1757012156.124,latency_s,0.046190
1757012156.163,latency_s,0.046660
1757012156.185,latency_s,0.046556
1757012156.186,latency_s,0.046210
1757012156.188,latency_s,0.045614
1757012156.190,latency_s,0.045935
1757012156.194,latency_s,0.047088
1757012156.195,latency_s,0.046948
1757012156.197,latency_s,0.049257
1757012156.197,latency_s,0.048712
1757012156.197,latency_s,0.046763
1757012156.197,latency_s,0.046632
1757012156.197,latency_s,0.046393
1757012156.200,latency_s,0.046945
1757012156.217,latency_s,0.046173
1757012156.219,latency_s,0.045846
1757012156.222,latency_s,0.046406
1757012156.226,latency_s,0.046472
1757012156.264,latency_s,0.046306
1757012156.284,latency_s,0.046124
1757012156.286,latency_s,0.046054
1757012156.289,latency_s,0.046189
1757012156.291,latency_s,0.045731
1757012156.298,latency_s,0.047062
1757012156.298,latency_s,0.047205
1757012156.300,latency_s,0.049233
1757012156.300,latency_s,0.049426
1757012156.300,latency_s,0.049561
1757012156.300,latency_s,0.048783
1757012156.300,latency_s,0.049036
1757012156.301,latency_s,0.047724
1757012156.318,latency_s,0.046486
1757012156.321,latency_s,0.047056
1757012156.322,latency_s,0.046100
1757012156.327,latency_s,0.047503
1757012156.364,latency_s,0.045993
1757012156.385,latency_s,0.046456
1757012156.387,latency_s,0.046120
1757012156.389,latency_s,0.045875
1757012156.391,latency_s,0.045884
1757012156.398,latency_s,0.047082
1757012156.398,latency_s,0.046849
1757012156.398,latency_s,0.047236
1757012156.399,latency_s,0.048079
1757012156.399,latency_s,0.047240
1757012156.399,latency_s,0.045950
1757012156.400,latency_s,0.046790
1757012156.400,latency_s,0.046855
1757012156.419,latency_s,0.047161
1757012156.419,latency_s,0.045584
1757012156.422,latency_s,0.045646
1757012156.427,latency_s,0.046365
1757012156.465,latency_s,0.046373
1757012156.487,latency_s,0.047423
1757012156.489,latency_s,0.047830
1757012156.490,latency_s,0.046116
1757012156.491,latency_s,0.045711
1757012156.499,latency_s,0.046905
1757012156.500,latency_s,0.047530
1757012156.500,latency_s,0.047979
1757012156.500,latency_s,0.048166
1757012156.500,latency_s,0.048068
1757012156.503,latency_s,0.049755
1757012156.503,latency_s,0.049489
1757012156.503,latency_s,0.049552
1757012156.520,latency_s,0.046980
1757012156.520,latency_s,0.045620
1757012156.525,latency_s,0.046997
1757012156.528,latency_s,0.046269
1757012156.566,latency_s,0.046643
1757012156.586,latency_s,0.046653
1757012156.588,latency_s,0.046559
1757012156.590,latency_s,0.046056
1757012156.592,latency_s,0.046162
1757012156.601,latency_s,0.048309
1757012156.601,latency_s,0.048388
1757012156.601,latency_s,0.048395
1757012156.601,latency_s,0.048196
1757012156.602,latency_s,0.048465
1757012156.602,latency_s,0.047939
1757012156.602,latency_s,0.047703
1757012156.604,latency_s,0.049798
1757012156.620,latency_s,0.046724
1757012156.620,latency_s,0.045723
1757012156.625,latency_s,0.046575
1757012156.629,latency_s,0.046717
1757012156.666,latency_s,0.046577
1757012156.687,latency_s,0.046601
1757012156.688,latency_s,0.046248
1757012156.690,latency_s,0.046004
1757012156.692,latency_s,0.046232
1757012156.701,latency_s,0.047399
1757012156.701,latency_s,0.047352
1757012156.702,latency_s,0.048354
1757012156.702,latency_s,0.048425
1757012156.702,latency_s,0.048108
1757012156.702,latency_s,0.047501
1757012156.704,latency_s,0.049654
1757012156.705,latency_s,0.049938
1757012156.721,latency_s,0.046450
1757012156.721,latency_s,0.045724
1757012156.727,latency_s,0.046973
1757012156.728,latency_s,0.045508
1757012156.766,latency_s,0.046577
1757012156.786,latency_s,0.046065
1757012156.790,latency_s,0.046984
1757012156.790,latency_s,0.045743
1757012156.793,latency_s,0.046857
1757012156.800,latency_s,0.045720
1757012156.802,latency_s,0.047570
1757012156.803,latency_s,0.048111
1757012156.803,latency_s,0.048417
1757012156.803,latency_s,0.048432
1757012156.803,latency_s,0.048081
1757012156.804,latency_s,0.049138
1757012156.804,latency_s,0.049248
1757012156.820,latency_s,0.045829
1757012156.822,latency_s,0.046108
1757012156.826,latency_s,0.045844
1757012156.831,latency_s,0.046568
1757012156.867,latency_s,0.046164
1757012156.928,latency_s,0.087483
1757012156.928,latency_s,0.085467
1757012156.928,latency_s,0.083150
1757012156.928,latency_s,0.081257
1757012156.928,latency_s,0.074142
1757012156.928,latency_s,0.073989
1757012156.928,latency_s,0.073526
1757012156.928,latency_s,0.073564
1757012156.928,latency_s,0.073329
1757012156.929,latency_s,0.073260
1757012156.929,latency_s,0.073900
1757012156.929,latency_s,0.073084
1757012156.929,latency_s,0.052977
1757012156.929,latency_s,0.052723
1757012156.929,latency_s,0.047554
1757012156.937,latency_s,0.051661
1757012156.969,latency_s,0.047140
1757012156.987,latency_s,0.045887
1757012156.989,latency_s,0.046354
1757012156.992,latency_s,0.045877
1757012156.993,latency_s,0.045945
1757012157.001,latency_s,0.046164
1757012157.002,latency_s,0.046955
1757012157.002,latency_s,0.046652
1757012157.004,latency_s,0.049058
1757012157.004,latency_s,0.049077
1757012157.005,latency_s,0.049528
1757012157.006,latency_s,0.049850
1757012157.006,latency_s,0.049754
1757012157.023,latency_s,0.047098
1757012157.026,latency_s,0.049703
1757012157.028,latency_s,0.046602
1757012157.033,latency_s,0.047361
1757012157.070,latency_s,0.047287
1757012157.089,latency_s,0.047141
1757012157.094,latency_s,0.049103
1757012157.094,latency_s,0.048098
1757012157.094,latency_s,0.046879
1757012157.103,latency_s,0.047355
1757012157.103,latency_s,0.047712
1757012157.105,latency_s,0.049372
1757012157.105,latency_s,0.049286
1757012157.105,latency_s,0.049150
1757012157.105,latency_s,0.048270
1757012157.105,latency_s,0.049389
1757012157.108,latency_s,0.051414
1757012157.131,latency_s,0.053955
1757012157.131,latency_s,0.054189
1757012157.131,latency_s,0.048823
1757012157.135,latency_s,0.048902
1757012157.171,latency_s,0.047631
1757012157.189,latency_s,0.046468
1757012157.193,latency_s,0.046483
1757012157.194,latency_s,0.045496
1757012157.196,latency_s,0.046208
1757012157.204,latency_s,0.047312
1757012157.204,latency_s,0.047356
1757012157.204,latency_s,0.047366
1757012157.206,latency_s,0.048675
1757012157.208,latency_s,0.050930
1757012157.208,latency_s,0.050061
1757012157.209,latency_s,0.049900
1757012157.209,latency_s,0.050018
1757012157.224,latency_s,0.047096
1757012157.228,latency_s,0.050699
1757012157.230,latency_s,0.046847
1757012157.234,latency_s,0.046908
1757012157.271,latency_s,0.046789
1757012157.290,latency_s,0.046421
1757012157.295,latency_s,0.048653
1757012157.295,latency_s,0.046317
1757012157.297,latency_s,0.046583
1757012157.305,latency_s,0.048705
1757012157.306,latency_s,0.048580
1757012157.306,latency_s,0.048786
1757012157.306,latency_s,0.048606
1757012157.306,latency_s,0.047694
1757012157.306,latency_s,0.046751
1757012157.306,latency_s,0.046844
1757012157.309,latency_s,0.049464
1757012157.324,latency_s,0.046151
1757012157.324,latency_s,0.045959
1757012157.332,latency_s,0.047891
1757012157.333,latency_s,0.045966
1757012157.371,latency_s,0.046891
1757012157.390,latency_s,0.046429
1757012157.393,latency_s,0.046062
1757012157.396,latency_s,0.046358
1757012157.398,latency_s,0.046581
1757012157.404,latency_s,0.046673
1757012157.404,latency_s,0.047082
1757012157.406,latency_s,0.046638
1757012157.407,latency_s,0.047973
1757012157.409,latency_s,0.050439
1757012157.409,latency_s,0.049332
1757012157.410,latency_s,0.049567
1757012157.410,latency_s,0.049971
1757012157.425,latency_s,0.047039
1757012157.425,latency_s,0.046139
1757012157.431,latency_s,0.046321
1757012157.433,latency_s,0.045909
1757012157.471,latency_s,0.046717
1757012157.492,latency_s,0.047607
1757012157.494,latency_s,0.045791
1757012157.496,latency_s,0.045614
1757012157.498,latency_s,0.046003
1757012157.506,latency_s,0.047962
1757012157.506,latency_s,0.047965
1757012157.506,latency_s,0.046402
1757012157.507,latency_s,0.046397
1757012157.508,latency_s,0.046928
1757012157.508,latency_s,0.046923
1757012157.509,latency_s,0.047559
1757012157.509,latency_s,0.047185
1757012157.525,latency_s,0.045946
1757012157.529,latency_s,0.046824
1757012157.530,latency_s,0.045749
1757012157.535,latency_s,0.047057
1757012157.571,latency_s,0.046655
1757012157.592,latency_s,0.046332
1757012157.596,latency_s,0.046641
1757012157.597,latency_s,0.045962
1757012157.600,latency_s,0.046374
1757012157.604,latency_s,0.046192
1757012157.606,latency_s,0.048196
1757012157.606,latency_s,0.046095
1757012157.607,latency_s,0.045933
1757012157.607,latency_s,0.046141
1757012157.609,latency_s,0.047442
1757012157.609,latency_s,0.047704
1757012157.610,latency_s,0.047556
1757012157.626,latency_s,0.046157
1757012157.631,latency_s,0.046586
1757012157.632,latency_s,0.046974
1757012157.634,latency_s,0.046259
1757012157.672,latency_s,0.046466
1757012157.694,latency_s,0.046602
1757012157.696,latency_s,0.046587
1757012157.697,latency_s,0.046168
1757012157.701,latency_s,0.046376
1757012157.705,latency_s,0.046829
1757012157.705,latency_s,0.046627
1757012157.711,latency_s,0.049910
1757012157.712,latency_s,0.049762
1757012157.712,latency_s,0.049882
1757012157.712,latency_s,0.050382
1757012157.712,latency_s,0.050357
1757012157.712,latency_s,0.049332
1757012157.726,latency_s,0.045915
1757012157.731,latency_s,0.046222
1757012157.732,latency_s,0.046333
1757012157.736,latency_s,0.048043
1757012157.772,latency_s,0.046579
1757012157.793,latency_s,0.046376
1757012157.796,latency_s,0.046368
1757012157.798,latency_s,0.046424
1757012157.800,latency_s,0.045450
1757012157.807,latency_s,0.047778
1757012157.807,latency_s,0.047868
1757012157.811,latency_s,0.047697
1757012157.811,latency_s,0.047822
1757012157.811,latency_s,0.048302
1757012157.812,latency_s,0.048097
1757012157.813,latency_s,0.049295
1757012157.813,latency_s,0.049354
1757012157.827,latency_s,0.046218
1757012157.833,latency_s,0.047289
1757012157.835,latency_s,0.047881
1757012157.835,latency_s,0.046271
1757012157.872,latency_s,0.046379
1757012157.895,latency_s,0.046958
1757012157.897,latency_s,0.046410
1757012157.898,latency_s,0.046487
1757012157.902,latency_s,0.045995
1757012157.906,latency_s,0.046719
1757012157.906,latency_s,0.047005
1757012157.913,latency_s,0.049634
1757012157.913,latency_s,0.049747
1757012157.913,latency_s,0.049401
1757012157.913,latency_s,0.048815
1757012157.913,latency_s,0.048439
1757012157.913,latency_s,0.048639
1757012157.928,latency_s,0.046623
1757012157.933,latency_s,0.046938
1757012157.933,latency_s,0.046162
1757012157.934,latency_s,0.045348
1757012157.975,latency_s,0.046082
1757012157.995,latency_s,0.046022
1757012157.996,latency_s,0.045940
1757012157.999,latency_s,0.046389
1757012158.005,latency_s,0.047134
1757012158.008,latency_s,0.047390
1757012158.013,latency_s,0.052477
1757012158.013,latency_s,0.050071
1757012158.013,latency_s,0.050110
1757012158.013,latency_s,0.049566
1757012158.013,latency_s,0.048693
1757012158.013,latency_s,0.048414
1757012158.013,latency_s,0.048142
1757012158.027,latency_s,0.046233
1757012158.032,latency_s,0.046170
1757012158.034,latency_s,0.046227
1757012158.035,latency_s,0.045756
1757012158.076,latency_s,0.046640
1757012158.098,latency_s,0.047447
1757012158.098,latency_s,0.046540
1757012158.100,latency_s,0.046118
1757012158.106,latency_s,0.047207
1757012158.108,latency_s,0.046877
1757012158.108,latency_s,0.046962
1757012158.111,latency_s,0.047059
1757012158.111,latency_s,0.047319
1757012158.111,latency_s,0.047030
1757012158.114,latency_s,0.049037
1757012158.114,latency_s,0.048832
1757012158.114,latency_s,0.048412
1757012158.128,latency_s,0.046247
1757012158.134,latency_s,0.046988
1757012158.137,latency_s,0.047958
1757012158.223,latency_s,0.133387
1757012158.223,latency_s,0.093708
1757012158.223,latency_s,0.071148
1757012158.223,latency_s,0.070912
1757012158.223,latency_s,0.069059
1757012158.223,latency_s,0.063874
1757012158.223,latency_s,0.061884
1757012158.224,latency_s,0.061759
1757012158.224,latency_s,0.058912
1757012158.224,latency_s,0.058892
1757012158.224,latency_s,0.059177
1757012158.224,latency_s,0.058238
1757012158.224,latency_s,0.058029
1757012158.224,latency_s,0.057254
1757012158.235,latency_s,0.052885
1757012158.238,latency_s,0.048572
1757012158.242,latency_s,0.051997
1757012158.243,latency_s,0.050937
1757012158.277,latency_s,0.046880
1757012158.299,latency_s,0.046517
1757012158.302,latency_s,0.046261
1757012158.302,latency_s,0.046297
1757012158.308,latency_s,0.046945
1757012158.308,latency_s,0.045701
1757012158.310,latency_s,0.047464
1757012158.311,latency_s,0.046328
1757012158.311,latency_s,0.046458
1757012158.314,latency_s,0.048806
1757012158.314,latency_s,0.048548
1757012158.314,latency_s,0.048387
1757012158.314,latency_s,0.046463
1757012158.339,latency_s,0.056262
1757012158.339,latency_s,0.047882
1757012158.339,latency_s,0.048270
1757012158.340,latency_s,0.048097
1757012158.378,latency_s,0.046565
1757012158.400,latency_s,0.046938
1757012158.403,latency_s,0.046947
1757012158.403,latency_s,0.046590
1757012158.411,latency_s,0.048577
1757012158.411,latency_s,0.048347
1757012158.411,latency_s,0.048589
1757012158.413,latency_s,0.047473
1757012158.413,latency_s,0.047502
1757012158.415,latency_s,0.049392
1757012158.415,latency_s,0.049674
1757012158.415,latency_s,0.049346
1757012158.415,latency_s,0.046860
1757012158.440,latency_s,0.057452
1757012158.440,latency_s,0.049117
1757012158.440,latency_s,0.048032
1757012158.441,latency_s,0.047823
1757012158.478,latency_s,0.046834
1757012158.500,latency_s,0.046594
1757012158.503,latency_s,0.045998
1757012158.504,latency_s,0.046213
1757012158.509,latency_s,0.045810
1757012158.510,latency_s,0.047005
1757012158.510,latency_s,0.047096
1757012158.513,latency_s,0.047359
1757012158.513,latency_s,0.047471
1757012158.516,latency_s,0.049598
1757012158.516,latency_s,0.049500
1757012158.516,latency_s,0.049886
1757012158.516,latency_s,0.046984
1757012158.539,latency_s,0.055612
1757012158.539,latency_s,0.047439
1757012158.540,latency_s,0.046318
1757012158.544,latency_s,0.050274
1757012158.579,latency_s,0.047204
1757012158.601,latency_s,0.046676
1757012158.604,latency_s,0.046548
1757012158.605,latency_s,0.046992
1757012158.609,latency_s,0.045560
1757012158.611,latency_s,0.047384
1757012158.611,latency_s,0.047321
1757012158.613,latency_s,0.047259
1757012158.614,latency_s,0.047211
1757012158.614,latency_s,0.047485
1757012158.616,latency_s,0.049159
1757012158.616,latency_s,0.049142
1757012158.617,latency_s,0.046430
1757012158.630,latency_s,0.046347
1757012158.639,latency_s,0.047118
1757012158.640,latency_s,0.045775
1757012158.645,latency_s,0.050197
1757012158.680,latency_s,0.046742
1757012158.701,latency_s,0.046449
1757012158.704,latency_s,0.046031
1757012158.705,latency_s,0.046249
1757012158.712,latency_s,0.047271
1757012158.712,latency_s,0.047396
1757012158.713,latency_s,0.048614
1757012158.713,latency_s,0.046548
1757012158.713,latency_s,0.046675
1757012158.715,latency_s,0.048346
1757012158.715,latency_s,0.048403
1757012158.715,latency_s,0.048373
1757012158.717,latency_s,0.046164
1757012158.740,latency_s,0.055411
1757012158.740,latency_s,0.046477
1757012158.748,latency_s,0.052330
1757012158.748,latency_s,0.051213
1757012158.780,latency_s,0.046330
1757012158.801,latency_s,0.046518
1757012158.804,latency_s,0.046094
1757012158.805,latency_s,0.046493
1757012158.811,latency_s,0.046284
1757012158.813,latency_s,0.048083
1757012158.813,latency_s,0.047927
1757012158.814,latency_s,0.046753
1757012158.814,latency_s,0.046813
1757012158.814,latency_s,0.046669
1757012158.816,latency_s,0.048934
1757012158.816,latency_s,0.048910
1757012158.817,latency_s,0.046270
1757012158.831,latency_s,0.046650
1757012158.841,latency_s,0.047164
1757012158.842,latency_s,0.046441
1757012158.847,latency_s,0.049724
1757012158.880,latency_s,0.046664
1757012158.902,latency_s,0.047280
1757012158.907,latency_s,0.047419
1757012158.907,latency_s,0.047401
1757012158.913,latency_s,0.047986
1757012158.913,latency_s,0.047717
1757012158.914,latency_s,0.048015
1757012158.914,latency_s,0.046754
1757012158.917,latency_s,0.049032
1757012158.917,latency_s,0.048894
1757012158.917,latency_s,0.049536
1757012158.917,latency_s,0.049402
1757012158.920,latency_s,0.045969
1757012158.931,latency_s,0.045850
1757012158.940,latency_s,0.045590
1757012158.944,latency_s,0.047465
1757012158.944,latency_s,0.047092
1757012158.980,latency_s,0.046215
1757012159.002,latency_s,0.046882
1757012159.006,latency_s,0.046420
1757012159.007,latency_s,0.046128
1757012159.011,latency_s,0.045360
1757012159.015,latency_s,0.048479
1757012159.015,latency_s,0.049065
1757012159.015,latency_s,0.047410
1757012159.015,latency_s,0.047298
1757012159.016,latency_s,0.047214
1757012159.018,latency_s,0.049394
1757012159.018,latency_s,0.049948
1757012159.022,latency_s,0.046235
1757012159.031,latency_s,0.045993
1757012159.041,latency_s,0.046660
1757012159.045,latency_s,0.047369
1757012159.046,latency_s,0.047671
1757012159.081,latency_s,0.046699
1757012159.105,latency_s,0.048664
1757012159.107,latency_s,0.046553
1757012159.107,latency_s,0.046508
1757012159.119,latency_s,0.051253
1757012159.119,latency_s,0.051230
1757012159.119,latency_s,0.051295
1757012159.119,latency_s,0.050789
1757012159.119,latency_s,0.051030
1757012159.120,latency_s,0.051218
1757012159.120,latency_s,0.050629
1757012159.120,latency_s,0.050591
1757012159.126,latency_s,0.049430
1757012159.131,latency_s,0.045735
1757012159.142,latency_s,0.047039
1757012159.146,latency_s,0.047311
1757012159.146,latency_s,0.046988
1757012159.184,latency_s,0.048546
1757012159.203,latency_s,0.046003
1757012159.208,latency_s,0.047517
1757012159.208,latency_s,0.047009
1757012159.216,latency_s,0.047067
1757012159.216,latency_s,0.047174
1757012159.216,latency_s,0.047232
1757012159.216,latency_s,0.047661
1757012159.220,latency_s,0.051125
1757012159.220,latency_s,0.051096
1757012159.220,latency_s,0.050598
1757012159.220,latency_s,0.050494
1757012159.223,latency_s,0.046022
1757012159.233,latency_s,0.046401
1757012159.241,latency_s,0.045891
1757012159.246,latency_s,0.046561
1757012159.252,latency_s,0.048056
1757012159.285,latency_s,0.046757
1757012159.309,latency_s,0.047297
1757012159.309,latency_s,0.047497
1757012159.317,latency_s,0.047840
1757012159.317,latency_s,0.048493
1757012159.318,latency_s,0.047955
1757012159.318,latency_s,0.048097
1757012159.318,latency_s,0.047995
1757012159.320,latency_s,0.049699
1757012159.320,latency_s,0.049679
1757012159.320,latency_s,0.049972
1757012159.326,latency_s,0.048463
1757012159.332,latency_s,0.045871
1757012159.342,latency_s,0.046080
1757012159.346,latency_s,0.045841
1757012159.354,latency_s,0.046684
1757012159.389,latency_s,0.046701
1757012159.408,latency_s,0.045982
1757012159.411,latency_s,0.046753
1757012159.415,latency_s,0.045706
1757012159.418,latency_s,0.046454
1757012159.419,latency_s,0.047725
1757012159.419,latency_s,0.047661
1757012159.420,latency_s,0.047501
1757012159.420,latency_s,0.047851
1757012159.421,latency_s,0.049225
1757012159.421,latency_s,0.049384
1757012159.425,latency_s,0.046185
1757012159.433,latency_s,0.046348
1757012159.443,latency_s,0.185761
1757012159.444,latency_s,0.084840
1757012159.444,latency_s,0.047549
1757012159.448,latency_s,0.046340
1757012159.456,latency_s,0.048178
1757012159.493,latency_s,0.047283
1757012159.506,latency_s,0.046935
1757012159.511,latency_s,0.048167
1757012159.511,latency_s,0.046365
1757012159.516,latency_s,0.045984
1757012159.520,latency_s,0.048161
1757012159.520,latency_s,0.048279
1757012159.520,latency_s,0.047564
1757012159.521,latency_s,0.048288
1757012159.521,latency_s,0.048268
1757012159.521,latency_s,0.048587
1757012159.521,latency_s,0.048815
1757012159.527,latency_s,0.045798
1757012159.533,latency_s,0.045901
1757012159.543,latency_s,0.045935
1757012159.549,latency_s,0.046634
1757012159.555,latency_s,0.046703
1757012159.597,latency_s,0.048675
1757012159.606,latency_s,0.046458
1757012159.610,latency_s,0.046924
1757012159.611,latency_s,0.045951
1757012159.617,latency_s,0.046515
1757012159.618,latency_s,0.045904
1757012159.619,latency_s,0.045733
1757012159.621,latency_s,0.047421
1757012159.621,latency_s,0.047473
1757012159.621,latency_s,0.047280
1757012159.622,latency_s,0.048527
1757012159.623,latency_s,0.048071
1757012159.627,latency_s,0.045850
1757012159.636,latency_s,0.047404
1757012159.643,latency_s,0.046096
1757012159.650,latency_s,0.046498
1757012159.655,latency_s,0.046486
1757012159.698,latency_s,0.048199
1757012159.706,latency_s,0.046088
1757012159.710,latency_s,0.046448
1757012159.712,latency_s,0.046366
1757012159.717,latency_s,0.046466
1757012159.719,latency_s,0.046232
1757012159.719,latency_s,0.045516
1757012159.723,latency_s,0.049253
1757012159.723,latency_s,0.049258
1757012159.723,latency_s,0.048664
1757012159.723,latency_s,0.048535
1757012159.724,latency_s,0.048994
1757012159.729,latency_s,0.046567
1757012159.735,latency_s,0.046633
1757012159.744,latency_s,0.046705
1757012159.751,latency_s,0.046919
1757012159.756,latency_s,0.046900
1757012159.800,latency_s,0.046782
1757012159.808,latency_s,0.047176
1757012159.811,latency_s,0.047191
1757012159.812,latency_s,0.045563
1757012159.817,latency_s,0.046085
1757012159.819,latency_s,0.046327
1757012159.820,latency_s,0.046025
1757012159.824,latency_s,0.049262
1757012159.824,latency_s,0.049764
1757012159.824,latency_s,0.049759
1757012159.825,latency_s,0.049613
1757012159.825,latency_s,0.049637
1757012159.831,latency_s,0.045466
1757012159.834,latency_s,0.045827
1757012159.844,latency_s,0.046868
1757012159.852,latency_s,0.046144
1757012159.855,latency_s,0.045768
1757012159.901,latency_s,0.046633
1757012159.907,latency_s,0.046000
1757012159.911,latency_s,0.046681
1757012159.912,latency_s,0.045848
1757012159.918,latency_s,0.046509
1757012159.919,latency_s,0.046140
1757012159.922,latency_s,0.046464
1757012159.924,latency_s,0.048564
1757012159.924,latency_s,0.048396
1757012159.924,latency_s,0.049014
1757012159.924,latency_s,0.049583
1757012159.924,latency_s,0.049114
1757012159.933,latency_s,0.046264
1757012159.988,latency_s,0.099157
1757012159.988,latency_s,0.090934
1757012159.989,latency_s,0.082176
1757012159.989,latency_s,0.078790
1757012160.003,latency_s,0.047757
1757012160.026,latency_s,0.063792
1757012160.026,latency_s,0.061996
1757012160.026,latency_s,0.058948
1757012160.027,latency_s,0.054643
1757012160.027,latency_s,0.052743
1757012160.027,latency_s,0.050830
1757012160.027,latency_s,0.050540
1757012160.027,latency_s,0.050354
1757012160.027,latency_s,0.050348
1757012160.027,latency_s,0.050331
1757012160.027,latency_s,0.050305
1757012160.036,latency_s,0.046692
1757012160.036,latency_s,0.046443
1757012160.047,latency_s,0.048002
1757012160.055,latency_s,0.046473
1757012160.057,latency_s,0.046705
1757012160.103,latency_s,0.046814
1757012160.110,latency_s,0.046544
1757012160.112,latency_s,0.046880
1757012160.115,latency_s,0.046997
1757012160.118,latency_s,0.045826
1757012160.120,latency_s,0.046041
1757012160.126,latency_s,0.050039
1757012160.126,latency_s,0.049866
1757012160.127,latency_s,0.049678
1757012160.127,latency_s,0.050292
1757012160.138,latency_s,0.061619
1757012160.138,latency_s,0.061882
1757012160.139,latency_s,0.047956
1757012160.148,latency_s,0.054939
1757012160.148,latency_s,0.048747
1757012160.157,latency_s,0.047979
1757012160.157,latency_s,0.046206
1757012160.208,latency_s,0.047464
1757012160.210,latency_s,0.046279
1757012160.212,latency_s,0.046609
1757012160.215,latency_s,0.046220
1757012160.219,latency_s,0.046555
1757012160.221,latency_s,0.046397
1757012160.225,latency_s,0.048021
1757012160.225,latency_s,0.047919
1757012160.225,latency_s,0.048110
1757012160.226,latency_s,0.049375
1757012160.226,latency_s,0.049025
1757012160.226,latency_s,0.049157
1757012160.244,latency_s,0.053100
1757012160.245,latency_s,0.048778
1757012160.248,latency_s,0.048195
1757012160.256,latency_s,0.046406
1757012160.257,latency_s,0.045834
1757012160.308,latency_s,0.046656
1757012160.310,latency_s,0.046089
1757012160.312,latency_s,0.046256
1757012160.315,latency_s,0.045842
1757012160.319,latency_s,0.046371
1757012160.321,latency_s,0.046079
1757012160.323,latency_s,0.046125
1757012160.325,latency_s,0.048375
1757012160.326,latency_s,0.048278
1757012160.326,latency_s,0.048992
1757012160.327,latency_s,0.049426
1757012160.327,latency_s,0.049913
1757012160.338,latency_s,0.046556
1757012160.344,latency_s,0.046647
1757012160.347,latency_s,0.047433
1757012160.358,latency_s,0.048346
1757012160.358,latency_s,0.047292
1757012160.412,latency_s,0.047737
1757012160.412,latency_s,0.047287
1757012160.412,latency_s,0.045992
1757012160.417,latency_s,0.046509
1757012160.420,latency_s,0.046795
1757012160.421,latency_s,0.045738
1757012160.426,latency_s,0.048168
1757012160.426,latency_s,0.048342
1757012160.426,latency_s,0.048209
1757012160.427,latency_s,0.048629
1757012160.427,latency_s,0.048693
1757012160.427,latency_s,0.048743
1757012160.438,latency_s,0.046339
1757012160.447,latency_s,0.047046
1757012160.448,latency_s,0.046894
1757012160.458,latency_s,0.047887
1757012160.459,latency_s,0.047210
1757012160.511,latency_s,0.046622
1757012160.512,latency_s,0.045860
1757012160.513,latency_s,0.046380
1757012160.518,latency_s,0.046196
1757012160.520,latency_s,0.046329
1757012160.563,latency_s,0.087227
1757012160.563,latency_s,0.084954
1757012160.563,latency_s,0.085106
1757012160.563,latency_s,0.084385
1757012160.563,latency_s,0.084579
1757012160.563,latency_s,0.084727
1757012160.563,latency_s,0.084866
1757012160.563,latency_s,0.071058
1757012160.563,latency_s,0.062799
1757012160.564,latency_s,0.062464
1757012160.564,latency_s,0.051590
1757012160.613,latency_s,0.047907
1757012160.613,latency_s,0.046057
1757012160.614,latency_s,0.046562
1757012160.621,latency_s,0.047163
1757012160.621,latency_s,0.047164
1757012160.622,latency_s,0.046116
1757012160.625,latency_s,0.046132
1757012160.629,latency_s,0.049802
1757012160.630,latency_s,0.050198
1757012160.649,latency_s,0.068643
1757012160.649,latency_s,0.068501
1757012160.649,latency_s,0.068617
1757012160.649,latency_s,0.055943
1757012160.649,latency_s,0.048059
1757012160.651,latency_s,0.049321
1757012160.659,latency_s,0.045967
1757012160.699,latency_s,0.186832
1757012160.699,latency_s,0.086535
1757012160.713,latency_s,0.047998
1757012160.714,latency_s,0.046355
1757012160.716,latency_s,0.046015
1757012160.720,latency_s,0.046586
1757012160.721,latency_s,0.046989
1757012160.723,latency_s,0.046304
1757012160.728,latency_s,0.048679
1757012160.728,latency_s,0.048463
1757012160.736,latency_s,0.055929
1757012160.736,latency_s,0.055197
1757012160.736,latency_s,0.055367
1757012160.750,latency_s,0.057344
1757012160.750,latency_s,0.049207
1757012160.750,latency_s,0.047969
1757012160.761,latency_s,0.046847
1757012160.762,latency_s,0.047060
1757012160.814,latency_s,0.047121
1757012160.814,latency_s,0.045725
1757012160.818,latency_s,0.046885
1757012160.822,latency_s,0.046867
1757012160.823,latency_s,0.046487
1757012160.826,latency_s,0.045892
1757012160.826,latency_s,0.046198
1757012160.829,latency_s,0.048719
1757012160.829,latency_s,0.048583
1757012160.829,latency_s,0.048373
1757012160.848,latency_s,0.054837
1757012160.848,latency_s,0.046567
1757012160.854,latency_s,0.050856
1757012160.862,latency_s,0.047036
1757012160.862,latency_s,0.046930
1757012160.867,latency_s,0.186717
1757012160.867,latency_s,0.086697
1757012160.914,latency_s,0.047246
1757012160.915,latency_s,0.046309
1757012160.918,latency_s,0.046955
1757012160.925,latency_s,0.046027
1757012160.931,latency_s,0.050513
1757012160.931,latency_s,0.050833
1757012160.931,latency_s,0.050377
1757012160.932,latency_s,0.050976
1757012160.932,latency_s,0.050523
1757012160.932,latency_s,0.051151
1757012160.932,latency_s,0.051029
1757012160.949,latency_s,0.054960
1757012160.954,latency_s,0.050908
1757012160.954,latency_s,0.050067
1757012160.963,latency_s,0.047508
1757012160.968,latency_s,0.192926
1757012160.968,latency_s,0.051510
1757012160.968,latency_s,0.088909
1757012161.016,latency_s,0.047221
1757012161.016,latency_s,0.047449
1757012161.019,latency_s,0.047098
1757012161.025,latency_s,0.045673
1757012161.026,latency_s,0.046762
1757012161.027,latency_s,0.046087
1757012161.030,latency_s,0.048903
1757012161.030,latency_s,0.049242
1757012161.031,latency_s,0.049643
1757012161.031,latency_s,0.049397
1757012161.049,latency_s,0.067423
1757012161.049,latency_s,0.067265
1757012161.049,latency_s,0.054890
1757012161.049,latency_s,0.046593
1757012161.051,latency_s,0.047402
1757012161.063,latency_s,0.046622
1757012161.065,latency_s,0.048234
1757012161.116,latency_s,0.046866
1757012161.116,latency_s,0.046825
1757012161.120,latency_s,0.047473
1757012161.128,latency_s,0.047765
1757012161.128,latency_s,0.047848
1757012161.128,latency_s,0.046986
1757012161.129,latency_s,0.046670
1757012161.131,latency_s,0.048891
1757012161.131,latency_s,0.049177
1757012161.131,latency_s,0.048856
1757012161.131,latency_s,0.048684
1757012161.133,latency_s,0.050642
1757012161.152,latency_s,0.056901
1757012161.152,latency_s,0.048662
1757012161.152,latency_s,0.047822
1757012161.164,latency_s,0.047211
1757012161.164,latency_s,0.046916
1757012161.217,latency_s,0.047243
1757012161.217,latency_s,0.047116
1757012161.222,latency_s,0.047193
1757012161.230,latency_s,0.049366
1757012161.230,latency_s,0.049638
1757012161.230,latency_s,0.048475
1757012161.232,latency_s,0.049696
1757012161.232,latency_s,0.049471
1757012161.232,latency_s,0.049420
1757012161.232,latency_s,0.049648
1757012161.232,latency_s,0.049539
1757012161.232,latency_s,0.049470
1757012161.242,latency_s,0.046790
1757012161.253,latency_s,0.048050
1757012161.253,latency_s,0.048460
1757012161.266,latency_s,0.048633
1757012161.266,latency_s,0.049458
1757012161.317,latency_s,0.047537
1757012161.317,latency_s,0.047399
1757012161.323,latency_s,0.046561
1757012161.330,latency_s,0.049259
1757012161.330,latency_s,0.048608
1757012161.331,latency_s,0.048476
1757012161.331,latency_s,0.048303
1757012161.331,latency_s,0.047996
1757012161.331,latency_s,0.047887
1757012161.334,latency_s,0.051166
1757012161.334,latency_s,0.051327
1757012161.334,latency_s,0.051185
1757012161.342,latency_s,0.046156
1757012161.353,latency_s,0.047888
1757012161.353,latency_s,0.047667
1757012161.364,latency_s,0.046563
1757012161.364,latency_s,0.046889
1757012161.416,latency_s,0.045676
1757012161.417,latency_s,0.046733
1757012161.425,latency_s,0.046443
1757012161.429,latency_s,0.047535
1757012161.429,latency_s,0.046731
1757012161.429,latency_s,0.046714
1757012161.430,latency_s,0.046134
1757012161.433,latency_s,0.049410
1757012161.433,latency_s,0.049901
1757012161.433,latency_s,0.049926
1757012161.433,latency_s,0.049447
1757012161.433,latency_s,0.049578
1757012161.443,latency_s,0.046518
1757012161.451,latency_s,0.046049
1757012161.460,latency_s,0.046733
1757012161.465,latency_s,0.047719
1757012161.466,latency_s,0.047717
1757012161.518,latency_s,0.047299
1757012161.518,latency_s,0.047143
1757012161.527,latency_s,0.046994
1757012161.528,latency_s,0.046034
1757012161.530,latency_s,0.047189
1757012161.530,latency_s,0.046912
1757012161.531,latency_s,0.047390
1757012161.531,latency_s,0.047382
1757012161.533,latency_s,0.048966
1757012161.533,latency_s,0.048776
1757012161.534,latency_s,0.050324
1757012161.535,latency_s,0.049916
1757012161.542,latency_s,0.045727
1757012161.552,latency_s,0.045841
1757012161.562,latency_s,0.046644
1757012161.564,latency_s,0.045959
1757012161.566,latency_s,0.046756
1757012161.618,latency_s,0.046695
1757012161.620,latency_s,0.048615
1757012161.630,latency_s,0.047864
1757012161.635,latency_s,0.051282
1757012161.635,latency_s,0.050971
1757012161.635,latency_s,0.051666
1757012161.635,latency_s,0.050646
1757012161.635,latency_s,0.051297
1757012161.635,latency_s,0.051412
1757012161.635,latency_s,0.050633
1757012161.635,latency_s,0.050144
1757012161.635,latency_s,0.050309
1757012161.644,latency_s,0.047494
1757012161.655,latency_s,0.046881
1757012161.663,latency_s,0.046392
1757012161.669,latency_s,0.050162
1757012161.669,latency_s,0.049488
1757012161.718,latency_s,0.046570
1757012161.719,latency_s,0.045807
1757012161.731,latency_s,0.048331
1757012161.731,latency_s,0.047654
1757012161.732,latency_s,0.047104
1757012161.732,latency_s,0.047957
1757012161.735,latency_s,0.050120
1757012161.735,latency_s,0.050211
1757012161.735,latency_s,0.050870
1757012161.735,latency_s,0.049215
1757012161.735,latency_s,0.048897
1757012161.735,latency_s,0.049431
1757012161.743,latency_s,0.046109
1757012161.756,latency_s,0.046754
1757012161.764,latency_s,0.046081
1757012161.765,latency_s,0.045999
1757012161.769,latency_s,0.048316
1757012161.822,latency_s,0.047132
1757012161.830,latency_s,0.046480
1757012161.830,latency_s,0.045639
1757012161.833,latency_s,0.048316
1757012161.833,latency_s,0.048040
1757012161.833,latency_s,0.048533
1757012161.833,latency_s,0.047265
1757012161.833,latency_s,0.047276
1757012161.835,latency_s,0.048891
1757012161.836,latency_s,0.049269
1757012161.836,latency_s,0.049936
1757012161.844,latency_s,0.046132
1757012161.856,latency_s,0.046387
1757012161.867,latency_s,0.047420
1757012161.867,latency_s,0.047131
1757012161.869,latency_s,0.047307
1757012161.922,latency_s,0.047002
1757012161.930,latency_s,0.046659
1757012161.933,latency_s,0.048383
1757012161.934,latency_s,0.048792
1757012161.934,latency_s,0.049384
1757012161.934,latency_s,0.049043
1757012161.938,latency_s,0.051405
1757012161.938,latency_s,0.051319
1757012161.938,latency_s,0.051517
1757012161.938,latency_s,0.051227
1757012161.938,latency_s,0.051601
1757012161.946,latency_s,0.048314
1757012161.959,latency_s,0.046760
1757012161.962,latency_s,0.190332
1757012161.962,latency_s,0.090354
1757012161.966,latency_s,0.045961
1757012161.974,latency_s,0.053327
1757012161.975,latency_s,0.051574
1757012162.019,latency_s,0.046295
1757012162.023,latency_s,0.046532
1757012162.030,latency_s,0.046058
1757012162.035,latency_s,0.049058
1757012162.035,latency_s,0.049507
1757012162.036,latency_s,0.049943
1757012162.036,latency_s,0.049935
1757012162.038,latency_s,0.050102
1757012162.038,latency_s,0.049983
1757012162.038,latency_s,0.050017
1757012162.038,latency_s,0.049460
1757012162.038,latency_s,0.049607
1757012162.044,latency_s,0.045828
1757012162.061,latency_s,0.047218
1757012162.067,latency_s,0.047015
1757012162.068,latency_s,0.046492
1757012162.071,latency_s,0.048230
1757012162.119,latency_s,0.046494
1757012162.124,latency_s,0.046231
1757012162.131,latency_s,0.046941
1757012162.132,latency_s,0.045833
1757012162.134,latency_s,0.048188
1757012162.134,latency_s,0.048037
1757012162.134,latency_s,0.048051
1757012162.136,latency_s,0.048435
1757012162.137,latency_s,0.048583
1757012162.137,latency_s,0.048318
1757012162.137,latency_s,0.048048
1757012162.138,latency_s,0.049232
1757012162.146,latency_s,0.047169
1757012162.161,latency_s,0.046458
1757012162.167,latency_s,0.046767
1757012162.169,latency_s,0.047168
1757012162.171,latency_s,0.047373
1757012162.224,latency_s,0.047628
1757012162.225,latency_s,0.046475
1757012162.231,latency_s,0.046884
1757012162.233,latency_s,0.046945
1757012162.233,latency_s,0.046883
1757012162.233,latency_s,0.046888
1757012162.235,latency_s,0.048126
1757012162.235,latency_s,0.046058
1757012162.236,latency_s,0.047218
1757012162.237,latency_s,0.048172
1757012162.238,latency_s,0.049149
1757012162.238,latency_s,0.048873
1757012162.246,latency_s,0.046798
1757012162.262,latency_s,0.046574
1757012162.267,latency_s,0.045947
1757012162.269,latency_s,0.046349
1757012162.272,latency_s,0.046700
1757012162.326,latency_s,0.046704
1757012162.326,latency_s,0.045918
1757012162.332,latency_s,0.046986
1757012162.332,latency_s,0.045641
1757012162.333,latency_s,0.046212
1757012162.334,latency_s,0.047104
1757012162.334,latency_s,0.047676
1757012162.338,latency_s,0.048498
1757012162.338,latency_s,0.048635
1757012162.338,latency_s,0.048671
1757012162.338,latency_s,0.048586
1757012162.346,latency_s,0.046333
1757012162.363,latency_s,0.046303
1757012162.367,latency_s,0.045933
1757012162.372,latency_s,0.048108
1757012162.373,latency_s,0.046850
1757012162.428,latency_s,0.047137
1757012162.428,latency_s,0.046581
1757012162.431,latency_s,0.045835
1757012162.432,latency_s,0.045477
1757012162.435,latency_s,0.048162
1757012162.435,latency_s,0.048561
1757012162.436,latency_s,0.048045
1757012162.437,latency_s,0.046407
1757012162.439,latency_s,0.048266
1757012162.439,latency_s,0.048569
1757012162.439,latency_s,0.048550
1757012162.447,latency_s,0.046415
1757012162.464,latency_s,0.046829
1757012162.468,latency_s,0.046589
1757012162.471,latency_s,0.047006
1757012162.473,latency_s,0.046887
1757012162.482,latency_s,0.192511
1757012162.483,latency_s,0.091783
1757012162.529,latency_s,0.047640
1757012162.529,latency_s,0.047364
1757012162.532,latency_s,0.046548
1757012162.533,latency_s,0.045811
1757012162.536,latency_s,0.047782
1757012162.536,latency_s,0.047913
1757012162.537,latency_s,0.048906
1757012162.538,latency_s,0.047433
1757012162.538,latency_s,0.047393
1757012162.539,latency_s,0.047208
1757012162.539,latency_s,0.047702
1757012162.540,latency_s,0.048299
1757012162.547,latency_s,0.046335
1757012162.569,latency_s,0.047902
1757012162.569,latency_s,0.047037
1757012162.572,latency_s,0.047675
1757012162.574,latency_s,0.046893
1757012162.630,latency_s,0.046664
1757012162.632,latency_s,0.046949
1757012162.637,latency_s,0.050518
1757012162.637,latency_s,0.049663
1757012162.637,latency_s,0.048992
1757012162.675,latency_s,0.086733
1757012162.676,latency_s,0.086639
1757012162.676,latency_s,0.084292
1757012162.676,latency_s,0.084272
1757012162.676,latency_s,0.084156
1757012162.676,latency_s,0.084060
1757012162.676,latency_s,0.083978
1757012162.676,latency_s,0.074131
1757012162.676,latency_s,0.054258
1757012162.676,latency_s,0.053954
1757012162.676,latency_s,0.051259
1757012162.676,latency_s,0.048661
1757012162.731,latency_s,0.047583
1757012162.732,latency_s,0.046046
1757012162.736,latency_s,0.049752
1757012162.737,latency_s,0.048999
1757012162.737,latency_s,0.048228
1757012162.737,latency_s,0.047348
1757012162.740,latency_s,0.050872
1757012162.740,latency_s,0.048679
1757012162.740,latency_s,0.048465
1757012162.740,latency_s,0.048355
1757012162.741,latency_s,0.049079
1757012162.767,latency_s,0.074449
1757012162.767,latency_s,0.064786
1757012162.773,latency_s,0.050396
1757012162.773,latency_s,0.050581
1757012162.773,latency_s,0.047617
1757012162.776,latency_s,0.046967
1757012162.831,latency_s,0.046642
1757012162.832,latency_s,0.045769
1757012162.834,latency_s,0.046957
1757012162.834,latency_s,0.046302
1757012162.836,latency_s,0.046462
1757012162.837,latency_s,0.047024
1757012162.838,latency_s,0.048265
1757012162.838,latency_s,0.046557
1757012162.839,latency_s,0.046166
1757012162.841,latency_s,0.047544
1757012162.841,latency_s,0.047727
1757012162.841,latency_s,0.047509
1757012162.867,latency_s,0.064684
1757012162.870,latency_s,0.047096
1757012162.872,latency_s,0.046234
1757012162.873,latency_s,0.047530
1757012162.876,latency_s,0.046393
1757012162.934,latency_s,0.047377
1757012162.934,latency_s,0.047616
1757012162.934,latency_s,0.046808
1757012162.937,latency_s,0.048721
1757012162.937,latency_s,0.047375
1757012162.937,latency_s,0.046989
1757012162.937,latency_s,0.047092
1757012162.939,latency_s,0.046221
1757012162.941,latency_s,0.047042
1757012162.941,latency_s,0.047199
1757012162.941,latency_s,0.047201
1757012162.941,latency_s,0.047844
1757012162.971,latency_s,0.067705
1757012162.971,latency_s,0.046832
1757012162.973,latency_s,0.046264
1757012162.975,latency_s,0.046696
1757012162.976,latency_s,0.046126
1757012163.036,latency_s,0.049013
1757012163.036,latency_s,0.048997
1757012163.036,latency_s,0.048213
1757012163.036,latency_s,0.047238
1757012163.038,latency_s,0.047565
1757012163.038,latency_s,0.047612
1757012163.042,latency_s,0.051147
1757012163.042,latency_s,0.048777
1757012163.042,latency_s,0.047866
1757012163.042,latency_s,0.048134
1757012163.042,latency_s,0.047720
1757012163.042,latency_s,0.047669
1757012163.070,latency_s,0.066880
1757012163.072,latency_s,0.047839
1757012163.075,latency_s,0.047451
1757012163.075,latency_s,0.046374
1757012163.077,latency_s,0.046214
1757012163.136,latency_s,0.048636
1757012163.136,latency_s,0.048754
1757012163.136,latency_s,0.048339
1757012163.136,latency_s,0.047165
1757012163.138,latency_s,0.046634
1757012163.143,latency_s,0.051679
1757012163.143,latency_s,0.051917
1757012163.143,latency_s,0.049891
1757012163.143,latency_s,0.049157
1757012163.143,latency_s,0.049032
1757012163.143,latency_s,0.048820
1757012163.144,latency_s,0.048700
1757012163.150,latency_s,0.045353
1757012163.171,latency_s,0.046767
1757012163.175,latency_s,0.047306
1757012163.178,latency_s,0.048178
1757012163.178,latency_s,0.045950
1757012163.234,latency_s,0.046348
1757012163.243,latency_s,0.053090
1757012163.243,latency_s,0.052978
1757012163.243,latency_s,0.051415
1757012163.243,latency_s,0.051261
1757012163.243,latency_s,0.050601
1757012163.243,latency_s,0.050539
1757012163.243,latency_s,0.050080
1757012163.244,latency_s,0.048819
1757012163.244,latency_s,0.048986
1757012163.244,latency_s,0.048860
1757012163.244,latency_s,0.048845
1757012163.251,latency_s,0.045808
1757012163.272,latency_s,0.047491
1757012163.274,latency_s,0.046475
1757012163.280,latency_s,0.049853
1757012163.280,latency_s,0.046166
1757012163.336,latency_s,0.047844
1757012163.375,latency_s,0.085490
1757012163.376,latency_s,0.085126
1757012163.376,latency_s,0.084040
1757012163.376,latency_s,0.083908
1757012163.376,latency_s,0.082715
1757012163.376,latency_s,0.082644
1757012163.376,latency_s,0.082443
1757012163.376,latency_s,0.080920
1757012163.376,latency_s,0.080912
1757012163.376,latency_s,0.081099
1757012163.376,latency_s,0.080610
1757012163.376,latency_s,0.070950
1757012163.377,latency_s,0.050929
1757012163.377,latency_s,0.048644
1757012163.377,latency_s,0.046352
1757012163.380,latency_s,0.046074
1757012163.435,latency_s,0.047140
1757012163.441,latency_s,0.050410
1757012163.441,latency_s,0.049547
1757012163.441,latency_s,0.049097
1757012163.445,latency_s,0.052724
1757012163.445,latency_s,0.050790
1757012163.445,latency_s,0.050780
1757012163.445,latency_s,0.050749
1757012163.445,latency_s,0.049670
1757012163.445,latency_s,0.049489
1757012163.471,latency_s,0.075139
1757012163.471,latency_s,0.075145
1757012163.471,latency_s,0.065556
1757012163.482,latency_s,0.055742
1757012163.482,latency_s,0.053059
1757012163.482,latency_s,0.050173
1757012163.482,latency_s,0.047452
1757012163.536,latency_s,0.047962
1757012163.537,latency_s,0.045739
1757012163.540,latency_s,0.047498
1757012163.540,latency_s,0.047379
1757012163.541,latency_s,0.047231
1757012163.541,latency_s,0.045863
1757012163.544,latency_s,0.049275
1757012163.544,latency_s,0.049016
1757012163.544,latency_s,0.048102
1757012163.544,latency_s,0.048225
1757012163.544,latency_s,0.048126
1757012163.566,latency_s,0.070423
1757012163.566,latency_s,0.060200
1757012163.573,latency_s,0.047154
1757012163.578,latency_s,0.049576
1757012163.579,latency_s,0.046455
1757012163.581,latency_s,0.046552
1757012163.636,latency_s,0.046962
1757012163.637,latency_s,0.046037
1757012163.639,latency_s,0.045597
1757012163.639,latency_s,0.045739
1757012163.642,latency_s,0.047719
1757012163.642,latency_s,0.046347
1757012163.642,latency_s,0.046045
1757012163.644,latency_s,0.048269
1757012163.644,latency_s,0.048010
1757012163.644,latency_s,0.047662
1757012163.658,latency_s,0.061285
1757012163.658,latency_s,0.062055
1757012163.658,latency_s,0.051865
1757012163.673,latency_s,0.046861
1757012163.675,latency_s,0.045878
1757012163.679,latency_s,0.046496
1757012163.682,latency_s,0.046231
1757012163.736,latency_s,0.046192
1757012163.737,latency_s,0.045408
1757012163.740,latency_s,0.046204
1757012163.741,latency_s,0.047161
1757012163.741,latency_s,0.046973
1757012163.745,latency_s,0.048681
1757012163.745,latency_s,0.048812
1757012163.745,latency_s,0.048620
1757012163.745,latency_s,0.049036
1757012163.745,latency_s,0.048152
1757012163.745,latency_s,0.047851
1757012163.761,latency_s,0.063860
1757012163.761,latency_s,0.053656
1757012163.775,latency_s,0.047809
1757012163.776,latency_s,0.046467
1757012163.780,latency_s,0.046749
1757012163.782,latency_s,0.046199
1757012163.837,latency_s,0.046750
1757012163.840,latency_s,0.046964
1757012163.841,latency_s,0.047056
1757012163.841,latency_s,0.047434
1757012163.841,latency_s,0.046927
1757012163.843,latency_s,0.046618
1757012163.844,latency_s,0.047537
1757012163.844,latency_s,0.047483
1757012163.845,latency_s,0.047266
1757012163.847,latency_s,0.049975
1757012163.847,latency_s,0.049484
1757012163.859,latency_s,0.062114
1757012163.860,latency_s,0.052220
1757012163.873,latency_s,0.046269
1757012163.878,latency_s,0.047624
1757012163.882,latency_s,0.048143
1757012163.883,latency_s,0.046591
1757012163.938,latency_s,0.047180
1757012163.941,latency_s,0.047173
1757012163.941,latency_s,0.046659
1757012163.942,latency_s,0.046299
1757012163.942,latency_s,0.045343
1757012163.943,latency_s,0.045263
1757012163.946,latency_s,0.047852
1757012163.946,latency_s,0.048272
1757012163.946,latency_s,0.048494
1757012163.946,latency_s,0.048199
1757012163.946,latency_s,0.048117
1757012163.948,latency_s,0.050682
1757012163.954,latency_s,0.046352
1757012163.973,latency_s,0.045792
1757012163.977,latency_s,0.046873
1757012163.982,latency_s,0.046193
1757012163.983,latency_s,0.045842
1757012164.039,latency_s,0.047590
1757012164.042,latency_s,0.047933
1757012164.042,latency_s,0.047750
1757012164.043,latency_s,0.046990
1757012164.045,latency_s,0.046982
1757012164.046,latency_s,0.048123
1757012164.046,latency_s,0.047763
1757012164.046,latency_s,0.048041
1757012164.046,latency_s,0.047985
1757012164.049,latency_s,0.049500
1757012164.049,latency_s,0.050561
1757012164.049,latency_s,0.050980
1757012164.055,latency_s,0.046599
1757012164.075,latency_s,0.047110
1757012164.079,latency_s,0.048255
1757012164.083,latency_s,0.047274
1757012164.084,latency_s,0.046777
1757012164.139,latency_s,0.046555
1757012164.141,latency_s,0.045964
1757012164.143,latency_s,0.047415
1757012164.144,latency_s,0.048367
1757012164.144,latency_s,0.046160
1757012164.145,latency_s,0.046244
1757012164.146,latency_s,0.047937
1757012164.146,latency_s,0.048150
1757012164.148,latency_s,0.048610
1757012164.148,latency_s,0.049019
1757012164.148,latency_s,0.048264
1757012164.149,latency_s,0.049548
1757012164.155,latency_s,0.045995
1757012164.176,latency_s,0.047650
1757012164.178,latency_s,0.046577
1757012164.183,latency_s,0.046571
1757012164.185,latency_s,0.046994
1757012164.239,latency_s,0.046697
1757012164.242,latency_s,0.046235
1757012164.244,latency_s,0.046595
1757012164.245,latency_s,0.046906
1757012164.248,latency_s,0.049015
1757012164.248,latency_s,0.049542
1757012164.250,latency_s,0.050672
1757012164.250,latency_s,0.050918
1757012164.250,latency_s,0.050511
1757012164.250,latency_s,0.050377
1757012164.250,latency_s,0.050192
1757012164.250,latency_s,0.049468
1757012164.255,latency_s,0.045715
1757012164.278,latency_s,0.049422
1757012164.278,latency_s,0.045925
1757012164.287,latency_s,0.049431
1757012164.287,latency_s,0.047873
1757012164.340,latency_s,0.046871
1757012164.342,latency_s,0.046040
1757012164.345,latency_s,0.046321
1757012164.346,latency_s,0.046788
1757012164.348,latency_s,0.048043
1757012164.348,latency_s,0.048308
1757012164.348,latency_s,0.048642
1757012164.351,latency_s,0.051615
1757012164.351,latency_s,0.051404
1757012164.351,latency_s,0.051696
1757012164.351,latency_s,0.051185
1757012164.351,latency_s,0.050534
1757012164.355,latency_s,0.045651
1757012164.377,latency_s,0.048069
1757012164.378,latency_s,0.046027
1757012164.385,latency_s,0.047100
1757012164.387,latency_s,0.047094
1757012164.440,latency_s,0.047084
1757012164.443,latency_s,0.046796
1757012164.446,latency_s,0.046552
1757012164.452,latency_s,0.052351
1757012164.452,latency_s,0.052469
1757012164.452,latency_s,0.052066
1757012164.452,latency_s,0.052347
1757012164.452,latency_s,0.052702
1757012164.452,latency_s,0.052104
1757012164.452,latency_s,0.052389
1757012164.452,latency_s,0.050524
1757012164.457,latency_s,0.046537
1757012164.476,latency_s,0.046758
1757012164.479,latency_s,0.046303
1757012164.487,latency_s,0.048297
1757012164.487,latency_s,0.046783
1757012164.540,latency_s,0.046555
1757012164.543,latency_s,0.046216
1757012164.553,latency_s,0.052124
1757012164.553,latency_s,0.052161
1757012164.553,latency_s,0.052057
1757012164.553,latency_s,0.052423
1757012164.553,latency_s,0.050956
1757012164.553,latency_s,0.050970
1757012164.553,latency_s,0.051031
1757012164.553,latency_s,0.050931
1757012164.553,latency_s,0.050916
1757012164.557,latency_s,0.046155
1757012164.576,latency_s,0.046303
1757012164.579,latency_s,0.045688
1757012164.585,latency_s,0.045510
1757012164.590,latency_s,0.187947
1757012164.590,latency_s,0.048690
1757012164.590,latency_s,0.087988
1757012164.641,latency_s,0.046275
1757012164.643,latency_s,0.046064
1757012164.647,latency_s,0.046434
1757012164.649,latency_s,0.047765
1757012164.649,latency_s,0.047758
1757012164.649,latency_s,0.048283
1757012164.652,latency_s,0.048721
1757012164.652,latency_s,0.048511
1757012164.652,latency_s,0.048724
1757012164.653,latency_s,0.050054
1757012164.653,latency_s,0.049527
1757012164.653,latency_s,0.049692
1757012164.657,latency_s,0.045319
1757012164.677,latency_s,0.047076
1757012164.679,latency_s,0.045997
1757012164.688,latency_s,0.046885
1757012164.688,latency_s,0.046950
1757012164.742,latency_s,0.047193
1757012164.744,latency_s,0.046241
1757012164.749,latency_s,0.047494
1757012164.750,latency_s,0.048654
1757012164.753,latency_s,0.050046
1757012164.753,latency_s,0.049807
1757012164.753,latency_s,0.049651
1757012164.753,latency_s,0.049356
1757012164.753,latency_s,0.049119
1757012164.753,latency_s,0.049164
1757012164.753,latency_s,0.048970
1757012164.753,latency_s,0.049671
1757012164.758,latency_s,0.046284
1757012164.776,latency_s,0.046075
1757012164.780,latency_s,0.046029
1757012164.788,latency_s,0.047136
1757012164.789,latency_s,0.047615
1757012164.843,latency_s,0.047104
1757012164.844,latency_s,0.046094
1757012164.849,latency_s,0.046086
1757012164.850,latency_s,0.047544
1757012164.850,latency_s,0.047237
1757012164.851,latency_s,0.048295
1757012164.852,latency_s,0.048313
1757012164.852,latency_s,0.047942
1757012164.853,latency_s,0.049234
1757012164.854,latency_s,0.049986
1757012164.854,latency_s,0.050004
1757012164.855,latency_s,0.049973
1757012164.858,latency_s,0.045820
1757012164.876,latency_s,0.045897
1757012164.884,latency_s,0.046560
1757012164.892,latency_s,0.048536
1757012164.979,latency_s,0.135851
1757012164.979,latency_s,0.083249
1757012164.979,latency_s,0.080948
1757012164.979,latency_s,0.076128
1757012164.979,latency_s,0.074950
1757012164.979,latency_s,0.075175
1757012164.979,latency_s,0.074783
1757012164.979,latency_s,0.074367
1757012164.979,latency_s,0.074367
1757012164.979,latency_s,0.074447
1757012164.979,latency_s,0.073910
1757012164.979,latency_s,0.073807
1757012164.979,latency_s,0.073956
1757012164.980,latency_s,0.066862
1757012164.980,latency_s,0.048406
1757012164.988,latency_s,0.047923
1757012164.991,latency_s,0.047624
1757012164.992,latency_s,0.047024
1757012165.043,latency_s,0.046888
1757012165.046,latency_s,0.046451
1757012165.050,latency_s,0.046616
1757012165.051,latency_s,0.045943
1757012165.051,latency_s,0.045926
1757012165.053,latency_s,0.048541
1757012165.053,latency_s,0.047715
1757012165.054,latency_s,0.047906
1757012165.054,latency_s,0.047806
1757012165.055,latency_s,0.049376
1757012165.056,latency_s,0.049457
1757012165.079,latency_s,0.072169
1757012165.079,latency_s,0.065747
1757012165.079,latency_s,0.047063
1757012165.088,latency_s,0.046824
1757012165.091,latency_s,0.047078
1757012165.091,latency_s,0.046300
1757012165.144,latency_s,0.046841
1757012165.146,latency_s,0.046358
1757012165.153,latency_s,0.048472
1757012165.153,latency_s,0.048042
1757012165.153,latency_s,0.047166
1757012165.153,latency_s,0.046995
1757012165.154,latency_s,0.048438
1757012165.155,latency_s,0.049013
1757012165.155,latency_s,0.048930
1757012165.156,latency_s,0.049419
1757012165.156,latency_s,0.049710
1757012165.179,latency_s,0.072070
1757012165.179,latency_s,0.065358
1757012165.179,latency_s,0.046392
1757012165.192,latency_s,0.047032
1757012165.192,latency_s,0.046753
1757012165.192,latency_s,0.045738
1757012165.244,latency_s,0.047163
1757012165.246,latency_s,0.045985
1757012165.251,latency_s,0.046285
1757012165.252,latency_s,0.046590
1757012165.252,latency_s,0.045617
1757012165.256,latency_s,0.050214
1757012165.256,latency_s,0.050090
1757012165.256,latency_s,0.049726
1757012165.257,latency_s,0.049592
1757012165.257,latency_s,0.049429
1757012165.257,latency_s,0.049655
1757012165.257,latency_s,0.049531
1757012165.260,latency_s,0.045616
1757012165.280,latency_s,0.046922
1757012165.292,latency_s,0.047060
1757012165.294,latency_s,0.047267
1757012165.294,latency_s,0.047253
1757012165.345,latency_s,0.046321
1757012165.347,latency_s,0.046045
1757012165.352,latency_s,0.046004
1757012165.352,latency_s,0.046062
1757012165.353,latency_s,0.046719
1757012165.354,latency_s,0.047667
1757012165.357,latency_s,0.050642
1757012165.357,latency_s,0.050503
1757012165.358,latency_s,0.049663
1757012165.358,latency_s,0.048814
1757012165.358,latency_s,0.049777
1757012165.361,latency_s,0.045481
1757012165.381,latency_s,0.046981
1757012165.393,latency_s,0.047453
1757012165.394,latency_s,0.046680
1757012165.394,latency_s,0.047082
1757012165.445,latency_s,0.046133
1757012165.447,latency_s,0.045703
1757012165.452,latency_s,0.045974
1757012165.454,latency_s,0.046246
1757012165.454,latency_s,0.046420
1757012165.456,latency_s,0.048601
1757012165.456,latency_s,0.048273
1757012165.457,latency_s,0.048859
1757012165.457,latency_s,0.048381
1757012165.457,latency_s,0.048522
1757012165.457,latency_s,0.047843
1757012165.461,latency_s,0.045750
1757012165.482,latency_s,0.047530
1757012165.494,latency_s,0.048945
1757012165.496,latency_s,0.047701
1757012165.496,latency_s,0.047858
1757012165.496,latency_s,0.187785
1757012165.498,latency_s,0.089226
1757012165.546,latency_s,0.046582
1757012165.548,latency_s,0.046232
1757012165.553,latency_s,0.046587
1757012165.557,latency_s,0.048844
1757012165.557,latency_s,0.048931
1757012165.557,latency_s,0.048227
1757012165.557,latency_s,0.048396
1757012165.560,latency_s,0.050884
1757012165.560,latency_s,0.051198
1757012165.560,latency_s,0.051331
1757012165.560,latency_s,0.051342
1757012165.560,latency_s,0.050740
1757012165.561,latency_s,0.045716
1757012165.583,latency_s,0.048073
1757012165.593,latency_s,0.047140
1757012165.595,latency_s,0.045728
1757012165.597,latency_s,0.046671
1757012165.646,latency_s,0.046647
1757012165.648,latency_s,0.046182
1757012165.653,latency_s,0.046284
1757012165.654,latency_s,0.045870
1757012165.655,latency_s,0.046869
1757012165.659,latency_s,0.049703
1757012165.659,latency_s,0.049767
1757012165.659,latency_s,0.048923
1757012165.659,latency_s,0.048840
1757012165.659,latency_s,0.048937
1757012165.659,latency_s,0.049066
1757012165.660,latency_s,0.049564
1757012165.678,latency_s,0.062280
1757012165.682,latency_s,0.046433
1757012165.693,latency_s,0.046565
1757012165.698,latency_s,0.047562
1757012165.698,latency_s,0.047222
1757012165.749,latency_s,0.049028
1757012165.749,latency_s,0.046915
1757012165.754,latency_s,0.046981
1757012165.754,latency_s,0.046041
1757012165.756,latency_s,0.046331
1757012165.757,latency_s,0.047216
1757012165.759,latency_s,0.048405
1757012165.759,latency_s,0.048212
1757012165.759,latency_s,0.048935
1757012165.760,latency_s,0.048897
1757012165.760,latency_s,0.049145
1757012165.760,latency_s,0.048711
1757012165.762,latency_s,0.045789
1757012165.782,latency_s,0.045581
1757012165.795,latency_s,0.046995
1757012165.797,latency_s,0.046005
1757012165.798,latency_s,0.047087
1757012165.847,latency_s,0.046602
1757012165.849,latency_s,0.046201
1757012165.854,latency_s,0.045989
1757012165.855,latency_s,0.046397
1757012165.855,latency_s,0.045691
1757012165.859,latency_s,0.047682
1757012165.859,latency_s,0.047788
1757012165.860,latency_s,0.048517
1757012165.860,latency_s,0.048556
1757012165.860,latency_s,0.048668
1757012165.860,latency_s,0.048884
1757012165.860,latency_s,0.048149
1757012165.863,latency_s,0.045789
1757012165.884,latency_s,0.047422
1757012165.895,latency_s,0.047685
1757012165.899,latency_s,0.047177
1757012165.899,latency_s,0.047278
1757012165.949,latency_s,0.048257
1757012165.949,latency_s,0.046409
1757012165.957,latency_s,0.048523
1757012165.957,latency_s,0.048156
1757012165.957,latency_s,0.046710
1757012165.958,latency_s,0.046649
1757012165.959,latency_s,0.047040
1757012165.959,latency_s,0.047288
1757012165.959,latency_s,0.047121
1757012165.960,latency_s,0.048528
1757012165.960,latency_s,0.048556
1757012165.961,latency_s,0.048510
1757012165.963,latency_s,0.045371
1757012165.985,latency_s,0.048047
1757012165.995,latency_s,0.046361
1757012165.998,latency_s,0.046615
1757012165.999,latency_s,0.047049
1757012166.050,latency_s,0.047919
1757012166.050,latency_s,0.046526
1757012166.056,latency_s,0.047228
1757012166.057,latency_s,0.047890
1757012166.057,latency_s,0.046369
1757012166.062,latency_s,0.050869
1757012166.062,latency_s,0.050563
1757012166.062,latency_s,0.050180
1757012166.063,latency_s,0.050420
1757012166.063,latency_s,0.050442
1757012166.064,latency_s,0.051158
1757012166.064,latency_s,0.045989
1757012166.084,latency_s,0.046662
1757012166.095,latency_s,0.046459
1757012166.100,latency_s,0.046957
1757012166.100,latency_s,0.047179
1757012166.151,latency_s,0.046883
1757012166.151,latency_s,0.047145
1757012166.156,latency_s,0.047437
1757012166.157,latency_s,0.047345
1757012166.161,latency_s,0.049564
1757012166.162,latency_s,0.049128
1757012166.162,latency_s,0.049440
1757012166.162,latency_s,0.049941
1757012166.162,latency_s,0.048991
1757012166.162,latency_s,0.049569
1757012166.162,latency_s,0.049626
1757012166.164,latency_s,0.045766
1757012166.185,latency_s,0.047169
1757012166.196,latency_s,0.046580
1757012166.200,latency_s,0.046705
1757012166.201,latency_s,0.047091
1757012166.203,latency_s,0.191477
1757012166.203,latency_s,0.091326
1757012166.251,latency_s,0.047054
1757012166.251,latency_s,0.046134
1757012166.257,latency_s,0.048249
1757012166.257,latency_s,0.047456
1757012166.262,latency_s,0.049747
1757012166.262,latency_s,0.049477
1757012166.262,latency_s,0.049510
1757012166.262,latency_s,0.049942
1757012166.262,latency_s,0.049562
1757012166.263,latency_s,0.050144
1757012166.263,latency_s,0.049438
1757012166.266,latency_s,0.046347
1757012166.284,latency_s,0.046116
1757012166.298,latency_s,0.047245
1757012166.301,latency_s,0.047523
1757012166.302,latency_s,0.047782
1757012166.351,latency_s,0.046165
1757012166.352,latency_s,0.045661
1757012166.357,latency_s,0.047982
1757012166.358,latency_s,0.047362
1757012166.360,latency_s,0.046539
1757012166.362,latency_s,0.048098
1757012166.362,latency_s,0.048234
1757012166.362,latency_s,0.048416
1757012166.362,latency_s,0.048406
1757012166.362,latency_s,0.048414
1757012166.363,latency_s,0.048881
1757012166.367,latency_s,0.046164
1757012166.385,latency_s,0.046402
1757012166.398,latency_s,0.047602
1757012166.405,latency_s,0.050017
1757012166.405,latency_s,0.050251
1757012166.405,latency_s,0.192170
1757012166.406,latency_s,0.092166
1757012166.453,latency_s,0.047584
1757012166.453,latency_s,0.046614
1757012166.457,latency_s,0.046809
1757012166.457,latency_s,0.046817
1757012166.465,latency_s,0.050821
1757012166.465,latency_s,0.050421
1757012166.465,latency_s,0.050968
1757012166.465,latency_s,0.050463
1757012166.465,latency_s,0.050974
1757012166.465,latency_s,0.050732
1757012166.465,latency_s,0.050884
1757012166.468,latency_s,0.046218
1757012166.486,latency_s,0.046628
1757012166.498,latency_s,0.046276
1757012166.503,latency_s,0.046979
1757012166.504,latency_s,0.047846
1757012166.554,latency_s,0.048165
1757012166.555,latency_s,0.045977
1757012166.558,latency_s,0.047352
1757012166.558,latency_s,0.047262
1757012166.562,latency_s,0.046998
1757012166.563,latency_s,0.048360
1757012166.563,latency_s,0.048014
1757012166.563,latency_s,0.048270
1757012166.565,latency_s,0.049701
1757012166.565,latency_s,0.049647
1757012166.565,latency_s,0.049804
1757012166.568,latency_s,0.045962
1757012166.586,latency_s,0.046524
1757012166.599,latency_s,0.047158
1757012166.603,latency_s,0.189239
1757012166.603,latency_s,0.088980
1757012166.606,latency_s,0.048661
1757012166.690,latency_s,0.133296
1757012166.691,latency_s,0.083938
1757012166.691,latency_s,0.080095
1757012166.691,latency_s,0.079746
1757012166.691,latency_s,0.079580
1757012166.691,latency_s,0.075649
1757012166.691,latency_s,0.075237
1757012166.691,latency_s,0.075614
1757012166.691,latency_s,0.075933
1757012166.691,latency_s,0.075607
1757012166.691,latency_s,0.076002
1757012166.691,latency_s,0.075468
1757012166.691,latency_s,0.075540
1757012166.691,latency_s,0.068191
1757012166.691,latency_s,0.051504
1757012166.700,latency_s,0.047888
1757012166.705,latency_s,0.047046
1757012166.705,latency_s,0.047185
1757012166.753,latency_s,0.046368
1757012166.759,latency_s,0.048234
1757012166.759,latency_s,0.048277
1757012166.759,latency_s,0.048177
1757012166.763,latency_s,0.046855
1757012166.763,latency_s,0.046853
1757012166.765,latency_s,0.048840
1757012166.765,latency_s,0.048487
1757012166.765,latency_s,0.048927
1757012166.765,latency_s,0.048488
1757012166.765,latency_s,0.049002
1757012166.767,latency_s,0.050841
1757012166.790,latency_s,0.066867
1757012166.790,latency_s,0.050211
1757012166.800,latency_s,0.047063
1757012166.804,latency_s,0.046404
1757012166.854,latency_s,0.046621
1757012166.860,latency_s,0.048107
1757012166.860,latency_s,0.047682
1757012166.861,latency_s,0.048613
1757012166.863,latency_s,0.046155
1757012166.864,latency_s,0.047528
1757012166.864,latency_s,0.047263
1757012166.867,latency_s,0.050405
1757012166.867,latency_s,0.050618
1757012166.868,latency_s,0.050493
1757012166.868,latency_s,0.050147
1757012166.868,latency_s,0.049299
1757012166.870,latency_s,0.045938
1757012166.889,latency_s,0.049030
1757012166.901,latency_s,0.047998
1757012166.905,latency_s,0.047084
1757012166.947,latency_s,0.189313
1757012166.947,latency_s,0.088703
1757012166.954,latency_s,0.046842
1757012166.960,latency_s,0.047990
1757012166.960,latency_s,0.047781
1757012166.960,latency_s,0.047739
1757012166.964,latency_s,0.047152
1757012166.964,latency_s,0.047091
1757012166.967,latency_s,0.049107
1757012166.967,latency_s,0.049223
1757012166.967,latency_s,0.049316
1757012166.967,latency_s,0.049353
1757012166.983,latency_s,0.064662
1757012166.983,latency_s,0.063910
1757012166.983,latency_s,0.058507
1757012166.986,latency_s,0.045357
1757012167.003,latency_s,0.049332
1757012167.006,latency_s,0.047035
1757012167.006,latency_s,0.047036
1757012167.056,latency_s,0.047331
1757012167.058,latency_s,0.045892
1757012167.060,latency_s,0.047241
1757012167.060,latency_s,0.047512
1757012167.064,latency_s,0.047345
1757012167.065,latency_s,0.047166
1757012167.066,latency_s,0.047796
1757012167.066,latency_s,0.047858
1757012167.067,latency_s,0.048160
1757012167.067,latency_s,0.047699
1757012167.069,latency_s,0.050338
1757012167.069,latency_s,0.050355
1757012167.071,latency_s,0.046125
1757012167.091,latency_s,0.046554
1757012167.104,latency_s,0.049786
1757012167.107,latency_s,0.047268
1757012167.107,latency_s,0.047344
1757012167.155,latency_s,0.046512
1757012167.162,latency_s,0.048418
1757012167.162,latency_s,0.048516
1757012167.162,latency_s,0.048797
1757012167.164,latency_s,0.045623
1757012167.166,latency_s,0.047390
1757012167.167,latency_s,0.047292
1757012167.168,latency_s,0.049214
1757012167.169,latency_s,0.049575
1757012167.169,latency_s,0.049528
1757012167.169,latency_s,0.048987
1757012167.169,latency_s,0.049181
1757012167.170,latency_s,0.045327
1757012167.192,latency_s,0.046306
1757012167.201,latency_s,0.046173
1757012167.207,latency_s,0.046082
1757012167.208,latency_s,0.046997
1757012167.256,latency_s,0.046908
1757012167.261,latency_s,0.046656
1757012167.261,latency_s,0.046731
1757012167.261,latency_s,0.047067
1757012167.267,latency_s,0.048435
1757012167.268,latency_s,0.047441
1757012167.268,latency_s,0.047071
1757012167.269,latency_s,0.048503
1757012167.269,latency_s,0.048495
1757012167.269,latency_s,0.048769
1757012167.270,latency_s,0.048663
1757012167.270,latency_s,0.046557
1757012167.271,latency_s,0.045740
1757012167.294,latency_s,0.047662
1757012167.303,latency_s,0.047857
1757012167.310,latency_s,0.048342
1757012167.310,latency_s,0.048428
1757012167.356,latency_s,0.046290
1757012167.361,latency_s,0.046832
1757012167.362,latency_s,0.047636
1757012167.362,latency_s,0.048219
1757012167.370,latency_s,0.049825
1757012167.370,latency_s,0.048908
1757012167.372,latency_s,0.051655
1757012167.372,latency_s,0.051126
1757012167.372,latency_s,0.051137
1757012167.372,latency_s,0.051404
1757012167.373,latency_s,0.049864
1757012167.373,latency_s,0.048501
1757012167.373,latency_s,0.047000
1757012167.394,latency_s,0.047136
1757012167.402,latency_s,0.046743
1757012167.411,latency_s,0.048808
1757012167.411,latency_s,0.048901
1757012167.456,latency_s,0.046946
1757012167.463,latency_s,0.048413
1757012167.463,latency_s,0.048545
1757012167.463,latency_s,0.048259
1757012167.469,latency_s,0.047738
1757012167.469,latency_s,0.047620
1757012167.473,latency_s,0.051486
1757012167.473,latency_s,0.051389
1757012167.473,latency_s,0.051500
1757012167.473,latency_s,0.051397
1757012167.473,latency_s,0.050081
1757012167.473,latency_s,0.049093
1757012167.474,latency_s,0.046299
1757012167.497,latency_s,0.046680
1757012167.503,latency_s,0.046612
1757012167.510,latency_s,0.047782
1757012167.510,latency_s,0.047798
1757012167.558,latency_s,0.047899
1757012167.563,latency_s,0.047771
1757012167.563,latency_s,0.048066
1757012167.564,latency_s,0.047979
1757012167.568,latency_s,0.046593
1757012167.569,latency_s,0.047243
1757012167.569,latency_s,0.047363
1757012167.571,latency_s,0.048883
1757012167.572,latency_s,0.049039
1757012167.572,latency_s,0.049217
1757012167.572,latency_s,0.047417
1757012167.572,latency_s,0.047308
1757012167.574,latency_s,0.045951
1757012167.597,latency_s,0.046234
1757012167.603,latency_s,0.046479
1757012167.610,latency_s,0.047765
1757012167.611,latency_s,0.047967
1757012167.657,latency_s,0.046828
1757012167.664,latency_s,0.047962
1757012167.664,latency_s,0.047794
1757012167.664,latency_s,0.048199
1757012167.670,latency_s,0.048347
1757012167.670,latency_s,0.048540
1757012167.670,latency_s,0.047424
1757012167.671,latency_s,0.047753
1757012167.672,latency_s,0.049328
1757012167.672,latency_s,0.049236
1757012167.672,latency_s,0.047580
1757012167.672,latency_s,0.047642
1757012167.674,latency_s,0.046020
1757012167.697,latency_s,0.045984
1757012167.703,latency_s,0.046177
1757012167.711,latency_s,0.047846
1757012167.711,latency_s,0.048036
1757012167.757,latency_s,0.046479
1757012167.762,latency_s,0.046124
1757012167.764,latency_s,0.046215
1757012167.764,latency_s,0.046373
1757012167.769,latency_s,0.046934
1757012167.770,latency_s,0.047145
1757012167.773,latency_s,0.049482
1757012167.773,latency_s,0.048637
1757012167.773,latency_s,0.048653
1757012167.773,latency_s,0.049605
1757012167.774,latency_s,0.048789
1757012167.774,latency_s,0.048985
1757012167.774,latency_s,0.045912
1757012167.801,latency_s,0.046705
1757012167.803,latency_s,0.045969
1757012167.810,latency_s,0.047078
1757012167.811,latency_s,0.047402
1757012167.857,latency_s,0.046364
1757012167.863,latency_s,0.046529
1757012167.866,latency_s,0.046407
1757012167.866,latency_s,0.046381
1757012167.873,latency_s,0.050573
1757012167.873,latency_s,0.050465
1757012167.874,latency_s,0.049164
1757012167.874,latency_s,0.048899
1757012167.874,latency_s,0.049268
1757012167.874,latency_s,0.049106
1757012167.874,latency_s,0.047968
1757012167.874,latency_s,0.048240
1757012167.875,latency_s,0.045447
1757012167.903,latency_s,0.048311
1757012167.909,latency_s,0.050802
1757012167.912,latency_s,0.047363
1757012167.912,latency_s,0.047900
1757012167.959,latency_s,0.047641
1757012167.963,latency_s,0.046192
1757012167.967,latency_s,0.046789
1757012167.967,latency_s,0.046972
1757012167.969,latency_s,0.046405
1757012167.971,latency_s,0.046298
1757012167.977,latency_s,0.052243
1757012167.978,latency_s,0.052407
1757012167.978,latency_s,0.052469
1757012167.978,latency_s,0.052220
1757012167.978,latency_s,0.050778
1757012167.978,latency_s,0.050969
1757012167.978,latency_s,0.047691
1757012168.004,latency_s,0.046544
1757012168.005,latency_s,0.046185
1757012168.012,latency_s,0.047303
1757012168.013,latency_s,0.048324
1757012168.059,latency_s,0.046434
1757012168.064,latency_s,0.046552
1757012168.069,latency_s,0.046339
1757012168.070,latency_s,0.047410
1757012168.070,latency_s,0.046549
1757012168.073,latency_s,0.047334
1757012168.073,latency_s,0.047731
1757012168.074,latency_s,0.047844
1757012168.074,latency_s,0.048084
1757012168.074,latency_s,0.047777
1757012168.076,latency_s,0.048198
1757012168.076,latency_s,0.048258
1757012168.077,latency_s,0.046019
1757012168.106,latency_s,0.046882
1757012168.109,latency_s,0.047493
1757012168.112,latency_s,0.047524
1757012168.113,latency_s,0.048239
1757012168.158,latency_s,0.046012
1757012168.165,latency_s,0.046619
1757012168.170,latency_s,0.046267
1757012168.173,latency_s,0.049182
1757012168.174,latency_s,0.049529
1757012168.174,latency_s,0.047455
1757012168.174,latency_s,0.047763
1757012168.177,latency_s,0.050427
1757012168.177,latency_s,0.050396
1757012168.177,latency_s,0.050667
1757012168.177,latency_s,0.048777
1757012168.177,latency_s,0.048931
1757012168.178,latency_s,0.045824
1757012168.207,latency_s,0.047444
1757012168.213,latency_s,0.051098
1757012168.213,latency_s,0.047472
1757012168.213,latency_s,0.047738
1757012168.259,latency_s,0.046406
1757012168.265,latency_s,0.046244
1757012168.271,latency_s,0.046963
1757012168.271,latency_s,0.046979
1757012168.272,latency_s,0.045976
1757012168.272,latency_s,0.045400
1757012168.274,latency_s,0.047664
1757012168.276,latency_s,0.049342
1757012168.276,latency_s,0.049978
1757012168.277,latency_s,0.049968
1757012168.277,latency_s,0.048069
1757012168.277,latency_s,0.048200
1757012168.278,latency_s,0.045979
1757012168.307,latency_s,0.046247
1757012168.309,latency_s,0.046199
1757012168.314,latency_s,0.048203
1757012168.314,latency_s,0.048378
1757012168.360,latency_s,0.046899
1757012168.366,latency_s,0.046172
1757012168.371,latency_s,0.046841
1757012168.371,latency_s,0.047039
1757012168.373,latency_s,0.046181
1757012168.374,latency_s,0.047132
1757012168.374,latency_s,0.047148
1757012168.377,latency_s,0.050049
1757012168.377,latency_s,0.049770
1757012168.378,latency_s,0.049638
1757012168.378,latency_s,0.048829
1757012168.378,latency_s,0.048853
1757012168.379,latency_s,0.046003
1757012168.408,latency_s,0.046932
1757012168.410,latency_s,0.047177
1757012168.413,latency_s,0.046865
1757012168.413,latency_s,0.047204
1757012168.460,latency_s,0.047220
1757012168.467,latency_s,0.046796
1757012168.472,latency_s,0.047017
1757012168.472,latency_s,0.047282
1757012168.476,latency_s,0.046522
1757012168.477,latency_s,0.047436
1757012168.477,latency_s,0.047498
1757012168.477,latency_s,0.047664
1757012168.480,latency_s,0.050557
1757012168.480,latency_s,0.050839
1757012168.480,latency_s,0.050770
1757012168.480,latency_s,0.051103
1757012168.482,latency_s,0.046729
1757012168.508,latency_s,0.046841
1757012168.514,latency_s,0.047927
1757012168.514,latency_s,0.047270
1757012168.514,latency_s,0.048230
1757012168.561,latency_s,0.046977
1757012168.567,latency_s,0.045798
1757012168.573,latency_s,0.047636
1757012168.573,latency_s,0.047151
1757012168.581,latency_s,0.051062
1757012168.581,latency_s,0.051240
1757012168.581,latency_s,0.051318
1757012168.581,latency_s,0.051320
1757012168.581,latency_s,0.050444
1757012168.581,latency_s,0.050256
1757012168.581,latency_s,0.050404
1757012168.581,latency_s,0.048736
1757012168.582,latency_s,0.045994
1757012168.610,latency_s,0.048657
1757012168.616,latency_s,0.049400
1757012168.616,latency_s,0.049843
1757012168.617,latency_s,0.049110
1757012168.662,latency_s,0.047237
1757012168.668,latency_s,0.046668
1757012168.672,latency_s,0.046716
1757012168.673,latency_s,0.045586
1757012168.680,latency_s,0.049838
1757012168.680,latency_s,0.050037
1757012168.680,latency_s,0.049996
1757012168.680,latency_s,0.050046
1757012168.680,latency_s,0.048576
1757012168.680,latency_s,0.048374
1757012168.725,latency_s,0.093093
1757012168.725,latency_s,0.090777
1757012168.725,latency_s,0.087026
1757012168.725,latency_s,0.058455
1757012168.725,latency_s,0.058281
1757012168.725,latency_s,0.057387
1757012168.762,latency_s,0.047355
1757012168.768,latency_s,0.046264
1757012168.773,latency_s,0.046266
1757012168.777,latency_s,0.047531
1757012168.778,latency_s,0.047645
1757012168.778,latency_s,0.048025
1757012168.778,latency_s,0.047708
1757012168.778,latency_s,0.047732
1757012168.779,latency_s,0.046295
1757012168.781,latency_s,0.047214
1757012168.781,latency_s,0.047498
1757012168.798,latency_s,0.059653
1757012168.798,latency_s,0.058738
1757012168.814,latency_s,0.046470
1757012168.814,latency_s,0.046948
1757012168.851,latency_s,0.188790
1757012168.851,latency_s,0.088560
1757012168.862,latency_s,0.047011
1757012168.868,latency_s,0.045989
1757012168.872,latency_s,0.045800
1757012168.876,latency_s,0.045918
1757012168.879,latency_s,0.048338
1757012168.879,latency_s,0.048164
1757012168.879,latency_s,0.048272
1757012168.879,latency_s,0.048443
1757012168.887,latency_s,0.053062
1757012168.887,latency_s,0.052951
1757012168.887,latency_s,0.053109
1757012168.897,latency_s,0.058281
1757012168.898,latency_s,0.056980
1757012168.909,latency_s,0.046489
1757012168.914,latency_s,0.046058
1757012168.915,latency_s,0.047153
1757012168.954,latency_s,0.184963
1757012168.954,latency_s,0.084147
1757012168.962,latency_s,0.046134
1757012168.970,latency_s,0.046669
1757012168.973,latency_s,0.046359
1757012168.977,latency_s,0.046305
1757012168.981,latency_s,0.050079
1757012168.981,latency_s,0.050138
1757012168.981,latency_s,0.049593
1757012168.982,latency_s,0.049902
1757012168.990,latency_s,0.056208
1757012168.991,latency_s,0.056265
1757012168.991,latency_s,0.056068
1757012168.991,latency_s,0.048480
1757012168.998,latency_s,0.053696
1757012169.009,latency_s,0.046442
1757012169.016,latency_s,0.047398
1757012169.016,latency_s,0.047364
1757012169.018,latency_s,0.047019
1757012169.062,latency_s,0.046068
1757012169.069,latency_s,0.046216
1757012169.073,latency_s,0.046103
1757012169.080,latency_s,0.048747
1757012169.080,latency_s,0.048653
1757012169.080,latency_s,0.048709
1757012169.080,latency_s,0.047886
1757012169.080,latency_s,0.048005
1757012169.082,latency_s,0.046391
1757012169.083,latency_s,0.047700
1757012169.097,latency_s,0.061478
1757012169.098,latency_s,0.054842
1757012169.099,latency_s,0.052884
1757012169.112,latency_s,0.048332
1757012169.118,latency_s,0.048755
1757012169.118,latency_s,0.048779
1757012169.119,latency_s,0.046432
1757012169.163,latency_s,0.046374
1757012169.171,latency_s,0.047806
1757012169.174,latency_s,0.046306
1757012169.180,latency_s,0.048336
1757012169.180,latency_s,0.048300
1757012169.181,latency_s,0.047714
1757012169.181,latency_s,0.048225
1757012169.181,latency_s,0.048194
1757012169.183,latency_s,0.045861
1757012169.184,latency_s,0.047286
1757012169.198,latency_s,0.061386
1757012169.198,latency_s,0.049079
1757012169.198,latency_s,0.047494
1757012169.210,latency_s,0.046821
1757012169.220,latency_s,0.049363
1757012169.220,latency_s,0.048846
1757012169.220,latency_s,0.046880
1757012169.262,latency_s,0.045582
1757012169.270,latency_s,0.046097
1757012169.275,latency_s,0.046718
1757012169.281,latency_s,0.049039
1757012169.282,latency_s,0.049371
1757012169.282,latency_s,0.048798
1757012169.282,latency_s,0.048826
1757012169.282,latency_s,0.048589
1757012169.285,latency_s,0.047480
1757012169.285,latency_s,0.047693
1757012169.285,latency_s,0.047866
1757012169.296,latency_s,0.046397
1757012169.298,latency_s,0.046446
1757012169.311,latency_s,0.046592
1757012169.319,latency_s,0.047127
1757012169.320,latency_s,0.047911
1757012169.320,latency_s,0.046629
1757012169.363,latency_s,0.046168
1757012169.371,latency_s,0.046094
1757012169.375,latency_s,0.046494
1757012169.378,latency_s,0.046008
1757012169.380,latency_s,0.046056
1757012169.380,latency_s,0.046373
1757012169.381,latency_s,0.047307
1757012169.385,latency_s,0.047177
1757012169.385,latency_s,0.047196
1757012169.386,latency_s,0.047158
1757012169.397,latency_s,0.046216
1757012169.398,latency_s,0.046194
1757012169.412,latency_s,0.046994
1757012169.419,latency_s,0.047505
1757012169.420,latency_s,0.047604
1757012169.421,latency_s,0.047349
1757012169.464,latency_s,0.047004
1757012169.472,latency_s,0.046368
1757012169.475,latency_s,0.045848
1757012169.480,latency_s,0.047282
1757012169.481,latency_s,0.046477
1757012169.482,latency_s,0.048105
1757012169.483,latency_s,0.048130
1757012169.487,latency_s,0.047850
1757012169.488,latency_s,0.047982
1757012169.488,latency_s,0.048000
1757012169.498,latency_s,0.046507
1757012169.500,latency_s,0.047207
1757012169.511,latency_s,0.046542
1757012169.520,latency_s,0.047277
1757012169.521,latency_s,0.046366
1757012169.522,latency_s,0.046230
1757012169.523,latency_s,0.190778
1757012169.524,latency_s,0.089413
1757012169.564,latency_s,0.045935
1757012169.573,latency_s,0.046528
1757012169.575,latency_s,0.045935
1757012169.580,latency_s,0.046186
1757012169.580,latency_s,0.045473
1757012169.584,latency_s,0.048329
1757012169.584,latency_s,0.048095
1757012169.584,latency_s,0.048102
1757012169.586,latency_s,0.045590
1757012169.587,latency_s,0.046257
1757012169.588,latency_s,0.047132
1757012169.599,latency_s,0.045738
1757012169.599,latency_s,0.045388
1757012169.615,latency_s,0.049221
1757012169.619,latency_s,0.046231
1757012169.621,latency_s,0.046397
1757012169.623,latency_s,0.047186
1757012169.666,latency_s,0.046813
1757012169.674,latency_s,0.046878
1757012169.676,latency_s,0.046342
1757012169.680,latency_s,0.046273
1757012169.682,latency_s,0.046400
1757012169.685,latency_s,0.047976
1757012169.685,latency_s,0.047926
1757012169.685,latency_s,0.046348
1757012169.689,latency_s,0.047397
1757012169.689,latency_s,0.047292
1757012169.690,latency_s,0.047463
1757012169.703,latency_s,0.048383
1757012169.703,latency_s,0.048576
1757012169.712,latency_s,0.046278
1757012169.720,latency_s,0.046669
1757012169.722,latency_s,0.046856
1757012169.724,latency_s,0.047147
1757012169.767,latency_s,0.046305
1757012169.774,latency_s,0.046657
1757012169.777,latency_s,0.046252
1757012169.781,latency_s,0.046290
1757012169.783,latency_s,0.046928
1757012169.787,latency_s,0.047282
1757012169.787,latency_s,0.047239
1757012169.787,latency_s,0.046973
1757012169.790,latency_s,0.047013
1757012169.790,latency_s,0.047020
1757012169.790,latency_s,0.047142
1757012169.803,latency_s,0.046849
1757012169.803,latency_s,0.046686
1757012169.813,latency_s,0.046787
1757012169.822,latency_s,0.047227
1757012169.824,latency_s,0.047313
1757012169.824,latency_s,0.047004
1757012169.870,latency_s,0.047197
1757012169.873,latency_s,0.046079
1757012169.877,latency_s,0.046652
1757012169.882,latency_s,0.046724
1757012169.884,latency_s,0.046579
1757012169.887,latency_s,0.047251
1757012169.887,latency_s,0.047193
1757012169.887,latency_s,0.046601
1757012169.889,latency_s,0.046293
1757012169.890,latency_s,0.046366
1757012169.891,latency_s,0.047007
1757012169.905,latency_s,0.046055
1757012169.905,latency_s,0.046107
1757012169.914,latency_s,0.047044
1757012169.924,latency_s,0.047498
1757012169.927,latency_s,0.048288
1757012169.927,latency_s,0.048202
1757012169.970,latency_s,0.047038
1757012169.975,latency_s,0.046666
1757012169.978,latency_s,0.046791
1757012169.981,latency_s,0.045959
1757012169.984,latency_s,0.046927
1757012169.987,latency_s,0.047032
1757012169.987,latency_s,0.046925
1757012169.988,latency_s,0.046530
1757012169.991,latency_s,0.047825
1757012169.991,latency_s,0.046747
1757012169.991,latency_s,0.046874
1757012170.007,latency_s,0.047649
1757012170.007,latency_s,0.046666
1757012170.013,latency_s,0.046323
1757012170.024,latency_s,0.046856
1757012170.026,latency_s,0.046765
1757012170.027,latency_s,0.047414
1757012170.072,latency_s,0.046234
1757012170.074,latency_s,0.045842
1757012170.078,latency_s,0.046203
1757012170.081,latency_s,0.046005
1757012170.085,latency_s,0.046679
1757012170.087,latency_s,0.046123
1757012170.087,latency_s,0.046253
1757012170.089,latency_s,0.047019
1757012170.089,latency_s,0.045714
1757012170.091,latency_s,0.045957
1757012170.091,latency_s,0.045234
1757012170.108,latency_s,0.046141
1757012170.110,latency_s,0.046072
1757012170.115,latency_s,0.046340
1757012170.125,latency_s,0.046823
1757012170.128,latency_s,0.047981
1757012170.128,latency_s,0.047637
1757012170.173,latency_s,0.046440
1757012170.175,latency_s,0.046334
1757012170.178,latency_s,0.045913
1757012170.182,latency_s,0.046270
1757012170.186,latency_s,0.046738
1757012170.187,latency_s,0.046140
1757012170.188,latency_s,0.047031
1757012170.189,latency_s,0.046304
1757012170.191,latency_s,0.046536
1757012170.193,latency_s,0.046259
1757012170.193,latency_s,0.046459
1757012170.208,latency_s,0.046521
1757012170.211,latency_s,0.047038
1757012170.215,latency_s,0.046390
1757012170.224,latency_s,0.045995
1757012170.227,latency_s,0.046509
1757012170.227,latency_s,0.045787
1757012170.276,latency_s,0.046850
1757012170.276,latency_s,0.046958
1757012170.278,latency_s,0.046398
1757012170.282,latency_s,0.046161
1757012170.288,latency_s,0.047071
1757012170.288,latency_s,0.046343
1757012170.288,latency_s,0.046422
1757012170.289,latency_s,0.045678
1757012170.291,latency_s,0.045725
1757012170.292,latency_s,0.045325
1757012170.294,latency_s,0.045959
1757012170.308,latency_s,0.045874
1757012170.312,latency_s,0.046949
1757012170.315,latency_s,0.045912
1757012170.325,latency_s,0.046511
1757012170.328,latency_s,0.046735
1757012170.329,latency_s,0.047436
1757012170.377,latency_s,0.047626
1757012170.379,latency_s,0.048431
1757012170.380,latency_s,0.047153
1757012170.382,latency_s,0.045974
1757012170.389,latency_s,0.048574
1757012170.390,latency_s,0.048049
1757012170.390,latency_s,0.047684
1757012170.390,latency_s,0.045841
1757012170.392,latency_s,0.046007
1757012170.394,latency_s,0.046521
1757012170.395,latency_s,0.045888
1757012170.408,latency_s,0.045661
1757012170.415,latency_s,0.046310
1757012170.416,latency_s,0.046161
1757012170.427,latency_s,0.047822
1757012170.427,latency_s,0.046335
1757012170.429,latency_s,0.046156
1757012170.479,latency_s,0.048779
1757012170.480,latency_s,0.048015
1757012170.480,latency_s,0.047120
1757012170.483,latency_s,0.046274
1757012170.488,latency_s,0.045878
1757012170.491,latency_s,0.047717
1757012170.491,latency_s,0.047780
1757012170.491,latency_s,0.046422
1757012170.493,latency_s,0.045462
1757012170.494,latency_s,0.045749
1757012170.495,latency_s,0.045818
1757012170.509,latency_s,0.046290
1757012170.517,latency_s,0.047715
1757012170.517,latency_s,0.047152
1757012170.528,latency_s,0.048657
1757012170.529,latency_s,0.047315
1757012170.530,latency_s,0.046480
1757012170.578,latency_s,0.046435
1757012170.579,latency_s,0.046248
1757012170.581,latency_s,0.046036
1757012170.584,latency_s,0.046284
1757012170.590,latency_s,0.047381
1757012170.590,latency_s,0.046467
1757012170.590,latency_s,0.045682
1757012170.592,latency_s,0.046834
1757012170.594,latency_s,0.046046
1757012170.596,latency_s,0.046716
1757012170.596,latency_s,0.045911
1757012170.610,latency_s,0.046489
1757012170.617,latency_s,0.046714
1757012170.617,latency_s,0.046889
1757012170.627,latency_s,0.046972
1757012170.629,latency_s,0.046912
1757012170.632,latency_s,0.047213
1757012170.679,latency_s,0.047717
1757012170.680,latency_s,0.045836
1757012170.682,latency_s,0.046535
1757012170.685,latency_s,0.046468
1757012170.691,latency_s,0.047519
1757012170.692,latency_s,0.045940
1757012170.693,latency_s,0.046991
1757012170.694,latency_s,0.046036
1757012170.694,latency_s,0.046203
1757012170.697,latency_s,0.046972
1757012170.697,latency_s,0.046781
1757012170.710,latency_s,0.046499
1757012170.716,latency_s,0.046189
1757012170.716,latency_s,0.046100
1757012170.730,latency_s,0.047171
1757012170.730,latency_s,0.046885
1757012170.732,latency_s,0.046412
1757012170.779,latency_s,0.047286
1757012170.781,latency_s,0.046498
1757012170.785,latency_s,0.047274
1757012170.786,latency_s,0.046553
1757012170.789,latency_s,0.045966
1757012170.795,latency_s,0.048077
1757012170.795,latency_s,0.047832
1757012170.795,latency_s,0.046160
1757012170.795,latency_s,0.046382
1757012170.796,latency_s,0.045875
1757012170.797,latency_s,0.046463
1757012170.810,latency_s,0.045441
1757012170.817,latency_s,0.046507
1757012170.817,latency_s,0.047146
1757012170.832,latency_s,0.048734
1757012170.832,latency_s,0.048505
1757012170.832,latency_s,0.046629
1757012170.879,latency_s,0.047131
1757012170.881,latency_s,0.046278
1757012170.886,latency_s,0.046679
1757012170.888,latency_s,0.046150
1757012170.891,latency_s,0.047226
1757012170.894,latency_s,0.046587
1757012170.894,latency_s,0.046767
1757012170.895,latency_s,0.046689
1757012170.896,latency_s,0.046889
1757012170.897,latency_s,0.046138
1757012170.898,latency_s,0.045682
1757012170.911,latency_s,0.045586
1757012170.917,latency_s,0.045911
1757012170.918,latency_s,0.045766
1757012170.931,latency_s,0.047316
1757012170.931,latency_s,0.047132
1757012170.933,latency_s,0.046772
1757012170.980,latency_s,0.047104
1757012170.982,latency_s,0.046435
1757012170.987,latency_s,0.047301
1757012170.989,latency_s,0.046413
1757012170.990,latency_s,0.046102
1757012170.995,latency_s,0.045921
1757012170.999,latency_s,0.049430
1757012170.999,latency_s,0.049314
1757012170.999,latency_s,0.047376
1757012170.999,latency_s,0.047450
1757012170.999,latency_s,0.046695
1757012171.011,latency_s,0.045524
1757012171.017,latency_s,0.045910
1757012171.018,latency_s,0.045943
1757012171.031,latency_s,0.046796
1757012171.034,latency_s,0.046943
1757012171.034,latency_s,0.046929
1757012171.080,latency_s,0.046896
1757012171.082,latency_s,0.045796
1757012171.086,latency_s,0.046053
1757012171.091,latency_s,0.046211
1757012171.091,latency_s,0.046360
1757012171.097,latency_s,0.047278
1757012171.097,latency_s,0.047121
1757012171.097,latency_s,0.046947
1757012171.099,latency_s,0.046114
1757012171.099,latency_s,0.045990
1757012171.099,latency_s,0.046049
1757012171.113,latency_s,0.046865
1757012171.117,latency_s,0.045995
1757012171.119,latency_s,0.046039
1757012171.133,latency_s,0.047559
1757012171.134,latency_s,0.047284
1757012171.134,latency_s,0.047143
1757012171.180,latency_s,0.046538
1757012171.182,latency_s,0.045729
1757012171.187,latency_s,0.046588
1757012171.192,latency_s,0.047331
1757012171.192,latency_s,0.047515
1757012171.198,latency_s,0.047607
1757012171.198,latency_s,0.047363
1757012171.198,latency_s,0.047449
1757012171.199,latency_s,0.045665
1757012171.200,latency_s,0.046392
1757012171.200,latency_s,0.046309
1757012171.215,latency_s,0.048519
1757012171.217,latency_s,0.045362
1757012171.219,latency_s,0.045334
1757012171.235,latency_s,0.048774
1757012171.235,latency_s,0.047124
1757012171.235,latency_s,0.047007
1757012171.280,latency_s,0.046235
1757012171.282,latency_s,0.045554
1757012171.289,latency_s,0.047362
1757012171.291,latency_s,0.045625
1757012171.292,latency_s,0.046613
1757012171.296,latency_s,0.046028
1757012171.297,latency_s,0.046494
1757012171.298,latency_s,0.045879
1757012171.300,latency_s,0.046787
1757012171.300,latency_s,0.046432
1757012171.300,latency_s,0.046029
1757012171.313,latency_s,0.046103
1757012171.319,latency_s,0.046503
1757012171.320,latency_s,0.045515
1757012171.334,latency_s,0.047095
1757012171.335,latency_s,0.046606
1757012171.335,latency_s,0.046699
1757012171.381,latency_s,0.046865
1757012171.383,latency_s,0.045913
1757012171.389,latency_s,0.046813
1757012171.392,latency_s,0.046158
1757012171.392,latency_s,0.045991
1757012171.398,latency_s,0.047287
1757012171.398,latency_s,0.047116
1757012171.399,latency_s,0.045928
1757012171.401,latency_s,0.046868
1757012171.401,latency_s,0.046634
1757012171.401,latency_s,0.046270
1757012171.414,latency_s,0.045554
1757012171.420,latency_s,0.046357
1757012171.420,latency_s,0.045588
1757012171.436,latency_s,0.048661
1757012171.436,latency_s,0.047202
1757012171.437,latency_s,0.047614
1757012171.482,latency_s,0.046722
1757012171.486,latency_s,0.046102
1757012171.491,latency_s,0.046992
1757012171.493,latency_s,0.046834
1757012171.493,latency_s,0.046456
1757012171.497,latency_s,0.045847
1757012171.497,latency_s,0.046278
1757012171.500,latency_s,0.045873
1757012171.500,latency_s,0.046222
1757012171.502,latency_s,0.045874
1757012171.502,latency_s,0.046048
1757012171.515,latency_s,0.045883
1757012171.520,latency_s,0.046223
1757012171.522,latency_s,0.045968
1757012171.534,latency_s,0.045646
1757012171.537,latency_s,0.047213
1757012171.539,latency_s,0.046753
1757012171.583,latency_s,0.047192
1757012171.587,latency_s,0.046125
1757012171.591,latency_s,0.046749
1757012171.592,latency_s,0.045663
1757012171.593,latency_s,0.046424
1757012171.598,latency_s,0.046649
1757012171.598,latency_s,0.046843
1757012171.601,latency_s,0.046203
1757012171.601,latency_s,0.046401
1757012171.603,latency_s,0.046317
1757012171.603,latency_s,0.046462
1757012171.615,latency_s,0.045975
1757012171.620,latency_s,0.045396
1757012171.623,latency_s,0.045221
1757012171.636,latency_s,0.046407
1757012171.636,latency_s,0.046436
1757012171.639,latency_s,0.046448
1757012171.683,latency_s,0.046813
1757012171.689,latency_s,0.046508
1757012171.692,latency_s,0.046907
1757012171.693,latency_s,0.045873
1757012171.695,latency_s,0.047340
1757012171.699,latency_s,0.046263
1757012171.700,latency_s,0.047538
1757012171.701,latency_s,0.046329
1757012171.701,latency_s,0.046230
1757012171.705,latency_s,0.046259
1757012171.705,latency_s,0.046456
1757012171.715,latency_s,0.045482
1757012171.721,latency_s,0.046257
1757012171.726,latency_s,0.046315
1757012171.739,latency_s,0.047542
1757012171.739,latency_s,0.047791
1757012171.739,latency_s,0.045861
1757012171.784,latency_s,0.047183
1757012171.790,latency_s,0.046527
1757012171.794,latency_s,0.047904
1757012171.794,latency_s,0.046874
1757012171.794,latency_s,0.045613
1757012171.799,latency_s,0.046147
1757012171.801,latency_s,0.046513
1757012171.802,latency_s,0.046030
1757012171.803,latency_s,0.045966
1757012171.806,latency_s,0.046360
1757012171.806,latency_s,0.046482
1757012171.816,latency_s,0.046564
1757012171.821,latency_s,0.046163
1757012171.829,latency_s,0.046834
1757012171.838,latency_s,0.046871
1757012171.840,latency_s,0.046544
1757012171.883,latency_s,0.046391
1757012171.891,latency_s,0.046590
1757012171.895,latency_s,0.048610
1757012171.895,latency_s,0.047911
1757012171.896,latency_s,0.047623
1757012171.901,latency_s,0.046561
1757012171.902,latency_s,0.047559
1757012171.902,latency_s,0.046136
1757012171.905,latency_s,0.046489
1757012171.908,latency_s,0.046947
1757012171.908,latency_s,0.046844
1757012171.917,latency_s,0.046720
1757012171.921,latency_s,0.046098
1757012171.929,latency_s,0.046388
1757012171.939,latency_s,0.046953
1757012171.940,latency_s,0.046027
1757012171.982,latency_s,0.190745
1757012171.983,latency_s,0.090413
1757012171.984,latency_s,0.046717
1757012171.991,latency_s,0.046206
1757012171.993,latency_s,0.046007
1757012171.994,latency_s,0.046138
1757012171.996,latency_s,0.046416
1757012172.001,latency_s,0.046140
1757012172.002,latency_s,0.045796
1757012172.003,latency_s,0.046711
1757012172.006,latency_s,0.045794
1757012172.008,latency_s,0.046345
1757012172.009,latency_s,0.046474
1757012172.018,latency_s,0.047137
1757012172.022,latency_s,0.045880
1757012172.030,latency_s,0.046022
1757012172.039,latency_s,0.046887
1757012172.040,latency_s,0.047143
1757012172.042,latency_s,0.046664
1757012172.084,latency_s,0.046509
1757012172.092,latency_s,0.046091
1757012172.093,latency_s,0.046478
1757012172.096,latency_s,0.046984
1757012172.096,latency_s,0.046596
1757012172.101,latency_s,0.046166
1757012172.103,latency_s,0.046274
1757012172.103,latency_s,0.045770
1757012172.108,latency_s,0.047051
1757012172.109,latency_s,0.046541
1757012172.109,latency_s,0.046728
1757012172.118,latency_s,0.046002
1757012172.122,latency_s,0.045808
1757012172.132,latency_s,0.047722
1757012172.141,latency_s,0.048732
1757012172.142,latency_s,0.047716
1757012172.142,latency_s,0.046260
1757012172.184,latency_s,0.046425
1757012172.194,latency_s,0.046667
1757012172.194,latency_s,0.047306
1757012172.196,latency_s,0.045656
1757012172.198,latency_s,0.047653
1757012172.204,latency_s,0.047483
1757012172.204,latency_s,0.046911
1757012172.204,latency_s,0.045586
1757012172.209,latency_s,0.047150
1757012172.210,latency_s,0.046444
1757012172.210,latency_s,0.046518
1757012172.218,latency_s,0.046413
1757012172.223,latency_s,0.046591
1757012172.232,latency_s,0.046564
1757012172.242,latency_s,0.048357
1757012172.242,latency_s,0.048262
1757012172.243,latency_s,0.047075
1757012172.286,latency_s,0.046898
1757012172.295,latency_s,0.047666
1757012172.295,latency_s,0.047667
1757012172.298,latency_s,0.047067
1757012172.298,latency_s,0.047136
1757012172.304,latency_s,0.047636
1757012172.304,latency_s,0.046706
1757012172.305,latency_s,0.046023
1757012172.309,latency_s,0.046518
1757012172.311,latency_s,0.046761
1757012172.312,latency_s,0.047382
1757012172.318,latency_s,0.045413
1757012172.324,latency_s,0.047252
1757012172.336,latency_s,0.048419
1757012172.343,latency_s,0.048137
1757012172.343,latency_s,0.047912
1757012172.343,latency_s,0.046234
1757012172.387,latency_s,0.047554
1757012172.395,latency_s,0.047185
1757012172.396,latency_s,0.047365
1757012172.399,latency_s,0.047431
1757012172.399,latency_s,0.047601
1757012172.404,latency_s,0.047266
1757012172.404,latency_s,0.046407
1757012172.406,latency_s,0.045878
1757012172.410,latency_s,0.046690
1757012172.413,latency_s,0.046932
1757012172.413,latency_s,0.046971
1757012172.419,latency_s,0.045726
1757012172.424,latency_s,0.046273
1757012172.434,latency_s,0.046453
1757012172.444,latency_s,0.049284
1757012172.444,latency_s,0.049288
1757012172.445,latency_s,0.047256
1757012172.487,latency_s,0.046665
1757012172.495,latency_s,0.046052
1757012172.500,latency_s,0.047962
1757012172.500,latency_s,0.048186
1757012172.501,latency_s,0.048240
1757012172.503,latency_s,0.046173
1757012172.504,latency_s,0.046388
1757012172.506,latency_s,0.045594
1757012172.511,latency_s,0.046254
1757012172.514,latency_s,0.047134
1757012172.514,latency_s,0.046901
1757012172.520,latency_s,0.045977
1757012172.523,latency_s,0.045417
1757012172.539,latency_s,0.046453
1757012172.542,latency_s,0.046779
1757012172.543,latency_s,0.047035
1757012172.543,latency_s,0.045926
1757012172.588,latency_s,0.047006
1757012172.596,latency_s,0.046407
1757012172.600,latency_s,0.046647
1757012172.600,latency_s,0.046616
1757012172.601,latency_s,0.046794
1757012172.604,latency_s,0.046545
1757012172.604,latency_s,0.045650
1757012172.608,latency_s,0.045470
1757012172.611,latency_s,0.045941
1757012172.614,latency_s,0.046308
1757012172.616,latency_s,0.046472
1757012172.620,latency_s,0.045498
1757012172.624,latency_s,0.045830
1757012172.639,latency_s,0.045787
1757012172.644,latency_s,0.047469
1757012172.644,latency_s,0.047769
1757012172.644,latency_s,0.046004
1757012172.689,latency_s,0.046974
1757012172.696,latency_s,0.046271
1757012172.701,latency_s,0.047388
1757012172.702,latency_s,0.047249
1757012172.704,latency_s,0.046210
1757012172.704,latency_s,0.046139
1757012172.706,latency_s,0.047235
1757012172.708,latency_s,0.045792
1757012172.711,latency_s,0.046123
1757012172.715,latency_s,0.045927
1757012172.717,latency_s,0.046150
1757012172.721,latency_s,0.046078
1757012172.724,latency_s,0.046093
1757012172.742,latency_s,0.048152
1757012172.744,latency_s,0.046133
1757012172.744,latency_s,0.046431
1757012172.746,latency_s,0.047168
1757012172.789,latency_s,0.046829
1757012172.797,latency_s,0.046537
1757012172.802,latency_s,0.047300
1757012172.802,latency_s,0.046286
1757012172.805,latency_s,0.045985
1757012172.805,latency_s,0.046366
1757012172.807,latency_s,0.047732
1757012172.813,latency_s,0.046452
1757012172.813,latency_s,0.046839
1757012172.816,latency_s,0.045335
1757012172.819,latency_s,0.046676
1757012172.822,latency_s,0.046262
1757012172.824,latency_s,0.045645
1757012172.842,latency_s,0.047627
1757012172.846,latency_s,0.047030
1757012172.846,latency_s,0.046734
1757012172.846,latency_s,0.046769
1757012172.889,latency_s,0.046258
1757012172.898,latency_s,0.046689
1757012172.903,latency_s,0.047385
1757012172.903,latency_s,0.046369
1757012172.907,latency_s,0.047661
1757012172.907,latency_s,0.047768
1757012172.907,latency_s,0.047673
1757012172.915,latency_s,0.046904
1757012172.915,latency_s,0.047129
1757012172.918,latency_s,0.046067
1757012172.920,latency_s,0.046134
1757012172.922,latency_s,0.045558
1757012172.926,latency_s,0.046760
1757012172.943,latency_s,0.047689
1757012172.948,latency_s,0.048128
1757012172.948,latency_s,0.047621
1757012172.948,latency_s,0.047909
1757012172.990,latency_s,0.046901
1757012172.999,latency_s,0.046413
1757012173.005,latency_s,0.046998
1757012173.005,latency_s,0.046641
1757012173.006,latency_s,0.046391
1757012173.007,latency_s,0.047952
1757012173.007,latency_s,0.048311
1757012173.015,latency_s,0.045801
1757012173.016,latency_s,0.046879
1757012173.019,latency_s,0.046124
1757012173.021,latency_s,0.046369
1757012173.024,latency_s,0.047136
1757012173.027,latency_s,0.046739
1757012173.043,latency_s,0.047334
1757012173.047,latency_s,0.046687
1757012173.048,latency_s,0.046660
1757012173.049,latency_s,0.047002
1757012173.092,latency_s,0.047736
1757012173.102,latency_s,0.046450
1757012173.109,latency_s,0.049696
1757012173.109,latency_s,0.049536
1757012173.109,latency_s,0.049459
1757012173.109,latency_s,0.049620
1757012173.109,latency_s,0.049754
1757012173.118,latency_s,0.045419
1757012173.119,latency_s,0.046946
1757012173.119,latency_s,0.046383
1757012173.123,latency_s,0.047307
1757012173.123,latency_s,0.045793
1757012173.127,latency_s,0.047187
1757012173.145,latency_s,0.049144
1757012173.148,latency_s,0.047341
1757012173.148,latency_s,0.047181
1757012173.149,latency_s,0.046528
1757012173.192,latency_s,0.046732
1757012173.206,latency_s,0.046737
1757012173.209,latency_s,0.048846
1757012173.209,latency_s,0.048536
1757012173.209,latency_s,0.048680
1757012173.209,latency_s,0.049006
1757012173.209,latency_s,0.046445
1757012173.220,latency_s,0.047184
1757012173.220,latency_s,0.046496
1757012173.220,latency_s,0.046926
1757012173.223,latency_s,0.046690
1757012173.225,latency_s,0.046874
1757012173.227,latency_s,0.046340
1757012173.244,latency_s,0.047208
1757012173.248,latency_s,0.046730
1757012173.249,latency_s,0.046396
1757012173.250,latency_s,0.047038
1757012173.292,latency_s,0.046985
1757012173.310,latency_s,0.050078
1757012173.310,latency_s,0.049979
1757012173.310,latency_s,0.049598
1757012173.310,latency_s,0.049923
1757012173.310,latency_s,0.049429
1757012173.310,latency_s,0.046605
1757012173.324,latency_s,0.047853
1757012173.324,latency_s,0.047772
1757012173.324,latency_s,0.047724
1757012173.324,latency_s,0.047858
1757012173.325,latency_s,0.045950
1757012173.328,latency_s,0.046815
1757012173.345,latency_s,0.048013
1757012173.349,latency_s,0.045895
1757012173.351,latency_s,0.047176
1757012173.351,latency_s,0.047519
1757012173.392,latency_s,0.046553
1757012173.409,latency_s,0.048734
1757012173.409,latency_s,0.048645
1757012173.409,latency_s,0.048364
1757012173.409,latency_s,0.048149
1757012173.409,latency_s,0.047623
1757012173.411,latency_s,0.046760
1757012173.426,latency_s,0.047477
1757012173.427,latency_s,0.047397
1757012173.427,latency_s,0.047659
1757012173.427,latency_s,0.048037
1757012173.427,latency_s,0.048103
1757012173.428,latency_s,0.046151
1757012173.444,latency_s,0.047264
1757012173.451,latency_s,0.046721
1757012173.451,latency_s,0.046423
1757012173.451,latency_s,0.046453
1757012173.494,latency_s,0.047017
1757012173.508,latency_s,0.047963
1757012173.509,latency_s,0.047872
1757012173.509,latency_s,0.047721
1757012173.509,latency_s,0.047477
1757012173.509,latency_s,0.046478
1757012173.512,latency_s,0.046843
1757012173.528,latency_s,0.048191
1757012173.528,latency_s,0.048188
1757012173.528,latency_s,0.047807
1757012173.528,latency_s,0.046233
1757012173.528,latency_s,0.046464
1757012173.530,latency_s,0.047018
1757012173.544,latency_s,0.046405
1757012173.553,latency_s,0.048888
1757012173.553,latency_s,0.048387
1757012173.553,latency_s,0.048580
1757012173.594,latency_s,0.045734
1757012173.609,latency_s,0.048026
1757012173.609,latency_s,0.047899
1757012173.609,latency_s,0.047430
1757012173.611,latency_s,0.048927
1757012173.611,latency_s,0.047959
1757012173.613,latency_s,0.046310
1757012173.627,latency_s,0.046898
1757012173.627,latency_s,0.046609
1757012173.629,latency_s,0.047451
1757012173.629,latency_s,0.047235
1757012173.629,latency_s,0.047059
1757012173.629,latency_s,0.046490
1757012173.646,latency_s,0.048548
1757012173.654,latency_s,0.048704
1757012173.654,latency_s,0.048467
1757012173.654,latency_s,0.048506
1757012173.695,latency_s,0.046860
1757012173.707,latency_s,0.046073
1757012173.710,latency_s,0.048365
1757012173.710,latency_s,0.048227
1757012173.710,latency_s,0.048033
1757012173.712,latency_s,0.048403
1757012173.713,latency_s,0.045858
1757012173.729,latency_s,0.048671
1757012173.730,latency_s,0.048656
1757012173.730,latency_s,0.046801
1757012173.732,latency_s,0.046965
1757012173.732,latency_s,0.046905
1757012173.732,latency_s,0.047094
1757012173.748,latency_s,0.050031
1757012173.755,latency_s,0.048997
1757012173.755,latency_s,0.049148
1757012173.755,latency_s,0.048290
1757012173.796,latency_s,0.046862
1757012173.809,latency_s,0.046879
1757012173.810,latency_s,0.047313
1757012173.810,latency_s,0.047117
1757012173.816,latency_s,0.047992
1757012173.816,latency_s,0.047963
1757012173.816,latency_s,0.046287
1757012173.828,latency_s,0.047504
1757012173.828,latency_s,0.046979
1757012173.831,latency_s,0.046375
1757012173.832,latency_s,0.046854
1757012173.833,latency_s,0.047232
1757012173.833,latency_s,0.047271
1757012173.844,latency_s,0.045513
1757012173.853,latency_s,0.046941
1757012173.853,latency_s,0.046592
1757012173.854,latency_s,0.047207
1757012173.896,latency_s,0.046714
1757012173.912,latency_s,0.048840
1757012173.912,latency_s,0.048697
1757012173.953,latency_s,0.089343
1757012173.953,latency_s,0.084517
1757012173.953,latency_s,0.084663
1757012173.953,latency_s,0.082431
1757012173.953,latency_s,0.072158
1757012173.953,latency_s,0.071617
1757012173.953,latency_s,0.068287
1757012173.953,latency_s,0.067567
1757012173.953,latency_s,0.067063
1757012173.953,latency_s,0.067276
1757012173.954,latency_s,0.055161
1757012173.964,latency_s,0.057634
1757012173.964,latency_s,0.057408
1757012173.964,latency_s,0.056685
1757012173.997,latency_s,0.046782
1757012174.010,latency_s,0.046054
1757012174.012,latency_s,0.047533
1757012174.012,latency_s,0.047499
1757012174.019,latency_s,0.047235
1757012174.019,latency_s,0.047591
1757012174.020,latency_s,0.046095
1757012174.028,latency_s,0.046509
1757012174.028,latency_s,0.046107
1757012174.034,latency_s,0.048005
1757012174.034,latency_s,0.047810
1757012174.034,latency_s,0.047204
1757012174.048,latency_s,0.061877
1757012174.049,latency_s,0.049395
1757012174.054,latency_s,0.047682
1757012174.056,latency_s,0.048145
1757012174.056,latency_s,0.048260
1757012174.098,latency_s,0.046693
1757012174.112,latency_s,0.046773
1757012174.113,latency_s,0.048011
1757012174.117,latency_s,0.046006
1757012174.118,latency_s,0.046360
1757012174.121,latency_s,0.046837
1757012174.121,latency_s,0.046718
1757012174.129,latency_s,0.046771
1757012174.130,latency_s,0.046144
1757012174.132,latency_s,0.045845
1757012174.133,latency_s,0.047137
1757012174.134,latency_s,0.047159
1757012174.134,latency_s,0.047192
1757012174.149,latency_s,0.047823
1757012174.153,latency_s,0.046425
1757012174.154,latency_s,0.046296
1757012174.155,latency_s,0.047009
1757012174.199,latency_s,0.046872
1757012174.216,latency_s,0.046777
1757012174.216,latency_s,0.046654
1757012174.218,latency_s,0.046762
1757012174.219,latency_s,0.046497
1757012174.222,latency_s,0.047207
1757012174.222,latency_s,0.047271
1757012174.230,latency_s,0.046922
1757012174.232,latency_s,0.046383
1757012174.232,latency_s,0.045606
1757012174.234,latency_s,0.046679
1757012174.234,latency_s,0.046135
1757012174.235,latency_s,0.047524
1757012174.253,latency_s,0.049773
1757012174.255,latency_s,0.047174
1757012174.256,latency_s,0.047927
1757012174.256,latency_s,0.047415
1757012174.300,latency_s,0.046441
1757012174.317,latency_s,0.047028
1757012174.318,latency_s,0.046324
1757012174.318,latency_s,0.046242
1757012174.321,latency_s,0.048323
1757012174.322,latency_s,0.046792
1757012174.322,latency_s,0.047050
1757012174.329,latency_s,0.046096
1757012174.335,latency_s,0.047143
1757012174.335,latency_s,0.047198
1757012174.335,latency_s,0.047083
1757012174.337,latency_s,0.049243
1757012174.337,latency_s,0.048891
1757012174.350,latency_s,0.046357
1757012174.355,latency_s,0.046542
1757012174.357,latency_s,0.048627
1757012174.358,latency_s,0.047705
1757012174.400,latency_s,0.046226
1757012174.420,latency_s,0.046290
1757012174.423,latency_s,0.047107
1757012174.423,latency_s,0.047222
1757012174.423,latency_s,0.047405
1757012174.424,latency_s,0.048556
1757012174.424,latency_s,0.048572
1757012174.430,latency_s,0.045982
1757012174.435,latency_s,0.046230
1757012174.435,latency_s,0.046021
1757012174.436,latency_s,0.046888
1757012174.438,latency_s,0.046311
1757012174.438,latency_s,0.049081
1757012174.452,latency_s,0.046032
1757012174.460,latency_s,0.050546
1757012174.460,latency_s,0.050542
1757012174.460,latency_s,0.049732
1757012174.501,latency_s,0.046805
1757012174.521,latency_s,0.046421
1757012174.523,latency_s,0.047218
1757012174.523,latency_s,0.047330
1757012174.526,latency_s,0.049678
1757012174.526,latency_s,0.049602
1757012174.526,latency_s,0.047521
1757012174.530,latency_s,0.045982
1757012174.537,latency_s,0.047279
1757012174.537,latency_s,0.047344
1757012174.538,latency_s,0.046099
1757012174.538,latency_s,0.045240
1757012174.540,latency_s,0.046521
1757012174.553,latency_s,0.045901
1757012174.560,latency_s,0.050182
1757012174.560,latency_s,0.049770
1757012174.560,latency_s,0.049246
1757012174.602,latency_s,0.046991
1757012174.624,latency_s,0.047597
1757012174.624,latency_s,0.047431
1757012174.624,latency_s,0.045914
1757012174.625,latency_s,0.046857
1757012174.627,latency_s,0.047602
1757012174.627,latency_s,0.048023
1757012174.631,latency_s,0.045967
1757012174.637,latency_s,0.046579
1757012174.639,latency_s,0.046416
1757012174.641,latency_s,0.048187
1757012174.641,latency_s,0.047657
1757012174.641,latency_s,0.047145
1757012174.655,latency_s,0.045978
1757012174.655,latency_s,0.045575
1757012174.660,latency_s,0.048888
1757012174.660,latency_s,0.048856
1757012174.702,latency_s,0.046831
1757012174.722,latency_s,0.045812
1757012174.723,latency_s,0.046818
1757012174.724,latency_s,0.045501
1757012174.728,latency_s,0.045830
1757012174.728,latency_s,0.045818
1757012174.730,latency_s,0.047583
1757012174.732,latency_s,0.046178
1757012174.742,latency_s,0.050559
1757012174.742,latency_s,0.048084
1757012174.742,latency_s,0.048259
1757012174.742,latency_s,0.046742
1757012174.742,latency_s,0.046977
1757012174.756,latency_s,0.045679
1757012174.756,latency_s,0.046254
1757012174.759,latency_s,0.047089
1757012174.759,latency_s,0.047060
1757012174.803,latency_s,0.046110
1757012174.826,latency_s,0.049203
1757012174.826,latency_s,0.049165
1757012174.827,latency_s,0.046665
1757012174.833,latency_s,0.047149
1757012174.833,latency_s,0.047133
1757012174.833,latency_s,0.047646
1757012174.834,latency_s,0.047732
1757012174.837,latency_s,0.045617
1757012174.839,latency_s,0.045524
1757012174.840,latency_s,0.046431
1757012174.842,latency_s,0.046119
1757012174.842,latency_s,0.046386
1757012174.858,latency_s,0.046141
1757012174.860,latency_s,0.046396
1757012174.860,latency_s,0.046263
1757012174.863,latency_s,0.048761
1757012174.904,latency_s,0.046495
1757012174.925,latency_s,0.047429
1757012174.925,latency_s,0.047509
1757012174.926,latency_s,0.045708
1757012174.933,latency_s,0.047083
1757012174.933,latency_s,0.046904
1757012174.934,latency_s,0.047087
1757012174.935,latency_s,0.048800
1757012174.938,latency_s,0.046169
1757012174.945,latency_s,0.047490
1757012174.945,latency_s,0.047513
1757012174.945,latency_s,0.047403
1757012174.945,latency_s,0.047587
1757012174.960,latency_s,0.047501
1757012174.961,latency_s,0.046788
1757012174.962,latency_s,0.047321
1757012174.962,latency_s,0.047498
1757012175.006,latency_s,0.047502
1757012175.024,latency_s,0.046354
1757012175.029,latency_s,0.046960
1757012175.029,latency_s,0.047296
1757012175.032,latency_s,0.045493
1757012175.035,latency_s,0.048132
1757012175.035,latency_s,0.048070
1757012175.035,latency_s,0.048440
1757012175.039,latency_s,0.045896
1757012175.045,latency_s,0.046395
1757012175.046,latency_s,0.046805
1757012175.046,latency_s,0.047494
1757012175.047,latency_s,0.047616
1757012175.060,latency_s,0.046690
1757012175.061,latency_s,0.046737
1757012175.062,latency_s,0.046927
1757012175.062,latency_s,0.045892
1757012175.108,latency_s,0.046638
1757012175.125,latency_s,0.046510
1757012175.129,latency_s,0.046322
1757012175.130,latency_s,0.046325
1757012175.136,latency_s,0.048380
1757012175.136,latency_s,0.047431
1757012175.136,latency_s,0.047631
1757012175.138,latency_s,0.045893
1757012175.140,latency_s,0.046530
1757012175.146,latency_s,0.046679
1757012175.147,latency_s,0.047316
1757012175.147,latency_s,0.047324
1757012175.147,latency_s,0.047507
1757012175.160,latency_s,0.045532
1757012175.163,latency_s,0.046517
1757012175.163,latency_s,0.046912
1757012175.163,latency_s,0.046791
1757012175.209,latency_s,0.047131
1757012175.226,latency_s,0.046118
1757012175.230,latency_s,0.046511
1757012175.230,latency_s,0.046606
1757012175.235,latency_s,0.046675
1757012175.236,latency_s,0.046951
1757012175.236,latency_s,0.047192
1757012175.239,latency_s,0.046150
1757012175.240,latency_s,0.045620
1757012175.248,latency_s,0.047547
1757012175.248,latency_s,0.047442
1757012175.248,latency_s,0.047616
1757012175.248,latency_s,0.047615
1757012175.263,latency_s,0.047470
1757012175.263,latency_s,0.046251
1757012175.263,latency_s,0.045923
1757012175.263,latency_s,0.046451
1757012175.309,latency_s,0.046343
1757012175.326,latency_s,0.046184
1757012175.332,latency_s,0.046460
1757012175.334,latency_s,0.045959
1757012175.337,latency_s,0.046479
1757012175.337,latency_s,0.046476
1757012175.338,latency_s,0.046570
1757012175.341,latency_s,0.046670
1757012175.341,latency_s,0.046547
1757012175.347,latency_s,0.046501
1757012175.348,latency_s,0.046728
1757012175.348,latency_s,0.046808
1757012175.349,latency_s,0.047913
1757012175.362,latency_s,0.046153
1757012175.363,latency_s,0.045330
1757012175.363,latency_s,0.045899
1757012175.364,latency_s,0.045730
1757012175.411,latency_s,0.046756
1757012175.427,latency_s,0.046410
1757012175.433,latency_s,0.046953
1757012175.435,latency_s,0.046326
1757012175.438,latency_s,0.046542
1757012175.439,latency_s,0.046743
1757012175.440,latency_s,0.047718
1757012175.442,latency_s,0.047049
1757012175.443,latency_s,0.047064
1757012175.448,latency_s,0.046857
1757012175.450,latency_s,0.046570
1757012175.450,latency_s,0.046603
1757012175.450,latency_s,0.046724
1757012175.464,latency_s,0.046819
1757012175.465,latency_s,0.047305
1757012175.465,latency_s,0.047055
1757012175.465,latency_s,0.046889
1757012175.512,latency_s,0.046782
1757012175.529,latency_s,0.047424
1757012175.536,latency_s,0.047516
1757012175.536,latency_s,0.046663
1757012175.540,latency_s,0.047865
1757012175.541,latency_s,0.047707
1757012175.541,latency_s,0.047887
1757012175.542,latency_s,0.046390
1757012175.548,latency_s,0.046569
1757012175.548,latency_s,0.046547
1757012175.550,latency_s,0.046128
1757012175.550,latency_s,0.046077
1757012175.551,latency_s,0.046643
1757012175.566,latency_s,0.046423
1757012175.567,latency_s,0.047271
1757012175.567,latency_s,0.047408
1757012175.567,latency_s,0.047434
1757012175.614,latency_s,0.046632
1757012175.629,latency_s,0.046691
1757012175.636,latency_s,0.046496
1757012175.637,latency_s,0.046059
1757012175.642,latency_s,0.048249
1757012175.642,latency_s,0.048348
1757012175.642,latency_s,0.048343
1757012175.642,latency_s,0.045909
1757012175.649,latency_s,0.047049
1757012175.649,latency_s,0.046064
1757012175.650,latency_s,0.046282
1757012175.652,latency_s,0.046041
1757012175.653,latency_s,0.047026
1757012175.666,latency_s,0.046344
1757012175.667,latency_s,0.046576
1757012175.667,latency_s,0.047264
1757012175.667,latency_s,0.047216
1757012175.715,latency_s,0.046474
1757012175.730,latency_s,0.047955
1757012175.737,latency_s,0.046700
1757012175.738,latency_s,0.045875
1757012175.740,latency_s,0.046299
1757012175.740,latency_s,0.046153
1757012175.741,latency_s,0.047437
1757012175.743,latency_s,0.045789
1757012175.749,latency_s,0.046807
1757012175.752,latency_s,0.047840
1757012175.752,latency_s,0.047546
1757012175.753,latency_s,0.046400
1757012175.753,latency_s,0.046348
1757012175.768,latency_s,0.047525
1757012175.768,latency_s,0.047059
1757012175.768,latency_s,0.047392
1757012175.768,latency_s,0.047747
1757012175.818,latency_s,0.046641
1757012175.831,latency_s,0.048148
1757012175.838,latency_s,0.046455
1757012175.839,latency_s,0.045863
1757012175.841,latency_s,0.046992
1757012175.841,latency_s,0.046707
1757012175.841,latency_s,0.046754
1757012175.843,latency_s,0.045986
1757012175.849,latency_s,0.045948
1757012175.852,latency_s,0.046179
1757012175.852,latency_s,0.046131
1757012175.855,latency_s,0.047692
1757012175.855,latency_s,0.048124
1757012175.866,latency_s,0.045698
1757012175.868,latency_s,0.046242
1757012175.868,latency_s,0.046189
1757012175.868,latency_s,0.045559
1757012175.918,latency_s,0.046060
1757012175.931,latency_s,0.047008
1757012175.943,latency_s,0.050596
1757012175.943,latency_s,0.048584
1757012175.943,latency_s,0.048387
1757012175.943,latency_s,0.047757
1757012175.943,latency_s,0.047827
1757012175.944,latency_s,0.045769
1757012175.949,latency_s,0.045882
1757012175.953,latency_s,0.046142
1757012175.953,latency_s,0.046268
1757012175.955,latency_s,0.047417
1757012175.955,latency_s,0.047655
1757012175.967,latency_s,0.046036
1757012175.970,latency_s,0.046468
1757012175.970,latency_s,0.046601
1757012175.970,latency_s,0.046715
1757012176.021,latency_s,0.046345
1757012176.030,latency_s,0.046327
1757012176.038,latency_s,0.046018
1757012176.043,latency_s,0.049006
1757012176.043,latency_s,0.048831
1757012176.043,latency_s,0.047670
1757012176.044,latency_s,0.047729
1757012176.044,latency_s,0.045590
1757012176.050,latency_s,0.046379
1757012176.055,latency_s,0.047560
1757012176.056,latency_s,0.047936
1757012176.056,latency_s,0.047784
1757012176.056,latency_s,0.047816
1757012176.068,latency_s,0.046900
1757012176.070,latency_s,0.045369
1757012176.072,latency_s,0.046197
1757012176.072,latency_s,0.046210
1757012176.123,latency_s,0.047460
1757012176.132,latency_s,0.047067
1757012176.140,latency_s,0.046708
1757012176.141,latency_s,0.045493
1757012176.142,latency_s,0.046724
1757012176.142,latency_s,0.046198
1757012176.143,latency_s,0.046585
1757012176.146,latency_s,0.046064
1757012176.151,latency_s,0.046519
1757012176.158,latency_s,0.050336
1757012176.158,latency_s,0.049742
1757012176.158,latency_s,0.049447
1757012176.158,latency_s,0.049844
1757012176.168,latency_s,0.046945
1757012176.172,latency_s,0.046042
1757012176.175,latency_s,0.047041
1757012176.175,latency_s,0.047477
1757012176.229,latency_s,0.048121
1757012176.231,latency_s,0.046016
1757012176.242,latency_s,0.047889
1757012176.244,latency_s,0.048508
1757012176.244,latency_s,0.048334
1757012176.245,latency_s,0.047819
1757012176.245,latency_s,0.047911
1757012176.247,latency_s,0.046268
1757012176.252,latency_s,0.046681
1757012176.257,latency_s,0.049008
1757012176.257,latency_s,0.047793
1757012176.257,latency_s,0.047957
1757012176.257,latency_s,0.047893
1757012176.268,latency_s,0.046604
1757012176.274,latency_s,0.045807
1757012176.276,latency_s,0.046856
1757012176.276,latency_s,0.047141
1757012176.331,latency_s,0.046856
1757012176.332,latency_s,0.046021
1757012176.341,latency_s,0.046548
1757012176.342,latency_s,0.045881
1757012176.346,latency_s,0.047953
1757012176.346,latency_s,0.048149
1757012176.346,latency_s,0.048327
1757012176.348,latency_s,0.046108
1757012176.352,latency_s,0.046479
1757012176.357,latency_s,0.049424
1757012176.358,latency_s,0.048559
1757012176.358,latency_s,0.048451
1757012176.358,latency_s,0.048346
1757012176.369,latency_s,0.046399
1757012176.376,latency_s,0.046139
1757012176.381,latency_s,0.049057
1757012176.432,latency_s,0.046613
1757012176.432,latency_s,0.045802
1757012176.442,latency_s,0.047701
1757012176.445,latency_s,0.046878
1757012176.445,latency_s,0.046043
1757012176.447,latency_s,0.046697
1757012176.447,latency_s,0.046742
1757012176.448,latency_s,0.045658
1757012176.453,latency_s,0.046812
1757012176.455,latency_s,0.046948
1757012176.457,latency_s,0.046065
1757012176.457,latency_s,0.046713
1757012176.457,latency_s,0.046541
1757012176.468,latency_s,0.045809
1757012176.478,latency_s,0.046976
1757012176.481,latency_s,0.047091
1757012176.514,latency_s,0.182684
1757012176.515,latency_s,0.081083
1757012176.533,latency_s,0.046109
1757012176.535,latency_s,0.046185
1757012176.584,latency_s,0.087989
1757012176.584,latency_s,0.085169
1757012176.584,latency_s,0.083263
1757012176.584,latency_s,0.083067
1757012176.584,latency_s,0.081626
1757012176.584,latency_s,0.081320
1757012176.584,latency_s,0.076907
1757012176.584,latency_s,0.074950
1757012176.584,latency_s,0.073088
1757012176.584,latency_s,0.072788
1757012176.584,latency_s,0.072875
1757012176.584,latency_s,0.060961
1757012176.584,latency_s,0.052446
1757012176.584,latency_s,0.049094
1757012176.584,latency_s,0.049109
1757012176.635,latency_s,0.046696
1757012176.637,latency_s,0.046103
1757012176.642,latency_s,0.046506
1757012176.648,latency_s,0.047621
1757012176.648,latency_s,0.049029
1757012176.649,latency_s,0.047740
1757012176.650,latency_s,0.047146
1757012176.650,latency_s,0.047282
1757012176.654,latency_s,0.046646
1757012176.657,latency_s,0.047830
1757012176.659,latency_s,0.046971
1757012176.673,latency_s,0.061425
1757012176.673,latency_s,0.061513
1757012176.673,latency_s,0.049545
1757012176.680,latency_s,0.047960
1757012176.686,latency_s,0.050733
1757012176.686,latency_s,0.047104
1757012176.737,latency_s,0.047458
1757012176.741,latency_s,0.047285
1757012176.743,latency_s,0.046893
1757012176.746,latency_s,0.046410
1757012176.748,latency_s,0.046445
1757012176.748,latency_s,0.046599
1757012176.750,latency_s,0.046759
1757012176.750,latency_s,0.046928
1757012176.759,latency_s,0.050350
1757012176.759,latency_s,0.049500
1757012176.759,latency_s,0.047676
1757012176.762,latency_s,0.050420
1757012176.763,latency_s,0.050496
1757012176.773,latency_s,0.047954
1757012176.780,latency_s,0.046848
1757012176.782,latency_s,0.046549
1757012176.786,latency_s,0.046792
1757012176.837,latency_s,0.046896
1757012176.842,latency_s,0.047000
1757012176.844,latency_s,0.046746
1757012176.845,latency_s,0.045299
1757012176.849,latency_s,0.047351
1757012176.849,latency_s,0.047232
1757012176.850,latency_s,0.047011
1757012176.851,latency_s,0.047304
1757012176.857,latency_s,0.046809
1757012176.859,latency_s,0.047305
1757012176.859,latency_s,0.047010
1757012176.861,latency_s,0.048071
1757012176.861,latency_s,0.048444
1757012176.873,latency_s,0.047601
1757012176.930,latency_s,0.096183
1757012176.930,latency_s,0.093891
1757012176.930,latency_s,0.089917
1757012176.966,latency_s,0.075251
1757012176.966,latency_s,0.070422
1757012176.966,latency_s,0.068001
1757012176.966,latency_s,0.066082
1757012176.966,latency_s,0.064104
1757012176.966,latency_s,0.063876
1757012176.966,latency_s,0.062144
1757012176.966,latency_s,0.062198
1757012176.966,latency_s,0.055779
1757012176.966,latency_s,0.053874
1757012176.967,latency_s,0.053815
1757012176.967,latency_s,0.053751
1757012176.967,latency_s,0.053483
1757012176.973,latency_s,0.046772
1757012176.981,latency_s,0.046409
1757012176.982,latency_s,0.046068
1757012177.074,latency_s,0.133850
1757012177.074,latency_s,0.082624
1757012177.074,latency_s,0.077712
1757012177.075,latency_s,0.076076
1757012177.075,latency_s,0.074167
1757012177.075,latency_s,0.071726
1757012177.075,latency_s,0.071738
1757012177.075,latency_s,0.069754
1757012177.075,latency_s,0.069702
1757012177.075,latency_s,0.061481
1757012177.075,latency_s,0.061538
1757012177.075,latency_s,0.061558
1757012177.075,latency_s,0.061381
1757012177.079,latency_s,0.063059
1757012177.079,latency_s,0.052080
1757012177.087,latency_s,0.052255
1757012177.087,latency_s,0.050889
1757012177.088,latency_s,0.046788
1757012177.138,latency_s,0.046557
1757012177.143,latency_s,0.046083
1757012177.146,latency_s,0.046907
1757012177.147,latency_s,0.046109
1757012177.150,latency_s,0.046419
1757012177.150,latency_s,0.046259
1757012177.174,latency_s,0.067647
1757012177.174,latency_s,0.067735
1757012177.174,latency_s,0.060916
1757012177.174,latency_s,0.060630
1757012177.174,latency_s,0.059903
1757012177.175,latency_s,0.060723
1757012177.175,latency_s,0.058697
1757012177.183,latency_s,0.055745
1757012177.183,latency_s,0.047364
1757012177.183,latency_s,0.046560
1757012177.188,latency_s,0.046295
1757012177.284,latency_s,0.091140
1757012177.284,latency_s,0.084889
1757012177.284,latency_s,0.084665
1757012177.284,latency_s,0.082175
1757012177.284,latency_s,0.080243
1757012177.284,latency_s,0.078328
1757012177.284,latency_s,0.077258
1757012177.284,latency_s,0.074686
1757012177.284,latency_s,0.070667
1757012177.285,latency_s,0.070265
1757012177.285,latency_s,0.070191
1757012177.285,latency_s,0.069882
1757012177.285,latency_s,0.067439
1757012177.285,latency_s,0.057040
1757012177.289,latency_s,0.051794
1757012177.289,latency_s,0.049163
1757012177.289,latency_s,0.046439
1757012177.341,latency_s,0.046895
1757012177.347,latency_s,0.046396
1757012177.347,latency_s,0.046465
1757012177.366,latency_s,0.061524
1757012177.366,latency_s,0.058624
1757012177.366,latency_s,0.058573
1757012177.366,latency_s,0.055811
1757012177.366,latency_s,0.052418
1757012177.367,latency_s,0.052061
1757012177.367,latency_s,0.051325
1757012177.367,latency_s,0.051140
1757012177.367,latency_s,0.048745
1757012177.377,latency_s,0.048548
1757012177.384,latency_s,0.046621
1757012177.387,latency_s,0.046186
1757012177.389,latency_s,0.046770
1757012177.442,latency_s,0.046242
1757012177.449,latency_s,0.047675
1757012177.451,latency_s,0.046649
1757012177.452,latency_s,0.046774
1757012177.474,latency_s,0.065815
1757012177.474,latency_s,0.062979
1757012177.474,latency_s,0.060127
1757012177.474,latency_s,0.059200
1757012177.474,latency_s,0.058791
1757012177.475,latency_s,0.058509
1757012177.475,latency_s,0.055807
1757012177.484,latency_s,0.046491
1757012177.492,latency_s,0.189104
1757012177.492,latency_s,0.089041
1757012177.493,latency_s,0.048089
1757012177.520,latency_s,0.075087
1757012177.543,latency_s,0.046663
1757012177.549,latency_s,0.046830
1757012177.551,latency_s,0.047440
1757012177.556,latency_s,0.050172
1757012177.556,latency_s,0.050059
1757012177.556,latency_s,0.047346
1757012177.562,latency_s,0.046704
1757012177.562,latency_s,0.046762
1757012177.585,latency_s,0.069599
1757012177.585,latency_s,0.069129
1757012177.585,latency_s,0.069057
1757012177.585,latency_s,0.064783
1757012177.585,latency_s,0.047654
1757012177.595,latency_s,0.049592
1757012177.595,latency_s,0.049555
1757012177.595,latency_s,0.186595
1757012177.599,latency_s,0.089075
1757012177.620,latency_s,0.190843
1757012177.629,latency_s,0.098511
1757012177.642,latency_s,0.045928
1757012177.648,latency_s,0.046213
1757012177.650,latency_s,0.045753
1757012177.652,latency_s,0.045819
1757012177.666,latency_s,0.059467
1757012177.666,latency_s,0.056105
1757012177.666,latency_s,0.055229
1757012177.666,latency_s,0.049939
1757012177.666,latency_s,0.049688
1757012177.666,latency_s,0.049599
1757012177.666,latency_s,0.049657
1757012177.666,latency_s,0.049038
1757012177.667,latency_s,0.045423
1757012177.677,latency_s,0.045750
1757012177.684,latency_s,0.046174
1757012177.694,latency_s,0.046957
1757012177.694,latency_s,0.046876
1757012177.744,latency_s,0.047091
1757012177.749,latency_s,0.046040
1757012177.751,latency_s,0.046488
1757012177.754,latency_s,0.046807
1757012177.754,latency_s,0.046515
1757012177.756,latency_s,0.046163
1757012177.759,latency_s,0.047668
1757012177.763,latency_s,0.046664
1757012177.779,latency_s,0.062841
1757012177.779,latency_s,0.062728
1757012177.779,latency_s,0.062876
1757012177.780,latency_s,0.062335
1757012177.780,latency_s,0.057061
1757012177.780,latency_s,0.047780
1757012177.787,latency_s,0.048737
1757012177.795,latency_s,0.046533
1757012177.797,latency_s,0.046288
1757012177.843,latency_s,0.046431
1757012177.849,latency_s,0.045663
1757012177.852,latency_s,0.046617
1757012177.854,latency_s,0.046685
1757012177.854,latency_s,0.046490
1757012177.858,latency_s,0.046941
1757012177.859,latency_s,0.046244
1757012177.878,latency_s,0.061230
1757012177.878,latency_s,0.060315
1757012177.878,latency_s,0.060328
1757012177.878,latency_s,0.060284
1757012177.878,latency_s,0.059865
1757012177.878,latency_s,0.053023
1757012177.880,latency_s,0.047220
1757012177.888,latency_s,0.048197
1757012177.897,latency_s,0.048131
1757012177.898,latency_s,0.046044
1757012177.944,latency_s,0.046555
1757012177.951,latency_s,0.046533
1757012177.952,latency_s,0.046138
1757012177.956,latency_s,0.047657
1757012177.956,latency_s,0.047835
1757012177.959,latency_s,0.046380
1757012177.962,latency_s,0.046120
1757012177.963,latency_s,0.045844
1757012177.975,latency_s,0.056314
1757012177.975,latency_s,0.056492
1757012177.975,latency_s,0.056400
1757012177.975,latency_s,0.056296
1757012177.975,latency_s,0.049549
1757012177.980,latency_s,0.046963
1757012177.988,latency_s,0.047930
1757012177.998,latency_s,0.047926
1757012177.998,latency_s,0.045916
1757012178.045,latency_s,0.046701
1757012178.051,latency_s,0.046615
1757012178.052,latency_s,0.045756
1757012178.056,latency_s,0.047279
1757012178.056,latency_s,0.047357
1757012178.059,latency_s,0.045237
1757012178.064,latency_s,0.045891
1757012178.065,latency_s,0.046344
1757012178.066,latency_s,0.046920
1757012178.076,latency_s,0.057289
1757012178.077,latency_s,0.057132
1757012178.077,latency_s,0.057532
1757012178.082,latency_s,0.051220
1757012178.082,latency_s,0.048323
1757012178.088,latency_s,0.046916
1757012178.097,latency_s,0.046390
1757012178.103,latency_s,0.046214
1757012178.146,latency_s,0.046499
1757012178.151,latency_s,0.046236
1757012178.153,latency_s,0.045898
1757012178.156,latency_s,0.047414
1757012178.157,latency_s,0.047216
1757012178.203,latency_s,0.088054
1757012178.203,latency_s,0.084590
1757012178.203,latency_s,0.084237
1757012178.203,latency_s,0.084099
1757012178.203,latency_s,0.083702
1757012178.203,latency_s,0.083740
1757012178.203,latency_s,0.083537
1757012178.203,latency_s,0.072610
1757012178.203,latency_s,0.069714
1757012178.203,latency_s,0.062272
1757012178.203,latency_s,0.052673
1757012178.217,latency_s,0.060666
1757012178.247,latency_s,0.046635
1757012178.252,latency_s,0.046616
1757012178.255,latency_s,0.046846
1757012178.256,latency_s,0.046234
1757012178.256,latency_s,0.046026
1757012178.263,latency_s,0.045871
1757012178.283,latency_s,0.063838
1757012178.283,latency_s,0.063728
1757012178.283,latency_s,0.063607
1757012178.283,latency_s,0.063535
1757012178.283,latency_s,0.060074
1757012178.283,latency_s,0.059792
1757012178.283,latency_s,0.048902
1757012178.288,latency_s,0.046332
1757012178.298,latency_s,0.046476
1757012178.304,latency_s,0.046437
1757012178.348,latency_s,0.046443
1757012178.352,latency_s,0.046764
1757012178.356,latency_s,0.047112
1757012178.357,latency_s,0.045962
1757012178.358,latency_s,0.046826
1757012178.366,latency_s,0.047381
1757012178.367,latency_s,0.047019
1757012178.382,latency_s,0.062505
1757012178.382,latency_s,0.062223
1757012178.382,latency_s,0.062275
1757012178.382,latency_s,0.057502
1757012178.382,latency_s,0.057550
1757012178.382,latency_s,0.047222
1757012178.389,latency_s,0.046369
1757012178.398,latency_s,0.045817
1757012178.407,latency_s,0.046664
1757012178.419,latency_s,0.187526
1757012178.419,latency_s,0.086653
1757012178.448,latency_s,0.046569
1757012178.453,latency_s,0.046719
1757012178.457,latency_s,0.047886
1757012178.457,latency_s,0.046120
1757012178.459,latency_s,0.046216
1757012178.467,latency_s,0.047275
1757012178.468,latency_s,0.047466
1757012178.468,latency_s,0.047281
1757012178.468,latency_s,0.046759
1757012178.485,latency_s,0.063990
1757012178.485,latency_s,0.059708
1757012178.485,latency_s,0.052227
1757012178.485,latency_s,0.049429
1757012178.493,latency_s,0.050241
1757012178.501,latency_s,0.046867
1757012178.507,latency_s,0.046521
1757012178.549,latency_s,0.047127
1757012178.553,latency_s,0.046140
1757012178.556,latency_s,0.046026
1757012178.557,latency_s,0.045400
1757012178.560,latency_s,0.046628
1757012178.569,latency_s,0.047563
1757012178.569,latency_s,0.047581
1757012178.569,latency_s,0.047549
1757012178.584,latency_s,0.059128
1757012178.584,latency_s,0.059180
1757012178.584,latency_s,0.057874
1757012178.584,latency_s,0.050110
1757012178.585,latency_s,0.047714
1757012178.589,latency_s,0.046563
1757012178.601,latency_s,0.046933
1757012178.611,latency_s,0.048460
1757012178.611,latency_s,0.185447
1757012178.611,latency_s,0.084809
1757012178.649,latency_s,0.046379
1757012178.654,latency_s,0.046637
1757012178.660,latency_s,0.049868
1757012178.660,latency_s,0.048571
1757012178.660,latency_s,0.046560
1757012178.669,latency_s,0.047446
1757012178.669,latency_s,0.047458
1757012178.670,latency_s,0.047580
1757012178.674,latency_s,0.048006
1757012178.674,latency_s,0.048019
1757012178.685,latency_s,0.058351
1757012178.685,latency_s,0.058455
1757012178.685,latency_s,0.050122
1757012178.685,latency_s,0.048199
1757012178.689,latency_s,0.045807
1757012178.706,latency_s,0.049211
1757012178.710,latency_s,0.046776
1757012178.751,latency_s,0.046681
1757012178.754,latency_s,0.046121
1757012178.758,latency_s,0.046723
1757012178.759,latency_s,0.045961
1757012178.760,latency_s,0.046271
1757012178.768,latency_s,0.046248
1757012178.771,latency_s,0.046224
1757012178.771,latency_s,0.045875
1757012178.823,latency_s,0.096019
1757012178.823,latency_s,0.096050
1757012178.823,latency_s,0.095767
1757012178.823,latency_s,0.095698
1757012178.823,latency_s,0.086780
1757012178.823,latency_s,0.084992
1757012178.823,latency_s,0.078659
1757012178.823,latency_s,0.065306
1757012178.823,latency_s,0.059924
1757012178.852,latency_s,0.047282
1757012178.854,latency_s,0.045278
1757012178.860,latency_s,0.047064
1757012178.860,latency_s,0.046106
1757012178.861,latency_s,0.046016
1757012178.869,latency_s,0.046284
1757012178.872,latency_s,0.046671
1757012178.888,latency_s,0.060930
1757012178.888,latency_s,0.060629
1757012178.888,latency_s,0.060787
1757012178.888,latency_s,0.060698
1757012178.888,latency_s,0.060796
1757012178.889,latency_s,0.049901
1757012178.895,latency_s,0.052822
1757012178.896,latency_s,0.050976
1757012178.909,latency_s,0.046562
1757012178.911,latency_s,0.047250
1757012178.952,latency_s,0.046472
1757012178.956,latency_s,0.045544
1757012178.959,latency_s,0.046051
1757012178.960,latency_s,0.046048
1757012178.963,latency_s,0.046668
1757012178.970,latency_s,0.046595
1757012178.974,latency_s,0.046906
1757012178.989,latency_s,0.060420
1757012178.989,latency_s,0.060651
1757012178.989,latency_s,0.060576
1757012178.989,latency_s,0.060240
1757012178.989,latency_s,0.060768
1757012178.989,latency_s,0.050499
1757012178.989,latency_s,0.045779
1757012178.995,latency_s,0.050466
1757012179.012,latency_s,0.047773
1757012179.012,latency_s,0.047805
1757012179.054,latency_s,0.047692
1757012179.057,latency_s,0.046230
1757012179.061,latency_s,0.046651
1757012179.062,latency_s,0.047414
1757012179.063,latency_s,0.045434
1757012179.071,latency_s,0.046949
1757012179.074,latency_s,0.046407
1757012179.077,latency_s,0.047629
1757012179.089,latency_s,0.059814
1757012179.089,latency_s,0.059548
1757012179.089,latency_s,0.059695
1757012179.089,latency_s,0.059341
1757012179.090,latency_s,0.049791
1757012179.098,latency_s,0.052979
1757012179.098,latency_s,0.052904
1757012179.113,latency_s,0.048850
1757012179.114,latency_s,0.048883
1757012179.153,latency_s,0.046477
1757012179.158,latency_s,0.046382
1757012179.161,latency_s,0.046243
1757012179.161,latency_s,0.046010
1757012179.165,latency_s,0.046144
1757012179.171,latency_s,0.046355
1757012179.179,latency_s,0.049015
1757012179.179,latency_s,0.048939
1757012179.179,latency_s,0.048510
1757012179.188,latency_s,0.057665
1757012179.188,latency_s,0.057735
1757012179.189,latency_s,0.055447
1757012179.189,latency_s,0.048146
1757012179.197,latency_s,0.051331
1757012179.197,latency_s,0.051090
1757012179.216,latency_s,0.049410
1757012179.216,latency_s,0.048349
1757012179.254,latency_s,0.047121
1757012179.259,latency_s,0.046541
1757012179.262,latency_s,0.046058
1757012179.263,latency_s,0.045639
1757012179.267,latency_s,0.046585
1757012179.272,latency_s,0.046326
1757012179.278,latency_s,0.048020
1757012179.279,latency_s,0.047593
1757012179.279,latency_s,0.048196
1757012179.290,latency_s,0.059303
1757012179.290,latency_s,0.059268
1757012179.290,latency_s,0.056626
1757012179.291,latency_s,0.049903
1757012179.293,latency_s,0.047300
1757012179.298,latency_s,0.052462
1757012179.318,latency_s,0.049695
1757012179.318,latency_s,0.049963
1757012179.355,latency_s,0.048058
1757012179.358,latency_s,0.046189
1757012179.363,latency_s,0.046313
1757012179.364,latency_s,0.045555
1757012179.368,latency_s,0.046961
1757012179.372,latency_s,0.046379
1757012179.378,latency_s,0.046444
1757012179.380,latency_s,0.048151
1757012179.380,latency_s,0.048027
1757012179.380,latency_s,0.048274
1757012179.390,latency_s,0.057739
1757012179.390,latency_s,0.056432
1757012179.391,latency_s,0.049177
1757012179.399,latency_s,0.053110
1757012179.399,latency_s,0.052781
1757012179.416,latency_s,0.047483
1757012179.417,latency_s,0.047644
1757012179.455,latency_s,0.046834
1757012179.459,latency_s,0.046252
1757012179.463,latency_s,0.046531
1757012179.470,latency_s,0.048707
1757012179.470,latency_s,0.048951
1757012179.472,latency_s,0.046088
1757012179.479,latency_s,0.047317
1757012179.480,latency_s,0.047762
1757012179.480,latency_s,0.047922
1757012179.481,latency_s,0.046841
1757012179.481,latency_s,0.045980
1757012179.491,latency_s,0.048404
1757012179.499,latency_s,0.052750
1757012179.499,latency_s,0.052286
1757012179.517,latency_s,0.047078
1757012179.517,latency_s,0.047790
1757012179.555,latency_s,0.046875
1757012179.560,latency_s,0.045961
1757012179.565,latency_s,0.047073
1757012179.568,latency_s,0.046147
1757012179.570,latency_s,0.046161
1757012179.574,latency_s,0.046896
1757012179.579,latency_s,0.046511
1757012179.581,latency_s,0.046049
1757012179.582,latency_s,0.047580
1757012179.582,latency_s,0.047544
1757012179.582,latency_s,0.046972
1757012179.590,latency_s,0.046788
1757012179.601,latency_s,0.053095
1757012179.601,latency_s,0.053207
1757012179.617,latency_s,0.046910
1757012179.618,latency_s,0.048182
1757012179.620,latency_s,0.188255
1757012179.620,latency_s,0.087658
1757012179.657,latency_s,0.047946
1757012179.660,latency_s,0.046495
1757012179.664,latency_s,0.046303
1757012179.670,latency_s,0.047081
1757012179.674,latency_s,0.047900
1757012179.674,latency_s,0.046474
1757012179.681,latency_s,0.048201
1757012179.681,latency_s,0.048118
1757012179.681,latency_s,0.046426
1757012179.681,latency_s,0.046237
1757012179.682,latency_s,0.045806
1757012179.683,latency_s,0.046100
1757012179.693,latency_s,0.050250
1757012179.695,latency_s,0.047090
1757012179.701,latency_s,0.053011
1757012179.717,latency_s,0.046672
1757012179.719,latency_s,0.048343
1757012179.756,latency_s,0.047307
1757012179.761,latency_s,0.046309
1757012179.766,latency_s,0.047346
1757012179.776,latency_s,0.049838
1757012179.776,latency_s,0.048181
1757012179.776,latency_s,0.045901
1757012179.782,latency_s,0.048759
1757012179.782,latency_s,0.048797
1757012179.782,latency_s,0.047034
1757012179.783,latency_s,0.046953
1757012179.783,latency_s,0.046186
1757012179.783,latency_s,0.046664
1757012179.790,latency_s,0.045990
1757012179.795,latency_s,0.046232
1757012179.802,latency_s,0.051796
1757012179.817,latency_s,0.046844
1757012179.818,latency_s,0.046796
1757012179.857,latency_s,0.047484
1757012179.862,latency_s,0.046380
1757012179.866,latency_s,0.046686
1757012179.875,latency_s,0.047350
1757012179.875,latency_s,0.046548
1757012179.878,latency_s,0.046098
1757012179.881,latency_s,0.047257
1757012179.882,latency_s,0.046086
1757012179.883,latency_s,0.046522
1757012179.886,latency_s,0.049168
1757012179.886,latency_s,0.048373
1757012179.886,latency_s,0.048490
1757012179.891,latency_s,0.046532
1757012179.896,latency_s,0.046781
1757012179.896,latency_s,0.045670
1757012179.920,latency_s,0.048412
1757012179.920,latency_s,0.048262
1757012179.957,latency_s,0.047186
1757012179.963,latency_s,0.046594
1757012179.968,latency_s,0.047425
1757012179.974,latency_s,0.045875
1757012179.977,latency_s,0.047136
1757012179.979,latency_s,0.046092
1757012179.981,latency_s,0.046407
1757012179.983,latency_s,0.046320
1757012179.983,latency_s,0.045896
1757012179.984,latency_s,0.046026
1757012179.986,latency_s,0.048678
1757012179.986,latency_s,0.048757
1757012179.991,latency_s,0.046356
1757012179.997,latency_s,0.046006
1757012179.997,latency_s,0.045808
1757012180.022,latency_s,0.049802
1757012180.022,latency_s,0.049627
1757012180.057,latency_s,0.046469
1757012180.063,latency_s,0.046086
1757012180.067,latency_s,0.046432
1757012180.076,latency_s,0.046018
1757012180.078,latency_s,0.047424
1757012180.079,latency_s,0.045899
1757012180.082,latency_s,0.046739
1757012180.085,latency_s,0.046432
1757012180.086,latency_s,0.047959
1757012180.086,latency_s,0.048032
1757012180.087,latency_s,0.048051
1757012180.088,latency_s,0.049138
1757012180.091,latency_s,0.045810
1757012180.097,latency_s,0.046296
1757012180.097,latency_s,0.046251
1757012180.121,latency_s,0.047888
1757012180.121,latency_s,0.047762
1757012180.157,latency_s,0.046582
1757012180.163,latency_s,0.046122
1757012180.168,latency_s,0.046625
1757012180.178,latency_s,0.047469
1757012180.178,latency_s,0.046609
1757012180.180,latency_s,0.046288
1757012180.183,latency_s,0.046256
1757012180.185,latency_s,0.046029
1757012180.185,latency_s,0.045328
1757012180.187,latency_s,0.047161
1757012180.188,latency_s,0.048208
1757012180.188,latency_s,0.047135
1757012180.194,latency_s,0.046816
1757012180.199,latency_s,0.047314
1757012180.199,latency_s,0.047115
1757012180.219,latency_s,0.046262
1757012180.223,latency_s,0.046640
1757012180.259,latency_s,0.047006
1757012180.265,latency_s,0.045981
1757012180.269,latency_s,0.046900
1757012180.277,latency_s,0.045661
1757012180.279,latency_s,0.047119
1757012180.284,latency_s,0.046440
1757012180.285,latency_s,0.047427
1757012180.287,latency_s,0.047329
1757012180.287,latency_s,0.046994
1757012180.287,latency_s,0.046666
1757012180.287,latency_s,0.046601
1757012180.289,latency_s,0.047240
1757012180.294,latency_s,0.046079
1757012180.298,latency_s,0.045836
1757012180.298,latency_s,0.045939
1757012180.321,latency_s,0.047224
1757012180.323,latency_s,0.046301
1757012180.359,latency_s,0.046549
1757012180.365,latency_s,0.046123
1757012180.370,latency_s,0.047219
1757012180.378,latency_s,0.045934
1757012180.381,latency_s,0.046544
1757012180.384,latency_s,0.046062
1757012180.387,latency_s,0.048561
1757012180.388,latency_s,0.047558
1757012180.388,latency_s,0.047618
1757012180.388,latency_s,0.047197
1757012180.388,latency_s,0.045847
1757012180.395,latency_s,0.046345
1757012180.399,latency_s,0.046156
1757012180.399,latency_s,0.046323
1757012180.421,latency_s,0.046468
1757012180.424,latency_s,0.046400
1757012180.460,latency_s,0.047519
1757012180.466,latency_s,0.046528
1757012180.469,latency_s,0.046225
1757012180.479,latency_s,0.046345
1757012180.482,latency_s,0.046488
1757012180.487,latency_s,0.048151
1757012180.487,latency_s,0.047068
1757012180.487,latency_s,0.046452
1757012180.490,latency_s,0.048101
1757012180.490,latency_s,0.048370
1757012180.491,latency_s,0.047453
1757012180.495,latency_s,0.045653
1757012180.499,latency_s,0.046448
1757012180.500,latency_s,0.046568
1757012180.522,latency_s,0.047226
1757012180.524,latency_s,0.045994
1757012180.531,latency_s,0.190298
1757012180.532,latency_s,0.089534
1757012180.561,latency_s,0.047573
1757012180.567,latency_s,0.046593
1757012180.570,latency_s,0.046710
1757012180.581,latency_s,0.047989
1757012180.583,latency_s,0.046299
1757012180.586,latency_s,0.046357
1757012180.587,latency_s,0.046197
1757012180.587,latency_s,0.045751
1757012180.588,latency_s,0.045804
1757012180.589,latency_s,0.046522
1757012180.590,latency_s,0.046460
1757012180.591,latency_s,0.047403
1757012180.597,latency_s,0.047060
1757012180.600,latency_s,0.046135
1757012180.601,latency_s,0.047022
1757012180.621,latency_s,0.046019
1757012180.624,latency_s,0.046139
1757012180.661,latency_s,0.047258
1757012180.668,latency_s,0.046681
1757012180.670,latency_s,0.045588
1757012180.680,latency_s,0.046419
1757012180.686,latency_s,0.047479
1757012180.686,latency_s,0.046798
1757012180.688,latency_s,0.045705
1757012180.689,latency_s,0.046703
1757012180.690,latency_s,0.046720
1757012180.690,latency_s,0.046760
1757012180.690,latency_s,0.046637
1757012180.692,latency_s,0.048384
1757012180.696,latency_s,0.046457
1757012180.701,latency_s,0.046638
1757012180.701,latency_s,0.046395
1757012180.722,latency_s,0.046183
1757012180.725,latency_s,0.047399
1757012180.761,latency_s,0.046691
1757012180.768,latency_s,0.046192
1757012180.771,latency_s,0.046293
1757012180.780,latency_s,0.046374
1757012180.787,latency_s,0.046955
1757012180.788,latency_s,0.045858
1757012180.790,latency_s,0.047407
1757012180.790,latency_s,0.046871
1757012180.790,latency_s,0.046950
1757012180.792,latency_s,0.048463
1757012180.793,latency_s,0.049031
1757012180.796,latency_s,0.045557
1757012180.803,latency_s,0.046388
1757012180.803,latency_s,0.046217
1757012180.823,latency_s,0.046817
1757012180.824,latency_s,0.046142
1757012180.861,latency_s,0.046310
1757012180.868,latency_s,0.046110
1757012180.872,latency_s,0.046419
1757012180.880,latency_s,0.045795
1757012180.886,latency_s,0.046470
1757012180.889,latency_s,0.046058
1757012180.893,latency_s,0.049658
1757012180.893,latency_s,0.049232
1757012180.893,latency_s,0.048992
1757012180.893,latency_s,0.048390
1757012180.893,latency_s,0.048965
1757012180.896,latency_s,0.045481
1757012180.904,latency_s,0.047867
1757012180.904,latency_s,0.046984
1757012180.923,latency_s,0.045867
1757012180.924,latency_s,0.046178
1757012180.983,latency_s,0.244042
1757012180.984,latency_s,0.143239
1757012180.984,latency_s,0.068436
1757012180.984,latency_s,0.060627
1757012180.984,latency_s,0.057662
1757012180.998,latency_s,0.057490
1757012180.998,latency_s,0.057353
1757012180.998,latency_s,0.054056
1757012180.998,latency_s,0.053231
1757012180.998,latency_s,0.052132
1757012180.998,latency_s,0.052310
1757012180.998,latency_s,0.052478
1757012180.998,latency_s,0.052445
1757012180.998,latency_s,0.047725
1757012181.004,latency_s,0.046906
1757012181.004,latency_s,0.046128
1757012181.025,latency_s,0.047393
1757012181.025,latency_s,0.046804
1757012181.062,latency_s,0.046969
1757012181.070,latency_s,0.046506
1757012181.074,latency_s,0.047776
1757012181.087,latency_s,0.046076
1757012181.091,latency_s,0.047047
1757012181.091,latency_s,0.046530
1757012181.092,latency_s,0.046319
1757012181.095,latency_s,0.049310
1757012181.096,latency_s,0.049215
1757012181.096,latency_s,0.049444
1757012181.098,latency_s,0.049777
1757012181.098,latency_s,0.046976
1757012181.111,latency_s,0.051783
1757012181.111,latency_s,0.051884
1757012181.124,latency_s,0.046565
1757012181.127,latency_s,0.191607
1757012181.127,latency_s,0.048469
1757012181.127,latency_s,0.090980
1757012181.163,latency_s,0.047010
1757012181.170,latency_s,0.046407
1757012181.173,latency_s,0.045919
1757012181.183,latency_s,0.046217
1757012181.188,latency_s,0.046691
1757012181.193,latency_s,0.047175
1757012181.193,latency_s,0.047139
1757012181.193,latency_s,0.046837
1757012181.195,latency_s,0.048360
1757012181.197,latency_s,0.049844
1757012181.198,latency_s,0.051611
1757012181.198,latency_s,0.048331
1757012181.199,latency_s,0.046848
1757012181.209,latency_s,0.046985
1757012181.210,latency_s,0.047365
1757012181.225,latency_s,0.047552
1757012181.226,latency_s,0.046733
1757012181.262,latency_s,0.046090
1757012181.271,latency_s,0.046371
1757012181.274,latency_s,0.046239
1757012181.283,latency_s,0.045842
1757012181.288,latency_s,0.046346
1757012181.294,latency_s,0.047397
1757012181.294,latency_s,0.047233
1757012181.295,latency_s,0.047670
1757012181.296,latency_s,0.049251
1757012181.296,latency_s,0.049235
1757012181.297,latency_s,0.049720
1757012181.297,latency_s,0.045729
1757012181.299,latency_s,0.046605
1757012181.312,latency_s,0.045617
1757012181.313,latency_s,0.047270
1757012181.325,latency_s,0.046559
1757012181.326,latency_s,0.046650
1757012181.363,latency_s,0.046128
1757012181.371,latency_s,0.046532
1757012181.375,latency_s,0.046500
1757012181.384,latency_s,0.046046
1757012181.390,latency_s,0.046934
1757012181.394,latency_s,0.046944
1757012181.394,latency_s,0.046793
1757012181.395,latency_s,0.047571
1757012181.396,latency_s,0.048304
1757012181.396,latency_s,0.048392
1757012181.397,latency_s,0.049032
1757012181.399,latency_s,0.047041
1757012181.400,latency_s,0.046546
1757012181.415,latency_s,0.046660
1757012181.415,latency_s,0.046792
1757012181.426,latency_s,0.047586
1757012181.426,latency_s,0.046322
1757012181.464,latency_s,0.046526
1757012181.473,latency_s,0.046409
1757012181.477,latency_s,0.046451
1757012181.485,latency_s,0.046747
1757012181.490,latency_s,0.046540
1757012181.497,latency_s,0.049408
1757012181.497,latency_s,0.049127
1757012181.497,latency_s,0.049213
1757012181.497,latency_s,0.049443
1757012181.497,latency_s,0.048188
1757012181.497,latency_s,0.049256
1757012181.500,latency_s,0.047684
1757012181.500,latency_s,0.046401
1757012181.517,latency_s,0.047567
1757012181.518,latency_s,0.046243
1757012181.525,latency_s,0.046652
1757012181.527,latency_s,0.046779
1757012181.565,latency_s,0.047440
1757012181.575,latency_s,0.047516
1757012181.577,latency_s,0.046910
1757012181.585,latency_s,0.046029
1757012181.590,latency_s,0.045753
1757012181.594,latency_s,0.046044
1757012181.597,latency_s,0.048058
1757012181.597,latency_s,0.048245
1757012181.597,latency_s,0.048622
1757012181.597,latency_s,0.046920
1757012181.598,latency_s,0.047728
1757012181.601,latency_s,0.046536
1757012181.601,latency_s,0.045581
1757012181.616,latency_s,0.046262
1757012181.618,latency_s,0.046362
1757012181.625,latency_s,0.046480
1757012181.627,latency_s,0.046386
1757012181.665,latency_s,0.047554
1757012181.675,latency_s,0.046499
1757012181.679,latency_s,0.047656
1757012181.686,latency_s,0.046356
1757012181.692,latency_s,0.047270
1757012181.696,latency_s,0.047036
1757012181.697,latency_s,0.047747
1757012181.697,latency_s,0.047617
1757012181.697,latency_s,0.048095
1757012181.699,latency_s,0.048240
1757012181.699,latency_s,0.048386
1757012181.700,latency_s,0.045485
1757012181.702,latency_s,0.045582
1757012181.717,latency_s,0.046336
1757012181.719,latency_s,0.046583
1757012181.726,latency_s,0.046554
1757012181.727,latency_s,0.046212
1757012181.765,latency_s,0.046752
1757012181.775,latency_s,0.046744
1757012181.779,latency_s,0.046821
1757012181.786,latency_s,0.046301
1757012181.791,latency_s,0.046011
1757012181.797,latency_s,0.048025
1757012181.797,latency_s,0.048024
1757012181.797,latency_s,0.047790
1757012181.797,latency_s,0.047191
1757012181.797,latency_s,0.045952
1757012181.798,latency_s,0.045909
1757012181.801,latency_s,0.045839
1757012181.804,latency_s,0.046419
1757012181.819,latency_s,0.046782
1757012181.820,latency_s,0.047421
1757012181.825,latency_s,0.046214
1757012181.828,latency_s,0.046561
1757012181.866,latency_s,0.047565
1757012181.876,latency_s,0.046463
1757012181.879,latency_s,0.046804
1757012181.888,latency_s,0.047290
1757012181.893,latency_s,0.047334
1757012181.896,latency_s,0.047113
1757012181.899,latency_s,0.049022
1757012181.899,latency_s,0.048544
1757012181.899,latency_s,0.048341
1757012181.899,latency_s,0.047177
1757012181.899,latency_s,0.047091
1757012181.902,latency_s,0.046313
1757012181.908,latency_s,0.047023
1757012181.920,latency_s,0.046256
1757012181.920,latency_s,0.046389
1757012181.926,latency_s,0.046124
1757012181.929,latency_s,0.046844
1757012181.966,latency_s,0.046616
1757012181.977,latency_s,0.046964
1757012181.979,latency_s,0.046169
1757012181.988,latency_s,0.046350
1757012181.993,latency_s,0.046738
1757012181.997,latency_s,0.046417
1757012181.998,latency_s,0.047155
1757012181.998,latency_s,0.047014
1757012181.999,latency_s,0.048599
1757012182.000,latency_s,0.046991
1757012182.000,latency_s,0.047076
1757012182.002,latency_s,0.046026
1757012182.008,latency_s,0.045885
1757012182.021,latency_s,0.047196
1757012182.021,latency_s,0.047086
1757012182.026,latency_s,0.046012
1757012182.029,latency_s,0.046579
1757012182.067,latency_s,0.046918
1757012182.077,latency_s,0.047029
1757012182.080,latency_s,0.046614
1757012182.088,latency_s,0.046524
1757012182.093,latency_s,0.045991
1757012182.097,latency_s,0.046607
1757012182.098,latency_s,0.046896
1757012182.098,latency_s,0.045388
1757012182.100,latency_s,0.046844
1757012182.100,latency_s,0.045324
1757012182.101,latency_s,0.046281
1757012182.103,latency_s,0.046690
1757012182.109,latency_s,0.046610
1757012182.123,latency_s,0.046594
1757012182.126,latency_s,0.046323
1757012182.131,latency_s,0.046689
1757012182.167,latency_s,0.047041
1757012182.178,latency_s,0.046790
1757012182.181,latency_s,0.047263
1757012182.188,latency_s,0.046087
1757012182.194,latency_s,0.046707
1757012182.201,latency_s,0.048506
1757012182.201,latency_s,0.048837
1757012182.202,latency_s,0.048809
1757012182.202,latency_s,0.048629
1757012182.202,latency_s,0.047235
1757012182.202,latency_s,0.047168
1757012182.203,latency_s,0.046074
1757012182.209,latency_s,0.045917
1757012182.273,latency_s,0.095480
1757012182.273,latency_s,0.093146
1757012182.273,latency_s,0.088251
1757012182.273,latency_s,0.198488
1757012182.274,latency_s,0.098299
1757012182.274,latency_s,0.051797
1757012182.303,latency_s,0.071363
1757012182.304,latency_s,0.069400
1757012182.304,latency_s,0.061062
1757012182.304,latency_s,0.056199
1757012182.304,latency_s,0.050668
1757012182.304,latency_s,0.050796
1757012182.304,latency_s,0.050347
1757012182.304,latency_s,0.049404
1757012182.304,latency_s,0.049610
1757012182.304,latency_s,0.049184
1757012182.304,latency_s,0.046859
1757012182.311,latency_s,0.047007
1757012182.322,latency_s,0.046419
1757012182.324,latency_s,0.046213
1757012182.326,latency_s,0.045873
1757012182.332,latency_s,0.046474
1757012182.369,latency_s,0.046691
1757012182.379,latency_s,0.046191
1757012182.382,latency_s,0.046801
1757012182.390,latency_s,0.046380
1757012182.396,latency_s,0.046949
1757012182.401,latency_s,0.046911
1757012182.401,latency_s,0.046974
1757012182.404,latency_s,0.048486
1757012182.404,latency_s,0.048665
1757012182.404,latency_s,0.048155
1757012182.404,latency_s,0.049042
1757012182.405,latency_s,0.046602
1757012182.418,latency_s,0.052099
1757012182.423,latency_s,0.046454
1757012182.425,latency_s,0.045569
1757012182.432,latency_s,0.050894
1757012182.435,latency_s,0.046241
1757012182.469,latency_s,0.046931
1757012182.480,latency_s,0.046753
1757012182.482,latency_s,0.046229
1757012182.491,latency_s,0.047526
1757012182.496,latency_s,0.046335
1757012182.505,latency_s,0.050594
1757012182.505,latency_s,0.050647
1757012182.505,latency_s,0.049167
1757012182.505,latency_s,0.049746
1757012182.505,latency_s,0.049207
1757012182.505,latency_s,0.048559
1757012182.505,latency_s,0.046475
1757012182.513,latency_s,0.046008
1757012182.524,latency_s,0.046457
1757012182.529,latency_s,0.047950
1757012182.529,latency_s,0.048472
1757012182.538,latency_s,0.047136
1757012182.570,latency_s,0.046596
1757012182.581,latency_s,0.047017
1757012182.584,latency_s,0.047475
1757012182.591,latency_s,0.046123
1757012182.596,latency_s,0.046546
1757012182.607,latency_s,0.051091
1757012182.607,latency_s,0.051044
1757012182.607,latency_s,0.051254
1757012182.607,latency_s,0.050449
1757012182.607,latency_s,0.050738
1757012182.607,latency_s,0.050468
1757012182.607,latency_s,0.048514
1757012182.615,latency_s,0.047448
1757012182.625,latency_s,0.047022
1757012182.629,latency_s,0.047649
1757012182.633,latency_s,0.051582
1757012182.641,latency_s,0.048264
1757012182.671,latency_s,0.047088
1757012182.682,latency_s,0.047113
1757012182.684,latency_s,0.047282
1757012182.691,latency_s,0.045925
1757012182.698,latency_s,0.047915
1757012182.705,latency_s,0.048083
1757012182.705,latency_s,0.048171
1757012182.705,latency_s,0.048060
1757012182.705,latency_s,0.047173
1757012182.707,latency_s,0.049257
1757012182.707,latency_s,0.048775
1757012182.708,latency_s,0.047925
1757012182.715,latency_s,0.046195
1757012182.726,latency_s,0.047361
1757012182.728,latency_s,0.046307
1757012182.729,latency_s,0.045957
1757012182.741,latency_s,0.047089
1757012182.771,latency_s,0.046795
1757012182.783,latency_s,0.047440
1757012182.783,latency_s,0.046213
1757012182.792,latency_s,0.046077
1757012182.798,latency_s,0.047177
1757012182.806,latency_s,0.048039
1757012182.807,latency_s,0.049960
1757012182.807,latency_s,0.048589
1757012182.807,latency_s,0.048505
1757012182.808,latency_s,0.047612
1757012182.808,latency_s,0.047047
1757012182.809,latency_s,0.048796
1757012182.818,latency_s,0.047544
1757012182.826,latency_s,0.046437
1757012182.828,latency_s,0.046512
1757012182.831,latency_s,0.046108
1757012182.841,latency_s,0.047312
1757012182.871,latency_s,0.046739
1757012182.882,latency_s,0.046204
1757012182.885,latency_s,0.048034
1757012182.892,latency_s,0.046197
1757012182.899,latency_s,0.048252
1757012182.905,latency_s,0.046858
1757012182.906,latency_s,0.046337
1757012182.907,latency_s,0.047961
1757012182.907,latency_s,0.047761
1757012182.909,latency_s,0.049302
1757012182.909,latency_s,0.049371
1757012182.910,latency_s,0.048490
1757012182.921,latency_s,0.046335
1757012182.926,latency_s,0.046786
1757012182.929,latency_s,0.046759
1757012182.936,latency_s,0.046957
1757012182.944,latency_s,0.048325
1757012182.973,latency_s,0.047603
1757012182.984,latency_s,0.047713
1757012182.985,latency_s,0.046888
1757012182.993,latency_s,0.046439
1757012182.998,latency_s,0.046722
1757012183.007,latency_s,0.047533
1757012183.007,latency_s,0.047503
1757012183.007,latency_s,0.047737
1757012183.007,latency_s,0.046994
1757012183.010,latency_s,0.049791
1757012183.010,latency_s,0.050356
1757012183.010,latency_s,0.049041
1757012183.022,latency_s,0.046439
1757012183.027,latency_s,0.046607
1757012183.030,latency_s,0.047499
1757012183.037,latency_s,0.046896
1757012183.044,latency_s,0.047985
1757012183.072,latency_s,0.046936
1757012183.085,latency_s,0.047695
1757012183.085,latency_s,0.047420
1757012183.094,latency_s,0.046496
1757012183.098,latency_s,0.046484
1757012183.107,latency_s,0.046502
1757012183.107,latency_s,0.046839
1757012183.109,latency_s,0.048201
1757012183.109,latency_s,0.048545
1757012183.110,latency_s,0.049481
1757012183.111,latency_s,0.050239
1757012183.111,latency_s,0.049288
1757012183.121,latency_s,0.045724
1757012183.127,latency_s,0.046353
1757012183.129,latency_s,0.046535
1757012183.143,latency_s,0.047133
1757012183.145,latency_s,0.046371
1757012183.173,latency_s,0.046744
1757012183.186,latency_s,0.048063
1757012183.186,latency_s,0.047637
1757012183.194,latency_s,0.046149
1757012183.199,latency_s,0.046899
1757012183.207,latency_s,0.046618
1757012183.211,latency_s,0.049795
1757012183.211,latency_s,0.050124
1757012183.211,latency_s,0.049665
1757012183.211,latency_s,0.049983
1757012183.211,latency_s,0.048740
1757012183.211,latency_s,0.048800
1757012183.223,latency_s,0.046941
1757012183.228,latency_s,0.046579
1757012183.228,latency_s,0.045935
1757012183.247,latency_s,0.049134
1757012183.247,latency_s,0.047795
1757012183.274,latency_s,0.046500
1757012183.285,latency_s,0.046243
1757012183.286,latency_s,0.046888
1757012183.296,latency_s,0.047488
1757012183.299,latency_s,0.046581
1757012183.311,latency_s,0.049536
1757012183.311,latency_s,0.049543
1757012183.311,latency_s,0.049365
1757012183.311,latency_s,0.048873
1757012183.311,latency_s,0.048622
1757012183.311,latency_s,0.048150
1757012183.311,latency_s,0.048486
1757012183.324,latency_s,0.046725
1757012183.328,latency_s,0.046140
1757012183.329,latency_s,0.045863
1757012183.347,latency_s,0.047677
1757012183.347,latency_s,0.047662
1757012183.374,latency_s,0.046609
1757012183.385,latency_s,0.046068
1757012183.388,latency_s,0.047065
1757012183.398,latency_s,0.047962
1757012183.400,latency_s,0.046239
1757012183.409,latency_s,0.047070
1757012183.409,latency_s,0.046971
1757012183.412,latency_s,0.049434
1757012183.412,latency_s,0.049882
1757012183.412,latency_s,0.049184
1757012183.412,latency_s,0.049462
1757012183.412,latency_s,0.048987
1757012183.424,latency_s,0.046575
1757012183.430,latency_s,0.046978
1757012183.430,latency_s,0.046583
1757012183.447,latency_s,0.046764
1757012183.449,latency_s,0.048590
1757012183.474,latency_s,0.046539
1757012183.486,latency_s,0.046531
1757012183.490,latency_s,0.046838
1757012183.499,latency_s,0.046574
1757012183.500,latency_s,0.045734
1757012183.510,latency_s,0.047625
1757012183.511,latency_s,0.048124
1757012183.511,latency_s,0.048126
1757012183.511,latency_s,0.047157
1757012183.512,latency_s,0.047640
1757012183.513,latency_s,0.048095
1757012183.513,latency_s,0.049585
1757012183.524,latency_s,0.046089
1757012183.530,latency_s,0.047140
1757012183.531,latency_s,0.047237
1757012183.548,latency_s,0.047956
1757012183.550,latency_s,0.049202
1757012183.576,latency_s,0.047306
1757012183.587,latency_s,0.046764
1757012183.589,latency_s,0.046122
1757012183.599,latency_s,0.045861
1757012183.602,latency_s,0.046595
1757012183.613,latency_s,0.050442
1757012183.613,latency_s,0.050293
1757012183.613,latency_s,0.048393
1757012183.614,latency_s,0.048897
1757012183.614,latency_s,0.048109
1757012183.614,latency_s,0.048103
1757012183.614,latency_s,0.048957
1757012183.625,latency_s,0.046247
1757012183.631,latency_s,0.047156
1757012183.631,latency_s,0.047122
1757012183.651,latency_s,0.049337
1757012183.651,latency_s,0.049579
1757012183.676,latency_s,0.046868
1757012183.687,latency_s,0.046360
1757012183.690,latency_s,0.046471
1757012183.701,latency_s,0.046905
1757012183.702,latency_s,0.046158
1757012183.713,latency_s,0.049386
1757012183.713,latency_s,0.049525
1757012183.713,latency_s,0.047856
1757012183.714,latency_s,0.048062
1757012183.715,latency_s,0.048443
1757012183.715,latency_s,0.048737
1757012183.715,latency_s,0.049374
1757012183.727,latency_s,0.046566
1757012183.731,latency_s,0.047251
1757012183.731,latency_s,0.046967
1757012183.749,latency_s,0.047418
1757012183.749,latency_s,0.047486
1757012183.777,latency_s,0.047112
1757012183.787,latency_s,0.046422
1757012183.791,latency_s,0.046711
1757012183.801,latency_s,0.045744
1757012183.803,latency_s,0.045962
1757012183.811,latency_s,0.046979
1757012183.850,latency_s,0.085451
1757012183.850,latency_s,0.084640
1757012183.850,latency_s,0.084574
1757012183.850,latency_s,0.083917
1757012183.851,latency_s,0.084419
1757012183.851,latency_s,0.083853
1757012183.851,latency_s,0.069972
1757012183.851,latency_s,0.066529
1757012183.851,latency_s,0.065598
1757012183.851,latency_s,0.047974
1757012183.851,latency_s,0.048419
1757012183.878,latency_s,0.047167
1757012183.889,latency_s,0.046992
1757012183.891,latency_s,0.046483
1757012183.903,latency_s,0.047501
1757012183.906,latency_s,0.046205
1757012183.913,latency_s,0.048752
1757012183.913,latency_s,0.047940
1757012183.913,latency_s,0.046750
1757012183.914,latency_s,0.046616
1757012183.924,latency_s,0.056582
1757012183.924,latency_s,0.056924
1757012183.924,latency_s,0.056472
1757012183.927,latency_s,0.045732
1757012183.938,latency_s,0.053847
1757012183.938,latency_s,0.052956
1757012183.951,latency_s,0.048449
1757012183.951,latency_s,0.048178
1757012183.978,latency_s,0.046646
1757012183.988,latency_s,0.046092
1757012183.991,latency_s,0.045552
1757012184.004,latency_s,0.046863
1757012184.006,latency_s,0.045300
1757012184.013,latency_s,0.047409
1757012184.013,latency_s,0.046594
1757012184.015,latency_s,0.047862
1757012184.015,latency_s,0.048051
1757012184.015,latency_s,0.047674
1757012184.016,latency_s,0.048847
1757012184.016,latency_s,0.048371
1757012184.028,latency_s,0.046631
1757012184.031,latency_s,0.046149
1757012184.042,latency_s,0.055132
1757012184.053,latency_s,0.049922
1757012184.053,latency_s,0.048090
1757012184.078,latency_s,0.046722
1757012184.091,latency_s,0.047462
1757012184.092,latency_s,0.045247
1757012184.107,latency_s,0.047282
1757012184.107,latency_s,0.046316
1757012184.113,latency_s,0.046606
1757012184.117,latency_s,0.049164
1757012184.118,latency_s,0.049301
1757012184.118,latency_s,0.049499
1757012184.118,latency_s,0.049519
1757012184.118,latency_s,0.048094
1757012184.127,latency_s,0.057213
1757012184.143,latency_s,0.060205
1757012184.143,latency_s,0.058117
1757012184.143,latency_s,0.056021
1757012184.151,latency_s,0.047771
1757012184.153,latency_s,0.047841
1757012184.178,latency_s,0.045845
1757012184.191,latency_s,0.047254
1757012184.194,latency_s,0.046887
1757012184.207,latency_s,0.045623
1757012184.211,latency_s,0.046783
1757012184.213,latency_s,0.046458
1757012184.218,latency_s,0.049514
1757012184.218,latency_s,0.049335
1757012184.218,latency_s,0.049218
1757012184.218,latency_s,0.049339
1757012184.218,latency_s,0.047493
1757012184.219,latency_s,0.047988
1757012184.230,latency_s,0.046391
1757012184.231,latency_s,0.046162
1757012184.247,latency_s,0.058617
1757012184.251,latency_s,0.047336
1757012184.254,latency_s,0.048190
1757012184.280,latency_s,0.046777
1757012184.291,latency_s,0.047280
1757012184.293,latency_s,0.046202
1757012184.309,latency_s,0.046640
1757012184.312,latency_s,0.047222
1757012184.314,latency_s,0.046798
1757012184.319,latency_s,0.050201
1757012184.319,latency_s,0.050181
1757012184.320,latency_s,0.050649
1757012184.320,latency_s,0.050058
1757012184.320,latency_s,0.048260
1757012184.329,latency_s,0.057804
1757012184.331,latency_s,0.046509
1757012184.332,latency_s,0.046583
1757012184.392,latency_s,0.102828
1757012184.392,latency_s,0.087728
1757012184.392,latency_s,0.086028
1757012184.392,latency_s,0.058673
1757012184.392,latency_s,0.047401
1757012184.418,latency_s,0.070058
1757012184.419,latency_s,0.056515
1757012184.419,latency_s,0.053178
1757012184.419,latency_s,0.051270
1757012184.427,latency_s,0.056933
1757012184.427,latency_s,0.056982
1757012184.427,latency_s,0.056832
1757012184.427,latency_s,0.056450
1757012184.427,latency_s,0.054999
1757012184.427,latency_s,0.054761
1757012184.432,latency_s,0.046793
1757012184.433,latency_s,0.047008
1757012184.435,latency_s,0.045588
1757012184.451,latency_s,0.046475
1757012184.454,latency_s,0.046474
1757012184.482,latency_s,0.048038
1757012184.491,latency_s,0.045912
1757012184.494,latency_s,0.045716
1757012184.511,latency_s,0.047622
1757012184.514,latency_s,0.046910
1757012184.518,latency_s,0.048260
1757012184.518,latency_s,0.047559
1757012184.520,latency_s,0.049932
1757012184.527,latency_s,0.056641
1757012184.527,latency_s,0.054936
1757012184.527,latency_s,0.054293
1757012184.532,latency_s,0.046116
1757012184.546,latency_s,0.059987
1757012184.546,latency_s,0.056083
1757012184.552,latency_s,0.046414
1757012184.555,latency_s,0.046414
1757012184.581,latency_s,0.046911
1757012184.593,latency_s,0.046926
1757012184.595,latency_s,0.046588
1757012184.610,latency_s,0.046154
1757012184.614,latency_s,0.046241
1757012184.617,latency_s,0.047224
1757012184.617,latency_s,0.045843
1757012184.617,latency_s,0.046236
1757012184.619,latency_s,0.047948
1757012184.619,latency_s,0.046167
1757012184.620,latency_s,0.046252
1757012184.633,latency_s,0.047136
1757012184.633,latency_s,0.046773
1757012184.650,latency_s,0.059195
1757012184.653,latency_s,0.047501
1757012184.656,latency_s,0.047003
1757012184.660,latency_s,0.189841
1757012184.660,latency_s,0.089444
1757012184.682,latency_s,0.046368
1757012184.693,latency_s,0.046670
1757012184.696,latency_s,0.046154
1757012184.710,latency_s,0.046242
1757012184.715,latency_s,0.046441
1757012184.718,latency_s,0.047197
1757012184.718,latency_s,0.047354
1757012184.722,latency_s,0.051025
1757012184.722,latency_s,0.051275
1757012184.722,latency_s,0.049185
1757012184.729,latency_s,0.055120
1757012184.729,latency_s,0.054509
1757012184.733,latency_s,0.046593
1757012184.746,latency_s,0.059177
1757012184.746,latency_s,0.053836
1757012184.753,latency_s,0.046082
1757012184.756,latency_s,0.047242
1757012184.783,latency_s,0.046672
1757012184.793,latency_s,0.046365
1757012184.797,latency_s,0.046935
1757012184.811,latency_s,0.046234
1757012184.819,latency_s,0.048479
1757012184.819,latency_s,0.048007
1757012184.819,latency_s,0.047179
1757012184.819,latency_s,0.047261
1757012184.819,latency_s,0.047803
1757012184.822,latency_s,0.047501
1757012184.822,latency_s,0.047012
1757012184.836,latency_s,0.060049
1757012184.836,latency_s,0.049247
1757012184.836,latency_s,0.048932
1757012184.839,latency_s,0.045960
1757012184.855,latency_s,0.048396
1757012184.856,latency_s,0.046098
1757012184.884,latency_s,0.046930
1757012184.894,latency_s,0.046436
1757012184.896,latency_s,0.045746
1757012184.913,latency_s,0.047280
1757012184.923,latency_s,0.051464
1757012184.923,latency_s,0.051777
1757012184.923,latency_s,0.051611
1757012184.923,latency_s,0.051358
1757012184.923,latency_s,0.050916
1757012184.923,latency_s,0.048075
1757012184.924,latency_s,0.047689
1757012184.924,latency_s,0.048043
1757012184.933,latency_s,0.046363
1757012184.935,latency_s,0.046991
1757012184.939,latency_s,0.045699
1757012184.957,latency_s,0.049493
1757012184.957,latency_s,0.047108
1757012184.985,latency_s,0.047027
1757012184.995,latency_s,0.046483
1757012184.998,latency_s,0.047114
1757012185.013,latency_s,0.046820
1757012185.021,latency_s,0.048537
1757012185.021,latency_s,0.048687
1757012185.021,latency_s,0.048073
1757012185.021,latency_s,0.048124
1757012185.021,latency_s,0.048526
1757012185.024,latency_s,0.046980
1757012185.024,latency_s,0.047030
1757012185.024,latency_s,0.046626
1757012185.034,latency_s,0.046605
1757012185.035,latency_s,0.045689
1757012185.049,latency_s,0.055176
1757012185.055,latency_s,0.047204
1757012185.057,latency_s,0.046452
1757012185.086,latency_s,0.046980
1757012185.095,latency_s,0.046161
1757012185.114,latency_s,0.046559
1757012185.121,latency_s,0.048090
1757012185.121,latency_s,0.047961
1757012185.121,latency_s,0.048032
1757012185.121,latency_s,0.046528
1757012185.125,latency_s,0.047951
1757012185.125,latency_s,0.047483
1757012185.125,latency_s,0.047508
1757012185.125,latency_s,0.047456
1757012185.134,latency_s,0.045584
1757012185.139,latency_s,0.046939
1757012185.150,latency_s,0.054574
1757012185.156,latency_s,0.046899
1757012185.158,latency_s,0.046319
1757012185.186,latency_s,0.046875
1757012185.198,latency_s,0.046329
1757012185.215,latency_s,0.046787
1757012185.221,latency_s,0.046423
1757012185.223,latency_s,0.047304
1757012185.227,latency_s,0.051602
1757012185.227,latency_s,0.051445
1757012185.227,latency_s,0.049887
1757012185.227,latency_s,0.049573
1757012185.227,latency_s,0.049586
1757012185.228,latency_s,0.049373
1757012185.235,latency_s,0.046846
1757012185.241,latency_s,0.046072
1757012185.242,latency_s,0.045704
1757012185.251,latency_s,0.198780
1757012185.251,latency_s,0.098194
1757012185.256,latency_s,0.046547
1757012185.259,latency_s,0.046667
1757012185.286,latency_s,0.046858
1757012185.301,latency_s,0.046746
1757012185.301,latency_s,0.046743
1757012185.317,latency_s,0.047904
1757012185.321,latency_s,0.046405
1757012185.323,latency_s,0.046812
1757012185.324,latency_s,0.047781
1757012185.324,latency_s,0.047590
1757012185.324,latency_s,0.045800
1757012185.324,latency_s,0.045830
1757012185.327,latency_s,0.048861
1757012185.328,latency_s,0.048786
1757012185.335,latency_s,0.046521
1757012185.342,latency_s,0.046528
1757012185.342,latency_s,0.045759
1757012185.356,latency_s,0.045771
1757012185.360,latency_s,0.046950
1757012185.386,latency_s,0.046181
1757012185.402,latency_s,0.047169
1757012185.402,latency_s,0.047110
1757012185.417,latency_s,0.046476
1757012185.423,latency_s,0.047758
1757012185.423,latency_s,0.046998
1757012185.423,latency_s,0.046607
1757012185.426,latency_s,0.047137
1757012185.426,latency_s,0.047470
1757012185.426,latency_s,0.046861
1757012185.427,latency_s,0.047008
1757012185.428,latency_s,0.048682
1757012185.435,latency_s,0.046160
1757012185.446,latency_s,0.046890
1757012185.446,latency_s,0.047063
1757012185.457,latency_s,0.046616
1757012185.459,latency_s,0.046257
1757012185.488,latency_s,0.047122
1757012185.501,latency_s,0.045695
1757012185.502,latency_s,0.046223
1757012185.518,latency_s,0.047777
1757012185.523,latency_s,0.047347
1757012185.525,latency_s,0.046694
1757012185.529,latency_s,0.051313
1757012185.529,latency_s,0.050438
1757012185.529,latency_s,0.050444
1757012185.529,latency_s,0.049660
1757012185.529,latency_s,0.049569
1757012185.529,latency_s,0.049500
1757012185.536,latency_s,0.046716
1757012185.547,latency_s,0.047525
1757012185.547,latency_s,0.047516
1757012185.562,latency_s,0.049036
1757012185.562,latency_s,0.047658
1757012185.587,latency_s,0.046175
1757012185.603,latency_s,0.047273
1757012185.603,latency_s,0.047368
1757012185.619,latency_s,0.047389
1757012185.622,latency_s,0.046123
1757012185.629,latency_s,0.049726
1757012185.629,latency_s,0.050029
1757012185.629,latency_s,0.050059
1757012185.630,latency_s,0.050493
1757012185.630,latency_s,0.049835
1757012185.630,latency_s,0.049709
1757012185.630,latency_s,0.050058
1757012185.635,latency_s,0.045741
1757012185.647,latency_s,0.046419
1757012185.647,latency_s,0.046740
1757012185.663,latency_s,0.046839
1757012185.663,latency_s,0.047034
1757012185.688,latency_s,0.046436
1757012185.704,latency_s,0.047231
1757012185.704,latency_s,0.047606
1757012185.719,latency_s,0.046576
1757012185.724,latency_s,0.046637
1757012185.727,latency_s,0.047155
1757012185.728,latency_s,0.047679
1757012185.728,latency_s,0.048232
1757012185.728,latency_s,0.047822
1757012185.729,latency_s,0.048423
1757012185.729,latency_s,0.049057
1757012185.731,latency_s,0.050406
1757012185.736,latency_s,0.046745
1757012185.749,latency_s,0.046398
1757012185.749,latency_s,0.046233
1757012185.765,latency_s,0.048198
1757012185.766,latency_s,0.046569
1757012185.791,latency_s,0.046691
1757012185.804,latency_s,0.047153
1757012185.804,latency_s,0.047308
1757012185.820,latency_s,0.047183
1757012185.831,latency_s,0.052893
1757012185.831,latency_s,0.050602
1757012185.831,latency_s,0.050686
1757012185.831,latency_s,0.050487
1757012185.831,latency_s,0.050261
1757012185.831,latency_s,0.050409
1757012185.831,latency_s,0.050731
1757012185.832,latency_s,0.050831
1757012185.837,latency_s,0.046784
1757012185.850,latency_s,0.047425
1757012185.850,latency_s,0.047296
1757012185.867,latency_s,0.049250
1757012185.867,latency_s,0.047585
1757012185.891,latency_s,0.046630
1757012185.905,latency_s,0.046675
1757012185.905,latency_s,0.046798
1757012185.921,latency_s,0.047873
1757012185.925,latency_s,0.046378
1757012185.931,latency_s,0.050463
1757012185.932,latency_s,0.050877
1757012185.932,latency_s,0.051128
1757012185.932,latency_s,0.050547
1757012185.932,latency_s,0.049993
1757012185.932,latency_s,0.050145
1757012185.932,latency_s,0.049492
1757012185.937,latency_s,0.046621
1757012185.950,latency_s,0.046721
1757012185.950,latency_s,0.046833
1757012185.965,latency_s,0.046659
1757012185.966,latency_s,0.045858
1757012185.992,latency_s,0.047240
1757012186.005,latency_s,0.046628
1757012186.007,latency_s,0.046558
1757012186.020,latency_s,0.046283
1757012186.025,latency_s,0.046549
1757012186.028,latency_s,0.047573
1757012186.028,latency_s,0.047455
1757012186.029,latency_s,0.047385
1757012186.029,latency_s,0.047186
1757012186.032,latency_s,0.049927
1757012186.032,latency_s,0.049678
1757012186.032,latency_s,0.049322
1757012186.037,latency_s,0.046587
1757012186.051,latency_s,0.045939
1757012186.051,latency_s,0.045596
1757012186.067,latency_s,0.048540
1757012186.067,latency_s,0.046870
1757012186.092,latency_s,0.046056
1757012186.106,latency_s,0.046708
1757012186.107,latency_s,0.046431
1757012186.122,latency_s,0.048124
1757012186.127,latency_s,0.047252
1757012186.130,latency_s,0.047055
1757012186.131,latency_s,0.047799
1757012186.133,latency_s,0.050929
1757012186.134,latency_s,0.051408
1757012186.134,latency_s,0.052527
1757012186.134,latency_s,0.052084
1757012186.135,latency_s,0.052377
1757012186.137,latency_s,0.046253
1757012186.152,latency_s,0.046687
1757012186.152,latency_s,0.046392
1757012186.167,latency_s,0.047806
1757012186.168,latency_s,0.047282
1757012186.192,latency_s,0.046481
1757012186.206,latency_s,0.046245
1757012186.208,latency_s,0.046216
1757012186.221,latency_s,0.046064
1757012186.227,latency_s,0.046486
1757012186.230,latency_s,0.047332
1757012186.230,latency_s,0.047408
1757012186.230,latency_s,0.047042
1757012186.233,latency_s,0.049371
1757012186.233,latency_s,0.050026
1757012186.233,latency_s,0.050625
1757012186.233,latency_s,0.049029
1757012186.237,latency_s,0.046392
1757012186.252,latency_s,0.046395
1757012186.257,latency_s,0.046563
1757012186.266,latency_s,0.046987
1757012186.268,latency_s,0.047113
1757012186.293,latency_s,0.046716
1757012186.306,latency_s,0.046437
1757012186.309,latency_s,0.046002
1757012186.323,latency_s,0.046834
1757012186.328,latency_s,0.046586
1757012186.330,latency_s,0.046439
1757012186.333,latency_s,0.048901
1757012186.333,latency_s,0.049730
1757012186.334,latency_s,0.050056
1757012186.334,latency_s,0.050065
1757012186.334,latency_s,0.050818
1757012186.334,latency_s,0.051127
1757012186.337,latency_s,0.046102
1757012186.354,latency_s,0.046678
1757012186.357,latency_s,0.046196
1757012186.367,latency_s,0.046695
1757012186.368,latency_s,0.046622
1757012186.394,latency_s,0.047277
1757012186.409,latency_s,0.048285
1757012186.411,latency_s,0.046248
1757012186.423,latency_s,0.046208
1757012186.430,latency_s,0.048136
1757012186.430,latency_s,0.046814
1757012186.432,latency_s,0.047239
1757012186.432,latency_s,0.047396
1757012186.433,latency_s,0.048496
1757012186.434,latency_s,0.049406
1757012186.434,latency_s,0.050514
1757012186.434,latency_s,0.050391
1757012186.438,latency_s,0.047033
1757012186.455,latency_s,0.047130
1757012186.458,latency_s,0.046306
1757012186.468,latency_s,0.047070
1757012186.531,latency_s,0.108649
1757012186.531,latency_s,0.083069
1757012186.531,latency_s,0.069355
1757012186.531,latency_s,0.065433
1757012186.531,latency_s,0.053310
1757012186.531,latency_s,0.047922
1757012186.544,latency_s,0.059829
1757012186.544,latency_s,0.058777
1757012186.544,latency_s,0.058684
1757012186.544,latency_s,0.058128
1757012186.544,latency_s,0.058314
1757012186.544,latency_s,0.057987
1757012186.544,latency_s,0.058326
1757012186.544,latency_s,0.052813
1757012186.554,latency_s,0.046540
1757012186.561,latency_s,0.046336
1757012186.570,latency_s,0.046884
1757012186.571,latency_s,0.047440
1757012186.595,latency_s,0.046421
1757012186.608,latency_s,0.046685
1757012186.613,latency_s,0.046901
1757012186.625,latency_s,0.046693
1757012186.632,latency_s,0.047957
1757012186.632,latency_s,0.047636
1757012186.632,latency_s,0.046100
1757012186.634,latency_s,0.047271
1757012186.634,latency_s,0.047443
1757012186.635,latency_s,0.048557
1757012186.636,latency_s,0.048656
1757012186.649,latency_s,0.062586
1757012186.650,latency_s,0.058065
1757012186.656,latency_s,0.047320
1757012186.662,latency_s,0.046330
1757012186.671,latency_s,0.047526
1757012186.671,latency_s,0.047598
1757012186.696,latency_s,0.047293
1757012186.709,latency_s,0.047766
1757012186.714,latency_s,0.045929
1757012186.725,latency_s,0.045977
1757012186.730,latency_s,0.046273
1757012186.732,latency_s,0.047522
1757012186.733,latency_s,0.046916
1757012186.735,latency_s,0.047317
1757012186.735,latency_s,0.047102
1757012186.735,latency_s,0.047108
1757012186.735,latency_s,0.046918
1757012186.736,latency_s,0.047414
1757012186.745,latency_s,0.052867
1757012186.761,latency_s,0.051463
1757012186.765,latency_s,0.046063
1757012186.772,latency_s,0.047414
1757012186.772,latency_s,0.047234
1757012186.797,latency_s,0.046954
1757012186.810,latency_s,0.047529
1757012186.814,latency_s,0.046102
1757012186.827,latency_s,0.048025
1757012186.833,latency_s,0.047789
1757012186.833,latency_s,0.047787
1757012186.833,latency_s,0.045941
1757012186.838,latency_s,0.049724
1757012186.838,latency_s,0.049705
1757012186.839,latency_s,0.049308
1757012186.839,latency_s,0.049627
1757012186.839,latency_s,0.049874
1757012186.850,latency_s,0.056725
1757012186.856,latency_s,0.046708
1757012186.869,latency_s,0.047633
1757012186.873,latency_s,0.047497
1757012186.873,latency_s,0.048063
1757012186.897,latency_s,0.047172
1757012186.910,latency_s,0.047692
1757012186.915,latency_s,0.046748
1757012186.926,latency_s,0.046226
1757012186.932,latency_s,0.046635
1757012186.933,latency_s,0.047892
1757012186.934,latency_s,0.047247
1757012186.936,latency_s,0.046634
1757012186.936,latency_s,0.046813
1757012186.938,latency_s,0.048365
1757012186.938,latency_s,0.048494
1757012186.947,latency_s,0.057479
1757012186.947,latency_s,0.053595
1757012186.956,latency_s,0.045926
1757012186.969,latency_s,0.046332
1757012186.974,latency_s,0.048128
1757012186.974,latency_s,0.047898
1757012186.998,latency_s,0.046946
1757012187.010,latency_s,0.047005
1757012187.016,latency_s,0.046908
1757012187.028,latency_s,0.047257
1757012187.032,latency_s,0.046311
1757012187.034,latency_s,0.048173
1757012187.034,latency_s,0.047189
1757012187.040,latency_s,0.048306
1757012187.040,latency_s,0.048883
1757012187.040,latency_s,0.048943
1757012187.040,latency_s,0.048938
1757012187.040,latency_s,0.049026
1757012187.041,latency_s,0.047620
1757012187.058,latency_s,0.047230
1757012187.073,latency_s,0.047735
1757012187.074,latency_s,0.047364
1757012187.074,latency_s,0.047089
1757012187.099,latency_s,0.047047
1757012187.110,latency_s,0.046846
1757012187.117,latency_s,0.046196
1757012187.129,latency_s,0.047084
1757012187.135,latency_s,0.048298
1757012187.135,latency_s,0.047730
1757012187.135,latency_s,0.048509
1757012187.139,latency_s,0.046895
1757012187.139,latency_s,0.047324
1757012187.140,latency_s,0.047890
1757012187.140,latency_s,0.048451
1757012187.141,latency_s,0.048730
1757012187.141,latency_s,0.046999
1757012187.157,latency_s,0.046347
1757012187.174,latency_s,0.047876
1757012187.174,latency_s,0.047058
1757012187.174,latency_s,0.047233
1757012187.199,latency_s,0.046056
1757012187.211,latency_s,0.046553
1757012187.218,latency_s,0.046618
1757012187.228,latency_s,0.046059
1757012187.236,latency_s,0.048587
1757012187.236,latency_s,0.048109
1757012187.236,latency_s,0.048744
1757012187.240,latency_s,0.047717
1757012187.241,latency_s,0.048258
1757012187.241,latency_s,0.048501
1757012187.241,latency_s,0.048313
1757012187.241,latency_s,0.048162
1757012187.241,latency_s,0.047099
1757012187.258,latency_s,0.045939
1757012187.273,latency_s,0.046174
1757012187.275,latency_s,0.047766
1757012187.341,latency_s,0.113604
1757012187.341,latency_s,0.088155
1757012187.342,latency_s,0.077101
1757012187.342,latency_s,0.069786
1757012187.342,latency_s,0.059476
1757012187.342,latency_s,0.053062
1757012187.342,latency_s,0.053113
1757012187.342,latency_s,0.053163
1757012187.349,latency_s,0.056418
1757012187.349,latency_s,0.056083
1757012187.349,latency_s,0.055977
1757012187.349,latency_s,0.056473
1757012187.349,latency_s,0.055959
1757012187.349,latency_s,0.055083
1757012187.360,latency_s,0.046258
1757012187.373,latency_s,0.046167
1757012187.377,latency_s,0.048757
1757012187.377,latency_s,0.046270
1757012187.401,latency_s,0.046038
1757012187.411,latency_s,0.046076
1757012187.421,latency_s,0.046951
1757012187.429,latency_s,0.045985
1757012187.438,latency_s,0.048112
1757012187.438,latency_s,0.048293
1757012187.438,latency_s,0.048813
1757012187.477,latency_s,0.084328
1757012187.478,latency_s,0.084528
1757012187.478,latency_s,0.084131
1757012187.478,latency_s,0.084018
1757012187.478,latency_s,0.084151
1757012187.478,latency_s,0.083424
1757012187.478,latency_s,0.062860
1757012187.478,latency_s,0.050931
1757012187.478,latency_s,0.049223
1757012187.492,latency_s,0.060169
1757012187.503,latency_s,0.046224
1757012187.511,latency_s,0.046001
1757012187.520,latency_s,0.046035
1757012187.530,latency_s,0.046729
1757012187.537,latency_s,0.046909
1757012187.537,latency_s,0.046573
1757012187.539,latency_s,0.047439
1757012187.541,latency_s,0.046655
1757012187.557,latency_s,0.063290
1757012187.557,latency_s,0.063399
1757012187.558,latency_s,0.063762
1757012187.558,latency_s,0.063386
1757012187.558,latency_s,0.062931
1757012187.562,latency_s,0.046522
1757012187.574,latency_s,0.046477
1757012187.576,latency_s,0.046712
1757012187.579,latency_s,0.046456
1757012187.605,latency_s,0.046840
1757012187.612,latency_s,0.046164
1757012187.622,latency_s,0.047369
1757012187.631,latency_s,0.047636
1757012187.637,latency_s,0.046439
1757012187.637,latency_s,0.046105
1757012187.641,latency_s,0.047314
1757012187.643,latency_s,0.046373
1757012187.643,latency_s,0.047603
1757012187.660,latency_s,0.064103
1757012187.660,latency_s,0.064098
1757012187.660,latency_s,0.063874
1757012187.661,latency_s,0.063714
1757012187.673,latency_s,0.056387
1757012187.674,latency_s,0.046595
1757012187.677,latency_s,0.046695
1757012187.679,latency_s,0.046328
1757012187.709,latency_s,0.046849
1757012187.714,latency_s,0.047600
1757012187.723,latency_s,0.045830
1757012187.730,latency_s,0.045716
1757012187.738,latency_s,0.046768
1757012187.739,latency_s,0.046541
1757012187.740,latency_s,0.046154
1757012187.742,latency_s,0.046263
1757012187.750,latency_s,0.052671
1757012187.750,latency_s,0.052563
1757012187.750,latency_s,0.052780
1757012187.750,latency_s,0.052717
1757012187.750,latency_s,0.052957
1757012187.763,latency_s,0.046384
1757012187.776,latency_s,0.047049
1757012187.779,latency_s,0.047833
1757012187.779,latency_s,0.046259
1757012187.809,latency_s,0.046786
1757012187.813,latency_s,0.046550
1757012187.826,latency_s,0.046540
1757012187.831,latency_s,0.046558
1757012187.838,latency_s,0.046350
1757012187.841,latency_s,0.048140
1757012187.841,latency_s,0.046237
1757012187.843,latency_s,0.046003
1757012187.847,latency_s,0.048945
1757012187.847,latency_s,0.049244
1757012187.847,latency_s,0.049294
1757012187.847,latency_s,0.048880
1757012187.847,latency_s,0.049164
1757012187.865,latency_s,0.046992
1757012187.876,latency_s,0.047027
1757012187.879,latency_s,0.046720
1757012187.880,latency_s,0.047006
1757012187.910,latency_s,0.046597
1757012187.913,latency_s,0.046017
1757012187.929,latency_s,0.047566
1757012187.931,latency_s,0.046238
1757012187.940,latency_s,0.047389
1757012187.940,latency_s,0.046538
1757012187.941,latency_s,0.045839
1757012187.944,latency_s,0.046229
1757012187.948,latency_s,0.050335
1757012187.948,latency_s,0.050231
1757012187.948,latency_s,0.050251
1757012187.948,latency_s,0.050118
1757012187.948,latency_s,0.050298
1757012187.966,latency_s,0.046532
1757012187.976,latency_s,0.046662
1757012187.979,latency_s,0.046005
1757012187.980,latency_s,0.046427
1757012188.012,latency_s,0.046851
1757012188.014,latency_s,0.046087
1757012188.033,latency_s,0.047728
1757012188.033,latency_s,0.047466
1757012188.039,latency_s,0.046252
1757012188.041,latency_s,0.046789
1757012188.043,latency_s,0.046546
1757012188.044,latency_s,0.045636
1757012188.044,latency_s,0.046410
1757012188.048,latency_s,0.049899
1757012188.048,latency_s,0.049647
1757012188.048,latency_s,0.049553
1757012188.048,latency_s,0.049366
1757012188.070,latency_s,0.047240
1757012188.077,latency_s,0.046872
1757012188.080,latency_s,0.045667
1757012188.082,latency_s,0.048429
1757012188.114,latency_s,0.045758
1757012188.116,latency_s,0.047114
1757012188.135,latency_s,0.046749
1757012188.135,latency_s,0.045828
1757012188.141,latency_s,0.047871
1757012188.141,latency_s,0.047004
1757012188.144,latency_s,0.046738
1757012188.146,latency_s,0.047499
1757012188.146,latency_s,0.047537
1757012188.147,latency_s,0.048563
1757012188.149,latency_s,0.049832
1757012188.150,latency_s,0.050426
1757012188.150,latency_s,0.050014
1757012188.171,latency_s,0.047307
1757012188.177,latency_s,0.046716
1757012188.182,latency_s,0.047236
1757012188.182,latency_s,0.047327
1757012188.216,latency_s,0.047397
1757012188.216,latency_s,0.045973
1757012188.235,latency_s,0.046779
1757012188.235,latency_s,0.045856
1757012188.240,latency_s,0.046377
1757012188.241,latency_s,0.045924
1757012188.244,latency_s,0.046044
1757012188.246,latency_s,0.046548
1757012188.248,latency_s,0.048312
1757012188.248,latency_s,0.048543
1757012188.248,latency_s,0.048684
1757012188.252,latency_s,0.052148
1757012188.252,latency_s,0.050565
1757012188.271,latency_s,0.047708
1757012188.277,latency_s,0.046048
1757012188.282,latency_s,0.046985
1757012188.283,latency_s,0.047119
1757012188.317,latency_s,0.047240
1757012188.317,latency_s,0.046053
1757012188.339,latency_s,0.047470
1757012188.339,latency_s,0.047353
1757012188.341,latency_s,0.046141
1757012188.346,latency_s,0.047446
1757012188.346,latency_s,0.046520
1757012188.346,latency_s,0.046436
1757012188.349,latency_s,0.048476
1757012188.349,latency_s,0.048617
1757012188.349,latency_s,0.046099
1757012188.349,latency_s,0.046162
1757012188.372,latency_s,0.048109
1757012188.380,latency_s,0.048542
1757012188.384,latency_s,0.047656
1757012188.384,latency_s,0.047670
1757012188.417,latency_s,0.047078
1757012188.419,latency_s,0.046770
1757012188.440,latency_s,0.047911
1757012188.440,latency_s,0.048209
1757012188.441,latency_s,0.046008
1757012188.450,latency_s,0.050205
1757012188.450,latency_s,0.049381
1757012188.450,latency_s,0.049270
1757012188.450,latency_s,0.048947
1757012188.450,latency_s,0.049142
1757012188.450,latency_s,0.047155
1757012188.450,latency_s,0.047280
1757012188.471,latency_s,0.045985
1757012188.478,latency_s,0.046700
1757012188.483,latency_s,0.186764
1757012188.484,latency_s,0.047101
1757012188.486,latency_s,0.048750
1757012188.486,latency_s,0.089906
1757012188.519,latency_s,0.047538
1757012188.519,latency_s,0.046613
1757012188.542,latency_s,0.046443
1757012188.543,latency_s,0.047999
1757012188.545,latency_s,0.049083
1757012188.545,latency_s,0.048988
1757012188.546,latency_s,0.046091
1757012188.547,latency_s,0.045978
1757012188.548,latency_s,0.047233
1757012188.548,latency_s,0.047182
1757012188.550,latency_s,0.048739
1757012188.550,latency_s,0.047220
1757012188.550,latency_s,0.046984
1757012188.572,latency_s,0.046556
1757012188.578,latency_s,0.046796
1757012188.584,latency_s,0.046959
1757012188.584,latency_s,0.046939
1757012188.618,latency_s,0.046720
1757012188.619,latency_s,0.046245
1757012188.643,latency_s,0.047706
1757012188.647,latency_s,0.049678
1757012188.647,latency_s,0.048919
1757012188.647,latency_s,0.049009
1757012188.648,latency_s,0.047231
1757012188.652,latency_s,0.049156
1757012188.652,latency_s,0.049530
1757012188.652,latency_s,0.049783
1757012188.652,latency_s,0.049760
1757012188.652,latency_s,0.048874
1757012188.652,latency_s,0.048637
1757012188.675,latency_s,0.047704
1757012188.679,latency_s,0.046816
1757012188.690,latency_s,0.052029
1757012188.690,latency_s,0.052146
1757012188.719,latency_s,0.046718
1757012188.724,latency_s,0.046693
1757012188.743,latency_s,0.046163
1757012188.744,latency_s,0.046627
1757012188.745,latency_s,0.045634
1757012188.749,latency_s,0.047432
1757012188.749,latency_s,0.047059
1757012188.751,latency_s,0.047542
1757012188.751,latency_s,0.047609
1757012188.751,latency_s,0.047726
1757012188.753,latency_s,0.049484
1757012188.753,latency_s,0.049070
1757012188.753,latency_s,0.048974
1757012188.775,latency_s,0.046599
1757012188.780,latency_s,0.047644
1757012188.787,latency_s,0.048611
1757012188.787,latency_s,0.046268
1757012188.820,latency_s,0.047023
1757012188.824,latency_s,0.046488
1757012188.845,latency_s,0.047360
1757012188.845,latency_s,0.046395
1757012188.846,latency_s,0.046488
1757012188.849,latency_s,0.047006
1757012188.849,latency_s,0.047622
1757012188.851,latency_s,0.047201
1757012188.851,latency_s,0.047410
1757012188.852,latency_s,0.047221
1757012188.852,latency_s,0.047058
1757012188.854,latency_s,0.050112
1757012188.854,latency_s,0.050435
1757012188.881,latency_s,0.046945
1757012188.882,latency_s,0.047825
1757012188.886,latency_s,0.046645
1757012188.889,latency_s,0.046486
1757012188.920,latency_s,0.046657
1757012188.925,latency_s,0.046345
1757012188.945,latency_s,0.046808
1757012188.948,latency_s,0.047863
1757012188.948,latency_s,0.047672
1757012188.950,latency_s,0.047559
1757012188.950,latency_s,0.046713
1757012188.950,latency_s,0.045845
1757012188.952,latency_s,0.047086
1757012188.956,latency_s,0.051277
1757012188.956,latency_s,0.051115
1757012188.956,latency_s,0.050773
1757012188.957,latency_s,0.052140
1757012188.982,latency_s,0.047382
1757012188.985,latency_s,0.048389
1757012188.986,latency_s,0.046533
1757012188.993,latency_s,0.048308
1757012189.032,latency_s,0.057932
1757012189.032,latency_s,0.051460
1757012189.046,latency_s,0.046800
1757012189.047,latency_s,0.046323
1757012189.050,latency_s,0.047210
1757012189.050,latency_s,0.046450
1757012189.053,latency_s,0.048862
1757012189.053,latency_s,0.048665
1757012189.054,latency_s,0.048379
1757012189.054,latency_s,0.048292
1757012189.055,latency_s,0.050158
1757012189.056,latency_s,0.048641
1757012189.056,latency_s,0.049047
1757012189.082,latency_s,0.047036
1757012189.086,latency_s,0.046042
1757012189.092,latency_s,0.047163
1757012189.092,latency_s,0.046910
1757012189.121,latency_s,0.046915
1757012189.129,latency_s,0.047060
1757012189.149,latency_s,0.046794
1757012189.151,latency_s,0.046744
1757012189.152,latency_s,0.046669
1757012189.153,latency_s,0.048437
1757012189.153,latency_s,0.048573
1757012189.155,latency_s,0.048522
1757012189.155,latency_s,0.049002
1757012189.155,latency_s,0.049363
1757012189.156,latency_s,0.047557
1757012189.156,latency_s,0.047746
1757012189.183,latency_s,0.046967
1757012189.187,latency_s,0.046352
1757012189.190,latency_s,0.045306
1757012189.191,latency_s,0.045935
1757012189.221,latency_s,0.046167
1757012189.228,latency_s,0.045660
1757012189.250,latency_s,0.046761
1757012189.251,latency_s,0.046311
1757012189.254,latency_s,0.046307
1757012189.255,latency_s,0.047345
1757012189.255,latency_s,0.047416
1757012189.258,latency_s,0.049757
1757012189.258,latency_s,0.050161
1757012189.258,latency_s,0.048174
1757012189.258,latency_s,0.047838
1757012189.259,latency_s,0.049258
1757012189.287,latency_s,0.050810
1757012189.288,latency_s,0.046310
1757012189.290,latency_s,0.189489
1757012189.290,latency_s,0.088784
1757012189.293,latency_s,0.047703
1757012189.293,latency_s,0.046802
1757012189.323,latency_s,0.046904
1757012189.330,latency_s,0.046658
1757012189.354,latency_s,0.051877
1757012189.355,latency_s,0.050858
1757012189.355,latency_s,0.049097
1757012189.357,latency_s,0.049029
1757012189.358,latency_s,0.049677
1757012189.358,latency_s,0.049457
1757012189.358,latency_s,0.049414
1757012189.358,latency_s,0.048975
1757012189.358,latency_s,0.046715
1757012189.358,latency_s,0.046703
1757012189.360,latency_s,0.048508
1757012189.383,latency_s,0.046254
1757012189.390,latency_s,0.047092
1757012189.392,latency_s,0.046949
1757012189.394,latency_s,0.047497
1757012189.423,latency_s,0.046952
1757012189.431,latency_s,0.047264
1757012189.451,latency_s,0.048686
1757012189.452,latency_s,0.047441
1757012189.452,latency_s,0.045608
1757012189.456,latency_s,0.047884
1757012189.457,latency_s,0.047783
1757012189.457,latency_s,0.047895
1757012189.457,latency_s,0.045513
1757012189.460,latency_s,0.047812
1757012189.460,latency_s,0.047885
1757012189.460,latency_s,0.047971
1757012189.461,latency_s,0.049496
1757012189.484,latency_s,0.046381
1757012189.489,latency_s,0.045908
1757012189.494,latency_s,0.048585
1757012189.495,latency_s,0.047250
1757012189.526,latency_s,0.048085
1757012189.532,latency_s,0.046169
1757012189.550,latency_s,0.047074
1757012189.551,latency_s,0.046239
1757012189.554,latency_s,0.047317
1757012189.555,latency_s,0.045874
1757012189.556,latency_s,0.046453
1757012189.557,latency_s,0.047318
1757012189.559,latency_s,0.046639
1757012189.560,latency_s,0.047043
1757012189.562,latency_s,0.049445
1757012189.562,latency_s,0.049504
1757012189.562,latency_s,0.049250
1757012189.585,latency_s,0.046576
1757012189.590,latency_s,0.046542
1757012189.593,latency_s,0.046680
1757012189.595,latency_s,0.047130
1757012189.625,latency_s,0.046250
1757012189.633,latency_s,0.046374
1757012189.651,latency_s,0.047383
1757012189.651,latency_s,0.045679
1757012189.660,latency_s,0.049263
1757012189.660,latency_s,0.049298
1757012189.660,latency_s,0.049494
1757012189.660,latency_s,0.049051
1757012189.660,latency_s,0.047187
1757012189.660,latency_s,0.047314
1757012189.663,latency_s,0.049739
1757012189.663,latency_s,0.049615
1757012189.663,latency_s,0.049745
1757012189.685,latency_s,0.047250
1757012189.691,latency_s,0.046884
1757012189.692,latency_s,0.045832
1757012189.699,latency_s,0.049466
1757012189.725,latency_s,0.046572
1757012189.734,latency_s,0.046207
1757012189.751,latency_s,0.047423
1757012189.754,latency_s,0.047835
1757012189.758,latency_s,0.046781
1757012189.758,latency_s,0.046627
1757012189.760,latency_s,0.048834
1757012189.761,latency_s,0.048776
1757012189.761,latency_s,0.047227
1757012189.762,latency_s,0.048189
1757012189.763,latency_s,0.049457
1757012189.763,latency_s,0.049288
1757012189.763,latency_s,0.048980
1757012189.786,latency_s,0.047790
1757012189.791,latency_s,0.046220
1757012189.797,latency_s,0.049658
1757012189.797,latency_s,0.047015
1757012189.826,latency_s,0.046539
1757012189.835,latency_s,0.046527
1757012189.852,latency_s,0.046860
1757012189.853,latency_s,0.046114
1757012189.859,latency_s,0.046749
1757012189.862,latency_s,0.049380
1757012189.862,latency_s,0.049577
1757012189.862,latency_s,0.049460
1757012189.862,latency_s,0.047909
1757012189.862,latency_s,0.048047
1757012189.864,latency_s,0.049365
1757012189.864,latency_s,0.049040
1757012189.864,latency_s,0.049427
1757012189.885,latency_s,0.046042
1757012189.891,latency_s,0.046099
1757012189.893,latency_s,0.046098
1757012189.897,latency_s,0.047100
1757012189.926,latency_s,0.046286
1757012189.936,latency_s,0.047455
1757012189.953,latency_s,0.046894
1757012189.954,latency_s,0.046214
1757012189.961,latency_s,0.047566
1757012189.961,latency_s,0.047965
1757012189.961,latency_s,0.048237
1757012189.962,latency_s,0.047787
1757012189.964,latency_s,0.049246
1757012189.964,latency_s,0.049186
1757012189.964,latency_s,0.049353
1757012189.964,latency_s,0.049108
1757012189.965,latency_s,0.048897
1757012189.986,latency_s,0.046256
1757012189.992,latency_s,0.045961
1757012189.995,latency_s,0.047161
1757012189.998,latency_s,0.047101
1757012190.027,latency_s,0.046729
1757012190.036,latency_s,0.046215
1757012190.053,latency_s,0.046867
1757012190.055,latency_s,0.047392
1757012190.061,latency_s,0.046633
1757012190.061,latency_s,0.046833
1757012190.061,latency_s,0.046434
1757012190.062,latency_s,0.047368
1757012190.062,latency_s,0.046949
1757012190.064,latency_s,0.048991
1757012190.065,latency_s,0.049153
1757012190.065,latency_s,0.048981
1757012190.066,latency_s,0.049111
1757012190.087,latency_s,0.046625
1757012190.093,latency_s,0.046768
1757012190.094,latency_s,0.045629
1757012190.099,latency_s,0.047023
1757012190.128,latency_s,0.046759
1757012190.136,latency_s,0.046159
1757012190.153,latency_s,0.046261
1757012190.155,latency_s,0.046454
1757012190.162,latency_s,0.046542
1757012190.162,latency_s,0.046601
1757012190.162,latency_s,0.046710
1757012190.162,latency_s,0.046548
1757012190.163,latency_s,0.047537
1757012190.163,latency_s,0.047010
1757012190.165,latency_s,0.047706
1757012190.165,latency_s,0.047444
1757012190.166,latency_s,0.049149
1757012190.187,latency_s,0.046036
1757012190.194,latency_s,0.046708
1757012190.195,latency_s,0.045612
1757012190.202,latency_s,0.049621
1757012190.228,latency_s,0.046543
1757012190.238,latency_s,0.046679
1757012190.254,latency_s,0.046769
1757012190.256,latency_s,0.046377
1757012190.261,latency_s,0.045658
1757012190.264,latency_s,0.048584
1757012190.265,latency_s,0.048510
1757012190.265,latency_s,0.048717
1757012190.265,latency_s,0.048374
1757012190.265,latency_s,0.048056
1757012190.266,latency_s,0.048746
1757012190.267,latency_s,0.049298
1757012190.267,latency_s,0.049013
1757012190.288,latency_s,0.046139
1757012190.294,latency_s,0.046488
1757012190.296,latency_s,0.046030
1757012190.300,latency_s,0.046490
1757012190.329,latency_s,0.046630
1757012190.339,latency_s,0.046468
1757012190.353,latency_s,0.046413
1757012190.359,latency_s,0.047998
1757012190.362,latency_s,0.046345
1757012190.367,latency_s,0.050903
1757012190.367,latency_s,0.050861
1757012190.367,latency_s,0.050685
1757012190.367,latency_s,0.049888
1757012190.368,latency_s,0.049824
1757012190.368,latency_s,0.049530
1757012190.368,latency_s,0.050397
1757012190.368,latency_s,0.050382
1757012190.388,latency_s,0.046063
1757012190.397,latency_s,0.047395
1757012190.398,latency_s,0.047108
1757012190.401,latency_s,0.047362
1757012190.429,latency_s,0.046070
1757012190.441,latency_s,0.048028
1757012190.454,latency_s,0.046227
1757012190.460,latency_s,0.047147
1757012190.464,latency_s,0.046571
1757012190.468,latency_s,0.050956
1757012190.468,latency_s,0.051224
1757012190.468,latency_s,0.051045
1757012190.468,latency_s,0.050329
1757012190.468,latency_s,0.050383
1757012190.468,latency_s,0.050083
1757012190.468,latency_s,0.050224
1757012190.468,latency_s,0.049191
1757012190.490,latency_s,0.047001
1757012190.497,latency_s,0.045966
1757012190.498,latency_s,0.047042
1757012190.502,latency_s,0.047288
1757012190.530,latency_s,0.046879
1757012190.541,latency_s,0.046779
1757012190.556,latency_s,0.047451
1757012190.566,latency_s,0.048241
1757012190.566,latency_s,0.048394
1757012190.566,latency_s,0.048108
1757012190.566,latency_s,0.047815
1757012190.566,latency_s,0.048431
1757012190.568,latency_s,0.049424
1757012190.568,latency_s,0.049762
1757012190.569,latency_s,0.049758
1757012190.570,latency_s,0.051569
1757012190.570,latency_s,0.049152
1757012190.590,latency_s,0.046420
1757012190.598,latency_s,0.046692
1757012190.598,latency_s,0.045805
1757012190.602,latency_s,0.047135
1757012190.630,latency_s,0.046575
1757012190.642,latency_s,0.045927
1757012190.656,latency_s,0.046874
1757012190.664,latency_s,0.045757
1757012190.668,latency_s,0.049757
1757012190.668,latency_s,0.049859
1757012190.668,latency_s,0.049783
1757012190.668,latency_s,0.049507
1757012190.668,latency_s,0.049092
1757012190.668,latency_s,0.048899
1757012190.715,latency_s,0.094930
1757012190.715,latency_s,0.095109
1757012190.715,latency_s,0.091581
1757012190.715,latency_s,0.070920
1757012190.715,latency_s,0.063142
1757012190.715,latency_s,0.061602
1757012190.715,latency_s,0.059654
1757012190.731,latency_s,0.046321
1757012190.743,latency_s,0.046052
1757012190.756,latency_s,0.046785
1757012190.765,latency_s,0.046730
1757012190.765,latency_s,0.046734
1757012190.766,latency_s,0.046883
1757012190.768,latency_s,0.048649
1757012190.768,latency_s,0.048606
1757012190.769,latency_s,0.049415
1757012190.769,latency_s,0.048709
1757012190.779,latency_s,0.055974
1757012190.779,latency_s,0.055964
1757012190.779,latency_s,0.055085
1757012190.791,latency_s,0.046042
1757012190.799,latency_s,0.045848
1757012190.801,latency_s,0.047307
1757012190.808,latency_s,0.048468
1757012190.832,latency_s,0.046786
1757012190.845,latency_s,0.047324
1757012190.856,latency_s,0.046125
1757012190.867,latency_s,0.047673
1757012190.867,latency_s,0.047410
1757012190.868,latency_s,0.048476
1757012190.868,latency_s,0.048018
1757012190.868,latency_s,0.047957
1757012190.871,latency_s,0.050470
1757012190.871,latency_s,0.047570
1757012190.871,latency_s,0.047514
1757012190.881,latency_s,0.056566
1757012190.891,latency_s,0.046025
1757012190.904,latency_s,0.050805
1757012190.904,latency_s,0.050620
1757012190.907,latency_s,0.046875
1757012190.932,latency_s,0.046130
1757012190.944,latency_s,0.046500
1757012190.958,latency_s,0.047085
1757012190.966,latency_s,0.045678
1757012190.966,latency_s,0.045371
1757012190.966,latency_s,0.046015
1757012190.966,latency_s,0.046065
1757012190.967,latency_s,0.046044
1757012190.970,latency_s,0.049323
1757012190.970,latency_s,0.046130
1757012190.971,latency_s,0.046880
1757012190.972,latency_s,0.047924
1757012190.993,latency_s,0.047267
1757012191.001,latency_s,0.047154
1757012191.002,latency_s,0.046393
1757012191.010,latency_s,0.048850
1757012191.011,latency_s,0.191035
1757012191.011,latency_s,0.089935
1757012191.032,latency_s,0.046422
1757012191.045,latency_s,0.046155
1757012191.058,latency_s,0.045974
1757012191.068,latency_s,0.047561
1757012191.069,latency_s,0.048074
1757012191.069,latency_s,0.048390
1757012191.073,latency_s,0.051990
1757012191.073,latency_s,0.052419
1757012191.073,latency_s,0.052394
1757012191.073,latency_s,0.052149
1757012191.073,latency_s,0.048539
1757012191.074,latency_s,0.048609
1757012191.081,latency_s,0.055964
1757012191.092,latency_s,0.045919
1757012191.101,latency_s,0.046525
1757012191.110,latency_s,0.053899
1757012191.110,latency_s,0.047841
1757012191.133,latency_s,0.046394
1757012191.145,latency_s,0.046433
1757012191.159,latency_s,0.046610
1757012191.168,latency_s,0.047340
1757012191.169,latency_s,0.047337
1757012191.170,latency_s,0.048931
1757012191.170,latency_s,0.048610
1757012191.170,latency_s,0.048955
1757012191.173,latency_s,0.051299
1757012191.173,latency_s,0.051399
1757012191.173,latency_s,0.047969
1757012191.173,latency_s,0.048188
1757012191.173,latency_s,0.048145
1757012191.234,latency_s,0.086840
1757012191.234,latency_s,0.075086
1757012191.271,latency_s,0.057143
1757012191.271,latency_s,0.048724
1757012191.276,latency_s,0.053864
1757012191.276,latency_s,0.067851
1757012191.276,latency_s,0.112258
1757012191.276,latency_s,0.088644
1757012191.276,latency_s,0.052983
1757012191.276,latency_s,0.053108
1757012191.276,latency_s,0.052628
1757012191.276,latency_s,0.053170
1757012191.280,latency_s,0.053784
1757012191.280,latency_s,0.053614
1757012191.280,latency_s,0.057739
1757012191.280,latency_s,0.053703
1757012191.294,latency_s,0.046292
1757012191.307,latency_s,0.046985
1757012191.311,latency_s,0.047073
1757012191.334,latency_s,0.046533
1757012191.348,latency_s,0.190326
1757012191.348,latency_s,0.088491
1757012191.355,latency_s,0.046666
1757012191.359,latency_s,0.045843
1757012191.375,latency_s,0.052759
1757012191.375,latency_s,0.051396
1757012191.375,latency_s,0.051352
1757012191.375,latency_s,0.051453
1757012191.375,latency_s,0.049541
1757012191.375,latency_s,0.049574
1757012191.375,latency_s,0.049591
1757012191.375,latency_s,0.048795
1757012191.375,latency_s,0.048669
1757012191.375,latency_s,0.048801
1757012191.394,latency_s,0.046232
1757012191.408,latency_s,0.047712
1757012191.408,latency_s,0.047518
1757012191.411,latency_s,0.046417
1757012191.435,latency_s,0.046486
1757012191.459,latency_s,0.047129
1757012191.460,latency_s,0.045900
1757012191.475,latency_s,0.051384
1757012191.475,latency_s,0.051286
1757012191.476,latency_s,0.050516
1757012191.476,latency_s,0.050280
1757012191.476,latency_s,0.050337
1757012191.477,latency_s,0.049867
1757012191.477,latency_s,0.049338
1757012191.477,latency_s,0.049504
1757012191.477,latency_s,0.050156
1757012191.477,latency_s,0.050472
1757012191.496,latency_s,0.047039
1757012191.508,latency_s,0.047165
1757012191.508,latency_s,0.047047
1757012191.513,latency_s,0.047738
1757012191.536,latency_s,0.046922
1757012191.560,latency_s,0.047959
1757012191.561,latency_s,0.046446
1757012191.571,latency_s,0.046063
1757012191.573,latency_s,0.047311
1757012191.573,latency_s,0.047103
1757012191.573,latency_s,0.047787
1757012191.573,latency_s,0.047084
1757012191.576,latency_s,0.047913
1757012191.576,latency_s,0.048131
1757012191.576,latency_s,0.048414
1757012191.577,latency_s,0.048696
1757012191.577,latency_s,0.048131
1757012191.596,latency_s,0.047240
1757012191.610,latency_s,0.047982
1757012191.610,latency_s,0.047406
1757012191.612,latency_s,0.046255
1757012191.636,latency_s,0.046498
1757012191.662,latency_s,0.048058
1757012191.662,latency_s,0.047909
1757012191.674,latency_s,0.049576
1757012191.674,latency_s,0.048182
1757012191.675,latency_s,0.049545
1757012191.675,latency_s,0.048774
1757012191.676,latency_s,0.048777
1757012191.676,latency_s,0.047388
1757012191.676,latency_s,0.047470
1757012191.678,latency_s,0.049355
1757012191.678,latency_s,0.049576
1757012191.678,latency_s,0.049032
1757012191.698,latency_s,0.048244
1757012191.710,latency_s,0.046045
1757012191.711,latency_s,0.046317
1757012191.712,latency_s,0.046351
1757012191.737,latency_s,0.046840
1757012191.762,latency_s,0.046568
1757012191.763,latency_s,0.045894
1757012191.772,latency_s,0.046901
1757012191.773,latency_s,0.045772
1757012191.775,latency_s,0.048011
1757012191.776,latency_s,0.047431
1757012191.780,latency_s,0.050982
1757012191.780,latency_s,0.051399
1757012191.780,latency_s,0.051348
1757012191.780,latency_s,0.051257
1757012191.780,latency_s,0.050962
1757012191.780,latency_s,0.050740
1757012191.798,latency_s,0.046985
1757012191.813,latency_s,0.047326
1757012191.816,latency_s,0.046629
1757012191.816,latency_s,0.046787
1757012191.837,latency_s,0.046639
1757012191.863,latency_s,0.046782
1757012191.867,latency_s,0.046937
1757012191.871,latency_s,0.045935
1757012191.875,latency_s,0.047191
1757012191.875,latency_s,0.046883
1757012191.876,latency_s,0.047270
1757012191.878,latency_s,0.048922
1757012191.878,latency_s,0.048935
1757012191.878,latency_s,0.049024
1757012191.878,latency_s,0.048609
1757012191.879,latency_s,0.049413
1757012191.879,latency_s,0.049218
1757012191.898,latency_s,0.047016
1757012191.914,latency_s,0.046580
1757012191.917,latency_s,0.047288
1757012191.917,latency_s,0.047642
1757012191.937,latency_s,0.046250
1757012191.966,latency_s,0.048466
1757012191.966,latency_s,0.045952
1757012191.973,latency_s,0.046742
1757012191.976,latency_s,0.047792
1757012191.976,latency_s,0.047276
1757012191.976,latency_s,0.046027
1757012191.980,latency_s,0.049805
1757012191.980,latency_s,0.049984
1757012191.980,latency_s,0.050070
1757012191.980,latency_s,0.049908
1757012191.980,latency_s,0.050191
1757012191.980,latency_s,0.050058
1757012192.004,latency_s,0.046736
1757012192.015,latency_s,0.046264
1757012192.017,latency_s,0.047475
1757012192.018,latency_s,0.046964
1757012192.038,latency_s,0.046262
1757012192.064,latency_s,0.045984
1757012192.068,latency_s,0.046384
1757012192.073,latency_s,0.046765
1757012192.076,latency_s,0.046964
1757012192.076,latency_s,0.047540
1757012192.079,latency_s,0.048275
1757012192.079,latency_s,0.048165
1757012192.079,latency_s,0.048555
1757012192.079,latency_s,0.048611
1757012192.079,latency_s,0.048746
1757012192.080,latency_s,0.048682
1757012192.082,latency_s,0.050219
1757012192.104,latency_s,0.046648
1757012192.118,latency_s,0.049620
1757012192.118,latency_s,0.048056
1757012192.119,latency_s,0.047342
1757012192.138,latency_s,0.045803
1757012192.167,latency_s,0.046922
1757012192.169,latency_s,0.046181
1757012192.174,latency_s,0.046868
1757012192.176,latency_s,0.047271
1757012192.176,latency_s,0.047520
1757012192.179,latency_s,0.046946
1757012192.181,latency_s,0.048004
1757012192.181,latency_s,0.048284
1757012192.181,latency_s,0.048349
1757012192.182,latency_s,0.049292
1757012192.182,latency_s,0.048904
1757012192.184,latency_s,0.050708
1757012192.204,latency_s,0.046142
1757012192.217,latency_s,0.048158
1757012192.218,latency_s,0.047026
1757012192.218,latency_s,0.046293
1757012192.239,latency_s,0.046638
1757012192.268,latency_s,0.047031
1757012192.271,latency_s,0.046838
1757012192.275,latency_s,0.046905
1757012192.277,latency_s,0.046912
1757012192.277,latency_s,0.046888
1757012192.279,latency_s,0.046350
1757012192.281,latency_s,0.048079
1757012192.285,latency_s,0.051452
1757012192.285,latency_s,0.051906
1757012192.285,latency_s,0.051725
1757012192.285,latency_s,0.050934
1757012192.285,latency_s,0.051983
1757012192.305,latency_s,0.046774
1757012192.320,latency_s,0.049505
1757012192.320,latency_s,0.049094
1757012192.320,latency_s,0.048220
1757012192.339,latency_s,0.046555
1757012192.370,latency_s,0.048160
1757012192.371,latency_s,0.046166
1757012192.374,latency_s,0.046575
1757012192.378,latency_s,0.047116
1757012192.378,latency_s,0.047442
1757012192.384,latency_s,0.050734
1757012192.384,latency_s,0.050919
1757012192.384,latency_s,0.050530
1757012192.384,latency_s,0.050416
1757012192.384,latency_s,0.050665
1757012192.384,latency_s,0.050743
1757012192.385,latency_s,0.050406
1757012192.407,latency_s,0.046247
1757012192.419,latency_s,0.048041
1757012192.419,latency_s,0.047722
1757012192.419,latency_s,0.046302
1757012192.440,latency_s,0.046356
1757012192.469,latency_s,0.046601
1757012192.473,latency_s,0.046141
1757012192.475,latency_s,0.046423
1757012192.477,latency_s,0.046158
1757012192.483,latency_s,0.049725
1757012192.483,latency_s,0.049452
1757012192.483,latency_s,0.049139
1757012192.483,latency_s,0.049394
1757012192.483,latency_s,0.048886
1757012192.484,latency_s,0.049353
1757012192.485,latency_s,0.049690
1757012192.485,latency_s,0.049001
1757012192.509,latency_s,0.046664
1757012192.522,latency_s,0.050190
1757012192.522,latency_s,0.050399
1757012192.522,latency_s,0.049196
1757012192.540,latency_s,0.046167
1757012192.569,latency_s,0.046375
1757012192.575,latency_s,0.047554
1757012192.575,latency_s,0.046628
1757012192.578,latency_s,0.046097
1757012192.581,latency_s,0.047416
1757012192.582,latency_s,0.048079
1757012192.582,latency_s,0.048080
1757012192.585,latency_s,0.051037
1757012192.585,latency_s,0.050823
1757012192.585,latency_s,0.050174
1757012192.586,latency_s,0.050031
1757012192.586,latency_s,0.048836
1757012192.610,latency_s,0.047361
1757012192.622,latency_s,0.049728
1757012192.622,latency_s,0.049611
1757012192.622,latency_s,0.048191
1757012192.641,latency_s,0.047177
1757012192.671,latency_s,0.046475
1757012192.674,latency_s,0.046468
1757012192.676,latency_s,0.045963
1757012192.678,latency_s,0.046076
1757012192.683,latency_s,0.048862
1757012192.683,latency_s,0.048885
1757012192.683,latency_s,0.049178
1757012192.684,latency_s,0.048177
1757012192.684,latency_s,0.048002
1757012192.684,latency_s,0.048100
1757012192.684,latency_s,0.047971
1757012192.684,latency_s,0.046725
1757012192.710,latency_s,0.047169
1757012192.721,latency_s,0.047996
1757012192.721,latency_s,0.048005
1757012192.721,latency_s,0.046106
1757012192.741,latency_s,0.046305
1757012192.775,latency_s,0.046900
1757012192.778,latency_s,0.047126
1757012192.779,latency_s,0.047530
1757012192.779,latency_s,0.046410
1757012192.782,latency_s,0.048033
1757012192.783,latency_s,0.048647
1757012192.785,latency_s,0.050533
1757012192.785,latency_s,0.049290
1757012192.785,latency_s,0.048863
1757012192.785,latency_s,0.049197
1757012192.785,latency_s,0.048936
1757012192.786,latency_s,0.047531
1757012192.814,latency_s,0.048673
1757012192.820,latency_s,0.046704
1757012192.821,latency_s,0.047922
1757012192.821,latency_s,0.046192
1757012192.842,latency_s,0.046835
1757012192.877,latency_s,0.047085
1757012192.878,latency_s,0.046228
1757012192.878,latency_s,0.045442
1757012192.879,latency_s,0.046204
1757012192.881,latency_s,0.046831
1757012192.881,latency_s,0.046484
1757012192.881,latency_s,0.046484
1757012192.884,latency_s,0.047586
1757012192.884,latency_s,0.047520
1757012192.884,latency_s,0.047621
1757012192.884,latency_s,0.047361
1757012192.884,latency_s,0.045864
1757012192.913,latency_s,0.046628
1757012192.923,latency_s,0.048260
1757012192.923,latency_s,0.048118
1757012192.923,latency_s,0.047633
1757012192.942,latency_s,0.046907
1757012192.980,latency_s,0.048124
1757012192.980,latency_s,0.047143
1757012192.980,latency_s,0.046737
1757012192.981,latency_s,0.047015
1757012192.982,latency_s,0.047799
1757012192.983,latency_s,0.048025
1757012192.983,latency_s,0.047965
1757012192.985,latency_s,0.047716
1757012192.985,latency_s,0.047916
1757012192.985,latency_s,0.047920
1757012192.985,latency_s,0.047371
1757012192.986,latency_s,0.046642
1757012193.018,latency_s,0.048744
1757012193.023,latency_s,0.046862
1757012193.023,latency_s,0.046956
1757012193.023,latency_s,0.047142
1757012193.043,latency_s,0.046662
1757012193.079,latency_s,0.046752
1757012193.081,latency_s,0.045907
1757012193.082,latency_s,0.046823
1757012193.082,latency_s,0.047123
1757012193.082,latency_s,0.046757
1757012193.084,latency_s,0.048924
1757012193.084,latency_s,0.046643
1757012193.085,latency_s,0.046728
1757012193.087,latency_s,0.049593
1757012193.087,latency_s,0.049248
1757012193.087,latency_s,0.047799
1757012193.118,latency_s,0.047309
1757012193.123,latency_s,0.047125
1757012193.124,latency_s,0.047901
1757012193.124,latency_s,0.047715
1757012193.144,latency_s,0.046735
1757012193.181,latency_s,0.048190
1757012193.183,latency_s,0.047016
1757012193.183,latency_s,0.047127
1757012193.183,latency_s,0.046843
1757012193.185,latency_s,0.047712
1757012193.185,latency_s,0.047951
1757012193.185,latency_s,0.046539
1757012193.187,latency_s,0.048536
1757012193.187,latency_s,0.048515
1757012193.187,latency_s,0.048492
1757012193.187,latency_s,0.046752
1757012193.218,latency_s,0.046376
1757012193.224,latency_s,0.047312
1757012193.224,latency_s,0.047556
1757012193.224,latency_s,0.047277
1757012193.228,latency_s,0.192817
1757012193.228,latency_s,0.092331
1757012193.244,latency_s,0.046496
1757012193.282,latency_s,0.047991
1757012193.283,latency_s,0.046432
1757012193.284,latency_s,0.047561
1757012193.285,latency_s,0.047406
1757012193.285,latency_s,0.045982
1757012193.287,latency_s,0.047620
1757012193.287,latency_s,0.047655
1757012193.289,latency_s,0.046606
1757012193.290,latency_s,0.047752
1757012193.290,latency_s,0.048277
1757012193.290,latency_s,0.047750
1757012193.290,latency_s,0.047677
1757012193.319,latency_s,0.047325
1757012193.324,latency_s,0.047159
1757012193.324,latency_s,0.047309
1757012193.324,latency_s,0.046927
1757012193.345,latency_s,0.047062
1757012193.381,latency_s,0.046965
1757012193.383,latency_s,0.045612
1757012193.384,latency_s,0.046454
1757012193.387,latency_s,0.047586
1757012193.387,latency_s,0.047542
1757012193.387,latency_s,0.047773
1757012193.390,latency_s,0.047530
1757012193.390,latency_s,0.047234
1757012193.390,latency_s,0.047284
1757012193.390,latency_s,0.047546
1757012193.390,latency_s,0.047187
1757012193.419,latency_s,0.046200
1757012193.425,latency_s,0.048014
1757012193.425,latency_s,0.048013
1757012193.425,latency_s,0.047456
1757012193.445,latency_s,0.046602
1757012193.481,latency_s,0.046759
1757012193.484,latency_s,0.046365
1757012193.487,latency_s,0.046960
1757012193.487,latency_s,0.047454
1757012193.489,latency_s,0.046125
1757012193.490,latency_s,0.047015
1757012193.490,latency_s,0.047300
1757012193.491,latency_s,0.047357
1757012193.491,latency_s,0.047627
1757012193.493,latency_s,0.049429
1757012193.496,latency_s,0.046855
1757012193.520,latency_s,0.046376
1757012193.523,latency_s,0.046403
1757012193.524,latency_s,0.046739
1757012193.524,latency_s,0.046442
1757012193.545,latency_s,0.046408
1757012193.564,latency_s,0.225971
1757012193.564,latency_s,0.124864
1757012193.583,latency_s,0.047499
1757012193.584,latency_s,0.045956
1757012193.587,latency_s,0.046810
1757012193.587,latency_s,0.047081
1757012193.593,latency_s,0.048765
1757012193.593,latency_s,0.048843
1757012193.593,latency_s,0.048808
1757012193.593,latency_s,0.048749
1757012193.593,latency_s,0.048036
1757012193.593,latency_s,0.048547
1757012193.597,latency_s,0.045920
1757012193.602,latency_s,0.062559
1757012193.622,latency_s,0.045906
1757012193.625,latency_s,0.047278
1757012193.625,latency_s,0.047329
1757012193.625,latency_s,0.046235
1757012193.646,latency_s,0.047480
1757012193.684,latency_s,0.048259
1757012193.684,latency_s,0.046319
1757012193.689,latency_s,0.048652
1757012193.689,latency_s,0.047730
1757012193.689,latency_s,0.047829
1757012193.691,latency_s,0.046716
1757012193.693,latency_s,0.048692
1757012193.693,latency_s,0.048917
1757012193.693,latency_s,0.049119
1757012193.693,latency_s,0.046828
1757012193.694,latency_s,0.047190
1757012193.697,latency_s,0.045805
1757012193.723,latency_s,0.046562
1757012193.725,latency_s,0.047246
1757012193.725,latency_s,0.047385
1757012193.726,latency_s,0.046021
1757012193.747,latency_s,0.046400
1757012193.785,latency_s,0.048276
1757012193.789,latency_s,0.049435
1757012193.790,latency_s,0.048745
1757012193.790,latency_s,0.048161
1757012193.790,latency_s,0.048321
1757012193.791,latency_s,0.046562
1757012193.791,latency_s,0.046747
1757012193.793,latency_s,0.047838
1757012193.793,latency_s,0.046131
1757012193.795,latency_s,0.047693
1757012193.795,latency_s,0.047595
1757012193.798,latency_s,0.046187
1757012193.829,latency_s,0.051019
1757012193.833,latency_s,0.053743
1757012193.833,latency_s,0.052871
1757012193.833,latency_s,0.054027
1757012193.848,latency_s,0.047491
1757012193.885,latency_s,0.047545
1757012193.886,latency_s,0.046204
1757012193.890,latency_s,0.047865
1757012193.890,latency_s,0.047900
1757012193.890,latency_s,0.048010
1757012193.891,latency_s,0.045626
1757012193.893,latency_s,0.047492
1757012193.893,latency_s,0.047706
1757012193.895,latency_s,0.047502
1757012193.895,latency_s,0.047579
1757012193.896,latency_s,0.048189
1757012193.899,latency_s,0.045650
1757012193.929,latency_s,0.050040
1757012193.929,latency_s,0.049417
1757012193.929,latency_s,0.049547
1757012193.929,latency_s,0.049071
1757012193.948,latency_s,0.046944
1757012193.986,latency_s,0.048108
1757012193.987,latency_s,0.046278
1757012193.989,latency_s,0.046072
1757012193.994,latency_s,0.050960
1757012193.994,latency_s,0.050933
1757012193.995,latency_s,0.049761
1757012193.995,latency_s,0.049637
1757012193.995,latency_s,0.049522
1757012193.996,latency_s,0.047216
1757012193.996,latency_s,0.046953
1757012193.996,latency_s,0.047208
1757012194.002,latency_s,0.046660
1757012194.025,latency_s,0.046575
1757012194.028,latency_s,0.047557
1757012194.028,latency_s,0.047495
1757012194.028,latency_s,0.047916
1757012194.049,latency_s,0.046234
1757012194.085,latency_s,0.046761
1757012194.087,latency_s,0.045770
1757012194.090,latency_s,0.046237
1757012194.090,latency_s,0.046363
1757012194.094,latency_s,0.048122
1757012194.094,latency_s,0.048302
1757012194.094,latency_s,0.047720
1757012194.095,latency_s,0.048490
1757012194.096,latency_s,0.046753
1757012194.096,latency_s,0.046810
1757012194.096,latency_s,0.046974
1757012194.103,latency_s,0.046192
1757012194.132,latency_s,0.052563
1757012194.132,latency_s,0.051213
1757012194.132,latency_s,0.051147
1757012194.132,latency_s,0.051462
1757012194.150,latency_s,0.046433
1757012194.186,latency_s,0.047682
1757012194.188,latency_s,0.046314
1757012194.192,latency_s,0.047512
1757012194.193,latency_s,0.048485
1757012194.195,latency_s,0.048854
1757012194.195,latency_s,0.048934
1757012194.195,latency_s,0.048429
1757012194.195,latency_s,0.048651
1757012194.196,latency_s,0.045685
1757012194.196,latency_s,0.045796
1757012194.198,latency_s,0.047115
1757012194.205,latency_s,0.045773
1757012194.226,latency_s,0.046620
1757012194.229,latency_s,0.048038
1757012194.229,latency_s,0.048338
1757012194.230,latency_s,0.048120
1757012194.253,latency_s,0.046737
1757012194.286,latency_s,0.046823
1757012194.289,latency_s,0.046326
1757012194.291,latency_s,0.046584
1757012194.291,latency_s,0.045889
1757012194.295,latency_s,0.048215
1757012194.295,latency_s,0.047894
1757012194.295,latency_s,0.048599
1757012194.295,latency_s,0.048108
1757012194.297,latency_s,0.045919
1757012194.298,latency_s,0.046066
1757012194.298,latency_s,0.046384
1757012194.305,latency_s,0.045918
1757012194.327,latency_s,0.047395
1757012194.329,latency_s,0.047702
1757012194.330,latency_s,0.048623
1757012194.331,latency_s,0.048805
1757012194.357,latency_s,0.046697
1757012194.386,latency_s,0.046529
1757012194.389,latency_s,0.046462
1757012194.392,latency_s,0.046651
1757012194.395,latency_s,0.048415
1757012194.395,latency_s,0.048230
1757012194.397,latency_s,0.049289
1757012194.397,latency_s,0.049386
1757012194.397,latency_s,0.049798
1757012194.398,latency_s,0.046608
1757012194.398,latency_s,0.046181
1757012194.399,latency_s,0.046804
1757012194.406,latency_s,0.046280
1757012194.427,latency_s,0.047451
1757012194.430,latency_s,0.046949
1757012194.430,latency_s,0.046426
1757012194.432,latency_s,0.046511
1757012194.459,latency_s,0.046590
1757012194.487,latency_s,0.046912
1757012194.490,latency_s,0.046395
1757012194.492,latency_s,0.045804
1757012194.494,latency_s,0.047065
1757012194.500,latency_s,0.052527
1757012194.500,latency_s,0.049020
1757012194.500,latency_s,0.048941
1757012194.500,latency_s,0.048520
1757012194.500,latency_s,0.047572
1757012194.501,latency_s,0.046680
1757012194.502,latency_s,0.047611
1757012194.506,latency_s,0.045997
1757012194.527,latency_s,0.047308
1757012194.529,latency_s,0.045881
1757012194.533,latency_s,0.047512
1757012194.533,latency_s,0.047035
1757012194.560,latency_s,0.047332
1757012194.588,latency_s,0.046632
1757012194.590,latency_s,0.046648
1757012194.592,latency_s,0.046170
1757012194.596,latency_s,0.047800
1757012194.601,latency_s,0.049103
1757012194.601,latency_s,0.049487
1757012194.601,latency_s,0.048089
1757012194.601,latency_s,0.047373
1757012194.602,latency_s,0.046737
1757012194.607,latency_s,0.046073
1757012194.627,latency_s,0.046779
1757012194.629,latency_s,0.046021
1757012194.633,latency_s,0.047347
1757012194.633,latency_s,0.046840
1757012194.660,latency_s,0.046395
1757012194.690,latency_s,0.047962
1757012194.690,latency_s,0.046089
1757012194.693,latency_s,0.046575
1757012194.694,latency_s,0.045290
1757012194.700,latency_s,0.047144
1757012194.702,latency_s,0.048152
1757012194.702,latency_s,0.048701
1757012194.702,latency_s,0.046468
1757012194.702,latency_s,0.046526
1757012194.708,latency_s,0.046356
1757012194.728,latency_s,0.046619
1757012194.730,latency_s,0.046929
1757012194.733,latency_s,0.046322
1757012194.733,latency_s,0.045583
1757012194.737,latency_s,0.182649
1757012194.739,latency_s,0.083034
1757012194.739,latency_s,0.186956
1757012194.740,latency_s,0.086365
1757012194.766,latency_s,0.046589
1757012194.789,latency_s,0.046395
1757012194.791,latency_s,0.047105
1757012194.793,latency_s,0.045712
1757012194.796,latency_s,0.046047
1757012194.800,latency_s,0.046398
1757012194.800,latency_s,0.046526
1757012194.802,latency_s,0.047895
1757012194.802,latency_s,0.047854
1757012194.804,latency_s,0.047822
1757012194.804,latency_s,0.047442
1757012194.804,latency_s,0.046928
1757012194.808,latency_s,0.046100
1757012194.829,latency_s,0.047369
1757012194.831,latency_s,0.046735
1757012194.834,latency_s,0.046262
1757012194.834,latency_s,0.046975
1757012194.868,latency_s,0.046614
1757012194.890,latency_s,0.047283
1757012194.937,latency_s,0.091729
1757012194.937,latency_s,0.088907
1757012194.937,latency_s,0.086485
1757012194.937,latency_s,0.082525
1757012194.937,latency_s,0.081589
1757012194.937,latency_s,0.081416
1757012194.937,latency_s,0.081632
1757012194.937,latency_s,0.079748
1757012194.937,latency_s,0.074238
1757012194.937,latency_s,0.074194
1757012194.937,latency_s,0.074374
1757012194.937,latency_s,0.054670
1757012194.937,latency_s,0.052616
1757012194.937,latency_s,0.049652
1757012194.937,latency_s,0.048870
1757012194.970,latency_s,0.047425
1757012194.992,latency_s,0.047037
1757012194.992,latency_s,0.046452
1757012194.995,latency_s,0.046423
1757012194.997,latency_s,0.046246
1757012195.003,latency_s,0.047869
1757012195.003,latency_s,0.046961
1757012195.004,latency_s,0.047792
1757012195.004,latency_s,0.047425
1757012195.005,latency_s,0.047247
1757012195.011,latency_s,0.047086
1757012195.028,latency_s,0.064309
1757012195.028,latency_s,0.063586
1757012195.029,latency_s,0.046107
1757012195.033,latency_s,0.047402
1757012195.035,latency_s,0.047234
1757012195.041,latency_s,0.052483
1757012195.075,latency_s,0.046294
1757012195.091,latency_s,0.046134
1757012195.093,latency_s,0.046867
1757012195.095,latency_s,0.045854
1757012195.097,latency_s,0.045859
1757012195.101,latency_s,0.045442
1757012195.103,latency_s,0.046323
1757012195.103,latency_s,0.046427
1757012195.104,latency_s,0.045683
1757012195.108,latency_s,0.046525
1757012195.111,latency_s,0.047546
1757012195.111,latency_s,0.047682
1757012195.111,latency_s,0.046513
1757012195.130,latency_s,0.046082
1757012195.132,latency_s,0.046262
1757012195.135,latency_s,0.045923
1757012195.136,latency_s,0.046350
1757012195.176,latency_s,0.046767
1757012195.192,latency_s,0.046193
1757012195.193,latency_s,0.045932
1757012195.196,latency_s,0.045912
1757012195.199,latency_s,0.046569
1757012195.204,latency_s,0.046588
1757012195.204,latency_s,0.046220
1757012195.205,latency_s,0.047601
1757012195.206,latency_s,0.045959
1757012195.208,latency_s,0.045721
1757012195.211,latency_s,0.046078
1757012195.211,latency_s,0.046308
1757012195.212,latency_s,0.046425
1757012195.230,latency_s,0.045984
1757012195.233,latency_s,0.047065
1757012195.235,latency_s,0.046152
1757012195.238,latency_s,0.046152
1757012195.277,latency_s,0.046499
1757012195.294,latency_s,0.047309
1757012195.295,latency_s,0.047829
1757012195.296,latency_s,0.045985
1757012195.298,latency_s,0.045909
1757012195.304,latency_s,0.045946
1757012195.305,latency_s,0.045928
1757012195.305,latency_s,0.045954
1757012195.307,latency_s,0.045495
1757012195.310,latency_s,0.046538
1757012195.311,latency_s,0.046097
1757012195.312,latency_s,0.046360
1757012195.313,latency_s,0.047479
1757012195.332,latency_s,0.046539
1757012195.333,latency_s,0.046883
1757012195.338,latency_s,0.047834
1757012195.338,latency_s,0.045904
1757012195.378,latency_s,0.046731
1757012195.396,latency_s,0.048469
1757012195.396,latency_s,0.048535
1757012195.397,latency_s,0.046198
1757012195.404,latency_s,0.046198
1757012195.405,latency_s,0.046674
1757012195.410,latency_s,0.047171
1757012195.410,latency_s,0.046323
1757012195.412,latency_s,0.048282
1757012195.412,latency_s,0.048209
1757012195.413,latency_s,0.047395
1757012195.413,latency_s,0.047195
1757012195.413,latency_s,0.046941
1757012195.433,latency_s,0.047463
1757012195.433,latency_s,0.046624
1757012195.438,latency_s,0.047470
1757012195.438,latency_s,0.045778
1757012195.481,latency_s,0.047193
1757012195.495,latency_s,0.048000
1757012195.496,latency_s,0.047917
1757012195.498,latency_s,0.046073
1757012195.504,latency_s,0.045226
1757012195.508,latency_s,0.045663
1757012195.511,latency_s,0.046728
1757012195.511,latency_s,0.046585
1757012195.513,latency_s,0.047648
1757012195.513,latency_s,0.048064
1757012195.513,latency_s,0.047052
1757012195.513,latency_s,0.046763
1757012195.514,latency_s,0.047992
1757012195.534,latency_s,0.048523
1757012195.535,latency_s,0.047721
1757012195.538,latency_s,0.046517
1757012195.540,latency_s,0.046762
1757012195.581,latency_s,0.046428
1757012195.594,latency_s,0.046075
1757012195.595,latency_s,0.046513
1757012195.598,latency_s,0.045986
1757012195.606,latency_s,0.046305
1757012195.609,latency_s,0.046465
1757012195.612,latency_s,0.046591
1757012195.612,latency_s,0.047090
1757012195.612,latency_s,0.046979
1757012195.614,latency_s,0.047791
1757012195.614,latency_s,0.048982
1757012195.615,latency_s,0.047734
1757012195.615,latency_s,0.047826
1757012195.634,latency_s,0.047152
1757012195.634,latency_s,0.046990
1757012195.639,latency_s,0.045956
1757012195.641,latency_s,0.046022
1757012195.686,latency_s,0.046824
1757012195.696,latency_s,0.047083
1757012195.696,latency_s,0.047022
1757012195.699,latency_s,0.045787
1757012195.707,latency_s,0.046689
1757012195.710,latency_s,0.046702
1757012195.711,latency_s,0.045792
1757012195.712,latency_s,0.046059
1757012195.712,latency_s,0.046101
1757012195.713,latency_s,0.046758
1757012195.713,latency_s,0.046429
1757012195.713,latency_s,0.046013
1757012195.714,latency_s,0.046697
1757012195.735,latency_s,0.047321
1757012195.735,latency_s,0.047436
1757012195.740,latency_s,0.046270
1757012195.741,latency_s,0.045688
1757012195.787,latency_s,0.046766
1757012195.796,latency_s,0.046957
1757012195.797,latency_s,0.047270
1757012195.800,latency_s,0.046304
1757012195.807,latency_s,0.046578
1757012195.812,latency_s,0.046620
1757012195.812,latency_s,0.046421
1757012195.814,latency_s,0.047841
1757012195.814,latency_s,0.047676
1757012195.814,latency_s,0.047432
1757012195.814,latency_s,0.047151
1757012195.814,latency_s,0.045681
1757012195.815,latency_s,0.046657
1757012195.835,latency_s,0.046670
1757012195.836,latency_s,0.046760
1757012195.841,latency_s,0.046066
1757012195.842,latency_s,0.046142
1757012195.887,latency_s,0.046825
1757012195.896,latency_s,0.046965
1757012195.897,latency_s,0.046913
1757012195.902,latency_s,0.046223
1757012195.907,latency_s,0.046168
1757012195.914,latency_s,0.048728
1757012195.915,latency_s,0.048597
1757012195.915,latency_s,0.048512
1757012195.951,latency_s,0.084187
1757012195.951,latency_s,0.084141
1757012195.951,latency_s,0.083960
1757012195.951,latency_s,0.082406
1757012195.951,latency_s,0.082223
1757012195.951,latency_s,0.062215
1757012195.951,latency_s,0.060556
1757012195.951,latency_s,0.055644
1757012195.951,latency_s,0.054497
1757012195.989,latency_s,0.047546
1757012195.996,latency_s,0.046530
1757012195.997,latency_s,0.046729
1757012196.003,latency_s,0.046133
1757012196.007,latency_s,0.045443
1757012196.015,latency_s,0.048074
1757012196.015,latency_s,0.048045
1757012196.015,latency_s,0.048110
1757012196.015,latency_s,0.047844
1757012196.017,latency_s,0.049744
1757012196.023,latency_s,0.055887
1757012196.023,latency_s,0.053970
1757012196.024,latency_s,0.054117
1757012196.037,latency_s,0.046887
1757012196.040,latency_s,0.046428
1757012196.044,latency_s,0.046920
1757012196.044,latency_s,0.046088
1757012196.089,latency_s,0.046759
1757012196.146,latency_s,0.095686
1757012196.146,latency_s,0.094987
1757012196.146,latency_s,0.088634
1757012196.146,latency_s,0.083267
1757012196.146,latency_s,0.078325
1757012196.146,latency_s,0.078155
1757012196.146,latency_s,0.077621
1757012196.146,latency_s,0.078125
1757012196.146,latency_s,0.076478
1757012196.146,latency_s,0.076280
1757012196.146,latency_s,0.076426
1757012196.146,latency_s,0.076412
1757012196.146,latency_s,0.054955
1757012196.146,latency_s,0.052488
1757012196.153,latency_s,0.055584
1757012196.154,latency_s,0.054576
1757012196.189,latency_s,0.046768
1757012196.198,latency_s,0.047490
1757012196.198,latency_s,0.046777
1757012196.206,latency_s,0.046649
1757012196.210,latency_s,0.046837
1757012196.215,latency_s,0.046472
1757012196.226,latency_s,0.057609
1757012196.226,latency_s,0.056811
1757012196.226,latency_s,0.056837
1757012196.226,latency_s,0.056550
1757012196.226,latency_s,0.056422
1757012196.226,latency_s,0.056221
1757012196.227,latency_s,0.056412
1757012196.239,latency_s,0.046853
1757012196.242,latency_s,0.046805
1757012196.247,latency_s,0.047018
1757012196.248,latency_s,0.047058
1757012196.291,latency_s,0.047082
1757012196.297,latency_s,0.046108
1757012196.299,latency_s,0.046356
1757012196.306,latency_s,0.046160
1757012196.311,latency_s,0.046813
1757012196.315,latency_s,0.046666
1757012196.316,latency_s,0.047327
1757012196.319,latency_s,0.048867
1757012196.327,latency_s,0.056556
1757012196.327,latency_s,0.056308
1757012196.327,latency_s,0.056496
1757012196.327,latency_s,0.056315
1757012196.327,latency_s,0.056343
1757012196.339,latency_s,0.046308
1757012196.343,latency_s,0.047172
1757012196.347,latency_s,0.046956
1757012196.349,latency_s,0.046369
1757012196.391,latency_s,0.046571
1757012196.398,latency_s,0.046200
1757012196.401,latency_s,0.046718
1757012196.408,latency_s,0.046201
1757012196.410,latency_s,0.045805
1757012196.416,latency_s,0.046471
1757012196.416,latency_s,0.046410
1757012196.420,latency_s,0.049186
1757012196.427,latency_s,0.056295
1757012196.427,latency_s,0.056142
1757012196.427,latency_s,0.055345
1757012196.427,latency_s,0.055708
1757012196.427,latency_s,0.055960
1757012196.442,latency_s,0.046815
1757012196.443,latency_s,0.046556
1757012196.447,latency_s,0.046204
1757012196.448,latency_s,0.045766
1757012196.493,latency_s,0.046821
1757012196.498,latency_s,0.046045
1757012196.501,latency_s,0.046491
1757012196.511,latency_s,0.047660
1757012196.512,latency_s,0.046966
1757012196.520,latency_s,0.049308
1757012196.520,latency_s,0.048212
1757012196.520,latency_s,0.048486
1757012196.520,latency_s,0.048038
1757012196.529,latency_s,0.056832
1757012196.529,latency_s,0.056831
1757012196.529,latency_s,0.056926
1757012196.529,latency_s,0.056450
1757012196.544,latency_s,0.047215
1757012196.592,latency_s,0.094644
1757012196.592,latency_s,0.090666
1757012196.592,latency_s,0.088547
1757012196.629,latency_s,0.081286
1757012196.629,latency_s,0.075934
1757012196.629,latency_s,0.073916
1757012196.629,latency_s,0.064617
1757012196.629,latency_s,0.063720
1757012196.629,latency_s,0.058342
1757012196.629,latency_s,0.057347
1757012196.629,latency_s,0.057468
1757012196.629,latency_s,0.056828
1757012196.629,latency_s,0.057122
1757012196.629,latency_s,0.056727
1757012196.630,latency_s,0.057553
1757012196.630,latency_s,0.057096
1757012196.645,latency_s,0.046655
1757012196.645,latency_s,0.046899
1757012196.649,latency_s,0.046415
1757012196.650,latency_s,0.046303
1757012196.696,latency_s,0.047568
1757012196.701,latency_s,0.046838
1757012196.703,latency_s,0.047300
1757012196.712,latency_s,0.046243
1757012196.716,latency_s,0.046836
1757012196.717,latency_s,0.046236
1757012196.719,latency_s,0.046928
1757012196.733,latency_s,0.060418
1757012196.733,latency_s,0.060082
1757012196.733,latency_s,0.059819
1757012196.733,latency_s,0.059487
1757012196.733,latency_s,0.059436
1757012196.733,latency_s,0.059287
1757012196.747,latency_s,0.046724
1757012196.747,latency_s,0.047108
1757012196.753,latency_s,0.050237
1757012196.753,latency_s,0.046998
1757012196.796,latency_s,0.046684
1757012196.799,latency_s,0.045343
1757012196.804,latency_s,0.046538
1757012196.813,latency_s,0.046118
1757012196.818,latency_s,0.046887
1757012196.818,latency_s,0.046079
1757012196.818,latency_s,0.045813
1757012196.884,latency_s,0.111635
1757012196.884,latency_s,0.111690
1757012196.885,latency_s,0.111104
1757012196.885,latency_s,0.111364
1757012196.885,latency_s,0.111214
1757012196.885,latency_s,0.110889
1757012196.885,latency_s,0.083916
1757012196.885,latency_s,0.082925
1757012196.885,latency_s,0.082083
1757012196.885,latency_s,0.078143
1757012196.896,latency_s,0.046504
1757012196.901,latency_s,0.046545
1757012196.923,latency_s,0.062939
1757012196.923,latency_s,0.055632
1757012196.923,latency_s,0.050183
1757012196.923,latency_s,0.050102
1757012196.923,latency_s,0.049878
1757012196.923,latency_s,0.049994
1757012196.923,latency_s,0.050409
1757012196.923,latency_s,0.048384
1757012196.923,latency_s,0.048332
1757012196.938,latency_s,0.062561
1757012196.938,latency_s,0.062619
1757012196.948,latency_s,0.046356
1757012196.959,latency_s,0.055764
1757012196.959,latency_s,0.055552
1757012196.959,latency_s,0.051111
1757012196.997,latency_s,0.046608
1757012197.002,latency_s,0.046770
1757012197.007,latency_s,0.046189
1757012197.014,latency_s,0.046252
1757012197.022,latency_s,0.048727
1757012197.024,latency_s,0.050994
1757012197.033,latency_s,0.059822
1757012197.033,latency_s,0.060047
1757012197.033,latency_s,0.059750
1757012197.033,latency_s,0.057473
1757012197.033,latency_s,0.057435
1757012197.033,latency_s,0.056953
1757012197.033,latency_s,0.056876
1757012197.051,latency_s,0.047616
1757012197.051,latency_s,0.047411
1757012197.057,latency_s,0.053904
1757012197.058,latency_s,0.048985
1757012197.098,latency_s,0.047235
1757012197.102,latency_s,0.046596
1757012197.109,latency_s,0.047563
1757012197.115,latency_s,0.046257
1757012197.124,latency_s,0.049855
1757012197.134,latency_s,0.059746
1757012197.134,latency_s,0.060086
1757012197.134,latency_s,0.060150
1757012197.134,latency_s,0.057525
1757012197.134,latency_s,0.057219
1757012197.134,latency_s,0.057300
1757012197.134,latency_s,0.057212
1757012197.134,latency_s,0.057187
1757012197.152,latency_s,0.047647
1757012197.152,latency_s,0.047849
1757012197.152,latency_s,0.047416
1757012197.159,latency_s,0.049914
1757012197.199,latency_s,0.047006
1757012197.202,latency_s,0.045722
1757012197.212,latency_s,0.046705
1757012197.216,latency_s,0.047525
1757012197.220,latency_s,0.045860
1757012197.222,latency_s,0.047680
1757012197.235,latency_s,0.059546
1757012197.235,latency_s,0.058826
1757012197.235,latency_s,0.057975
1757012197.235,latency_s,0.057749
1757012197.235,latency_s,0.057756
1757012197.235,latency_s,0.057456
1757012197.235,latency_s,0.056958
1757012197.255,latency_s,0.048807
1757012197.255,latency_s,0.048803
1757012197.256,latency_s,0.047994
1757012197.259,latency_s,0.049294
1757012197.299,latency_s,0.047254
1757012197.304,latency_s,0.046574
1757012197.314,latency_s,0.047969
1757012197.317,latency_s,0.046925
1757012197.321,latency_s,0.046690
1757012197.322,latency_s,0.046618
1757012197.323,latency_s,0.046033
1757012197.335,latency_s,0.056844
1757012197.335,latency_s,0.056936
1757012197.335,latency_s,0.057006
1757012197.335,latency_s,0.056479
1757012197.335,latency_s,0.056619
1757012197.335,latency_s,0.056456
1757012197.356,latency_s,0.048119
1757012197.357,latency_s,0.047809
1757012197.357,latency_s,0.048570
1757012197.400,latency_s,0.047630
1757012197.406,latency_s,0.046408
1757012197.414,latency_s,0.047400
1757012197.417,latency_s,0.046601
1757012197.422,latency_s,0.046232
1757012197.424,latency_s,0.048547
1757012197.424,latency_s,0.046685
1757012197.424,latency_s,0.045783
1757012197.437,latency_s,0.058094
1757012197.437,latency_s,0.058126
1757012197.437,latency_s,0.057003
1757012197.437,latency_s,0.056818
1757012197.437,latency_s,0.056794
1757012197.459,latency_s,0.049089
1757012197.459,latency_s,0.049750
1757012197.460,latency_s,0.046610
1757012197.500,latency_s,0.190109
1757012197.500,latency_s,0.089448
1757012197.500,latency_s,0.047090
1757012197.506,latency_s,0.046441
1757012197.514,latency_s,0.046711
1757012197.517,latency_s,0.046072
1757012197.523,latency_s,0.046661
1757012197.523,latency_s,0.046668
1757012197.525,latency_s,0.047063
1757012197.536,latency_s,0.057369
1757012197.536,latency_s,0.057208
1757012197.536,latency_s,0.055197
1757012197.536,latency_s,0.055152
1757012197.536,latency_s,0.055237
1757012197.536,latency_s,0.055151
1757012197.556,latency_s,0.046115
1757012197.558,latency_s,0.046581
1757012197.558,latency_s,0.046206
1757012197.560,latency_s,0.047172
1757012197.602,latency_s,0.046978
1757012197.606,latency_s,0.046256
1757012197.616,latency_s,0.047539
1757012197.617,latency_s,0.045948
1757012197.623,latency_s,0.045825
1757012197.624,latency_s,0.046852
1757012197.626,latency_s,0.047497
1757012197.626,latency_s,0.047558
1757012197.627,latency_s,0.047566
1757012197.637,latency_s,0.055060
1757012197.637,latency_s,0.055214
1757012197.637,latency_s,0.055103
1757012197.658,latency_s,0.046688
1757012197.660,latency_s,0.047412
1757012197.661,latency_s,0.047637
1757012197.662,latency_s,0.046311
1757012197.702,latency_s,0.046667
1757012197.710,latency_s,0.049490
1757012197.715,latency_s,0.046341
1757012197.718,latency_s,0.045970
1757012197.727,latency_s,0.049696
1757012197.727,latency_s,0.049615
1757012197.727,latency_s,0.047879
1757012197.727,latency_s,0.047689
1757012197.727,latency_s,0.047799
1757012197.729,latency_s,0.046348
1757012197.737,latency_s,0.054458
1757012197.737,latency_s,0.054690
1757012197.761,latency_s,0.049211
1757012197.761,latency_s,0.047757
1757012197.761,latency_s,0.047650
1757012197.763,latency_s,0.046505
1757012197.771,latency_s,0.189369
1757012197.771,latency_s,0.088844
1757012197.802,latency_s,0.047123
1757012197.808,latency_s,0.046890
1757012197.816,latency_s,0.046568
1757012197.820,latency_s,0.047672
1757012197.824,latency_s,0.045934
1757012197.825,latency_s,0.046486
1757012197.825,latency_s,0.046163
1757012197.828,latency_s,0.047854
1757012197.828,latency_s,0.047918
1757012197.833,latency_s,0.048705
1757012197.833,latency_s,0.048816
1757012197.838,latency_s,0.053539
1757012197.838,latency_s,0.053780
1757012197.859,latency_s,0.046774
1757012197.861,latency_s,0.047343
1757012197.861,latency_s,0.047640
1757012197.864,latency_s,0.046503
1757012197.903,latency_s,0.047938
1757012197.909,latency_s,0.047644
1757012197.917,latency_s,0.046714
1757012197.919,latency_s,0.045819
1757012197.925,latency_s,0.046562
1757012197.927,latency_s,0.047225
1757012197.927,latency_s,0.046853
1757012197.927,latency_s,0.047059
1757012197.928,latency_s,0.048256
1757012197.931,latency_s,0.046698
1757012197.932,latency_s,0.047405
1757012197.939,latency_s,0.054233
1757012197.939,latency_s,0.054094
1757012197.959,latency_s,0.046317
1757012197.960,latency_s,0.045624
1757012197.962,latency_s,0.047791
1757012197.964,latency_s,0.046169
1757012198.004,latency_s,0.047670
1757012198.010,latency_s,0.047782
1757012198.018,latency_s,0.046787
1757012198.021,latency_s,0.047078
1757012198.025,latency_s,0.046258
1757012198.027,latency_s,0.046808
1757012198.028,latency_s,0.048015
1757012198.028,latency_s,0.048020
1757012198.076,latency_s,0.094974
1757012198.076,latency_s,0.090501
1757012198.076,latency_s,0.090561
1757012198.076,latency_s,0.090583
1757012198.076,latency_s,0.090104
1757012198.076,latency_s,0.063319
1757012198.076,latency_s,0.060904
1757012198.076,latency_s,0.061016
1757012198.076,latency_s,0.057684
1757012198.104,latency_s,0.046658
1757012198.109,latency_s,0.046499
1757012198.121,latency_s,0.046856
1757012198.122,latency_s,0.045974
1757012198.129,latency_s,0.049105
1757012198.129,latency_s,0.048645
1757012198.129,latency_s,0.048478
1757012198.129,latency_s,0.048346
1757012198.129,latency_s,0.047348
1757012198.140,latency_s,0.053950
1757012198.140,latency_s,0.054109
1757012198.140,latency_s,0.054156
1757012198.140,latency_s,0.054088
1757012198.161,latency_s,0.047264
1757012198.163,latency_s,0.046651
1757012198.163,latency_s,0.045937
1757012198.171,latency_s,0.046410
1757012198.204,latency_s,0.046409
1757012198.210,latency_s,0.046414
1757012198.223,latency_s,0.047606
1757012198.223,latency_s,0.046628
1757012198.228,latency_s,0.047713
1757012198.228,latency_s,0.047449
1757012198.229,latency_s,0.047960
1757012198.229,latency_s,0.048182
1757012198.229,latency_s,0.046689
1757012198.240,latency_s,0.053757
1757012198.240,latency_s,0.053884
1757012198.240,latency_s,0.053416
1757012198.240,latency_s,0.053540
1757012198.262,latency_s,0.047494
1757012198.267,latency_s,0.050235
1757012198.267,latency_s,0.049761
1757012198.273,latency_s,0.045866
1757012198.305,latency_s,0.047122
1757012198.310,latency_s,0.046466
1757012198.323,latency_s,0.047039
1757012198.324,latency_s,0.046223
1757012198.327,latency_s,0.046530
1757012198.328,latency_s,0.047043
1757012198.328,latency_s,0.047208
1757012198.330,latency_s,0.049117
1757012198.331,latency_s,0.047795
1757012198.341,latency_s,0.054028
1757012198.341,latency_s,0.052181
1757012198.341,latency_s,0.052207
1757012198.341,latency_s,0.051889
1757012198.361,latency_s,0.046825
1757012198.367,latency_s,0.048394
1757012198.368,latency_s,0.047568
1757012198.373,latency_s,0.045668
1757012198.405,latency_s,0.046746
1757012198.410,latency_s,0.046229
1757012198.424,latency_s,0.047434
1757012198.424,latency_s,0.045582
1757012198.428,latency_s,0.047014
1757012198.428,latency_s,0.046653
1757012198.431,latency_s,0.049459
1757012198.431,latency_s,0.049233
1757012198.431,latency_s,0.047866
1757012198.434,latency_s,0.045851
1757012198.441,latency_s,0.050958
1757012198.441,latency_s,0.050705
1757012198.441,latency_s,0.050612
1757012198.461,latency_s,0.046087
1757012198.468,latency_s,0.047699
1757012198.468,latency_s,0.048275
1757012198.475,latency_s,0.046978
1757012198.507,latency_s,0.047752
1757012198.512,latency_s,0.047269
1757012198.525,latency_s,0.047165
1757012198.530,latency_s,0.048200
1757012198.530,latency_s,0.048033
1757012198.530,latency_s,0.047591
1757012198.530,latency_s,0.048045
1757012198.532,latency_s,0.049818
1757012198.532,latency_s,0.047819
1757012198.534,latency_s,0.046229
1757012198.542,latency_s,0.051937
1757012198.543,latency_s,0.051903
1757012198.543,latency_s,0.051920
1757012198.562,latency_s,0.046687
1757012198.568,latency_s,0.047431
1757012198.568,latency_s,0.047626
1757012198.577,latency_s,0.046244
1757012198.606,latency_s,0.046419
1757012198.611,latency_s,0.046260
1757012198.625,latency_s,0.046977
1757012198.629,latency_s,0.047314
1757012198.629,latency_s,0.047274
1757012198.629,latency_s,0.047019
1757012198.631,latency_s,0.049112
1757012198.632,latency_s,0.048865
1757012198.632,latency_s,0.046828
1757012198.635,latency_s,0.045974
1757012198.642,latency_s,0.051541
1757012198.642,latency_s,0.050648
1757012198.642,latency_s,0.048829
1757012198.662,latency_s,0.046353
1757012198.668,latency_s,0.046640
1757012198.669,latency_s,0.046937
1757012198.678,latency_s,0.046937
1757012198.707,latency_s,0.046606
1757012198.714,latency_s,0.048392
1757012198.726,latency_s,0.046442
1757012198.730,latency_s,0.048295
1757012198.731,latency_s,0.047906
1757012198.735,latency_s,0.046698
1757012198.735,latency_s,0.046549
1757012198.737,latency_s,0.047825
1757012198.738,latency_s,0.049347
1757012198.738,latency_s,0.047169
1757012198.738,latency_s,0.047574
1757012198.739,latency_s,0.046823
1757012198.743,latency_s,0.048016
1757012198.763,latency_s,0.046724
1757012198.770,latency_s,0.047727
1757012198.770,latency_s,0.046836
1757012198.780,latency_s,0.046373
1757012198.807,latency_s,0.046149
1757012198.814,latency_s,0.047781
1757012198.827,latency_s,0.046755
1757012198.830,latency_s,0.046530
1757012198.830,latency_s,0.046920
1757012198.837,latency_s,0.047771
1757012198.837,latency_s,0.047827
1757012198.837,latency_s,0.047577
1757012198.838,latency_s,0.049178
1757012198.838,latency_s,0.047493
1757012198.839,latency_s,0.048260
1757012198.840,latency_s,0.046189
1757012198.842,latency_s,0.046241
1757012198.864,latency_s,0.047429
1757012198.869,latency_s,0.045999
1757012198.869,latency_s,0.045705
1757012198.881,latency_s,0.047062
1757012198.910,latency_s,0.047270
1757012198.913,latency_s,0.046062
1757012198.926,latency_s,0.046201
1757012198.931,latency_s,0.047050
1757012198.931,latency_s,0.047268
1757012198.937,latency_s,0.047061
1757012198.938,latency_s,0.048487
1757012198.941,latency_s,0.050233
1757012198.941,latency_s,0.050314
1757012198.941,latency_s,0.048527
1757012198.941,latency_s,0.047067
1757012198.942,latency_s,0.047626
1757012198.946,latency_s,0.050346
1757012198.965,latency_s,0.047335
1757012198.971,latency_s,0.046910
1757012198.973,latency_s,0.047318
1757012198.983,latency_s,0.046385
1757012199.010,latency_s,0.046294
1757012199.015,latency_s,0.047263
1757012199.027,latency_s,0.046030
1757012199.030,latency_s,0.046091
1757012199.032,latency_s,0.047533
1757012199.037,latency_s,0.046193
1757012199.041,latency_s,0.050263
1757012199.041,latency_s,0.049865
1757012199.041,latency_s,0.050006
1757012199.041,latency_s,0.047449
1757012199.041,latency_s,0.046401
1757012199.041,latency_s,0.046513
1757012199.043,latency_s,0.046626
1757012199.064,latency_s,0.046911
1757012199.071,latency_s,0.046825
1757012199.073,latency_s,0.046895
1757012199.146,latency_s,0.108957
1757012199.146,latency_s,0.082318
1757012199.146,latency_s,0.077085
1757012199.146,latency_s,0.064273
1757012199.146,latency_s,0.061253
1757012199.146,latency_s,0.061126
1757012199.146,latency_s,0.055040
1757012199.146,latency_s,0.055479
1757012199.146,latency_s,0.054721
1757012199.146,latency_s,0.054744
1757012199.146,latency_s,0.052768
1757012199.146,latency_s,0.051152
1757012199.146,latency_s,0.051221
1757012199.146,latency_s,0.048236
1757012199.166,latency_s,0.048118
1757012199.172,latency_s,0.046901
1757012199.173,latency_s,0.046597
1757012199.184,latency_s,0.046150
1757012199.212,latency_s,0.048365
1757012199.216,latency_s,0.046195
1757012199.230,latency_s,0.047518
1757012199.232,latency_s,0.046149
1757012199.236,latency_s,0.047018
1757012199.241,latency_s,0.049070
1757012199.241,latency_s,0.049111
1757012199.241,latency_s,0.049001
1757012199.248,latency_s,0.055146
1757012199.248,latency_s,0.052859
1757012199.248,latency_s,0.051860
1757012199.248,latency_s,0.051906
1757012199.248,latency_s,0.049016
1757012199.266,latency_s,0.047076
1757012199.273,latency_s,0.046780
1757012199.274,latency_s,0.047248
1757012199.285,latency_s,0.046046
1757012199.310,latency_s,0.046083
1757012199.319,latency_s,0.048726
1757012199.329,latency_s,0.046601
1757012199.331,latency_s,0.045490
1757012199.335,latency_s,0.046101
1757012199.342,latency_s,0.049482
1757012199.342,latency_s,0.048939
1757012199.342,latency_s,0.049647
1757012199.342,latency_s,0.049731
1757012199.345,latency_s,0.047989
1757012199.355,latency_s,0.057811
1757012199.356,latency_s,0.057907
1757012199.356,latency_s,0.055923
1757012199.367,latency_s,0.048320
1757012199.374,latency_s,0.047875
1757012199.374,latency_s,0.047197
1757012199.385,latency_s,0.046755
1757012199.411,latency_s,0.046242
1757012199.420,latency_s,0.048286
1757012199.431,latency_s,0.047559
1757012199.433,latency_s,0.046556
1757012199.437,latency_s,0.046164
1757012199.440,latency_s,0.047247
1757012199.440,latency_s,0.046791
1757012199.442,latency_s,0.048328
1757012199.442,latency_s,0.048317
1757012199.446,latency_s,0.046772
1757012199.447,latency_s,0.048204
1757012199.447,latency_s,0.048247
1757012199.447,latency_s,0.046633
1757012199.467,latency_s,0.047801
1757012199.476,latency_s,0.047748
1757012199.476,latency_s,0.047519
1757012199.487,latency_s,0.047397
1757012199.511,latency_s,0.046600
1757012199.519,latency_s,0.047010
1757012199.530,latency_s,0.046479
1757012199.533,latency_s,0.045896
1757012199.538,latency_s,0.046371
1757012199.540,latency_s,0.046891
1757012199.542,latency_s,0.047655
1757012199.542,latency_s,0.048187
1757012199.542,latency_s,0.048291
1757012199.546,latency_s,0.045958
1757012199.547,latency_s,0.046865
1757012199.556,latency_s,0.055558
1757012199.556,latency_s,0.054680
1757012199.566,latency_s,0.046318
1757012199.576,latency_s,0.047208
1757012199.576,latency_s,0.047266
1757012199.587,latency_s,0.046692
1757012199.612,latency_s,0.047122
1757012199.620,latency_s,0.047287
1757012199.631,latency_s,0.046624
1757012199.633,latency_s,0.045631
1757012199.639,latency_s,0.046497
1757012199.641,latency_s,0.046968
1757012199.641,latency_s,0.046536
1757012199.641,latency_s,0.046435
1757012199.643,latency_s,0.048165
1757012199.649,latency_s,0.048348
1757012199.649,latency_s,0.048286
1757012199.649,latency_s,0.047336
1757012199.651,latency_s,0.048893
1757012199.667,latency_s,0.046578
1757012199.675,latency_s,0.046360
1757012199.677,latency_s,0.047493
1757012199.687,latency_s,0.046234
1757012199.713,latency_s,0.046952
1757012199.721,latency_s,0.046657
1757012199.732,latency_s,0.046538
1757012199.734,latency_s,0.045950
1757012199.740,latency_s,0.046400
1757012199.743,latency_s,0.048272
1757012199.743,latency_s,0.047626
1757012199.743,latency_s,0.047812
1757012199.743,latency_s,0.047296
1757012199.747,latency_s,0.046511
1757012199.748,latency_s,0.047557
1757012199.749,latency_s,0.046083
1757012199.749,latency_s,0.046032
1757012199.768,latency_s,0.047049
1757012199.776,latency_s,0.046421
1757012199.779,latency_s,0.046785
1757012199.789,latency_s,0.046474
1757012199.814,latency_s,0.047419
1757012199.823,latency_s,0.047148
1757012199.832,latency_s,0.046121
1757012199.835,latency_s,0.046462
1757012199.841,latency_s,0.045806
1757012199.843,latency_s,0.047675
1757012199.843,latency_s,0.047730
1757012199.843,latency_s,0.047599
1757012199.845,latency_s,0.048783
1757012199.850,latency_s,0.048577
1757012199.850,latency_s,0.047255
1757012199.850,latency_s,0.048474
1757012199.851,latency_s,0.048297
1757012199.869,latency_s,0.047673
1757012199.878,latency_s,0.047333
1757012199.880,latency_s,0.045997
1757012199.889,latency_s,0.046146
1757012199.914,latency_s,0.046137
1757012199.925,latency_s,0.046953
1757012199.933,latency_s,0.046590
1757012199.934,latency_s,0.046035
1757012199.942,latency_s,0.046389
1757012199.945,latency_s,0.049122
1757012199.945,latency_s,0.049366
1757012199.945,latency_s,0.049309
1757012199.946,latency_s,0.049193
1757012199.948,latency_s,0.045989
1757012199.951,latency_s,0.047589
1757012199.952,latency_s,0.048364
1757012199.952,latency_s,0.047541
1757012199.969,latency_s,0.046777
1757012199.977,latency_s,0.045825
1757012199.980,latency_s,0.045517
1757012199.990,latency_s,0.046004
1757012200.015,latency_s,0.047153
1757012200.027,latency_s,0.046778
1757012200.033,latency_s,0.046239
1757012200.035,latency_s,0.045689
1757012200.044,latency_s,0.047894
1757012200.045,latency_s,0.047745
1757012200.045,latency_s,0.047707
1757012200.045,latency_s,0.047712
1757012200.047,latency_s,0.046212
1757012200.048,latency_s,0.046005
1757012200.051,latency_s,0.047131
1757012200.051,latency_s,0.047258
1757012200.052,latency_s,0.047222
1757012200.072,latency_s,0.048090
1757012200.078,latency_s,0.046166
1757012200.081,latency_s,0.046343
1757012200.090,latency_s,0.046210
1757012200.115,latency_s,0.047078
1757012200.128,latency_s,0.047314
1757012200.134,latency_s,0.046295
1757012200.136,latency_s,0.045830
1757012200.144,latency_s,0.046389
1757012200.147,latency_s,0.046399
1757012200.147,latency_s,0.046533
1757012200.152,latency_s,0.049537
1757012200.152,latency_s,0.049386
1757012200.152,latency_s,0.047943
1757012200.152,latency_s,0.047557
1757012200.152,latency_s,0.046316
1757012200.171,latency_s,0.046776
1757012200.178,latency_s,0.045662
1757012200.184,latency_s,0.046944
1757012200.191,latency_s,0.046273
1757012200.215,latency_s,0.046716
1757012200.229,latency_s,0.046919
1757012200.235,latency_s,0.047428
1757012200.237,latency_s,0.046248
1757012200.245,latency_s,0.047546
1757012200.248,latency_s,0.046568
1757012200.248,latency_s,0.046819
1757012200.248,latency_s,0.045458
1757012200.251,latency_s,0.047521
1757012200.252,latency_s,0.047245
1757012200.252,latency_s,0.046888
1757012200.253,latency_s,0.045869
1757012200.272,latency_s,0.046877
1757012200.279,latency_s,0.046178
1757012200.283,latency_s,0.183033
1757012200.284,latency_s,0.082728
1757012200.287,latency_s,0.046139
1757012200.292,latency_s,0.046247
1757012200.316,latency_s,0.046637
1757012200.329,latency_s,0.046443
1757012200.335,latency_s,0.046247
1757012200.337,latency_s,0.046240
1757012200.345,latency_s,0.046782
1757012200.348,latency_s,0.046306
1757012200.349,latency_s,0.046701
1757012200.353,latency_s,0.050287
1757012200.353,latency_s,0.049482
1757012200.353,latency_s,0.048995
1757012200.353,latency_s,0.047955
1757012200.353,latency_s,0.047219
1757012200.353,latency_s,0.045698
1757012200.371,latency_s,0.045967
1757012200.379,latency_s,0.046132
1757012200.388,latency_s,0.046671
1757012200.393,latency_s,0.046396
1757012200.416,latency_s,0.046288
1757012200.430,latency_s,0.046645
1757012200.436,latency_s,0.046382
1757012200.438,latency_s,0.046108
1757012200.445,latency_s,0.045660
1757012200.453,latency_s,0.049412
1757012200.453,latency_s,0.049896
1757012200.453,latency_s,0.050020
1757012200.453,latency_s,0.049502
1757012200.453,latency_s,0.049139
1757012200.453,latency_s,0.047220
1757012200.453,latency_s,0.046517
1757012200.455,latency_s,0.046431
1757012200.472,latency_s,0.046339
1757012200.481,latency_s,0.046722
1757012200.491,latency_s,0.046524
1757012200.493,latency_s,0.046211
1757012200.519,latency_s,0.047184
1757012200.530,latency_s,0.046224
1757012200.536,latency_s,0.046240
1757012200.539,latency_s,0.046361
1757012200.546,latency_s,0.046412
1757012200.551,latency_s,0.046919
1757012200.551,latency_s,0.047559
1757012200.552,latency_s,0.047374
1757012200.552,latency_s,0.047701
1757012200.552,latency_s,0.047834
1757012200.554,latency_s,0.047212
1757012200.554,latency_s,0.046848
1757012200.555,latency_s,0.045892
1757012200.573,latency_s,0.046388
1757012200.582,latency_s,0.047241
1757012200.593,latency_s,0.047575
1757012200.593,latency_s,0.045741
1757012200.619,latency_s,0.046957
1757012200.634,latency_s,0.048465
1757012200.637,latency_s,0.046260
1757012200.639,latency_s,0.046119
1757012200.646,latency_s,0.046100
1757012200.650,latency_s,0.046132
1757012200.654,latency_s,0.049654
1757012200.654,latency_s,0.049518
1757012200.654,latency_s,0.049755
1757012200.654,latency_s,0.049254
1757012200.654,latency_s,0.046799
1757012200.655,latency_s,0.047743
1757012200.657,latency_s,0.045590
1757012200.721,latency_s,0.094780
1757012200.722,latency_s,0.086627
1757012200.722,latency_s,0.074797
1757012200.722,latency_s,0.073653
1757012200.722,latency_s,0.048920
1757012200.733,latency_s,0.047326
1757012200.739,latency_s,0.046934
1757012200.756,latency_s,0.062544
1757012200.756,latency_s,0.055343
1757012200.756,latency_s,0.051456
1757012200.756,latency_s,0.051463
1757012200.756,latency_s,0.051089
1757012200.756,latency_s,0.050778
1757012200.756,latency_s,0.050996
1757012200.756,latency_s,0.048723
1757012200.757,latency_s,0.048497
1757012200.758,latency_s,0.046226
1757012200.775,latency_s,0.047641
1757012200.782,latency_s,0.046343
1757012200.794,latency_s,0.046641
1757012200.795,latency_s,0.046668
1757012200.820,latency_s,0.047038
1757012200.833,latency_s,0.046909
1757012200.839,latency_s,0.046382
1757012200.840,latency_s,0.045674
1757012200.848,latency_s,0.046730
1757012200.851,latency_s,0.045967
1757012200.854,latency_s,0.047469
1757012200.855,latency_s,0.048169
1757012200.858,latency_s,0.050770
1757012200.858,latency_s,0.050679
1757012200.858,latency_s,0.049682
1757012200.858,latency_s,0.049399
1757012200.860,latency_s,0.046146
1757012200.877,latency_s,0.048339
1757012200.883,latency_s,0.046663
1757012200.895,latency_s,0.046728
1757012200.896,latency_s,0.046699
1757012200.922,latency_s,0.046830
1757012200.934,latency_s,0.046250
1757012200.940,latency_s,0.046394
1757012200.940,latency_s,0.045587
1757012200.949,latency_s,0.047019
1757012200.951,latency_s,0.045884
1757012200.954,latency_s,0.046417
1757012200.956,latency_s,0.048427
1757012200.957,latency_s,0.048997
1757012200.958,latency_s,0.050132
1757012200.958,latency_s,0.049435
1757012200.958,latency_s,0.049102
1757012200.961,latency_s,0.045783
1757012200.976,latency_s,0.046806
1757012200.983,latency_s,0.045614
1757012200.995,latency_s,0.045997
1757012200.997,latency_s,0.046915
1757012201.022,latency_s,0.046671
1757012201.034,latency_s,0.045955
1757012201.041,latency_s,0.047386
1757012201.041,latency_s,0.045982
1757012201.049,latency_s,0.046698
1757012201.052,latency_s,0.046263
1757012201.057,latency_s,0.048971
1757012201.057,latency_s,0.049085
1757012201.057,latency_s,0.049080
1757012201.058,latency_s,0.049008
1757012201.059,latency_s,0.049826
1757012201.059,latency_s,0.049484
1757012201.063,latency_s,0.046252
1757012201.077,latency_s,0.047832
1757012201.084,latency_s,0.046814
1757012201.095,latency_s,0.046489
1757012201.098,latency_s,0.046410
1757012201.175,latency_s,0.097307
1757012201.175,latency_s,0.087081
1757012201.176,latency_s,0.081863
1757012201.176,latency_s,0.080366
1757012201.176,latency_s,0.073070
1757012201.176,latency_s,0.070101
1757012201.176,latency_s,0.067193
1757012201.176,latency_s,0.067145
1757012201.176,latency_s,0.067141
1757012201.177,latency_s,0.067252
1757012201.177,latency_s,0.066505
1757012201.177,latency_s,0.065702
1757012201.177,latency_s,0.058041
1757012201.177,latency_s,0.046907
1757012201.194,latency_s,0.055823
1757012201.196,latency_s,0.046463
1757012201.198,latency_s,0.046008
1757012201.226,latency_s,0.046861
1757012201.235,latency_s,0.046234
1757012201.244,latency_s,0.047038
1757012201.244,latency_s,0.046886
1757012201.249,latency_s,0.046052
1757012201.253,latency_s,0.046188
1757012201.258,latency_s,0.048202
1757012201.259,latency_s,0.049010
1757012201.262,latency_s,0.051671
1757012201.262,latency_s,0.051672
1757012201.262,latency_s,0.051546
1757012201.262,latency_s,0.050127
1757012201.279,latency_s,0.055799
1757012201.279,latency_s,0.048692
1757012201.286,latency_s,0.047319
1757012201.296,latency_s,0.046551
1757012201.300,latency_s,0.046603
1757012201.326,latency_s,0.046534
1757012201.337,latency_s,0.047380
1757012201.343,latency_s,0.046578
1757012201.347,latency_s,0.046309
1757012201.351,latency_s,0.046507
1757012201.354,latency_s,0.047170
1757012201.359,latency_s,0.048316
1757012201.359,latency_s,0.047421
1757012201.359,latency_s,0.047266
1757012201.373,latency_s,0.060596
1757012201.373,latency_s,0.060452
1757012201.373,latency_s,0.060861
1757012201.373,latency_s,0.047983
1757012201.426,latency_s,0.094749
1757012201.426,latency_s,0.086992
1757012201.426,latency_s,0.076185
1757012201.426,latency_s,0.072083
1757012201.431,latency_s,0.051550
1757012201.437,latency_s,0.046714
1757012201.462,latency_s,0.064113
1757012201.462,latency_s,0.059475
1757012201.462,latency_s,0.057099
1757012201.462,latency_s,0.054142
1757012201.462,latency_s,0.051234
1757012201.462,latency_s,0.049236
1757012201.462,latency_s,0.049347
1757012201.462,latency_s,0.049262
1757012201.462,latency_s,0.049462
1757012201.462,latency_s,0.049385
1757012201.475,latency_s,0.046447
1757012201.479,latency_s,0.046814
1757012201.487,latency_s,0.047509
1757012201.498,latency_s,0.047741
1757012201.502,latency_s,0.047124
1757012201.527,latency_s,0.046755
1757012201.538,latency_s,0.046416
1757012201.545,latency_s,0.046992
1757012201.552,latency_s,0.046927
1757012201.554,latency_s,0.048496
1757012201.556,latency_s,0.047808
1757012201.574,latency_s,0.062480
1757012201.574,latency_s,0.061198
1757012201.574,latency_s,0.061334
1757012201.574,latency_s,0.061197
1757012201.574,latency_s,0.061288
1757012201.575,latency_s,0.061382
1757012201.575,latency_s,0.046452
1757012201.590,latency_s,0.056504
1757012201.590,latency_s,0.050396
1757012201.598,latency_s,0.047673
1757012201.602,latency_s,0.046216
1757012201.627,latency_s,0.047216
1757012201.640,latency_s,0.046666
1757012201.645,latency_s,0.046623
1757012201.653,latency_s,0.047785
1757012201.653,latency_s,0.047804
1757012201.654,latency_s,0.045902
1757012201.659,latency_s,0.046215
1757012201.663,latency_s,0.049768
1757012201.663,latency_s,0.049803
1757012201.663,latency_s,0.049725
1757012201.664,latency_s,0.048795
1757012201.664,latency_s,0.048826
1757012201.682,latency_s,0.052036
1757012201.682,latency_s,0.047337
1757012201.687,latency_s,0.046947
1757012201.700,latency_s,0.047861
1757012201.703,latency_s,0.046048
1757012201.728,latency_s,0.046439
1757012201.741,latency_s,0.047003
1757012201.746,latency_s,0.046356
1757012201.753,latency_s,0.047199
1757012201.753,latency_s,0.047147
1757012201.756,latency_s,0.046391
1757012201.759,latency_s,0.046504
1757012201.778,latency_s,0.063797
1757012201.778,latency_s,0.063651
1757012201.778,latency_s,0.063443
1757012201.778,latency_s,0.062827
1757012201.778,latency_s,0.062578
1757012201.780,latency_s,0.046247
1757012201.789,latency_s,0.054519
1757012201.789,latency_s,0.048339
1757012201.799,latency_s,0.046723
1757012201.805,latency_s,0.046446
1757012201.831,latency_s,0.048090
1757012201.842,latency_s,0.046242
1757012201.847,latency_s,0.046652
1757012201.852,latency_s,0.046018
1757012201.858,latency_s,0.047168
1757012201.858,latency_s,0.047219
1757012201.862,latency_s,0.047952
1757012201.862,latency_s,0.047991
1757012201.866,latency_s,0.051959
1757012201.866,latency_s,0.051669
1757012201.866,latency_s,0.051244
1757012201.866,latency_s,0.050904
1757012201.883,latency_s,0.047537
1757012201.883,latency_s,0.047690
1757012201.888,latency_s,0.046754
1757012201.900,latency_s,0.047854
1757012201.908,latency_s,0.046050
1757012201.930,latency_s,0.046571
1757012201.943,latency_s,0.046747
1757012201.947,latency_s,0.046431
1757012201.953,latency_s,0.045598
1757012201.958,latency_s,0.047168
1757012201.958,latency_s,0.047198
1757012201.961,latency_s,0.045582
1757012201.963,latency_s,0.047351
1757012201.980,latency_s,0.064320
1757012201.980,latency_s,0.063750
1757012201.980,latency_s,0.064489
1757012201.980,latency_s,0.063536
1757012201.985,latency_s,0.047186
1757012201.986,latency_s,0.047559
1757012201.989,latency_s,0.047076
1757012202.000,latency_s,0.048044
1757012202.010,latency_s,0.046804
1757012202.030,latency_s,0.046545
1757012202.048,latency_s,0.048535
1757012202.048,latency_s,0.047787
1757012202.054,latency_s,0.046369
1757012202.059,latency_s,0.047237
1757012202.059,latency_s,0.047131
1757012202.064,latency_s,0.047546
1757012202.064,latency_s,0.047389
1757012202.064,latency_s,0.047626
1757012202.066,latency_s,0.049568
1757012202.066,latency_s,0.049226
1757012202.066,latency_s,0.048772
1757012202.085,latency_s,0.047015
1757012202.085,latency_s,0.046485
1757012202.094,latency_s,0.050742
1757012202.101,latency_s,0.047945
1757012202.111,latency_s,0.046887
1757012202.130,latency_s,0.046724
1757012202.147,latency_s,0.046988
1757012202.149,latency_s,0.047508
1757012202.154,latency_s,0.046427
1757012202.158,latency_s,0.045912
1757012202.159,latency_s,0.045737
1757012202.166,latency_s,0.048157
1757012202.166,latency_s,0.048271
1757012202.166,latency_s,0.048195
1757012202.166,latency_s,0.048296
1757012202.183,latency_s,0.065399
1757012202.183,latency_s,0.065010
1757012202.188,latency_s,0.047152
1757012202.190,latency_s,0.049248
1757012202.191,latency_s,0.047046
1757012202.200,latency_s,0.046916
1757012202.212,latency_s,0.046335
1757012202.231,latency_s,0.046796
1757012202.248,latency_s,0.047318
1757012202.248,latency_s,0.046713
1757012202.256,latency_s,0.046768
1757012202.260,latency_s,0.046265
1757012202.263,latency_s,0.046270
1757012202.264,latency_s,0.045842
1757012202.264,latency_s,0.046234
1757012202.267,latency_s,0.049082
1757012202.267,latency_s,0.048843
1757012202.267,latency_s,0.049012
1757012202.267,latency_s,0.048528
1757012202.289,latency_s,0.047363
1757012202.289,latency_s,0.047552
1757012202.296,latency_s,0.051860
1757012202.300,latency_s,0.046465
1757012202.312,latency_s,0.045928
1757012202.331,latency_s,0.046679
1757012202.351,latency_s,0.048635
1757012202.351,latency_s,0.045860
1757012202.357,latency_s,0.046122
1757012202.362,latency_s,0.046561
1757012202.363,latency_s,0.046464
1757012202.366,latency_s,0.047133
1757012202.366,latency_s,0.047154
1757012202.366,latency_s,0.047260
1757012202.368,latency_s,0.049033
1757012202.368,latency_s,0.048908
1757012202.368,latency_s,0.048996
1757012202.392,latency_s,0.047811
1757012202.393,latency_s,0.048102
1757012202.394,latency_s,0.046199
1757012202.402,latency_s,0.048109
1757012202.415,latency_s,0.046461
1757012202.431,latency_s,0.046374
1757012202.449,latency_s,0.046520
1757012202.452,latency_s,0.046259
1757012202.457,latency_s,0.045760
1757012202.464,latency_s,0.047085
1757012202.464,latency_s,0.047296
1757012202.467,latency_s,0.046561
1757012202.468,latency_s,0.046911
1757012202.468,latency_s,0.047303
1757012202.470,latency_s,0.049390
1757012202.470,latency_s,0.049289
1757012202.470,latency_s,0.049096
1757012202.492,latency_s,0.046596
1757012202.494,latency_s,0.046266
1757012202.495,latency_s,0.046053
1757012202.503,latency_s,0.046529
1757012202.518,latency_s,0.045866
1757012202.532,latency_s,0.046199
1757012202.550,latency_s,0.046220
1757012202.599,latency_s,0.092636
1757012202.599,latency_s,0.086783
1757012202.599,latency_s,0.081581
1757012202.599,latency_s,0.080652
1757012202.600,latency_s,0.078770
1757012202.600,latency_s,0.078635
1757012202.600,latency_s,0.078497
1757012202.600,latency_s,0.078515
1757012202.600,latency_s,0.078099
1757012202.600,latency_s,0.077245
1757012202.600,latency_s,0.053760
1757012202.600,latency_s,0.049783
1757012202.600,latency_s,0.049790
1757012202.603,latency_s,0.046903
1757012202.619,latency_s,0.046752
1757012202.633,latency_s,0.046606
1757012202.650,latency_s,0.046710
1757012202.653,latency_s,0.046152
1757012202.663,latency_s,0.046672
1757012202.665,latency_s,0.046016
1757012202.671,latency_s,0.049965
1757012202.671,latency_s,0.049679
1757012202.671,latency_s,0.049548
1757012202.671,latency_s,0.049505
1757012202.687,latency_s,0.065532
1757012202.687,latency_s,0.065112
1757012202.687,latency_s,0.063586
1757012202.693,latency_s,0.046875
1757012202.700,latency_s,0.048999
1757012202.700,latency_s,0.049123
1757012202.705,latency_s,0.048580
1757012202.721,latency_s,0.047239
1757012202.734,latency_s,0.046846
1757012202.752,latency_s,0.047950
1757012202.755,latency_s,0.047047
1757012202.764,latency_s,0.046998
1757012202.767,latency_s,0.046162
1757012202.768,latency_s,0.046402
1757012202.770,latency_s,0.048295
1757012202.770,latency_s,0.048096
1757012202.771,latency_s,0.049792
1757012202.771,latency_s,0.049669
1757012202.771,latency_s,0.048990
1757012202.771,latency_s,0.046745
1757012202.794,latency_s,0.046777
1757012202.797,latency_s,0.045853
1757012202.804,latency_s,0.051417
1757012202.804,latency_s,0.046685
1757012202.823,latency_s,0.046789
1757012202.834,latency_s,0.046425
1757012202.852,latency_s,0.046590
1757012202.855,latency_s,0.046281
1757012202.866,latency_s,0.046363
1757012202.868,latency_s,0.046558
1757012202.868,latency_s,0.046835
1757012202.871,latency_s,0.048444
1757012202.871,latency_s,0.048925
1757012202.871,latency_s,0.048330
1757012202.871,latency_s,0.048996
1757012202.871,latency_s,0.047507
1757012202.888,latency_s,0.062436
1757012202.895,latency_s,0.047242
1757012202.902,latency_s,0.050506
1757012202.902,latency_s,0.049168
1757012202.905,latency_s,0.047626
1757012202.925,latency_s,0.047577
1757012202.934,latency_s,0.046076
1757012202.952,latency_s,0.046844
1757012202.956,latency_s,0.046100
1757012202.974,latency_s,0.052176
1757012202.975,latency_s,0.051940
1757012202.975,latency_s,0.052199
1757012202.975,latency_s,0.052099
1757012202.975,latency_s,0.051934
1757012202.975,latency_s,0.052199
1757012202.975,latency_s,0.051540
1757012202.975,latency_s,0.051300
1757012202.989,latency_s,0.063157
1757012202.997,latency_s,0.045527
1757012203.011,latency_s,0.059063
1757012203.011,latency_s,0.057223
1757012203.011,latency_s,0.051901
1757012203.027,latency_s,0.046634
1757012203.041,latency_s,0.046907
1757012203.053,latency_s,0.046833
1757012203.058,latency_s,0.046606
1757012203.073,latency_s,0.049956
1757012203.073,latency_s,0.049851
1757012203.073,latency_s,0.050195
1757012203.073,latency_s,0.050002
1757012203.073,latency_s,0.049905
1757012203.074,latency_s,0.050032
1757012203.074,latency_s,0.050436
1757012203.075,latency_s,0.051838
1757012203.075,latency_s,0.048365
1757012203.099,latency_s,0.047087
1757012203.099,latency_s,0.047223
1757012203.103,latency_s,0.046882
1757012203.110,latency_s,0.048217
1757012203.128,latency_s,0.046552
1757012203.143,latency_s,0.047298
1757012203.154,latency_s,0.047275
1757012203.160,latency_s,0.046658
1757012203.171,latency_s,0.046998
1757012203.171,latency_s,0.047224
1757012203.172,latency_s,0.046956
1757012203.174,latency_s,0.049338
1757012203.174,latency_s,0.049609
1757012203.174,latency_s,0.049366
1757012203.174,latency_s,0.049805
1757012203.175,latency_s,0.050237
1757012203.175,latency_s,0.045335
1757012203.200,latency_s,0.047140
1757012203.200,latency_s,0.047036
1757012203.203,latency_s,0.045800
1757012203.210,latency_s,0.047357
1757012203.236,latency_s,0.047860
1757012203.245,latency_s,0.046602
1757012203.255,latency_s,0.047245
1757012203.262,latency_s,0.046182
1757012203.272,latency_s,0.046639
1757012203.274,latency_s,0.048470
1757012203.274,latency_s,0.048372
1757012203.274,latency_s,0.047319
1757012203.275,latency_s,0.049719
1757012203.275,latency_s,0.048872
1757012203.275,latency_s,0.048166
1757012203.276,latency_s,0.048905
1757012203.277,latency_s,0.045574
1757012203.300,latency_s,0.046767
1757012203.300,latency_s,0.046842
1757012203.308,latency_s,0.047263
1757012203.312,latency_s,0.046338
1757012203.339,latency_s,0.046312
1757012203.346,latency_s,0.046667
1757012203.354,latency_s,0.046198
1757012203.362,latency_s,0.045952
1757012203.372,latency_s,0.046036
1757012203.374,latency_s,0.047995
1757012203.374,latency_s,0.048115
1757012203.374,latency_s,0.048192
1757012203.375,latency_s,0.048580
1757012203.376,latency_s,0.048782
1757012203.376,latency_s,0.048862
1757012203.377,latency_s,0.049212
1757012203.379,latency_s,0.046404
1757012203.401,latency_s,0.047267
1757012203.401,latency_s,0.047340
1757012203.413,latency_s,0.050325
1757012203.413,latency_s,0.047643
1757012203.440,latency_s,0.046211
1757012203.445,latency_s,0.045831
1757012203.456,latency_s,0.047139
1757012203.463,latency_s,0.046188
1757012203.472,latency_s,0.045677
1757012203.475,latency_s,0.047070
1757012203.475,latency_s,0.047148
1757012203.476,latency_s,0.047160
1757012203.478,latency_s,0.049564
1757012203.478,latency_s,0.049750
1757012203.478,latency_s,0.049928
1757012203.478,latency_s,0.049809
1757012203.478,latency_s,0.045689
1757012203.502,latency_s,0.047784
1757012203.502,latency_s,0.047770
1757012203.514,latency_s,0.047965
1757012203.514,latency_s,0.049953
1757012203.542,latency_s,0.047071
1757012203.546,latency_s,0.045815
1757012203.556,latency_s,0.046562
1757012203.564,latency_s,0.046483
1757012203.574,latency_s,0.046849
1757012203.576,latency_s,0.046968
1757012203.576,latency_s,0.046959
1757012203.577,latency_s,0.048015
1757012203.577,latency_s,0.048087
1757012203.577,latency_s,0.048053
1757012203.578,latency_s,0.049053
1757012203.578,latency_s,0.049339
1757012203.580,latency_s,0.046714
1757012203.600,latency_s,0.045778
1757012203.602,latency_s,0.045971
1757012203.615,latency_s,0.048316
1757012203.615,latency_s,0.050155
1757012203.642,latency_s,0.046573
1757012203.647,latency_s,0.046510
1757012203.656,latency_s,0.046529
1757012203.665,latency_s,0.046679
1757012203.675,latency_s,0.047325
1757012203.676,latency_s,0.046900
1757012203.676,latency_s,0.047220
1757012203.677,latency_s,0.048248
1757012203.677,latency_s,0.047827
1757012203.678,latency_s,0.048479
1757012203.678,latency_s,0.048252
1757012203.678,latency_s,0.048721
1757012203.681,latency_s,0.046847
1757012203.701,latency_s,0.046779
1757012203.704,latency_s,0.046452
1757012203.714,latency_s,0.047403
1757012203.715,latency_s,0.047877
1757012203.743,latency_s,0.046218
1757012203.748,latency_s,0.045869
1757012203.756,latency_s,0.045973
1757012203.765,latency_s,0.046272
1757012203.775,latency_s,0.046634
1757012203.776,latency_s,0.046455
1757012203.779,latency_s,0.048965
1757012203.817,latency_s,0.087192
1757012203.817,latency_s,0.086843
1757012203.817,latency_s,0.086642
1757012203.817,latency_s,0.086816
1757012203.817,latency_s,0.087326
1757012203.817,latency_s,0.083105
1757012203.817,latency_s,0.062504
1757012203.817,latency_s,0.058897
1757012203.818,latency_s,0.050321
1757012203.818,latency_s,0.050290
1757012203.844,latency_s,0.046476
1757012203.851,latency_s,0.047439
1757012203.858,latency_s,0.046456
1757012203.868,latency_s,0.046425
1757012203.876,latency_s,0.046687
1757012203.878,latency_s,0.048411
1757012203.878,latency_s,0.046828
1757012203.878,latency_s,0.047320
1757012203.881,latency_s,0.050361
1757012203.881,latency_s,0.050835
1757012203.881,latency_s,0.049911
1757012203.881,latency_s,0.048081
1757012203.895,latency_s,0.059546
1757012203.902,latency_s,0.046790
1757012203.915,latency_s,0.054279
1757012203.915,latency_s,0.047287
1757012203.915,latency_s,0.046149
1757012203.946,latency_s,0.048208
1757012203.953,latency_s,0.046941
1757012203.958,latency_s,0.046529
1757012203.971,latency_s,0.046491
1757012203.977,latency_s,0.046514
1757012203.977,latency_s,0.046244
1757012203.979,latency_s,0.047858
1757012203.979,latency_s,0.047737
1757012203.979,latency_s,0.048684
1757012203.981,latency_s,0.046214
1757012203.982,latency_s,0.047473
1757012203.997,latency_s,0.062126
1757012203.997,latency_s,0.060185
1757012204.003,latency_s,0.046643
1757012204.013,latency_s,0.052413
1757012204.015,latency_s,0.046460
1757012204.016,latency_s,0.046301
1757012204.045,latency_s,0.046785
1757012204.055,latency_s,0.046813
1757012204.060,latency_s,0.047658
1757012204.072,latency_s,0.046230
1757012204.078,latency_s,0.047308
1757012204.078,latency_s,0.047335
1757012204.079,latency_s,0.047284
1757012204.080,latency_s,0.049282
1757012204.081,latency_s,0.049112
1757012204.082,latency_s,0.046825
1757012204.082,latency_s,0.046883
1757012204.082,latency_s,0.046461
1757012204.096,latency_s,0.059382
1757012204.104,latency_s,0.046968
1757012204.115,latency_s,0.050546
1757012204.118,latency_s,0.047854
1757012204.118,latency_s,0.047586
1757012204.145,latency_s,0.046331
1757012204.156,latency_s,0.046798
1757012204.160,latency_s,0.047190
1757012204.173,latency_s,0.046545
1757012204.179,latency_s,0.046894
1757012204.179,latency_s,0.047081
1757012204.180,latency_s,0.048019
1757012204.181,latency_s,0.046881
1757012204.181,latency_s,0.045500
1757012204.183,latency_s,0.046786
1757012204.183,latency_s,0.048849
1757012204.183,latency_s,0.046485
1757012204.185,latency_s,0.046296
1757012204.204,latency_s,0.046943
1757012204.212,latency_s,0.046779
1757012204.217,latency_s,0.046603
1757012204.219,latency_s,0.047586
1757012204.247,latency_s,0.047719
1757012204.257,latency_s,0.046839
1757012204.260,latency_s,0.046617
1757012204.273,latency_s,0.046278
1757012204.280,latency_s,0.047205
1757012204.280,latency_s,0.047109
1757012204.280,latency_s,0.046835
1757012204.282,latency_s,0.047673
1757012204.282,latency_s,0.047840
1757012204.282,latency_s,0.046445
1757012204.285,latency_s,0.048176
1757012204.285,latency_s,0.048093
1757012204.291,latency_s,0.051925
1757012204.305,latency_s,0.046578
1757012204.316,latency_s,0.046290
1757012204.318,latency_s,0.047149
1757012204.320,latency_s,0.047765
1757012204.346,latency_s,0.046653
1757012204.358,latency_s,0.047719
1757012204.361,latency_s,0.046602
1757012204.374,latency_s,0.047205
1757012204.381,latency_s,0.048404
1757012204.381,latency_s,0.047852
1757012204.381,latency_s,0.048381
1757012204.381,latency_s,0.046538
1757012204.381,latency_s,0.046584
1757012204.382,latency_s,0.045786
1757012204.384,latency_s,0.046320
1757012204.384,latency_s,0.046342
1757012204.387,latency_s,0.046527
1757012204.405,latency_s,0.046327
1757012204.420,latency_s,0.048079
1757012204.420,latency_s,0.048573
1757012204.420,latency_s,0.048232
1757012204.447,latency_s,0.047196
1757012204.457,latency_s,0.046558
1757012204.462,latency_s,0.047306
1757012204.487,latency_s,0.053950
1757012204.487,latency_s,0.053933
1757012204.487,latency_s,0.051788
1757012204.487,latency_s,0.050663
1757012204.487,latency_s,0.050801
1757012204.487,latency_s,0.050414
1757012204.487,latency_s,0.049644
1757012204.487,latency_s,0.049044
1757012204.488,latency_s,0.047037
1757012204.507,latency_s,0.047410
1757012204.521,latency_s,0.047897
1757012204.524,latency_s,0.048739
1757012204.524,latency_s,0.048735
1757012204.548,latency_s,0.047682
1757012204.558,latency_s,0.046988
1757012204.562,latency_s,0.046452
1757012204.583,latency_s,0.046733
1757012204.584,latency_s,0.047132
1757012204.588,latency_s,0.052080
1757012204.588,latency_s,0.051336
1757012204.588,latency_s,0.051147
1757012204.588,latency_s,0.050535
1757012204.589,latency_s,0.048966
1757012204.589,latency_s,0.047505
1757012204.606,latency_s,0.046321
1757012204.624,latency_s,0.191172
1757012204.624,latency_s,0.048749
1757012204.624,latency_s,0.048953
1757012204.624,latency_s,0.090541
1757012204.624,latency_s,0.048582
1757012204.648,latency_s,0.047039
1757012204.660,latency_s,0.047697
1757012204.663,latency_s,0.046811
1757012204.681,latency_s,0.047317
1757012204.685,latency_s,0.047928
1757012204.685,latency_s,0.047077
1757012204.689,latency_s,0.051212
1757012204.689,latency_s,0.051495
1757012204.689,latency_s,0.050337
1757012204.689,latency_s,0.051663
1757012204.689,latency_s,0.049100
1757012204.689,latency_s,0.047272
1757012204.708,latency_s,0.047728
1757012204.724,latency_s,0.048399
1757012204.724,latency_s,0.188006
1757012204.725,latency_s,0.088228
1757012204.725,latency_s,0.048807
1757012204.725,latency_s,0.049001
1757012204.749,latency_s,0.046560
1757012204.762,latency_s,0.048759
1757012204.764,latency_s,0.047383
1757012204.780,latency_s,0.045648
1757012204.787,latency_s,0.048434
1757012204.787,latency_s,0.048121
1757012204.787,latency_s,0.048567
1757012204.790,latency_s,0.051321
1757012204.790,latency_s,0.051395
1757012204.790,latency_s,0.050778
1757012204.790,latency_s,0.050578
1757012204.790,latency_s,0.049623
1757012204.790,latency_s,0.046615
1757012204.807,latency_s,0.046287
1757012204.827,latency_s,0.048936
1757012204.827,latency_s,0.049624
1757012204.829,latency_s,0.046146
1757012204.849,latency_s,0.047049
1757012204.861,latency_s,0.046473
1757012204.863,latency_s,0.046062
1757012204.881,latency_s,0.046634
1757012204.886,latency_s,0.047603
1757012204.891,latency_s,0.052217
1757012204.891,latency_s,0.052180
1757012204.891,latency_s,0.051531
1757012204.892,latency_s,0.052042
1757012204.892,latency_s,0.051994
1757012204.892,latency_s,0.052445
1757012204.892,latency_s,0.050751
1757012204.892,latency_s,0.048156
1757012204.909,latency_s,0.047492
1757012204.926,latency_s,0.047474
1757012204.926,latency_s,0.046928
1757012204.930,latency_s,0.046600
1757012204.949,latency_s,0.046275
1757012204.964,latency_s,0.048252
1757012204.964,latency_s,0.046511
1757012204.981,latency_s,0.045785
1757012204.990,latency_s,0.049398
1757012204.990,latency_s,0.049976
1757012204.992,latency_s,0.052652
1757012204.992,latency_s,0.052272
1757012204.992,latency_s,0.052275
1757012204.992,latency_s,0.050556
1757012204.993,latency_s,0.049800
1757012204.993,latency_s,0.049854
1757012204.993,latency_s,0.048433
1757012205.008,latency_s,0.046064
1757012205.027,latency_s,0.046235
1757012205.027,latency_s,0.047120
1757012205.031,latency_s,0.046690
1757012205.050,latency_s,0.046540
1757012205.064,latency_s,0.046489
1757012205.064,latency_s,0.046381
1757012205.082,latency_s,0.046373
1757012205.086,latency_s,0.046582
1757012205.087,latency_s,0.046068
1757012205.090,latency_s,0.049484
1757012205.090,latency_s,0.049098
1757012205.090,latency_s,0.049052
1757012205.090,latency_s,0.047218
1757012205.090,latency_s,0.045674
1757012205.092,latency_s,0.047047
1757012205.092,latency_s,0.045628
1757012205.108,latency_s,0.045661
1757012205.127,latency_s,0.046764
1757012205.127,latency_s,0.046929
1757012205.131,latency_s,0.046268
1757012205.150,latency_s,0.046453
1757012205.166,latency_s,0.047891
1757012205.166,latency_s,0.047460
1757012205.181,latency_s,0.045423
1757012205.187,latency_s,0.046502
1757012205.188,latency_s,0.047320
1757012205.188,latency_s,0.047056
1757012205.189,latency_s,0.048140
1757012205.190,latency_s,0.048544
1757012205.191,latency_s,0.047148
1757012205.192,latency_s,0.046765
1757012205.192,latency_s,0.046651
1757012205.194,latency_s,0.045706
1757012205.211,latency_s,0.047857
1757012205.228,latency_s,0.046408
1757012205.229,latency_s,0.047460
1757012205.231,latency_s,0.046072
1757012205.252,latency_s,0.046957
1757012205.265,latency_s,0.046551
1757012205.268,latency_s,0.046702
1757012205.284,latency_s,0.047206
1757012205.291,latency_s,0.049651
1757012205.291,latency_s,0.050106
1757012205.294,latency_s,0.053047
1757012205.295,latency_s,0.052988
1757012205.295,latency_s,0.053375
1757012205.295,latency_s,0.050433
1757012205.295,latency_s,0.048656
1757012205.295,latency_s,0.048423
1757012205.295,latency_s,0.046244
1757012205.309,latency_s,0.046238
1757012205.330,latency_s,0.048781
1757012205.330,latency_s,0.048425
1757012205.333,latency_s,0.046878
1757012205.351,latency_s,0.046069
1757012205.366,latency_s,0.047280
1757012205.370,latency_s,0.047525
1757012205.383,latency_s,0.045985
1757012205.389,latency_s,0.047074
1757012205.389,latency_s,0.047499
1757012205.391,latency_s,0.048681
1757012205.391,latency_s,0.048692
1757012205.392,latency_s,0.049838
1757012205.392,latency_s,0.046751
1757012205.394,latency_s,0.046560
1757012205.394,latency_s,0.046585
1757012205.396,latency_s,0.045693
1757012205.410,latency_s,0.047119
1757012205.433,latency_s,0.050674
1757012205.433,latency_s,0.050057
1757012205.433,latency_s,0.046870
1757012205.452,latency_s,0.046025
1757012205.466,latency_s,0.046458
1757012205.470,latency_s,0.046951
1757012205.483,latency_s,0.046330
1757012205.490,latency_s,0.048309
1757012205.490,latency_s,0.047573
1757012205.490,latency_s,0.047678
1757012205.491,latency_s,0.048982
1757012205.492,latency_s,0.047107
1757012205.492,latency_s,0.047074
1757012205.493,latency_s,0.046191
1757012205.493,latency_s,0.045746
1757012205.497,latency_s,0.046272
1757012205.511,latency_s,0.047163
1757012205.530,latency_s,0.046949
1757012205.531,latency_s,0.046990
1757012205.534,latency_s,0.046414
1757012205.553,latency_s,0.046904
1757012205.568,latency_s,0.047799
1757012205.570,latency_s,0.047123
1757012205.584,latency_s,0.046768
1757012205.590,latency_s,0.047558
1757012205.591,latency_s,0.047360
1757012205.591,latency_s,0.047080
1757012205.591,latency_s,0.046991
1757012205.593,latency_s,0.048143
1757012205.593,latency_s,0.047146
1757012205.595,latency_s,0.046710
1757012205.595,latency_s,0.046951
1757012205.598,latency_s,0.045641
1757012205.612,latency_s,0.047638
1757012205.632,latency_s,0.048408
1757012205.632,latency_s,0.047438
1757012205.635,latency_s,0.046557
1757012205.654,latency_s,0.046401
1757012205.667,latency_s,0.046398
1757012205.671,latency_s,0.046041
1757012205.684,latency_s,0.046307
1757012205.688,latency_s,0.046123
1757012205.691,latency_s,0.047230
1757012205.691,latency_s,0.047222
1757012205.691,latency_s,0.046877
1757012205.692,latency_s,0.046514
1757012205.693,latency_s,0.045836
1757012205.695,latency_s,0.046680
1757012205.695,latency_s,0.046074
1757012205.700,latency_s,0.046077
1757012205.712,latency_s,0.047257
1757012205.733,latency_s,0.048241
1757012205.733,latency_s,0.047485
1757012205.737,latency_s,0.046668
1757012205.754,latency_s,0.046388
1757012205.770,latency_s,0.049203
1757012205.773,latency_s,0.046306
1757012205.784,latency_s,0.046276
1757012205.789,latency_s,0.046121
1757012205.791,latency_s,0.046804
1757012205.791,latency_s,0.046602
1757012205.791,latency_s,0.045448
1757012205.793,latency_s,0.046516
1757012205.796,latency_s,0.047070
1757012205.796,latency_s,0.047123
1757012205.797,latency_s,0.047081
1757012205.800,latency_s,0.046208
1757012205.812,latency_s,0.046372
1757012205.833,latency_s,0.047101
1757012205.833,latency_s,0.046695
1757012205.838,latency_s,0.047115
1757012205.854,latency_s,0.046319
1757012205.869,latency_s,0.046572
1757012205.874,latency_s,0.047514
1757012205.885,latency_s,0.047081
1757012205.892,latency_s,0.048350
1757012205.892,latency_s,0.047385
1757012205.892,latency_s,0.046906
1757012205.893,latency_s,0.045995
1757012205.894,latency_s,0.046291
1757012205.896,latency_s,0.046627
1757012205.896,latency_s,0.046630
1757012205.902,latency_s,0.046862
1757012205.913,latency_s,0.046778
1757012205.934,latency_s,0.046818
1757012205.934,latency_s,0.046929
1757012205.939,latency_s,0.046552
1757012205.955,latency_s,0.046029
1757012205.968,latency_s,0.046132
1757012205.974,latency_s,0.046592
1757012205.984,latency_s,0.046049
1757012205.989,latency_s,0.045562
1757012205.991,latency_s,0.046213
1757012205.993,latency_s,0.046587
1757012205.996,latency_s,0.046815
1757012205.996,latency_s,0.046108
1757012205.999,latency_s,0.048289
1757012205.999,latency_s,0.048381
1757012206.003,latency_s,0.045692
1757012206.015,latency_s,0.047214
1757012206.035,latency_s,0.046755
1757012206.035,latency_s,0.046579
1757012206.040,latency_s,0.047175
1757012206.042,latency_s,0.192481
1757012206.042,latency_s,0.092196
1757012206.055,latency_s,0.046264
1757012206.069,latency_s,0.045903
1757012206.077,latency_s,0.047265
1757012206.086,latency_s,0.048354
1757012206.093,latency_s,0.048113
1757012206.093,latency_s,0.047705
1757012206.093,latency_s,0.046340
1757012206.098,latency_s,0.048082
1757012206.099,latency_s,0.047662
1757012206.099,latency_s,0.047650
1757012206.099,latency_s,0.047606
1757012206.099,latency_s,0.047467
1757012206.104,latency_s,0.045851
1757012206.115,latency_s,0.046945
1757012206.135,latency_s,0.046705
1757012206.136,latency_s,0.046329
1757012206.140,latency_s,0.046393
1757012206.156,latency_s,0.046623
1757012206.170,latency_s,0.046792
1757012206.177,latency_s,0.046448
1757012206.185,latency_s,0.046597
1757012206.195,latency_s,0.048297
1757012206.195,latency_s,0.047782
1757012206.195,latency_s,0.048395
1757012206.198,latency_s,0.046576
1757012206.200,latency_s,0.048554
1757012206.200,latency_s,0.048473
1757012206.200,latency_s,0.048182
1757012206.200,latency_s,0.048341
1757012206.204,latency_s,0.045542
1757012206.215,latency_s,0.045972
1757012206.237,latency_s,0.048412
1757012206.237,latency_s,0.047256
1757012206.240,latency_s,0.046618
1757012206.257,latency_s,0.046366
1757012206.270,latency_s,0.046624
1757012206.278,latency_s,0.047068
1757012206.285,latency_s,0.046397
1757012206.294,latency_s,0.046841
1757012206.295,latency_s,0.046999
1757012206.295,latency_s,0.047344
1757012206.299,latency_s,0.047071
1757012206.299,latency_s,0.047073
1757012206.302,latency_s,0.049433
1757012206.302,latency_s,0.049470
1757012206.302,latency_s,0.049690
1757012206.307,latency_s,0.047413
1757012206.318,latency_s,0.047956
1757012206.339,latency_s,0.049868
1757012206.339,latency_s,0.047621
1757012206.341,latency_s,0.046361
1757012206.357,latency_s,0.045767
1757012206.372,latency_s,0.047085
1757012206.378,latency_s,0.046568
1757012206.386,latency_s,0.047657
1757012206.395,latency_s,0.047184
1757012206.395,latency_s,0.047078
1757012206.395,latency_s,0.047090
1757012206.399,latency_s,0.046172
1757012206.401,latency_s,0.048454
1757012206.401,latency_s,0.048449
1757012206.401,latency_s,0.048102
1757012206.402,latency_s,0.048702
1757012206.405,latency_s,0.045852
1757012206.416,latency_s,0.045890
1757012206.436,latency_s,0.046885
1757012206.439,latency_s,0.046653
1757012206.441,latency_s,0.046114
1757012206.458,latency_s,0.046236
1757012206.472,latency_s,0.046870
1757012206.477,latency_s,0.045646
1757012206.486,latency_s,0.046639
1757012206.496,latency_s,0.047986
1757012206.496,latency_s,0.047943
1757012206.496,latency_s,0.047111
1757012206.502,latency_s,0.048774
1757012206.502,latency_s,0.048319
1757012206.502,latency_s,0.048266
1757012206.502,latency_s,0.048369
1757012206.502,latency_s,0.048992
1757012206.506,latency_s,0.046081
1757012206.517,latency_s,0.046676
1757012206.538,latency_s,0.047761
1757012206.540,latency_s,0.046665
1757012206.543,latency_s,0.046981
1757012206.559,latency_s,0.047426
1757012206.572,latency_s,0.046301
1757012206.580,latency_s,0.047541
1757012206.586,latency_s,0.046815
1757012206.595,latency_s,0.046191
1757012206.595,latency_s,0.046189
1757012206.597,latency_s,0.047267
1757012206.599,latency_s,0.045863
1757012206.601,latency_s,0.046579
1757012206.601,latency_s,0.046317
1757012206.603,latency_s,0.048263
1757012206.603,latency_s,0.047757
1757012206.607,latency_s,0.046402
1757012206.618,latency_s,0.046204
1757012206.639,latency_s,0.047290
1757012206.641,latency_s,0.046394
1757012206.643,latency_s,0.046653
1757012206.660,latency_s,0.047694
1757012206.673,latency_s,0.047108
1757012206.681,latency_s,0.047900
1757012206.686,latency_s,0.046374
1757012206.695,latency_s,0.046492
1757012206.698,latency_s,0.047996
1757012206.698,latency_s,0.047947
1757012206.700,latency_s,0.045719
1757012206.703,latency_s,0.048376
1757012206.703,latency_s,0.048146
1757012206.703,latency_s,0.048755
1757012206.704,latency_s,0.048914
1757012206.708,latency_s,0.045990
1757012206.718,latency_s,0.046134
1757012206.740,latency_s,0.046863
1757012206.744,latency_s,0.047529
1757012206.819,latency_s,0.106601
1757012206.819,latency_s,0.091780
1757012206.819,latency_s,0.084168
1757012206.819,latency_s,0.079032
1757012206.819,latency_s,0.069536
1757012206.819,latency_s,0.067976
1757012206.819,latency_s,0.067954
1757012206.819,latency_s,0.064043
1757012206.819,latency_s,0.064090
1757012206.819,latency_s,0.063885
1757012206.819,latency_s,0.063936
1757012206.819,latency_s,0.063455
1757012206.819,latency_s,0.057364
1757012206.822,latency_s,0.049221
1757012206.839,latency_s,0.046099
1757012206.844,latency_s,0.046442
1757012206.860,latency_s,0.046832
1757012206.875,latency_s,0.046962
1757012206.882,latency_s,0.046579
1757012206.882,latency_s,0.185581
1757012206.884,latency_s,0.086194
1757012206.887,latency_s,0.046896
1757012206.897,latency_s,0.047201
1757012206.897,latency_s,0.045535
1757012206.899,latency_s,0.046752
1757012206.903,latency_s,0.047667
1757012206.919,latency_s,0.063612
1757012206.919,latency_s,0.062917
1757012206.919,latency_s,0.062683
1757012206.919,latency_s,0.062772
1757012206.919,latency_s,0.057280
1757012206.920,latency_s,0.046912
1757012206.940,latency_s,0.046251
1757012206.943,latency_s,0.045419
1757012206.945,latency_s,0.046346
1757012206.960,latency_s,0.046510
1757012206.976,latency_s,0.046788
1757012206.984,latency_s,0.047514
1757012206.988,latency_s,0.046276
1757012206.996,latency_s,0.046179
1757012206.999,latency_s,0.046357
1757012206.999,latency_s,0.046492
1757012207.003,latency_s,0.047085
1757012207.003,latency_s,0.047091
1757012207.005,latency_s,0.047982
1757012207.011,latency_s,0.054270
1757012207.011,latency_s,0.053114
1757012207.012,latency_s,0.049139
1757012207.019,latency_s,0.046501
1757012207.041,latency_s,0.047322
1757012207.046,latency_s,0.047771
1757012207.047,latency_s,0.046971
1757012207.061,latency_s,0.046151
1757012207.077,latency_s,0.047138
1757012207.084,latency_s,0.046978
1757012207.089,latency_s,0.046552
1757012207.097,latency_s,0.045886
1757012207.098,latency_s,0.045516
1757012207.100,latency_s,0.046811
1757012207.106,latency_s,0.048782
1757012207.106,latency_s,0.048770
1757012207.106,latency_s,0.047866
1757012207.106,latency_s,0.047848
1757012207.113,latency_s,0.054188
1757012207.113,latency_s,0.050378
1757012207.119,latency_s,0.046403
1757012207.141,latency_s,0.047139
1757012207.146,latency_s,0.046631
1757012207.147,latency_s,0.046511
1757012207.162,latency_s,0.046181
1757012207.177,latency_s,0.047094
1757012207.184,latency_s,0.047215
1757012207.190,latency_s,0.046935
1757012207.198,latency_s,0.046428
1757012207.200,latency_s,0.046418
1757012207.200,latency_s,0.046697
1757012207.204,latency_s,0.046047
1757012207.205,latency_s,0.045799
1757012207.206,latency_s,0.046619
1757012207.207,latency_s,0.046244
1757012207.208,latency_s,0.047441
1757012207.220,latency_s,0.056678
1757012207.220,latency_s,0.046642
1757012207.241,latency_s,0.046564
1757012207.247,latency_s,0.046736
1757012207.247,latency_s,0.045928
1757012207.263,latency_s,0.046429
1757012207.277,latency_s,0.046646
1757012207.285,latency_s,0.046499
1757012207.290,latency_s,0.046895
1757012207.300,latency_s,0.047527
1757012207.301,latency_s,0.046585
1757012207.301,latency_s,0.046695
1757012207.305,latency_s,0.045987
1757012207.305,latency_s,0.045587
1757012207.308,latency_s,0.047493
1757012207.309,latency_s,0.047767
1757012207.309,latency_s,0.047630
1757012207.314,latency_s,0.050473
1757012207.321,latency_s,0.046335
1757012207.341,latency_s,0.046288
1757012207.348,latency_s,0.047756
1757012207.348,latency_s,0.047128
1757012207.364,latency_s,0.045989
1757012207.377,latency_s,0.045934
1757012207.385,latency_s,0.046216
1757012207.390,latency_s,0.046174
1757012207.399,latency_s,0.045990
1757012207.401,latency_s,0.046298
1757012207.401,latency_s,0.046252
1757012207.406,latency_s,0.046484
1757012207.407,latency_s,0.046155
1757012207.409,latency_s,0.047484
1757012207.409,latency_s,0.046983
1757012207.409,latency_s,0.047645
1757012207.411,latency_s,0.046541
1757012207.422,latency_s,0.046365
1757012207.442,latency_s,0.046764
1757012207.448,latency_s,0.046622
1757012207.450,latency_s,0.047227
1757012207.466,latency_s,0.046281
1757012207.479,latency_s,0.047897
1757012207.487,latency_s,0.047350
1757012207.491,latency_s,0.046583
1757012207.503,latency_s,0.049589
1757012207.504,latency_s,0.047530
1757012207.504,latency_s,0.046843
1757012207.507,latency_s,0.046752
1757012207.507,latency_s,0.046027
1757012207.509,latency_s,0.047067
1757012207.510,latency_s,0.047337
1757012207.510,latency_s,0.047799
1757012207.515,latency_s,0.050364
1757012207.524,latency_s,0.048467
1757012207.543,latency_s,0.046917
1757012207.549,latency_s,0.046941
1757012207.551,latency_s,0.047091
1757012207.570,latency_s,0.046961
1757012207.578,latency_s,0.046911
1757012207.587,latency_s,0.046925
1757012207.592,latency_s,0.047048
1757012207.601,latency_s,0.045998
1757012207.603,latency_s,0.046069
1757012207.604,latency_s,0.046000
1757012207.608,latency_s,0.047539
1757012207.608,latency_s,0.046611
1757012207.608,latency_s,0.045720
1757012207.611,latency_s,0.046908
1757012207.611,latency_s,0.046972
1757012207.611,latency_s,0.046161
1757012207.623,latency_s,0.046572
1757012207.644,latency_s,0.047170
1757012207.649,latency_s,0.046886
1757012207.650,latency_s,0.045963
1757012207.671,latency_s,0.046438
1757012207.679,latency_s,0.046821
1757012207.688,latency_s,0.046876
1757012207.691,latency_s,0.045799
1757012207.701,latency_s,0.046271
1757012207.704,latency_s,0.046223
1757012207.705,latency_s,0.046312
1757012207.707,latency_s,0.046293
1757012207.709,latency_s,0.046469
1757012207.711,latency_s,0.047218
1757012207.711,latency_s,0.046386
1757012207.711,latency_s,0.046468
1757012207.712,latency_s,0.046392
1757012207.724,latency_s,0.046980
1757012207.745,latency_s,0.048031
1757012207.750,latency_s,0.046875
1757012207.753,latency_s,0.047024
1757012207.773,latency_s,0.046333
1757012207.780,latency_s,0.046607
1757012207.788,latency_s,0.047011
1757012207.792,latency_s,0.046779
1757012207.803,latency_s,0.047511
1757012207.805,latency_s,0.046484
1757012207.806,latency_s,0.046468
1757012207.808,latency_s,0.046339
1757012207.810,latency_s,0.046538
1757012207.810,latency_s,0.046125
1757012207.812,latency_s,0.047293
1757012207.812,latency_s,0.047091
1757012207.812,latency_s,0.045994
1757012207.825,latency_s,0.047039
1757012207.844,latency_s,0.046185
1757012207.849,latency_s,0.045891
1757012207.853,latency_s,0.045882
1757012207.876,latency_s,0.046791
1757012207.880,latency_s,0.046303
1757012207.888,latency_s,0.046224
1757012207.892,latency_s,0.045847
1757012207.904,latency_s,0.046327
1757012207.907,latency_s,0.047240
1757012207.907,latency_s,0.046487
1757012207.907,latency_s,0.045744
1757012207.911,latency_s,0.046065
1757012207.912,latency_s,0.047046
1757012207.912,latency_s,0.047097
1757012207.913,latency_s,0.047722
1757012207.913,latency_s,0.046997
1757012207.925,latency_s,0.047155
1757012207.944,latency_s,0.046476
1757012207.949,latency_s,0.045357
1757012207.953,latency_s,0.045900
1757012207.981,latency_s,0.047110
1757012207.981,latency_s,0.046866
1757012207.990,latency_s,0.047284
1757012208.004,latency_s,0.046067
1757012208.006,latency_s,0.045215
1757012208.008,latency_s,0.046540
1757012208.008,latency_s,0.046402
1757012208.011,latency_s,0.046133
1757012208.012,latency_s,0.045482
1757012208.014,latency_s,0.047121
1757012208.014,latency_s,0.047015
1757012208.026,latency_s,0.046710
1757012208.045,latency_s,0.046705
1757012208.051,latency_s,0.047257
1757012208.054,latency_s,0.045845
1757012208.083,latency_s,0.048225
1757012208.083,latency_s,0.048280
1757012208.090,latency_s,0.046206
1757012208.105,latency_s,0.046634
1757012208.109,latency_s,0.046683
1757012208.110,latency_s,0.047068
1757012208.110,latency_s,0.046010
1757012208.112,latency_s,0.046008
1757012208.114,latency_s,0.046648
1757012208.114,latency_s,0.046628
1757012208.114,latency_s,0.046556
1757012208.126,latency_s,0.047065
1757012208.141,latency_s,0.194299
1757012208.141,latency_s,0.094231
1757012208.145,latency_s,0.046954
1757012208.151,latency_s,0.046421
1757012208.155,latency_s,0.189003
1757012208.155,latency_s,0.088023
1757012208.156,latency_s,0.047174
1757012208.183,latency_s,0.046822
1757012208.183,latency_s,0.046974
1757012208.191,latency_s,0.047774
1757012208.193,latency_s,0.046281
1757012208.206,latency_s,0.046910
1757012208.210,latency_s,0.047235
1757012208.210,latency_s,0.046433
1757012208.212,latency_s,0.046093
1757012208.214,latency_s,0.047667
1757012208.214,latency_s,0.046196
1757012208.214,latency_s,0.046365
1757012208.214,latency_s,0.046311
1757012208.215,latency_s,0.047248
1757012208.229,latency_s,0.048745
1757012208.245,latency_s,0.046556
1757012208.251,latency_s,0.046489
1757012208.256,latency_s,0.046293
1757012208.283,latency_s,0.046385
1757012208.287,latency_s,0.046240
1757012208.291,latency_s,0.046918
1757012208.293,latency_s,0.046195
1757012208.306,latency_s,0.046292
1757012208.310,latency_s,0.046525
1757012208.310,latency_s,0.046235
1757012208.314,latency_s,0.046866
1757012208.314,latency_s,0.046737
1757012208.314,latency_s,0.046079
1757012208.314,latency_s,0.046005
1757012208.316,latency_s,0.047556
1757012208.316,latency_s,0.047434
1757012208.327,latency_s,0.045978
1757012208.345,latency_s,0.046267
1757012208.352,latency_s,0.046931
1757012208.356,latency_s,0.045991
1757012208.384,latency_s,0.046865
1757012208.387,latency_s,0.045890
1757012208.392,latency_s,0.047068
1757012208.394,latency_s,0.046186
1757012208.408,latency_s,0.047894
1757012208.410,latency_s,0.046743
1757012208.411,latency_s,0.045875
1757012208.416,latency_s,0.046875
1757012208.417,latency_s,0.047584
1757012208.417,latency_s,0.047436
1757012208.417,latency_s,0.048201
1757012208.417,latency_s,0.047735
1757012208.417,latency_s,0.047926
1757012208.428,latency_s,0.046842
1757012208.447,latency_s,0.047437
1757012208.452,latency_s,0.046908
1757012208.459,latency_s,0.046916
1757012208.485,latency_s,0.046648
1757012208.488,latency_s,0.046665
1757012208.493,latency_s,0.046050
1757012208.494,latency_s,0.046215
1757012208.509,latency_s,0.048440
1757012208.510,latency_s,0.045756
1757012208.513,latency_s,0.046582
1757012208.516,latency_s,0.045995
1757012208.518,latency_s,0.048579
1757012208.518,latency_s,0.048353
1757012208.518,latency_s,0.048856
1757012208.519,latency_s,0.049226
1757012208.519,latency_s,0.049380
1757012208.528,latency_s,0.046673
1757012208.549,latency_s,0.048112
1757012208.554,latency_s,0.048174
1757012208.559,latency_s,0.046267
1757012208.586,latency_s,0.047326
1757012208.589,latency_s,0.046648
1757012208.595,latency_s,0.047002
1757012208.595,latency_s,0.046923
1757012208.611,latency_s,0.049699
1757012208.612,latency_s,0.046851
1757012208.614,latency_s,0.045963
1757012208.619,latency_s,0.049133
1757012208.619,latency_s,0.049119
1757012208.620,latency_s,0.049433
1757012208.620,latency_s,0.049279
1757012208.620,latency_s,0.049659
1757012208.620,latency_s,0.049490
1757012208.628,latency_s,0.045746
1757012208.648,latency_s,0.046122
1757012208.712,latency_s,0.106301
1757012208.713,latency_s,0.098997
1757012208.713,latency_s,0.073335
1757012208.713,latency_s,0.069895
1757012208.713,latency_s,0.064042
1757012208.713,latency_s,0.063853
1757012208.713,latency_s,0.050846
1757012208.713,latency_s,0.047399
1757012208.721,latency_s,0.052861
1757012208.722,latency_s,0.050204
1757012208.722,latency_s,0.050277
1757012208.722,latency_s,0.050235
1757012208.722,latency_s,0.049978
1757012208.722,latency_s,0.050066
1757012208.722,latency_s,0.050319
1757012208.729,latency_s,0.046495
1757012208.749,latency_s,0.046225
1757012208.755,latency_s,0.047991
1757012208.760,latency_s,0.046148
1757012208.786,latency_s,0.046253
1757012208.790,latency_s,0.046219
1757012208.796,latency_s,0.046688
1757012208.796,latency_s,0.046804
1757012208.808,latency_s,0.045758
1757012208.812,latency_s,0.046271
1757012208.819,latency_s,0.046810
1757012208.820,latency_s,0.047527
1757012208.823,latency_s,0.050484
1757012208.823,latency_s,0.050703
1757012208.826,latency_s,0.051563
1757012208.826,latency_s,0.051753
1757012208.826,latency_s,0.051740
1757012208.830,latency_s,0.046402
1757012208.850,latency_s,0.046801
1757012208.854,latency_s,0.046753
1757012208.861,latency_s,0.046566
1757012208.886,latency_s,0.046162
1757012208.891,latency_s,0.046053
1757012208.897,latency_s,0.047237
1757012208.897,latency_s,0.047174
1757012208.910,latency_s,0.046643
1757012208.920,latency_s,0.047650
1757012208.921,latency_s,0.047782
1757012208.921,latency_s,0.048064
1757012208.921,latency_s,0.047887
1757012208.921,latency_s,0.046358
1757012208.924,latency_s,0.049068
1757012208.924,latency_s,0.049062
1757012208.932,latency_s,0.048156
1757012208.950,latency_s,0.046360
1757012208.954,latency_s,0.046365
1757012208.961,latency_s,0.046107
1757012208.989,latency_s,0.048065
1757012208.993,latency_s,0.047250
1757012208.997,latency_s,0.047100
1757012208.998,latency_s,0.047211
1757012209.010,latency_s,0.046161
1757012209.019,latency_s,0.045622
1757012209.028,latency_s,0.049900
1757012209.028,latency_s,0.050102
1757012209.028,latency_s,0.050261
1757012209.028,latency_s,0.049960
1757012209.028,latency_s,0.050188
1757012209.031,latency_s,0.045716
1757012209.052,latency_s,0.186018
1757012209.052,latency_s,0.085305
1757012209.053,latency_s,0.048462
1757012209.055,latency_s,0.046188
1757012209.064,latency_s,0.047720
1757012209.089,latency_s,0.046613
1757012210.148,latency_s,1.098675
1757012210.148,latency_s,1.096987
1757012210.148,latency_s,1.097208
1757012210.148,latency_s,1.083998
1757012210.148,latency_s,1.080564
1757012210.148,latency_s,1.074548
1757012210.148,latency_s,1.070179
1757012210.148,latency_s,1.069789
1757012210.148,latency_s,1.070130
1757012210.148,latency_s,1.070035
1757012210.149,latency_s,1.070090
1757012210.149,latency_s,1.063534
1757012210.149,latency_s,1.043797
1757012210.149,latency_s,1.039114
1757012210.149,latency_s,1.174124
1757012210.149,latency_s,1.074051
1757012210.149,latency_s,1.031661
1757012210.149,latency_s,1.005921
1757012210.149,latency_s,0.999172
1757012210.149,latency_s,0.997169
1757012210.149,latency_s,0.997204
1757012210.149,latency_s,0.983912
1757012210.149,latency_s,0.981022
1757012210.149,latency_s,0.974396
1757012210.149,latency_s,0.974309
1757012210.149,latency_s,0.970860
1757012210.149,latency_s,0.970526
1757012210.150,latency_s,0.970722
1757012210.166,latency_s,0.987226
1757012210.166,latency_s,0.987205
1757012210.166,latency_s,0.980278
1757012210.166,latency_s,0.961244
1757012210.184,latency_s,0.974702
1757012210.186,latency_s,0.968035
1757012210.186,latency_s,0.941943
1757012210.186,latency_s,0.934037
1757012210.186,latency_s,0.928636
1757012210.186,latency_s,0.928400
1757012210.186,latency_s,0.919594
1757012210.186,latency_s,0.917712
1757012210.186,latency_s,0.911317
1757012210.187,latency_s,0.910411
1757012210.220,latency_s,0.941235
1757012210.221,latency_s,0.941713
1757012210.221,latency_s,0.941884
1757012210.221,latency_s,0.942070
1757012210.221,latency_s,0.941531
1757012210.221,latency_s,0.934782
1757012210.221,latency_s,0.916201
1757012210.221,latency_s,0.911159
1757012210.221,latency_s,0.902804
1757012210.221,latency_s,0.874960
1757012210.221,latency_s,0.868817
1757012210.222,latency_s,0.863561
1757012210.222,latency_s,0.863200
1757012210.222,latency_s,0.854754
1757012210.222,latency_s,0.852433
1757012210.222,latency_s,0.846465
1757012210.224,latency_s,0.847771
1757012210.224,latency_s,0.844514
1757012210.224,latency_s,0.844502
1757012210.224,latency_s,0.844272
1757012210.225,latency_s,0.844624
1757012210.256,latency_s,0.875471
1757012210.256,latency_s,0.869590
1757012210.258,latency_s,0.852200
1757012210.258,latency_s,0.846952
1757012210.258,latency_s,0.838120
1757012210.259,latency_s,0.811528
1757012210.259,latency_s,0.805283
1757012210.259,latency_s,0.800056
1757012210.261,latency_s,0.802582
1757012210.262,latency_s,0.794335
1757012210.262,latency_s,0.791479
1757012210.262,latency_s,0.785951
1757012210.262,latency_s,0.784154
1757012210.262,latency_s,0.781182
1757012210.262,latency_s,0.781195
1757012210.262,latency_s,0.781107
1757012210.262,latency_s,0.781132
1757012210.262,latency_s,0.780783
1757012210.262,latency_s,0.775105
1757012210.262,latency_s,0.756466
1757012210.262,latency_s,0.750240
1757012210.293,latency_s,0.771561
1757012210.294,latency_s,0.745154
1757012210.294,latency_s,0.738735
1757012210.294,latency_s,0.734311
1757012210.294,latency_s,0.734381
1757012210.294,latency_s,0.726088
1757012210.295,latency_s,0.724352
1757012210.295,latency_s,0.718560
1757012210.295,latency_s,0.716975
1757012210.295,latency_s,0.714102
1757012210.295,latency_s,0.714144
1757012210.295,latency_s,0.714087
1757012210.295,latency_s,0.714098
1757012210.330,latency_s,0.749037
1757012210.331,latency_s,0.743449
1757012210.331,latency_s,0.724816
1757012210.331,latency_s,0.718544
1757012210.331,latency_s,0.708520
1757012210.331,latency_s,0.682471
1757012210.331,latency_s,0.675618
1757012210.331,latency_s,0.671539
1757012210.331,latency_s,0.671557
1757012210.331,latency_s,0.663539
1757012210.331,latency_s,0.660582
1757012210.331,latency_s,0.654363
1757012210.332,latency_s,0.650806
1757012210.366,latency_s,0.684972
1757012210.367,latency_s,0.684711
1757012210.367,latency_s,0.684773
1757012210.367,latency_s,0.684683
1757012210.367,latency_s,0.684814
1757012210.367,latency_s,0.679296
1757012210.367,latency_s,0.660613
1757012210.367,latency_s,0.655154
1757012210.367,latency_s,0.644863
1757012210.368,latency_s,0.618555
1757012210.368,latency_s,0.611714
1757012210.368,latency_s,0.607790
1757012210.368,latency_s,0.607708
1757012210.368,latency_s,0.599535
1757012210.368,latency_s,0.596631
1757012210.368,latency_s,0.590199
1757012210.368,latency_s,0.585357
1757012210.368,latency_s,0.585560
1757012210.368,latency_s,0.585444
1757012210.403,latency_s,0.620084
1757012210.404,latency_s,0.620864
1757012210.405,latency_s,0.622154
1757012210.405,latency_s,0.617344
1757012210.405,latency_s,0.598627
1757012210.405,latency_s,0.592954
1757012210.405,latency_s,0.582512
1757012210.405,latency_s,0.556170
1757012210.405,latency_s,0.548670
1757012210.406,latency_s,0.545069
1757012210.406,latency_s,0.545321
1757012210.406,latency_s,0.536958
1757012210.406,latency_s,0.534092
1757012210.438,latency_s,0.555451
1757012210.439,latency_s,0.555928
1757012210.440,latency_s,0.556578
1757012210.442,latency_s,0.557940
1757012210.442,latency_s,0.558001
1757012210.442,latency_s,0.557690
1757012210.442,latency_s,0.553719
1757012210.442,latency_s,0.534869
1757012210.442,latency_s,0.528875
1757012210.442,latency_s,0.518513
1757012210.442,latency_s,0.491873
1757012210.442,latency_s,0.484629
1757012210.442,latency_s,0.480121
1757012210.442,latency_s,0.480168
1757012210.442,latency_s,0.472579
1757012210.442,latency_s,0.470130
1757012210.442,latency_s,0.458674
1757012210.442,latency_s,0.458791
1757012210.442,latency_s,0.458920
1757012210.475,latency_s,0.491095
1757012210.476,latency_s,0.492189
1757012210.478,latency_s,0.493278
1757012210.478,latency_s,0.489591
1757012210.478,latency_s,0.470801
1757012210.478,latency_s,0.464538
1757012210.478,latency_s,0.454167
1757012210.478,latency_s,0.600005
1757012210.478,latency_s,0.499089
1757012210.478,latency_s,0.427794
1757012210.478,latency_s,0.420409
1757012210.478,latency_s,0.415530
1757012210.478,latency_s,0.415653
1757012210.511,latency_s,0.441236
1757012210.511,latency_s,0.438469
1757012210.511,latency_s,0.432126
1757012210.512,latency_s,0.428189
1757012210.513,latency_s,0.429519
1757012210.513,latency_s,0.429274
1757012210.513,latency_s,0.429365
1757012210.513,latency_s,0.428691
1757012210.514,latency_s,0.428910
1757012210.514,latency_s,0.423891
1757012210.514,latency_s,0.406218
1757012210.514,latency_s,0.399832
1757012210.514,latency_s,0.389031
1757012210.514,latency_s,0.362936
1757012210.514,latency_s,0.355572
1757012210.514,latency_s,0.350521
1757012210.514,latency_s,0.350640
1757012210.514,latency_s,0.343376
1757012210.514,latency_s,0.340485
1757012210.547,latency_s,0.367579
1757012210.548,latency_s,0.364202
1757012210.548,latency_s,0.363813
1757012210.548,latency_s,0.364101
1757012210.548,latency_s,0.363600
1757012210.548,latency_s,0.362439
1757012210.548,latency_s,0.362374
1757012210.549,latency_s,0.358315
1757012210.549,latency_s,0.340930
1757012210.549,latency_s,0.334592
1757012210.549,latency_s,0.322403
1757012210.549,latency_s,0.297155
1757012210.549,latency_s,0.290377
1757012210.583,latency_s,0.319898
1757012210.584,latency_s,0.320104
1757012210.584,latency_s,0.312763
1757012210.584,latency_s,0.309858
1757012210.584,latency_s,0.303050
1757012210.584,latency_s,0.299694
1757012210.585,latency_s,0.300344
1757012210.585,latency_s,0.300181
1757012210.585,latency_s,0.300209
1757012210.585,latency_s,0.298769
1757012210.585,latency_s,0.298625
1757012210.585,latency_s,0.294803
1757012210.585,latency_s,0.277477
1757012210.585,latency_s,0.270976
1757012210.585,latency_s,0.258708
1757012210.585,latency_s,0.232159
1757012210.585,latency_s,0.226810
1757012210.585,latency_s,0.221627
1757012210.586,latency_s,0.221954
1757012210.620,latency_s,0.247749
1757012210.620,latency_s,0.245814
1757012210.620,latency_s,0.235910
1757012210.620,latency_s,0.235452
1757012210.620,latency_s,0.235729
1757012210.621,latency_s,0.235749
1757012210.622,latency_s,0.234868
1757012210.622,latency_s,0.233921
1757012210.622,latency_s,0.230732
1757012210.622,latency_s,0.213405
1757012210.622,latency_s,0.206552
1757012210.622,latency_s,0.194510
1757012210.622,latency_s,0.168282
1757012210.656,latency_s,0.196725
1757012210.656,latency_s,0.191610
1757012210.656,latency_s,0.191546
1757012210.656,latency_s,0.183146
1757012210.656,latency_s,0.181538
1757012210.656,latency_s,0.170417
1757012210.657,latency_s,0.170772
1757012210.657,latency_s,0.170860
1757012210.657,latency_s,0.170370
1757012210.657,latency_s,0.169085
1757012210.657,latency_s,0.168641
1757012210.657,latency_s,0.166372
1757012210.658,latency_s,0.149116
1757012210.658,latency_s,0.141023
1757012210.658,latency_s,0.130084
1757012210.658,latency_s,0.102942
1757012210.658,latency_s,0.098905
1757012210.658,latency_s,0.093560
1757012210.658,latency_s,0.093479
1757012210.693,latency_s,0.311811
1757012210.693,latency_s,0.210396
1757012210.693,latency_s,0.119917
1757012210.693,latency_s,0.117339
1757012210.693,latency_s,0.107237
1757012210.695,latency_s,0.108582
1757012210.695,latency_s,0.108774
1757012210.696,latency_s,0.109165
1757012210.696,latency_s,0.107205
1757012210.696,latency_s,0.107567
1757012210.696,latency_s,0.104520
1757012210.696,latency_s,0.087016
1757012210.696,latency_s,0.112656
1757012210.696,latency_s,0.078641
1757012210.696,latency_s,0.067395
1757012210.702,latency_s,0.046191
1757012210.705,latency_s,0.045745
1757012210.712,latency_s,0.047014
1757012210.712,latency_s,0.047142
1757012210.720,latency_s,0.046117
1757012210.723,latency_s,0.046440
1757012210.732,latency_s,0.047554
1757012210.735,latency_s,0.047764
1757012210.736,latency_s,0.047793
1757012210.736,latency_s,0.047173
1757012210.737,latency_s,0.049530
1757012210.737,latency_s,0.048609
1757012210.737,latency_s,0.049615
1757012210.737,latency_s,0.045908
1757012210.758,latency_s,0.048224
1757012210.764,latency_s,0.046627
1757012210.777,latency_s,0.047440
1757012210.803,latency_s,0.046649
1757012210.806,latency_s,0.045976
1757012210.813,latency_s,0.046946
1757012210.813,latency_s,0.046094
1757012210.822,latency_s,0.046984
1757012210.823,latency_s,0.045937
1757012210.832,latency_s,0.046969
1757012210.834,latency_s,0.045966
1757012210.834,latency_s,0.045949
1757012210.837,latency_s,0.048785
1757012210.837,latency_s,0.048924
1757012210.837,latency_s,0.048396
1757012210.837,latency_s,0.048331
1757012210.838,latency_s,0.046027
1757012210.858,latency_s,0.048040
1757012210.866,latency_s,0.047176
1757012210.876,latency_s,0.046787
1757012210.904,latency_s,0.046748
1757012210.907,latency_s,0.046819
1757012210.913,latency_s,0.046707
1757012210.914,latency_s,0.046441
1757012210.923,latency_s,0.047247
1757012210.923,latency_s,0.046416
1757012210.932,latency_s,0.046777
1757012210.935,latency_s,0.046772
1757012210.937,latency_s,0.047754
1757012210.937,latency_s,0.048289
1757012210.938,latency_s,0.049144
1757012210.938,latency_s,0.049497
1757012210.938,latency_s,0.049055
1757012210.940,latency_s,0.047614
1757012210.956,latency_s,0.045685
1757012210.967,latency_s,0.047061
1757012210.977,latency_s,0.046136
1757012211.004,latency_s,0.046470
1757012211.009,latency_s,0.047102
1757012211.015,latency_s,0.047585
1757012211.015,latency_s,0.046672
1757012211.024,latency_s,0.047400
1757012211.024,latency_s,0.046765
1757012211.032,latency_s,0.045798
1757012211.038,latency_s,0.049392
1757012211.038,latency_s,0.049468
1757012211.038,latency_s,0.049308
1757012211.038,latency_s,0.049117
1757012211.038,latency_s,0.048904
1757012211.039,latency_s,0.049330
1757012211.040,latency_s,0.046571
1757012211.056,latency_s,0.045704
1757012211.070,latency_s,0.047884
1757012211.078,latency_s,0.046980
1757012211.107,latency_s,0.047331
1757012211.108,latency_s,0.046208
1757012211.115,latency_s,0.046175
1757012211.116,latency_s,0.046434
1757012211.124,latency_s,0.046922
1757012211.124,latency_s,0.046130
1757012211.133,latency_s,0.046363
1757012211.136,latency_s,0.046729
1757012211.136,latency_s,0.046593
1757012211.137,latency_s,0.047013
1757012211.138,latency_s,0.048043
1757012211.138,latency_s,0.048376
1757012211.138,latency_s,0.048064
1757012211.139,latency_s,0.045422
1757012211.158,latency_s,0.046924
1757012211.173,latency_s,0.049003
1757012211.179,latency_s,0.047453
1757012211.210,latency_s,0.047243
1757012211.210,latency_s,0.047252
1757012211.216,latency_s,0.046937
1757012211.216,latency_s,0.046053
1757012211.223,latency_s,0.045981
1757012211.225,latency_s,0.047006
1757012211.234,latency_s,0.047080
1757012211.236,latency_s,0.046583
1757012211.236,latency_s,0.046003
1757012211.237,latency_s,0.046214
1757012211.238,latency_s,0.045586
1757012211.239,latency_s,0.047176
1757012211.239,latency_s,0.047183
1757012211.240,latency_s,0.045337
1757012211.258,latency_s,0.046667
1757012211.273,latency_s,0.046279
1757012211.279,latency_s,0.046116
1757012211.310,latency_s,0.046968
1757012211.310,latency_s,0.045752
1757012211.316,latency_s,0.046538
1757012211.363,latency_s,0.092914
1757012211.363,latency_s,0.085976
1757012211.363,latency_s,0.085052
1757012211.363,latency_s,0.075711
1757012211.363,latency_s,0.073589
1757012211.363,latency_s,0.073115
1757012211.363,latency_s,0.072403
1757012211.364,latency_s,0.070934
1757012211.364,latency_s,0.070735
1757012211.364,latency_s,0.070880
1757012211.364,latency_s,0.068842
1757012211.364,latency_s,0.052424
1757012211.375,latency_s,0.046961
1757012211.380,latency_s,0.046934
1757012211.410,latency_s,0.046655
1757012211.413,latency_s,0.046554
1757012211.417,latency_s,0.047133
1757012211.417,latency_s,0.046634
1757012211.424,latency_s,0.046261
1757012211.425,latency_s,0.046456
1757012211.434,latency_s,0.046019
1757012211.440,latency_s,0.049810
1757012211.440,latency_s,0.048991
1757012211.440,latency_s,0.048853
1757012211.440,latency_s,0.047298
1757012211.441,latency_s,0.047358
1757012211.441,latency_s,0.047578
1757012211.446,latency_s,0.050727
1757012211.458,latency_s,0.046567
1757012211.476,latency_s,0.046574
1757012211.480,latency_s,0.046233
1757012211.510,latency_s,0.046437
1757012211.519,latency_s,0.049054
1757012211.519,latency_s,0.048542
1757012211.520,latency_s,0.049344
1757012211.525,latency_s,0.047013
1757012211.525,latency_s,0.045979
1757012211.535,latency_s,0.046167
1757012211.536,latency_s,0.045934
1757012211.538,latency_s,0.046283
1757012211.538,latency_s,0.046407
1757012211.541,latency_s,0.047081
1757012211.541,latency_s,0.047217
1757012211.541,latency_s,0.047219
1757012211.545,latency_s,0.049630
1757012211.558,latency_s,0.046160
1757012211.578,latency_s,0.047160
1757012211.580,latency_s,0.045720
1757012211.611,latency_s,0.046513
1757012211.619,latency_s,0.047711
1757012211.619,latency_s,0.047746
1757012211.619,latency_s,0.048109
1757012211.626,latency_s,0.047323
1757012211.626,latency_s,0.046616
1757012211.635,latency_s,0.046080
1757012211.637,latency_s,0.046788
1757012211.640,latency_s,0.047207
1757012211.640,latency_s,0.047299
1757012211.641,latency_s,0.046791
1757012211.642,latency_s,0.047141
1757012211.642,latency_s,0.047149
1757012211.642,latency_s,0.045947
1757012211.659,latency_s,0.046458
1757012211.678,latency_s,0.046543
1757012211.682,latency_s,0.047189
1757012211.713,latency_s,0.046814
1757012211.719,latency_s,0.047357
1757012211.720,latency_s,0.048135
1757012211.720,latency_s,0.048206
1757012211.727,latency_s,0.047956
1757012211.727,latency_s,0.047168
1757012211.735,latency_s,0.045890
1757012211.737,latency_s,0.046166
1757012211.740,latency_s,0.046676
1757012211.740,latency_s,0.046423
1757012211.741,latency_s,0.046044
1757012211.741,latency_s,0.046093
1757012211.743,latency_s,0.048059
1757012211.743,latency_s,0.046516
1757012211.759,latency_s,0.046454
1757012211.783,latency_s,0.047444
1757012211.783,latency_s,0.047607
1757012211.813,latency_s,0.046875
1757012211.820,latency_s,0.048291
1757012211.820,latency_s,0.048412
1757012211.820,latency_s,0.048286
1757012211.827,latency_s,0.047865
1757012211.827,latency_s,0.047095
1757012211.837,latency_s,0.047843
1757012211.837,latency_s,0.045865
1757012211.841,latency_s,0.047217
1757012211.841,latency_s,0.047377
1757012211.841,latency_s,0.045606
1757012211.844,latency_s,0.048107
1757012211.844,latency_s,0.047658
1757012211.844,latency_s,0.046453
1757012211.860,latency_s,0.046544
1757012211.884,latency_s,0.047946
1757012211.884,latency_s,0.048158
1757012211.915,latency_s,0.047987
1757012211.919,latency_s,0.046906
1757012211.921,latency_s,0.048606
1757012211.921,latency_s,0.048355
1757012211.926,latency_s,0.046623
1757012211.927,latency_s,0.046505
1757012211.936,latency_s,0.046472
1757012211.938,latency_s,0.046304
1757012211.944,latency_s,0.049401
1757012211.944,latency_s,0.049565
1757012211.944,latency_s,0.048138
1757012211.944,latency_s,0.047915
1757012211.944,latency_s,0.047211
1757012211.944,latency_s,0.046620
1757012211.983,latency_s,0.046777
1757012211.985,latency_s,0.046581
1757012212.014,latency_s,0.046576
1757012212.020,latency_s,0.047362
1757012212.020,latency_s,0.047452
1757012212.020,latency_s,0.047182
1757012212.026,latency_s,0.046761
1757012212.028,latency_s,0.046355
1757012212.036,latency_s,0.045565
1757012212.039,latency_s,0.046840
1757012212.042,latency_s,0.046819
1757012212.042,latency_s,0.045818
1757012212.043,latency_s,0.047005
1757012212.044,latency_s,0.046495
1757012212.044,latency_s,0.046536
1757012212.045,latency_s,0.047506
1757012212.084,latency_s,0.047484
1757012212.086,latency_s,0.046542
1757012212.099,latency_s,0.185234
1757012212.099,latency_s,0.084790
1757012212.114,latency_s,0.046139
1757012212.119,latency_s,0.046079
1757012212.121,latency_s,0.047858
1757012212.121,latency_s,0.047791
1757012212.126,latency_s,0.046566
1757012212.129,latency_s,0.047030
1757012212.136,latency_s,0.045999
1757012212.139,latency_s,0.046425
1757012212.147,latency_s,0.050231
1757012212.147,latency_s,0.050227
1757012212.147,latency_s,0.049942
1757012212.147,latency_s,0.048489
1757012212.147,latency_s,0.048016
1757012212.147,latency_s,0.048187
1757012212.163,latency_s,0.047668
1757012212.183,latency_s,0.046684
1757012212.187,latency_s,0.047206
1757012212.215,latency_s,0.047074
1757012212.221,latency_s,0.047369
1757012212.221,latency_s,0.046675
1757012212.221,latency_s,0.046960
1757012212.227,latency_s,0.047073
1757012212.232,latency_s,0.046782
1757012212.237,latency_s,0.046471
1757012212.240,latency_s,0.046504
1757012212.244,latency_s,0.046856
1757012212.244,latency_s,0.046870
1757012212.246,latency_s,0.047910
1757012212.246,latency_s,0.047005
1757012212.246,latency_s,0.046929
1757012212.247,latency_s,0.047530
1757012212.264,latency_s,0.046813
1757012212.284,latency_s,0.046473
1757012212.287,latency_s,0.046664
1757012212.315,latency_s,0.046012
1757012212.320,latency_s,0.046134
1757012212.321,latency_s,0.046032
1757012212.323,latency_s,0.047044
1757012212.328,latency_s,0.046904
1757012212.333,latency_s,0.046477
1757012212.337,latency_s,0.046039
1757012212.342,latency_s,0.046575
1757012212.346,latency_s,0.049280
1757012212.346,latency_s,0.049104
1757012212.346,latency_s,0.048362
1757012212.347,latency_s,0.047347
1757012212.347,latency_s,0.046904
1757012212.347,latency_s,0.047019
1757012212.365,latency_s,0.047072
1757012212.385,latency_s,0.046513
1757012212.388,latency_s,0.046958
1757012212.417,latency_s,0.046655
1757012212.422,latency_s,0.047152
1757012212.424,latency_s,0.047046
1757012212.424,latency_s,0.047096
1757012212.428,latency_s,0.046464
1757012212.436,latency_s,0.046450
1757012212.438,latency_s,0.046722
1757012212.441,latency_s,0.046017
1757012212.445,latency_s,0.047207
1757012212.445,latency_s,0.047072
1757012212.445,latency_s,0.046307
1757012212.447,latency_s,0.046166
1757012212.447,latency_s,0.046966
1757012212.448,latency_s,0.047127
1757012212.466,latency_s,0.047642
1757012212.485,latency_s,0.046655
1757012212.490,latency_s,0.046837
1757012212.518,latency_s,0.047088
1757012212.522,latency_s,0.046755
1757012212.524,latency_s,0.046715
1757012212.524,latency_s,0.046557
1757012212.528,latency_s,0.046163
1757012212.538,latency_s,0.046647
1757012212.538,latency_s,0.045647
1757012212.543,latency_s,0.046724
1757012212.544,latency_s,0.046143
1757012212.544,latency_s,0.046327
1757012212.545,latency_s,0.046241
1757012212.548,latency_s,0.046860
1757012212.548,latency_s,0.046750
1757012212.548,latency_s,0.046690
1757012212.566,latency_s,0.047020
1757012212.587,latency_s,0.046878
1757012212.592,latency_s,0.046411
1757012212.618,latency_s,0.046800
1757012212.622,latency_s,0.046263
1757012212.626,latency_s,0.047699
1757012212.626,latency_s,0.047741
1757012212.629,latency_s,0.046286
1757012212.640,latency_s,0.046732
1757012212.641,latency_s,0.046259
1757012212.642,latency_s,0.045554
1757012212.644,latency_s,0.046393
1757012212.646,latency_s,0.047568
1757012212.646,latency_s,0.046528
1757012212.648,latency_s,0.046834
1757012212.648,latency_s,0.046641
1757012212.648,latency_s,0.046671
1757012212.723,latency_s,0.103475
1757012212.723,latency_s,0.081948
1757012212.723,latency_s,0.075169
1757012212.723,latency_s,0.051123
1757012212.723,latency_s,0.047288
1757012212.730,latency_s,0.051038
1757012212.730,latency_s,0.046731
1757012212.756,latency_s,0.062769
1757012212.756,latency_s,0.058920
1757012212.756,latency_s,0.058897
1757012212.756,latency_s,0.058063
1757012212.756,latency_s,0.057871
1757012212.756,latency_s,0.056911
1757012212.756,latency_s,0.054968
1757012212.757,latency_s,0.054741
1757012212.757,latency_s,0.054545
1757012212.768,latency_s,0.046058
1757012212.790,latency_s,0.047121
1757012212.794,latency_s,0.045575
1757012212.820,latency_s,0.046980
1757012212.823,latency_s,0.047178
1757012212.826,latency_s,0.046692
1757012212.831,latency_s,0.047066
1757012212.841,latency_s,0.047177
1757012212.846,latency_s,0.048422
1757012212.846,latency_s,0.048539
1757012212.846,latency_s,0.047637
1757012212.846,latency_s,0.047559
1757012212.847,latency_s,0.046624
1757012212.848,latency_s,0.046464
1757012212.856,latency_s,0.053334
1757012212.856,latency_s,0.052934
1757012212.867,latency_s,0.188246
1757012212.868,latency_s,0.087523
1757012212.877,latency_s,0.054478
1757012212.892,latency_s,0.046940
1757012212.895,latency_s,0.046840
1757012212.920,latency_s,0.046964
1757012212.923,latency_s,0.046528
1757012212.928,latency_s,0.046928
1757012212.928,latency_s,0.046716
1757012212.931,latency_s,0.046517
1757012212.941,latency_s,0.046954
1757012212.947,latency_s,0.047413
1757012212.948,latency_s,0.048249
1757012212.948,latency_s,0.048448
1757012212.948,latency_s,0.048148
1757012212.948,latency_s,0.048061
1757012212.950,latency_s,0.047378
1757012212.950,latency_s,0.047819
1757012212.950,latency_s,0.047016
1757012212.969,latency_s,0.046137
1757012212.995,latency_s,0.046619
1757012212.995,latency_s,0.046651
1757012213.021,latency_s,0.047115
1757012213.023,latency_s,0.046363
1757012213.027,latency_s,0.046275
1757012213.028,latency_s,0.046359
1757012213.032,latency_s,0.047183
1757012213.041,latency_s,0.046227
1757012213.046,latency_s,0.046755
1757012213.046,latency_s,0.046603
1757012213.046,latency_s,0.046643
1757012213.048,latency_s,0.047078
1757012213.049,latency_s,0.046979
1757012213.056,latency_s,0.053724
1757012213.057,latency_s,0.053115
1757012213.057,latency_s,0.053642
1757012213.070,latency_s,0.046394
1757012213.099,latency_s,0.047250
1757012213.100,latency_s,0.047549
1757012213.121,latency_s,0.046777
1757012213.123,latency_s,0.046131
1757012213.129,latency_s,0.047436
1757012213.129,latency_s,0.046641
1757012213.132,latency_s,0.046217
1757012213.142,latency_s,0.045957
1757012213.147,latency_s,0.046135
1757012213.147,latency_s,0.046417
1757012213.150,latency_s,0.046374
1757012213.151,latency_s,0.047089
1757012213.151,latency_s,0.047384
1757012213.153,latency_s,0.048875
1757012213.153,latency_s,0.049011
1757012213.157,latency_s,0.053150
1757012213.173,latency_s,0.048587
1757012213.199,latency_s,0.046448
1757012213.199,latency_s,0.046280
1757012213.221,latency_s,0.046799
1757012213.223,latency_s,0.046119
1757012213.228,latency_s,0.046800
1757012213.230,latency_s,0.046057
1757012213.234,latency_s,0.047643
1757012213.243,latency_s,0.046471
1757012213.249,latency_s,0.047298
1757012213.249,latency_s,0.047144
1757012213.251,latency_s,0.046805
1757012213.252,latency_s,0.047571
1757012213.252,latency_s,0.047923
1757012213.253,latency_s,0.049075
1757012213.257,latency_s,0.051120
1757012213.258,latency_s,0.051194
1757012213.273,latency_s,0.047767
1757012213.299,latency_s,0.046223
1757012213.300,latency_s,0.046458
1757012213.322,latency_s,0.047643
1757012213.324,latency_s,0.046085
1757012213.329,latency_s,0.047181
1757012213.330,latency_s,0.046232
1757012213.334,latency_s,0.046818
1757012213.344,latency_s,0.046649
1757012213.349,latency_s,0.047024
1757012213.349,latency_s,0.047704
1757012213.353,latency_s,0.048012
1757012213.353,latency_s,0.047886
1757012213.353,latency_s,0.047889
1757012213.353,latency_s,0.048125
1757012213.358,latency_s,0.051438
1757012213.358,latency_s,0.051502
1757012213.372,latency_s,0.046996
1757012213.401,latency_s,0.047313
1757012213.401,latency_s,0.047024
1757012213.423,latency_s,0.047984
1757012213.424,latency_s,0.046262
1757012213.430,latency_s,0.046468
1757012213.432,latency_s,0.046299
1757012213.434,latency_s,0.046113
1757012213.445,latency_s,0.046964
1757012213.449,latency_s,0.047429
1757012213.449,latency_s,0.047361
1757012213.452,latency_s,0.046712
1757012213.452,latency_s,0.046733
1757012213.453,latency_s,0.047620
1757012213.453,latency_s,0.047501
1757012213.455,latency_s,0.046626
1757012213.460,latency_s,0.051770
1757012213.475,latency_s,0.048900
1757012213.502,latency_s,0.047729
1757012213.502,latency_s,0.046493
1757012213.524,latency_s,0.048728
1757012213.524,latency_s,0.046094
1757012213.530,latency_s,0.046797
1757012213.533,latency_s,0.046255
1757012213.534,latency_s,0.046548
1757012213.544,latency_s,0.045508
1757012213.548,latency_s,0.046195
1757012213.549,latency_s,0.046294
1757012213.553,latency_s,0.047583
1757012213.553,latency_s,0.047386
1757012213.553,latency_s,0.047264
1757012213.553,latency_s,0.046878
1757012213.555,latency_s,0.046476
1757012213.556,latency_s,0.046063
1757012213.574,latency_s,0.045970
1757012213.602,latency_s,0.046845
1757012213.604,latency_s,0.046455
1757012213.622,latency_s,0.046595
1757012213.625,latency_s,0.046443
1757012213.631,latency_s,0.046813
1757012213.634,latency_s,0.046517
1757012213.635,latency_s,0.046985
1757012213.645,latency_s,0.046536
1757012213.649,latency_s,0.046452
1757012213.654,latency_s,0.048234
1757012213.654,latency_s,0.048127
1757012213.654,latency_s,0.047941
1757012213.654,latency_s,0.047325
1757012213.657,latency_s,0.046293
1757012213.657,latency_s,0.046709
1757012213.676,latency_s,0.047066
1757012213.704,latency_s,0.047709
1757012213.706,latency_s,0.046303
1757012213.724,latency_s,0.047748
1757012213.725,latency_s,0.045838
1757012213.731,latency_s,0.046079
1757012213.733,latency_s,0.046155
1757012213.735,latency_s,0.046261
1757012213.745,latency_s,0.046448
1757012213.750,latency_s,0.046378
1757012213.755,latency_s,0.048881
1757012213.755,latency_s,0.048832
1757012213.755,latency_s,0.047978
1757012213.755,latency_s,0.047667
1757012213.759,latency_s,0.046457
1757012213.759,latency_s,0.046507
1757012213.775,latency_s,0.046479
1757012213.794,latency_s,0.190945
1757012213.794,latency_s,0.090212
1757012213.804,latency_s,0.047292
1757012213.807,latency_s,0.046195
1757012213.823,latency_s,0.046695
1757012213.826,latency_s,0.046292
1757012213.832,latency_s,0.046308
1757012213.834,latency_s,0.046368
1757012213.835,latency_s,0.046086
1757012213.845,latency_s,0.046026
1757012213.852,latency_s,0.047375
1757012213.852,latency_s,0.047519
1757012213.854,latency_s,0.047633
1757012213.854,latency_s,0.047593
1757012213.854,latency_s,0.046690
1757012213.855,latency_s,0.047137
1757012213.860,latency_s,0.045991
1757012213.861,latency_s,0.047264
1757012213.876,latency_s,0.046276
1757012213.904,latency_s,0.046384
1757012213.909,latency_s,0.047353
1757012213.926,latency_s,0.048004
1757012213.926,latency_s,0.045980
1757012213.933,latency_s,0.046769
1757012213.934,latency_s,0.046088
1757012213.936,latency_s,0.046707
1757012213.947,latency_s,0.047604
1757012213.951,latency_s,0.046064
1757012213.952,latency_s,0.046806
1757012213.955,latency_s,0.047628
1757012213.955,latency_s,0.047906
1757012213.955,latency_s,0.046861
1757012213.955,latency_s,0.046623
1757012213.961,latency_s,0.046355
1757012213.961,latency_s,0.046325
1757012213.977,latency_s,0.046826
1757012214.005,latency_s,0.046564
1757012214.009,latency_s,0.046567
1757012214.026,latency_s,0.047994
1757012214.026,latency_s,0.046263
1757012214.033,latency_s,0.046183
1757012214.036,latency_s,0.047644
1757012214.036,latency_s,0.047008
1757012214.047,latency_s,0.046541
1757012214.053,latency_s,0.047919
1757012214.053,latency_s,0.048210
1757012214.056,latency_s,0.048451
1757012214.056,latency_s,0.048666
1757012214.057,latency_s,0.048501
1757012214.057,latency_s,0.048239
1757012214.064,latency_s,0.046851
1757012214.065,latency_s,0.046658
1757012214.078,latency_s,0.046425
1757012214.106,latency_s,0.047202
1757012214.112,latency_s,0.046897
1757012214.125,latency_s,0.046600
1757012214.127,latency_s,0.045900
1757012214.135,latency_s,0.047041
1757012214.138,latency_s,0.047555
1757012214.138,latency_s,0.047397
1757012214.150,latency_s,0.047743
1757012214.153,latency_s,0.047379
1757012214.153,latency_s,0.047203
1757012214.154,latency_s,0.045943
1757012214.155,latency_s,0.047068
1757012214.156,latency_s,0.046830
1757012214.157,latency_s,0.047465
1757012214.164,latency_s,0.046709
1757012214.165,latency_s,0.046390
1757012214.180,latency_s,0.047010
1757012214.206,latency_s,0.046740
1757012214.212,latency_s,0.047067
1757012214.226,latency_s,0.046271
1757012214.227,latency_s,0.046335
1757012214.235,latency_s,0.046823
1757012214.236,latency_s,0.045376
1757012214.241,latency_s,0.046753
1757012214.250,latency_s,0.046101
1757012214.252,latency_s,0.046233
1757012214.253,latency_s,0.046386
1757012214.255,latency_s,0.045794
1757012214.257,latency_s,0.047508
1757012214.257,latency_s,0.047179
1757012214.257,latency_s,0.046832
1757012214.315,latency_s,0.097273
1757012214.316,latency_s,0.096309
1757012214.316,latency_s,0.081702
1757012214.316,latency_s,0.055098
1757012214.343,latency_s,0.072532
1757012214.343,latency_s,0.063274
1757012214.343,latency_s,0.062348
1757012214.344,latency_s,0.053979
1757012214.344,latency_s,0.052043
1757012214.344,latency_s,0.048600
1757012214.351,latency_s,0.046914
1757012214.354,latency_s,0.048027
1757012214.355,latency_s,0.047318
1757012214.358,latency_s,0.048293
1757012214.358,latency_s,0.048392
1757012214.358,latency_s,0.047551
1757012214.358,latency_s,0.047375
1757012214.366,latency_s,0.046127
1757012214.367,latency_s,0.047124
1757012214.381,latency_s,0.046210
1757012214.408,latency_s,0.046793
1757012214.418,latency_s,0.046383
1757012214.428,latency_s,0.047696
1757012214.429,latency_s,0.046939
1757012214.437,latency_s,0.045783
1757012214.444,latency_s,0.046801
1757012214.444,latency_s,0.046937
1757012214.451,latency_s,0.046923
1757012214.453,latency_s,0.046783
1757012214.456,latency_s,0.046584
1757012214.458,latency_s,0.047430
1757012214.458,latency_s,0.047631
1757012214.458,latency_s,0.047436
1757012214.464,latency_s,0.053381
1757012214.467,latency_s,0.047277
1757012214.480,latency_s,0.059077
1757012214.482,latency_s,0.046384
1757012214.508,latency_s,0.046295
1757012214.519,latency_s,0.047107
1757012214.528,latency_s,0.046995
1757012214.528,latency_s,0.045765
1757012214.538,latency_s,0.046169
1757012214.544,latency_s,0.046764
1757012214.544,latency_s,0.046975
1757012214.553,latency_s,0.046572
1757012214.557,latency_s,0.046493
1757012214.559,latency_s,0.047622
1757012214.559,latency_s,0.047617
1757012214.559,latency_s,0.047819
1757012214.559,latency_s,0.047662
1757012214.568,latency_s,0.046731
1757012214.570,latency_s,0.045939
1757012214.583,latency_s,0.046107
1757012214.610,latency_s,0.046811
1757012214.622,latency_s,0.047281
1757012214.628,latency_s,0.046820
1757012214.630,latency_s,0.046263
1757012214.639,latency_s,0.046424
1757012214.644,latency_s,0.045670
1757012214.645,latency_s,0.046731
1757012214.655,latency_s,0.047390
1757012214.658,latency_s,0.046976
1757012214.662,latency_s,0.047812
1757012214.662,latency_s,0.048151
1757012214.662,latency_s,0.047807
1757012214.662,latency_s,0.048082
1757012214.668,latency_s,0.046658
1757012214.671,latency_s,0.046030
1757012214.684,latency_s,0.046468
1757012214.691,latency_s,0.186214
1757012214.691,latency_s,0.084976
1757012214.711,latency_s,0.046925
1757012214.728,latency_s,0.046576
1757012214.728,latency_s,0.046403
1757012214.730,latency_s,0.046617
1757012214.741,latency_s,0.046177
1757012214.745,latency_s,0.046975
1757012214.746,latency_s,0.047008
1757012214.754,latency_s,0.046905
1757012214.754,latency_s,0.046529
1757012214.759,latency_s,0.046768
1757012214.762,latency_s,0.047638
1757012214.764,latency_s,0.049340
1757012214.764,latency_s,0.049004
1757012214.765,latency_s,0.049038
1757012214.770,latency_s,0.046865
1757012214.771,latency_s,0.046141
1757012214.785,latency_s,0.047047
1757012214.811,latency_s,0.046465
1757012214.829,latency_s,0.046690
1757012214.832,latency_s,0.047798
1757012214.832,latency_s,0.047713
1757012214.842,latency_s,0.046529
1757012214.846,latency_s,0.047652
1757012214.847,latency_s,0.046709
1757012214.856,latency_s,0.047571
1757012214.856,latency_s,0.047737
1757012214.858,latency_s,0.045670
1757012214.864,latency_s,0.047744
1757012214.864,latency_s,0.047719
1757012214.864,latency_s,0.047475
1757012214.864,latency_s,0.047035
1757012214.870,latency_s,0.046678
1757012214.872,latency_s,0.046369
1757012214.885,latency_s,0.046576
1757012214.912,latency_s,0.046779
1757012214.929,latency_s,0.045918
1757012214.930,latency_s,0.045763
1757012214.931,latency_s,0.046514
1757012214.944,latency_s,0.047871
1757012214.946,latency_s,0.046530
1757012214.947,latency_s,0.046140
1757012214.956,latency_s,0.047372
1757012214.956,latency_s,0.047293
1757012214.961,latency_s,0.046504
1757012214.963,latency_s,0.046635
1757012214.964,latency_s,0.046816
1757012214.964,latency_s,0.047040
1757012214.965,latency_s,0.047995
1757012214.972,latency_s,0.047789
1757012214.972,latency_s,0.046341
1757012214.987,latency_s,0.047078
1757012215.012,latency_s,0.046385
1757012215.031,latency_s,0.047566
1757012215.031,latency_s,0.046657
1757012215.031,latency_s,0.046472
1757012215.043,latency_s,0.045964
1757012215.048,latency_s,0.047119
1757012215.048,latency_s,0.046191
1757012215.056,latency_s,0.046558
1757012215.056,latency_s,0.046756
1757012215.061,latency_s,0.046242
1757012215.064,latency_s,0.046690
1757012215.065,latency_s,0.047561
1757012215.066,latency_s,0.047621
1757012215.066,latency_s,0.048032
1757012215.074,latency_s,0.048072
1757012215.074,latency_s,0.047756
1757012215.086,latency_s,0.046000
1757012215.116,latency_s,0.047026
1757012215.130,latency_s,0.045921
1757012215.132,latency_s,0.046775
1757012215.141,latency_s,0.046761
1757012215.144,latency_s,0.045873
1757012215.148,latency_s,0.045992
1757012215.151,latency_s,0.048517
1757012215.156,latency_s,0.045999
1757012215.156,latency_s,0.046495
1757012215.162,latency_s,0.046518
1757012215.164,latency_s,0.046029
1757012215.166,latency_s,0.047139
1757012215.166,latency_s,0.047284
1757012215.166,latency_s,0.047779
1757012215.178,latency_s,0.046399
1757012215.178,latency_s,0.046392
1757012215.188,latency_s,0.046896
1757012215.215,latency_s,0.046572
1757012215.231,latency_s,0.046790
1757012215.233,latency_s,0.046757
1757012215.241,latency_s,0.045897
1757012215.245,latency_s,0.045945
1757012215.251,latency_s,0.047643
1757012215.251,latency_s,0.047543
1757012215.301,latency_s,0.090073
1757012215.301,latency_s,0.090561
1757012215.301,latency_s,0.085600
1757012215.301,latency_s,0.082409
1757012215.301,latency_s,0.082144
1757012215.301,latency_s,0.082028
1757012215.301,latency_s,0.081923
1757012215.301,latency_s,0.067253
1757012215.301,latency_s,0.067158
1757012215.301,latency_s,0.060009
1757012215.316,latency_s,0.046859
1757012215.332,latency_s,0.046891
1757012215.333,latency_s,0.045743
1757012215.343,latency_s,0.046387
1757012215.345,latency_s,0.045598
1757012215.349,latency_s,0.045859
1757012215.351,latency_s,0.046594
1757012215.359,latency_s,0.047812
1757012215.359,latency_s,0.048077
1757012215.368,latency_s,0.051893
1757012215.368,latency_s,0.048476
1757012215.368,latency_s,0.048246
1757012215.370,latency_s,0.047548
1757012215.378,latency_s,0.055854
1757012215.381,latency_s,0.046172
1757012215.385,latency_s,0.050018
1757012215.388,latency_s,0.046447
1757012215.416,latency_s,0.046189
1757012215.432,latency_s,0.046607
1757012215.434,latency_s,0.046579
1757012215.443,latency_s,0.045896
1757012215.447,latency_s,0.046228
1757012215.450,latency_s,0.046068
1757012215.452,latency_s,0.047023
1757012215.459,latency_s,0.047869
1757012215.459,latency_s,0.047846
1757012215.463,latency_s,0.046480
1757012215.465,latency_s,0.045794
1757012215.470,latency_s,0.050207
1757012215.470,latency_s,0.047698
1757012215.471,latency_s,0.047796
1757012215.483,latency_s,0.046578
1757012215.483,latency_s,0.046866
1757012215.488,latency_s,0.045987
1757012215.517,latency_s,0.046571
1757012215.533,latency_s,0.047095
1757012215.535,latency_s,0.046529
1757012215.547,latency_s,0.046101
1757012215.548,latency_s,0.046552
1757012215.550,latency_s,0.045892
1757012215.552,latency_s,0.046172
1757012215.558,latency_s,0.046717
1757012215.558,latency_s,0.046660
1757012215.564,latency_s,0.047299
1757012215.567,latency_s,0.046813
1757012215.571,latency_s,0.050280
1757012215.571,latency_s,0.047460
1757012215.571,latency_s,0.047595
1757012215.587,latency_s,0.047859
1757012215.588,latency_s,0.048005
1757012215.590,latency_s,0.046495
1757012215.617,latency_s,0.046158
1757012215.632,latency_s,0.046255
1757012215.636,latency_s,0.046577
1757012215.648,latency_s,0.046455
1757012215.651,latency_s,0.046829
1757012215.654,latency_s,0.047129
1757012215.654,latency_s,0.047008
1757012215.661,latency_s,0.047952
1757012215.662,latency_s,0.048551
1757012215.663,latency_s,0.045892
1757012215.666,latency_s,0.046194
1757012215.669,latency_s,0.047442
1757012215.673,latency_s,0.047567
1757012215.673,latency_s,0.047785
1757012215.690,latency_s,0.049978
1757012215.690,latency_s,0.050111
1757012215.690,latency_s,0.046660
1757012215.718,latency_s,0.046982
1757012215.733,latency_s,0.046700
1757012215.736,latency_s,0.046209
1757012215.750,latency_s,0.047733
1757012215.751,latency_s,0.046227
1757012215.755,latency_s,0.047066
1757012215.755,latency_s,0.046689
1757012215.761,latency_s,0.047239
1757012215.761,latency_s,0.046407
1757012215.763,latency_s,0.045444
1757012215.766,latency_s,0.045787
1757012215.769,latency_s,0.047185
1757012215.773,latency_s,0.046958
1757012215.786,latency_s,0.060095
1757012215.789,latency_s,0.046980
1757012215.791,latency_s,0.048458
1757012215.791,latency_s,0.047384
1757012215.818,latency_s,0.046739
1757012215.833,latency_s,0.046299
1757012215.836,latency_s,0.046750
1757012215.849,latency_s,0.046083
1757012215.852,latency_s,0.046203
1757012215.854,latency_s,0.046471
1757012215.855,latency_s,0.045849
1757012215.861,latency_s,0.046813
1757012215.861,latency_s,0.046674
1757012215.867,latency_s,0.048596
1757012215.867,latency_s,0.046774
1757012215.870,latency_s,0.046186
1757012215.872,latency_s,0.045742
1757012215.874,latency_s,0.047200
1757012215.889,latency_s,0.046345
1757012215.891,latency_s,0.047518
1757012215.891,latency_s,0.047147
1757012215.918,latency_s,0.046627
1757012215.936,latency_s,0.048154
1757012215.936,latency_s,0.046219
1757012215.952,latency_s,0.048701
1757012215.953,latency_s,0.046939
1757012215.954,latency_s,0.045813
1757012215.956,latency_s,0.046377
1757012215.962,latency_s,0.046753
1757012215.965,latency_s,0.046479
1757012215.967,latency_s,0.045899
1757012215.974,latency_s,0.048636
1757012215.974,latency_s,0.047527
1757012215.974,latency_s,0.047096
1757012215.990,latency_s,0.046837
1757012215.991,latency_s,0.046029
1757012215.992,latency_s,0.047719
1757012216.018,latency_s,0.046131
1757012216.034,latency_s,0.046202
1757012216.037,latency_s,0.047041
1757012216.050,latency_s,0.046369
1757012216.052,latency_s,0.046211
1757012216.056,latency_s,0.046576
1757012216.056,latency_s,0.045730
1757012216.062,latency_s,0.046329
1757012216.068,latency_s,0.048507
1757012216.068,latency_s,0.046543
1757012216.072,latency_s,0.045880
1757012216.074,latency_s,0.046140
1757012216.075,latency_s,0.046448
1757012216.092,latency_s,0.047472
1757012216.092,latency_s,0.046945
1757012216.094,latency_s,0.046199
1757012216.107,latency_s,0.192042
1757012216.107,latency_s,0.091484
1757012216.120,latency_s,0.047334
1757012216.137,latency_s,0.047887
1757012216.137,latency_s,0.046055
1757012216.154,latency_s,0.048705
1757012216.154,latency_s,0.047466
1757012216.156,latency_s,0.046791
1757012216.162,latency_s,0.046077
1757012216.163,latency_s,0.046614
1757012216.167,latency_s,0.046829
1757012216.168,latency_s,0.046144
1757012216.173,latency_s,0.047112
1757012216.175,latency_s,0.046477
1757012216.175,latency_s,0.046559
1757012216.196,latency_s,0.050991
1757012216.197,latency_s,0.051128
1757012216.197,latency_s,0.047709
1757012216.220,latency_s,0.046470
1757012216.237,latency_s,0.047994
1757012216.237,latency_s,0.046145
1757012216.252,latency_s,0.046306
1757012216.254,latency_s,0.046396
1757012216.257,latency_s,0.046443
1757012216.264,latency_s,0.047534
1757012216.265,latency_s,0.047351
1757012216.267,latency_s,0.046326
1757012216.268,latency_s,0.045943
1757012216.272,latency_s,0.045587
1757012216.276,latency_s,0.046468
1757012216.277,latency_s,0.047086
1757012216.292,latency_s,0.046511
1757012216.294,latency_s,0.048278
1757012216.297,latency_s,0.047030
1757012216.300,latency_s,0.189128
1757012216.301,latency_s,0.089070
1757012216.320,latency_s,0.046196
1757012216.337,latency_s,0.047215
1757012216.339,latency_s,0.047250
1757012216.354,latency_s,0.047475
1757012216.355,latency_s,0.047180
1757012216.357,latency_s,0.045971
1757012216.358,latency_s,0.046018
1757012216.365,latency_s,0.046817
1757012216.365,latency_s,0.047100
1757012216.367,latency_s,0.046080
1757012216.368,latency_s,0.046124
1757012216.374,latency_s,0.046763
1757012216.376,latency_s,0.046459
1757012216.376,latency_s,0.046261
1757012216.394,latency_s,0.047454
1757012216.394,latency_s,0.047617
1757012216.397,latency_s,0.046451
1757012216.421,latency_s,0.046393
1757012216.436,latency_s,0.045917
1757012216.439,latency_s,0.047091
1757012216.456,latency_s,0.047581
1757012216.456,latency_s,0.048107
1757012216.457,latency_s,0.045885
1757012216.459,latency_s,0.046211
1757012216.466,latency_s,0.047041
1757012216.466,latency_s,0.047199
1757012216.469,latency_s,0.047191
1757012216.469,latency_s,0.046333
1757012216.475,latency_s,0.046354
1757012216.476,latency_s,0.045517
1757012216.476,latency_s,0.046279
1757012216.494,latency_s,0.047475
1757012216.495,latency_s,0.047652
1757012216.498,latency_s,0.046676
1757012216.521,latency_s,0.046165
1757012216.538,latency_s,0.047412
1757012216.539,latency_s,0.046655
1757012216.559,latency_s,0.050131
1757012216.559,latency_s,0.050010
1757012216.559,latency_s,0.046681
1757012216.559,latency_s,0.045865
1757012216.567,latency_s,0.046986
1757012216.567,latency_s,0.046692
1757012216.568,latency_s,0.046249
1757012216.569,latency_s,0.045634
1757012216.578,latency_s,0.048420
1757012216.579,latency_s,0.047830
1757012216.579,latency_s,0.047863
1757012216.596,latency_s,0.048419
1757012216.596,latency_s,0.048504
1757012216.599,latency_s,0.047302
1757012216.622,latency_s,0.046886
1757012216.639,latency_s,0.048863
1757012216.639,latency_s,0.046722
1757012216.658,latency_s,0.048793
1757012216.658,latency_s,0.048791
1757012216.659,latency_s,0.046799
1757012216.660,latency_s,0.045888
1757012216.668,latency_s,0.047292
1757012216.669,latency_s,0.048615
1757012216.670,latency_s,0.047151
1757012216.670,latency_s,0.045875
1757012216.679,latency_s,0.047300
1757012216.679,latency_s,0.047176
1757012216.679,latency_s,0.047517
1757012216.694,latency_s,0.046981
1757012216.696,latency_s,0.045833
1757012216.699,latency_s,0.046261
1757012216.722,latency_s,0.046633
1757012216.737,latency_s,0.046688
1757012216.740,latency_s,0.046454
1757012216.757,latency_s,0.047967
1757012216.758,latency_s,0.047791
1757012216.759,latency_s,0.046172
1757012216.761,latency_s,0.046335
1757012216.769,latency_s,0.047171
1757012216.769,latency_s,0.047252
1757012216.769,latency_s,0.046309
1757012216.771,latency_s,0.046127
1757012216.778,latency_s,0.046211
1757012216.779,latency_s,0.045789
1757012216.780,latency_s,0.046434
1757012216.795,latency_s,0.047216
1757012216.798,latency_s,0.047215
1757012216.799,latency_s,0.045994
1757012216.823,latency_s,0.047610
1757012216.838,latency_s,0.046399
1757012216.841,latency_s,0.046721
1757012216.858,latency_s,0.047775
1757012216.858,latency_s,0.048138
1757012216.861,latency_s,0.047516
1757012216.862,latency_s,0.046785
1757012216.870,latency_s,0.047846
1757012216.870,latency_s,0.047169
1757012216.871,latency_s,0.048260
1757012216.872,latency_s,0.046831
1757012216.880,latency_s,0.047748
1757012216.881,latency_s,0.047394
1757012216.881,latency_s,0.046149
1757012216.896,latency_s,0.047852
1757012216.897,latency_s,0.046221
1757012216.899,latency_s,0.046182
1757012216.923,latency_s,0.047436
1757012216.938,latency_s,0.046546
1757012216.939,latency_s,0.045263
1757012216.957,latency_s,0.046564
1757012216.959,latency_s,0.047006
1757012217.005,latency_s,0.090943
1757012217.005,latency_s,0.089843
1757012217.006,latency_s,0.082930
1757012217.006,latency_s,0.083027
1757012217.006,latency_s,0.081810
1757012217.006,latency_s,0.080179
1757012217.006,latency_s,0.072748
1757012217.006,latency_s,0.072421
1757012217.006,latency_s,0.070822
1757012217.006,latency_s,0.057644
1757012217.006,latency_s,0.054399
1757012217.006,latency_s,0.052688
1757012217.023,latency_s,0.046509
1757012217.038,latency_s,0.046206
1757012217.041,latency_s,0.046631
1757012217.058,latency_s,0.047016
1757012217.059,latency_s,0.046889
1757012217.060,latency_s,0.045725
1757012217.062,latency_s,0.045759
1757012217.072,latency_s,0.047871
1757012217.072,latency_s,0.048244
1757012217.075,latency_s,0.049789
1757012217.075,latency_s,0.048570
1757012217.081,latency_s,0.046196
1757012217.094,latency_s,0.057605
1757012217.095,latency_s,0.057793
1757012217.097,latency_s,0.048240
1757012217.098,latency_s,0.045727
1757012217.100,latency_s,0.046095
1757012217.124,latency_s,0.046867
1757012217.139,latency_s,0.046608
1757012217.141,latency_s,0.046007
1757012217.160,latency_s,0.048715
1757012217.160,latency_s,0.047103
1757012217.161,latency_s,0.046328
1757012217.164,latency_s,0.046498
1757012217.170,latency_s,0.045734
1757012217.173,latency_s,0.048176
1757012217.173,latency_s,0.047457
1757012217.173,latency_s,0.046594
1757012217.182,latency_s,0.046259
1757012217.196,latency_s,0.058546
1757012217.196,latency_s,0.058754
1757012217.196,latency_s,0.047488
1757012217.198,latency_s,0.045792
1757012217.200,latency_s,0.045660
1757012217.224,latency_s,0.046042
1757012217.240,latency_s,0.047129
1757012217.243,latency_s,0.047055
1757012217.258,latency_s,0.046028
1757012217.308,latency_s,0.094158
1757012217.308,latency_s,0.092622
1757012217.308,latency_s,0.090499
1757012217.308,latency_s,0.083084
1757012217.308,latency_s,0.082800
1757012217.308,latency_s,0.082617
1757012217.308,latency_s,0.081332
1757012217.308,latency_s,0.070891
1757012217.308,latency_s,0.069109
1757012217.308,latency_s,0.069049
1757012217.308,latency_s,0.058857
1757012217.308,latency_s,0.055532
1757012217.321,latency_s,0.065950
1757012217.325,latency_s,0.046263
1757012217.341,latency_s,0.047042
1757012217.342,latency_s,0.045500
1757012217.360,latency_s,0.046236
1757012217.363,latency_s,0.047025
1757012217.363,latency_s,0.046965
1757012217.365,latency_s,0.046723
1757012217.373,latency_s,0.046900
1757012217.427,latency_s,0.100890
1757012217.427,latency_s,0.100325
1757012217.427,latency_s,0.099573
1757012217.427,latency_s,0.087294
1757012217.427,latency_s,0.085363
1757012217.427,latency_s,0.085276
1757012217.427,latency_s,0.077296
1757012217.427,latency_s,0.073967
1757012217.427,latency_s,0.071589
1757012217.427,latency_s,0.048065
1757012217.441,latency_s,0.046266
1757012217.461,latency_s,0.046689
1757012217.468,latency_s,0.047238
1757012217.468,latency_s,0.047526
1757012217.474,latency_s,0.047490
1757012217.477,latency_s,0.050668
1757012217.477,latency_s,0.050950
1757012217.477,latency_s,0.050268
1757012217.477,latency_s,0.049755
1757012217.504,latency_s,0.063900
1757012217.504,latency_s,0.060575
1757012217.504,latency_s,0.060514
1757012217.504,latency_s,0.054261
1757012217.504,latency_s,0.050848
1757012217.504,latency_s,0.047841
1757012217.527,latency_s,0.047038
1757012217.542,latency_s,0.046986
1757012217.561,latency_s,0.046329
1757012217.568,latency_s,0.047422
1757012217.568,latency_s,0.047527
1757012217.573,latency_s,0.045764
1757012217.576,latency_s,0.048984
1757012217.597,latency_s,0.069720
1757012217.597,latency_s,0.069240
1757012217.597,latency_s,0.069155
1757012217.597,latency_s,0.200458
1757012217.597,latency_s,0.100125
1757012217.597,latency_s,0.052372
1757012217.597,latency_s,0.048517
1757012217.597,latency_s,0.048429
1757012217.597,latency_s,0.046708
1757012217.600,latency_s,0.045650
1757012217.604,latency_s,0.045695
1757012217.628,latency_s,0.047982
1757012217.641,latency_s,0.046199
1757012217.643,latency_s,0.046091
1757012217.662,latency_s,0.046975
1757012217.668,latency_s,0.046878
1757012217.668,latency_s,0.047122
1757012217.677,latency_s,0.049687
1757012217.677,latency_s,0.049924
1757012217.677,latency_s,0.049438
1757012217.677,latency_s,0.048713
1757012217.678,latency_s,0.049316
1757012217.693,latency_s,0.047609
1757012217.698,latency_s,0.048706
1757012217.698,latency_s,0.048798
1757012217.698,latency_s,0.047473
1757012217.702,latency_s,0.046110
1757012217.705,latency_s,0.046638
1757012217.727,latency_s,0.046107
1757012217.743,latency_s,0.046916
1757012217.743,latency_s,0.046052
1757012217.762,latency_s,0.047050
1757012217.770,latency_s,0.047313
1757012217.770,latency_s,0.046386
1757012217.775,latency_s,0.047497
1757012217.776,latency_s,0.048252
1757012217.779,latency_s,0.050701
1757012217.779,latency_s,0.050503
1757012217.779,latency_s,0.049898
1757012217.795,latency_s,0.046512
1757012217.806,latency_s,0.056069
1757012217.806,latency_s,0.056036
1757012217.806,latency_s,0.055090
1757012217.807,latency_s,0.050100
1757012217.807,latency_s,0.047140
1757012217.828,latency_s,0.046790
1757012217.844,latency_s,0.047311
1757012217.844,latency_s,0.046412
1757012217.862,latency_s,0.046668
1757012217.869,latency_s,0.046190
1757012217.871,latency_s,0.046953
1757012217.875,latency_s,0.046534
1757012217.877,latency_s,0.046525
1757012217.877,latency_s,0.046697
1757012217.879,latency_s,0.049294
1757012217.879,latency_s,0.049296
1757012217.900,latency_s,0.051902
1757012217.901,latency_s,0.048717
1757012217.901,latency_s,0.048571
1757012217.901,latency_s,0.048715
1757012217.903,latency_s,0.046382
1757012217.906,latency_s,0.046349
1757012217.928,latency_s,0.046126
1757012217.945,latency_s,0.046948
1757012217.946,latency_s,0.047200
1757012217.963,latency_s,0.046932
1757012217.971,latency_s,0.046506
1757012217.972,latency_s,0.046049
1757012217.976,latency_s,0.046543
1757012217.976,latency_s,0.045809
1757012217.978,latency_s,0.047779
1757012217.981,latency_s,0.050629
1757012217.981,latency_s,0.050809
1757012217.996,latency_s,0.047166
1757012217.999,latency_s,0.047055
1757012218.008,latency_s,0.055634
1757012218.008,latency_s,0.055433
1757012218.008,latency_s,0.050259
1757012218.008,latency_s,0.047580
1757012218.029,latency_s,0.046971
1757012218.046,latency_s,0.047221
1757012218.046,latency_s,0.046719
1757012218.062,latency_s,0.046104
1757012218.073,latency_s,0.047336
1757012218.073,latency_s,0.047245
1757012218.078,latency_s,0.047693
1757012218.078,latency_s,0.046806
1757012218.078,latency_s,0.046548
1757012218.083,latency_s,0.051331
1757012218.083,latency_s,0.051701
1757012218.098,latency_s,0.046680
1757012218.098,latency_s,0.046257
1757012218.101,latency_s,0.046867
1757012218.109,latency_s,0.055249
1757012218.109,latency_s,0.050626
1757012218.109,latency_s,0.048234
1757012218.129,latency_s,0.046405
1757012218.145,latency_s,0.046373
1757012218.146,latency_s,0.046786
1757012218.164,latency_s,0.047079
1757012218.173,latency_s,0.046221
1757012218.173,latency_s,0.046237
1757012218.178,latency_s,0.047144
1757012218.179,latency_s,0.047643
1757012218.179,latency_s,0.048048
1757012218.179,latency_s,0.047948
1757012218.180,latency_s,0.048025
1757012218.200,latency_s,0.047375
1757012218.200,latency_s,0.047321
1757012218.209,latency_s,0.055409
1757012218.210,latency_s,0.054955
1757012218.210,latency_s,0.049718
1757012218.210,latency_s,0.047822
1757012218.230,latency_s,0.046410
1757012218.246,latency_s,0.046218
1757012218.247,latency_s,0.046857
1757012218.263,latency_s,0.046047
1757012218.275,latency_s,0.047379
1757012218.275,latency_s,0.047355
1757012218.277,latency_s,0.046018
1757012218.278,latency_s,0.046473
1757012218.281,latency_s,0.048900
1757012218.281,latency_s,0.048877
1757012218.281,latency_s,0.048866
1757012218.299,latency_s,0.046008
1757012218.299,latency_s,0.045838
1757012218.301,latency_s,0.046272
1757012218.311,latency_s,0.056036
1757012218.311,latency_s,0.050737
1757012218.311,latency_s,0.048887
1757012218.331,latency_s,0.046798
1757012218.348,latency_s,0.047044
1757012218.348,latency_s,0.047036
1757012218.364,latency_s,0.046502
1757012218.375,latency_s,0.046479
1757012218.375,latency_s,0.046580
1757012218.379,latency_s,0.046594
1757012218.379,latency_s,0.047009
1757012218.379,latency_s,0.046966
1757012218.381,latency_s,0.049260
1757012218.381,latency_s,0.049099
1757012218.401,latency_s,0.047091
1757012218.401,latency_s,0.046985
1757012218.402,latency_s,0.046723
1757012218.402,latency_s,0.046697
1757012218.407,latency_s,0.045780
1757012218.411,latency_s,0.048226
1757012218.432,latency_s,0.047009
1757012218.448,latency_s,0.046687
1757012218.450,latency_s,0.046253
1757012218.464,latency_s,0.046813
1757012218.476,latency_s,0.046669
1757012218.476,latency_s,0.046067
1757012218.480,latency_s,0.048557
1757012218.481,latency_s,0.048453
1757012218.481,latency_s,0.048081
1757012218.528,latency_s,0.095184
1757012218.528,latency_s,0.095688
1757012218.528,latency_s,0.074278
1757012218.528,latency_s,0.073971
1757012218.528,latency_s,0.072109
1757012218.528,latency_s,0.071909
1757012218.528,latency_s,0.065128
1757012218.528,latency_s,0.065381
1757012218.537,latency_s,0.051852
1757012218.548,latency_s,0.046082
1757012218.612,latency_s,0.107282
1757012218.612,latency_s,0.093620
1757012218.612,latency_s,0.082719
1757012218.612,latency_s,0.081862
1757012218.612,latency_s,0.079990
1757012218.612,latency_s,0.079839
1757012218.612,latency_s,0.079526
1757012218.612,latency_s,0.079551
1757012218.612,latency_s,0.079077
1757012218.612,latency_s,0.058365
1757012218.612,latency_s,0.055427
1757012218.612,latency_s,0.055341
1757012218.613,latency_s,0.054703
1757012218.613,latency_s,0.048989
1757012218.613,latency_s,0.049223
1757012218.632,latency_s,0.046473
1757012218.650,latency_s,0.046982
1757012218.651,latency_s,0.045893
1757012218.666,latency_s,0.046668
1757012218.679,latency_s,0.048859
1757012218.685,latency_s,0.054362
1757012218.685,latency_s,0.052376
1757012218.685,latency_s,0.052339
1757012218.685,latency_s,0.051291
1757012218.685,latency_s,0.050936
1757012218.685,latency_s,0.051232
1757012218.701,latency_s,0.046790
1757012218.705,latency_s,0.047756
1757012218.705,latency_s,0.047715
1757012218.705,latency_s,0.047295
1757012218.722,latency_s,0.057732
1757012218.722,latency_s,0.057695
1757012218.732,latency_s,0.045813
1757012218.751,latency_s,0.047302
1757012218.767,latency_s,0.046522
1757012218.779,latency_s,0.046082
1757012218.780,latency_s,0.046928
1757012218.781,latency_s,0.047194
1757012218.786,latency_s,0.052574
1757012218.786,latency_s,0.052088
1757012218.787,latency_s,0.051695
1757012218.787,latency_s,0.051097
1757012218.802,latency_s,0.047257
1757012218.803,latency_s,0.045530
1757012218.816,latency_s,0.058434
1757012218.817,latency_s,0.056635
1757012218.817,latency_s,0.052122
1757012218.817,latency_s,0.052068
1757012218.834,latency_s,0.046921
1757012218.854,latency_s,0.047133
1757012218.870,latency_s,0.046444
1757012218.883,latency_s,0.049881
1757012218.883,latency_s,0.048973
1757012218.883,latency_s,0.049093
1757012218.884,latency_s,0.048910
1757012218.889,latency_s,0.054564
1757012218.889,latency_s,0.054098
1757012218.889,latency_s,0.053164
1757012218.891,latency_s,0.183792
1757012218.920,latency_s,0.111367
1757012218.920,latency_s,0.063161
1757012218.920,latency_s,0.060739
1757012218.920,latency_s,0.061004
1757012218.921,latency_s,0.060007
1757012218.921,latency_s,0.055232
1757012218.921,latency_s,0.055361
1757012218.934,latency_s,0.046606
1757012218.957,latency_s,0.048090
1757012218.957,latency_s,0.048116
1757012218.972,latency_s,0.047505
1757012218.980,latency_s,0.045911
1757012218.981,latency_s,0.046366
1757012218.981,latency_s,0.046303
1757012218.982,latency_s,0.046389
1757012218.993,latency_s,0.057338
1757012218.993,latency_s,0.056927
1757012218.993,latency_s,0.056035
1757012219.004,latency_s,0.046536
1757012219.008,latency_s,0.047471
1757012219.008,latency_s,0.047861
1757012219.008,latency_s,0.047914
1757012219.017,latency_s,0.050092
1757012219.017,latency_s,0.050146
1757012219.035,latency_s,0.046287
1757012219.057,latency_s,0.046814
1757012219.071,latency_s,0.046294
1757012219.084,latency_s,0.049613
1757012219.086,latency_s,0.050562
1757012219.086,latency_s,0.050406
1757012219.086,latency_s,0.050456
1757012219.086,latency_s,0.050421
1757012219.086,latency_s,0.050263
1757012219.093,latency_s,0.054782
1757012219.122,latency_s,0.064121
1757012219.122,latency_s,0.058153
1757012219.122,latency_s,0.058335
1757012219.122,latency_s,0.056597
1757012219.122,latency_s,0.054716
1757012219.122,latency_s,0.054768
1757012219.135,latency_s,0.046452
1757012219.157,latency_s,0.046376
1757012219.173,latency_s,0.046802
1757012219.183,latency_s,0.048252
1757012219.183,latency_s,0.047081
1757012219.183,latency_s,0.047240
1757012219.184,latency_s,0.047184
1757012219.187,latency_s,0.050633
1757012219.187,latency_s,0.049756
1757012219.187,latency_s,0.048484
1757012219.209,latency_s,0.198969
1757012219.209,latency_s,0.098690
1757012219.209,latency_s,0.050983
1757012219.211,latency_s,0.046762
1757012219.220,latency_s,0.055275
1757012219.220,latency_s,0.053483
1757012219.220,latency_s,0.052129
1757012219.220,latency_s,0.052314
1757012219.236,latency_s,0.046122
1757012219.259,latency_s,0.047000
1757012219.259,latency_s,0.046211
1757012219.275,latency_s,0.047610
1757012219.285,latency_s,0.049117
1757012219.286,latency_s,0.049844
1757012219.286,latency_s,0.049619
1757012219.286,latency_s,0.049670
1757012219.286,latency_s,0.049440
1757012219.295,latency_s,0.057313
1757012219.295,latency_s,0.056348
1757012219.305,latency_s,0.046433
1757012219.313,latency_s,0.048299
1757012219.313,latency_s,0.047935
1757012219.322,latency_s,0.055203
1757012219.322,latency_s,0.053367
1757012219.322,latency_s,0.053359
1757012219.337,latency_s,0.046889
1757012219.359,latency_s,0.047167
1757012219.360,latency_s,0.046096
1757012219.376,latency_s,0.047026
1757012219.384,latency_s,0.047366
1757012219.386,latency_s,0.049351
1757012219.386,latency_s,0.049224
1757012219.387,latency_s,0.049562
1757012219.387,latency_s,0.049203
1757012219.387,latency_s,0.048442
1757012219.387,latency_s,0.047534
1757012219.406,latency_s,0.047377
1757012219.411,latency_s,0.046110
1757012219.414,latency_s,0.046867
1757012219.414,latency_s,0.046960
1757012219.423,latency_s,0.053665
1757012219.423,latency_s,0.053750
1757012219.438,latency_s,0.048593
1757012219.461,latency_s,0.047870
1757012219.462,latency_s,0.047740
1757012219.477,latency_s,0.046888
1757012219.486,latency_s,0.047594
1757012219.487,latency_s,0.047455
1757012219.488,latency_s,0.048688
1757012219.491,latency_s,0.051775
1757012219.491,latency_s,0.051035
1757012219.491,latency_s,0.051623
1757012219.491,latency_s,0.051600
1757012219.507,latency_s,0.047339
1757012219.512,latency_s,0.046797
1757012219.515,latency_s,0.046967
1757012219.515,latency_s,0.047297
1757012219.518,latency_s,0.048599
1757012219.523,latency_s,0.052873
1757012219.537,latency_s,0.046350
1757012219.561,latency_s,0.046616
1757012219.562,latency_s,0.046089
1757012219.578,latency_s,0.047004
1757012219.587,latency_s,0.047540
1757012219.587,latency_s,0.047669
1757012219.588,latency_s,0.047336
1757012219.590,latency_s,0.049876
1757012219.590,latency_s,0.049470
1757012219.590,latency_s,0.049651
1757012219.590,latency_s,0.049764
1757012219.608,latency_s,0.047256
1757012219.612,latency_s,0.046103
1757012219.615,latency_s,0.047341
1757012219.615,latency_s,0.047556
1757012219.618,latency_s,0.047115
1757012219.623,latency_s,0.052436
1757012219.638,latency_s,0.046113
1757012219.661,latency_s,0.046529
1757012219.715,latency_s,0.094410
1757012219.715,latency_s,0.082017
1757012219.715,latency_s,0.074223
1757012219.715,latency_s,0.074176
1757012219.715,latency_s,0.074308
1757012219.716,latency_s,0.072361
1757012219.716,latency_s,0.072304
1757012219.716,latency_s,0.072407
1757012219.716,latency_s,0.072289
1757012219.716,latency_s,0.054825
1757012219.716,latency_s,0.049408
1757012219.716,latency_s,0.047239
1757012219.724,latency_s,0.055387
1757012219.724,latency_s,0.050759
1757012219.724,latency_s,0.050840
1757012219.738,latency_s,0.046436
1757012219.762,latency_s,0.047290
1757012219.767,latency_s,0.046095
1757012219.780,latency_s,0.046820
1757012219.788,latency_s,0.046318
1757012219.791,latency_s,0.048852
1757012219.791,latency_s,0.048982
1757012219.791,latency_s,0.047148
1757012219.791,latency_s,0.047516
1757012219.797,latency_s,0.053848
1757012219.798,latency_s,0.053722
1757012219.816,latency_s,0.054693
1757012219.816,latency_s,0.049926
1757012219.817,latency_s,0.047727
1757012219.817,latency_s,0.047771
1757012219.820,latency_s,0.046749
1757012219.826,latency_s,0.052386
1757012219.839,latency_s,0.046326
1757012219.862,latency_s,0.047042
1757012219.868,latency_s,0.045879
1757012219.881,latency_s,0.046545
1757012219.889,latency_s,0.046449
1757012219.891,latency_s,0.048454
1757012219.891,latency_s,0.047654
1757012219.891,latency_s,0.047171
1757012219.892,latency_s,0.048338
1757012219.893,latency_s,0.048665
1757012219.904,latency_s,0.059976
1757012219.908,latency_s,0.046030
1757012219.917,latency_s,0.050644
1757012219.918,latency_s,0.047762
1757012219.918,latency_s,0.046707
1757012219.927,latency_s,0.052925
1757012219.927,latency_s,0.052039
1757012219.940,latency_s,0.046849
1757012219.962,latency_s,0.046883
1757012219.969,latency_s,0.046076
1757012219.983,latency_s,0.046409
1757012219.990,latency_s,0.047318
1757012219.990,latency_s,0.046665
1757012219.990,latency_s,0.046437
1757012219.992,latency_s,0.048413
1757012219.993,latency_s,0.047959
1757012219.993,latency_s,0.048419
1757012219.994,latency_s,0.050062
1757012220.009,latency_s,0.046259
1757012220.019,latency_s,0.052201
1757012220.020,latency_s,0.049273
1757012220.020,latency_s,0.046850
1757012220.022,latency_s,0.047466
1757012220.026,latency_s,0.050395
1757012220.040,latency_s,0.046315
1757012220.063,latency_s,0.046981
1757012220.070,latency_s,0.046157
1757012220.127,latency_s,0.090612
1757012220.128,latency_s,0.084823
1757012220.128,latency_s,0.084016
1757012220.128,latency_s,0.082837
1757012220.128,latency_s,0.083114
1757012220.128,latency_s,0.082741
1757012220.128,latency_s,0.082852
1757012220.128,latency_s,0.082464
1757012220.128,latency_s,0.064628
1757012220.128,latency_s,0.060519
1757012220.128,latency_s,0.057238
1757012220.128,latency_s,0.054424
1757012220.128,latency_s,0.052676
1757012220.128,latency_s,0.051536
1757012220.143,latency_s,0.048069
1757012220.163,latency_s,0.047317
1757012220.172,latency_s,0.046437
1757012220.185,latency_s,0.046828
1757012220.190,latency_s,0.046084
1757012220.191,latency_s,0.046654
1757012220.193,latency_s,0.047718
1757012220.199,latency_s,0.053779
1757012220.199,latency_s,0.053670
1757012220.199,latency_s,0.052882
1757012220.199,latency_s,0.053277
1757012220.210,latency_s,0.046119
1757012220.221,latency_s,0.052810
1757012220.221,latency_s,0.049384
1757012220.221,latency_s,0.046547
1757012220.223,latency_s,0.046978
1757012220.228,latency_s,0.050379
1757012220.243,latency_s,0.046810
1757012220.265,latency_s,0.048668
1757012220.275,latency_s,0.048438
1757012220.284,latency_s,0.045891
1757012220.290,latency_s,0.045624
1757012220.293,latency_s,0.046896
1757012220.293,latency_s,0.046901
1757012220.293,latency_s,0.046582
1757012220.295,latency_s,0.048104
1757012220.311,latency_s,0.064787
1757012220.311,latency_s,0.064359
1757012220.311,latency_s,0.046485
1757012220.321,latency_s,0.052212
1757012220.321,latency_s,0.048278
1757012220.329,latency_s,0.054269
1757012220.329,latency_s,0.051996
1757012220.329,latency_s,0.050263
1757012220.343,latency_s,0.046850
1757012220.366,latency_s,0.047531
1757012220.373,latency_s,0.046896
1757012220.386,latency_s,0.046945
1757012220.392,latency_s,0.047417
1757012220.392,latency_s,0.046312
1757012220.392,latency_s,0.046279
1757012220.395,latency_s,0.048373
1757012220.395,latency_s,0.048111
1757012220.401,latency_s,0.054320
1757012220.401,latency_s,0.054344
1757012220.422,latency_s,0.056972
1757012220.422,latency_s,0.053050
1757012220.422,latency_s,0.049151
1757012220.422,latency_s,0.047251
1757012220.424,latency_s,0.046679
1757012220.429,latency_s,0.048419
1757012220.445,latency_s,0.047123
1757012220.467,latency_s,0.047091
1757012220.475,latency_s,0.047341
1757012220.488,latency_s,0.048013
1757012220.492,latency_s,0.046474
1757012220.495,latency_s,0.046387
1757012220.495,latency_s,0.045992
1757012220.545,latency_s,0.095750
1757012220.545,latency_s,0.095531
1757012220.545,latency_s,0.095869
1757012220.545,latency_s,0.095665
1757012220.545,latency_s,0.080199
1757012220.545,latency_s,0.076233
1757012220.545,latency_s,0.071952
1757012220.545,latency_s,0.070042
1757012220.545,latency_s,0.067046
1757012220.545,latency_s,0.064186
1757012220.545,latency_s,0.047512
1757012220.567,latency_s,0.046520
1757012220.574,latency_s,0.046313
1757012220.586,latency_s,0.045807
1757012220.593,latency_s,0.046416
1757012220.599,latency_s,0.050036
1757012220.599,latency_s,0.049088
1757012220.603,latency_s,0.053049
1757012220.603,latency_s,0.053031
1757012220.603,latency_s,0.052998
1757012220.603,latency_s,0.052990
1757012220.622,latency_s,0.056769
1757012220.622,latency_s,0.053094
1757012220.623,latency_s,0.048020
1757012220.623,latency_s,0.046697
1757012220.625,latency_s,0.046134
1757012220.635,latency_s,0.053086
1757012220.645,latency_s,0.046709
1757012220.669,latency_s,0.046853
1757012220.675,latency_s,0.046527
1757012220.688,latency_s,0.046959
1757012220.693,latency_s,0.046227
1757012220.697,latency_s,0.048084
1757012220.698,latency_s,0.047349
1757012220.698,latency_s,0.047459
1757012220.711,latency_s,0.061015
1757012220.711,latency_s,0.061074
1757012220.711,latency_s,0.060600
1757012220.713,latency_s,0.046610
1757012220.723,latency_s,0.053216
1757012220.723,latency_s,0.048411
1757012220.734,latency_s,0.056069
1757012220.734,latency_s,0.054426
1757012220.734,latency_s,0.051296
1757012220.745,latency_s,0.046557
1757012220.771,latency_s,0.046955
1757012220.775,latency_s,0.046021
1757012220.788,latency_s,0.046562
1757012220.794,latency_s,0.046050
1757012220.798,latency_s,0.047740
1757012220.798,latency_s,0.047387
1757012220.798,latency_s,0.047458
1757012220.808,latency_s,0.056788
1757012220.808,latency_s,0.056527
1757012220.808,latency_s,0.056336
1757012220.813,latency_s,0.045980
1757012220.825,latency_s,0.054498
1757012220.825,latency_s,0.049285
1757012220.825,latency_s,0.047026
1757012220.826,latency_s,0.046038
1757012220.834,latency_s,0.050825
1757012220.845,latency_s,0.045990
1757012220.873,latency_s,0.046518
1757012220.877,latency_s,0.046717
1757012220.889,latency_s,0.046513
1757012220.895,latency_s,0.046356
1757012220.898,latency_s,0.046098
1757012220.899,latency_s,0.047319
1757012220.899,latency_s,0.047474
1757012220.901,latency_s,0.048950
1757012220.913,latency_s,0.061665
1757012220.914,latency_s,0.060978
1757012220.914,latency_s,0.046825
1757012220.924,latency_s,0.053657
1757012220.924,latency_s,0.048348
1757012220.934,latency_s,0.053975
1757012220.934,latency_s,0.053091
1757012220.934,latency_s,0.050295
1757012220.946,latency_s,0.046409
1757012220.973,latency_s,0.046201
1757012220.977,latency_s,0.046260
1757012220.993,latency_s,0.046263
1757012220.994,latency_s,0.045795
1757012220.999,latency_s,0.046142
1757012221.003,latency_s,0.049105
1757012221.003,latency_s,0.049275
1757012221.003,latency_s,0.049344
1757012221.008,latency_s,0.054093
1757012221.008,latency_s,0.053759
1757012221.014,latency_s,0.046534
1757012221.029,latency_s,0.058096
1757012221.029,latency_s,0.052294
1757012221.029,latency_s,0.046978
1757012221.031,latency_s,0.046480
1757012221.034,latency_s,0.049543
1757012221.047,latency_s,0.047012
1757012221.074,latency_s,0.047122
1757012221.077,latency_s,0.046065
1757012221.095,latency_s,0.046806
1757012221.096,latency_s,0.046890
1757012221.100,latency_s,0.046518
1757012221.101,latency_s,0.046842
1757012221.101,latency_s,0.046880
1757012221.102,latency_s,0.047375
1757012221.102,latency_s,0.047229
1757012221.114,latency_s,0.059475
1757012221.115,latency_s,0.046622
1757012221.131,latency_s,0.059898
1757012221.131,latency_s,0.053697
1757012221.131,latency_s,0.048313
1757012221.136,latency_s,0.050057
1757012221.136,latency_s,0.050009
1757012221.147,latency_s,0.046659
1757012221.174,latency_s,0.046798
1757012221.179,latency_s,0.047193
1757012221.197,latency_s,0.047642
1757012221.197,latency_s,0.047695
1757012221.199,latency_s,0.046049
1757012221.201,latency_s,0.046091
1757012221.201,latency_s,0.046284
1757012221.201,latency_s,0.046860
1757012221.203,latency_s,0.047867
1757012221.203,latency_s,0.047902
1757012221.216,latency_s,0.047117
1757012221.233,latency_s,0.061724
1757012221.233,latency_s,0.055369
1757012221.234,latency_s,0.049572
1757012221.234,latency_s,0.047061
1757012221.234,latency_s,0.046980
1757012221.247,latency_s,0.046425
1757012221.276,latency_s,0.048105
1757012221.278,latency_s,0.046351
1757012221.337,latency_s,0.087759
1757012221.337,latency_s,0.086891
1757012221.338,latency_s,0.083038
1757012221.338,latency_s,0.082008
1757012221.338,latency_s,0.082054
1757012221.338,latency_s,0.081985
1757012221.338,latency_s,0.081711
1757012221.338,latency_s,0.081297
1757012221.338,latency_s,0.068343
1757012221.338,latency_s,0.065558
1757012221.338,latency_s,0.059505
1757012221.338,latency_s,0.053296
1757012221.338,latency_s,0.050765
1757012221.338,latency_s,0.050667
1757012221.348,latency_s,0.046330
1757012221.377,latency_s,0.047632
1757012221.378,latency_s,0.045868
1757012221.396,latency_s,0.046709
1757012221.397,latency_s,0.045885
1757012221.404,latency_s,0.047844
1757012221.404,latency_s,0.047777
1757012221.412,latency_s,0.056650
1757012221.412,latency_s,0.056612
1757012221.413,latency_s,0.055525
1757012221.413,latency_s,0.055503
1757012221.416,latency_s,0.046519
1757012221.433,latency_s,0.060106
1757012221.433,latency_s,0.053329
1757012221.433,latency_s,0.048022
1757012221.434,latency_s,0.046370
1757012221.439,latency_s,0.051182
1757012221.450,latency_s,0.047777
1757012221.476,latency_s,0.046509
1757012221.480,latency_s,0.046832
1757012221.497,latency_s,0.046800
1757012221.498,latency_s,0.045731
1757012221.502,latency_s,0.045738
1757012221.504,latency_s,0.047171
1757012221.504,latency_s,0.046557
1757012221.507,latency_s,0.048920
1757012221.518,latency_s,0.059702
1757012221.518,latency_s,0.059676
1757012221.518,latency_s,0.047945
1757012221.520,latency_s,0.046335
1757012221.532,latency_s,0.051897
1757012221.532,latency_s,0.046901
1757012221.538,latency_s,0.049999
1757012221.539,latency_s,0.049883
1757012221.549,latency_s,0.046299
1757012221.577,latency_s,0.046498
1757012221.581,latency_s,0.046412
1757012221.597,latency_s,0.046217
1757012221.600,latency_s,0.046046
1757012221.604,latency_s,0.046297
1757012221.604,latency_s,0.046542
1757012221.606,latency_s,0.046829
1757012221.606,latency_s,0.046887
1757012221.608,latency_s,0.048253
1757012221.613,latency_s,0.053959
1757012221.632,latency_s,0.062005
1757012221.632,latency_s,0.058199
1757012221.633,latency_s,0.051955
1757012221.633,latency_s,0.047129
1757012221.637,latency_s,0.047689
1757012221.640,latency_s,0.050639
1757012221.650,latency_s,0.046911
1757012221.678,latency_s,0.046131
1757012221.682,latency_s,0.046793
1757012221.698,latency_s,0.046472
1757012221.701,latency_s,0.046269
1757012221.705,latency_s,0.046587
1757012221.705,latency_s,0.045847
1757012221.708,latency_s,0.048273
1757012221.708,latency_s,0.048317
1757012221.709,latency_s,0.048693
1757012221.718,latency_s,0.058290
1757012221.719,latency_s,0.047259
1757012221.721,latency_s,0.046032
1757012221.733,latency_s,0.051520
1757012221.733,latency_s,0.047242
1757012221.741,latency_s,0.050614
1757012221.741,latency_s,0.050728
1757012221.751,latency_s,0.047034
1757012221.779,latency_s,0.046597
1757012221.783,latency_s,0.045774
1757012221.799,latency_s,0.047042
1757012221.801,latency_s,0.045347
1757012221.805,latency_s,0.046124
1757012221.805,latency_s,0.045444
1757012221.807,latency_s,0.046092
1757012221.808,latency_s,0.047216
1757012221.809,latency_s,0.048484
1757012221.809,latency_s,0.049006
1757012221.818,latency_s,0.046175
1757012221.835,latency_s,0.059896
1757012221.835,latency_s,0.053141
1757012221.835,latency_s,0.048675
1757012221.837,latency_s,0.046051
1757012221.841,latency_s,0.049943
1757012221.852,latency_s,0.047257
1757012221.881,latency_s,0.046883
1757012221.884,latency_s,0.046499
1757012221.900,latency_s,0.046265
1757012221.905,latency_s,0.047066
1757012221.906,latency_s,0.047073
1757012221.906,latency_s,0.045880
1757012221.909,latency_s,0.048275
1757012221.909,latency_s,0.048309
1757012221.909,latency_s,0.048003
1757012221.910,latency_s,0.048400
1757012221.918,latency_s,0.046012
1757012221.935,latency_s,0.060053
1757012221.936,latency_s,0.052924
1757012221.936,latency_s,0.048053
1757012221.938,latency_s,0.046529
1757012221.942,latency_s,0.049891
1757012221.953,latency_s,0.047711
1757012221.981,latency_s,0.046748
1757012221.985,latency_s,0.046429
1757012222.001,latency_s,0.046876
1757012222.009,latency_s,0.049492
1757012222.009,latency_s,0.049741
1757012222.009,latency_s,0.048385
1757012222.009,latency_s,0.048135
1757012222.009,latency_s,0.047740
1757012222.011,latency_s,0.049047
1757012222.011,latency_s,0.049125
1757012222.019,latency_s,0.046544
1757012222.022,latency_s,0.045797
1757012222.037,latency_s,0.053761
1757012222.038,latency_s,0.049768
1757012222.038,latency_s,0.045816
1757012222.047,latency_s,0.051740
1757012222.053,latency_s,0.046747
1757012222.082,latency_s,0.047494
1757012222.085,latency_s,0.046087
1757012222.101,latency_s,0.047172
1757012222.106,latency_s,0.046356
1757012222.106,latency_s,0.045568
1757012222.110,latency_s,0.047274
1757012222.110,latency_s,0.047166
1757012222.110,latency_s,0.047511
1757012222.111,latency_s,0.048561
1757012222.111,latency_s,0.048697
1757012222.119,latency_s,0.046102
1757012222.122,latency_s,0.045828
1757012222.130,latency_s,0.046177
1757012222.137,latency_s,0.048499
1757012222.139,latency_s,0.046345
1757012222.143,latency_s,0.046542
1757012222.153,latency_s,0.047002
1757012222.182,latency_s,0.046610
1757012222.186,latency_s,0.047039
1757012222.201,latency_s,0.046431
1757012222.208,latency_s,0.048027
1757012222.208,latency_s,0.047479
1757012222.209,latency_s,0.045729
1757012222.211,latency_s,0.047978
1757012222.211,latency_s,0.047659
1757012222.211,latency_s,0.047877
1757012222.212,latency_s,0.049112
1757012222.219,latency_s,0.046317
1757012222.223,latency_s,0.046710
1757012222.231,latency_s,0.046397
1757012222.237,latency_s,0.048548
1757012222.241,latency_s,0.046877
1757012222.245,latency_s,0.047745
1757012222.253,latency_s,0.046664
1757012222.282,latency_s,0.046925
1757012222.286,latency_s,0.046203
1757012222.303,latency_s,0.047515
1757012222.307,latency_s,0.046136
1757012222.310,latency_s,0.046620
1757012222.310,latency_s,0.045606
1757012222.313,latency_s,0.047202
1757012222.313,latency_s,0.047137
1757012222.314,latency_s,0.046424
1757012222.314,latency_s,0.046720
1757012222.320,latency_s,0.046598
1757012222.324,latency_s,0.047370
1757012222.332,latency_s,0.047044
1757012222.335,latency_s,0.045983
1757012222.342,latency_s,0.047319
1757012222.344,latency_s,0.046109
1757012222.353,latency_s,0.046349
1757012222.382,latency_s,0.046616
1757012222.387,latency_s,0.046229
1757012222.403,latency_s,0.047092
1757012222.408,latency_s,0.046091
1757012222.410,latency_s,0.045781
1757012222.413,latency_s,0.046651
1757012222.413,latency_s,0.046712
1757012222.413,latency_s,0.046639
1757012222.414,latency_s,0.046489
1757012222.415,latency_s,0.046730
1757012222.421,latency_s,0.046717
1757012222.423,latency_s,0.046002
1757012222.431,latency_s,0.045626
1757012222.481,latency_s,0.091943
1757012222.482,latency_s,0.086193
1757012222.482,latency_s,0.082770
1757012222.482,latency_s,0.074486
1757012222.489,latency_s,0.052483
1757012222.489,latency_s,0.048249
1757012222.517,latency_s,0.060946
1757012222.518,latency_s,0.054709
1757012222.518,latency_s,0.052806
1757012222.518,latency_s,0.050857
1757012222.518,latency_s,0.050727
1757012222.518,latency_s,0.049402
1757012222.518,latency_s,0.049346
1757012222.518,latency_s,0.048965
1757012222.567,latency_s,0.091931
1757012222.567,latency_s,0.089865
1757012222.567,latency_s,0.081728
1757012222.567,latency_s,0.077340
1757012222.567,latency_s,0.071380
1757012222.567,latency_s,0.067864
1757012222.567,latency_s,0.059937
1757012222.584,latency_s,0.046473
1757012222.588,latency_s,0.046670
1757012222.603,latency_s,0.046181
1757012222.610,latency_s,0.046192
1757012222.611,latency_s,0.045880
1757012222.616,latency_s,0.048881
1757012222.625,latency_s,0.056988
1757012222.625,latency_s,0.056157
1757012222.625,latency_s,0.055984
1757012222.625,latency_s,0.055535
1757012222.625,latency_s,0.049273
1757012222.625,latency_s,0.047059
1757012222.632,latency_s,0.045470
1757012222.639,latency_s,0.048836
1757012222.647,latency_s,0.050932
1757012222.648,latency_s,0.047767
1757012222.654,latency_s,0.045907
1757012222.685,latency_s,0.047166
1757012222.691,latency_s,0.047836
1757012222.704,latency_s,0.046803
1757012222.712,latency_s,0.047143
1757012222.712,latency_s,0.045744
1757012222.715,latency_s,0.046986
1757012222.715,latency_s,0.046791
1757012222.721,latency_s,0.052122
1757012222.721,latency_s,0.052055
1757012222.721,latency_s,0.051459
1757012222.740,latency_s,0.064617
1757012222.740,latency_s,0.062261
1757012222.740,latency_s,0.054144
1757012222.741,latency_s,0.049069
1757012222.747,latency_s,0.047198
1757012222.748,latency_s,0.047639
1757012222.755,latency_s,0.046751
1757012222.786,latency_s,0.046757
1757012222.789,latency_s,0.045841
1757012222.804,latency_s,0.046331
1757012222.812,latency_s,0.046641
1757012222.812,latency_s,0.045645
1757012222.814,latency_s,0.045876
1757012222.815,latency_s,0.046757
1757012222.821,latency_s,0.052003
1757012222.821,latency_s,0.051956
1757012222.822,latency_s,0.051633
1757012222.840,latency_s,0.064213
1757012222.840,latency_s,0.062149
1757012222.841,latency_s,0.053962
1757012222.841,latency_s,0.048378
1757012222.847,latency_s,0.046900
1757012222.897,latency_s,0.096772
1757012222.897,latency_s,0.088666
1757012222.897,latency_s,0.054373
1757012222.897,latency_s,0.053732
1757012222.926,latency_s,0.067569
1757012222.926,latency_s,0.060417
1757012222.926,latency_s,0.059338
1757012222.926,latency_s,0.057514
1757012222.926,latency_s,0.057233
1757012222.926,latency_s,0.056426
1757012222.926,latency_s,0.055665
1757012222.926,latency_s,0.055496
1757012222.926,latency_s,0.049416
1757012222.926,latency_s,0.047567
1757012222.933,latency_s,0.045897
1757012222.939,latency_s,0.046629
1757012222.948,latency_s,0.046906
1757012222.961,latency_s,0.059790
1757012222.961,latency_s,0.052389
1757012222.991,latency_s,0.047527
1757012222.992,latency_s,0.047664
1757012223.005,latency_s,0.046570
1757012223.014,latency_s,0.048186
1757012223.014,latency_s,0.047444
1757012223.015,latency_s,0.045702
1757012223.028,latency_s,0.059146
1757012223.028,latency_s,0.058590
1757012223.029,latency_s,0.057730
1757012223.029,latency_s,0.057658
1757012223.029,latency_s,0.051516
1757012223.029,latency_s,0.049710
1757012223.034,latency_s,0.046621
1757012223.041,latency_s,0.047294
1757012223.051,latency_s,0.048065
1757012223.051,latency_s,0.048365
1757012223.067,latency_s,0.057680
1757012223.093,latency_s,0.048625
1757012223.093,latency_s,0.047639
1757012223.106,latency_s,0.047378
1757012223.113,latency_s,0.046493
1757012223.114,latency_s,0.046395
1757012223.129,latency_s,0.060043
1757012223.130,latency_s,0.060093
1757012223.130,latency_s,0.059103
1757012223.130,latency_s,0.057295
1757012223.130,latency_s,0.057060
1757012223.130,latency_s,0.052294
1757012223.130,latency_s,0.050004
1757012223.135,latency_s,0.046439
1757012223.142,latency_s,0.048110
1757012223.151,latency_s,0.047130
1757012223.151,latency_s,0.046738
1757012223.156,latency_s,0.046120
1757012223.192,latency_s,0.046646
1757012223.194,latency_s,0.046302
1757012223.206,latency_s,0.046861
1757012223.216,latency_s,0.047764
1757012223.216,latency_s,0.047981
1757012223.216,latency_s,0.046364
1757012223.229,latency_s,0.059175
1757012223.229,latency_s,0.058284
1757012223.229,latency_s,0.056003
1757012223.229,latency_s,0.056032
1757012223.229,latency_s,0.051236
1757012223.229,latency_s,0.049203
1757012223.236,latency_s,0.046484
1757012223.242,latency_s,0.047868
1757012223.253,latency_s,0.048905
1757012223.253,latency_s,0.048893
1757012223.256,latency_s,0.046346
1757012223.295,latency_s,0.048975
1757012223.295,latency_s,0.047297
1757012223.308,latency_s,0.047268
1757012223.315,latency_s,0.046532
1757012223.316,latency_s,0.046051
1757012223.322,latency_s,0.046969
1757012223.324,latency_s,0.048399
1757012223.330,latency_s,0.055497
1757012223.330,latency_s,0.055565
1757012223.331,latency_s,0.055015
1757012223.331,latency_s,0.052249
1757012223.331,latency_s,0.050314
1757012223.336,latency_s,0.046404
1757012223.344,latency_s,0.049315
1757012223.352,latency_s,0.047359
1757012223.353,latency_s,0.047072
1757012223.359,latency_s,0.048174
1757012223.393,latency_s,0.046787
1757012223.396,latency_s,0.046907
1757012223.409,latency_s,0.047439
1757012223.415,latency_s,0.046758
1757012223.417,latency_s,0.046314
1757012223.422,latency_s,0.047041
1757012223.425,latency_s,0.049443
1757012223.425,latency_s,0.049341
1757012223.429,latency_s,0.053485
1757012223.429,latency_s,0.053420
1757012223.429,latency_s,0.050803
1757012223.429,latency_s,0.048491
1757012223.436,latency_s,0.045315
1757012223.442,latency_s,0.046499
1757012223.453,latency_s,0.047087
1757012223.453,latency_s,0.046146
1757012223.458,latency_s,0.045932
1757012223.494,latency_s,0.046185
1757012223.496,latency_s,0.046328
1757012223.508,latency_s,0.046247
1757012223.515,latency_s,0.046244
1757012223.518,latency_s,0.046936
1757012223.526,latency_s,0.050037
1757012223.526,latency_s,0.049888
1757012223.526,latency_s,0.049757
1757012223.529,latency_s,0.052979
1757012223.529,latency_s,0.053210
1757012223.529,latency_s,0.050463
1757012223.529,latency_s,0.048365
1757012223.537,latency_s,0.046260
1757012223.542,latency_s,0.046606
1757012223.553,latency_s,0.047149
1757012223.553,latency_s,0.045966
1757012223.558,latency_s,0.046079
1757012223.595,latency_s,0.047038
1757012223.596,latency_s,0.045996
1757012223.609,latency_s,0.047248
1757012223.615,latency_s,0.045508
1757012223.617,latency_s,0.046006
1757012223.622,latency_s,0.045947
1757012223.624,latency_s,0.048052
1757012223.624,latency_s,0.047907
1757012223.625,latency_s,0.048110
1757012223.631,latency_s,0.054183
1757012223.631,latency_s,0.051649
1757012223.631,latency_s,0.049755
1757012223.637,latency_s,0.046038
1757012223.645,latency_s,0.048525
1757012223.652,latency_s,0.046432
1757012223.655,latency_s,0.047207
1757012223.662,latency_s,0.049289
1757012223.694,latency_s,0.046336
1757012223.698,latency_s,0.045900
1757012223.709,latency_s,0.047001
1757012223.717,latency_s,0.047158
1757012223.718,latency_s,0.046900
1757012223.723,latency_s,0.046543
1757012223.724,latency_s,0.046865
1757012223.724,latency_s,0.047310
1757012223.726,latency_s,0.049443
1757012223.726,latency_s,0.049695
1757012223.730,latency_s,0.050306
1757012223.730,latency_s,0.048422
1757012223.737,latency_s,0.045422
1757012223.745,latency_s,0.047963
1757012223.755,latency_s,0.048079
1757012223.755,latency_s,0.047390
1757012223.760,latency_s,0.047450
1757012223.797,latency_s,0.047108
1757012223.799,latency_s,0.046112
1757012223.809,latency_s,0.046655
1757012223.816,latency_s,0.046080
1757012223.818,latency_s,0.046426
1757012223.825,latency_s,0.048081
1757012223.825,latency_s,0.048044
1757012223.825,latency_s,0.047849
1757012223.825,latency_s,0.047744
1757012223.825,latency_s,0.047872
1757012223.828,latency_s,0.047731
1757012223.832,latency_s,0.050311
1757012223.838,latency_s,0.046357
1757012223.845,latency_s,0.047856
1757012223.855,latency_s,0.047809
1757012223.855,latency_s,0.046494
1757012223.860,latency_s,0.047250
1757012223.898,latency_s,0.047141
1757012223.902,latency_s,0.046878
1757012223.910,latency_s,0.046053
1757012223.916,latency_s,0.046388
1757012223.919,latency_s,0.046668
1757012223.925,latency_s,0.047424
1757012223.925,latency_s,0.047282
1757012223.925,latency_s,0.047013
1757012223.925,latency_s,0.046443
1757012223.927,latency_s,0.048970
1757012223.927,latency_s,0.046648
1757012223.934,latency_s,0.051282
1757012223.938,latency_s,0.046162
1757012223.944,latency_s,0.046325
1757012223.954,latency_s,0.046567
1757012223.956,latency_s,0.046942
1757012223.961,latency_s,0.048198
1757012223.999,latency_s,0.047660
1757012224.002,latency_s,0.046611
1757012224.058,latency_s,0.094162
1757012224.058,latency_s,0.087811
1757012224.058,latency_s,0.085935
1757012224.058,latency_s,0.080047
1757012224.059,latency_s,0.079744
1757012224.059,latency_s,0.080123
1757012224.059,latency_s,0.076711
1757012224.059,latency_s,0.076743
1757012224.059,latency_s,0.076075
1757012224.059,latency_s,0.076484
1757012224.059,latency_s,0.066552
1757012224.059,latency_s,0.059690
1757012224.059,latency_s,0.050378
1757012224.059,latency_s,0.049303
1757012224.061,latency_s,0.046945
1757012224.100,latency_s,0.047363
1757012224.105,latency_s,0.046428
1757012224.111,latency_s,0.046031
1757012224.119,latency_s,0.047638
1757012224.120,latency_s,0.047478
1757012224.126,latency_s,0.046788
1757012224.126,latency_s,0.047001
1757012224.126,latency_s,0.047161
1757012224.135,latency_s,0.052637
1757012224.135,latency_s,0.052460
1757012224.135,latency_s,0.052301
1757012224.135,latency_s,0.052378
1757012224.138,latency_s,0.045606
1757012224.146,latency_s,0.046687
1757012224.157,latency_s,0.047378
1757012224.157,latency_s,0.047684
1757012224.161,latency_s,0.046610
1757012224.200,latency_s,0.047211
1757012224.208,latency_s,0.046795
1757012224.212,latency_s,0.047015
1757012224.218,latency_s,0.046246
1757012224.219,latency_s,0.046117
1757012224.225,latency_s,0.045950
1757012224.226,latency_s,0.046344
1757012224.226,latency_s,0.046346
1757012224.232,latency_s,0.048084
1757012224.232,latency_s,0.048529
1757012224.239,latency_s,0.055394
1757012224.239,latency_s,0.055608
1757012224.239,latency_s,0.046678
1757012224.248,latency_s,0.048112
1757012224.259,latency_s,0.047930
1757012224.259,latency_s,0.048546
1757012224.261,latency_s,0.046220
1757012224.301,latency_s,0.046896
1757012224.309,latency_s,0.046481
1757012224.311,latency_s,0.046389
1757012224.318,latency_s,0.045999
1757012224.320,latency_s,0.046131
1757012224.326,latency_s,0.046291
1757012224.328,latency_s,0.047582
1757012224.328,latency_s,0.047637
1757012224.331,latency_s,0.047004
1757012224.331,latency_s,0.047214
1757012224.337,latency_s,0.051958
1757012224.337,latency_s,0.051893
1757012224.339,latency_s,0.045852
1757012224.347,latency_s,0.046387
1757012224.358,latency_s,0.046690
1757012224.358,latency_s,0.046704
1757012224.361,latency_s,0.046300
1757012224.401,latency_s,0.047125
1757012224.412,latency_s,0.046636
1757012224.414,latency_s,0.046949
1757012224.419,latency_s,0.046032
1757012224.420,latency_s,0.045980
1757012224.426,latency_s,0.046371
1757012224.429,latency_s,0.048365
1757012224.429,latency_s,0.048036
1757012224.432,latency_s,0.047501
1757012224.432,latency_s,0.047914
1757012224.437,latency_s,0.051431
1757012224.437,latency_s,0.051699
1757012224.441,latency_s,0.045947
1757012224.451,latency_s,0.049351
1757012224.459,latency_s,0.046879
1757012224.459,latency_s,0.046835
1757012224.462,latency_s,0.046648
1757012224.502,latency_s,0.047401
1757012224.512,latency_s,0.046018
1757012224.520,latency_s,0.046770
1757012224.520,latency_s,0.047125
1757012224.522,latency_s,0.046856
1757012224.528,latency_s,0.047616
1757012224.528,latency_s,0.047492
1757012224.528,latency_s,0.046795
1757012224.534,latency_s,0.048511
1757012224.534,latency_s,0.048758
1757012224.538,latency_s,0.052327
1757012224.538,latency_s,0.052122
1757012224.540,latency_s,0.045594
1757012224.550,latency_s,0.046064
1757012224.559,latency_s,0.046954
1757012224.559,latency_s,0.046843
1757012224.562,latency_s,0.046714
1757012224.602,latency_s,0.046992
1757012224.613,latency_s,0.047022
1757012224.620,latency_s,0.046507
1757012224.620,latency_s,0.046623
1757012224.622,latency_s,0.046530
1757012224.628,latency_s,0.047429
1757012224.628,latency_s,0.047384
1757012224.629,latency_s,0.046628
1757012224.633,latency_s,0.047229
1757012224.633,latency_s,0.047170
1757012224.633,latency_s,0.046361
1757012224.637,latency_s,0.048778
1757012224.641,latency_s,0.045876
1757012224.656,latency_s,0.051542
1757012224.661,latency_s,0.048160
1757012224.661,latency_s,0.047827
1757012224.701,latency_s,0.046024
1757012224.715,latency_s,0.046109
1757012224.721,latency_s,0.046707
1757012224.721,latency_s,0.047077
1757012224.722,latency_s,0.046253
1757012224.728,latency_s,0.046719
1757012224.728,latency_s,0.046662
1757012224.728,latency_s,0.045581
1757012224.734,latency_s,0.047683
1757012224.734,latency_s,0.047653
1757012224.734,latency_s,0.046453
1757012224.734,latency_s,0.045949
1757012224.742,latency_s,0.046694
1757012224.751,latency_s,0.046168
1757012224.761,latency_s,0.047279
1757012224.803,latency_s,0.187295
1757012224.803,latency_s,0.087096
1757012224.804,latency_s,0.047702
1757012224.816,latency_s,0.046673
1757012224.821,latency_s,0.046431
1757012224.822,latency_s,0.046005
1757012224.824,latency_s,0.047387
1757012224.828,latency_s,0.046754
1757012224.828,latency_s,0.046600
1757012224.829,latency_s,0.046091
1757012224.833,latency_s,0.046024
1757012224.833,latency_s,0.046327
1757012224.834,latency_s,0.046477
1757012224.834,latency_s,0.045740
1757012224.842,latency_s,0.046356
1757012224.856,latency_s,0.046383
1757012224.861,latency_s,0.047487
1757012224.862,latency_s,0.045853
1757012224.898,latency_s,0.184231
1757012224.899,latency_s,0.085478
1757012224.904,latency_s,0.046932
1757012224.916,latency_s,0.046466
1757012224.924,latency_s,0.048442
1757012224.924,latency_s,0.047496
1757012224.925,latency_s,0.047683
1757012224.928,latency_s,0.045884
1757012224.969,latency_s,0.085914
1757012224.969,latency_s,0.084143
1757012224.969,latency_s,0.082023
1757012224.969,latency_s,0.081888
1757012224.969,latency_s,0.080288
1757012224.969,latency_s,0.078802
1757012224.969,latency_s,0.073029
1757012224.969,latency_s,0.056272
1757012224.969,latency_s,0.054205
1757012224.969,latency_s,0.054214
1757012224.969,latency_s,0.052466
1757012225.005,latency_s,0.046827
1757012225.016,latency_s,0.046222
1757012225.023,latency_s,0.047266
1757012225.023,latency_s,0.046369
1757012225.024,latency_s,0.046323
1757012225.028,latency_s,0.046073
1757012225.030,latency_s,0.046487
1757012225.031,latency_s,0.045523
1757012225.034,latency_s,0.047125
1757012225.041,latency_s,0.053798
1757012225.041,latency_s,0.050855
1757012225.041,latency_s,0.050656
1757012225.060,latency_s,0.063488
1757012225.061,latency_s,0.046644
1757012225.062,latency_s,0.046209
1757012225.062,latency_s,0.046611
1757012225.065,latency_s,0.047816
1757012225.105,latency_s,0.046627
1757012225.116,latency_s,0.046007
1757012225.125,latency_s,0.048257
1757012225.125,latency_s,0.047367
1757012225.125,latency_s,0.046575
1757012225.128,latency_s,0.045744
1757012225.131,latency_s,0.046758
1757012225.132,latency_s,0.045965
1757012225.134,latency_s,0.046120
1757012225.141,latency_s,0.053427
1757012225.141,latency_s,0.050617
1757012225.141,latency_s,0.050490
1757012225.143,latency_s,0.045810
1757012225.161,latency_s,0.046711
1757012225.163,latency_s,0.046451
1757012225.163,latency_s,0.046405
1757012225.164,latency_s,0.046964
1757012225.207,latency_s,0.047723
1757012225.217,latency_s,0.046705
1757012225.223,latency_s,0.046565
1757012225.225,latency_s,0.046314
1757012225.227,latency_s,0.046733
1757012225.229,latency_s,0.046015
1757012225.232,latency_s,0.046625
1757012225.236,latency_s,0.047674
1757012225.236,latency_s,0.047694
1757012225.236,latency_s,0.047432
1757012225.238,latency_s,0.046582
1757012225.241,latency_s,0.050061
1757012225.248,latency_s,0.047024
1757012225.261,latency_s,0.045868
1757012225.265,latency_s,0.047585
1757012225.266,latency_s,0.047656
1757012225.266,latency_s,0.047676
1757012225.307,latency_s,0.047155
1757012225.317,latency_s,0.046405
1757012225.324,latency_s,0.046842
1757012225.325,latency_s,0.045990
1757012225.330,latency_s,0.046934
1757012225.331,latency_s,0.047127
1757012225.332,latency_s,0.045900
1757012225.336,latency_s,0.047248
1757012225.336,latency_s,0.046330
1757012225.336,latency_s,0.046412
1757012225.338,latency_s,0.046601
1757012225.342,latency_s,0.050406
1757012225.361,latency_s,0.059484
1757012225.361,latency_s,0.046298
1757012225.367,latency_s,0.048232
1757012225.367,latency_s,0.048203
1757012225.367,latency_s,0.048286
1757012225.406,latency_s,0.046687
1757012225.418,latency_s,0.046656
1757012225.424,latency_s,0.046468
1757012225.426,latency_s,0.046214
1757012225.430,latency_s,0.046285
1757012225.430,latency_s,0.046763
1757012225.433,latency_s,0.046130
1757012225.436,latency_s,0.046729
1757012225.436,latency_s,0.046088
1757012225.437,latency_s,0.047198
1757012225.442,latency_s,0.049083
1757012225.442,latency_s,0.049195
1757012225.450,latency_s,0.046108
1757012225.462,latency_s,0.046172
1757012225.467,latency_s,0.048467
1757012225.468,latency_s,0.048435
1757012225.543,latency_s,0.123823
1757012225.543,latency_s,0.082501
1757012225.543,latency_s,0.071409
1757012225.543,latency_s,0.065341
1757012225.543,latency_s,0.063141
1757012225.543,latency_s,0.059236
1757012225.543,latency_s,0.058285
1757012225.543,latency_s,0.055389
1757012225.543,latency_s,0.052947
1757012225.543,latency_s,0.052859
1757012225.543,latency_s,0.052382
1757012225.543,latency_s,0.048159
1757012225.555,latency_s,0.059978
1757012225.555,latency_s,0.050674
1757012225.563,latency_s,0.046890
1757012225.571,latency_s,0.051440
1757012225.571,latency_s,0.051321
1757012225.572,latency_s,0.051598
1757012225.608,latency_s,0.047126
1757012225.618,latency_s,0.046741
1757012225.624,latency_s,0.046484
1757012225.627,latency_s,0.046023
1757012225.630,latency_s,0.046066
1757012225.633,latency_s,0.045949
1757012225.635,latency_s,0.046800
1757012225.637,latency_s,0.046986
1757012225.645,latency_s,0.053980
1757012225.645,latency_s,0.053511
1757012225.645,latency_s,0.049048
1757012225.645,latency_s,0.048168
1757012225.661,latency_s,0.055584
1757012225.662,latency_s,0.046078
1757012225.669,latency_s,0.048573
1757012225.669,latency_s,0.048428
1757012225.669,latency_s,0.048526
1757012225.708,latency_s,0.046643
1757012225.718,latency_s,0.046242
1757012225.724,latency_s,0.046012
1757012225.728,latency_s,0.046152
1757012225.731,latency_s,0.046497
1757012225.733,latency_s,0.045733
1757012225.738,latency_s,0.048390
1757012225.738,latency_s,0.047308
1757012225.738,latency_s,0.047378
1757012225.745,latency_s,0.053362
1757012225.745,latency_s,0.047410
1757012225.745,latency_s,0.046914
1757012225.760,latency_s,0.053581
1757012225.764,latency_s,0.047326
1757012225.768,latency_s,0.046383
1757012225.769,latency_s,0.047361
1757012225.775,latency_s,0.052952
1757012225.809,latency_s,0.046388
1757012225.819,latency_s,0.046648
1757012225.826,latency_s,0.046762
1757012225.828,latency_s,0.045822
1757012225.831,latency_s,0.046193
1757012225.835,latency_s,0.045989
1757012225.838,latency_s,0.047942
1757012225.839,latency_s,0.047416
1757012225.845,latency_s,0.053622
1757012225.845,latency_s,0.053333
1757012225.845,latency_s,0.046516
1757012225.845,latency_s,0.046579
1757012225.854,latency_s,0.046520
1757012225.863,latency_s,0.046410
1757012225.869,latency_s,0.047326
1757012225.869,latency_s,0.047179
1757012225.870,latency_s,0.047603
1757012225.911,latency_s,0.047241
1757012225.919,latency_s,0.045995
1757012225.928,latency_s,0.048713
1757012225.928,latency_s,0.046022
1757012225.932,latency_s,0.046089
1757012225.939,latency_s,0.047426
1757012225.939,latency_s,0.047526
1757012225.939,latency_s,0.047529
1757012225.939,latency_s,0.047673
1757012225.939,latency_s,0.045726
1757012225.948,latency_s,0.048191
1757012225.965,latency_s,0.064465
1757012225.966,latency_s,0.057618
1757012225.966,latency_s,0.048602
1757012225.970,latency_s,0.047568
1757012225.975,latency_s,0.052556
1757012225.975,latency_s,0.052748
1757012226.012,latency_s,0.047361
1757012226.020,latency_s,0.046129
1757012226.028,latency_s,0.047756
1757012226.028,latency_s,0.045915
1757012226.034,latency_s,0.046716
1757012226.037,latency_s,0.045725
1757012226.038,latency_s,0.046326
1757012226.040,latency_s,0.048264
1757012226.041,latency_s,0.047987
1757012226.041,latency_s,0.046063
1757012226.046,latency_s,0.045659
1757012226.048,latency_s,0.047162
1757012226.064,latency_s,0.055120
1757012226.065,latency_s,0.047345
1757012226.070,latency_s,0.046306
1757012226.072,latency_s,0.047830
1757012226.074,latency_s,0.049875
1757012226.112,latency_s,0.046694
1757012226.121,latency_s,0.046330
1757012226.127,latency_s,0.046557
1757012226.128,latency_s,0.045211
1757012226.133,latency_s,0.046138
1757012226.139,latency_s,0.046844
1757012226.139,latency_s,0.046809
1757012226.141,latency_s,0.047789
1757012226.141,latency_s,0.047390
1757012226.142,latency_s,0.046344
1757012226.149,latency_s,0.047353
1757012226.149,latency_s,0.046327
1757012226.156,latency_s,0.046695
1757012226.165,latency_s,0.047243
1757012226.171,latency_s,0.046420
1757012226.172,latency_s,0.047354
1757012226.173,latency_s,0.047992
1757012226.213,latency_s,0.047163
1757012226.221,latency_s,0.046402
1757012226.228,latency_s,0.046686
1757012226.229,latency_s,0.046082
1757012226.233,latency_s,0.046000
1757012226.240,latency_s,0.047757
1757012226.240,latency_s,0.047631
1757012226.240,latency_s,0.047249
1757012226.240,latency_s,0.045831
1757012226.242,latency_s,0.046114
1757012226.250,latency_s,0.046664
1757012226.250,latency_s,0.047197
1757012226.257,latency_s,0.046094
1757012226.265,latency_s,0.046406
1757012226.273,latency_s,0.047138
1757012226.273,latency_s,0.047165
1757012226.274,latency_s,0.046375
1757012226.316,latency_s,0.047372
1757012226.322,latency_s,0.046175
1757012226.329,latency_s,0.047389
1757012226.330,latency_s,0.046412
1757012226.335,latency_s,0.047472
1757012226.341,latency_s,0.047744
1757012226.341,latency_s,0.047549
1757012226.341,latency_s,0.047439
1757012226.342,latency_s,0.046022
1757012226.343,latency_s,0.046555
1757012226.351,latency_s,0.047145
1757012226.351,latency_s,0.046137
1757012226.358,latency_s,0.046612
1757012226.364,latency_s,0.045295
1757012226.374,latency_s,0.047043
1757012226.374,latency_s,0.047447
1757012226.376,latency_s,0.046674
1757012226.416,latency_s,0.046606
1757012226.423,latency_s,0.047111
1757012226.429,latency_s,0.046906
1757012226.430,latency_s,0.046157
1757012226.435,latency_s,0.046299
1757012226.442,latency_s,0.048357
1757012226.442,latency_s,0.048192
1757012226.442,latency_s,0.047647
1757012226.443,latency_s,0.046299
1757012226.443,latency_s,0.046349
1757012226.452,latency_s,0.046738
1757012226.453,latency_s,0.046676
1757012226.459,latency_s,0.046592
1757012226.465,latency_s,0.046580
1757012226.478,latency_s,0.048619
1757012226.478,latency_s,0.048435
1757012226.478,latency_s,0.048288
1757012226.518,latency_s,0.047882
1757012226.522,latency_s,0.046350
1757012226.529,latency_s,0.046453
1757012226.531,latency_s,0.046255
1757012226.536,latency_s,0.046320
1757012226.541,latency_s,0.046825
1757012226.541,latency_s,0.047105
1757012226.541,latency_s,0.046762
1757012226.544,latency_s,0.046951
1757012226.544,latency_s,0.047093
1757012226.553,latency_s,0.046224
1757012226.554,latency_s,0.045705
1757012226.558,latency_s,0.045985
1757012226.566,latency_s,0.046197
1757012226.580,latency_s,0.048769
1757012226.580,latency_s,0.048521
1757012226.580,latency_s,0.048988
1757012226.617,latency_s,0.046136
1757012226.622,latency_s,0.045711
1757012226.628,latency_s,0.045651
1757012226.631,latency_s,0.045764
1757012226.637,latency_s,0.046619
1757012226.641,latency_s,0.046500
1757012226.642,latency_s,0.047377
1757012226.642,latency_s,0.047538
1757012226.642,latency_s,0.045242
1757012226.644,latency_s,0.046547
1757012226.654,latency_s,0.045882
1757012226.654,latency_s,0.045558
1757012226.658,latency_s,0.046008
1757012226.666,latency_s,0.046264
1757012226.681,latency_s,0.047354
1757012226.681,latency_s,0.047548
1757012226.681,latency_s,0.047132
1757012226.719,latency_s,0.047323
1757012226.723,latency_s,0.045947
1757012226.732,latency_s,0.048759
1757012226.732,latency_s,0.045918
1757012226.738,latency_s,0.046655
1757012226.746,latency_s,0.050309
1757012226.746,latency_s,0.049888
1757012226.746,latency_s,0.049637
1757012226.746,latency_s,0.048247
1757012226.746,latency_s,0.047606
1757012226.757,latency_s,0.047664
1757012226.757,latency_s,0.046684
1757012226.760,latency_s,0.046739
1757012226.767,latency_s,0.046773
1757012226.783,latency_s,0.048697
1757012226.783,latency_s,0.048934
1757012226.783,latency_s,0.048980
1757012226.820,latency_s,0.046928
1757012226.824,latency_s,0.046466
1757012226.830,latency_s,0.046959
1757012226.832,latency_s,0.046070
1757012226.839,latency_s,0.047164
1757012226.843,latency_s,0.047029
1757012226.844,latency_s,0.047545
1757012226.845,latency_s,0.047781
1757012226.845,latency_s,0.047065
1757012226.845,latency_s,0.046778
1757012226.858,latency_s,0.046118
1757012226.860,latency_s,0.047434
1757012226.860,latency_s,0.046774
1757012226.867,latency_s,0.046890
1757012226.881,latency_s,0.046809
1757012226.883,latency_s,0.048250
1757012226.883,latency_s,0.048600
1757012226.920,latency_s,0.046764
1757012226.925,latency_s,0.046255
1757012226.931,latency_s,0.046939
1757012226.933,latency_s,0.046040
1757012226.939,latency_s,0.046059
1757012226.942,latency_s,0.046064
1757012226.946,latency_s,0.048369
1757012226.946,latency_s,0.047472
1757012226.946,latency_s,0.047165
1757012226.946,latency_s,0.047533
1757012226.959,latency_s,0.046218
1757012226.959,latency_s,0.046185
1757012226.961,latency_s,0.047008
1757012226.968,latency_s,0.047128
1757012226.982,latency_s,0.047069
1757012226.982,latency_s,0.046720
1757012226.983,latency_s,0.047467
1757012227.021,latency_s,0.046554
1757012227.025,latency_s,0.046240
1757012227.030,latency_s,0.046274
1757012227.033,latency_s,0.046268
1757012227.039,latency_s,0.045448
1757012227.044,latency_s,0.046904
1757012227.044,latency_s,0.046499
1757012227.044,latency_s,0.045746
1757012227.047,latency_s,0.048383
1757012227.047,latency_s,0.048425
1757012227.061,latency_s,0.047336
1757012227.061,latency_s,0.047607
1757012227.061,latency_s,0.047287
1757012227.068,latency_s,0.047023
1757012227.085,latency_s,0.049430
1757012227.085,latency_s,0.049216
1757012227.085,latency_s,0.049409
1757012227.122,latency_s,0.046547
1757012227.125,latency_s,0.046156
1757012227.131,latency_s,0.046659
1757012227.133,latency_s,0.046162
1757012227.142,latency_s,0.047260
1757012227.144,latency_s,0.046167
1757012227.144,latency_s,0.045784
1757012227.148,latency_s,0.048204
1757012227.148,latency_s,0.048268
1757012227.148,latency_s,0.048077
1757012227.160,latency_s,0.046186
1757012227.160,latency_s,0.046777
1757012227.161,latency_s,0.046738
1757012227.168,latency_s,0.046923
1757012227.185,latency_s,0.048626
1757012227.185,latency_s,0.048245
1757012227.186,latency_s,0.049039
1757012227.226,latency_s,0.046629
1757012227.226,latency_s,0.046617
1757012227.234,latency_s,0.048993
1757012227.234,latency_s,0.046520
1757012227.243,latency_s,0.047121
1757012227.247,latency_s,0.048514
1757012227.247,latency_s,0.047679
1757012227.247,latency_s,0.046958
1757012227.247,latency_s,0.047095
1757012227.247,latency_s,0.046534
1757012227.263,latency_s,0.048119
1757012227.263,latency_s,0.048291
1757012227.263,latency_s,0.048269
1757012227.268,latency_s,0.046323
1757012227.285,latency_s,0.047691
1757012227.290,latency_s,0.052444
1757012227.290,latency_s,0.051873
1757012227.327,latency_s,0.047294
1757012227.331,latency_s,0.047378
1757012227.333,latency_s,0.047832
1757012227.335,latency_s,0.047362
1757012227.350,latency_s,0.053424
1757012227.350,latency_s,0.051735
1757012227.350,latency_s,0.050304
1757012227.350,latency_s,0.049351
1757012227.350,latency_s,0.049879
1757012227.351,latency_s,0.049836
1757012227.363,latency_s,0.048296
1757012227.363,latency_s,0.048136
1757012227.363,latency_s,0.048771
1757012227.370,latency_s,0.047783
1757012227.387,latency_s,0.049469
1757012227.387,latency_s,0.049017
1757012227.387,latency_s,0.048867
1757012227.428,latency_s,0.047367
1757012227.432,latency_s,0.047042
1757012227.432,latency_s,0.046931
1757012227.435,latency_s,0.046772
1757012227.445,latency_s,0.046962
1757012227.445,latency_s,0.046280
1757012227.447,latency_s,0.045899
1757012227.448,latency_s,0.046894
1757012227.450,latency_s,0.048922
1757012227.450,latency_s,0.049038
1757012227.463,latency_s,0.046944
1757012227.464,latency_s,0.047956
1757012227.464,latency_s,0.048066
1757012227.469,latency_s,0.046245
1757012227.487,latency_s,0.049221
1757012227.487,latency_s,0.047609
1757012227.487,latency_s,0.047886
1757012227.528,latency_s,0.047083
1757012227.532,latency_s,0.045866
1757012227.533,latency_s,0.047569
1757012227.536,latency_s,0.046702
1757012227.548,latency_s,0.048062
1757012227.548,latency_s,0.048256
1757012227.548,latency_s,0.046495
1757012227.548,latency_s,0.046296
1757012227.550,latency_s,0.047883
1757012227.550,latency_s,0.047946
1757012227.564,latency_s,0.047297
1757012227.564,latency_s,0.047335
1757012227.566,latency_s,0.046121
1757012227.569,latency_s,0.046058
1757012227.587,latency_s,0.049459
1757012227.587,latency_s,0.047753
1757012227.587,latency_s,0.047742
1757012227.627,latency_s,0.045495
1757012227.633,latency_s,0.046443
1757012227.634,latency_s,0.046572
1757012227.636,latency_s,0.045913
1757012227.646,latency_s,0.046567
1757012227.647,latency_s,0.046661
1757012227.649,latency_s,0.047109
1757012227.649,latency_s,0.046962
1757012227.649,latency_s,0.046511
1757012227.664,latency_s,0.046846
1757012227.665,latency_s,0.046781
1757012227.666,latency_s,0.045643
1757012227.670,latency_s,0.047148
1757012227.686,latency_s,0.047616
1757012227.686,latency_s,0.046325
1757012227.687,latency_s,0.046420
1757012227.729,latency_s,0.046803
1757012227.732,latency_s,0.045735
1757012227.734,latency_s,0.045698
1757012227.736,latency_s,0.045822
1757012227.747,latency_s,0.045977
1757012227.748,latency_s,0.047059
1757012227.748,latency_s,0.045435
1757012227.750,latency_s,0.046640
1757012227.751,latency_s,0.047041
1757012227.765,latency_s,0.046896
1757012227.765,latency_s,0.046678
1757012227.768,latency_s,0.046523
1757012227.769,latency_s,0.045754
1757012227.788,latency_s,0.185601
1757012227.788,latency_s,0.047789
1757012227.789,latency_s,0.085408
1757012227.789,latency_s,0.047553
1757012227.790,latency_s,0.050481
1757012227.830,latency_s,0.047242
1757012227.834,latency_s,0.046763
1757012227.837,latency_s,0.047618
1757012227.837,latency_s,0.046279
1757012227.849,latency_s,0.047557
1757012227.850,latency_s,0.048296
1757012227.850,latency_s,0.046447
1757012227.852,latency_s,0.048961
1757012227.852,latency_s,0.049009
1757012227.852,latency_s,0.048697
1757012227.868,latency_s,0.048043
1757012227.868,latency_s,0.048254
1757012227.868,latency_s,0.046237
1757012227.870,latency_s,0.046395
1757012227.887,latency_s,0.046951
1757012227.890,latency_s,0.046681
1757012227.892,latency_s,0.048538
1757012227.930,latency_s,0.046380
1757012227.934,latency_s,0.046727
1757012227.938,latency_s,0.047031
1757012227.938,latency_s,0.047134
1757012227.988,latency_s,0.085759
1757012227.988,latency_s,0.085672
1757012227.988,latency_s,0.083868
1757012227.988,latency_s,0.083797
1757012227.988,latency_s,0.083408
1757012227.988,latency_s,0.083430
1757012227.988,latency_s,0.066356
1757012227.988,latency_s,0.066251
1757012227.988,latency_s,0.063536
1757012227.988,latency_s,0.062585
1757012227.988,latency_s,0.047655
1757012227.991,latency_s,0.047407
1757012227.991,latency_s,0.046555
1757012228.030,latency_s,0.046317
1757012228.034,latency_s,0.046665
1757012228.038,latency_s,0.046336
1757012228.039,latency_s,0.046536
1757012228.050,latency_s,0.046989
1757012228.050,latency_s,0.047100
1757012228.052,latency_s,0.047640
1757012228.052,latency_s,0.047615
1757012228.052,latency_s,0.047496
1757012228.070,latency_s,0.047618
1757012228.074,latency_s,0.050973
1757012228.074,latency_s,0.048500
1757012228.074,latency_s,0.047620
1757012228.089,latency_s,0.047550
1757012228.089,latency_s,0.045712
1757012228.091,latency_s,0.046407
1757012228.131,latency_s,0.046800
1757012228.134,latency_s,0.046381
1757012228.138,latency_s,0.046051
1757012228.139,latency_s,0.046169
1757012228.150,latency_s,0.046446
1757012228.150,latency_s,0.046573
1757012228.151,latency_s,0.046052
1757012228.152,latency_s,0.046848
1757012228.153,latency_s,0.048159
1757012228.170,latency_s,0.047290
1757012228.170,latency_s,0.047157
1757012228.174,latency_s,0.047534
1757012228.174,latency_s,0.047408
1757012228.190,latency_s,0.048388
1757012228.190,latency_s,0.045885
1757012228.193,latency_s,0.046646
1757012228.194,latency_s,0.188973
1757012228.196,latency_s,0.089624
1757012228.232,latency_s,0.046838
1757012228.235,latency_s,0.046505
1757012228.239,latency_s,0.046075
1757012228.240,latency_s,0.046473
1757012228.253,latency_s,0.049014
1757012228.253,latency_s,0.048904
1757012228.253,latency_s,0.047140
1757012228.253,latency_s,0.047161
1757012228.255,latency_s,0.048498
1757012228.255,latency_s,0.049517
1757012228.270,latency_s,0.046340
1757012228.274,latency_s,0.047185
1757012228.275,latency_s,0.048738
1757012228.276,latency_s,0.047081
1757012228.291,latency_s,0.046729
1757012228.291,latency_s,0.045791
1757012228.295,latency_s,0.046617
1757012228.332,latency_s,0.047353
1757012228.335,latency_s,0.046323
1757012228.339,latency_s,0.046654
1757012228.340,latency_s,0.046036
1757012228.352,latency_s,0.047575
1757012228.352,latency_s,0.047670
1757012228.353,latency_s,0.046829
1757012228.353,latency_s,0.046651
1757012228.353,latency_s,0.046621
1757012228.355,latency_s,0.048721
1757012228.371,latency_s,0.046770
1757012228.373,latency_s,0.046188
1757012228.375,latency_s,0.047979
1757012228.378,latency_s,0.046126
1757012228.392,latency_s,0.047626
1757012228.392,latency_s,0.046387
1757012228.395,latency_s,0.046417
1757012228.434,latency_s,0.048379
1757012228.435,latency_s,0.045885
1757012228.440,latency_s,0.047029
1757012228.441,latency_s,0.045835
1757012228.451,latency_s,0.046163
1757012228.453,latency_s,0.047634
1757012228.454,latency_s,0.047104
1757012228.454,latency_s,0.046855
1757012228.456,latency_s,0.048879
1757012228.456,latency_s,0.048578
1757012228.471,latency_s,0.046554
1757012228.475,latency_s,0.047925
1757012228.475,latency_s,0.047691
1757012228.480,latency_s,0.046861
1757012228.492,latency_s,0.046680
1757012228.493,latency_s,0.046560
1757012228.496,latency_s,0.046496
1757012228.533,latency_s,0.047897
1757012228.535,latency_s,0.046225
1757012228.540,latency_s,0.046484
1757012228.543,latency_s,0.047227
1757012228.555,latency_s,0.049082
1757012228.555,latency_s,0.049138
1757012228.555,latency_s,0.048061
1757012228.555,latency_s,0.047292
1757012228.555,latency_s,0.047373
1757012228.555,latency_s,0.047263
1757012228.571,latency_s,0.046457
1757012228.576,latency_s,0.047125
1757012228.576,latency_s,0.047450
1757012228.582,latency_s,0.046317
1757012228.594,latency_s,0.046942
1757012228.595,latency_s,0.047480
1757012228.597,latency_s,0.045710
1757012228.634,latency_s,0.048248
1757012228.636,latency_s,0.046254
1757012228.640,latency_s,0.046051
1757012228.643,latency_s,0.045885
1757012228.655,latency_s,0.048518
1757012228.655,latency_s,0.048587
1757012228.655,latency_s,0.047760
1757012228.655,latency_s,0.046786
1757012228.655,latency_s,0.047018
1757012228.656,latency_s,0.047788
1757012228.672,latency_s,0.046979
1757012228.676,latency_s,0.046807
1757012228.676,latency_s,0.046969
1757012228.682,latency_s,0.045732
1757012228.695,latency_s,0.046279
1757012228.696,latency_s,0.046771
1757012228.697,latency_s,0.045641
1757012228.733,latency_s,0.046715
1757012228.737,latency_s,0.046560
1757012228.742,latency_s,0.047281
1757012228.744,latency_s,0.046156
1757012228.753,latency_s,0.046098
1757012228.753,latency_s,0.046505
1757012228.756,latency_s,0.048132
1757012228.756,latency_s,0.047610
1757012228.756,latency_s,0.047493
1757012228.756,latency_s,0.047659
1757012228.775,latency_s,0.046855
1757012228.775,latency_s,0.046238
1757012228.777,latency_s,0.046399
1757012228.783,latency_s,0.045760
1757012228.797,latency_s,0.047113
1757012228.797,latency_s,0.047481
1757012228.798,latency_s,0.046286
1757012228.834,latency_s,0.047279
1757012228.837,latency_s,0.046668
1757012228.842,latency_s,0.046419
1757012228.845,latency_s,0.046471
1757012228.854,latency_s,0.046285
1757012228.856,latency_s,0.047951
1757012228.856,latency_s,0.047800
1757012228.856,latency_s,0.047235
1757012228.856,latency_s,0.047371
1757012228.857,latency_s,0.048321
1757012228.876,latency_s,0.046505
1757012228.877,latency_s,0.046268
1757012228.878,latency_s,0.047600
1757012228.886,latency_s,0.046165
1757012228.898,latency_s,0.048025
1757012228.898,latency_s,0.048273
1757012228.898,latency_s,0.045944
1757012228.934,latency_s,0.046925
1757012228.937,latency_s,0.046542
1757012228.942,latency_s,0.046258
1757012228.945,latency_s,0.046002
1757012228.958,latency_s,0.049375
1757012228.958,latency_s,0.049162
1757012228.958,latency_s,0.049531
1757012228.958,latency_s,0.048890
1757012228.958,latency_s,0.048784
1757012228.958,latency_s,0.048787
1757012228.976,latency_s,0.046114
1757012228.976,latency_s,0.045746
1757012228.979,latency_s,0.047003
1757012228.987,latency_s,0.046479
1757012228.997,latency_s,0.046525
1757012228.998,latency_s,0.048309
1757012228.998,latency_s,0.045754
1757012229.035,latency_s,0.047817
1757012229.037,latency_s,0.046561
1757012229.042,latency_s,0.046131
1757012229.046,latency_s,0.046584
1757012229.055,latency_s,0.046659
1757012229.055,latency_s,0.046835
1757012229.056,latency_s,0.046734
1757012229.057,latency_s,0.047962
1757012229.057,latency_s,0.047675
1757012229.057,latency_s,0.047524
1757012229.077,latency_s,0.047150
1757012229.077,latency_s,0.046622
1757012229.079,latency_s,0.047080
1757012229.087,latency_s,0.045716
1757012229.098,latency_s,0.046588
1757012229.098,latency_s,0.046615
1757012229.100,latency_s,0.045766
1757012229.136,latency_s,0.048204
1757012229.138,latency_s,0.045934
1757012229.143,latency_s,0.046633
1757012229.146,latency_s,0.045865
1757012229.155,latency_s,0.046439
1757012229.159,latency_s,0.050021
1757012229.159,latency_s,0.049794
1757012229.159,latency_s,0.049525
1757012229.159,latency_s,0.049146
1757012229.159,latency_s,0.048986
1757012229.177,latency_s,0.046445
1757012229.178,latency_s,0.046500
1757012229.179,latency_s,0.046800
1757012229.190,latency_s,0.046182
1757012229.199,latency_s,0.047323
1757012229.199,latency_s,0.047253
1757012229.200,latency_s,0.045840
1757012229.235,latency_s,0.047329
1757012229.239,latency_s,0.046284
1757012229.244,latency_s,0.047103
1757012229.248,latency_s,0.046597
1757012229.256,latency_s,0.047113
1757012229.257,latency_s,0.047177
1757012229.258,latency_s,0.049193
1757012229.259,latency_s,0.048851
1757012229.259,latency_s,0.048750
1757012229.259,latency_s,0.048183
1757012229.280,latency_s,0.049242
1757012229.281,latency_s,0.049142
1757012229.281,latency_s,0.048686
1757012229.293,latency_s,0.048604
1757012229.299,latency_s,0.047655
1757012229.300,latency_s,0.047552
1757012229.302,latency_s,0.046462
1757012229.335,latency_s,0.047077
1757012229.339,latency_s,0.046191
1757012229.344,latency_s,0.046611
1757012229.347,latency_s,0.045896
1757012229.358,latency_s,0.047784
1757012229.358,latency_s,0.047634
1757012229.359,latency_s,0.048873
1757012229.359,latency_s,0.049066
1757012229.359,latency_s,0.048784
1757012229.359,latency_s,0.048156
1757012229.378,latency_s,0.046713
1757012229.378,latency_s,0.046464
1757012229.378,latency_s,0.045882
1757012229.393,latency_s,0.047353
1757012229.400,latency_s,0.047394
1757012229.400,latency_s,0.047195
1757012229.404,latency_s,0.046279
1757012229.436,latency_s,0.047912
1757012229.440,latency_s,0.046364
1757012229.445,latency_s,0.047135
1757012229.448,latency_s,0.046022
1757012229.458,latency_s,0.047569
1757012229.459,latency_s,0.049212
1757012229.459,latency_s,0.049076
1757012229.459,latency_s,0.047899
1757012229.459,latency_s,0.047512
1757012229.461,latency_s,0.049549
1757012229.478,latency_s,0.045822
1757012229.479,latency_s,0.046396
1757012229.479,latency_s,0.046547
1757012229.497,latency_s,0.046695
1757012229.500,latency_s,0.047510
1757012229.501,latency_s,0.047477
1757012229.504,latency_s,0.046349
1757012229.536,latency_s,0.047819
1757012229.541,latency_s,0.046547
1757012229.545,latency_s,0.046694
1757012229.549,latency_s,0.045782
1757012229.558,latency_s,0.047678
1757012229.559,latency_s,0.048330
1757012229.559,latency_s,0.048450
1757012229.559,latency_s,0.047689
1757012229.559,latency_s,0.047368
1757012229.559,latency_s,0.047333
1757012229.580,latency_s,0.047718
1757012229.580,latency_s,0.046999
1757012229.580,latency_s,0.047202
1757012229.597,latency_s,0.046352
1757012229.601,latency_s,0.047927
1757012229.601,latency_s,0.048102
1757012229.607,latency_s,0.046135
1757012229.637,latency_s,0.048195
1757012229.642,latency_s,0.046221
1757012229.645,latency_s,0.046621
1757012229.651,latency_s,0.046325
1757012229.661,latency_s,0.050131
1757012229.661,latency_s,0.050043
1757012229.661,latency_s,0.050113
1757012229.661,latency_s,0.049429
1757012229.661,latency_s,0.049147
1757012229.661,latency_s,0.048874
1757012229.681,latency_s,0.048007
1757012229.681,latency_s,0.047240
1757012229.681,latency_s,0.047574
1757012229.698,latency_s,0.047193
1757012229.701,latency_s,0.047856
1757012229.701,latency_s,0.047835
1757012229.709,latency_s,0.046495
1757012229.737,latency_s,0.047046
1757012229.743,latency_s,0.046331
1757012229.746,latency_s,0.046970
1757012229.753,latency_s,0.046269
1757012229.759,latency_s,0.047607
1757012229.759,latency_s,0.047930
1757012229.762,latency_s,0.048979
1757012229.762,latency_s,0.049742
1757012229.762,latency_s,0.049514
1757012229.762,latency_s,0.050417
1757012229.780,latency_s,0.046980
1757012229.780,latency_s,0.046566
1757012229.780,latency_s,0.046314
1757012229.798,latency_s,0.046738
1757012229.800,latency_s,0.046654
1757012229.801,latency_s,0.047016
1757012229.809,latency_s,0.046011
1757012229.836,latency_s,0.046522
1757012229.846,latency_s,0.047293
1757012229.847,latency_s,0.047002
1757012229.854,latency_s,0.046488
1757012229.859,latency_s,0.047263
1757012229.859,latency_s,0.047149
1757012229.863,latency_s,0.049572
1757012229.863,latency_s,0.050543
1757012229.863,latency_s,0.050043
1757012229.863,latency_s,0.050829
1757012229.880,latency_s,0.046479
1757012229.880,latency_s,0.046034
1757012229.880,latency_s,0.045900
1757012229.898,latency_s,0.045895
1757012229.901,latency_s,0.045998
1757012229.901,latency_s,0.046486
1757012229.913,latency_s,0.046458
1757012229.937,latency_s,0.047163
1757012229.947,latency_s,0.047228
1757012229.947,latency_s,0.046577
1757012229.956,latency_s,0.046543
1757012229.960,latency_s,0.047689
1757012229.960,latency_s,0.047300
1757012229.963,latency_s,0.049711
1757012229.963,latency_s,0.049419
1757012229.963,latency_s,0.049943
1757012229.963,latency_s,0.050001
1757012229.980,latency_s,0.046463
1757012229.980,latency_s,0.046114
1757012229.982,latency_s,0.046568
1757012229.999,latency_s,0.046197
1757012230.002,latency_s,0.047063
1757012230.002,latency_s,0.046923
1757012230.014,latency_s,0.046044
1757012230.037,latency_s,0.046127
1757012230.048,latency_s,0.047206
1757012230.048,latency_s,0.046926
1757012230.056,latency_s,0.046475
1757012230.061,latency_s,0.048101
1757012230.062,latency_s,0.048392
1757012230.062,latency_s,0.048402
1757012230.062,latency_s,0.048621
1757012230.064,latency_s,0.050285
1757012230.064,latency_s,0.049954
1757012230.080,latency_s,0.045473
1757012230.080,latency_s,0.045692
1757012230.082,latency_s,0.046319
1757012230.100,latency_s,0.046675
1757012230.103,latency_s,0.047497
1757012230.103,latency_s,0.047366
1757012230.118,latency_s,0.047332
1757012230.138,latency_s,0.046822
1757012230.149,latency_s,0.046394
1757012230.152,latency_s,0.048836
1757012230.157,latency_s,0.046022
1757012230.161,latency_s,0.046997
1757012230.161,latency_s,0.046880
1757012230.162,latency_s,0.047991
1757012230.162,latency_s,0.048367
1757012230.164,latency_s,0.049154
1757012230.164,latency_s,0.049680
1757012230.183,latency_s,0.048532
1757012230.183,latency_s,0.048375
1757012230.183,latency_s,0.046482
1757012230.200,latency_s,0.046745
1757012230.202,latency_s,0.046237
1757012230.204,latency_s,0.047565
1757012230.219,latency_s,0.047611
1757012230.238,latency_s,0.046396
1757012230.251,latency_s,0.047063
1757012230.251,latency_s,0.047095
1757012230.258,latency_s,0.046093
1757012230.261,latency_s,0.047415
1757012230.262,latency_s,0.048595
1757012230.263,latency_s,0.048201
1757012230.263,latency_s,0.048603
1757012230.265,latency_s,0.050670
1757012230.265,latency_s,0.049869
1757012230.284,latency_s,0.049738
1757012230.284,latency_s,0.049537
1757012230.284,latency_s,0.046920
1757012230.301,latency_s,0.046779
1757012230.303,latency_s,0.046867
1757012230.303,latency_s,0.047052
1757012230.322,latency_s,0.049328
1757012230.339,latency_s,0.046165
1757012230.354,latency_s,0.047609
1757012230.354,latency_s,0.047781
1757012230.358,latency_s,0.045444
1757012230.360,latency_s,0.045339
1757012230.362,latency_s,0.047464
1757012230.362,latency_s,0.047244
1757012230.364,latency_s,0.049229
1757012230.364,latency_s,0.049153
1757012230.364,latency_s,0.048287
1757012230.383,latency_s,0.047793
1757012230.383,latency_s,0.047871
1757012230.384,latency_s,0.045900
1757012230.402,latency_s,0.047119
1757012230.403,latency_s,0.046022
1757012230.404,latency_s,0.046839
1757012230.421,latency_s,0.047790
1757012230.439,latency_s,0.046365
1757012230.453,latency_s,0.046842
1757012230.453,latency_s,0.046704
1757012230.460,latency_s,0.046875
1757012230.462,latency_s,0.046754
1757012230.463,latency_s,0.047722
1757012230.463,latency_s,0.048123
1757012230.464,latency_s,0.049650
1757012230.465,latency_s,0.048823
1757012230.465,latency_s,0.049075
1757012230.483,latency_s,0.047038
1757012230.483,latency_s,0.047136
1757012230.484,latency_s,0.045582
1757012230.506,latency_s,0.050521
1757012230.506,latency_s,0.048700
1757012230.506,latency_s,0.048873
1757012230.521,latency_s,0.046219
1757012230.540,latency_s,0.046818
1757012230.555,latency_s,0.048335
1757012230.556,latency_s,0.048735
1757012230.561,latency_s,0.045934
1757012230.561,latency_s,0.046322
1757012230.562,latency_s,0.047016
1757012230.566,latency_s,0.050446
1757012230.566,latency_s,0.050431
1757012230.566,latency_s,0.050081
1757012230.566,latency_s,0.050142
1757012230.583,latency_s,0.046802
1757012230.583,latency_s,0.046980
1757012230.585,latency_s,0.045526
1757012230.604,latency_s,0.047889
1757012230.604,latency_s,0.046091
1757012230.606,latency_s,0.047320
1757012230.622,latency_s,0.046951
1757012230.641,latency_s,0.047231
1757012230.654,latency_s,0.046318
1757012230.655,latency_s,0.046309
1757012230.662,latency_s,0.047049
1757012230.662,latency_s,0.047033
1757012230.663,latency_s,0.046758
1757012230.665,latency_s,0.048602
1757012230.665,latency_s,0.049062
1757012230.665,latency_s,0.049467
1757012230.665,latency_s,0.049248
1757012230.684,latency_s,0.047571
1757012230.684,latency_s,0.046726
1757012230.686,latency_s,0.046181
1757012230.703,latency_s,0.046372
1757012230.706,latency_s,0.047161
1757012230.706,latency_s,0.047248
1757012230.723,latency_s,0.046554
1757012230.741,latency_s,0.047155
1757012230.756,latency_s,0.047900
1757012230.756,latency_s,0.046694
1757012230.764,latency_s,0.047860
1757012230.764,latency_s,0.047732
1757012230.764,latency_s,0.047692
1757012230.764,latency_s,0.048326
1757012230.764,latency_s,0.048159
1757012230.766,latency_s,0.050111
1757012230.766,latency_s,0.049805
1757012230.783,latency_s,0.046759
1757012230.783,latency_s,0.045789
1757012230.787,latency_s,0.046279
1757012230.804,latency_s,0.046611
1757012230.806,latency_s,0.047018
1757012230.806,latency_s,0.047218
1757012230.825,latency_s,0.047378
1757012230.842,latency_s,0.047408
1757012230.857,latency_s,0.047849
1757012230.857,latency_s,0.046899
1757012230.864,latency_s,0.048597
1757012230.865,latency_s,0.048295
1757012230.865,latency_s,0.048532
1757012230.865,latency_s,0.048827
1757012230.865,latency_s,0.049157
1757012230.867,latency_s,0.050043
1757012230.867,latency_s,0.050169
1757012230.885,latency_s,0.047911
1757012230.885,latency_s,0.047422
1757012230.888,latency_s,0.045848
1757012230.905,latency_s,0.047590
1757012230.907,latency_s,0.047082
1757012230.907,latency_s,0.047183
1757012230.925,latency_s,0.046706
1757012230.941,latency_s,0.046691
1757012230.958,latency_s,0.047342
1757012230.958,latency_s,0.047454
1757012230.962,latency_s,0.046212
1757012230.964,latency_s,0.047824
1757012230.964,latency_s,0.047718
1757012230.964,latency_s,0.047890
1757012230.966,latency_s,0.049162
1757012230.966,latency_s,0.049064
1757012230.966,latency_s,0.049203
1757012230.985,latency_s,0.047502
1757012230.986,latency_s,0.047337
1757012230.988,latency_s,0.045751
1757012231.004,latency_s,0.046426
1757012231.007,latency_s,0.046572
1757012231.007,latency_s,0.046743
1757012231.026,latency_s,0.047132
1757012231.042,latency_s,0.047427
1757012231.060,latency_s,0.048377
1757012231.061,latency_s,0.049428
1757012231.066,latency_s,0.048673
1757012231.066,latency_s,0.049193
1757012231.067,latency_s,0.049431
1757012231.067,latency_s,0.049254
1757012231.067,latency_s,0.049885
1757012231.068,latency_s,0.051377
1757012231.069,latency_s,0.051304
1757012231.086,latency_s,0.046518
1757012231.086,latency_s,0.046646
1757012231.088,latency_s,0.045807
1757012231.105,latency_s,0.046725
1757012231.108,latency_s,0.046618
1757012231.108,latency_s,0.046723
1757012231.127,latency_s,0.047332
1757012231.142,latency_s,0.046505
1757012231.159,latency_s,0.046510
1757012231.159,latency_s,0.046717
1757012231.167,latency_s,0.049891
1757012231.167,latency_s,0.049288
1757012231.167,latency_s,0.049873
1757012231.167,latency_s,0.049764
1757012231.168,latency_s,0.049732
1757012231.168,latency_s,0.049920
1757012231.168,latency_s,0.050555
1757012231.188,latency_s,0.047794
1757012231.188,latency_s,0.047783
1757012231.188,latency_s,0.045365
1757012231.206,latency_s,0.047198
1757012231.208,latency_s,0.046753
1757012231.209,latency_s,0.046993
1757012231.226,latency_s,0.046042
1757012231.242,latency_s,0.046283
1757012231.262,latency_s,0.048202
1757012231.262,latency_s,0.048554
1757012231.265,latency_s,0.047464
1757012231.269,latency_s,0.051263
1757012231.269,latency_s,0.051014
1757012231.269,latency_s,0.050840
1757012231.269,latency_s,0.051025
1757012231.269,latency_s,0.050947
1757012231.270,latency_s,0.051879
1757012231.286,latency_s,0.046297
1757012231.287,latency_s,0.045755
1757012231.289,latency_s,0.045596
1757012231.305,latency_s,0.046385
1757012231.309,latency_s,0.047107
1757012231.309,latency_s,0.046975
1757012231.328,latency_s,0.046386
1757012231.343,latency_s,0.047032
1757012231.361,latency_s,0.047224
1757012231.361,latency_s,0.047167
1757012231.365,latency_s,0.047020
1757012231.365,latency_s,0.046840
1757012231.368,latency_s,0.048559
1757012231.369,latency_s,0.050318
1757012231.369,latency_s,0.050619
1757012231.369,latency_s,0.051558
1757012231.369,latency_s,0.050865
1757012231.387,latency_s,0.046690
1757012231.388,latency_s,0.046261
1757012231.390,latency_s,0.045912
1757012231.406,latency_s,0.046641
1757012231.411,latency_s,0.047592
1757012231.411,latency_s,0.047238
1757012231.430,latency_s,0.047108
1757012231.443,latency_s,0.046851
1757012231.463,latency_s,0.047130
1757012231.463,latency_s,0.046317
1757012231.465,latency_s,0.047098
1757012231.466,latency_s,0.047908
1757012231.467,latency_s,0.047624
1757012231.467,latency_s,0.049067
1757012231.468,latency_s,0.049165
1757012231.468,latency_s,0.048741
1757012231.468,latency_s,0.048792
1757012231.488,latency_s,0.047009
1757012231.488,latency_s,0.046175
1757012231.493,latency_s,0.046854
1757012231.506,latency_s,0.046123
1757012231.511,latency_s,0.046955
1757012231.511,latency_s,0.046936
1757012231.529,latency_s,0.046385
1757012231.542,latency_s,0.045922
1757012231.564,latency_s,0.047149
1757012231.565,latency_s,0.047005
1757012231.570,latency_s,0.051372
1757012231.570,latency_s,0.051245
1757012231.570,latency_s,0.051691
1757012231.570,latency_s,0.051288
1757012231.570,latency_s,0.050861
1757012231.570,latency_s,0.050361
1757012231.571,latency_s,0.050494
1757012231.587,latency_s,0.046266
1757012231.589,latency_s,0.046300
1757012231.592,latency_s,0.045939
1757012231.607,latency_s,0.046191
1757012231.610,latency_s,0.045734
1757012231.612,latency_s,0.045995
1757012231.630,latency_s,0.046510
1757012231.643,latency_s,0.045915
1757012231.665,latency_s,0.046316
1757012231.665,latency_s,0.046237
1757012231.667,latency_s,0.047419
1757012231.667,latency_s,0.047499
1757012231.670,latency_s,0.049899
1757012231.670,latency_s,0.049945
1757012231.670,latency_s,0.049161
1757012231.670,latency_s,0.049195
1757012231.688,latency_s,0.046673
1757012231.689,latency_s,0.046228
1757012231.694,latency_s,0.046984
1757012231.708,latency_s,0.046327
1757012231.711,latency_s,0.046384
1757012231.712,latency_s,0.045769
1757012231.732,latency_s,0.047583
1757012231.744,latency_s,0.046136
1757012231.771,latency_s,0.051486
1757012231.771,latency_s,0.051446
1757012231.771,latency_s,0.050978
1757012231.771,latency_s,0.050854
1757012231.771,latency_s,0.049623
1757012231.771,latency_s,0.049557
1757012231.771,latency_s,0.049148
1757012231.771,latency_s,0.048312
1757012231.789,latency_s,0.047201
1757012231.789,latency_s,0.046379
1757012231.794,latency_s,0.045896
1757012231.804,latency_s,0.186712
1757012231.805,latency_s,0.084939
1757012231.809,latency_s,0.045841
1757012231.812,latency_s,0.046616
1757012231.813,latency_s,0.045996
1757012231.831,latency_s,0.046735
1757012231.845,latency_s,0.046831
1757012231.870,latency_s,0.049800
1757012231.870,latency_s,0.050034
1757012231.870,latency_s,0.049518
1757012231.870,latency_s,0.048774
1757012231.870,latency_s,0.049830
1757012231.871,latency_s,0.048816
1757012231.873,latency_s,0.050394
1757012231.873,latency_s,0.052050
1757012231.873,latency_s,0.049165
1757012231.889,latency_s,0.047124
1757012231.890,latency_s,0.046071
1757012231.895,latency_s,0.046776
1757012231.910,latency_s,0.046278
1757012231.912,latency_s,0.045983
1757012231.916,latency_s,0.046566
1757012231.932,latency_s,0.046701
1757012231.946,latency_s,0.046939
1757012231.967,latency_s,0.046736
1757012231.971,latency_s,0.049869
1757012231.971,latency_s,0.049811
1757012231.971,latency_s,0.049965
1757012231.971,latency_s,0.049361
1757012231.971,latency_s,0.049325
1757012231.971,latency_s,0.048690
1757012231.974,latency_s,0.050792
1757012231.974,latency_s,0.049862
1757012231.989,latency_s,0.046316
1757012231.991,latency_s,0.046557
1757012231.996,latency_s,0.045871
1757012232.012,latency_s,0.046870
1757012232.013,latency_s,0.045771
1757012232.016,latency_s,0.046344
1757012232.033,latency_s,0.046782
1757012232.048,latency_s,0.047370
1757012232.070,latency_s,0.048407
1757012232.070,latency_s,0.048947
1757012232.070,latency_s,0.048229
1757012232.070,latency_s,0.048532
1757012232.070,latency_s,0.048592
1757012232.073,latency_s,0.049455
1757012232.073,latency_s,0.050193
1757012232.073,latency_s,0.049408
1757012232.073,latency_s,0.047863
1757012232.089,latency_s,0.046139
1757012232.093,latency_s,0.046635
1757012232.096,latency_s,0.045892
1757012232.112,latency_s,0.046057
1757012232.115,latency_s,0.046191
1757012232.119,latency_s,0.046593
1757012232.133,latency_s,0.047202
1757012232.148,latency_s,0.046789
1757012232.169,latency_s,0.046823
1757012232.169,latency_s,0.046828
1757012232.169,latency_s,0.047071
1757012232.173,latency_s,0.049942
1757012232.173,latency_s,0.050571
1757012232.173,latency_s,0.049877
1757012232.173,latency_s,0.049005
1757012232.173,latency_s,0.048854
1757012232.173,latency_s,0.047581
1757012232.190,latency_s,0.046444
1757012232.192,latency_s,0.045883
1757012232.197,latency_s,0.046046
1757012232.213,latency_s,0.046617
1757012232.219,latency_s,0.047683
1757012232.219,latency_s,0.046228
1757012232.233,latency_s,0.046596
1757012232.248,latency_s,0.046202
1757012232.275,latency_s,0.051826
1757012232.275,latency_s,0.051437
1757012232.275,latency_s,0.050836
1757012232.275,latency_s,0.049817
1757012232.275,latency_s,0.050609
1757012232.275,latency_s,0.050558
1757012232.275,latency_s,0.049979
1757012232.275,latency_s,0.049978
1757012232.275,latency_s,0.048543
1757012232.290,latency_s,0.046448
1757012232.294,latency_s,0.046150
1757012232.297,latency_s,0.046105
1757012232.312,latency_s,0.045471
1757012232.318,latency_s,0.046395
1757012232.319,latency_s,0.046055
1757012232.333,latency_s,0.045943
1757012232.349,latency_s,0.046740
1757012232.371,latency_s,0.048163
1757012232.371,latency_s,0.047268
1757012232.371,latency_s,0.046211
1757012232.372,latency_s,0.046466
1757012232.374,latency_s,0.049245
1757012232.375,latency_s,0.048758
1757012232.375,latency_s,0.048802
1757012232.375,latency_s,0.048748
1757012232.375,latency_s,0.048243
1757012232.392,latency_s,0.046943
1757012232.394,latency_s,0.045403
1757012232.397,latency_s,0.045558
1757012232.423,latency_s,0.048955
1757012232.425,latency_s,0.047845
1757012232.434,latency_s,0.047044
1757012232.450,latency_s,0.046577
1757012232.472,latency_s,0.048624
1757012232.472,latency_s,0.047447
1757012232.472,latency_s,0.046403
1757012232.473,latency_s,0.047412
1757012232.477,latency_s,0.051160
1757012232.477,latency_s,0.051395
1757012232.477,latency_s,0.050701
1757012232.477,latency_s,0.050679
1757012232.477,latency_s,0.050439
1757012232.491,latency_s,0.045859
1757012232.495,latency_s,0.046010
1757012232.522,latency_s,0.047220
1757012232.524,latency_s,0.046516
1757012232.534,latency_s,0.046500
1757012232.550,latency_s,0.046428
1757012232.557,latency_s,0.188988
1757012232.558,latency_s,0.089901
1757012232.571,latency_s,0.046737
1757012232.575,latency_s,0.048112
1757012232.575,latency_s,0.048497
1757012232.575,latency_s,0.049055
1757012232.575,latency_s,0.048343
1757012232.577,latency_s,0.049986
1757012232.577,latency_s,0.050797
1757012232.577,latency_s,0.049912
1757012232.577,latency_s,0.049537
1757012232.597,latency_s,0.050821
1757012232.597,latency_s,0.047068
1757012232.616,latency_s,0.047216
1757012232.622,latency_s,0.046557
1757012232.624,latency_s,0.046211
1757012232.634,latency_s,0.046144
1757012232.642,latency_s,0.190380
1757012232.642,latency_s,0.089230
1757012232.651,latency_s,0.046166
1757012232.672,latency_s,0.047755
1757012232.674,latency_s,0.047326
1757012232.675,latency_s,0.046890
1757012232.675,latency_s,0.047670
1757012232.675,latency_s,0.047580
1757012232.676,latency_s,0.048613
1757012232.676,latency_s,0.048565
1757012232.677,latency_s,0.049150
1757012232.677,latency_s,0.049393
1757012232.694,latency_s,0.046656
1757012232.697,latency_s,0.046980
1757012232.699,latency_s,0.045454
1757012232.716,latency_s,0.046857
1757012232.723,latency_s,0.046030
1757012232.726,latency_s,0.046197
1757012232.736,latency_s,0.046355
1757012232.752,latency_s,0.046684
1757012232.773,latency_s,0.048014
1757012232.776,latency_s,0.048123
1757012232.776,latency_s,0.047582
1757012232.778,latency_s,0.050586
1757012232.779,latency_s,0.050745
1757012232.779,latency_s,0.050232
1757012232.779,latency_s,0.050553
1757012232.779,latency_s,0.050529
1757012232.779,latency_s,0.050347
1757012232.794,latency_s,0.046207
1757012232.798,latency_s,0.046521
1757012232.801,latency_s,0.045754
1757012232.816,latency_s,0.045794
1757012232.824,latency_s,0.046568
1757012232.827,latency_s,0.046692
1757012232.837,latency_s,0.046344
1757012232.854,latency_s,0.046729
1757012232.872,latency_s,0.047018
1757012232.877,latency_s,0.048589
1757012232.880,latency_s,0.052062
1757012232.880,latency_s,0.052367
1757012232.881,latency_s,0.052226
1757012232.881,latency_s,0.051928
1757012232.881,latency_s,0.052013
1757012232.881,latency_s,0.051807
1757012232.881,latency_s,0.051652
1757012232.895,latency_s,0.046738
1757012232.898,latency_s,0.045536
1757012232.902,latency_s,0.046470
1757012232.920,latency_s,0.046695
1757012232.925,latency_s,0.046838
1757012232.927,latency_s,0.046387
1757012232.939,latency_s,0.047672
1757012232.956,latency_s,0.048011
1757012232.977,latency_s,0.050425
1757012232.977,latency_s,0.047999
1757012232.980,latency_s,0.051327
1757012232.980,latency_s,0.050895
1757012232.980,latency_s,0.050665
1757012232.980,latency_s,0.050763
1757012232.980,latency_s,0.050783
1757012232.980,latency_s,0.051017
1757012232.981,latency_s,0.050830
1757012232.995,latency_s,0.046671
1757012232.999,latency_s,0.046040
1757012233.001,latency_s,0.045313
1757012233.020,latency_s,0.045688
1757012233.028,latency_s,0.047368
1757012233.029,latency_s,0.047051
1757012233.038,latency_s,0.046647
1757012233.058,latency_s,0.047596
1757012233.074,latency_s,0.047415
1757012233.076,latency_s,0.046278
1757012233.081,latency_s,0.051332
1757012233.081,latency_s,0.051123
1757012233.081,latency_s,0.050753
1757012233.081,latency_s,0.051041
1757012233.081,latency_s,0.051335
1757012233.081,latency_s,0.050943
1757012233.082,latency_s,0.050765
1757012233.095,latency_s,0.046071
1757012233.101,latency_s,0.045551
1757012233.103,latency_s,0.045831
1757012233.121,latency_s,0.046060
1757012233.129,latency_s,0.047376
1757012233.129,latency_s,0.047234
1757012233.138,latency_s,0.046117
1757012233.158,latency_s,0.047211
1757012233.178,latency_s,0.050657
1757012233.178,latency_s,0.047708
1757012233.178,latency_s,0.047977
1757012233.178,latency_s,0.047198
1757012233.180,latency_s,0.048568
1757012233.181,latency_s,0.049556
1757012233.181,latency_s,0.049536
1757012233.181,latency_s,0.049728
1757012233.181,latency_s,0.049559
1757012233.195,latency_s,0.046406
1757012233.202,latency_s,0.045536
1757012233.203,latency_s,0.045693
1757012233.222,latency_s,0.046413
1757012233.230,latency_s,0.046176
1757012233.231,latency_s,0.047413
1757012233.240,latency_s,0.047338
1757012233.259,latency_s,0.047529
1757012233.275,latency_s,0.047083
1757012233.279,latency_s,0.048410
1757012233.283,latency_s,0.051995
1757012233.283,latency_s,0.051589
1757012233.283,latency_s,0.051599
1757012233.283,latency_s,0.051312
1757012233.283,latency_s,0.051176
1757012233.283,latency_s,0.050709
1757012233.283,latency_s,0.050399
1757012233.297,latency_s,0.047281
1757012233.303,latency_s,0.045887
1757012233.304,latency_s,0.045310
1757012233.325,latency_s,0.046793
1757012233.331,latency_s,0.046170
1757012233.332,latency_s,0.047141
1757012233.339,latency_s,0.046512
1757012233.361,latency_s,0.047705
1757012233.375,latency_s,0.046454
1757012233.380,latency_s,0.049227
1757012233.381,latency_s,0.049640
1757012233.381,latency_s,0.049171
1757012233.381,latency_s,0.049637
1757012233.381,latency_s,0.049681
1757012233.381,latency_s,0.047963
1757012233.381,latency_s,0.047973
1757012233.381,latency_s,0.048251
1757012233.396,latency_s,0.046455
1757012233.405,latency_s,0.046269
1757012233.407,latency_s,0.045614
1757012233.425,latency_s,0.046750
1757012233.433,latency_s,0.047081
1757012233.433,latency_s,0.047307
1757012233.439,latency_s,0.045906
1757012233.461,latency_s,0.047393
1757012233.476,latency_s,0.047085
1757012233.481,latency_s,0.048622
1757012233.484,latency_s,0.051776
1757012233.484,latency_s,0.050784
1757012233.484,latency_s,0.050911
1757012233.484,latency_s,0.051725
1757012233.484,latency_s,0.050597
1757012233.484,latency_s,0.050409
1757012233.484,latency_s,0.050100
1757012233.497,latency_s,0.046775
1757012233.506,latency_s,0.046116
1757012233.509,latency_s,0.045797
1757012233.526,latency_s,0.046685
1757012233.534,latency_s,0.046370
1757012233.535,latency_s,0.047154
1757012233.540,latency_s,0.046148
1757012233.561,latency_s,0.046439
1757012233.576,latency_s,0.046496
1757012233.579,latency_s,0.046450
1757012233.581,latency_s,0.047917
1757012233.581,latency_s,0.048107
1757012233.581,latency_s,0.047426
1757012233.584,latency_s,0.050174
1757012233.584,latency_s,0.050107
1757012233.584,latency_s,0.049909
1757012233.584,latency_s,0.049606
1757012233.597,latency_s,0.046212
1757012233.607,latency_s,0.045853
1757012233.609,latency_s,0.045627
1757012233.627,latency_s,0.046604
1757012233.637,latency_s,0.048683
1757012233.637,latency_s,0.048899
1757012233.641,latency_s,0.045870
1757012233.662,latency_s,0.046595
1757012233.676,latency_s,0.046357
1757012233.682,latency_s,0.048610
1757012233.682,latency_s,0.048482
1757012233.682,latency_s,0.048647
1757012233.682,latency_s,0.047770
1757012233.682,latency_s,0.047969
1757012233.683,latency_s,0.048292
1757012233.683,latency_s,0.048343
1757012233.683,latency_s,0.047720
1757012233.699,latency_s,0.047751
1757012233.708,latency_s,0.046618
1757012233.712,latency_s,0.046326
1757012233.729,latency_s,0.047236
1757012233.737,latency_s,0.047282
1757012233.738,latency_s,0.047188
1757012233.742,latency_s,0.046352
1757012233.763,latency_s,0.046549
1757012233.777,latency_s,0.046892
1757012233.781,latency_s,0.047401
1757012233.781,latency_s,0.047304
1757012233.781,latency_s,0.047411
1757012233.785,latency_s,0.051173
1757012233.786,latency_s,0.050995
1757012233.786,latency_s,0.050486
1757012233.786,latency_s,0.050922
1757012233.786,latency_s,0.050300
1757012233.798,latency_s,0.045711
1757012233.812,latency_s,0.047037
1757012233.813,latency_s,0.046160
1757012233.831,latency_s,0.047034
1757012233.837,latency_s,0.045807
1757012233.839,latency_s,0.047369
1757012233.844,latency_s,0.047570
1757012233.863,latency_s,0.046463
1757012233.877,latency_s,0.045970
1757012233.881,latency_s,0.047298
1757012233.881,latency_s,0.047284
1757012233.882,latency_s,0.047708
1757012233.882,latency_s,0.047628
1757012233.884,latency_s,0.049170
1757012233.884,latency_s,0.049098
1757012233.886,latency_s,0.050040
1757012233.947,latency_s,0.111188
1757012233.947,latency_s,0.094899
1757012233.947,latency_s,0.081399
1757012233.947,latency_s,0.080031
1757012233.947,latency_s,0.062817
1757012233.947,latency_s,0.055388
1757012233.947,latency_s,0.054950
1757012233.947,latency_s,0.050631
1757012233.964,latency_s,0.046466
1757012233.978,latency_s,0.046544
1757012233.982,latency_s,0.047664
1757012233.982,latency_s,0.047327
1757012233.983,latency_s,0.048724
1757012233.985,latency_s,0.049965
1757012233.985,latency_s,0.049940
1757012233.985,latency_s,0.050066
1757012233.986,latency_s,0.049242
1757012233.986,latency_s,0.049586
1757012234.000,latency_s,0.046981
1757012234.015,latency_s,0.046822
1757012234.018,latency_s,0.047186
1757012234.033,latency_s,0.047041
1757012234.039,latency_s,0.046588
1757012234.042,latency_s,0.046646
1757012234.043,latency_s,0.046145
1757012234.065,latency_s,0.046846
1757012234.079,latency_s,0.047058
1757012234.083,latency_s,0.047881
1757012234.083,latency_s,0.048017
1757012234.083,latency_s,0.047885
1757012234.083,latency_s,0.047201
1757012234.085,latency_s,0.049297
1757012234.085,latency_s,0.049253
1757012234.101,latency_s,0.064516
1757012234.101,latency_s,0.064246
1757012234.101,latency_s,0.047074
1757012234.115,latency_s,0.046808
1757012234.119,latency_s,0.047317
1757012234.134,latency_s,0.047623
1757012234.139,latency_s,0.046183
1757012234.143,latency_s,0.046414
1757012234.144,latency_s,0.046392
1757012234.166,latency_s,0.047085
1757012234.180,latency_s,0.047645
1757012234.183,latency_s,0.047220
1757012234.183,latency_s,0.047429
1757012234.187,latency_s,0.051142
1757012234.187,latency_s,0.051424
1757012234.187,latency_s,0.050904
1757012234.187,latency_s,0.050661
1757012234.187,latency_s,0.050681
1757012234.188,latency_s,0.050696
1757012234.201,latency_s,0.046327
1757012234.217,latency_s,0.046735
1757012234.220,latency_s,0.047337
1757012234.234,latency_s,0.047132
1757012234.240,latency_s,0.046366
1757012234.244,latency_s,0.047322
1757012234.245,latency_s,0.046741
1757012234.267,latency_s,0.046827
1757012234.280,latency_s,0.047262
1757012234.282,latency_s,0.045670
1757012234.286,latency_s,0.049102
1757012234.286,latency_s,0.048775
1757012234.286,latency_s,0.049040
1757012234.286,latency_s,0.049370
1757012234.286,latency_s,0.049790
1757012234.286,latency_s,0.048942
1757012234.287,latency_s,0.050089
1757012234.301,latency_s,0.046273
1757012234.320,latency_s,0.047411
1757012234.320,latency_s,0.046277
1757012234.334,latency_s,0.046221
1757012234.342,latency_s,0.046931
1757012234.345,latency_s,0.047081
1757012234.345,latency_s,0.046772
1757012234.368,latency_s,0.046390
1757012234.379,latency_s,0.045783
1757012234.383,latency_s,0.046462
1757012234.386,latency_s,0.048847
1757012234.387,latency_s,0.049855
1757012234.387,latency_s,0.050108
1757012234.387,latency_s,0.050170
1757012234.388,latency_s,0.050406
1757012234.388,latency_s,0.050648
1757012234.388,latency_s,0.049775
1757012234.402,latency_s,0.046829
1757012234.422,latency_s,0.048166
1757012234.423,latency_s,0.049230
1757012234.436,latency_s,0.046458
1757012234.444,latency_s,0.047006
1757012234.446,latency_s,0.046909
1757012234.448,latency_s,0.046268
1757012234.471,latency_s,0.047249
1757012234.480,latency_s,0.046379
1757012234.489,latency_s,0.051651
1757012234.489,latency_s,0.051747
1757012234.489,latency_s,0.051433
1757012234.490,latency_s,0.051702
1757012234.490,latency_s,0.051367
1757012234.490,latency_s,0.051867
1757012234.490,latency_s,0.051336
1757012234.490,latency_s,0.050831
1757012234.507,latency_s,0.051910
1757012234.525,latency_s,0.049146
1757012234.526,latency_s,0.049261
1757012234.536,latency_s,0.046037
1757012234.545,latency_s,0.047000
1757012234.545,latency_s,0.045974
1757012234.549,latency_s,0.047014
1757012234.570,latency_s,0.046456
1757012234.581,latency_s,0.046431
1757012234.584,latency_s,0.046284
1757012234.585,latency_s,0.047182
1757012234.590,latency_s,0.050999
1757012234.590,latency_s,0.051005
1757012234.590,latency_s,0.051557
1757012234.590,latency_s,0.051703
1757012234.590,latency_s,0.051491
1757012234.590,latency_s,0.050442
1757012234.602,latency_s,0.046470
1757012234.626,latency_s,0.048390
1757012234.626,latency_s,0.048546
1757012234.638,latency_s,0.047626
1757012234.646,latency_s,0.046996
1757012234.646,latency_s,0.047212
1757012234.649,latency_s,0.046273
1757012234.673,latency_s,0.048479
1757012234.682,latency_s,0.047901
1757012234.686,latency_s,0.047227
1757012234.687,latency_s,0.047512
1757012234.691,latency_s,0.051380
1757012234.691,latency_s,0.051301
1757012234.691,latency_s,0.048967
1757012234.691,latency_s,0.049031
1757012234.691,latency_s,0.049357
1757012234.691,latency_s,0.049334
1757012234.702,latency_s,0.045812
1757012234.727,latency_s,0.048576
1757012234.727,latency_s,0.048300
1757012234.739,latency_s,0.046921
1757012234.750,latency_s,0.050503
1757012234.750,latency_s,0.050610
1757012234.751,latency_s,0.046990
1757012234.774,latency_s,0.048003
1757012234.781,latency_s,0.046358
1757012234.786,latency_s,0.047032
1757012234.787,latency_s,0.047748
1757012234.791,latency_s,0.051896
1757012234.791,latency_s,0.051840
1757012234.792,latency_s,0.049527
1757012234.792,latency_s,0.049699
1757012234.792,latency_s,0.050117
1757012234.793,latency_s,0.050230
1757012234.803,latency_s,0.046097
1757012234.828,latency_s,0.048547
1757012234.828,latency_s,0.048734
1757012234.841,latency_s,0.047872
1757012234.847,latency_s,0.046838
1757012234.847,latency_s,0.046872
1757012234.853,latency_s,0.046642
1757012234.875,latency_s,0.047722
1757012234.882,latency_s,0.047061
1757012234.888,latency_s,0.048122
1757012234.889,latency_s,0.047733
1757012234.889,latency_s,0.046105
1757012234.891,latency_s,0.050243
1757012234.928,latency_s,0.086891
1757012234.928,latency_s,0.085127
1757012234.928,latency_s,0.085256
1757012234.928,latency_s,0.085161
1757012234.928,latency_s,0.070025
1757012234.928,latency_s,0.047597
1757012234.928,latency_s,0.047964
1757012234.944,latency_s,0.048437
1757012234.963,latency_s,0.063154
1757012234.964,latency_s,0.063068
1757012234.964,latency_s,0.055898
1757012234.974,latency_s,0.046128
1757012234.983,latency_s,0.047382
1757012234.987,latency_s,0.046569
1757012234.990,latency_s,0.049002
1757012234.990,latency_s,0.049016
1757012234.991,latency_s,0.049506
1757012234.991,latency_s,0.047891
1757012235.000,latency_s,0.057736
1757012235.001,latency_s,0.056940
1757012235.001,latency_s,0.056604
1757012235.004,latency_s,0.045650
1757012235.029,latency_s,0.047913
1757012235.029,latency_s,0.047565
1757012235.044,latency_s,0.047877
1757012235.048,latency_s,0.046877
1757012235.048,latency_s,0.046065
1757012235.055,latency_s,0.046182
1757012235.075,latency_s,0.047056
1757012235.087,latency_s,0.050674
1757012235.088,latency_s,0.046237
1757012235.088,latency_s,0.046003
1757012235.090,latency_s,0.048652
1757012235.090,latency_s,0.048050
1757012235.090,latency_s,0.046946
1757012235.092,latency_s,0.049049
1757012235.093,latency_s,0.048663
1757012235.111,latency_s,0.066247
1757012235.111,latency_s,0.052097
1757012235.130,latency_s,0.048328
1757012235.130,latency_s,0.047348
1757012235.147,latency_s,0.046494
1757012235.148,latency_s,0.046578
1757012235.150,latency_s,0.047364
1757012235.156,latency_s,0.046985
1757012235.178,latency_s,0.046478
1757012235.184,latency_s,0.047873
1757012235.195,latency_s,0.053349
1757012235.195,latency_s,0.053075
1757012235.195,latency_s,0.053554
1757012235.196,latency_s,0.052830
1757012235.196,latency_s,0.051572
1757012235.196,latency_s,0.051385
1757012235.196,latency_s,0.051285
1757012235.214,latency_s,0.068744
1757012235.214,latency_s,0.054726
1757012235.231,latency_s,0.047907
1757012235.233,latency_s,0.049642
1757012235.247,latency_s,0.046918
1757012235.248,latency_s,0.045971
1757012235.250,latency_s,0.046328
1757012235.257,latency_s,0.046592
1757012235.282,latency_s,0.049141
1757012235.283,latency_s,0.046575
1757012235.290,latency_s,0.047326
1757012235.290,latency_s,0.047586
1757012235.290,latency_s,0.046876
1757012235.290,latency_s,0.047035
1757012235.293,latency_s,0.047882
1757012235.293,latency_s,0.047853
1757012235.293,latency_s,0.047690
1757012235.306,latency_s,0.046519
1757012235.331,latency_s,0.047142
1757012235.332,latency_s,0.047249
1757012235.349,latency_s,0.047177
1757012235.350,latency_s,0.046485
1757012235.354,latency_s,0.046914
1757012235.357,latency_s,0.046104
1757012235.380,latency_s,0.047284
1757012235.384,latency_s,0.047291
1757012235.389,latency_s,0.045940
1757012235.390,latency_s,0.046932
1757012235.391,latency_s,0.047857
1757012235.391,latency_s,0.047924
1757012235.394,latency_s,0.048289
1757012235.394,latency_s,0.048403
1757012235.394,latency_s,0.047786
1757012235.407,latency_s,0.046768
1757012235.432,latency_s,0.046990
1757012235.432,latency_s,0.046620
1757012235.435,latency_s,0.189507
1757012235.435,latency_s,0.089213
1757012235.450,latency_s,0.047515
1757012235.452,latency_s,0.046090
1757012235.457,latency_s,0.047685
1757012235.457,latency_s,0.046872
1757012235.482,latency_s,0.046865
1757012235.484,latency_s,0.046513
1757012235.491,latency_s,0.046940
1757012235.492,latency_s,0.047039
1757012235.492,latency_s,0.047582
1757012235.496,latency_s,0.050956
1757012235.496,latency_s,0.050155
1757012235.496,latency_s,0.050180
1757012235.496,latency_s,0.049677
1757012235.496,latency_s,0.049674
1757012235.507,latency_s,0.046667
1757012235.531,latency_s,0.045705
1757012235.532,latency_s,0.046439
1757012235.550,latency_s,0.047116
1757012235.553,latency_s,0.046590
1757012235.557,latency_s,0.047208
1757012235.558,latency_s,0.046463
1757012235.583,latency_s,0.046954
1757012235.585,latency_s,0.046866
1757012235.591,latency_s,0.046430
1757012235.594,latency_s,0.048899
1757012235.594,latency_s,0.048624
1757012235.594,latency_s,0.048501
1757012235.595,latency_s,0.048741
1757012235.597,latency_s,0.051804
1757012235.597,latency_s,0.051109
1757012235.598,latency_s,0.051079
1757012235.610,latency_s,0.049566
1757012235.634,latency_s,0.047951
1757012235.634,latency_s,0.047206
1757012235.653,latency_s,0.048514
1757012235.653,latency_s,0.046391
1757012235.657,latency_s,0.046494
1757012235.658,latency_s,0.046257
1757012235.685,latency_s,0.048083
1757012235.685,latency_s,0.046454
1757012235.692,latency_s,0.046904
1757012235.695,latency_s,0.047853
1757012235.695,latency_s,0.047759
1757012235.698,latency_s,0.050923
1757012235.698,latency_s,0.050819
1757012235.698,latency_s,0.051016
1757012235.698,latency_s,0.050961
1757012235.698,latency_s,0.051267
1757012235.708,latency_s,0.046135
1757012235.735,latency_s,0.047451
1757012235.735,latency_s,0.047673
1757012235.751,latency_s,0.046431
1757012235.755,latency_s,0.047338
1757012235.761,latency_s,0.048542
1757012235.761,latency_s,0.048200
1757012235.786,latency_s,0.047509
1757012235.787,latency_s,0.047755
1757012235.793,latency_s,0.047462
1757012235.794,latency_s,0.047203
1757012235.797,latency_s,0.049207
1757012235.797,latency_s,0.049063
1757012235.797,latency_s,0.049137
1757012235.797,latency_s,0.048935
1757012235.798,latency_s,0.051120
1757012235.799,latency_s,0.051609
1757012235.810,latency_s,0.047091
1757012235.836,latency_s,0.047871
1757012235.836,latency_s,0.047640
1757012235.853,latency_s,0.046560
1757012235.855,latency_s,0.046214
1757012235.860,latency_s,0.046908
1757012235.860,latency_s,0.046764
1757012235.886,latency_s,0.046608
1757012235.887,latency_s,0.046524
1757012235.892,latency_s,0.046406
1757012235.894,latency_s,0.046305
1757012235.898,latency_s,0.049927
1757012235.898,latency_s,0.049783
1757012235.898,latency_s,0.049623
1757012235.898,latency_s,0.050004
1757012235.899,latency_s,0.051365
1757012235.900,latency_s,0.051730
1757012235.909,latency_s,0.046264
1757012235.936,latency_s,0.046998
1757012235.936,latency_s,0.046425
1757012235.956,latency_s,0.048656
1757012235.956,latency_s,0.047396
1757012235.960,latency_s,0.046199
1757012235.961,latency_s,0.046130
1757012235.986,latency_s,0.046474
1757012235.987,latency_s,0.046326
1757012235.996,latency_s,0.049519
1757012235.996,latency_s,0.047519
1757012235.996,latency_s,0.048059
1757012235.997,latency_s,0.047842
1757012235.999,latency_s,0.050015
1757012235.999,latency_s,0.050312
1757012235.999,latency_s,0.051051
1757012236.001,latency_s,0.052245
1757012236.009,latency_s,0.045630
1757012236.037,latency_s,0.048584
1757012236.039,latency_s,0.049225
1757012236.054,latency_s,0.046370
1757012236.056,latency_s,0.046438
1757012236.060,latency_s,0.045546
1757012236.061,latency_s,0.045982
1757012236.086,latency_s,0.046459
1757012236.088,latency_s,0.045869
1757012236.092,latency_s,0.046144
1757012236.095,latency_s,0.046774
1757012236.095,latency_s,0.046637
1757012236.097,latency_s,0.047999
1757012236.097,latency_s,0.048336
1757012236.097,latency_s,0.048458
1757012236.097,latency_s,0.048157
1757012236.097,latency_s,0.048537
1757012236.112,latency_s,0.047905
1757012236.137,latency_s,0.047212
1757012236.137,latency_s,0.046318
1757012236.156,latency_s,0.047301
1757012236.156,latency_s,0.046111
1757012236.160,latency_s,0.045608
1757012236.162,latency_s,0.046177
1757012236.189,latency_s,0.048004
1757012236.189,latency_s,0.045943
1757012236.194,latency_s,0.047147
1757012236.196,latency_s,0.047368
1757012236.198,latency_s,0.049305
1757012236.199,latency_s,0.049364
1757012236.200,latency_s,0.050163
1757012236.200,latency_s,0.049700
1757012236.200,latency_s,0.050325
1757012236.200,latency_s,0.051097
1757012236.213,latency_s,0.047611
1757012236.237,latency_s,0.046913
1757012236.237,latency_s,0.046056
1757012236.257,latency_s,0.047602
1757012236.257,latency_s,0.045834
1757012236.263,latency_s,0.046923
1757012236.264,latency_s,0.046470
1757012236.289,latency_s,0.046754
1757012236.292,latency_s,0.046382
1757012236.293,latency_s,0.046150
1757012236.296,latency_s,0.046354
1757012236.299,latency_s,0.048944
1757012236.299,latency_s,0.049357
1757012236.301,latency_s,0.050762
1757012236.301,latency_s,0.050416
1757012236.301,latency_s,0.050871
1757012236.301,latency_s,0.051426
1757012236.312,latency_s,0.046492
1757012236.338,latency_s,0.047610
1757012236.338,latency_s,0.046330
1757012236.357,latency_s,0.045976
1757012236.364,latency_s,0.046447
1757012236.367,latency_s,0.046468
1757012236.390,latency_s,0.046412
1757012236.392,latency_s,0.045787
1757012236.394,latency_s,0.046602
1757012236.397,latency_s,0.046797
1757012236.397,latency_s,0.046672
1757012236.400,latency_s,0.049244
1757012236.400,latency_s,0.049156
1757012236.400,latency_s,0.050082
1757012236.400,latency_s,0.049411
1757012236.401,latency_s,0.049809
1757012236.413,latency_s,0.047086
1757012236.437,latency_s,0.046866
1757012236.439,latency_s,0.046422
1757012236.458,latency_s,0.046624
1757012236.466,latency_s,0.046286
1757012236.469,latency_s,0.046554
1757012236.492,latency_s,0.047500
1757012236.494,latency_s,0.047201
1757012236.494,latency_s,0.046574
1757012236.499,latency_s,0.048108
1757012236.499,latency_s,0.048129
1757012236.499,latency_s,0.047948
1757012236.499,latency_s,0.187566
1757012236.501,latency_s,0.089344
1757012236.501,latency_s,0.050211
1757012236.501,latency_s,0.050204
1757012236.501,latency_s,0.048993
1757012236.513,latency_s,0.046176
1757012236.538,latency_s,0.047213
1757012236.539,latency_s,0.046258
1757012236.559,latency_s,0.045772
1757012236.561,latency_s,0.047981
1757012236.567,latency_s,0.046832
1757012236.569,latency_s,0.046293
1757012236.592,latency_s,0.047082
1757012236.594,latency_s,0.046033
1757012236.596,latency_s,0.048211
1757012236.601,latency_s,0.048869
1757012236.601,latency_s,0.048434
1757012236.602,latency_s,0.049620
1757012236.602,latency_s,0.049697
1757012236.602,latency_s,0.049460
1757012236.602,latency_s,0.047841
1757012236.614,latency_s,0.046475
1757012236.640,latency_s,0.049194
1757012236.640,latency_s,0.046568
1757012236.641,latency_s,0.189518
1757012236.642,latency_s,0.089336
1757012236.660,latency_s,0.046781
1757012236.661,latency_s,0.047138
1757012236.668,latency_s,0.046846
1757012236.670,latency_s,0.046364
1757012236.693,latency_s,0.046908
1757012236.696,latency_s,0.047498
1757012236.696,latency_s,0.047453
1757012236.698,latency_s,0.045959
1757012236.701,latency_s,0.048088
1757012236.701,latency_s,0.048004
1757012236.701,latency_s,0.047919
1757012236.702,latency_s,0.049619
1757012236.702,latency_s,0.049388
1757012236.703,latency_s,0.047816
1757012236.714,latency_s,0.046492
1757012236.738,latency_s,0.046992
1757012236.740,latency_s,0.045658
1757012236.761,latency_s,0.046504
1757012236.761,latency_s,0.046777
1757012236.769,latency_s,0.046928
1757012236.770,latency_s,0.045969
1757012236.793,latency_s,0.046516
1757012236.796,latency_s,0.046730
1757012236.796,latency_s,0.046693
1757012236.800,latency_s,0.047397
1757012236.800,latency_s,0.047081
1757012236.800,latency_s,0.047297
1757012236.803,latency_s,0.049557
1757012236.803,latency_s,0.049368
1757012236.803,latency_s,0.049288
1757012236.803,latency_s,0.046885
1757012236.815,latency_s,0.046260
1757012236.840,latency_s,0.047898
1757012236.841,latency_s,0.045856
1757012236.864,latency_s,0.047858
1757012236.864,latency_s,0.048056
1757012236.869,latency_s,0.046670
1757012236.870,latency_s,0.045757
1757012236.896,latency_s,0.047429
1757012236.896,latency_s,0.047033
1757012236.896,latency_s,0.046710
1757012236.904,latency_s,0.050580
1757012236.904,latency_s,0.051298
1757012236.905,latency_s,0.051204
1757012236.905,latency_s,0.051426
1757012236.905,latency_s,0.051074
1757012236.905,latency_s,0.051827
1757012236.905,latency_s,0.048578
1757012236.917,latency_s,0.048147
1757012236.939,latency_s,0.047482
1757012236.942,latency_s,0.046325
1757012236.964,latency_s,0.047913
1757012236.965,latency_s,0.048019
1757012236.969,latency_s,0.046705
1757012236.972,latency_s,0.047209
1757012236.997,latency_s,0.048491
1757012236.997,latency_s,0.047595
1757012236.997,latency_s,0.047643
1757012237.001,latency_s,0.047732
1757012237.001,latency_s,0.047563
1757012237.001,latency_s,0.047480
1757012237.001,latency_s,0.047366
1757012237.002,latency_s,0.048656
1757012237.003,latency_s,0.049021
1757012237.004,latency_s,0.047328
1757012237.016,latency_s,0.046459
1757012237.039,latency_s,0.046668
1757012237.042,latency_s,0.046247
1757012237.065,latency_s,0.046855
1757012237.065,latency_s,0.047094
1757012237.070,latency_s,0.046256
1757012237.072,latency_s,0.046461
1757012237.099,latency_s,0.049473
1757012237.099,latency_s,0.049421
1757012237.100,latency_s,0.049764
1757012237.101,latency_s,0.046565
1757012237.103,latency_s,0.048728
1757012237.103,latency_s,0.048222
1757012237.103,latency_s,0.049184
1757012237.103,latency_s,0.049343
1757012237.104,latency_s,0.050235
1757012237.104,latency_s,0.046736
1757012237.117,latency_s,0.046325
1757012237.138,latency_s,0.045917
1757012237.144,latency_s,0.047205
1757012237.165,latency_s,0.046443
1757012237.165,latency_s,0.046449
1757012237.171,latency_s,0.046461
1757012237.172,latency_s,0.046287
1757012237.198,latency_s,0.047028
1757012237.198,latency_s,0.047111
1757012237.200,latency_s,0.048354
1757012237.204,latency_s,0.049169
1757012237.204,latency_s,0.049404
1757012237.204,latency_s,0.049026
1757012237.204,latency_s,0.049121
1757012237.204,latency_s,0.049251
1757012237.204,latency_s,0.045910
1757012237.218,latency_s,0.047189
1757012237.240,latency_s,0.047636
1757012237.244,latency_s,0.046534
1757012237.268,latency_s,0.048647
1757012237.268,latency_s,0.047974
1757012237.272,latency_s,0.046597
1757012237.272,latency_s,0.046367
1757012237.304,latency_s,0.048958
1757012237.304,latency_s,0.048667
1757012237.304,latency_s,0.049256
1757012237.304,latency_s,0.048980
1757012237.305,latency_s,0.046074
1757012237.347,latency_s,0.192140
