1756866732.090,latency_s,0.056577
1756866732.119,latency_s,0.057908
1756866732.119,latency_s,0.056433
1756866732.120,latency_s,0.058288
1756866732.156,latency_s,0.057117
1756866732.156,latency_s,0.057592
1756866732.158,latency_s,0.056526
1756866732.159,latency_s,0.056630
1756866732.162,latency_s,0.059808
1756866732.173,latency_s,0.070767
1756866732.179,latency_s,0.077006
1756866732.194,latency_s,0.060040
1756866732.220,latency_s,0.222057
1756866732.220,latency_s,0.121959
1756866732.229,latency_s,0.055882
1756866732.229,latency_s,0.056791
1756866732.231,latency_s,0.059226
1756866732.256,latency_s,0.057144
1756866732.257,latency_s,0.057879
1756866732.259,latency_s,0.056915
1756866732.259,latency_s,0.056761
1756866732.261,latency_s,0.059102
1756866732.271,latency_s,0.067609
1756866732.277,latency_s,0.074869
1756866732.362,latency_s,0.163722
1756866732.363,latency_s,0.128314
1756866732.363,latency_s,0.090833
1756866732.363,latency_s,0.090290
1756866732.363,latency_s,0.090541
1756866732.363,latency_s,0.114308
1756866732.364,latency_s,0.065039
1756866732.364,latency_s,0.065165
1756866732.366,latency_s,0.065775
1756866732.383,latency_s,0.080224
1756866732.383,latency_s,0.080521
1756866732.384,latency_s,0.080106
1756866732.384,latency_s,0.080837
1756866732.384,latency_s,0.080656
1756866732.393,latency_s,0.058760
1756866732.429,latency_s,0.055796
1756866732.430,latency_s,0.056980
1756866732.430,latency_s,0.056200
1756866732.458,latency_s,0.057817
1756866732.458,latency_s,0.057284
1756866732.463,latency_s,0.062585
1756866732.465,latency_s,0.115095
1756866732.476,latency_s,0.071762
1756866732.487,latency_s,0.082799
1756866732.495,latency_s,0.091987
1756866732.499,latency_s,0.094564
1756866732.501,latency_s,0.097013
1756866732.533,latency_s,0.097348
1756866732.543,latency_s,0.091974
1756866732.562,latency_s,0.088211
1756866732.568,latency_s,0.092378
1756866732.580,latency_s,0.104018
1756866732.591,latency_s,0.090439
1756866732.597,latency_s,0.096000
1756866732.608,latency_s,0.105985
1756866732.620,latency_s,0.115607
1756866732.626,latency_s,0.120914
1756866732.633,latency_s,0.128692
1756866732.792,latency_s,0.286353
1756866732.792,latency_s,0.285964
1756866732.792,latency_s,0.256533
1756866732.793,latency_s,0.242142
1756866732.794,latency_s,0.219136
1756866732.794,latency_s,0.217420
1756866732.794,latency_s,0.192589
1756866732.794,latency_s,0.192223
1756866732.795,latency_s,0.191110
1756866732.795,latency_s,0.190095
1756866732.795,latency_s,0.189528
1756866732.795,latency_s,0.189392
1756866732.795,latency_s,0.189406
1756866732.795,latency_s,0.186790
1756866732.795,latency_s,0.159293
1756866732.805,latency_s,0.152512
1756866732.858,latency_s,0.182178
1756866732.858,latency_s,0.180768
1756866732.868,latency_s,0.164992
1756866732.868,latency_s,0.165257
1756866732.880,latency_s,0.175392
1756866732.900,latency_s,0.194613
1756866732.900,latency_s,0.324417
1756866732.901,latency_s,0.224036
1756866732.916,latency_s,0.209697
1756866732.931,latency_s,0.225027
1756866733.155,latency_s,0.448457
1756866733.157,latency_s,0.447945
1756866733.157,latency_s,0.420866
1756866733.161,latency_s,0.511922
1756866733.161,latency_s,0.411192
1756866733.161,latency_s,0.407225
1756866733.161,latency_s,0.384750
1756866733.161,latency_s,0.380542
1756866733.162,latency_s,0.358343
1756866733.162,latency_s,0.358692
1756866733.162,latency_s,0.356721
1756866733.162,latency_s,0.379628
1756866733.162,latency_s,0.278988
1756866733.162,latency_s,0.355651
1756866733.162,latency_s,0.255150
1756866733.162,latency_s,0.355601
1756866733.162,latency_s,0.254480
1756866733.162,latency_s,0.355376
1756866733.163,latency_s,0.253477
1756866733.163,latency_s,0.353068
1756866733.163,latency_s,0.252722
1756866733.173,latency_s,0.335691
1756866733.173,latency_s,0.234900
1756866733.173,latency_s,0.322312
1756866733.173,latency_s,0.318660
1756866733.173,latency_s,0.218051
1756866733.262,latency_s,0.385059
1756866733.262,latency_s,0.381239
1756866733.263,latency_s,0.280947
1756866733.263,latency_s,0.456918
1756866733.263,latency_s,0.356012
1756866733.263,latency_s,0.359141
1756866733.374,latency_s,0.369355
1756866733.383,latency_s,0.479492
1756866733.384,latency_s,0.379734
1756866733.384,latency_s,0.477756
1756866733.387,latency_s,0.380845
1756866733.442,latency_s,0.458455
1756866733.443,latency_s,0.433960
1756866733.443,latency_s,0.434351
1756866733.443,latency_s,0.430460
1756866733.443,latency_s,0.329843
1756866733.443,latency_s,0.431683
1756866733.444,latency_s,0.330871
1756866733.444,latency_s,0.399745
1756866733.444,latency_s,0.299236
1756866733.444,latency_s,0.491919
1756866733.444,latency_s,0.382449
1756866733.504,latency_s,0.341642
1756866733.504,latency_s,0.442674
1756866733.504,latency_s,0.342563
1756866733.504,latency_s,0.526330
1756866733.504,latency_s,0.423481
1756866733.681,latency_s,0.598639
1756866733.691,latency_s,0.508206
1756866733.695,latency_s,0.688051
1756866733.695,latency_s,0.586950
1756866733.695,latency_s,0.486480
1756866733.696,latency_s,0.679218
1756866733.696,latency_s,0.578509
1756866733.696,latency_s,0.476263
1756866733.696,latency_s,0.590983
1756866733.696,latency_s,0.490926
1756866733.696,latency_s,0.592257
1756866733.772,latency_s,0.566994
1756866733.772,latency_s,0.665254
1756866733.775,latency_s,0.567949
1756866733.778,latency_s,0.692702
1756866733.783,latency_s,0.597070
1756866733.784,latency_s,0.674662
1756866733.976,latency_s,0.764441
1756866733.976,latency_s,0.664452
1756866733.977,latency_s,0.867594
1756866733.977,latency_s,0.767020
1756866733.977,latency_s,0.666857
1756866733.977,latency_s,0.762150
1756866733.977,latency_s,0.661107
1756866733.977,latency_s,0.762987
1756866733.977,latency_s,0.662625
1756866733.977,latency_s,0.731815
1756866733.977,latency_s,0.622380
1756866733.977,latency_s,0.714719
1756866733.977,latency_s,0.715149
1756866733.977,latency_s,0.610653
1756866734.073,latency_s,0.891619
1756866734.077,latency_s,0.792872
1756866734.077,latency_s,0.693184
1756866734.077,latency_s,0.793640
1756866734.077,latency_s,0.693295
1756866734.077,latency_s,0.768054
1756866734.078,latency_s,0.667020
1756866734.078,latency_s,0.757831
1756866734.078,latency_s,0.656995
1756866734.078,latency_s,0.772641
1756866734.078,latency_s,0.773075
1756866734.078,latency_s,0.672329
1756866734.733,latency_s,1.326771
1756866734.733,latency_s,1.425234
1756866734.734,latency_s,1.324793
1756866734.734,latency_s,1.224366
1756866734.734,latency_s,1.447815
1756866734.734,latency_s,1.347101
1756866734.734,latency_s,1.246814
1756866734.734,latency_s,1.321460
1756866734.734,latency_s,1.221226
1756866734.734,latency_s,1.403773
1756866734.734,latency_s,1.303378
1756866734.734,latency_s,1.202873
1756866734.734,latency_s,1.323281
1756866734.734,latency_s,1.222898
1756866734.734,latency_s,1.317972
1756866734.734,latency_s,1.217576
1756866734.734,latency_s,1.116506
1756866734.734,latency_s,1.319239
1756866734.734,latency_s,1.218798
1756866734.734,latency_s,1.118555
1756866734.735,latency_s,1.277840
1756866734.735,latency_s,1.176006
1756866734.735,latency_s,1.075475
1756866734.735,latency_s,1.367583
1756866734.735,latency_s,1.267137
1756866734.735,latency_s,1.166413
1756866734.735,latency_s,1.066056
1756866734.735,latency_s,1.267207
1756866734.735,latency_s,1.166869
1756866734.735,latency_s,1.066706
1756866734.735,latency_s,1.248856
1756866734.735,latency_s,1.147503
1756866735.180,latency_s,1.492492
1756866735.184,latency_s,1.699171
1756866735.186,latency_s,1.598780
1756866735.191,latency_s,1.501700
1756866735.194,latency_s,1.682044
1756866735.241,latency_s,1.628652
1756866735.241,latency_s,1.527884
1756866735.241,latency_s,1.718788
1756866735.241,latency_s,1.618433
1756866735.241,latency_s,1.517390
1756866735.241,latency_s,1.734587
1756866735.241,latency_s,1.633488
1756866735.241,latency_s,1.531882
1756866735.241,latency_s,1.734676
1756866735.241,latency_s,1.632464
1756866735.676,latency_s,1.966041
1756866735.677,latency_s,2.066592
1756866735.677,latency_s,1.966139
1756866735.677,latency_s,2.088974
1756866735.677,latency_s,1.988555
1756866735.677,latency_s,1.887758
1756866735.677,latency_s,2.063632
1756866735.677,latency_s,1.963392
1756866735.677,latency_s,2.044632
1756866735.677,latency_s,1.862497
1756866735.677,latency_s,1.944065
1756866735.700,latency_s,1.866120
1756866735.704,latency_s,2.090727
1756866735.706,latency_s,1.986367
1756866735.706,latency_s,1.992126
1756866735.706,latency_s,1.884716
1756866735.706,latency_s,1.784443
1756866735.706,latency_s,1.891853
1756866736.148,latency_s,2.233218
1756866736.151,latency_s,2.434946
1756866736.154,latency_s,2.335779
1756866736.158,latency_s,2.239238
1756866736.161,latency_s,2.400917
1756866736.164,latency_s,2.303487
1756866736.169,latency_s,2.398025
1756866736.169,latency_s,2.297696
1756866736.169,latency_s,2.399997
1756866736.169,latency_s,2.299720
1756866736.169,latency_s,2.379412
1756866736.169,latency_s,2.457062
1756866736.169,latency_s,2.277980
1756866736.169,latency_s,2.355107
1756866736.169,latency_s,2.156772
1756866736.169,latency_s,2.254129
1756866736.169,latency_s,2.153788
1756866736.169,latency_s,2.379066
1756866736.169,latency_s,2.277804
1756866736.169,latency_s,2.355319
1756866736.169,latency_s,2.157813
1756866736.169,latency_s,2.254367
1756866736.169,latency_s,2.153709
1756866736.169,latency_s,2.345187
1756866736.170,latency_s,2.244867
1756866736.752,latency_s,2.727488
1756866736.755,latency_s,2.943887
1756866736.755,latency_s,2.843126
1756866736.755,latency_s,2.740752
1756866736.755,latency_s,2.943723
1756866736.755,latency_s,2.843279
1756866736.755,latency_s,2.742650
1756866736.768,latency_s,2.957315
1756866736.772,latency_s,2.859866
1756866736.776,latency_s,2.761209
1756866736.778,latency_s,2.888109
1756866736.782,latency_s,2.770148
1756866736.785,latency_s,2.869610
1756866736.788,latency_s,2.772713
1756866737.311,latency_s,3.195299
1756866737.311,latency_s,3.376147
1756866737.311,latency_s,3.266593
1756866737.311,latency_s,3.164197
1756866737.311,latency_s,3.296067
1756866737.311,latency_s,3.195868
1756866737.311,latency_s,3.288523
1756866737.311,latency_s,3.095564
1756866737.311,latency_s,3.187742
1756866737.312,latency_s,3.086559
1756866737.312,latency_s,3.291568
1756866737.312,latency_s,3.191196
1756866737.312,latency_s,3.090839
1756866737.312,latency_s,3.350985
1756866737.312,latency_s,3.250014
1756866737.312,latency_s,3.149529
1756866737.348,latency_s,3.085316
1756866737.350,latency_s,3.378474
1756866737.350,latency_s,3.276842
1756866737.350,latency_s,3.176316
1756866737.350,latency_s,3.380160
1756866737.350,latency_s,3.279526
1756866737.350,latency_s,3.178747
1756866737.350,latency_s,3.237111
1756866737.350,latency_s,3.136669
1756866737.939,latency_s,3.623603
1756866737.942,latency_s,3.822186
1756866737.945,latency_s,3.723835
1756866737.948,latency_s,3.625742
1756866737.951,latency_s,3.918558
1756866737.956,latency_s,3.822916
1756866737.958,latency_s,3.724451
1756866737.961,latency_s,3.626616
1756866738.023,latency_s,3.909277
1756866738.023,latency_s,3.808472
1756866738.023,latency_s,3.707436
1756866738.023,latency_s,3.907120
1756866738.023,latency_s,3.806514
1756866738.023,latency_s,3.706122
1756866738.023,latency_s,3.896788
1756866738.024,latency_s,3.795578
1756866738.024,latency_s,3.693985
1756866738.024,latency_s,3.909181
1756866738.024,latency_s,3.807595
1756866738.502,latency_s,4.184726
1756866738.502,latency_s,4.083700
1756866738.502,latency_s,4.388669
1756866738.502,latency_s,4.287750
1756866738.512,latency_s,4.196309
1756866738.512,latency_s,4.096279
1756866738.512,latency_s,4.396737
1756866738.512,latency_s,4.296281
1756866738.512,latency_s,4.195137
1756866738.512,latency_s,4.093843
1756866738.512,latency_s,4.398984
1756866738.512,latency_s,4.296477
1756866738.513,latency_s,4.195994
1756866739.059,latency_s,4.640844
1756866739.062,latency_s,4.543288
1756866739.065,latency_s,4.848848
1756866739.069,latency_s,4.752353
1756866739.071,latency_s,4.653194
1756866739.074,latency_s,4.554646
1756866739.078,latency_s,4.829806
1756866739.081,latency_s,4.730979
1756866739.085,latency_s,4.633252
1756866739.152,latency_s,4.599776
1756866739.152,latency_s,4.835382
1756866739.152,latency_s,4.733907
1756866739.152,latency_s,4.633658
1756866739.152,latency_s,4.532729
1756866739.152,latency_s,4.825482
1756866739.152,latency_s,4.725191
1756866739.152,latency_s,4.624358
1756866739.152,latency_s,4.523981
1756866739.152,latency_s,4.830355
1756866739.752,latency_s,5.329603
1756866739.755,latency_s,5.231305
1756866739.759,latency_s,5.134813
1756866739.760,latency_s,5.396172
1756866739.760,latency_s,5.295202
1756866739.760,latency_s,5.194263
1756866739.760,latency_s,5.093017
1756866739.760,latency_s,5.486206
1756866739.760,latency_s,5.385544
1756866739.760,latency_s,5.283518
1756866739.760,latency_s,5.181630
1756866739.760,latency_s,5.081157
1756866739.760,latency_s,5.487774
1756866740.385,latency_s,6.011565
1756866740.389,latency_s,5.914658
1756866740.392,latency_s,5.816442
1756866740.396,latency_s,5.719389
1756866740.398,latency_s,5.982075
1756866740.401,latency_s,5.883268
1756866740.404,latency_s,5.786052
1756866740.407,latency_s,5.686993
1756866740.410,latency_s,5.988362
1756866740.414,latency_s,5.891134
1756866740.418,latency_s,5.794061
1756866740.421,latency_s,5.696178
1756866740.423,latency_s,5.988662
1756866740.423,latency_s,5.888422
1756866740.423,latency_s,5.788291
1756866740.423,latency_s,5.687984
1756866740.423,latency_s,6.007141
1756866740.423,latency_s,5.905604
1756866740.423,latency_s,5.804912
1756866741.033,latency_s,5.889357
1756866741.036,latency_s,5.791833
1756866741.040,latency_s,6.218257
1756866741.043,latency_s,6.119847
1756866741.043,latency_s,6.018723
1756866741.043,latency_s,5.916793
1756866741.043,latency_s,5.816444
1756866741.043,latency_s,6.221104
1756866741.043,latency_s,6.120161
1756866741.043,latency_s,6.018553
1756866741.043,latency_s,5.917454
1756866741.043,latency_s,5.816735
1756866741.043,latency_s,6.111516
1756866741.703,latency_s,5.869966
1756866741.705,latency_s,6.277476
1756866741.709,latency_s,6.179875
1756866741.711,latency_s,6.081805
1756866741.714,latency_s,5.984117
1756866741.717,latency_s,5.884637
1756866741.721,latency_s,5.787288
1756866741.724,latency_s,6.296082
1756866741.727,latency_s,6.198086
1756866741.730,latency_s,6.099673
1756866741.734,latency_s,6.001786
1756866741.737,latency_s,5.904065
1756866741.741,latency_s,5.806901
1756866741.743,latency_s,6.213810
1756866741.746,latency_s,6.116600
1756866741.749,latency_s,6.018958
1756866741.753,latency_s,5.920593
1756866741.756,latency_s,5.822600
1756866741.760,latency_s,6.199038
1756866742.341,latency_s,5.765250
1756866742.344,latency_s,6.208984
1756866742.347,latency_s,6.110583
1756866742.351,latency_s,6.013144
1756866742.354,latency_s,5.915576
1756866742.357,latency_s,5.817873
1756866742.360,latency_s,5.719976
1756866742.360,latency_s,6.221233
1756866742.360,latency_s,6.121262
1756866742.360,latency_s,6.021166
1756866742.361,latency_s,5.920546
1756866742.361,latency_s,5.820370
1756866742.361,latency_s,5.719926
1756866742.376,latency_s,6.240520
1756866742.379,latency_s,6.142475
1756866742.383,latency_s,6.045890
1756866742.385,latency_s,5.946991
1756866742.389,latency_s,5.849709
1756866742.392,latency_s,5.751439
1756866742.394,latency_s,6.213650
1756866742.399,latency_s,6.117604
1756866742.401,latency_s,6.019310
1756866742.404,latency_s,5.922364
1756866742.407,latency_s,5.824266
1756866742.410,latency_s,5.726415
1756866742.415,latency_s,6.221167
1756866742.417,latency_s,6.122684
1756866742.420,latency_s,6.024216
1756866742.424,latency_s,5.927421
1756866742.426,latency_s,5.828673
1756866742.976,latency_s,6.090433
1756866742.980,latency_s,5.993172
1756866742.983,latency_s,5.895357
1756866742.985,latency_s,5.796233
1756866742.989,latency_s,6.189543
1756866742.992,latency_s,6.092396
1756866742.995,latency_s,5.995129
1756866742.998,latency_s,5.897406
1756866743.001,latency_s,5.799169
1756866743.005,latency_s,6.200662
1756866743.008,latency_s,6.103409
1756866743.011,latency_s,6.004884
1756866743.014,latency_s,5.907831
1756866743.017,latency_s,5.809381
1756866743.020,latency_s,6.168916
1756866743.635,latency_s,5.977385
1756866743.638,latency_s,5.879330
1756866743.640,latency_s,5.780028
1756866743.645,latency_s,6.196801
1756866743.647,latency_s,6.097981
1756866743.650,latency_s,6.000332
1756866743.654,latency_s,5.904759
1756866743.656,latency_s,5.800051
1756866743.661,latency_s,5.704300
1756866743.663,latency_s,6.215458
1756866743.668,latency_s,6.119729
1756866743.668,latency_s,6.019444
1756866743.672,latency_s,5.922340
1756866743.677,latency_s,5.820822
1756866743.679,latency_s,5.722636
1756866743.682,latency_s,6.211072
1756866743.685,latency_s,6.112673
1756866744.255,latency_s,6.098082
1756866744.258,latency_s,6.000880
1756866744.261,latency_s,5.903659
1756866744.921,latency_s,6.461984
1756866744.921,latency_s,6.864356
1756866744.921,latency_s,6.764221
1756866744.921,latency_s,6.664131
1756866744.921,latency_s,6.563010
1756866744.921,latency_s,6.461929
1756866744.921,latency_s,6.842455
1756866744.921,latency_s,6.741429
1756866744.921,latency_s,6.640584
1756866744.921,latency_s,6.539657
1756866744.921,latency_s,6.438891
1756866744.921,latency_s,6.337762
1756866744.921,latency_s,5.957371
1756866744.921,latency_s,5.856379
1756866744.921,latency_s,5.755526
1756866744.921,latency_s,5.653904
1756866744.921,latency_s,6.165571
1756866744.921,latency_s,6.064734
1756866744.921,latency_s,5.964527
1756866744.922,latency_s,5.863483
1756866744.922,latency_s,5.762736
1756866744.922,latency_s,5.662366
1756866744.922,latency_s,5.561967
1756866744.922,latency_s,6.138421
1756866744.922,latency_s,6.037958
1756866744.922,latency_s,5.937249
1756866744.922,latency_s,5.836749
1756866744.922,latency_s,5.736562
1756866744.922,latency_s,5.636339
1756866745.470,latency_s,6.202219
1756866745.472,latency_s,6.102481
1756866745.476,latency_s,6.006193
1756866745.479,latency_s,5.908862
1756866745.482,latency_s,5.811084
1756866745.487,latency_s,5.714561
1756866745.490,latency_s,6.197354
1756866745.492,latency_s,6.098665
1756866746.304,latency_s,6.809076
1756866746.304,latency_s,6.708095
1756866746.304,latency_s,6.607607
1756866746.304,latency_s,6.507140
1756866746.304,latency_s,7.035954
1756866746.304,latency_s,6.934709
1756866746.304,latency_s,6.833740
1756866746.304,latency_s,6.732377
1756866746.304,latency_s,6.632088
1756866746.304,latency_s,6.531596
1756866746.304,latency_s,6.935111
1756866746.304,latency_s,6.833633
1756866746.306,latency_s,6.734922
1756866746.307,latency_s,6.634561
1756866746.307,latency_s,6.533897
1756866746.307,latency_s,6.433124
1756866746.307,latency_s,6.846636
1756866746.307,latency_s,6.745690
1756866746.307,latency_s,6.644222
1756866746.307,latency_s,6.544071
1756866746.307,latency_s,6.443733
1756866746.307,latency_s,6.031711
1756866746.307,latency_s,5.930076
1756866746.307,latency_s,5.828878
1756866746.307,latency_s,6.408477
1756866746.307,latency_s,6.307508
1756866746.307,latency_s,6.205186
1756866746.878,latency_s,5.997421
1756866746.883,latency_s,5.901634
1756866746.884,latency_s,5.801507
1756866746.888,latency_s,6.307729
1756866746.891,latency_s,6.210798
1756866746.914,latency_s,6.133322
1756866746.916,latency_s,6.035568
1756866746.920,latency_s,5.938593
1756866746.923,latency_s,5.839841
1756866746.927,latency_s,5.742854
1756866746.930,latency_s,6.260223
1756866746.933,latency_s,6.163314
1756866746.935,latency_s,6.065267
1756866746.939,latency_s,5.968091
1756866746.942,latency_s,5.870927
1756866746.946,latency_s,5.773003
1756866746.949,latency_s,6.255683
1756866747.587,latency_s,6.793036
1756866747.587,latency_s,6.692769
1756866747.587,latency_s,6.592261
1756866747.587,latency_s,6.492102
1756866747.587,latency_s,6.391225
1756866747.587,latency_s,6.907410
1756866747.587,latency_s,6.806966
1756866747.587,latency_s,6.705779
1756866747.587,latency_s,6.605459
1756866747.587,latency_s,6.504020
1756866747.587,latency_s,6.403313
1756866747.587,latency_s,6.917051
1756866747.587,latency_s,6.816654
1756866747.587,latency_s,6.716007
1756866747.625,latency_s,6.037632
1756866747.629,latency_s,5.940821
1756866747.631,latency_s,5.842648
1756866747.636,latency_s,6.362416
1756866747.637,latency_s,6.263645
1756866747.640,latency_s,6.166027
1756866748.264,latency_s,5.771691
1756866748.266,latency_s,6.287608
1756866748.270,latency_s,6.190727
1756866748.273,latency_s,6.092916
1756866748.276,latency_s,5.995960
1756866748.279,latency_s,5.898204
1756866748.283,latency_s,5.801449
1756866748.287,latency_s,5.703512
1756866748.288,latency_s,6.284935
1756866748.292,latency_s,6.187745
1756866748.295,latency_s,6.090101
1756866748.298,latency_s,5.992953
1756866748.301,latency_s,5.894945
1756866748.306,latency_s,5.798753
1756866748.306,latency_s,5.698475
1756866748.307,latency_s,6.314917
1756866748.307,latency_s,6.214489
1756866748.307,latency_s,6.114297
1756866748.307,latency_s,6.013633
1756866748.307,latency_s,5.913085
1756866748.307,latency_s,5.812274
1756866748.307,latency_s,5.711379
1756866748.928,latency_s,6.018414
1756866748.931,latency_s,5.919865
1756866748.934,latency_s,5.822695
1756866748.938,latency_s,5.725102
1756866748.941,latency_s,6.244849
1756866748.944,latency_s,6.147496
1756866748.947,latency_s,6.050455
1756866748.950,latency_s,5.951723
1756866748.950,latency_s,5.851627
1756866748.950,latency_s,5.751450
1756866748.958,latency_s,6.274608
1756866748.960,latency_s,6.175882
1756866748.964,latency_s,6.077186
1756866748.967,latency_s,5.979857
1756866748.970,latency_s,5.882622
1756866748.974,latency_s,5.786180
1756866748.976,latency_s,6.180156
1756866748.979,latency_s,6.081987
1756866748.982,latency_s,5.984653
1756866748.986,latency_s,5.887461
1756866748.988,latency_s,5.788484
1756866748.991,latency_s,5.690908
1756866750.467,latency_s,7.682392
1756866750.467,latency_s,7.581000
1756866750.467,latency_s,7.480526
1756866750.467,latency_s,7.380398
1756866750.467,latency_s,7.280185
1756866750.468,latency_s,7.179643
1756866750.468,latency_s,7.579681
1756866750.468,latency_s,7.479518
1756866750.468,latency_s,7.053376
1756866750.468,latency_s,6.952964
1756866750.468,latency_s,6.852728
1756866750.468,latency_s,6.751649
1756866750.468,latency_s,6.651227
1756866750.468,latency_s,7.168887
1756866750.468,latency_s,7.068399
1756866750.468,latency_s,6.967478
1756866750.468,latency_s,6.866393
1756866750.468,latency_s,6.764853
1756866750.468,latency_s,6.664531
1756866750.468,latency_s,6.563879
1756866750.484,latency_s,6.490624
1756866750.484,latency_s,6.390146
1756866750.484,latency_s,6.289881
1756866750.484,latency_s,6.189322
1756866750.484,latency_s,6.089231
1756866750.484,latency_s,6.379052
1756866750.484,latency_s,6.278832
1756866750.484,latency_s,6.178595
1756866750.484,latency_s,6.077528
1756866750.484,latency_s,5.976641
1756866750.509,latency_s,6.414696
1756866750.509,latency_s,6.314751
1756866751.179,latency_s,6.070935
1756866751.184,latency_s,5.975505
1756866751.186,latency_s,6.387953
1756866751.188,latency_s,6.289675
1756866751.193,latency_s,6.193820
1756866751.195,latency_s,6.094399
1756866751.198,latency_s,5.996065
1756866751.201,latency_s,5.898586
1756866751.204,latency_s,6.294376
1756866751.208,latency_s,6.197178
1756866751.211,latency_s,6.099136
1756866751.213,latency_s,6.001574
1756866751.217,latency_s,5.903667
1756866751.382,latency_s,5.967635
1756866751.383,latency_s,6.471920
1756866751.383,latency_s,6.371458
1756866751.383,latency_s,6.270957
1756866751.383,latency_s,6.170579
1756866751.383,latency_s,6.069651
1756866751.383,latency_s,5.967822
1756866751.836,latency_s,6.332132
1756866751.840,latency_s,6.234851
1756866751.842,latency_s,6.136270
1756866751.842,latency_s,6.035777
1756866751.843,latency_s,5.934312
1756866751.843,latency_s,5.834006
1756866751.843,latency_s,5.733806
1756866751.843,latency_s,5.633286
1756866751.843,latency_s,6.327065
1756866751.843,latency_s,6.226275
1756866751.843,latency_s,6.126032
1756866751.843,latency_s,6.025267
1756866752.498,latency_s,5.884804
1756866752.501,latency_s,5.787974
1756866752.504,latency_s,5.689778
1756866752.507,latency_s,6.196544
1756866752.511,latency_s,6.099384
1756866752.513,latency_s,6.001232
1756866752.517,latency_s,5.905121
1756866752.520,latency_s,5.806692
1756866752.524,latency_s,5.709970
1756866752.526,latency_s,6.204340
1756866752.529,latency_s,6.107111
1756866752.533,latency_s,6.010201
1756866752.536,latency_s,5.912608
1756866752.540,latency_s,5.814849
1756866752.542,latency_s,5.716948
1756866752.546,latency_s,6.236014
1756866752.549,latency_s,6.138551
1756866752.549,latency_s,6.037500
1756866752.549,latency_s,5.937478
1756866752.550,latency_s,5.837208
1756866753.065,latency_s,5.546827
1756866753.069,latency_s,6.154793
1756866753.072,latency_s,6.056389
1756866753.072,latency_s,5.955040
1756866753.072,latency_s,5.853990
1756866753.072,latency_s,5.753855
1756866753.072,latency_s,5.653255
1756866753.072,latency_s,5.552198
1756866753.072,latency_s,6.146123
1756866753.072,latency_s,6.045347
1756866753.072,latency_s,5.945011
1756866753.072,latency_s,5.844290
1756866753.098,latency_s,5.769764
1756866753.101,latency_s,5.672286
1756866753.104,latency_s,5.575219
1756866753.107,latency_s,6.192735
1756866753.111,latency_s,6.095591
1756866753.114,latency_s,5.996807
1756866753.117,latency_s,5.898859
1756866753.120,latency_s,5.801590
1756866753.123,latency_s,5.704765
1756866753.126,latency_s,5.606433
1756866753.130,latency_s,6.093922
1756866753.133,latency_s,5.996001
1756866753.136,latency_s,5.898124
1756866753.139,latency_s,5.801049
1756866753.142,latency_s,5.703540
1756866753.145,latency_s,5.606050
1756866753.148,latency_s,5.509190
1756866753.650,latency_s,6.623510
1756866753.656,latency_s,5.634041
1756866753.659,latency_s,5.536329
1756866753.662,latency_s,6.033348
1756866753.665,latency_s,5.935429
1756866753.665,latency_s,5.835301
1756866753.665,latency_s,5.734414
1756866753.665,latency_s,5.633251
1756866753.666,latency_s,5.532411
1756866753.666,latency_s,6.035987
1756866753.666,latency_s,5.935746
1756866753.666,latency_s,5.834864
1756866753.666,latency_s,5.733662
1756866753.666,latency_s,5.633071
1756866753.666,latency_s,5.532305
1756866754.301,latency_s,6.067133
1756866754.305,latency_s,5.970196
1756866754.308,latency_s,5.872485
1756866754.311,latency_s,5.774447
1756866754.314,latency_s,5.676843
1756866754.317,latency_s,6.094054
1756866754.320,latency_s,5.996136
1756866754.323,latency_s,5.897999
1756866754.326,latency_s,5.800384
1756866754.330,latency_s,5.703291
1756866754.333,latency_s,5.605665
1756866754.938,latency_s,6.110343
1756866754.938,latency_s,6.704581
1756866754.938,latency_s,6.604253
1756866754.938,latency_s,6.503308
1756866754.938,latency_s,6.402950
1756866754.938,latency_s,6.301233
1756866754.939,latency_s,5.795996
1756866754.939,latency_s,5.695587
1756866754.939,latency_s,6.213383
1756866754.939,latency_s,6.113091
1756866754.939,latency_s,6.012743
1756866754.939,latency_s,5.912431
1756866754.939,latency_s,5.811496
1756866754.939,latency_s,5.711123
1756866754.939,latency_s,5.609447
1756866754.939,latency_s,6.200250
1756866754.939,latency_s,6.097824
1756866754.939,latency_s,5.997549
1756866754.939,latency_s,5.897362
1756866754.939,latency_s,5.795960
1756866754.939,latency_s,5.695688
1756866755.467,latency_s,5.821576
1756866755.470,latency_s,5.723655
1756866755.473,latency_s,5.626398
1756866755.475,latency_s,6.245863
1756866755.476,latency_s,6.145796
1756866755.476,latency_s,6.044976
1756866755.476,latency_s,5.944608
1756866755.476,latency_s,5.844336
1756866755.476,latency_s,5.744082
1756866755.476,latency_s,5.643944
1756866755.476,latency_s,6.132539
1756866756.066,latency_s,6.060170
1756866756.068,latency_s,5.962140
1756866756.073,latency_s,5.866205
1756866756.075,latency_s,5.767120
1756866756.079,latency_s,5.670339
1756866756.081,latency_s,5.571793
1756866756.085,latency_s,6.338884
1756866756.087,latency_s,6.240690
1756866756.090,latency_s,6.142973
1756866756.778,latency_s,6.729684
1756866756.779,latency_s,6.629134
1756866756.779,latency_s,6.528881
1756866756.779,latency_s,6.428683
1756866756.779,latency_s,6.328074
1756866756.779,latency_s,6.932316
1756866756.779,latency_s,6.831391
1756866756.779,latency_s,6.731113
1756866756.779,latency_s,6.630545
1756866756.779,latency_s,6.530420
1756866756.779,latency_s,6.429802
1756866756.779,latency_s,6.328755
1756866756.779,latency_s,6.126909
1756866756.779,latency_s,6.026456
1756866756.779,latency_s,5.926091
1756866756.779,latency_s,5.825461
1756866756.779,latency_s,5.724590
1756866756.779,latency_s,5.623579
1756866756.779,latency_s,6.244785
1756866756.779,latency_s,6.144619
1756866756.779,latency_s,6.044379
1756866756.780,latency_s,5.943737
1756866756.780,latency_s,5.843573
1756866757.339,latency_s,5.994756
1756866757.342,latency_s,5.896487
1756866757.342,latency_s,5.796156
1756866757.342,latency_s,5.695968
1756866757.342,latency_s,5.595025
1756866757.342,latency_s,6.198858
1756866757.342,latency_s,6.098093
1756866757.342,latency_s,5.997393
1756866757.342,latency_s,5.897026
1756866758.012,latency_s,5.647502
1756866758.014,latency_s,6.155576
1756866759.843,latency_s,7.882646
1756866759.843,latency_s,7.781820
1756866759.844,latency_s,7.680451
1756866759.844,latency_s,7.578992
1756866759.844,latency_s,7.477715
1756866759.844,latency_s,7.377099
1756866759.844,latency_s,7.995476
1756866759.844,latency_s,7.895088
1756866759.844,latency_s,7.794503
1756866759.844,latency_s,7.694107
1756866759.844,latency_s,7.593338
1756866759.844,latency_s,7.492620
1756866759.844,latency_s,7.392197
1756866759.844,latency_s,7.996196
1756866759.844,latency_s,7.895835
1756866759.844,latency_s,7.795177
1756866759.844,latency_s,7.694962
1756866759.844,latency_s,7.594061
1756866759.844,latency_s,7.493282
1756866759.844,latency_s,7.393113
1756866759.844,latency_s,7.983020
1756866759.844,latency_s,7.279110
1756866759.844,latency_s,7.178106
1756866759.844,latency_s,7.077401
1756866759.844,latency_s,6.977025
1756866759.844,latency_s,6.876491
1756866759.844,latency_s,7.277665
1756866759.845,latency_s,7.175444
1756866759.845,latency_s,7.075023
1756866759.845,latency_s,6.974786
1756866759.845,latency_s,6.790186
1756866759.845,latency_s,6.689826
1756866760.364,latency_s,5.784245
1756866760.369,latency_s,5.687837
1756866760.371,latency_s,5.589831
1756866760.374,latency_s,6.008051
1756866760.378,latency_s,5.910902
1756866760.381,latency_s,5.813182
1756866761.046,latency_s,6.377673
1756866761.046,latency_s,6.277303
1756866761.046,latency_s,6.680350
1756866761.047,latency_s,6.579999
1756866761.047,latency_s,6.479008
1756866761.047,latency_s,6.378808
1756866761.047,latency_s,6.278073
1756866761.047,latency_s,6.177218
1756866761.047,latency_s,6.666879
1756866761.047,latency_s,6.565712
1756866761.048,latency_s,6.464391
1756866761.048,latency_s,6.363468
1756866761.048,latency_s,6.262763
1756866761.048,latency_s,6.693015
1756866761.048,latency_s,6.592864
1756866761.048,latency_s,6.491943
1756866761.048,latency_s,6.391856
1756866761.048,latency_s,6.291503
1756866761.048,latency_s,6.191344
1756866761.048,latency_s,6.630583
1756866761.049,latency_s,5.865643
1756866761.049,latency_s,5.765782
1756866761.049,latency_s,5.665305
1756866761.049,latency_s,6.179430
1756866761.049,latency_s,6.078699
1756866761.049,latency_s,5.978059
1756866761.049,latency_s,5.878115
1756866761.531,latency_s,5.838914
1756866761.534,latency_s,5.741322
1756866761.537,latency_s,5.641580
1756866761.537,latency_s,6.052621
1756866761.537,latency_s,5.952540
1756866761.560,latency_s,5.579708
1756866761.563,latency_s,6.086936
1756866761.565,latency_s,5.988329
1756866762.203,latency_s,6.524967
1756866762.203,latency_s,6.424752
1756866762.203,latency_s,6.323955
1756866762.203,latency_s,6.223170
1756866762.203,latency_s,6.713379
1756866762.203,latency_s,6.611950
1756866762.203,latency_s,6.511067
1756866762.203,latency_s,6.410422
1756866762.203,latency_s,6.307991
1756866762.203,latency_s,6.207591
1756866762.203,latency_s,6.743063
1756866762.203,latency_s,6.641957
1756866762.203,latency_s,6.541404
1756866762.203,latency_s,6.441241
1756866762.203,latency_s,6.340576
1756866762.203,latency_s,6.239190
1756866762.203,latency_s,6.671345
1756866762.203,latency_s,6.570295
1756866762.203,latency_s,6.469981
1756866762.204,latency_s,6.369549
1756866762.204,latency_s,6.269001
1756866762.204,latency_s,6.168057
1756866762.262,latency_s,6.671424
1756866762.265,latency_s,6.183399
1756866762.279,latency_s,6.096895
1756866762.279,latency_s,5.995305
1756866762.279,latency_s,5.895012
1756866762.279,latency_s,5.794340
1756866762.280,latency_s,5.692748
1756866762.888,latency_s,5.682130
1756866762.891,latency_s,6.101978
1756866762.894,latency_s,6.004206
1756866763.573,latency_s,6.582397
1756866763.573,latency_s,6.481498
1756866763.573,latency_s,6.381142
1756866763.573,latency_s,6.280045
1756866763.573,latency_s,6.784458
1756866763.573,latency_s,6.683841
1756866763.574,latency_s,6.582679
1756866763.574,latency_s,6.480976
1756866763.574,latency_s,6.380618
1756866763.574,latency_s,6.280413
1756866763.574,latency_s,6.784917
1756866763.574,latency_s,6.684127
1756866763.574,latency_s,6.583144
1756866763.574,latency_s,6.481493
1756866763.574,latency_s,6.381125
1756866763.574,latency_s,6.280632
1756866763.574,latency_s,6.772718
1756866763.574,latency_s,6.670370
1756866763.574,latency_s,6.568681
1756866763.574,latency_s,6.468428
1756866763.574,latency_s,6.368282
1756866763.574,latency_s,6.267539
1756866763.574,latency_s,5.878532
1756866763.574,latency_s,5.778308
1756866763.574,latency_s,5.677574
1756866763.574,latency_s,6.180773
1756866763.574,latency_s,6.079686
1756866763.575,latency_s,5.979877
1756866763.575,latency_s,5.879660
1756866764.269,latency_s,6.257742
1756866764.272,latency_s,6.160526
1756866764.275,latency_s,6.062797
1756866764.279,latency_s,5.965682
1756866764.813,latency_s,6.398991
1756866764.813,latency_s,6.298751
1756866764.813,latency_s,6.728275
1756866764.813,latency_s,6.628029
1756866764.813,latency_s,6.527331
1756866764.813,latency_s,6.426822
1756866764.813,latency_s,6.325762
1756866764.813,latency_s,6.224835
1756866764.813,latency_s,6.762648
1756866764.813,latency_s,6.661685
1756866764.813,latency_s,6.561136
1756866764.813,latency_s,6.460902
1756866764.813,latency_s,6.359976
1756866764.813,latency_s,6.258510
1756866764.813,latency_s,6.701318
1756866764.813,latency_s,6.600800
1756866764.813,latency_s,6.500434
1756866764.813,latency_s,6.399887
1756866764.813,latency_s,6.299690
1756866764.813,latency_s,6.199190
1756866764.814,latency_s,6.700804
1756866764.814,latency_s,6.600471
1756866764.860,latency_s,6.546689
1756866764.860,latency_s,6.446632
1756866764.860,latency_s,6.346543
1756866765.470,latency_s,6.711441
1756866765.470,latency_s,6.754882
1756866765.470,latency_s,6.611407
1756866765.470,latency_s,6.654576
1756866765.471,latency_s,6.510913
1756866765.471,latency_s,6.553730
1756866765.471,latency_s,5.905466
1756866766.110,latency_s,6.442812
1756866766.110,latency_s,6.342140
1756866766.110,latency_s,6.891180
1756866766.110,latency_s,6.790275
1756866766.110,latency_s,6.689866
1756866766.110,latency_s,6.588989
1756866766.110,latency_s,6.488355
1756866766.110,latency_s,6.388109
1756866766.110,latency_s,6.287783
1756866766.110,latency_s,6.790419
1756866766.110,latency_s,6.690188
1756866766.110,latency_s,6.589504
1756866766.110,latency_s,6.489086
1756866766.110,latency_s,6.388622
1756866766.110,latency_s,6.288358
1756866766.110,latency_s,6.813663
1756866766.110,latency_s,6.713470
1756866766.110,latency_s,6.612152
1756866766.110,latency_s,6.511813
1756866766.110,latency_s,6.411353
1756866766.111,latency_s,6.307547
1756866766.111,latency_s,6.790637
1756866766.111,latency_s,6.690402
1756866766.111,latency_s,6.589947
1756866766.112,latency_s,6.490854
1756866766.133,latency_s,5.924037
1756866766.615,latency_s,5.583741
1756866766.617,latency_s,6.207566
1756866766.646,latency_s,6.135629
1756866766.646,latency_s,6.034542
1756866766.646,latency_s,5.932842
1756866766.647,latency_s,5.831447
1756866766.647,latency_s,5.730062
1756866766.647,latency_s,5.629096
1756866766.647,latency_s,6.220864
1756866766.647,latency_s,6.120414
1756866766.647,latency_s,6.019812
1756866766.647,latency_s,5.918075
1756866766.647,latency_s,5.816651
1756866766.647,latency_s,5.716288
1756866766.647,latency_s,5.615955
1756866766.647,latency_s,6.026133
1756866766.647,latency_s,5.925786
1756866766.647,latency_s,5.824404
1756866766.647,latency_s,5.723501
1756866766.647,latency_s,5.622501
1756866766.647,latency_s,5.521589
1756866766.647,latency_s,6.029476
1756866766.647,latency_s,5.929222
1756866766.647,latency_s,5.827986
1756866767.235,latency_s,6.314258
1756866767.235,latency_s,6.214113
1756866767.235,latency_s,6.113072
1756866767.235,latency_s,6.667080
1756866767.243,latency_s,5.807966
1756866767.262,latency_s,5.725973
1756866767.262,latency_s,6.129759
1756866767.262,latency_s,6.029192
1756866767.794,latency_s,5.753158
1756866767.797,latency_s,5.655499
1756866767.800,latency_s,5.557527
1756866767.824,latency_s,6.189711
1756866767.824,latency_s,6.089345
1756866767.824,latency_s,5.989269
1756866767.825,latency_s,5.889198
1756866767.825,latency_s,5.788979
1756866767.825,latency_s,5.688726
1756866767.825,latency_s,5.588614
1756866767.825,latency_s,6.198789
1756866767.825,latency_s,6.097584
1756866767.825,latency_s,5.997122
1756866767.825,latency_s,5.897011
1756866767.825,latency_s,5.796254
1756866767.825,latency_s,5.695856
1756866767.825,latency_s,5.594205
1756866767.825,latency_s,6.189403
1756866767.825,latency_s,6.088917
1756866767.825,latency_s,5.988798
1756866767.825,latency_s,5.887690
1756866767.825,latency_s,5.787464
1756866767.825,latency_s,5.686868
1756866767.825,latency_s,5.585556
1756866768.521,latency_s,5.982394
1756866768.524,latency_s,5.883771
1756866768.524,latency_s,5.782735
1756866768.524,latency_s,5.682280
1756866768.524,latency_s,6.308877
1756866768.524,latency_s,6.208586
1756866768.524,latency_s,6.108421
1756866768.524,latency_s,6.008032
1756866769.082,latency_s,5.939242
1756866769.085,latency_s,5.840283
1756866769.089,latency_s,5.743084
1756866769.091,latency_s,5.645231
1756866769.132,latency_s,6.213534
1756866769.132,latency_s,6.113389
1756866769.132,latency_s,6.012798
1756866769.132,latency_s,5.912476
1756866769.132,latency_s,5.811478
1756866769.132,latency_s,5.711234
1756866769.132,latency_s,5.610601
1756866769.132,latency_s,6.226272
1756866769.132,latency_s,6.124537
1756866769.132,latency_s,6.023088
1756866769.132,latency_s,5.922176
1756866769.726,latency_s,6.414881
1756866769.726,latency_s,6.314430
1756866769.726,latency_s,6.214160
1756866769.726,latency_s,6.778013
1756866769.727,latency_s,6.677615
1756866769.727,latency_s,6.577017
1756866769.727,latency_s,6.476272
1756866769.727,latency_s,6.376141
1756866769.727,latency_s,6.275819
1756866769.746,latency_s,5.800142
1756866769.748,latency_s,5.701457
1756866769.748,latency_s,5.601190
1756866769.748,latency_s,6.200770
1756866769.748,latency_s,6.100648
1756866769.748,latency_s,6.000407
1756866769.748,latency_s,5.900272
1756866769.748,latency_s,5.800215
1756866770.392,latency_s,5.726419
1756866770.395,latency_s,6.144738
1756866771.054,latency_s,6.703848
1756866771.054,latency_s,6.603626
1756866771.054,latency_s,6.502526
1756866771.054,latency_s,6.401856
1756866771.054,latency_s,6.300667
1756866771.054,latency_s,6.806185
1756866771.054,latency_s,6.705842
1756866771.054,latency_s,6.604582
1756866771.055,latency_s,6.502317
1756866771.055,latency_s,6.401599
1756866771.055,latency_s,6.300852
1756866771.055,latency_s,6.806057
1756866771.055,latency_s,6.705673
1756866771.055,latency_s,6.200243
1756866771.055,latency_s,6.099996
1756866771.055,latency_s,5.999454
1756866771.055,latency_s,5.898185
1756866771.055,latency_s,5.797325
1756866771.055,latency_s,5.695878
1756866771.055,latency_s,6.226903
1756866771.055,latency_s,6.126464
1756866771.055,latency_s,6.026074
1756866771.055,latency_s,5.925057
1756866771.055,latency_s,5.824562
1756866771.055,latency_s,5.724086
1756866771.055,latency_s,6.227090
1756866771.055,latency_s,6.126906
1756866771.056,latency_s,6.027240
1756866771.056,latency_s,5.925329
1756866771.056,latency_s,5.823599
1756866771.664,latency_s,6.232283
1756866771.669,latency_s,6.136690
1756866771.670,latency_s,6.037281
1756866771.673,latency_s,5.939576
1756866771.677,latency_s,5.843208
1756866771.680,latency_s,5.745838
1756866771.682,latency_s,5.648174
1756866772.288,latency_s,6.853253
1756866772.288,latency_s,6.752645
1756866772.288,latency_s,6.649987
1756866772.288,latency_s,6.549174
1756866772.288,latency_s,6.448368
1756866772.288,latency_s,6.345824
1756866772.288,latency_s,6.243224
1756866772.288,latency_s,6.813933
1756866772.288,latency_s,6.711441
1756866772.288,latency_s,6.610509
1756866772.288,latency_s,6.510089
1756866772.288,latency_s,6.409607
1756866772.288,latency_s,6.309006
1756866772.288,latency_s,6.821611
1756866772.288,latency_s,6.719342
1756866772.289,latency_s,6.617931
1756866772.289,latency_s,6.516882
1756866772.289,latency_s,6.415875
1756866772.289,latency_s,6.313112
1756866772.289,latency_s,6.211820
1756866772.289,latency_s,6.829112
1756866772.336,latency_s,6.255101
1756866772.339,latency_s,6.157334
1756866772.343,latency_s,6.061032
1756866772.343,latency_s,5.960932
1756866772.343,latency_s,5.860308
1756866772.343,latency_s,5.760433
1756866772.894,latency_s,5.803906
1756866772.897,latency_s,5.706965
1756866772.899,latency_s,6.215078
1756866772.903,latency_s,6.116776
1756866772.906,latency_s,6.018496
1756866772.909,latency_s,5.920524
1756866772.912,latency_s,5.822273
1756866772.915,latency_s,5.725045
1756866772.915,latency_s,6.247478
1756866772.915,latency_s,6.146974
1756866772.915,latency_s,6.046447
1756866772.915,latency_s,5.946001
1756866772.916,latency_s,5.845422
1756866772.916,latency_s,5.744895
1756866772.916,latency_s,6.231714
1756866772.916,latency_s,6.129795
1756866772.916,latency_s,6.028828
1756866772.916,latency_s,5.927398
1756866772.916,latency_s,5.826009
1756866772.916,latency_s,5.725650
1756866772.916,latency_s,6.144539
1756866772.916,latency_s,6.044326
1756866772.916,latency_s,5.943700
1756866772.916,latency_s,5.843255
1756866772.916,latency_s,5.743384
1756866772.916,latency_s,5.643128
1756866773.549,latency_s,6.054310
1756866773.551,latency_s,5.956285
1756866773.551,latency_s,5.855431
1756866773.551,latency_s,5.755213
1756866773.551,latency_s,6.177676
1756866773.552,latency_s,6.077604
1756866773.566,latency_s,5.991957
1756866773.568,latency_s,5.893166
1756866773.572,latency_s,5.796139
1756866773.575,latency_s,5.699059
1756866773.578,latency_s,6.204951
1756866773.581,latency_s,6.107771
1756866773.584,latency_s,6.008910
1756866773.587,latency_s,5.911560
1756866774.207,latency_s,6.431336
1756866774.207,latency_s,6.331272
1756866774.207,latency_s,6.230508
1756866774.207,latency_s,6.773045
1756866774.207,latency_s,6.671782
1756866774.207,latency_s,6.570823
1756866774.207,latency_s,6.470034
1756866774.207,latency_s,6.368834
1756866774.207,latency_s,6.267109
1756866774.207,latency_s,6.731526
1756866774.207,latency_s,6.630788
1756866774.208,latency_s,6.530546
1756866774.208,latency_s,6.430301
1756866774.208,latency_s,6.329836
1756866774.208,latency_s,6.229655
1756866774.243,latency_s,6.346483
1756866774.243,latency_s,6.246474
1756866774.243,latency_s,6.145626
1756866774.243,latency_s,6.045369
1756866774.243,latency_s,5.944968
1756866774.243,latency_s,5.843851
1756866774.243,latency_s,5.743319
1756866774.243,latency_s,6.365713
1756866774.244,latency_s,6.265491
1756866774.910,latency_s,6.224775
1756866774.913,latency_s,6.126477
1756866774.916,latency_s,6.029138
1756866774.919,latency_s,5.931686
1756866774.923,latency_s,5.834404
1756866774.925,latency_s,6.324475
1756866774.929,latency_s,6.227048
1756866774.932,latency_s,6.128592
1756866774.935,latency_s,6.031162
1756866775.004,latency_s,5.997138
1756866775.005,latency_s,6.319294
1756866775.005,latency_s,6.218669
1756866775.005,latency_s,6.117535
1756866775.005,latency_s,6.017026
1756866775.005,latency_s,5.916202
1756866775.005,latency_s,6.218933
1756866775.005,latency_s,6.118075
1756866775.005,latency_s,6.017730
1756866775.005,latency_s,5.916383
1756866775.005,latency_s,5.814792
1756866775.499,latency_s,6.750836
1756866775.499,latency_s,6.650632
1756866775.499,latency_s,6.549265
1756866775.507,latency_s,5.812719
1756866775.510,latency_s,5.715130
1756866775.510,latency_s,6.218838
1756866775.510,latency_s,6.117665
1756866775.510,latency_s,6.016998
1756866775.510,latency_s,5.914514
1756866775.510,latency_s,5.813695
1756866775.510,latency_s,5.713152
1756866775.511,latency_s,5.612723
1756866776.084,latency_s,6.167209
1756866776.086,latency_s,6.068815
1756866776.090,latency_s,5.971962
1756866776.092,latency_s,5.873867
1756866776.096,latency_s,5.776954
1756866776.099,latency_s,5.678622
1756866776.102,latency_s,6.206481
1756866776.105,latency_s,6.108842
1756866776.108,latency_s,6.010910
1756866776.111,latency_s,5.913879
1756866776.114,latency_s,5.816451
1756866776.118,latency_s,5.719755
1756866776.118,latency_s,5.619547
1756866776.118,latency_s,6.119997
1756866776.118,latency_s,6.019660
1756866776.118,latency_s,5.918695
1756866776.119,latency_s,5.817545
1756866776.119,latency_s,5.716388
1756866776.119,latency_s,5.615915
1756866776.119,latency_s,6.160058
1756866776.693,latency_s,6.171175
1756866776.696,latency_s,6.072057
1756866776.699,latency_s,5.973576
1756866776.702,latency_s,5.876135
1756866776.702,latency_s,5.775995
1756866776.702,latency_s,6.190146
1756866776.702,latency_s,6.090087
1756866776.703,latency_s,5.989850
1756866776.703,latency_s,5.889100
1756866776.703,latency_s,5.788944
1756866776.703,latency_s,5.688101
1756866776.703,latency_s,6.203332
1756866777.389,latency_s,5.953545
1756866777.393,latency_s,5.855792
1756866777.395,latency_s,5.756544
1756866777.398,latency_s,6.281142
1756866777.400,latency_s,6.182215
1756866777.405,latency_s,6.086840
1756866777.408,latency_s,5.989046
1756866777.410,latency_s,5.890768
1756866777.413,latency_s,5.793409
1756866777.417,latency_s,6.315011
1756866777.420,latency_s,6.217302
1756866777.423,latency_s,6.119773
1756866777.426,latency_s,6.022051
1756866777.429,latency_s,5.924130
1756866777.433,latency_s,5.828113
1756866777.435,latency_s,6.305822
1756866777.439,latency_s,6.208759
1756866777.439,latency_s,6.107107
1756866777.439,latency_s,6.004241
1756866777.439,latency_s,5.903041
1756866777.963,latency_s,5.740854
1756866777.967,latency_s,5.643125
1756866777.970,latency_s,6.263888
1756866777.973,latency_s,6.165998
1756866777.976,latency_s,6.068654
1756866777.979,latency_s,5.971063
1756866777.979,latency_s,5.870943
1756866777.979,latency_s,5.770494
1756866777.979,latency_s,5.670066
1756866777.979,latency_s,6.239322
1756866777.979,latency_s,6.138586
1756866777.979,latency_s,6.036494
1756866777.995,latency_s,5.951429
1756866777.998,latency_s,5.853224
1756866778.001,latency_s,5.755820
1756866778.005,latency_s,5.658691
1756866778.008,latency_s,6.203373
1756866778.011,latency_s,6.105756
1756866778.014,latency_s,6.008458
1756866778.017,latency_s,5.910449
1756866778.020,latency_s,5.812939
1756866778.023,latency_s,5.715542
1756866778.026,latency_s,6.211224
1756866778.030,latency_s,6.112793
1756866778.033,latency_s,6.014859
1756866778.036,latency_s,5.917815
1756866778.039,latency_s,5.819871
1756866778.042,latency_s,5.722517
1756866778.045,latency_s,5.625390
1756866778.049,latency_s,6.167271
1756866778.668,latency_s,5.841201
1756866778.672,latency_s,5.744964
1756866778.674,latency_s,6.264962
1756866778.678,latency_s,6.168072
1756866778.681,latency_s,6.070119
1756866778.684,latency_s,5.971519
1756866778.687,latency_s,5.874049
1756866778.690,latency_s,5.776418
1756866778.693,latency_s,6.245119
1756866778.696,latency_s,6.147344
1756866778.700,latency_s,6.049074
1756866778.703,latency_s,5.951765
1756866778.706,latency_s,5.854528
1756866778.710,latency_s,5.758565
1756866778.714,latency_s,6.305204
1756866778.715,latency_s,6.205609
1756866778.719,latency_s,6.108111
1756866778.721,latency_s,6.009413
1756866778.726,latency_s,5.912823
1756866778.728,latency_s,5.814463
1756866778.732,latency_s,6.211463
1756866778.734,latency_s,5.720746
1756866778.738,latency_s,6.116668
1756866778.741,latency_s,6.018440
1756866778.744,latency_s,5.919277
1756866778.747,latency_s,5.821243
1756866778.750,latency_s,5.723494
1756866778.753,latency_s,6.164248
1756866778.757,latency_s,6.065502
1756866778.759,latency_s,5.966809
1756866778.763,latency_s,5.867811
1756866779.318,latency_s,5.900817
1756866779.321,latency_s,5.803547
1756866779.324,latency_s,6.271647
1756866779.328,latency_s,6.174388
1756866779.331,latency_s,6.077218
1756866779.333,latency_s,5.978633
1756866779.337,latency_s,5.881639
1756866779.341,latency_s,5.784294
1756866779.343,latency_s,6.228273
1756866779.347,latency_s,6.131212
1756866779.350,latency_s,6.032743
1756866779.353,latency_s,5.935373
1756866779.358,latency_s,5.839885
1756866779.359,latency_s,5.739942
1756866779.363,latency_s,6.234406
1756866779.988,latency_s,6.027350
1756866779.990,latency_s,5.928548
1756866779.994,latency_s,5.832188
1756866779.996,latency_s,5.733510
1756866779.999,latency_s,6.279668
1756866780.002,latency_s,6.181370
1756866780.005,latency_s,6.082212
1756866780.008,latency_s,5.984533
1756866780.013,latency_s,5.887855
1756866780.015,latency_s,5.788782
1756866780.018,latency_s,5.691541
1756866780.021,latency_s,6.287923
1756866780.025,latency_s,6.190715
1756866780.029,latency_s,6.092775
1756866780.031,latency_s,5.993631
1756866780.034,latency_s,5.896599
1756866780.037,latency_s,5.799750
1756866780.544,latency_s,6.014377
1756866780.547,latency_s,5.917458
1756866780.551,latency_s,5.819133
1756866780.554,latency_s,5.721472
1756866780.557,latency_s,5.624129
1756866780.560,latency_s,6.196906
1756866780.565,latency_s,6.100859
1756866780.567,latency_s,6.003099
1756866780.569,latency_s,5.904931
1756866780.574,latency_s,5.808991
1756866780.576,latency_s,5.710380
1756866780.579,latency_s,6.149938
1756866780.582,latency_s,6.052649
1756866780.586,latency_s,5.955573
1756866780.589,latency_s,5.857539
1756866781.174,latency_s,5.838273
1756866781.176,latency_s,5.739967
1756866781.180,latency_s,6.213752
1756866781.183,latency_s,6.116152
1756866781.186,latency_s,6.018961
1756866781.189,latency_s,5.921610
1756866781.192,latency_s,5.824204
1756866781.196,latency_s,5.726645
1756866781.200,latency_s,6.165508
1756866781.201,latency_s,6.066871
1756866781.205,latency_s,5.970146
1756866781.208,latency_s,5.872135
1756866781.211,latency_s,5.775088
1756866781.214,latency_s,5.676805
1756866781.218,latency_s,6.172928
1756866781.221,latency_s,6.075372
1756866781.224,latency_s,5.977327
1756866781.746,latency_s,6.176824
1756866781.750,latency_s,6.079967
1756866781.753,latency_s,5.982752
1756866781.755,latency_s,5.884480
1756866781.759,latency_s,5.787861
1756866781.763,latency_s,5.691212
1756866781.765,latency_s,6.693778
1756866781.768,latency_s,6.595202
1756866781.774,latency_s,6.499688
1756866781.774,latency_s,6.398060
1756866781.777,latency_s,6.301047
1756866781.781,latency_s,6.202003
1756866781.785,latency_s,6.105374
1756866781.787,latency_s,6.007178
1756866781.791,latency_s,5.910998
1756866782.275,latency_s,5.718967
1756866782.277,latency_s,5.620522
1756866782.281,latency_s,6.038365
1756866782.283,latency_s,5.940594
1756866782.288,latency_s,5.844002
1756866782.290,latency_s,5.745438
1756866782.294,latency_s,5.648186
1756866782.296,latency_s,6.122158
1756866782.300,latency_s,6.023724
1756866782.303,latency_s,5.923518
1756866782.308,latency_s,5.826829
1756866782.309,latency_s,5.727489
1756866782.313,latency_s,5.630332
1756866782.316,latency_s,6.073718
1756866782.318,latency_s,5.975516
1756866782.322,latency_s,5.879029
1756866782.325,latency_s,5.780609
1756866782.877,latency_s,6.137182
1756866782.880,latency_s,6.038880
1756866782.883,latency_s,5.940937
1756866783.493,latency_s,6.450695
1756866783.493,latency_s,6.350752
1756866783.494,latency_s,6.249628
1756866783.494,latency_s,6.149190
1756866783.494,latency_s,6.706749
1756866783.494,latency_s,6.606509
1756866783.494,latency_s,6.505131
1756866783.494,latency_s,6.748389
1756866783.494,latency_s,6.647527
1756866783.495,latency_s,6.546615
1756866783.495,latency_s,6.404880
1756866783.495,latency_s,6.446278
1756866783.495,latency_s,5.942294
1756866783.495,latency_s,5.841036
1756866783.495,latency_s,5.740907
1756866783.495,latency_s,5.640664
1756866783.495,latency_s,6.043452
1756866783.495,latency_s,5.943062
1756866783.495,latency_s,5.842731
1756866783.495,latency_s,5.741696
1756866783.495,latency_s,5.640860
1756866783.495,latency_s,6.043870
1756866783.495,latency_s,5.943513
1756866783.495,latency_s,5.842960
1756866783.495,latency_s,5.741866
1756866783.495,latency_s,5.640607
1756866783.495,latency_s,6.050247
1756866783.496,latency_s,5.949817
1756866783.496,latency_s,5.849115
1756866784.076,latency_s,5.503502
1756866784.079,latency_s,6.124173
1756866784.082,latency_s,6.027259
1756866784.090,latency_s,5.934264
1756866784.093,latency_s,5.835624
1756866784.097,latency_s,5.738914
1756866784.100,latency_s,5.641468
1756866784.103,latency_s,5.544204
1756866784.107,latency_s,6.152604
1756866784.110,latency_s,6.054326
1756866784.113,latency_s,5.956682
1756866784.783,latency_s,6.525638
1756866784.783,latency_s,6.424874
1756866784.783,latency_s,6.324266
1756866784.783,latency_s,6.223721
1756866784.783,latency_s,6.827934
1756866784.783,latency_s,6.727748
1756866784.783,latency_s,6.626431
1756866784.783,latency_s,6.525682
1756866784.783,latency_s,6.424859
1756866784.783,latency_s,6.324267
1756866784.783,latency_s,6.223564
1756866784.783,latency_s,6.834809
1756866784.783,latency_s,6.734214
1756866784.783,latency_s,6.632701
1756866784.783,latency_s,6.532433
1756866784.783,latency_s,6.431467
1756866784.783,latency_s,6.331239
1756866784.783,latency_s,6.230953
1756866784.783,latency_s,5.977800
1756866784.783,latency_s,5.876627
1756866784.783,latency_s,5.775404
1756866784.783,latency_s,5.673971
1756866784.784,latency_s,6.110574
1756866784.784,latency_s,6.010066
1756866785.417,latency_s,5.553881
1756866785.419,latency_s,6.208911
1756866785.423,latency_s,6.112091
1756866785.425,latency_s,6.011666
1756866785.429,latency_s,5.913128
1756866785.431,latency_s,5.815126
1756866785.435,latency_s,5.717745
1756866785.438,latency_s,5.619947
1756866786.029,latency_s,5.802985
1756866786.033,latency_s,5.705893
1756866786.034,latency_s,5.607399
1756866786.038,latency_s,6.057489
1756866786.042,latency_s,5.958926
1756866786.044,latency_s,5.858278
1756866786.047,latency_s,5.760187
1756866786.051,latency_s,5.662900
1756866786.054,latency_s,5.565490
1756866786.057,latency_s,6.084886
1756866786.057,latency_s,5.983238
1756866786.057,latency_s,5.882992
1756866786.057,latency_s,5.782511
1756866786.057,latency_s,5.681301
1756866786.057,latency_s,5.580001
1756866786.057,latency_s,6.086108
1756866786.057,latency_s,5.983914
1756866786.057,latency_s,5.883557
1756866786.057,latency_s,5.783171
1756866786.057,latency_s,5.682037
1756866786.057,latency_s,5.581186
1756866786.057,latency_s,6.086055
1756866786.057,latency_s,5.984079
1756866786.057,latency_s,5.883855
1756866786.685,latency_s,6.107244
1756866786.688,latency_s,6.010085
1756866786.693,latency_s,5.913533
1756866786.694,latency_s,5.814552
1756866786.698,latency_s,5.717640
1756866786.701,latency_s,5.618989
1756866786.704,latency_s,6.127887
1756866786.708,latency_s,6.030486
1756866786.711,latency_s,5.932128
1756866786.714,latency_s,5.834524
1756866786.716,latency_s,5.736228
1756866786.720,latency_s,5.637964
1756866786.723,latency_s,6.144711
1756866786.727,latency_s,6.046884
1756866786.729,latency_s,5.948605
1756866786.732,latency_s,5.850969
1756866786.736,latency_s,5.753075
1756866786.738,latency_s,5.654451
1756866787.326,latency_s,6.752805
1756866787.326,latency_s,6.651503
1756866787.326,latency_s,6.550539
1756866787.326,latency_s,6.448760
1756866787.326,latency_s,6.347886
1756866787.326,latency_s,6.247261
1756866787.326,latency_s,6.710922
1756866787.326,latency_s,6.610686
1756866787.326,latency_s,6.510460
1756866787.326,latency_s,6.409764
1756866787.326,latency_s,6.308877
1756866787.326,latency_s,6.208021
1756866787.352,latency_s,5.866598
1756866787.355,latency_s,5.768430
1756866787.358,latency_s,5.671315
1756866787.361,latency_s,6.175626
1756866787.365,latency_s,6.078039
1756866787.368,latency_s,5.980791
1756866787.371,latency_s,5.882183
1756866787.374,latency_s,5.784980
1756866787.374,latency_s,5.684295
1756866787.374,latency_s,6.194720
1756866788.007,latency_s,6.218826
1756866788.009,latency_s,6.120949
1756866788.604,latency_s,6.613853
1756866788.604,latency_s,6.512269
1756866788.604,latency_s,6.411838
1756866788.604,latency_s,6.806044
1756866788.604,latency_s,6.705810
1756866788.604,latency_s,6.605361
1756866788.604,latency_s,6.504779
1756866788.649,latency_s,6.448631
1756866788.649,latency_s,6.347817
1756866788.649,latency_s,6.761290
1756866788.649,latency_s,6.661068
1756866788.649,latency_s,6.558535
1756866788.649,latency_s,6.457404
1756866788.649,latency_s,6.356886
1756866788.649,latency_s,6.794872
1756866788.649,latency_s,6.694160
1756866788.649,latency_s,6.594047
1756866788.649,latency_s,6.492677
1756866788.649,latency_s,6.392239
1756866788.649,latency_s,6.760893
1756866788.649,latency_s,6.155182
1756866788.649,latency_s,6.054556
1756866788.649,latency_s,5.954073
1756866788.649,latency_s,5.853472
1756866788.649,latency_s,5.752972
1756866788.649,latency_s,6.155467
1756866788.650,latency_s,6.055238
1756866788.650,latency_s,5.955015
1756866788.650,latency_s,5.854854
1756866788.650,latency_s,5.753335
1756866789.321,latency_s,5.819129
1756866789.324,latency_s,6.326883
1756866789.360,latency_s,6.047899
1756866789.363,latency_s,5.950799
1756866789.367,latency_s,5.853752
1756866789.369,latency_s,5.755646
1756866789.372,latency_s,6.228978
1756866789.376,latency_s,6.131605
1756866789.379,latency_s,6.034045
1756866789.382,latency_s,5.935492
1756866789.384,latency_s,5.835811
1756866789.387,latency_s,5.738171
1756866789.391,latency_s,6.292185
1756866790.043,latency_s,6.843347
1756866790.043,latency_s,6.742927
1756866790.043,latency_s,6.642392
1756866790.043,latency_s,6.541129
1756866790.043,latency_s,6.440298
1756866790.043,latency_s,6.834369
1756866790.043,latency_s,6.733588
1756866790.043,latency_s,6.633322
1756866790.044,latency_s,6.531709
1756866790.044,latency_s,6.430847
1756866790.044,latency_s,6.328968
1756866790.044,latency_s,6.228714
1756866790.044,latency_s,6.642687
1756866790.044,latency_s,6.541164
1756866790.044,latency_s,6.441010
1756866790.189,latency_s,5.979442
1756866790.192,latency_s,6.276884
1756866790.196,latency_s,6.179985
1756866790.196,latency_s,6.078312
1756866790.196,latency_s,5.977395
1756866790.196,latency_s,5.877056
1756866790.788,latency_s,6.372778
1756866790.790,latency_s,6.272985
1756866790.794,latency_s,6.175198
1756866790.797,latency_s,6.077437
1756866790.801,latency_s,5.978227
1756866790.804,latency_s,6.485203
1756866790.807,latency_s,6.386375
1756866790.810,latency_s,6.288870
1756866790.814,latency_s,6.192190
1756866790.817,latency_s,6.094081
1756866790.820,latency_s,5.996737
1756866790.823,latency_s,6.471078
1756866790.827,latency_s,6.374830
1756866790.829,latency_s,6.276247
1756866790.919,latency_s,6.265627
1756866790.919,latency_s,6.164861
1756866790.919,latency_s,6.063974
1756866790.919,latency_s,5.963112
1756866790.919,latency_s,6.609151
1756866790.919,latency_s,6.508538
1756866790.919,latency_s,6.408174
1756866790.919,latency_s,6.307786
1756866790.919,latency_s,6.206553
1756866791.615,latency_s,6.388994
1756866791.619,latency_s,6.291746
1756866791.621,latency_s,6.193223
1756866791.624,latency_s,6.095162
1756866791.624,latency_s,5.994755
1756866791.624,latency_s,5.894430
1756866791.624,latency_s,6.306421
1756866791.624,latency_s,6.205178
1756866791.625,latency_s,6.105210
1756866791.729,latency_s,6.310062
1756866791.733,latency_s,6.212582
1756866791.736,latency_s,6.115247
1756866791.739,latency_s,6.017172
1756866791.742,latency_s,5.918587
1756866791.746,latency_s,5.821318
1756866791.748,latency_s,6.328703
1756866791.752,latency_s,6.231440
1756866791.756,latency_s,6.134567
1756866791.758,latency_s,6.035897
1756866792.420,latency_s,6.596374
1756866792.420,latency_s,6.496233
1756866792.420,latency_s,7.001549
1756866792.421,latency_s,6.900629
1756866792.421,latency_s,6.799433
1756866792.421,latency_s,6.698554
1756866792.421,latency_s,6.596875
1756866792.421,latency_s,6.496089
1756866792.421,latency_s,6.960380
1756866792.421,latency_s,6.050426
1756866792.421,latency_s,5.949616
1756866792.421,latency_s,5.849174
1756866792.421,latency_s,6.395964
1756866792.421,latency_s,6.295204
1756866792.421,latency_s,6.194952
1756866792.421,latency_s,6.093533
1756866792.421,latency_s,5.992569
1756866792.421,latency_s,5.891789
1756866792.421,latency_s,5.791497
1756866792.421,latency_s,6.388580
1756866792.421,latency_s,6.287084
1756866792.421,latency_s,6.185466
1756866792.983,latency_s,5.850374
1756866792.986,latency_s,5.752823
1756866792.989,latency_s,6.250502
1756866792.990,latency_s,6.150603
1756866792.990,latency_s,6.049844
1756866792.990,latency_s,5.949738
1756866792.990,latency_s,5.848867
1756866792.990,latency_s,5.748230
1756866792.990,latency_s,6.160750
1756866792.990,latency_s,6.059098
1756866793.613,latency_s,6.169809
1756866793.618,latency_s,6.073679
1756866793.621,latency_s,5.974969
1756866793.624,latency_s,5.877604
1756866793.627,latency_s,5.779145
1756866793.630,latency_s,5.681860
1756866793.634,latency_s,6.198057
1756866793.637,latency_s,6.100672
1756866793.639,latency_s,6.001824
1756866793.644,latency_s,5.905851
1756866793.647,latency_s,5.808185
1756866793.647,latency_s,5.707695
1756866793.647,latency_s,5.607225
1756866793.647,latency_s,6.160576
1756866793.647,latency_s,6.059707
1756866793.647,latency_s,5.959605
1756866793.647,latency_s,5.859328
1756866793.648,latency_s,5.758534
1756866793.648,latency_s,5.658464
1756866793.648,latency_s,6.211835
1756866793.648,latency_s,6.111378
1756866793.648,latency_s,6.010504
1756866794.244,latency_s,5.992737
1756866794.246,latency_s,5.894227
1756866794.249,latency_s,5.796229
1756866794.253,latency_s,5.698819
1756866794.253,latency_s,6.110920
1756866794.253,latency_s,6.010691
1756866794.253,latency_s,5.910272
1756866794.253,latency_s,5.810138
1756866794.253,latency_s,5.708275
1756866794.253,latency_s,6.163922
1756866794.273,latency_s,6.083458
1756866794.276,latency_s,5.985884
1756866794.280,latency_s,5.888807
1756866794.283,latency_s,6.141216
1756866794.288,latency_s,5.796408
1756866794.290,latency_s,6.048552
1756866794.292,latency_s,5.949876
1756866794.296,latency_s,5.704495
1756866794.299,latency_s,5.855797
1756866794.302,latency_s,5.757102
1756866794.305,latency_s,6.162946
1756866794.308,latency_s,6.064665
1756866794.312,latency_s,5.968467
1756866794.980,latency_s,6.536401
1756866794.980,latency_s,6.435106
1756866794.980,latency_s,6.737829
1756866794.980,latency_s,6.637290
1756866794.980,latency_s,6.536968
1756866794.980,latency_s,6.435231
1756866794.980,latency_s,6.334038
1756866794.980,latency_s,6.728678
1756866794.999,latency_s,5.700299
1756866795.002,latency_s,6.357563
1756866795.005,latency_s,6.260041
1756866795.010,latency_s,6.164134
1756866795.013,latency_s,6.066322
1756866795.043,latency_s,5.995770
1756866795.043,latency_s,5.894497
1756866795.043,latency_s,5.792502
1756866795.043,latency_s,6.387872
1756866795.044,latency_s,6.286422
1756866795.044,latency_s,6.185158
1756866795.539,latency_s,5.634565
1756866796.286,latency_s,6.933727
1756866796.286,latency_s,6.833687
1756866796.286,latency_s,6.733267
1756866796.287,latency_s,6.632864
1756866796.287,latency_s,6.531801
1756866796.287,latency_s,6.431066
1756866796.287,latency_s,6.330473
1756866796.287,latency_s,6.923791
1756866796.287,latency_s,6.822861
1756866796.287,latency_s,6.721259
1756866796.287,latency_s,6.620429
1756866796.287,latency_s,6.520134
1756866796.287,latency_s,6.418733
1756866796.287,latency_s,6.318410
1756866796.287,latency_s,6.935249
1756866796.287,latency_s,6.834383
1756866796.287,latency_s,6.734183
1756866796.287,latency_s,6.633586
1756866796.287,latency_s,6.532533
1756866796.287,latency_s,6.431803
1756866796.287,latency_s,5.928175
1756866796.287,latency_s,5.827461
1756866796.287,latency_s,5.725470
1756866796.287,latency_s,5.625095
1756866796.287,latency_s,6.230741
1756866796.287,latency_s,6.130039
1756866796.287,latency_s,6.029353
1756866796.288,latency_s,5.927635
1756866796.288,latency_s,5.827235
1756866796.288,latency_s,5.725966
1756866796.288,latency_s,5.625780
1756866796.814,latency_s,5.434841
1756866796.816,latency_s,6.053262
1756866796.820,latency_s,5.955440
1756866796.823,latency_s,5.856738
1756866796.826,latency_s,5.759041
1756866796.830,latency_s,5.661982
1756866796.832,latency_s,5.562885
1756866796.835,latency_s,5.465748
1756866796.838,latency_s,5.368413
1756866796.841,latency_s,6.078242
1756866796.845,latency_s,5.980382
1756866796.848,latency_s,5.881695
1756866796.851,latency_s,5.783571
1756866797.488,latency_s,6.319798
1756866797.488,latency_s,6.219645
1756866797.488,latency_s,6.118686
1756866797.489,latency_s,6.018339
1756866797.489,latency_s,6.725008
1756866797.489,latency_s,6.624031
1756866797.489,latency_s,6.522352
1756866797.489,latency_s,6.421461
1756866797.489,latency_s,6.320801
1756866797.489,latency_s,6.220512
1756866797.489,latency_s,6.119887
1756866797.489,latency_s,6.018945
1756866797.489,latency_s,6.725375
1756866797.489,latency_s,6.624051
1756866797.520,latency_s,5.707644
1756866797.525,latency_s,6.457819
1756866797.525,latency_s,6.356104
1756866797.525,latency_s,6.255786
1756866797.525,latency_s,6.155578
1756866797.526,latency_s,6.055779
1756866798.130,latency_s,5.709343
1756866798.135,latency_s,6.564573
1756866798.136,latency_s,6.461763
1756866798.140,latency_s,6.364955
1756866798.143,latency_s,6.267597
1756866798.788,latency_s,6.811469
1756866798.788,latency_s,6.709935
1756866798.788,latency_s,6.608355
1756866798.788,latency_s,6.507913
1756866798.788,latency_s,6.407418
1756866798.788,latency_s,6.306416
1756866798.788,latency_s,7.097251
1756866798.789,latency_s,6.190840
1756866798.789,latency_s,6.090736
1756866798.789,latency_s,5.989080
1756866798.789,latency_s,5.888716
1756866798.789,latency_s,5.788004
1756866798.789,latency_s,6.267232
1756866798.789,latency_s,6.165978
1756866798.789,latency_s,6.065685
1756866798.789,latency_s,5.964574
1756866798.789,latency_s,5.863052
1756866798.789,latency_s,5.762784
1756866798.789,latency_s,6.206766
1756866798.789,latency_s,6.105980
1756866798.789,latency_s,6.005468
1756866798.789,latency_s,5.905120
1756866798.789,latency_s,5.804095
1756866798.789,latency_s,5.703509
1756866798.789,latency_s,6.087905
1756866798.789,latency_s,5.986652
1756866798.789,latency_s,5.885361
1756866799.317,latency_s,6.114802
1756866799.320,latency_s,6.017150
1756866799.323,latency_s,5.919373
1756866799.326,latency_s,5.821982
1756866799.326,latency_s,5.722102
1756866799.332,latency_s,6.203707
1756866799.335,latency_s,6.106169
1756866799.339,latency_s,6.009149
1756866799.341,latency_s,5.910278
1756866799.344,latency_s,5.812031
1756866800.068,latency_s,6.435868
1756866800.068,latency_s,6.880895
1756866800.068,latency_s,6.780639
1756866800.068,latency_s,6.680393
1756866800.068,latency_s,6.580102
1756866800.069,latency_s,6.479839
1756866800.069,latency_s,6.379293
1756866800.069,latency_s,6.761012
1756866800.069,latency_s,6.660430
1756866800.069,latency_s,6.560323
1756866800.069,latency_s,6.460098
1756866800.069,latency_s,6.358587
1756866800.069,latency_s,6.257754
1756866800.069,latency_s,6.579505
1756866800.069,latency_s,6.479328
1756866800.069,latency_s,6.379128
1756866800.069,latency_s,6.278358
1756866800.069,latency_s,6.178026
1756866800.069,latency_s,6.076957
1756866800.069,latency_s,6.621351
1756866800.069,latency_s,6.520561
1756866800.069,latency_s,5.956229
1756866800.069,latency_s,5.855371
1756866800.069,latency_s,5.755050
1756866800.069,latency_s,6.364069
1756866800.069,latency_s,6.262656
1756866800.069,latency_s,6.162536
1756866800.667,latency_s,6.268980
1756866800.671,latency_s,6.171773
1756866800.673,latency_s,6.072435
1756866800.676,latency_s,5.974393
1756866800.676,latency_s,5.874334
1756866800.698,latency_s,6.287277
1756866800.702,latency_s,6.189352
1756866800.704,latency_s,6.091007
1756866800.707,latency_s,5.992877
1756866801.166,latency_s,6.351321
1756866801.166,latency_s,6.250975
1756866801.167,latency_s,6.150705
1756866801.167,latency_s,6.725576
1756866801.167,latency_s,6.624665
1756866801.167,latency_s,6.523858
1756866801.167,latency_s,6.422165
1756866801.167,latency_s,6.320161
1756866801.167,latency_s,6.219087
1756866801.167,latency_s,6.117925
1756866801.167,latency_s,6.773590
1756866801.167,latency_s,6.673151
1756866801.167,latency_s,6.572348
1756866801.167,latency_s,6.471317
1756866801.167,latency_s,6.371018
1756866801.167,latency_s,6.269999
1756866801.167,latency_s,6.168113
1756866801.167,latency_s,6.067577
1756866801.167,latency_s,6.649623
1756866801.167,latency_s,6.549218
1756866801.167,latency_s,6.445762
1756866801.167,latency_s,6.344487
1756866801.220,latency_s,5.999432
1756866801.224,latency_s,5.902828
1756866801.227,latency_s,5.805228
1756866801.230,latency_s,5.706986
1756866801.233,latency_s,6.082005
1756866801.233,latency_s,5.980275
1756866801.834,latency_s,5.721327
1756866801.837,latency_s,6.228678
1756866801.841,latency_s,6.132808
1756866801.843,latency_s,6.033636
1756866801.847,latency_s,5.937144
1756866801.850,latency_s,5.838963
1756866801.850,latency_s,5.737990
1756866801.850,latency_s,5.636926
1756866801.850,latency_s,6.228031
1756866801.850,latency_s,6.126353
1756866801.850,latency_s,6.025882
1756866801.850,latency_s,5.925257
1756866801.850,latency_s,5.823920
1756866801.850,latency_s,5.722564
1756866801.850,latency_s,5.622361
1756866801.850,latency_s,6.226330
1756866801.850,latency_s,6.126182
1756866801.850,latency_s,6.025913
1756866801.850,latency_s,5.925397
1756866801.850,latency_s,5.823684
1756866801.850,latency_s,5.722518
1756866801.850,latency_s,5.622356
1756866801.850,latency_s,6.092775
1756866801.850,latency_s,5.991119
1756866801.850,latency_s,5.890706
1756866801.851,latency_s,5.790401
1756866802.452,latency_s,6.037255
1756866802.456,latency_s,5.940871
1756866802.458,latency_s,5.841321
1756866802.462,latency_s,5.744502
1756866802.465,latency_s,6.251174
1756866802.465,latency_s,6.150377
1756866802.472,latency_s,6.056569
1756866802.472,latency_s,5.956883
1756866802.476,latency_s,5.859078
1756866802.479,latency_s,5.760589
1756866802.483,latency_s,6.169566
1756866803.042,latency_s,6.628278
1756866803.042,latency_s,6.527307
1756866803.042,latency_s,6.425622
1756866803.042,latency_s,6.325273
1756866803.042,latency_s,6.224634
1756866803.042,latency_s,6.713313
1756866803.043,latency_s,6.612915
1756866803.043,latency_s,6.511812
1756866803.043,latency_s,6.410791
1756866803.043,latency_s,6.310359
1756866803.043,latency_s,6.208177
1756866803.043,latency_s,6.713581
1756866803.043,latency_s,6.613034
1756866803.043,latency_s,6.512015
1756866803.043,latency_s,6.410980
1756866803.043,latency_s,6.310324
1756866803.043,latency_s,6.208251
1756866803.043,latency_s,6.681911
1756866803.043,latency_s,6.581746
1756866803.084,latency_s,6.064785
1756866803.087,latency_s,5.967280
1756866803.090,latency_s,5.869380
1756866803.094,latency_s,5.771675
1756866803.097,latency_s,5.673595
1756866803.097,latency_s,6.278398
1756866803.097,latency_s,6.178066
1756866803.097,latency_s,6.077614
1756866803.710,latency_s,6.047073
1756866803.713,latency_s,5.949197
1756866803.716,latency_s,5.850134
1756866804.326,latency_s,6.357612
1756866804.326,latency_s,6.835188
1756866804.326,latency_s,6.732162
1756866804.326,latency_s,6.629005
1756866804.326,latency_s,6.528305
1756866804.326,latency_s,6.427977
1756866804.326,latency_s,6.326696
1756866804.326,latency_s,6.802256
1756866804.326,latency_s,6.701662
1756866804.326,latency_s,6.599436
1756866804.326,latency_s,6.498924
1756866804.326,latency_s,6.398235
1756866804.326,latency_s,6.297202
1756866804.326,latency_s,6.801422
1756866804.326,latency_s,6.701085
1756866804.326,latency_s,6.599544
1756866804.326,latency_s,6.498423
1756866804.326,latency_s,6.398300
1756866804.326,latency_s,6.296816
1756866804.326,latency_s,6.702088
1756866804.326,latency_s,6.600953
1756866804.326,latency_s,6.125770
1756866804.327,latency_s,6.024646
1756866804.327,latency_s,5.924032
1756866804.327,latency_s,5.823554
1756866804.327,latency_s,5.722585
1756866804.327,latency_s,6.197176
1756866804.327,latency_s,6.096746
1756866804.327,latency_s,5.996121
1756866804.909,latency_s,5.973900
1756866804.912,latency_s,5.875782
1756866804.915,latency_s,5.778302
1756866804.918,latency_s,5.680994
1756866804.921,latency_s,6.187636
1756866804.925,latency_s,6.090506
1756866804.929,latency_s,5.993735
1756866804.932,latency_s,5.894969
1756866805.497,latency_s,6.360142
1756866805.497,latency_s,6.259775
1756866805.498,latency_s,6.667608
1756866805.498,latency_s,6.566509
1756866805.498,latency_s,6.465047
1756866805.498,latency_s,6.364034
1756866805.498,latency_s,6.263335
1756866805.498,latency_s,6.162161
1756866805.498,latency_s,6.647666
1756866805.498,latency_s,6.545974
1756866805.498,latency_s,6.444439
1756866805.498,latency_s,6.343472
1756866805.498,latency_s,6.242791
1756866805.498,latency_s,6.638192
1756866805.498,latency_s,6.536117
1756866805.498,latency_s,6.434429
1756866805.498,latency_s,6.333601
1756866805.498,latency_s,6.231406
1756866805.498,latency_s,6.621972
1756866805.498,latency_s,6.521623
1756866805.498,latency_s,6.420363
1756866805.544,latency_s,5.730329
1756866805.546,latency_s,6.207582
1756866805.551,latency_s,6.111822
1756866805.554,latency_s,6.013756
1756866805.554,latency_s,5.912805
1756866805.554,latency_s,5.811662
1756866806.091,latency_s,6.147496
1756866806.094,latency_s,6.049518
1756866806.097,latency_s,5.951876
1756866806.101,latency_s,5.854059
1756866806.104,latency_s,5.756684
1756866806.108,latency_s,5.659332
1756866806.110,latency_s,6.227732
1756866806.113,latency_s,6.129780
1756866806.117,latency_s,6.033496
1756866806.117,latency_s,5.931674
1756866806.117,latency_s,5.830642
1756866806.118,latency_s,5.729705
1756866806.118,latency_s,5.629233
1756866806.118,latency_s,6.202206
1756866806.118,latency_s,6.100966
1756866806.118,latency_s,6.000090
1756866806.118,latency_s,5.899911
1756866806.118,latency_s,5.799092
1756866806.118,latency_s,5.697999
1756866806.118,latency_s,5.597726
1756866806.118,latency_s,6.174360
1756866806.118,latency_s,6.073211
1756866806.118,latency_s,5.972999
1756866806.118,latency_s,5.871034
1756866806.118,latency_s,5.770221
1756866806.118,latency_s,5.669520
1756866806.865,latency_s,5.841655
1756866806.869,latency_s,6.319568
1756866806.873,latency_s,6.222080
1756866806.873,latency_s,6.121767
1756866806.873,latency_s,6.020919
1756866806.873,latency_s,5.920569
1756866806.883,latency_s,5.829216
1756866807.581,latency_s,6.992440
1756866807.581,latency_s,6.891876
1756866807.581,latency_s,6.791503
1756866807.582,latency_s,6.690984
1756866807.582,latency_s,6.590835
1756866807.582,latency_s,6.960892
1756866807.582,latency_s,6.860611
1756866807.582,latency_s,6.759905
1756866807.582,latency_s,6.659035
1756866807.582,latency_s,6.558573
1756866807.582,latency_s,6.930430
1756866807.582,latency_s,6.829967
1756866807.582,latency_s,6.729532
1756866807.582,latency_s,6.629262
1756866807.582,latency_s,6.528107
1756866807.582,latency_s,6.931151
1756866807.582,latency_s,6.830656
1756866807.582,latency_s,6.729438
1756866807.582,latency_s,6.629225
1756866807.582,latency_s,6.528704
1756866807.582,latency_s,6.835510
1756866807.582,latency_s,6.197781
1756866807.582,latency_s,6.097161
1756866807.582,latency_s,5.995024
1756866807.582,latency_s,5.893775
1756866807.582,latency_s,5.793090
1756866807.582,latency_s,6.288669
1756866807.583,latency_s,6.187731
1756866807.583,latency_s,6.086978
1756866807.583,latency_s,5.986155
1756866807.583,latency_s,5.884940
1756866808.198,latency_s,6.197666
1756866808.202,latency_s,6.100180
1756866808.205,latency_s,6.002882
1756866808.207,latency_s,5.903698
1756866808.211,latency_s,5.805322
1756866808.216,latency_s,6.215044
1756866808.218,latency_s,6.116409
1756866808.221,latency_s,6.018467
1756866808.833,latency_s,6.529181
1756866808.833,latency_s,6.427181
1756866808.833,latency_s,6.326435
1756866808.833,latency_s,6.870983
1756866808.833,latency_s,6.770753
1756866808.833,latency_s,6.667294
1756866808.833,latency_s,6.566570
1756866808.833,latency_s,6.465873
1756866808.833,latency_s,6.364773
1756866808.833,latency_s,6.770302
1756866808.833,latency_s,6.668035
1756866808.833,latency_s,6.567505
1756866808.833,latency_s,6.466362
1756866808.833,latency_s,6.364779
1756866808.833,latency_s,6.264485
1756866808.834,latency_s,6.732098
1756866808.834,latency_s,6.631054
1756866808.834,latency_s,6.529528
1756866808.834,latency_s,6.427893
1756866808.875,latency_s,6.166812
1756866808.878,latency_s,6.069771
1756866808.878,latency_s,5.969469
1756866808.878,latency_s,5.868416
1756866808.879,latency_s,5.767073
1756866808.879,latency_s,5.666859
1756866809.538,latency_s,6.162120
1756866809.541,latency_s,6.064763
1756866809.545,latency_s,5.967229
1756866810.213,latency_s,6.535296
1756866810.213,latency_s,6.433969
1756866810.214,latency_s,6.333032
1756866810.214,latency_s,6.900632
1756866810.214,latency_s,6.030097
1756866810.214,latency_s,5.929639
1756866810.214,latency_s,5.829367
1756866810.214,latency_s,5.728651
1756866810.214,latency_s,6.194175
1756866810.214,latency_s,6.092537
1756866810.214,latency_s,5.992198
1756866810.214,latency_s,5.890782
1756866810.214,latency_s,5.789393
1756866810.214,latency_s,6.142356
1756866810.214,latency_s,6.040810
1756866810.214,latency_s,5.939862
1756866810.214,latency_s,5.839344
1756866810.214,latency_s,5.737533
1756866810.214,latency_s,5.637252
1756866810.214,latency_s,6.083575
1756866810.214,latency_s,5.982641
1756866810.214,latency_s,5.882500
1756866810.214,latency_s,5.782029
1756866810.214,latency_s,5.681759
1756866810.214,latency_s,5.581634
1756866810.214,latency_s,6.137733
1756866810.214,latency_s,6.036831
1756866810.215,latency_s,5.936896
1756866810.215,latency_s,5.836477
1756866810.798,latency_s,5.614598
1756866810.798,latency_s,6.065632
1756866810.798,latency_s,5.964772
1756866810.805,latency_s,5.870999
1756866810.808,latency_s,5.773385
1756866810.811,latency_s,5.676208
1756866810.814,latency_s,5.579190
1756866810.819,latency_s,6.037947
1756866810.821,latency_s,5.939698
1756866811.391,latency_s,6.409242
1756866811.392,latency_s,6.308457
1756866811.392,latency_s,6.208022
1756866811.392,latency_s,6.603644
1756866811.392,latency_s,6.503157
1756866811.392,latency_s,6.402578
1756866811.392,latency_s,6.302249
1756866811.393,latency_s,6.201655
1756866811.393,latency_s,6.608856
1756866811.393,latency_s,6.506933
1756866811.393,latency_s,6.405033
1756866811.393,latency_s,6.302848
1756866811.393,latency_s,6.202609
1756866811.393,latency_s,6.604346
1756866811.393,latency_s,6.503978
1756866811.393,latency_s,6.403158
1756866811.393,latency_s,6.302705
1756866811.393,latency_s,6.202274
1756866811.393,latency_s,6.607460
1756866811.393,latency_s,6.507372
1756866811.435,latency_s,5.640269
1756866811.438,latency_s,6.146169
1756866811.438,latency_s,6.044762
1756866811.438,latency_s,5.943838
1756866811.438,latency_s,5.842882
1756866811.438,latency_s,5.742262
1756866812.053,latency_s,5.758496
1756866812.056,latency_s,5.660176
1756866812.060,latency_s,5.563305
1756866812.062,latency_s,5.464588
1756866812.066,latency_s,6.170747
1756866812.068,latency_s,6.071935
1756866812.712,latency_s,5.674757
1756866812.716,latency_s,6.117944
1756866812.718,latency_s,6.019901
1756866812.721,latency_s,5.922507
1756866812.724,latency_s,5.824728
1756866812.724,latency_s,5.723940
1756866812.724,latency_s,5.622986
1756866812.724,latency_s,5.521692
1756866812.724,latency_s,6.079354
1756866812.724,latency_s,5.978831
1756866812.724,latency_s,5.878579
1756866812.724,latency_s,5.777457
1756866812.724,latency_s,5.675922
1756866812.724,latency_s,5.574986
1756866812.725,latency_s,5.473230
1756866812.725,latency_s,6.026335
1756866812.725,latency_s,5.926072
1756866812.725,latency_s,5.825104
1756866812.725,latency_s,5.723820
1756866812.725,latency_s,5.623208
1756866812.725,latency_s,5.522174
1756866812.725,latency_s,6.025572
1756866812.725,latency_s,5.924642
1756866812.725,latency_s,5.824494
1756866812.725,latency_s,5.724061
1756866812.725,latency_s,5.623916
1756866813.387,latency_s,6.250350
1756866813.390,latency_s,6.152003
1756866813.393,latency_s,6.054077
1756866814.051,latency_s,6.611632
1756866814.051,latency_s,6.511693
1756866814.051,latency_s,6.411580
1756866814.051,latency_s,6.311238
1756866814.051,latency_s,6.747709
1756866814.051,latency_s,6.646955
1756866814.051,latency_s,6.546135
1756866814.051,latency_s,6.445506
1756866814.051,latency_s,6.345412
1756866814.051,latency_s,6.245112
1756866814.051,latency_s,6.144621
1756866814.051,latency_s,6.698300
1756866814.051,latency_s,6.597360
1756866814.051,latency_s,6.496361
1756866814.051,latency_s,6.394822
1756866814.051,latency_s,6.293845
1756866814.051,latency_s,6.192652
1756866814.051,latency_s,6.091964
1756866814.051,latency_s,6.748639
1756866814.052,latency_s,6.647641
1756866814.052,latency_s,6.546606
1756866814.052,latency_s,6.446428
1756866814.052,latency_s,6.346087
1756866814.052,latency_s,6.245958
1756866814.052,latency_s,6.145698
1756866814.052,latency_s,6.749854
1756866814.052,latency_s,6.649741
1756866814.053,latency_s,5.738330
1756866814.053,latency_s,6.212801
1756866814.054,latency_s,6.112696
1756866814.054,latency_s,6.012336
1756866814.054,latency_s,5.911312
1756866814.626,latency_s,6.082269
1756866814.629,latency_s,5.984417
1756866814.632,latency_s,5.886670
1756866814.635,latency_s,5.789120
1756866814.638,latency_s,5.691518
1756866814.642,latency_s,5.595828
1756866814.653,latency_s,6.039332
1756866814.653,latency_s,5.938164
1756866814.653,latency_s,5.837931
1756866814.653,latency_s,5.735633
1756866814.653,latency_s,5.635108
1756866814.653,latency_s,5.534172
1756866814.653,latency_s,5.434027
1756866814.653,latency_s,5.982496
1756866814.653,latency_s,6.044826
1756866814.653,latency_s,5.944539
1756866814.653,latency_s,5.843526
1756866815.081,latency_s,6.169899
1756866815.081,latency_s,6.069946
1756866815.081,latency_s,5.969472
1756866815.081,latency_s,5.869122
1756866815.081,latency_s,6.371143
1756866815.081,latency_s,6.269342
1756866815.081,latency_s,6.168958
1756866815.081,latency_s,6.068247
1756866815.081,latency_s,5.967739
1756866815.100,latency_s,5.570587
1756866815.105,latency_s,5.474825
1756866815.105,latency_s,5.373146
1756866815.105,latency_s,5.958367
1756866815.105,latency_s,5.857582
1756866815.106,latency_s,5.757664
1756866815.596,latency_s,5.966104
1756866815.600,latency_s,5.867806
1756866815.603,latency_s,5.769646
1756866815.605,latency_s,5.671636
1756866815.609,latency_s,5.573166
1756866815.612,latency_s,6.058774
1756866815.616,latency_s,5.962433
1756866815.619,latency_s,5.863593
1756866815.619,latency_s,5.762265
1756866815.619,latency_s,5.660375
1756866815.619,latency_s,5.556522
1756866815.619,latency_s,6.023746
1756866815.619,latency_s,5.923568
1756866815.619,latency_s,5.821924
1756866815.619,latency_s,5.721759
1756866815.620,latency_s,5.621588
1756866815.620,latency_s,5.521426
1756866816.179,latency_s,6.052263
1756866816.182,latency_s,5.953481
1756866816.185,latency_s,5.852566
1756866816.185,latency_s,5.751065
1756866816.185,latency_s,5.650462
1756866816.185,latency_s,5.549746
1756866816.185,latency_s,6.122343
1756866816.185,latency_s,6.021701
1756866816.185,latency_s,5.921453
1756866816.185,latency_s,5.820943
1756866816.185,latency_s,5.719163
1756866816.186,latency_s,5.618515
1756866816.186,latency_s,6.167733
1756866816.186,latency_s,6.066827
1756866816.186,latency_s,5.965790
1756866816.748,latency_s,5.611093
1756866816.751,latency_s,6.128202
1756866816.754,latency_s,6.030749
1756866816.757,latency_s,5.932311
1756866816.761,latency_s,5.834953
1756866816.764,latency_s,5.736661
1756866816.767,latency_s,5.638148
1756866816.769,latency_s,6.079973
1756866816.770,latency_s,5.979490
1756866816.770,latency_s,5.879245
1756866816.770,latency_s,5.778785
1756866816.770,latency_s,5.678458
1756866816.770,latency_s,6.033803
1756866816.770,latency_s,5.932913
1756866816.770,latency_s,5.831961
1756866816.770,latency_s,5.730818
1756866816.770,latency_s,5.629621
1756866817.294,latency_s,5.558067
1756866817.296,latency_s,6.058934
1756866817.300,latency_s,5.961903
1756866817.303,latency_s,5.864178
1756866817.303,latency_s,5.763386
1756866817.303,latency_s,5.662231
1756866817.303,latency_s,5.561433
1756866817.303,latency_s,6.073372
1756866817.303,latency_s,5.972404
1756866817.303,latency_s,5.871273
1756866817.303,latency_s,5.770621
1756866817.303,latency_s,5.669929
1756866817.303,latency_s,5.569530
1756866817.303,latency_s,5.468869
1756866817.303,latency_s,6.109793
1756866817.910,latency_s,5.978405
1756866817.913,latency_s,5.880493
1756866817.915,latency_s,5.782622
1756866817.918,latency_s,5.684780
1756866817.922,latency_s,5.587869
1756866817.925,latency_s,6.090180
1756866817.929,latency_s,5.992100
1756866817.929,latency_s,5.891954
1756866817.929,latency_s,5.791494
1756866817.929,latency_s,5.690311
1756866817.929,latency_s,5.589308
1756866817.929,latency_s,6.092050
1756866817.929,latency_s,5.991357
1756866817.929,latency_s,5.890914
1756866817.929,latency_s,5.790295
1756866817.929,latency_s,5.689466
1756866817.929,latency_s,5.588521
1756866818.497,latency_s,5.939554
1756866818.500,latency_s,5.840942
1756866818.504,latency_s,5.744148
1756866818.506,latency_s,5.645800
1756866818.510,latency_s,5.548619
1756866818.510,latency_s,5.448296
1756866818.510,latency_s,5.998726
1756866818.510,latency_s,5.897862
1756866818.510,latency_s,5.797511
1756866818.510,latency_s,5.697345
1756866818.510,latency_s,5.596964
1756866818.510,latency_s,5.494275
1756866818.510,latency_s,5.393200
1756866818.510,latency_s,6.075669
1756866818.510,latency_s,5.975549
1756866819.144,latency_s,5.982597
1756866819.147,latency_s,5.884753
1756866819.151,latency_s,5.788939
1756866819.153,latency_s,5.689687
1756866819.156,latency_s,5.592558
1756866819.839,latency_s,6.869482
1756866819.840,latency_s,6.769559
1756866819.840,latency_s,6.668816
1756866819.840,latency_s,6.568295
1756866819.840,latency_s,6.467408
1756866819.840,latency_s,6.366493
1756866819.840,latency_s,6.266153
1756866819.840,latency_s,6.678249
1756866819.840,latency_s,6.577948
1756866819.840,latency_s,6.477843
1756866819.841,latency_s,6.376951
1756866819.841,latency_s,6.276624
1756866819.841,latency_s,6.358657
1756866819.841,latency_s,6.257151
1756866819.841,latency_s,6.156946
1756866819.841,latency_s,6.056808
1756866820.452,latency_s,6.567904
1756866820.452,latency_s,6.467596
1756866820.453,latency_s,6.367036
1756866820.453,latency_s,6.967627
1756866820.453,latency_s,6.865666
1756866820.453,latency_s,6.762159
1756866820.453,latency_s,6.661905
1756866820.453,latency_s,6.560873
1756866820.453,latency_s,6.460545
1756866820.453,latency_s,6.360209
1756866820.453,latency_s,6.788233
1756866820.453,latency_s,5.773141
1756866820.453,latency_s,5.672750
1756866821.157,latency_s,6.787591
1756866821.157,latency_s,6.686593
1756866821.157,latency_s,6.586121
1756866821.157,latency_s,5.876986
1756866821.158,latency_s,5.776346
1756866821.158,latency_s,6.202880
1756866821.158,latency_s,6.102143
1756866821.158,latency_s,6.001879
1756866821.158,latency_s,5.900083
1756866821.158,latency_s,5.799193
1756866821.158,latency_s,6.221620
1756866821.158,latency_s,6.120563
1756866821.158,latency_s,6.020247
1756866821.158,latency_s,5.918957
1756866821.158,latency_s,5.815995
1756866821.158,latency_s,6.187875
1756866821.158,latency_s,6.087754
1756866821.158,latency_s,5.987497
1756866821.158,latency_s,5.886505
1756866821.731,latency_s,5.708065
1756866821.733,latency_s,6.258264
1756866821.734,latency_s,6.158070
1756866821.734,latency_s,6.057672
1756866821.734,latency_s,5.956648
1756866821.734,latency_s,5.856128
1756866821.734,latency_s,5.754192
1756866821.734,latency_s,6.158207
1756866821.734,latency_s,6.057775
1756866821.734,latency_s,5.957067
1756866821.734,latency_s,5.856813
1756866821.734,latency_s,5.756412
1756866821.758,latency_s,5.680221
1756866822.342,latency_s,6.346593
1756866822.345,latency_s,6.248052
1756866822.348,latency_s,6.150522
1756866822.351,latency_s,6.052872
1756866822.355,latency_s,5.955661
1756866822.357,latency_s,5.856829
1756866822.357,latency_s,5.756335
1756866822.357,latency_s,5.654512
1756866822.357,latency_s,6.130751
1756866822.357,latency_s,6.030017
1756866822.357,latency_s,5.929137
1756866822.357,latency_s,5.828290
1756866822.357,latency_s,5.727219
1756866822.357,latency_s,5.626411
1756866822.357,latency_s,6.115301
1756866822.358,latency_s,6.014058
1756866822.358,latency_s,5.911961
1756866822.358,latency_s,5.810981
1756866822.358,latency_s,5.710820
1756866823.510,latency_s,6.458997
1756866823.510,latency_s,6.358285
1756866823.510,latency_s,6.257628
1756866823.510,latency_s,6.593323
1756866823.510,latency_s,6.492798
1756866823.510,latency_s,6.392555
1756866823.510,latency_s,6.292253
1756866823.510,latency_s,6.191676
1756866823.510,latency_s,6.583889
1756866823.511,latency_s,6.482609
1756866823.511,latency_s,6.381825
1756866823.511,latency_s,6.280750
1756866823.511,latency_s,6.180147
1756866823.511,latency_s,5.999922
1756866823.511,latency_s,5.899319
1756866823.511,latency_s,5.798199
1756866823.511,latency_s,5.697454
1756866823.511,latency_s,6.174237
1756866823.511,latency_s,6.073673
1756866823.511,latency_s,5.972545
1756866823.511,latency_s,5.869580
1756866823.511,latency_s,5.767699
1756866823.511,latency_s,5.666665
1756866823.511,latency_s,6.157583
1756866823.511,latency_s,6.057079
1756866823.511,latency_s,5.956613
1756866823.511,latency_s,5.855481
1756866823.512,latency_s,5.754903
1756866823.512,latency_s,5.652513
1756866823.512,latency_s,6.092378
1756866823.512,latency_s,5.990694
1756866824.101,latency_s,6.478192
1756866824.107,latency_s,5.915496
1756866824.110,latency_s,5.818441
1756866824.114,latency_s,5.721891
1756866824.116,latency_s,6.213105
1756866824.119,latency_s,6.114734
1756866824.671,latency_s,6.565900
1756866824.671,latency_s,6.465713
1756866824.671,latency_s,6.364410
1756866824.671,latency_s,6.263528
1756866824.671,latency_s,6.755660
1756866824.671,latency_s,6.654779
1756866824.671,latency_s,6.553961
1756866824.671,latency_s,6.452803
1756866824.671,latency_s,6.350796
1756866824.671,latency_s,6.250403
1756866824.671,latency_s,6.726467
1756866824.671,latency_s,6.624946
1756866824.671,latency_s,6.521958
1756866824.672,latency_s,6.421023
1756866824.672,latency_s,6.320006
1756866824.672,latency_s,6.219794
1756866824.672,latency_s,6.711323
1756866824.672,latency_s,6.609323
1756866824.672,latency_s,6.508776
1756866824.672,latency_s,6.407708
1756866824.672,latency_s,6.307420
1756866824.718,latency_s,5.791785
1756866824.720,latency_s,5.693617
1756866824.724,latency_s,6.171678
1756866824.724,latency_s,6.071551
1756866824.724,latency_s,5.970236
1756866824.724,latency_s,5.869869
1756866824.724,latency_s,5.768718
1756866825.364,latency_s,6.350138
1756866825.368,latency_s,6.253117
1756866825.370,latency_s,6.153679
1756866825.374,latency_s,6.056712
1756866825.377,latency_s,5.958323
1756866825.380,latency_s,5.860987
1756866825.384,latency_s,5.764663
1756866825.384,latency_s,6.289711
1756866825.384,latency_s,6.189430
1756866825.384,latency_s,6.089325
1756866825.384,latency_s,5.989231
1756866825.384,latency_s,5.888364
1756866825.384,latency_s,5.787874
1756866825.384,latency_s,6.268541
1756866825.385,latency_s,6.167911
1756866825.385,latency_s,6.067058
1756866825.385,latency_s,5.966060
1756866825.385,latency_s,5.865889
1756866825.385,latency_s,5.764925
1756866825.385,latency_s,6.257260
1756866825.385,latency_s,6.156205
1756866825.385,latency_s,6.054106
1756866825.385,latency_s,5.952762
1756866825.385,latency_s,5.852444
1756866825.385,latency_s,5.751968
1756866826.043,latency_s,6.044447
1756866826.047,latency_s,5.947349
1756866826.049,latency_s,5.849201
1756866826.049,latency_s,5.749190
1756866826.049,latency_s,6.329416
1756866826.049,latency_s,6.228821
1756866826.050,latency_s,6.128073
1756866826.061,latency_s,6.038702
1756866826.064,latency_s,5.939282
1756866826.067,latency_s,5.842294
1756866826.072,latency_s,5.745823
1756866826.073,latency_s,6.237654
1756866826.076,latency_s,6.138060
1756866826.712,latency_s,6.673228
1756866826.712,latency_s,6.572795
1756866826.712,latency_s,6.472468
1756866826.712,latency_s,6.371289
1756866826.713,latency_s,6.851161
1756866826.713,latency_s,6.750502
1756866826.713,latency_s,6.649561
1756866826.713,latency_s,6.548775
1756866826.713,latency_s,6.448134
1756866826.713,latency_s,6.347622
1756866826.713,latency_s,6.823843
1756866826.713,latency_s,6.722690
1756866826.713,latency_s,6.620701
1756866826.713,latency_s,6.519186
1756866826.713,latency_s,6.417629
1756866826.713,latency_s,6.316905
1756866826.713,latency_s,6.667947
1756866826.750,latency_s,5.846226
1756866826.753,latency_s,6.326528
1756866826.757,latency_s,6.229141
1756866826.757,latency_s,6.128232
1756866826.757,latency_s,6.028119
1756866826.757,latency_s,5.927121
1756866826.757,latency_s,5.825959
1756866826.757,latency_s,6.315429
1756866826.757,latency_s,6.214645
1756866827.194,latency_s,5.961488
1756866827.195,latency_s,5.861761
1756866827.199,latency_s,5.763994
1756866827.202,latency_s,5.665775
1756866827.206,latency_s,5.568778
1756866827.209,latency_s,6.061749
1756866827.212,latency_s,5.964180
1756866827.215,latency_s,5.865958
1756866827.215,latency_s,5.765696
1756866827.215,latency_s,5.665200
1756866827.215,latency_s,5.562277
1756866827.215,latency_s,6.041605
1756866827.215,latency_s,5.941044
1756866827.215,latency_s,5.840858
1756866827.216,latency_s,5.739540
1756866827.216,latency_s,5.639457
1756866827.216,latency_s,5.538817
1756866827.216,latency_s,6.011948
1756866827.216,latency_s,5.911157
1756866827.216,latency_s,5.810371
1756866827.216,latency_s,5.709726
1756866827.216,latency_s,5.608642
1756866827.216,latency_s,5.506139
1756866827.890,latency_s,6.153075
1756866827.895,latency_s,6.056875
1756866827.897,latency_s,5.958455
1756866827.897,latency_s,5.857732
1756866827.897,latency_s,5.756639
1756866827.897,latency_s,6.186984
1756866827.897,latency_s,6.086751
1756866827.897,latency_s,5.985299
1756866827.897,latency_s,5.884781
1756866828.491,latency_s,5.846389
1756866828.494,latency_s,5.749422
1756866828.497,latency_s,6.135219
1756866828.501,latency_s,6.037683
1756866828.503,latency_s,5.938692
1756866828.506,latency_s,5.841187
1756866828.510,latency_s,5.744381
1756866828.512,latency_s,5.646122
1756866828.518,latency_s,6.136724
1756866828.519,latency_s,6.036624
1756866828.519,latency_s,5.936499
1756866828.519,latency_s,5.835964
1756866828.519,latency_s,5.735184
1756866828.519,latency_s,5.633459
1756866828.519,latency_s,6.104623
1756866828.519,latency_s,6.004214
1756866828.519,latency_s,5.903018
1756866828.519,latency_s,5.801757
1756866828.519,latency_s,5.700735
1756866828.519,latency_s,5.598824
1756866828.519,latency_s,6.055656
1756866828.519,latency_s,5.955304
1756866828.519,latency_s,5.854932
1756866829.126,latency_s,5.898107
1756866829.129,latency_s,5.798897
1756866829.133,latency_s,5.702350
1756866829.135,latency_s,6.069299
1756866829.135,latency_s,5.968684
1756866829.135,latency_s,5.868480
1756866829.135,latency_s,5.767797
1756866829.135,latency_s,5.667338
1756866829.136,latency_s,5.567133
1756866829.149,latency_s,6.162868
1756866829.152,latency_s,6.064495
1756866829.156,latency_s,5.968618
1756866829.858,latency_s,6.569471
1756866829.858,latency_s,6.469146
1756866829.858,latency_s,6.369035
1756866829.858,latency_s,6.267981
1756866829.858,latency_s,6.706657
1756866829.858,latency_s,6.606135
1756866829.858,latency_s,6.505953
1756866829.858,latency_s,6.405204
1756866829.858,latency_s,6.304543
1756866829.858,latency_s,6.203837
1756866829.858,latency_s,6.707086
1756866829.859,latency_s,6.606575
1756866829.859,latency_s,6.506401
1756866829.859,latency_s,6.405463
1756866829.859,latency_s,6.304733
1756866829.859,latency_s,6.204109
1756866829.859,latency_s,6.613202
1756866829.859,latency_s,6.511937
1756866829.859,latency_s,6.411489
1756866829.859,latency_s,6.268674
1756866829.859,latency_s,6.168299
1756866829.859,latency_s,6.067938
1756866829.859,latency_s,5.967053
1756866829.859,latency_s,5.866796
1756866829.859,latency_s,6.327396
1756866829.859,latency_s,6.225393
1756866829.859,latency_s,6.123489
1756866829.859,latency_s,6.021449
1756866829.859,latency_s,5.920752
1756866830.530,latency_s,5.933923
1756866830.532,latency_s,5.833995
1756866830.535,latency_s,5.736236
1756866830.539,latency_s,6.178388
1756866830.541,latency_s,6.080784
1756866830.545,latency_s,5.984054
1756866830.548,latency_s,5.887140
1756866830.551,latency_s,5.789002
1756866830.555,latency_s,5.693454
1756866830.558,latency_s,5.595920
1756866830.562,latency_s,6.202020
1756866830.565,latency_s,6.104364
1756866830.570,latency_s,6.009548
1756866830.572,latency_s,5.910090
1756866831.122,latency_s,6.359937
1756866831.122,latency_s,6.259843
1756866831.122,latency_s,6.159328
1756866831.122,latency_s,6.663864
1756866831.123,latency_s,6.562788
1756866831.123,latency_s,6.462459
1756866831.123,latency_s,6.360876
1756866831.123,latency_s,6.260537
1756866831.123,latency_s,6.159780
1756866831.123,latency_s,6.058947
1756866831.123,latency_s,6.687212
1756866831.123,latency_s,6.586024
1756866831.123,latency_s,6.485356
1756866831.123,latency_s,6.383423
1756866831.123,latency_s,6.283598
1756866831.156,latency_s,5.750433
1756866831.159,latency_s,5.652364
1756866831.162,latency_s,6.098307
1756866831.165,latency_s,6.000644
1756866831.165,latency_s,5.899081
1756866831.165,latency_s,5.798513
1756866831.744,latency_s,5.862915
1756866831.747,latency_s,5.765941
1756866831.750,latency_s,5.668521
1756866831.754,latency_s,5.571901
1756866831.757,latency_s,6.148580
1756866831.760,latency_s,6.050953
1756866831.763,latency_s,5.953553
1756866831.766,latency_s,5.856003
1756866831.770,latency_s,5.759456
1756866831.772,latency_s,5.661562
1756866831.776,latency_s,6.107195
1756866831.779,latency_s,6.008963
1756866831.782,latency_s,5.912057
1756866831.785,latency_s,5.814628
1756866831.785,latency_s,5.714161
1756866831.785,latency_s,5.613614
1756866831.785,latency_s,5.511949
1756866831.785,latency_s,6.116808
1756866831.786,latency_s,6.016251
1756866831.786,latency_s,5.915935
1756866831.786,latency_s,5.815212
1756866831.786,latency_s,5.715027
1756866831.786,latency_s,5.614879
1756866832.403,latency_s,5.837696
1756866832.406,latency_s,5.738387
1756866832.410,latency_s,6.127558
1756866832.413,latency_s,6.029850
1756866832.415,latency_s,5.932179
1756866832.419,latency_s,5.835214
1756866832.419,latency_s,5.734684
1756866832.419,latency_s,5.633751
1756866832.419,latency_s,6.207892
1756866832.429,latency_s,6.116912
1756866832.432,latency_s,6.019461
1756866832.434,latency_s,5.921038
1756866832.437,latency_s,5.823228
1756866832.441,latency_s,5.726669
1756866832.445,latency_s,5.628920
1756866832.448,latency_s,6.073819
1756866832.451,latency_s,5.975915
1756866832.454,latency_s,5.878209
1756866832.456,latency_s,5.780500
1756866832.460,latency_s,5.684229
1756866832.464,latency_s,5.587251
1756866832.466,latency_s,6.093190
1756866833.070,latency_s,6.596727
1756866833.070,latency_s,6.496532
1756866833.070,latency_s,6.396207
1756866833.070,latency_s,6.294380
1756866833.070,latency_s,6.193758
1756866833.071,latency_s,6.595970
1756866833.071,latency_s,6.495101
1756866833.086,latency_s,5.804690
1756866833.090,latency_s,5.707452
1756866833.094,latency_s,6.115730
1756866833.096,latency_s,6.017040
1756866833.099,latency_s,5.919032
1756866833.102,latency_s,5.821388
1756866833.105,latency_s,5.722049
1756866833.105,latency_s,5.621114
1756866833.105,latency_s,6.026188
1756866833.105,latency_s,5.924517
1756866833.105,latency_s,5.823694
1756866833.105,latency_s,5.722286
1756866833.727,latency_s,5.941726
1756866833.731,latency_s,5.845502
1756866833.734,latency_s,5.746935
1756866833.737,latency_s,5.648812
1756866833.741,latency_s,5.552536
1756866833.744,latency_s,6.080428
1756866833.746,latency_s,5.982215
1756866833.750,latency_s,5.885121
1756866833.754,latency_s,5.788127
1756866833.756,latency_s,5.689059
1756866833.759,latency_s,5.592710
1756866833.762,latency_s,6.082182
1756866833.767,latency_s,5.986113
1756866833.769,latency_s,5.887533
1756866833.772,latency_s,5.788861
1756866833.772,latency_s,5.686828
1756866833.772,latency_s,5.585927
1756866833.772,latency_s,6.087277
1756866833.773,latency_s,5.985553
1756866833.773,latency_s,5.885117
1756866834.404,latency_s,5.813501
1756866834.408,latency_s,5.716322
1756866834.411,latency_s,5.619406
1756866834.414,latency_s,6.145593
1756866834.417,latency_s,6.047433
1756866834.421,latency_s,5.950780
1756866834.423,latency_s,5.852349
1756866834.423,latency_s,5.751832
1756866834.423,latency_s,5.650920
1756866834.424,latency_s,6.136220
1756866834.424,latency_s,6.035982
1756866834.424,latency_s,5.933918
1756866834.438,latency_s,5.846860
1756866834.440,latency_s,5.748483
1756866834.444,latency_s,5.651638
1756866834.447,latency_s,6.157590
1756866834.449,latency_s,6.059676
1756866834.453,latency_s,5.962376
1756866834.457,latency_s,5.865777
1756866834.459,latency_s,5.767160
1756866834.464,latency_s,5.671237
1756866834.466,latency_s,6.176581
1756866834.470,latency_s,6.080079
1756866834.472,latency_s,5.982215
1756866834.475,latency_s,5.884633
1756866834.478,latency_s,5.786358
1756866835.173,latency_s,6.379826
1756866835.173,latency_s,6.800834
1756866835.173,latency_s,6.700349
1756866835.173,latency_s,6.600203
1756866835.173,latency_s,6.500387
1756866835.186,latency_s,5.891171
1756866835.188,latency_s,5.793035
1756866835.192,latency_s,5.696353
1756866835.195,latency_s,6.301395
1756866835.197,latency_s,6.203223
1756866835.200,latency_s,6.105448
1756866835.879,latency_s,6.684127
1756866835.879,latency_s,6.584129
1756866836.430,latency_s,7.034011
1756866836.430,latency_s,6.932965
1756866836.430,latency_s,7.536540
1756866836.430,latency_s,7.436289
1756866836.430,latency_s,7.336052
1756866836.430,latency_s,6.631829
1756866836.430,latency_s,6.531268
1756866836.430,latency_s,6.429506
1756866836.430,latency_s,6.328617
1756866836.430,latency_s,6.227549
1756866836.431,latency_s,6.832433
1756866836.431,latency_s,6.732161
1756866836.431,latency_s,6.631961
1756866836.431,latency_s,6.531225
1756866836.431,latency_s,6.429804
1756866836.431,latency_s,6.329097
1756866836.431,latency_s,6.227674
1756866836.431,latency_s,6.851167
1756866836.431,latency_s,6.749514
1756866836.431,latency_s,6.648618
1756866836.431,latency_s,6.548377
1756866836.431,latency_s,6.448242
1756866836.431,latency_s,6.347311
1756866836.431,latency_s,6.247183
1756866836.441,latency_s,6.036714
1756866836.442,latency_s,5.935870
1756866836.442,latency_s,5.834901
1756866836.442,latency_s,5.733236
1756866836.442,latency_s,5.632096
1756866836.442,latency_s,6.157266
1756866837.034,latency_s,5.924971
1756866837.038,latency_s,5.828351
1756866837.041,latency_s,5.731119
1756866837.044,latency_s,5.633480
1756866837.047,latency_s,5.535911
1756866837.049,latency_s,6.156980
1756866837.055,latency_s,6.061027
1756866837.853,latency_s,6.759138
1756866837.854,latency_s,6.657349
1756866837.854,latency_s,6.555107
1756866837.854,latency_s,6.453952
1756866837.854,latency_s,6.352184
1756866837.854,latency_s,6.854186
1756866837.854,latency_s,6.754087
1756866837.854,latency_s,6.653604
1756866837.854,latency_s,6.553315
1756866837.854,latency_s,6.453093
1756866837.854,latency_s,6.352977
1756866837.854,latency_s,6.806212
1756866837.854,latency_s,6.705864
1756866837.854,latency_s,6.604773
1756866837.854,latency_s,6.504652
1756866837.854,latency_s,6.404259
1756866837.854,latency_s,6.302700
1756866837.854,latency_s,6.860505
1756866837.854,latency_s,6.759750
1756866837.854,latency_s,6.658509
1756866837.854,latency_s,6.557703
1756866837.854,latency_s,6.457559
1756866837.854,latency_s,5.840032
1756866837.854,latency_s,5.738568
1756866837.854,latency_s,6.240064
1756866837.854,latency_s,6.137057
1756866837.854,latency_s,6.035781
1756866838.374,latency_s,5.745057
1756866838.377,latency_s,5.647688
1756866838.381,latency_s,5.550052
1756866838.383,latency_s,6.182433
1756866838.386,latency_s,6.083242
1756866838.389,latency_s,5.984671
1756866838.394,latency_s,5.886926
1756866838.396,latency_s,5.788406
1756866839.069,latency_s,6.361837
1756866839.070,latency_s,6.261100
1756866839.070,latency_s,6.852867
1756866839.070,latency_s,6.752786
1756866839.070,latency_s,6.652531
1756866839.070,latency_s,6.551216
1756866839.070,latency_s,6.450559
1756866839.070,latency_s,6.349631
1756866839.070,latency_s,6.249085
1756866839.070,latency_s,6.864304
1756866839.070,latency_s,6.764138
1756866839.070,latency_s,6.663907
1756866839.070,latency_s,6.562891
1756866839.070,latency_s,6.462270
1756866839.070,latency_s,6.361772
1756866839.070,latency_s,6.261427
1756866839.070,latency_s,6.765596
1756866839.070,latency_s,6.665491
1756866839.070,latency_s,6.565398
1756866839.070,latency_s,6.464424
1756866839.070,latency_s,6.364202
1756866839.070,latency_s,6.263793
1756866839.070,latency_s,6.163634
1756866839.070,latency_s,6.060165
1756866839.070,latency_s,5.959089
1756866839.070,latency_s,5.858914
1756866839.070,latency_s,5.758761
1756866839.071,latency_s,5.658016
1756866839.071,latency_s,6.149791
1756866839.645,latency_s,6.012918
1756866839.650,latency_s,5.917383
1756866839.652,latency_s,5.818957
1756866839.655,latency_s,5.720476
1756866839.658,latency_s,5.622198
1756866839.662,latency_s,5.526129
1756866839.665,latency_s,6.127227
1756866839.668,latency_s,6.029271
1756866839.672,latency_s,5.930988
1756866840.218,latency_s,6.375252
1756866840.218,latency_s,6.274443
1756866840.218,latency_s,6.173468
1756866840.218,latency_s,6.073235
1756866840.218,latency_s,6.704484
1756866840.218,latency_s,6.603059
1756866840.218,latency_s,6.502465
1756866840.218,latency_s,6.402328
1756866840.218,latency_s,6.301679
1756866840.218,latency_s,6.201208
1756866840.218,latency_s,6.101017
1756866840.218,latency_s,6.694223
1756866840.218,latency_s,6.593239
1756866840.218,latency_s,6.492771
1756866840.218,latency_s,6.392607
1756866840.219,latency_s,6.291487
1756866840.219,latency_s,6.190729
1756866840.219,latency_s,6.089795
1756866840.219,latency_s,6.705035
1756866840.219,latency_s,6.604050
1756866840.263,latency_s,5.723868
1756866840.265,latency_s,5.624408
1756866840.269,latency_s,5.528808
1756866840.273,latency_s,6.035534
1756866840.273,latency_s,5.933890
1756866840.273,latency_s,5.832097
1756866840.903,latency_s,5.688034
1756866840.906,latency_s,5.589768
1756866841.540,latency_s,6.689990
1756866841.540,latency_s,6.588867
1756866841.540,latency_s,6.488507
1756866841.540,latency_s,6.388070
1756866841.541,latency_s,6.287670
1756866841.541,latency_s,6.187126
1756866841.541,latency_s,6.698130
1756866841.541,latency_s,6.595567
1756866841.541,latency_s,6.494658
1756866841.541,latency_s,6.393944
1756866841.541,latency_s,6.293713
1756866841.541,latency_s,6.193139
1756866841.541,latency_s,6.092686
1756866841.541,latency_s,6.596053
1756866841.541,latency_s,6.495926
1756866841.541,latency_s,6.395330
1756866841.541,latency_s,6.294420
1756866841.541,latency_s,6.193470
1756866841.541,latency_s,6.093087
1756866841.541,latency_s,5.991425
1756866841.541,latency_s,6.621387
1756866841.541,latency_s,6.521002
1756866841.541,latency_s,6.420508
1756866841.541,latency_s,6.320344
1756866841.541,latency_s,5.884591
1756866841.541,latency_s,5.782539
1756866841.541,latency_s,5.681719
1756866841.542,latency_s,5.580081
1756866841.542,latency_s,5.479337
1756866841.542,latency_s,6.125773
1756866842.137,latency_s,6.084768
1756866842.141,latency_s,5.987086
1756866842.142,latency_s,5.888203
1756866842.146,latency_s,5.791287
1756866842.149,latency_s,5.981680
1756866842.153,latency_s,5.882819
1756866842.156,latency_s,5.782825
1756866842.680,latency_s,6.206371
1756866842.680,latency_s,6.105245
1756866842.680,latency_s,6.550992
1756866842.680,latency_s,6.449951
1756866842.680,latency_s,6.348973
1756866842.680,latency_s,6.248436
1756866842.680,latency_s,6.147444
1756866842.680,latency_s,6.409976
1756866842.680,latency_s,6.307535
1756866842.680,latency_s,6.206086
1756866842.680,latency_s,6.104465
1756866842.680,latency_s,6.004067
1756866842.680,latency_s,6.426341
1756866842.680,latency_s,6.325285
1756866842.680,latency_s,6.224930
1756866842.680,latency_s,6.123749
1756866842.680,latency_s,6.023375
1756866842.680,latency_s,6.325378
1756866842.680,latency_s,6.224975
1756866842.680,latency_s,6.124227
1756866842.680,latency_s,6.023918
1756866842.726,latency_s,5.989087
1756866842.728,latency_s,5.890945
1756866842.732,latency_s,5.794362
1756866842.732,latency_s,5.693765
1756866842.732,latency_s,5.593367
1756866842.733,latency_s,5.492956
1756866843.383,latency_s,6.276594
1756866843.388,latency_s,6.181343
1756866843.390,latency_s,6.081825
1756866843.394,latency_s,5.985048
1756866843.396,latency_s,5.886562
1756866843.400,latency_s,5.790446
1756866843.403,latency_s,5.693225
1756866843.406,latency_s,6.302657
1756866843.410,latency_s,6.206146
1756866843.410,latency_s,6.105791
1756866843.410,latency_s,6.005561
1756866843.410,latency_s,5.904781
1756866843.410,latency_s,5.803279
1756866843.410,latency_s,5.702701
1756866843.411,latency_s,6.247928
1756866843.411,latency_s,6.147776
1756866843.411,latency_s,6.047044
1756866843.411,latency_s,5.946381
1756866843.411,latency_s,5.844919
1756866843.411,latency_s,5.744167
1756866843.411,latency_s,5.642894
1756866843.411,latency_s,6.127896
1756866843.411,latency_s,6.026941
1756866843.411,latency_s,5.926117
1756866843.411,latency_s,5.824500
1756866843.411,latency_s,5.722466
1756866843.994,latency_s,6.112230
1756866843.997,latency_s,6.014573
1756866843.997,latency_s,5.914263
1756866843.997,latency_s,5.813540
1756866843.997,latency_s,5.713054
1756866843.998,latency_s,6.187000
1756866844.010,latency_s,6.098451
1756866844.012,latency_s,6.000290
1756866844.620,latency_s,6.507542
1756866844.620,latency_s,6.405644
1756866844.620,latency_s,6.305279
1756866844.620,latency_s,6.812054
1756866844.620,latency_s,6.711300
1756866844.620,latency_s,6.610169
1756866844.620,latency_s,6.510046
1756866844.620,latency_s,6.409577
1756866844.620,latency_s,6.308589
1756866844.620,latency_s,6.750718
1756866844.620,latency_s,6.650194
1756866844.620,latency_s,6.549034
1756866844.620,latency_s,6.446871
1756866844.620,latency_s,6.344858
1756866844.621,latency_s,6.242973
1756866844.621,latency_s,6.628457
1756866844.621,latency_s,6.527671
1756866844.621,latency_s,6.427392
1756866844.621,latency_s,6.325862
1756866844.621,latency_s,6.224101
1756866844.621,latency_s,6.001874
1756866844.621,latency_s,5.901149
1756866844.621,latency_s,5.800234
1756866844.621,latency_s,5.698289
1756866844.621,latency_s,6.209151
1756866844.621,latency_s,6.108542
1756866844.621,latency_s,6.007641
1756866844.621,latency_s,5.907242
1756866844.621,latency_s,5.807137
1756866844.621,latency_s,5.707063
1756866845.153,latency_s,5.721952
1756866845.156,latency_s,5.621252
1756866845.159,latency_s,6.144411
1756866845.162,latency_s,6.047174
1756866845.785,latency_s,6.569624
1756866845.785,latency_s,6.468879
1756866845.785,latency_s,6.368711
1756866845.785,latency_s,6.267989
1756866845.785,latency_s,6.167113
1756866845.785,latency_s,6.697415
1756866845.785,latency_s,6.596342
1756866845.785,latency_s,6.496054
1756866845.785,latency_s,6.395600
1756866845.785,latency_s,6.294631
1756866845.785,latency_s,6.193551
1756866845.785,latency_s,6.481576
1756866845.785,latency_s,6.381176
1756866845.785,latency_s,6.279538
1756866845.785,latency_s,6.179260
1756866845.785,latency_s,6.076919
1756866845.785,latency_s,5.976152
1756866845.785,latency_s,6.527399
1756866845.785,latency_s,6.426874
1756866845.785,latency_s,6.326282
1756866845.786,latency_s,6.224025
1756866845.786,latency_s,6.123713
1756866845.786,latency_s,6.022916
1756866845.786,latency_s,6.482599
1756866845.786,latency_s,6.194012
1756866845.786,latency_s,6.093494
1756866845.786,latency_s,5.992573
1756866845.786,latency_s,5.891421
1756866845.786,latency_s,5.789887
1756866845.786,latency_s,5.689521
1756866846.263,latency_s,6.098065
1756866846.266,latency_s,5.998949
1756866846.320,latency_s,5.649824
1756866846.323,latency_s,5.551663
1756866846.327,latency_s,6.100461
1756866846.330,latency_s,6.002750
1756866846.828,latency_s,6.400788
1756866846.829,latency_s,6.299068
1756866846.829,latency_s,6.198187
1756866846.829,latency_s,6.097117
1756866846.829,latency_s,6.663419
1756866846.829,latency_s,6.562892
1756866846.829,latency_s,6.460198
1756866846.829,latency_s,6.359848
1756866846.829,latency_s,6.259325
1756866846.829,latency_s,6.158440
1756866846.829,latency_s,6.057385
1756866846.829,latency_s,6.631742
1756866846.829,latency_s,6.527557
1756866846.829,latency_s,6.426940
1756866846.829,latency_s,6.325433
1756866846.829,latency_s,6.225134
1756866846.829,latency_s,6.124882
1756866846.829,latency_s,6.635921
1756866846.829,latency_s,6.534918
1756866846.829,latency_s,6.434397
1756866846.830,latency_s,6.333774
1756866846.830,latency_s,6.233637
1756866846.929,latency_s,6.029871
1756866846.932,latency_s,5.932869
1756866846.933,latency_s,5.831763
1756866846.933,latency_s,5.730030
1756866846.933,latency_s,5.629913
1756866846.933,latency_s,6.162100
1756866847.430,latency_s,5.803487
1756866847.433,latency_s,5.705262
1756866847.436,latency_s,5.608316
1756866847.440,latency_s,5.510535
1756866847.442,latency_s,5.961452
1756866847.445,latency_s,5.864241
1756866847.509,latency_s,5.827832
1756866847.510,latency_s,5.726504
1756866847.510,latency_s,5.625600
1756866847.510,latency_s,6.106145
1756866847.510,latency_s,6.005359
1756866847.510,latency_s,5.903723
1756866847.510,latency_s,5.802296
1756866847.510,latency_s,5.701677
1756866847.510,latency_s,5.600865
1756866847.510,latency_s,6.035923
1756866848.076,latency_s,6.501958
1756866848.077,latency_s,6.401972
1756866848.077,latency_s,6.300733
1756866848.077,latency_s,6.200116
1756866848.077,latency_s,6.599021
1756866848.077,latency_s,6.498032
1756866848.077,latency_s,6.396155
1756866848.077,latency_s,6.294116
1756866848.077,latency_s,6.193000
1756866848.077,latency_s,6.091113
1756866848.095,latency_s,5.580966
1756866848.095,latency_s,6.064914
1756866848.095,latency_s,5.963781
1756866848.095,latency_s,5.862944
1756866848.096,latency_s,5.762193
1756866848.096,latency_s,5.661581
1756866848.659,latency_s,6.024322
1756866848.660,latency_s,5.924419
1756866848.664,latency_s,5.826573
1756866848.668,latency_s,5.729940
1756866848.671,latency_s,5.631810
1756866848.674,latency_s,5.533239
1756866848.747,latency_s,6.154309
1756866848.747,latency_s,6.052656
1756866848.747,latency_s,5.951826
1756866848.747,latency_s,5.851595
1756866848.747,latency_s,5.751029
1756866848.747,latency_s,5.649966
1756866848.747,latency_s,5.549384
1756866848.747,latency_s,6.132545
1756866848.747,latency_s,6.032363
1756866848.747,latency_s,5.929586
1756866849.308,latency_s,5.593384
1756866849.312,latency_s,6.121483
1756866849.316,latency_s,6.025102
1756866849.316,latency_s,5.924038
1756866849.316,latency_s,5.823292
1756866849.316,latency_s,5.722084
1756866849.316,latency_s,5.619526
1756866849.316,latency_s,5.517580
1756866849.316,latency_s,6.118237
1756866849.316,latency_s,6.017963
1756866849.316,latency_s,5.915041
1756866849.316,latency_s,5.812977
1756866849.316,latency_s,5.712042
1756866849.316,latency_s,5.610039
1756866849.316,latency_s,5.508448
1756866849.316,latency_s,6.091580
1756866849.853,latency_s,5.549644
1756866849.856,latency_s,5.947767
1756866849.859,latency_s,5.851267
1756866849.862,latency_s,5.752539
1756866849.866,latency_s,5.654959
1756866849.868,latency_s,5.557328
1756866849.872,latency_s,6.037786
1756866849.872,latency_s,5.936641
1756866849.872,latency_s,5.835771
1756866849.872,latency_s,5.735039
1756866849.872,latency_s,5.634594
1756866849.872,latency_s,5.533439
1756866849.872,latency_s,6.027512
1756866849.872,latency_s,5.925027
1756866849.872,latency_s,5.822171
1756866849.872,latency_s,5.721953
1756866850.476,latency_s,5.748071
1756866850.480,latency_s,5.650928
1756866850.483,latency_s,5.549976
1756866850.485,latency_s,6.081208
1756866850.489,latency_s,5.983513
1756866850.489,latency_s,5.881796
1756866850.489,latency_s,5.781548
1756866850.489,latency_s,5.681190
1756866850.489,latency_s,5.580374
1756866850.489,latency_s,6.077553
1756866850.489,latency_s,5.976361
1756866850.489,latency_s,5.875706
1756866850.489,latency_s,5.774755
1756866850.489,latency_s,5.674282
1756866850.489,latency_s,5.572498
1756866850.489,latency_s,6.050057
1756866851.014,latency_s,5.967938
1756866851.017,latency_s,5.870065
1756866851.020,latency_s,5.771555
1756866851.025,latency_s,5.674985
1756866851.027,latency_s,5.576942
1756866851.031,latency_s,5.972400
1756866851.034,latency_s,5.874617
1756866851.036,latency_s,5.776260
1756866851.039,latency_s,5.678592
1756866851.040,latency_s,5.578292
1756866851.040,latency_s,6.021092
1756866851.040,latency_s,5.920631
1756866851.040,latency_s,5.819283
1756866851.040,latency_s,5.718957
1756866851.040,latency_s,5.618387
1756866851.040,latency_s,5.517890
1756866851.571,latency_s,5.818372
1756866851.575,latency_s,5.720554
1756866851.577,latency_s,5.622257
1756866851.581,latency_s,5.524457
1756866851.584,latency_s,6.022281
1756866851.588,latency_s,5.925070
1756866851.591,latency_s,5.827001
1756866851.593,latency_s,5.728985
1756866851.596,latency_s,5.631148
1756866851.596,latency_s,5.530658
1756866851.596,latency_s,5.972369
1756866851.596,latency_s,5.871698
1756866851.596,latency_s,5.771499
1756866851.596,latency_s,5.670576
1756866851.596,latency_s,5.570388
1756866851.597,latency_s,6.046320
1756866852.129,latency_s,5.768547
1756866852.132,latency_s,5.670097
1756866852.135,latency_s,5.570842
1756866852.140,latency_s,5.973646
1756866852.142,latency_s,5.875274
1756866852.144,latency_s,5.777622
1756866852.148,latency_s,5.679793
1756866852.151,latency_s,5.582374
1756866852.154,latency_s,6.027265
1756866852.757,latency_s,6.528055
1756866852.757,latency_s,6.427494
1756866852.757,latency_s,6.326801
1756866852.757,latency_s,6.225182
1756866852.757,latency_s,6.124490
1756866852.757,latency_s,6.602504
1756866852.757,latency_s,6.501424
1756866852.757,latency_s,5.926532
1756866852.757,latency_s,5.826307
1756866852.757,latency_s,5.726045
1756866852.757,latency_s,5.625147
1756866852.757,latency_s,6.092067
1756866852.757,latency_s,5.990136
1756866852.758,latency_s,5.887640
1756866852.758,latency_s,5.786113
1756866852.758,latency_s,5.685515
1756866852.758,latency_s,5.584990
1756866852.758,latency_s,6.088614
1756866852.758,latency_s,5.988319
1756866852.758,latency_s,5.887900
1756866852.758,latency_s,5.787009
1756866852.758,latency_s,5.685494
1756866852.758,latency_s,5.585329
1756866853.325,latency_s,5.892083
1756866853.329,latency_s,5.793794
1756866853.332,latency_s,5.696651
1756866853.332,latency_s,5.595428
1756866853.332,latency_s,6.058656
1756866853.332,latency_s,5.956994
1756866853.332,latency_s,5.856765
1756866853.332,latency_s,5.755946
1756866853.332,latency_s,5.655174
1756866853.950,latency_s,5.969893
1756866853.954,latency_s,5.872856
1756866853.957,latency_s,5.775543
1756866853.960,latency_s,5.677611
1756866853.964,latency_s,5.579782
1756866853.968,latency_s,6.089772
1756866853.969,latency_s,5.989780
1756866853.973,latency_s,5.891567
1756866853.977,latency_s,5.795184
1756866853.979,latency_s,5.697367
1756866853.983,latency_s,5.599255
1756866853.986,latency_s,6.141074
1756866853.990,latency_s,6.044002
1756866853.992,latency_s,5.945236
1756866853.995,latency_s,5.847609
1756866853.998,latency_s,5.750381
1756866854.001,latency_s,5.652520
1756866854.004,latency_s,6.131487
1756866854.005,latency_s,6.030897
1756866854.005,latency_s,5.928679
1756866854.005,latency_s,5.827432
1756866854.005,latency_s,5.725832
1756866854.005,latency_s,5.625036
1756866854.616,latency_s,6.165870
1756866854.618,latency_s,6.067487
1756866854.621,latency_s,5.970062
1756866854.624,latency_s,5.872106
1756866854.624,latency_s,5.771466
1756866854.624,latency_s,5.670505
1756866854.624,latency_s,6.143468
1756866854.624,latency_s,6.042604
1756866854.625,latency_s,5.942718
1756866854.638,latency_s,5.855752
1756866854.641,latency_s,5.756022
1756866854.644,latency_s,5.657375
1756866854.647,latency_s,6.209613
1756866854.650,latency_s,6.112727
1756866854.654,latency_s,6.015777
1756866854.656,latency_s,5.917613
1756866854.660,latency_s,5.820989
1756866854.664,latency_s,5.724190
1756866854.666,latency_s,5.626210
1756866854.669,latency_s,6.222660
1756866854.673,latency_s,6.125922
1756866854.675,latency_s,6.027925
1756866854.680,latency_s,5.931283
1756866854.682,latency_s,5.832787
1756866854.685,latency_s,5.735956
1756866854.688,latency_s,5.639322
1756866855.190,latency_s,6.103334
1756866855.194,latency_s,6.006110
1756866855.197,latency_s,5.908702
1756866855.200,latency_s,5.810719
1756866855.203,latency_s,5.713456
1756866855.207,latency_s,5.617459
1756866855.210,latency_s,6.069115
1756866855.212,latency_s,5.970854
1756866855.216,latency_s,5.872988
1756866855.218,latency_s,5.775733
1756866855.222,latency_s,5.678826
1756866855.222,latency_s,6.072124
1756866855.222,latency_s,5.970895
1756866855.222,latency_s,5.870350
1756866855.222,latency_s,5.769943
1756866855.822,latency_s,5.764764
1756866855.824,latency_s,5.666460
1756866855.829,latency_s,6.110839
1756866855.831,latency_s,6.011925
1756866855.833,latency_s,5.913420
1756866855.836,latency_s,5.815692
1756866855.840,latency_s,5.718887
1756866855.843,latency_s,5.621529
1756866856.437,latency_s,6.789176
1756866856.437,latency_s,6.685400
1756866856.437,latency_s,6.585158
1756866856.437,latency_s,6.484548
1756866856.437,latency_s,6.383643
1756866856.438,latency_s,6.283067
1756866856.438,latency_s,6.182927
1756866856.438,latency_s,6.747535
1756866856.438,latency_s,6.647136
1756866856.438,latency_s,5.740779
1756866856.438,latency_s,6.191709
1756866856.438,latency_s,6.091268
1756866857.034,latency_s,6.587299
1756866857.035,latency_s,6.487732
1756866857.035,latency_s,6.387639
1756866857.035,latency_s,6.287577
1756866857.035,latency_s,6.774986
1756866857.036,latency_s,6.674061
1756866857.036,latency_s,6.573206
1756866857.036,latency_s,6.472422
1756866857.036,latency_s,6.370269
1756866857.036,latency_s,6.269968
1756866857.036,latency_s,6.713205
1756866857.036,latency_s,6.612952
1756866857.036,latency_s,6.177022
1756866857.036,latency_s,6.076419
1756866857.036,latency_s,5.973018
1756866857.036,latency_s,5.871509
1756866857.036,latency_s,5.769556
1756866857.036,latency_s,5.669379
1756866857.036,latency_s,6.137459
1756866857.036,latency_s,6.035654
1756866857.546,latency_s,5.877923
1756866857.550,latency_s,5.779587
1756866857.553,latency_s,5.682099
1756866857.557,latency_s,6.052897
1756866857.559,latency_s,5.954409
1756866857.563,latency_s,5.856918
1756866857.566,latency_s,5.759321
1756866857.570,latency_s,5.663057
1756866857.572,latency_s,6.091795
1756866857.575,latency_s,5.994382
1756866857.579,latency_s,5.897886
1756866857.582,latency_s,5.800141
1756866858.111,latency_s,5.596986
1756866858.113,latency_s,6.130254
1756866858.116,latency_s,6.031804
1756866858.120,latency_s,5.935146
1756866858.123,latency_s,5.837756
1756866858.126,latency_s,5.739843
1756866858.130,latency_s,5.643150
1756866858.133,latency_s,6.107064
1756866858.133,latency_s,6.006426
1756866858.133,latency_s,5.906370
1756866858.133,latency_s,5.803543
1756866858.134,latency_s,5.703695
1756866858.134,latency_s,5.603567
1756866858.134,latency_s,6.124724
1756866858.134,latency_s,6.024648
1756866858.135,latency_s,5.924254
1756866858.135,latency_s,5.822887
1756866858.135,latency_s,5.721769
1756866858.135,latency_s,5.621283
1756866858.135,latency_s,6.051363
1756866858.669,latency_s,6.025685
1756866858.671,latency_s,5.926787
1756866858.674,latency_s,5.828628
1756866858.678,latency_s,5.731291
1756866858.682,latency_s,5.634134
1756866858.684,latency_s,5.535895
1756866858.687,latency_s,6.109968
1756866858.690,latency_s,6.012391
1756866858.694,latency_s,5.915912
1756866858.696,latency_s,5.816875
1756866858.702,latency_s,5.721802
1756866858.703,latency_s,5.622760
1756866859.224,latency_s,5.701727
1756866859.227,latency_s,5.604031
1756866859.231,latency_s,5.505144
1756866859.233,latency_s,6.062947
1756866859.237,latency_s,5.965496
1756866859.240,latency_s,5.867223
1756866859.243,latency_s,5.769124
1756866859.246,latency_s,5.671552
1756866859.249,latency_s,5.571900
1756866859.252,latency_s,6.062127
1756866859.255,latency_s,5.965531
1756866859.255,latency_s,5.864456
1756866859.256,latency_s,5.763702
1756866859.256,latency_s,5.663277
1756866859.256,latency_s,5.562805
1756866859.256,latency_s,6.007154
1756866859.256,latency_s,5.906856
1756866859.256,latency_s,5.805888
1756866859.256,latency_s,5.704524
1756866859.256,latency_s,5.603743
1756866859.803,latency_s,5.574100
1756866859.807,latency_s,5.476381
1756866859.809,latency_s,6.084787
1756866859.813,latency_s,5.988200
1756866859.815,latency_s,5.889951
1756866859.818,latency_s,5.791366
1756866859.821,latency_s,5.693726
1756866859.824,latency_s,5.595608
1756866859.828,latency_s,5.497750
1756866859.832,latency_s,6.034743
1756866859.834,latency_s,5.934803
1756866859.838,latency_s,5.837935
1756866860.410,latency_s,5.807993
1756866860.413,latency_s,5.710194
1756866860.416,latency_s,5.612606
1756866860.418,latency_s,5.514245
1756866860.422,latency_s,5.417680
1756866860.424,latency_s,5.993786
1756866860.429,latency_s,5.897510
1756866860.982,latency_s,6.348696
1756866860.983,latency_s,6.248526
1756866860.983,latency_s,6.148281
1756866860.983,latency_s,6.047232
1756866860.983,latency_s,6.552422
1756866860.983,latency_s,6.451319
1756866860.983,latency_s,6.350380
1756866860.984,latency_s,6.249637
1756866860.984,latency_s,6.149861
1756866860.984,latency_s,6.048298
1756866860.984,latency_s,6.581054
1756866860.984,latency_s,6.480231
1756866860.985,latency_s,6.380090
1756866860.985,latency_s,5.848017
1756866860.985,latency_s,5.747600
1756866860.985,latency_s,5.646368
1756866860.985,latency_s,5.545613
1756866860.986,latency_s,5.968681
1756866860.986,latency_s,5.868134
1756866860.986,latency_s,5.765296
1756866860.986,latency_s,5.665198
1756866860.986,latency_s,5.564522
1756866860.987,latency_s,5.881798
1756866860.987,latency_s,5.780637
1756866860.987,latency_s,5.679825
1756866862.166,latency_s,6.324171
1756866862.166,latency_s,6.223553
1756866862.166,latency_s,6.122513
1756866862.166,latency_s,6.021591
1756866862.166,latency_s,6.644476
1756866862.166,latency_s,6.542810
1756866862.167,latency_s,6.440973
1756866862.167,latency_s,5.850862
1756866862.167,latency_s,5.749169
1756866862.167,latency_s,5.647699
1756866862.167,latency_s,5.547026
1756866862.167,latency_s,5.921659
1756866862.167,latency_s,5.821059
1756866862.167,latency_s,5.719293
1756866862.167,latency_s,5.618142
1756866862.795,latency_s,6.145355
1756866862.796,latency_s,6.565169
1756866862.796,latency_s,6.463609
1756866862.796,latency_s,6.363164
1756866862.796,latency_s,6.262270
1756866862.796,latency_s,6.161038
1756866862.796,latency_s,6.060319
1756866862.796,latency_s,6.581318
1756866862.796,latency_s,6.480301
1756866862.796,latency_s,6.378116
1756866862.796,latency_s,6.276461
1756866862.796,latency_s,6.176064
1756866862.796,latency_s,6.075410
1756866862.796,latency_s,6.549917
1756866862.796,latency_s,6.449588
1756866862.796,latency_s,6.348572
1756866862.796,latency_s,6.246701
1756866862.798,latency_s,6.126290
1756866863.432,latency_s,5.583583
1756866863.435,latency_s,5.677322
1756866863.439,latency_s,5.579823
1756866863.441,latency_s,6.016141
1756866863.444,latency_s,5.917685
1756866863.447,latency_s,5.819886
1756866863.451,latency_s,5.723262
1756866863.454,latency_s,5.625097
1756866863.457,latency_s,6.001361
1756866863.461,latency_s,5.904446
1756866863.464,latency_s,5.807143
1756866864.108,latency_s,6.350700
1756866864.109,latency_s,6.249730
1756866864.109,latency_s,6.652765
1756866864.109,latency_s,6.551510
1756866864.109,latency_s,6.451056
1756866864.109,latency_s,6.350500
1756866864.109,latency_s,6.250050
1756866864.109,latency_s,6.683404
1756866864.109,latency_s,6.582384
1756866864.109,latency_s,6.481351
1756866864.109,latency_s,6.380636
1756866864.134,latency_s,6.304648
1756866864.134,latency_s,6.681890
1756866864.134,latency_s,6.581744
1756866864.134,latency_s,6.481536
1756866864.134,latency_s,6.381188
1756866864.134,latency_s,6.279176
1756866864.134,latency_s,6.725250
1756866864.134,latency_s,6.625062
1756866864.134,latency_s,6.524521
1756866864.134,latency_s,6.104574
1756866864.685,latency_s,5.667701
1756866864.687,latency_s,6.151645
1756866864.691,latency_s,6.055329
1756866864.693,latency_s,5.956805
1756866864.697,latency_s,5.858965
1756866864.700,latency_s,5.760409
1756866864.703,latency_s,6.119856
1756866864.707,latency_s,6.022404
1756866864.709,latency_s,5.924353
1756866864.713,latency_s,5.827348
1756866864.716,latency_s,5.730172
1756866865.261,latency_s,6.174843
1756866865.265,latency_s,6.078661
1756866865.267,latency_s,5.980576
1756866865.267,latency_s,5.879444
1756866865.268,latency_s,5.778579
1756866865.268,latency_s,5.678483
1756866865.268,latency_s,6.133280
1756866865.268,latency_s,6.031029
1756866865.268,latency_s,5.930165
1756866865.268,latency_s,5.828725
1756866865.268,latency_s,5.727725
1756866865.268,latency_s,5.627003
1756866865.268,latency_s,6.096855
1756866865.268,latency_s,5.996545
1756866865.268,latency_s,5.896097
1756866865.268,latency_s,5.794978
1756866865.268,latency_s,5.694750
1756866865.268,latency_s,5.594364
1756866865.268,latency_s,6.126385
1756866865.268,latency_s,6.025324
1756866865.268,latency_s,5.924567
1756866865.816,latency_s,6.073041
1756866865.820,latency_s,5.973466
1756866865.823,latency_s,5.875564
1756866865.826,latency_s,5.778036
1756866865.830,latency_s,5.680840
1756866865.832,latency_s,5.582942
1756866865.835,latency_s,6.061164
1756866865.838,latency_s,5.962718
1756866865.841,latency_s,5.864538
1756866865.846,latency_s,5.768434
1756866867.112,latency_s,6.934482
1756866867.112,latency_s,6.659993
1756866867.112,latency_s,6.733153
1756866867.112,latency_s,6.559166
1756866867.112,latency_s,6.632763
1756866867.112,latency_s,6.531480
1756866867.112,latency_s,6.457961
1756866867.112,latency_s,6.430924
1756866867.112,latency_s,6.355753
1756866867.112,latency_s,6.329436
1756866867.113,latency_s,6.760405
1756866867.113,latency_s,6.660228
1756866867.113,latency_s,6.559531
1756866867.113,latency_s,6.457923
1756866867.113,latency_s,6.356240
1756866867.113,latency_s,6.815123
1756866867.113,latency_s,6.713145
1756866867.113,latency_s,6.611856
1756866867.113,latency_s,6.510871
1756866867.113,latency_s,6.409992
1756866867.113,latency_s,6.308719
1756866867.113,latency_s,6.734066
1756866867.115,latency_s,6.055760
1756866867.115,latency_s,5.955234
1756866867.115,latency_s,5.854381
1756866867.115,latency_s,5.753688
1756866867.115,latency_s,6.230620
1756866867.115,latency_s,6.128904
1756866867.115,latency_s,6.028270
1756866867.115,latency_s,5.926753
1756866867.115,latency_s,5.826284
1756866867.115,latency_s,5.725373
1756866868.338,latency_s,6.369338
1756866868.338,latency_s,6.579980
1756866868.338,latency_s,6.478415
1756866868.338,latency_s,6.377773
1756866868.338,latency_s,6.277615
1756866868.338,latency_s,6.176971
1756866868.339,latency_s,6.076030
1756866868.339,latency_s,5.975829
1756866868.339,latency_s,6.600063
1756866868.339,latency_s,6.499387
1756866868.339,latency_s,6.398463
1756866868.339,latency_s,6.296640
1756866868.339,latency_s,6.195638
1756866868.339,latency_s,6.094176
1756866868.339,latency_s,5.993159
1756866868.339,latency_s,6.575097
1756866868.339,latency_s,6.474375
1756866868.339,latency_s,6.374235
1756866868.339,latency_s,6.274106
1756866868.339,latency_s,6.174012
1756866868.339,latency_s,6.073499
1756866868.339,latency_s,5.973285
1756866868.339,latency_s,6.272315
1756866868.339,latency_s,6.170354
1756866868.339,latency_s,6.070084
1756866868.339,latency_s,5.968618
1756866868.339,latency_s,5.867710
1756866868.339,latency_s,5.766937
1756866868.339,latency_s,6.320760
1756866868.339,latency_s,6.219806
1756866868.340,latency_s,6.117603
1756866868.341,latency_s,6.017853
1756866868.952,latency_s,5.847188
1756866868.957,latency_s,5.751684
1756866868.958,latency_s,6.285787
1756866868.963,latency_s,6.189445
1756866868.965,latency_s,6.090563
1756866869.091,latency_s,6.115084
1756866869.091,latency_s,6.014907
1756866869.091,latency_s,5.913967
1756866869.091,latency_s,6.363266
1756866869.091,latency_s,6.261201
1756866869.091,latency_s,6.159861
1756866869.091,latency_s,6.058406
1756866869.091,latency_s,5.957474
1756866869.091,latency_s,5.853391
1756866869.091,latency_s,6.393285
1756866869.091,latency_s,6.291792
1756866869.641,latency_s,6.738504
1756866869.641,latency_s,6.638369
1756866869.641,latency_s,6.537210
1756866869.641,latency_s,6.435833
1756866869.641,latency_s,6.867882
1756866869.641,latency_s,6.767365
1756866869.641,latency_s,6.666327
1756866869.641,latency_s,6.566082
1756866869.642,latency_s,6.465636
1756866869.642,latency_s,6.365148
1756866869.663,latency_s,6.184711
1756866869.666,latency_s,6.085182
1756866869.666,latency_s,5.983619
1756866869.666,latency_s,5.882749
1756866869.666,latency_s,5.782485
1756866869.666,latency_s,6.360639
1756866869.666,latency_s,6.259684
1756866870.534,latency_s,6.220640
1756866870.537,latency_s,6.552504
1756866870.540,latency_s,6.453372
1756866870.544,latency_s,6.130458
1756866870.547,latency_s,6.358903
1756866870.550,latency_s,6.259982
1756866870.553,latency_s,6.039412
1756866870.553,latency_s,6.162574
1756866870.553,latency_s,6.061764
1756866870.553,latency_s,6.608663
1756866870.554,latency_s,6.508257
1756866870.554,latency_s,6.406719
1756866870.554,latency_s,6.305927
1756866870.554,latency_s,6.205454
1756866870.554,latency_s,6.105176
1756866870.554,latency_s,6.004927
1756866870.554,latency_s,6.542073
1756866871.220,latency_s,7.108124
1756866871.220,latency_s,7.007544
1756866871.220,latency_s,6.906035
1756866871.220,latency_s,6.805185
1756866871.220,latency_s,6.704752
1756866871.220,latency_s,7.135507
1756866871.220,latency_s,7.035343
1756866871.220,latency_s,6.935122
1756866871.220,latency_s,5.813574
1756866871.220,latency_s,5.713447
1756866871.220,latency_s,6.201659
1756866871.244,latency_s,6.124237
1756866871.244,latency_s,6.023839
1756866871.244,latency_s,5.923644
1756866871.244,latency_s,5.822896
1756866871.879,latency_s,5.877815
1756866871.883,latency_s,5.780142
1756866871.885,latency_s,6.162905
1756866871.889,latency_s,6.065420
1756866871.892,latency_s,5.967929
1756866871.895,latency_s,5.870645
1756866871.899,latency_s,5.773051
1756866871.930,latency_s,5.704072
1756866871.931,latency_s,6.167111
1756866871.931,latency_s,6.066666
1756866871.931,latency_s,5.966576
1756866871.931,latency_s,5.865620
1756866871.931,latency_s,5.765118
1756866871.931,latency_s,6.231000
1756866871.931,latency_s,6.130888
1756866871.931,latency_s,6.030425
1756866871.931,latency_s,5.929717
1756866872.579,latency_s,5.972401
1756866872.582,latency_s,5.874331
1756866872.586,latency_s,5.777400
1756866872.586,latency_s,6.259269
1756866872.587,latency_s,6.158729
1756866872.587,latency_s,6.057492
1756866872.587,latency_s,5.956367
1756866872.587,latency_s,5.855199
1756866872.587,latency_s,5.753831
1756866872.587,latency_s,5.652689
1756866872.587,latency_s,6.321295
1756866872.587,latency_s,6.220408
1756866872.587,latency_s,6.119755
1756866872.587,latency_s,6.019372
1756866872.588,latency_s,5.918582
1756866873.163,latency_s,5.722655
1756866873.168,latency_s,6.197371
1756866873.171,latency_s,6.099161
1756866873.173,latency_s,6.000993
1756866873.178,latency_s,5.904743
1756866873.180,latency_s,5.805901
1756866873.183,latency_s,5.709008
1756866873.186,latency_s,6.175546
1756866873.190,latency_s,6.078824
1756866873.190,latency_s,5.978032
1756866873.190,latency_s,5.877783
1756866873.190,latency_s,5.776428
1756866873.190,latency_s,6.153396
1756866873.190,latency_s,6.051595
1756866873.190,latency_s,5.951279
1756866873.190,latency_s,5.850664
1756866873.192,latency_s,5.751445
1756866873.737,latency_s,5.820102
1756866873.738,latency_s,5.720742
1756866873.742,latency_s,5.624473
1756866873.745,latency_s,6.114962
1756866873.749,latency_s,6.016963
1756866873.751,latency_s,5.918736
1756866873.751,latency_s,5.818621
1756866873.751,latency_s,5.717902
1756866873.751,latency_s,6.136288
1756866873.751,latency_s,6.035889
1756866873.751,latency_s,5.935561
1756866873.751,latency_s,5.835361
1756866873.751,latency_s,5.734356
1756866873.751,latency_s,5.634240
1756866873.751,latency_s,6.071899
1756866874.289,latency_s,6.070953
1756866874.293,latency_s,5.974041
1756866874.295,latency_s,5.875897
1756866874.299,latency_s,5.777768
1756866874.301,latency_s,5.680028
1756866874.305,latency_s,5.583515
1756866874.310,latency_s,6.176485
1756866874.310,latency_s,6.076806
1756866874.314,latency_s,5.979428
1756866874.320,latency_s,5.885139
1756866874.321,latency_s,5.785577
1756866874.324,latency_s,5.687538
1756866874.327,latency_s,5.590053
1756866874.331,latency_s,6.112938
1756866874.331,latency_s,6.012940
1756866874.331,latency_s,5.912166
1756866874.331,latency_s,5.810278
1756866874.908,latency_s,5.682040
1756866874.911,latency_s,6.160009
1756866874.914,latency_s,6.063128
1756866874.917,latency_s,5.966484
1756866874.920,latency_s,5.868579
1756866874.923,latency_s,5.771127
1756866874.927,latency_s,5.674214
1756866874.929,latency_s,5.576468
1756866874.933,latency_s,6.152334
1756866874.933,latency_s,6.052025
1756866874.934,latency_s,5.951869
1756866874.934,latency_s,5.851708
1756866874.934,latency_s,5.751563
1756866874.934,latency_s,5.651111
1756866874.934,latency_s,5.550379
1756866875.494,latency_s,5.737482
1756866875.497,latency_s,5.969786
1756866875.500,latency_s,5.744278
1756866875.503,latency_s,5.645041
1756866875.506,latency_s,5.447581
1756866875.510,latency_s,5.752599
1756866875.513,latency_s,5.583512
1756866875.516,latency_s,5.887231
1756866875.521,latency_s,5.663980
1756866875.522,latency_s,5.491262
1756866875.525,latency_s,5.567322
1756866875.529,latency_s,5.799420
1756866875.533,latency_s,5.401817
1756866875.535,latency_s,5.676500
1756866875.539,latency_s,5.580820
1756866875.542,latency_s,5.711914
1756866875.545,latency_s,5.585750
1756866876.103,latency_s,6.175580
1756866876.105,latency_s,6.077193
1756866876.110,latency_s,5.980584
1756866876.112,latency_s,5.882190
1756866876.115,latency_s,5.784517
1756866876.118,latency_s,5.687164
1756866876.122,latency_s,5.589694
1756866876.126,latency_s,5.492689
1756866876.128,latency_s,5.393607
1756866876.131,latency_s,6.112380
1756866876.134,latency_s,6.015205
1756866876.137,latency_s,5.917767
1756866876.140,latency_s,5.820813
1756866876.144,latency_s,5.724112
1756866876.147,latency_s,5.626597
1756866876.706,latency_s,6.102147
1756866876.710,latency_s,6.004551
1756866876.713,latency_s,5.905750
1756866876.717,latency_s,5.808591
1756866876.719,latency_s,5.710858
1756866876.722,latency_s,5.987394
1756866876.725,latency_s,5.890296
1756866876.728,latency_s,5.791955
1756866876.732,latency_s,5.695077
1756866876.735,latency_s,6.376030
1756866876.739,latency_s,6.278857
1756866876.741,latency_s,6.180260
1756866876.745,latency_s,6.082265
1756866876.747,latency_s,5.982255
1756866876.752,latency_s,5.886543
1756866876.754,latency_s,5.788257
1756866876.757,latency_s,6.322415
1756866877.329,latency_s,5.787155
1756866877.962,latency_s,6.319550
1756866877.962,latency_s,6.853305
1756866877.962,latency_s,6.752427
1756866877.962,latency_s,6.652307
1756866877.962,latency_s,6.552176
1756866877.962,latency_s,6.449692
1756866877.962,latency_s,6.349453
1756866877.962,latency_s,6.248848
1756866877.962,latency_s,6.896067
1756866877.962,latency_s,6.795397
1756866877.962,latency_s,6.695294
1756866877.963,latency_s,6.594841
1756866877.963,latency_s,6.493906
1756866877.963,latency_s,6.393683
1756866877.963,latency_s,6.292195
1756866877.963,latency_s,6.191409
1756866877.963,latency_s,6.090335
1756866877.964,latency_s,5.990979
1756866877.964,latency_s,5.890629
1756866877.964,latency_s,5.790259
1756866877.964,latency_s,5.689863
1756866877.964,latency_s,6.192471
1756866877.964,latency_s,6.092256
1756866877.964,latency_s,5.991416
1756866877.964,latency_s,5.891198
1756866877.964,latency_s,5.790455
1756866877.964,latency_s,5.689584
1756866877.965,latency_s,6.222355
1756866877.965,latency_s,6.121790
1756866877.965,latency_s,6.021500
1756866877.965,latency_s,5.919948
1756866878.496,latency_s,6.018134
1756866878.521,latency_s,5.942683
1756866878.528,latency_s,5.849009
1756866878.532,latency_s,5.752086
1756866878.534,latency_s,5.653848
1756866878.538,latency_s,6.216463
1756866878.541,latency_s,6.118435
1756866878.544,latency_s,6.020480
1756866878.547,latency_s,5.922058
1756866878.550,latency_s,5.822715
1756866878.553,latency_s,5.725572
1756866878.557,latency_s,5.628018
1756866878.563,latency_s,6.223142
1756866878.566,latency_s,6.125469
1756866878.568,latency_s,6.028262
1756866878.572,latency_s,5.930878
1756866878.576,latency_s,5.835010
1756866878.583,latency_s,5.741493
1756866878.585,latency_s,5.643065
1756866878.588,latency_s,6.211595
1756866878.591,latency_s,6.114485
1756866878.594,latency_s,6.016868
1756866879.184,latency_s,6.506238
1756866879.184,latency_s,6.406165
1756866879.184,latency_s,6.305693
1756866879.184,latency_s,6.808645
1756866879.185,latency_s,6.708405
1756866879.195,latency_s,5.711714
1756866879.198,latency_s,6.217222
1756866879.199,latency_s,6.116996
1756866879.199,latency_s,6.016726
1756866879.199,latency_s,5.916447
1756866879.200,latency_s,5.816864
1756866879.209,latency_s,5.725878
1756866879.212,latency_s,6.182482
1756866879.215,latency_s,6.084633
1756866879.218,latency_s,5.986632
1756866879.222,latency_s,5.888391
1756866879.226,latency_s,5.791150
1756866879.228,latency_s,5.692644
1756866879.231,latency_s,6.188892
1756866879.235,latency_s,6.092758
1756866879.237,latency_s,5.994213
1756866879.241,latency_s,5.897500
1756866879.245,latency_s,5.800907
1756866879.247,latency_s,5.702682
1756866879.251,latency_s,6.271065
1756866879.254,latency_s,6.173636
1756866879.256,latency_s,6.076063
1756866879.261,latency_s,5.980032
1756866879.885,latency_s,6.199761
1756866879.888,latency_s,6.102564
1756866879.891,latency_s,6.004862
1756866879.894,latency_s,5.906927
1756866879.898,latency_s,6.214031
1756866879.900,latency_s,6.115758
1756866879.905,latency_s,6.019913
1756866879.907,latency_s,5.920944
1756866879.910,latency_s,5.823685
1756866879.911,latency_s,6.252560
1756866879.911,latency_s,6.152037
1756866879.911,latency_s,6.051149
1756866879.911,latency_s,5.949082
1756866879.911,latency_s,5.848236
1756866879.911,latency_s,6.287353
1756866880.586,latency_s,6.018367
1756866880.589,latency_s,5.920415
1756866880.592,latency_s,5.822877
1756866880.596,latency_s,6.368848
1756866880.598,latency_s,6.271205
1756866880.602,latency_s,6.174241
1756866880.606,latency_s,6.077514
1756866880.609,latency_s,5.979069
1756866880.612,latency_s,5.881411
1756866880.615,latency_s,6.427663
1756866880.618,latency_s,6.329473
1756866880.621,latency_s,6.232516
1756866880.625,latency_s,6.135590
1756866880.627,latency_s,6.037431
1756866880.631,latency_s,5.940182
1756866880.634,latency_s,6.470712
1756866880.636,latency_s,6.372195
1756866881.309,latency_s,6.337169
1756866881.311,latency_s,6.238066
1756866881.314,latency_s,6.139163
1756866881.318,latency_s,6.042704
1756866881.320,latency_s,5.943389
1756866881.323,latency_s,6.456895
1756866881.328,latency_s,6.361876
1756866881.330,latency_s,6.262562
1756866881.333,latency_s,6.163145
1756866881.336,latency_s,6.065296
1756866881.339,latency_s,5.967618
1756866881.342,latency_s,6.171659
1756866881.353,latency_s,6.081729
1756866881.353,latency_s,5.981369
1756866881.353,latency_s,5.881181
1756866881.981,latency_s,5.714246
1756866881.984,latency_s,5.616057
1756866881.988,latency_s,6.189887
1756866881.991,latency_s,6.092699
1756866881.995,latency_s,5.996790
1756866881.996,latency_s,5.897272
1756866882.002,latency_s,5.801818
1756866882.003,latency_s,5.702842
1756866882.006,latency_s,6.206906
1756866882.649,latency_s,6.748501
1756866882.650,latency_s,6.648196
1756866882.650,latency_s,6.547085
1756866882.650,latency_s,6.446105
1756866882.650,latency_s,6.345617
1756866882.650,latency_s,6.244653
1756866882.650,latency_s,6.851184
1756866882.650,latency_s,6.750239
1756866882.650,latency_s,5.942563
1756866882.651,latency_s,5.842253
1756866882.651,latency_s,5.742103
1756866882.651,latency_s,6.165207
1756866882.651,latency_s,6.064604
1756866882.651,latency_s,6.144468
1756866882.651,latency_s,5.963270
1756866882.651,latency_s,6.043621
1756866882.651,latency_s,5.943088
1756866882.651,latency_s,5.861869
1756866882.652,latency_s,5.760484
1756866882.652,latency_s,5.842836
1756866882.652,latency_s,5.742426
1756866882.653,latency_s,5.660612
1756866882.653,latency_s,6.176651
1756866883.242,latency_s,6.131676
1756866883.245,latency_s,6.034096
1756866883.249,latency_s,5.937851
1756866883.252,latency_s,5.840005
1756866883.255,latency_s,5.742085
1756866883.258,latency_s,6.172044
1756866883.258,latency_s,6.070678
1756866883.258,latency_s,5.969781
1756866883.258,latency_s,5.868827
1756866883.821,latency_s,5.623158
1756866883.823,latency_s,6.109040
1756866883.827,latency_s,6.012051
1756866883.829,latency_s,5.913062
1756866883.832,latency_s,5.816096
1756866884.377,latency_s,6.260921
1756866884.377,latency_s,6.665835
1756866884.378,latency_s,6.160716
1756866884.378,latency_s,6.565522
1756866884.378,latency_s,6.464723
1756866884.378,latency_s,6.363777
1756866884.378,latency_s,6.263279
1756866884.378,latency_s,6.162956
1756866884.378,latency_s,6.699888
1756866884.378,latency_s,6.599702
1756866884.378,latency_s,6.498607
1756866884.378,latency_s,6.397968
1756866884.378,latency_s,6.297550
1756866884.378,latency_s,6.197155
1756866884.378,latency_s,6.096183
1756866884.378,latency_s,6.701286
1756866884.378,latency_s,6.600018
1756866884.378,latency_s,6.498329
1756866884.378,latency_s,5.553604
1756866884.378,latency_s,6.078918
1756866884.378,latency_s,5.975796
1756866884.378,latency_s,5.874388
1756866884.378,latency_s,5.773340
1756866884.378,latency_s,5.672812
1756866884.378,latency_s,5.570713
1756866884.378,latency_s,6.061340
1756866884.378,latency_s,5.961053
1756866884.978,latency_s,5.840384
1756866884.983,latency_s,5.744194
1756866884.984,latency_s,5.644676
1756866884.988,latency_s,5.546296
1756866884.991,latency_s,6.065784
1756866884.995,latency_s,5.968311
1756866884.997,latency_s,5.869574
1756866885.000,latency_s,5.772593
1756866885.005,latency_s,5.676209
1756866885.007,latency_s,5.578578
1756866885.009,latency_s,6.092667
1756866885.014,latency_s,6.088564
1756866885.016,latency_s,5.998863
1756866885.019,latency_s,5.993428
1756866885.023,latency_s,5.904887
1756866885.025,latency_s,5.899014
1756866885.556,latency_s,6.337361
1756866885.556,latency_s,6.236487
1756866885.556,latency_s,6.328720
1756866885.556,latency_s,6.135918
1756866885.556,latency_s,6.035320
1756866885.556,latency_s,6.228071
1756866885.556,latency_s,6.127348
1756866885.556,latency_s,6.647594
1756866885.556,latency_s,6.545910
1756866885.557,latency_s,6.444741
1756866885.557,latency_s,6.343912
1756866885.557,latency_s,6.243564
1756866885.557,latency_s,6.142931
1756866885.557,latency_s,6.042069
1756866885.557,latency_s,6.634873
1756866885.589,latency_s,5.994459
1756866885.592,latency_s,5.896852
1756866885.595,latency_s,5.798842
1756866885.599,latency_s,5.701370
1756866885.601,latency_s,5.602593
1756866885.605,latency_s,6.113501
1756866886.142,latency_s,6.037432
1756866886.145,latency_s,5.940004
1756866886.148,latency_s,5.842375
1756866886.152,latency_s,5.746610
1756866886.154,latency_s,5.648226
1756866886.158,latency_s,5.551370
1756866886.161,latency_s,5.453277
1756866886.164,latency_s,6.064238
1756866886.168,latency_s,5.968055
1756866886.172,latency_s,5.871522
1756866886.174,latency_s,5.772335
1756866886.176,latency_s,5.674453
1756866886.180,latency_s,5.577040
1756866886.180,latency_s,5.475687
1756866886.180,latency_s,5.982417
1756866886.180,latency_s,5.879961
1756866886.180,latency_s,5.778453
1756866886.180,latency_s,5.678013
1756866886.180,latency_s,5.577473
1756866886.180,latency_s,5.475528
1756866886.180,latency_s,5.374523
1756866886.180,latency_s,5.954128
1756866886.180,latency_s,5.853140
1756866886.742,latency_s,6.054625
1756866886.746,latency_s,5.958034
1756866886.748,latency_s,5.859015
1756866886.752,latency_s,5.760267
1756866886.754,latency_s,6.318069
1756866886.757,latency_s,6.219251
1756866886.760,latency_s,6.122144
1756866886.760,latency_s,6.021554
1756866886.760,latency_s,5.921303
1756866887.499,latency_s,6.559302
1756866887.499,latency_s,6.459292
1756866887.499,latency_s,7.064110
1756866887.499,latency_s,6.962052
1756866887.499,latency_s,6.860811
1756866887.499,latency_s,6.760640
1756866887.499,latency_s,6.660435
1756866887.499,latency_s,6.559881
1756866887.499,latency_s,6.459773
1756866887.499,latency_s,6.994344
1756866887.500,latency_s,6.894159
1756866887.500,latency_s,6.794039
1756866887.500,latency_s,6.693731
1756866887.500,latency_s,6.593609
1756866887.500,latency_s,6.493460
1756866887.500,latency_s,6.393128
1756866887.500,latency_s,6.691608
1756866887.500,latency_s,6.591340
1756866887.500,latency_s,6.490740
1756866887.500,latency_s,6.389775
1756866887.500,latency_s,6.058153
1756866887.500,latency_s,5.957422
1756866887.500,latency_s,5.857271
1756866887.500,latency_s,5.756608
1756866887.500,latency_s,6.356371
1756866887.500,latency_s,6.255168
1756866887.500,latency_s,6.152718
1756866887.501,latency_s,6.051251
1756866887.501,latency_s,5.950182
1756866887.501,latency_s,5.849431
1756866887.501,latency_s,5.748998
1756866887.501,latency_s,6.361294
1756866888.182,latency_s,6.268725
1756866888.185,latency_s,6.171346
1756866888.188,latency_s,6.073345
1756866888.192,latency_s,5.976610
1756866888.195,latency_s,5.877330
1756866888.197,latency_s,6.384128
1756866888.201,latency_s,6.287117
1756866888.205,latency_s,6.190608
1756866888.207,latency_s,6.091957
1756866888.211,latency_s,5.994997
1756866888.214,latency_s,5.896040
1756866888.216,latency_s,6.371617
1756866888.220,latency_s,6.274829
1756866888.751,latency_s,6.704255
1756866888.751,latency_s,6.603674
1756866888.751,latency_s,6.503204
1756866888.751,latency_s,6.402575
1756866888.751,latency_s,6.898821
1756866888.751,latency_s,6.798071
1756866888.751,latency_s,6.697460
1756866888.751,latency_s,6.595271
1756866888.751,latency_s,6.494709
1756866888.752,latency_s,6.394359
1756866888.752,latency_s,6.904201
1756866888.752,latency_s,6.802103
1756866888.752,latency_s,6.701529
1756866888.780,latency_s,6.224977
1756866888.783,latency_s,6.127708
1756866888.783,latency_s,6.026662
1756866888.783,latency_s,5.925939
1756866888.783,latency_s,5.825118
1756866888.783,latency_s,5.724258
1756866888.783,latency_s,6.279447
1756866889.423,latency_s,5.909784
1756866889.425,latency_s,5.811395
1756866889.430,latency_s,6.269378
1756866889.432,latency_s,6.171465
1756866889.436,latency_s,6.074325
1756866889.439,latency_s,5.975843
1756866889.441,latency_s,5.878076
1756866889.445,latency_s,6.284617
1756866889.447,latency_s,6.186874
1756866889.451,latency_s,6.090079
1756866889.456,latency_s,5.993727
1756866889.458,latency_s,5.894733
1756866889.935,latency_s,6.105917
1756866889.939,latency_s,6.008997
1756866889.942,latency_s,5.893004
1756866889.946,latency_s,5.792805
1756866889.948,latency_s,5.897228
1756866889.951,latency_s,5.799552
1756866889.954,latency_s,5.702463
1756866889.954,latency_s,5.602307
1756866889.954,latency_s,5.502107
1756866889.954,latency_s,5.903297
1756866889.954,latency_s,5.802593
1756866889.954,latency_s,5.702504
1756866889.954,latency_s,5.602383
1756866889.954,latency_s,5.502120
1756866889.954,latency_s,5.903667
1756866889.954,latency_s,5.803458
1756866889.954,latency_s,5.703319
1756866889.954,latency_s,5.602713
1756866889.954,latency_s,5.501900
1756866889.954,latency_s,5.895241
1756866890.549,latency_s,5.995734
1756866890.552,latency_s,5.897845
1756866890.555,latency_s,5.800521
1756866890.558,latency_s,5.703375
1756866890.562,latency_s,5.606168
1756866890.564,latency_s,5.506106
1756866890.568,latency_s,6.015330
1756866890.572,latency_s,5.918576
1756866890.575,latency_s,5.820290
1756866890.578,latency_s,5.722938
1756866890.581,latency_s,5.624314
1756866890.584,latency_s,5.525528
1756866891.128,latency_s,6.069412
1756866891.132,latency_s,5.970778
1756866891.136,latency_s,5.874162
1756866891.138,latency_s,5.775546
1756866891.142,latency_s,5.983153
1756866891.145,latency_s,5.886045
1756866891.148,latency_s,5.787618
1756866891.151,latency_s,5.690886
1756866891.151,latency_s,5.590652
1756866891.151,latency_s,5.489998
1756866891.151,latency_s,5.992205
1756866891.152,latency_s,5.891264
1756866891.152,latency_s,5.790970
1756866891.152,latency_s,5.690402
1756866891.152,latency_s,5.589848
1756866891.152,latency_s,5.488032
1756866891.152,latency_s,5.892972
1756866891.152,latency_s,5.792785
1756866891.152,latency_s,5.692452
1756866891.152,latency_s,5.591720
1756866891.775,latency_s,6.097559
1756866891.778,latency_s,5.999603
1756866891.782,latency_s,5.902051
1756866891.785,latency_s,5.804731
1756866891.788,latency_s,6.325724
1756866891.790,latency_s,6.227580
1756866891.793,latency_s,6.129658
1756866891.797,latency_s,6.033001
1756866891.801,latency_s,5.935969
1756866891.804,latency_s,5.837610
1756866891.806,latency_s,6.044276
1756866891.809,latency_s,5.946093
1756866892.323,latency_s,6.140609
1756866892.326,latency_s,6.042623
1756866892.329,latency_s,5.945395
1756866892.332,latency_s,5.848177
1756866892.335,latency_s,5.750522
1756866892.338,latency_s,6.271144
1756866892.342,latency_s,6.174429
1756866892.344,latency_s,6.075640
1756866892.348,latency_s,5.978451
1756866892.351,latency_s,5.880901
1756866892.351,latency_s,5.780077
1756866892.351,latency_s,5.985408
1756866892.351,latency_s,5.884392
1756866892.351,latency_s,5.783905
1756866892.351,latency_s,5.683536
1756866892.352,latency_s,5.583021
1756866892.352,latency_s,5.482043
1756866892.352,latency_s,5.982321
1756866892.352,latency_s,5.882100
1756866892.352,latency_s,5.781394
1756866892.898,latency_s,5.911101
1756866892.901,latency_s,5.813852
1756866892.904,latency_s,5.716069
1756866892.907,latency_s,6.220903
1756866892.911,latency_s,6.125064
1756866892.913,latency_s,6.026725
1756866892.917,latency_s,5.930580
1756866892.919,latency_s,5.832227
1756866892.923,latency_s,5.734764
1756866892.926,latency_s,6.252774
1756866892.929,latency_s,6.155563
1756866892.932,latency_s,6.057153
1756866893.562,latency_s,5.871825
1756866893.564,latency_s,5.772710
1756866893.569,latency_s,5.676313
1756866893.572,latency_s,6.283533
1756866893.574,latency_s,6.183342
1756866893.577,latency_s,6.085286
1756866893.582,latency_s,5.989410
1756866893.583,latency_s,5.890283
1756866894.174,latency_s,6.380851
1756866894.175,latency_s,6.280204
1756866894.175,latency_s,6.888561
1756866894.175,latency_s,6.787825
1756866894.761,latency_s,7.273087
1756866894.761,latency_s,7.173197
1756866894.761,latency_s,7.072771
1756866894.762,latency_s,6.972425
1756866894.762,latency_s,6.871602
1756866894.762,latency_s,7.510742
1756866894.762,latency_s,7.409989
1756866894.762,latency_s,7.309594
1756866894.762,latency_s,6.774285
1756866894.762,latency_s,6.673808
1756866894.762,latency_s,6.573349
1756866894.762,latency_s,6.473131
1756866894.762,latency_s,6.372586
1756866894.762,latency_s,6.272434
1756866894.762,latency_s,6.770928
1756866894.762,latency_s,6.669317
1756866894.762,latency_s,6.567280
1756866894.762,latency_s,6.466249
1756866894.762,latency_s,6.364634
1756866894.762,latency_s,6.263424
1756866894.780,latency_s,6.099117
1756866894.780,latency_s,5.997694
1756866894.780,latency_s,5.897017
1756866894.780,latency_s,5.796228
1756866894.780,latency_s,5.695675
1756866894.781,latency_s,6.200041
1756866894.781,latency_s,6.099642
1756866894.781,latency_s,5.999357
1756866895.383,latency_s,5.874214
1756866895.385,latency_s,5.775613
1756866895.389,latency_s,6.196942
1756866895.392,latency_s,6.099064
1756866895.395,latency_s,6.001180
1756866895.398,latency_s,5.903687
1756866895.402,latency_s,5.806317
1756866895.406,latency_s,5.710117
1756866895.408,latency_s,6.200010
1756866895.411,latency_s,6.103191
1756866895.416,latency_s,6.006953
1756866895.417,latency_s,5.907984
1756866895.422,latency_s,5.811545
1756866895.424,latency_s,5.712812
1756866895.428,latency_s,6.242122
1756866895.430,latency_s,6.143275
1756866895.433,latency_s,6.045759
1756866895.436,latency_s,5.948119
1756866895.439,latency_s,5.850262
1756866895.443,latency_s,5.753569
1756866895.446,latency_s,6.262612
1756866896.115,latency_s,6.829843
1756866896.115,latency_s,6.728490
1756866896.115,latency_s,6.627749
1756866896.122,latency_s,6.230233
1756866896.122,latency_s,6.129971
1756866896.122,latency_s,6.029462
1756866896.122,latency_s,5.928845
1756866896.122,latency_s,5.828704
1756866896.123,latency_s,6.332270
1756866896.123,latency_s,6.232147
1756866896.123,latency_s,6.132116
1756866896.718,latency_s,6.626141
1756866896.718,latency_s,6.525577
1756866896.718,latency_s,6.424763
1756866896.718,latency_s,6.913088
1756866896.719,latency_s,6.812310
1756866896.719,latency_s,6.712215
1756866896.719,latency_s,6.611937
1756866896.719,latency_s,6.511777
1756866896.719,latency_s,6.410992
1756866896.719,latency_s,6.906120
1756866896.719,latency_s,6.805729
1756866896.719,latency_s,6.705195
1756866896.719,latency_s,6.605040
1756866896.719,latency_s,6.504328
1756866896.719,latency_s,6.404139
1756866896.719,latency_s,6.303199
1756866896.719,latency_s,6.919290
1756866896.719,latency_s,6.007750
1756866896.719,latency_s,5.906597
1756866896.719,latency_s,6.202732
1756866896.719,latency_s,6.102208
1756866896.719,latency_s,6.001014
1756866896.719,latency_s,5.899922
1756866896.719,latency_s,5.799186
1756866896.719,latency_s,6.215353
1756866896.719,latency_s,6.114696
1756866896.719,latency_s,6.014180
1756866896.720,latency_s,5.913897
1756866896.720,latency_s,5.813806
1756866896.720,latency_s,6.233163
1756866896.720,latency_s,6.130886
1756866896.720,latency_s,6.028938
1756866897.342,latency_s,6.120362
1756866897.346,latency_s,6.024385
1756866897.349,latency_s,5.926023
1756866897.353,latency_s,5.829186
1756866897.355,latency_s,6.341113
1756866897.360,latency_s,6.244612
1756866897.362,latency_s,6.145523
1756866897.365,latency_s,6.047425
1756866898.007,latency_s,6.589442
1756866898.008,latency_s,6.488090
1756866898.008,latency_s,6.702912
1756866898.008,latency_s,6.602342
1756866898.008,latency_s,6.501453
1756866898.008,latency_s,6.399994
1756866898.008,latency_s,6.299603
1756866898.008,latency_s,6.199490
1756866898.008,latency_s,6.708853
1756866898.008,latency_s,6.608750
1756866898.008,latency_s,6.508641
1756866898.008,latency_s,6.408290
1756866898.008,latency_s,6.308168
1756866898.009,latency_s,6.207924
1756866898.009,latency_s,6.611013
1756866898.009,latency_s,6.510764
1756866898.009,latency_s,6.409812
1756866898.009,latency_s,6.308836
1756866898.009,latency_s,5.877181
1756866898.009,latency_s,6.384976
1756866898.009,latency_s,6.284243
1756866898.009,latency_s,6.183272
1756866898.009,latency_s,6.082275
1756866898.009,latency_s,5.981852
1756866898.009,latency_s,5.881447
1756866898.593,latency_s,5.963914
1756866898.596,latency_s,5.866658
1756866898.600,latency_s,6.084669
1756866898.603,latency_s,5.987114
1756866898.607,latency_s,5.890118
1756866898.609,latency_s,5.791206
1756866898.612,latency_s,5.694147
1756866899.141,latency_s,5.719961
1756866899.143,latency_s,5.621131
1756866899.146,latency_s,5.524151
1756866899.149,latency_s,6.043473
1756866899.153,latency_s,5.944596
1756866899.160,latency_s,5.851244
1756866899.161,latency_s,5.751178
1756866899.162,latency_s,5.650985
1756866899.162,latency_s,5.550323
1756866899.162,latency_s,6.044419
1756866899.162,latency_s,5.943385
1756866899.162,latency_s,5.842726
1756866899.162,latency_s,5.741537
1756866899.162,latency_s,5.640992
1756866899.162,latency_s,5.539819
1756866899.162,latency_s,6.024412
1756866899.162,latency_s,5.923146
1756866899.162,latency_s,5.820343
1756866899.162,latency_s,5.719987
1756866899.162,latency_s,5.618948
1756866899.162,latency_s,5.518662
1756866899.162,latency_s,5.418218
1756866899.163,latency_s,5.983966
1756866899.163,latency_s,5.882531
1756866899.163,latency_s,5.781177
1756866899.827,latency_s,6.291002
1756866899.830,latency_s,6.193528
1756866899.833,latency_s,6.095573
1756866899.835,latency_s,5.997227
1756866899.839,latency_s,5.899922
1756866899.842,latency_s,5.801901
1756866899.845,latency_s,6.411422
1756866899.849,latency_s,6.314470
1756866899.852,latency_s,6.216481
1756866899.854,latency_s,6.118665
1756866899.858,latency_s,6.022159
1756866899.861,latency_s,5.925169
1756866899.865,latency_s,5.827869
1756866899.868,latency_s,6.144473
1756866900.689,latency_s,6.864903
1756866900.689,latency_s,6.764187
1756866900.689,latency_s,6.663404
1756866900.690,latency_s,6.563028
1756866900.690,latency_s,6.462060
1756866900.690,latency_s,6.977683
1756866900.690,latency_s,6.875185
1756866900.690,latency_s,6.773751
1756866900.690,latency_s,6.672284
1756866900.690,latency_s,6.571605
1756866900.690,latency_s,6.471077
1756866900.690,latency_s,6.967522
1756866900.691,latency_s,6.866636
1756866900.691,latency_s,6.765476
1756866900.691,latency_s,6.664841
1756866900.691,latency_s,6.564596
1756866900.691,latency_s,6.463789
1756866900.726,latency_s,6.201276
1756866900.729,latency_s,6.101355
1756866900.732,latency_s,6.003760
1756866900.737,latency_s,5.907197
1756866901.529,latency_s,7.201300
1756866901.529,latency_s,7.100109
1756866901.529,latency_s,6.999182
1756866901.529,latency_s,6.898369
1756866901.529,latency_s,6.449434
1756866901.529,latency_s,6.349036
1756866901.529,latency_s,6.248576
1756866901.529,latency_s,6.147709
1756866901.529,latency_s,6.046837
1756866901.529,latency_s,5.946530
1756866901.529,latency_s,6.473576
1756866901.529,latency_s,6.373175
1756866901.530,latency_s,6.271957
1756866901.530,latency_s,6.170876
1756866901.530,latency_s,6.069722
1756866901.530,latency_s,5.968007
1756866901.530,latency_s,5.867433
1756866901.530,latency_s,6.381423
1756866901.530,latency_s,6.280823
1756866901.530,latency_s,6.179651
1756866901.530,latency_s,6.078776
1756866901.530,latency_s,5.977554
1756866901.530,latency_s,5.876712
1756866901.530,latency_s,6.370369
1756866901.530,latency_s,6.270106
1756866901.530,latency_s,6.168176
1756866901.530,latency_s,6.067390
1756866901.530,latency_s,5.965755
1756866902.105,latency_s,6.241085
1756866902.108,latency_s,6.142304
1756866902.108,latency_s,6.039874
1756866902.108,latency_s,5.938666
1756866902.115,latency_s,5.843114
1756866902.119,latency_s,5.745827
1756866902.121,latency_s,6.366259
1756866902.125,latency_s,6.269486
1756866902.129,latency_s,6.172247
1756866902.131,latency_s,6.073600
1756866902.134,latency_s,5.974850
1756866903.423,latency_s,7.160496
1756866903.423,latency_s,7.058945
1756866903.423,latency_s,7.657078
1756866903.423,latency_s,7.556274
1756866903.423,latency_s,7.454985
1756866903.423,latency_s,7.354132
1756866903.423,latency_s,7.252904
1756866903.423,latency_s,7.151709
1756866903.423,latency_s,7.050696
1756866903.423,latency_s,6.949389
1756866903.423,latency_s,7.584166
1756866903.423,latency_s,7.483868
1756866903.423,latency_s,7.383530
1756866903.423,latency_s,7.282914
1756866903.423,latency_s,7.182475
1756866903.423,latency_s,7.081695
1756866903.423,latency_s,6.981442
1756866903.423,latency_s,7.584937
1756866903.423,latency_s,7.483543
1756866903.423,latency_s,6.849179
1756866903.423,latency_s,6.747827
1756866903.423,latency_s,6.645846
1756866903.423,latency_s,6.543824
1756866903.424,latency_s,6.442144
1756866903.424,latency_s,6.881475
1756866903.425,latency_s,5.845665
1756866903.428,latency_s,6.345253
1756866903.431,latency_s,6.247609
1756866903.432,latency_s,6.146934
1756866903.432,latency_s,6.045910
1756866903.432,latency_s,5.945706
1756866903.432,latency_s,5.844207
1756866904.049,latency_s,6.173456
1756866904.051,latency_s,6.075396
1756866904.054,latency_s,5.977837
1756866904.058,latency_s,5.881151
1756866904.061,latency_s,5.782985
1756866904.064,latency_s,6.172889
1756866904.068,latency_s,6.076158
1756866904.068,latency_s,5.975639
1756866904.068,latency_s,5.874378
1756866904.068,latency_s,5.772629
1756866904.068,latency_s,6.185516
1756866904.068,latency_s,6.084315
1756866904.069,latency_s,5.983456
1756866904.069,latency_s,5.882849
1756866904.069,latency_s,5.779841
1756866904.069,latency_s,5.677117
1756866904.069,latency_s,6.211330
1756866904.069,latency_s,6.110260
1756866904.069,latency_s,6.009860
1756866904.069,latency_s,5.909394
1756866904.069,latency_s,5.809041
1756866904.069,latency_s,5.708866
1756866904.069,latency_s,6.185926
1756866904.069,latency_s,6.085396
1756866904.069,latency_s,5.984601
1756866904.688,latency_s,6.309052
1756866904.691,latency_s,6.211043
1756866904.694,latency_s,6.113727
1756866904.694,latency_s,6.013344
1756866904.694,latency_s,5.912033
1756866904.694,latency_s,5.810997
1756866904.694,latency_s,6.297549
1756866904.706,latency_s,6.208468
1756866904.709,latency_s,6.110623
1756866904.712,latency_s,6.012202
1756866904.716,latency_s,5.914981
1756866904.718,latency_s,5.815022
1756866904.722,latency_s,6.229319
1756866905.306,latency_s,6.712583
1756866905.306,latency_s,6.612289
1756866905.306,latency_s,6.510313
1756866905.306,latency_s,6.409891
1756866905.307,latency_s,6.845740
1756866905.307,latency_s,6.744925
1756866905.307,latency_s,6.644098
1756866905.307,latency_s,6.543018
1756866905.307,latency_s,6.442645
1756866905.307,latency_s,6.342059
1756866905.307,latency_s,6.814195
1756866905.307,latency_s,6.712561
1756866905.307,latency_s,6.611962
1756866905.307,latency_s,6.510655
1756866905.307,latency_s,6.409721
1756866905.307,latency_s,6.831945
1756866905.307,latency_s,6.731451
1756866905.344,latency_s,6.144869
1756866905.348,latency_s,6.047922
1756866905.352,latency_s,5.950701
1756866905.353,latency_s,5.851066
1756866905.353,latency_s,5.750810
1756866905.353,latency_s,6.287428
1756866905.353,latency_s,6.186876
1756866905.353,latency_s,6.086018
1756866905.353,latency_s,5.985476
1756866906.753,latency_s,7.192861
1756866906.753,latency_s,7.092259
1756866906.754,latency_s,6.991982
1756866906.754,latency_s,6.891392
1756866906.754,latency_s,6.791253
1756866906.754,latency_s,6.690941
1756866906.754,latency_s,6.590196
1756866906.754,latency_s,6.489703
1756866906.754,latency_s,6.389241
1756866906.754,latency_s,7.177466
1756866906.754,latency_s,7.077015
1756866906.754,latency_s,6.976296
1756866906.754,latency_s,6.875640
1756866906.754,latency_s,6.774953
1756866906.754,latency_s,6.674202
1756866906.754,latency_s,6.573269
1756866906.754,latency_s,6.472611
1756866906.754,latency_s,6.372190
1756866906.754,latency_s,7.164330
1756866906.754,latency_s,7.063663
1756866906.754,latency_s,6.963529
1756866906.754,latency_s,6.861856
1756866906.755,latency_s,6.761566
1756866906.755,latency_s,6.171293
1756866906.755,latency_s,6.070797
1756866906.755,latency_s,5.969631
1756866906.755,latency_s,5.867815
1756866906.755,latency_s,5.766855
1756866906.755,latency_s,6.326201
1756866906.755,latency_s,6.225969
1756866906.755,latency_s,6.125799
1756866906.755,latency_s,6.025260
1756866907.345,latency_s,5.953347
1756866907.347,latency_s,5.855555
1756866907.351,latency_s,5.758959
1756866907.355,latency_s,5.662082
1756866907.357,latency_s,6.224948
1756866907.360,latency_s,6.127964
1756866907.363,latency_s,6.030418
1756866907.939,latency_s,6.504740
1756866907.939,latency_s,6.403862
1756866907.939,latency_s,6.303350
1756866907.939,latency_s,6.203185
1756866907.939,latency_s,6.821002
1756866907.939,latency_s,6.720533
1756866907.939,latency_s,6.619634
1756866907.939,latency_s,6.518680
1756866907.939,latency_s,6.418021
1756866907.939,latency_s,6.317612
1756866907.940,latency_s,6.216176
1756866907.940,latency_s,6.823120
1756866907.940,latency_s,6.721406
1756866907.940,latency_s,6.620531
1756866907.940,latency_s,6.519171
1756866907.940,latency_s,6.418679
1756866907.940,latency_s,6.318011
1756866907.940,latency_s,6.216765
1756866907.940,latency_s,6.727781
1756866907.980,latency_s,6.086436
1756866907.983,latency_s,5.988479
1756866907.984,latency_s,5.887849
1756866907.984,latency_s,5.787008
1756866907.984,latency_s,5.684529
1756866907.984,latency_s,6.146616
1756866907.984,latency_s,6.046211
1756866908.512,latency_s,5.832591
1756866908.513,latency_s,5.733665
1756866908.517,latency_s,5.637298
1756866908.520,latency_s,5.539298
1756866908.523,latency_s,6.048077
1756866908.527,latency_s,5.952114
1756866909.032,latency_s,5.636416
1756866909.036,latency_s,5.538749
1756866909.039,latency_s,5.935609
1756866909.042,latency_s,5.838029
1756866909.046,latency_s,5.741588
1756866909.046,latency_s,5.641682
1756866909.046,latency_s,5.541435
1756866909.046,latency_s,5.965219
1756866909.046,latency_s,5.863420
1756866909.046,latency_s,5.763218
1756866909.046,latency_s,5.662787
1756866909.047,latency_s,5.562671
1756866909.047,latency_s,5.462371
1756866909.047,latency_s,5.965625
1756866909.047,latency_s,5.864159
1756866909.047,latency_s,5.763998
1756866909.047,latency_s,5.663521
1756866909.047,latency_s,5.562445
1756866909.047,latency_s,5.462094
1756866909.047,latency_s,5.943756
1756866909.047,latency_s,5.843588
1756866909.048,latency_s,5.743281
1756866909.048,latency_s,5.642669
1756866909.048,latency_s,5.542181
1756866909.048,latency_s,5.442077
1756866909.049,latency_s,5.902213
1756866909.630,latency_s,5.823746
1756866909.636,latency_s,5.728672
1756866909.637,latency_s,5.629467
1756866909.640,latency_s,5.532354
1756866909.644,latency_s,6.034687
1756866909.730,latency_s,6.019809
1756866909.732,latency_s,5.921420
1756866909.735,latency_s,5.824722
1756866909.738,latency_s,5.725395
1756866909.740,latency_s,5.627666
1756866910.187,latency_s,5.973440
1756866910.187,latency_s,6.589092
1756866910.187,latency_s,6.488729
1756866910.187,latency_s,6.387805
1756866910.187,latency_s,6.287025
1756866910.187,latency_s,6.186775
1756866910.187,latency_s,6.085949
1756866910.187,latency_s,5.985383
1756866910.188,latency_s,6.581854
1756866910.188,latency_s,6.480977
1756866910.188,latency_s,6.380002
1756866910.188,latency_s,6.279402
1756866910.188,latency_s,6.179087
1756866910.188,latency_s,6.079007
1756866910.188,latency_s,5.978594
1756866910.188,latency_s,6.502868
1756866910.188,latency_s,6.402138
1756866910.188,latency_s,6.301780
1756866910.188,latency_s,6.201040
1756866910.188,latency_s,6.099901
1756866910.285,latency_s,6.365026
1756866910.288,latency_s,6.267776
1756866910.292,latency_s,6.170455
1756866910.294,latency_s,6.072406
1756866910.298,latency_s,5.975218
1756866910.300,latency_s,5.877616
1756866910.301,latency_s,5.777618
1756866910.301,latency_s,6.370226
1756866910.995,latency_s,6.140854
1756866910.997,latency_s,6.041090
1756866911.000,latency_s,5.943483
1756866911.749,latency_s,7.125575
1756866911.749,latency_s,7.025353
1756866911.749,latency_s,6.924959
1756866911.749,latency_s,6.824826
1756866911.750,latency_s,6.724557
1756866911.750,latency_s,6.624166
1756866911.750,latency_s,7.111133
1756866911.750,latency_s,7.010345
1756866911.750,latency_s,6.908893
1756866911.750,latency_s,6.808109
1756866911.750,latency_s,6.707612
1756866911.750,latency_s,6.607057
1756866911.750,latency_s,6.936503
1756866911.750,latency_s,6.835823
1756866911.750,latency_s,6.734418
1756866911.750,latency_s,6.634271
1756866911.750,latency_s,6.533874
1756866911.750,latency_s,6.433490
1756866911.750,latency_s,6.930102
1756866911.750,latency_s,6.829973
1756866911.750,latency_s,6.729769
1756866911.750,latency_s,6.121317
1756866911.750,latency_s,6.021192
1756866911.750,latency_s,6.505596
1756866911.750,latency_s,6.405075
1756866911.750,latency_s,6.302299
1756866911.750,latency_s,6.200844
1756866911.751,latency_s,6.100127
1756866911.751,latency_s,5.998827
1756866912.269,latency_s,6.137635
1756866912.273,latency_s,6.040907
1756866912.275,latency_s,5.942679
1756866912.279,latency_s,5.846349
1756866912.281,latency_s,6.428605
1756866912.286,latency_s,6.331825
1756866912.288,latency_s,6.234266
1756866912.291,latency_s,6.136737
1756866912.764,latency_s,6.508347
1756866912.764,latency_s,6.407729
1756866912.765,latency_s,6.306272
1756866912.765,latency_s,6.640414
1756866912.765,latency_s,6.540292
1756866912.765,latency_s,6.439225
1756866912.765,latency_s,6.338941
1756866912.765,latency_s,6.238685
1756866912.765,latency_s,6.135896
1756866912.765,latency_s,6.035229
1756866912.766,latency_s,6.533111
1756866912.766,latency_s,6.432219
1756866912.766,latency_s,6.331542
1756866912.766,latency_s,6.231163
1756866912.766,latency_s,6.130582
1756866912.766,latency_s,6.030015
1756866912.766,latency_s,6.540320
1756866912.766,latency_s,6.440217
1756866912.766,latency_s,6.339703
1756866912.767,latency_s,6.238184
1756866912.767,latency_s,6.137173
1756866912.810,latency_s,6.038855
1756866912.813,latency_s,5.940149
1756866912.816,latency_s,5.842677
1756866912.819,latency_s,5.744689
1756866912.819,latency_s,5.644044
1756866912.819,latency_s,6.285358
1756866913.457,latency_s,6.181193
1756866913.458,latency_s,6.082415
1756866913.463,latency_s,5.986259
1756866913.464,latency_s,5.885940
1756866913.467,latency_s,5.787652
1756866913.471,latency_s,6.237368
1756866913.475,latency_s,6.140873
1756866913.478,latency_s,6.043896
1756866913.478,latency_s,5.942612
1756866913.478,latency_s,5.842224
1756866913.478,latency_s,6.202746
1756866913.478,latency_s,6.102141
1756866913.478,latency_s,6.001632
1756866913.478,latency_s,5.901433
1756866913.478,latency_s,5.800526
1756866913.478,latency_s,6.240113
1756866913.478,latency_s,6.138793
1756866913.478,latency_s,6.038549
1756866913.478,latency_s,5.938394
1756866913.478,latency_s,5.838181
1756866913.478,latency_s,5.737834
1756866913.479,latency_s,6.212904
1756866913.479,latency_s,6.111364
1756866913.479,latency_s,6.011070
1756866913.479,latency_s,5.910730
1756866913.479,latency_s,5.810349
1756866914.090,latency_s,5.979930
1756866914.094,latency_s,5.882790
1756866914.098,latency_s,5.785537
1756866914.098,latency_s,6.317879
1756866914.098,latency_s,6.217628
1756866914.098,latency_s,6.117285
1756866914.107,latency_s,6.025784
1756866914.111,latency_s,5.928952
1756866914.112,latency_s,5.829862
1756866914.116,latency_s,6.379108
1756866914.120,latency_s,6.282722
1756866914.122,latency_s,6.183014
1756866914.126,latency_s,6.086074
1756866914.128,latency_s,5.988553
1756866914.132,latency_s,5.891681
1756866914.719,latency_s,6.940708
1756866914.719,latency_s,6.839674
1756866914.719,latency_s,6.738794
1756866914.719,latency_s,6.637876
1756866914.719,latency_s,6.537705
1756866914.719,latency_s,6.436868
1756866914.719,latency_s,6.878243
1756866914.719,latency_s,6.777940
1756866914.719,latency_s,6.677753
1756866914.719,latency_s,6.577523
1756866914.719,latency_s,6.477333
1756866914.719,latency_s,6.377206
1756866914.719,latency_s,6.950051
1756866914.719,latency_s,6.849585
1756866914.751,latency_s,5.965240
1756866914.754,latency_s,5.866821
1756866914.756,latency_s,6.314126
1756866914.756,latency_s,6.213839
1756866914.756,latency_s,6.113388
1756866914.757,latency_s,6.012705
1756866914.757,latency_s,5.912320
1756866914.757,latency_s,6.383843
1756866914.757,latency_s,6.283156
1756866915.460,latency_s,6.276555
1756866915.462,latency_s,6.177473
1756866915.467,latency_s,6.081833
1756866915.468,latency_s,5.980682
1756866915.471,latency_s,6.324356
1756866915.476,latency_s,6.228039
1756866915.478,latency_s,6.129686
1756866915.482,latency_s,6.033201
1756866915.485,latency_s,5.935973
1756866915.487,latency_s,5.837358
1756866915.492,latency_s,5.741432
1756866915.492,latency_s,6.231515
1756866915.492,latency_s,6.130030
1756866915.492,latency_s,6.029858
1756866915.492,latency_s,5.928498
1756866915.492,latency_s,5.825402
1756866915.493,latency_s,5.724803
1756866915.493,latency_s,6.233161
1756866915.493,latency_s,6.132652
1756866915.493,latency_s,6.031858
1756866915.493,latency_s,5.928822
1756866915.493,latency_s,5.825425
1756866915.493,latency_s,5.724673
1756866916.169,latency_s,6.112733
1756866916.173,latency_s,6.014774
1756866916.177,latency_s,5.917992
1756866916.177,latency_s,5.817842
1756866916.177,latency_s,5.717047
1756866916.177,latency_s,6.240101
1756866916.177,latency_s,6.139860
1756866916.177,latency_s,6.038462
1756866916.177,latency_s,5.937934
1756866916.192,latency_s,5.851864
1756866916.195,latency_s,5.754292
1756866916.198,latency_s,5.656144
1756866916.201,latency_s,6.266541
1756866916.206,latency_s,6.170028
1756866916.208,latency_s,6.072155
1756866916.210,latency_s,5.971914
1756866916.215,latency_s,5.875093
1756866916.218,latency_s,5.777020
1756866916.220,latency_s,5.679167
1756866916.863,latency_s,6.909300
1756866916.863,latency_s,6.808036
1756866916.863,latency_s,6.706529
1756866916.863,latency_s,6.606116
1756866916.863,latency_s,6.504444
1756866916.863,latency_s,6.403762
1756866916.863,latency_s,6.302838
1756866916.863,latency_s,6.869623
1756866916.863,latency_s,6.768634
1756866916.863,latency_s,6.667871
1756866916.864,latency_s,6.567220
1756866916.887,latency_s,6.225806
1756866916.890,latency_s,6.127502
1756866916.895,latency_s,6.031958
1756866916.897,latency_s,5.932838
1756866916.899,latency_s,5.824543
1756866916.903,latency_s,5.727398
1756866916.903,latency_s,6.259902
1756866916.903,latency_s,6.157880
1756866916.903,latency_s,6.057522
1756866916.903,latency_s,5.957268
1756866916.903,latency_s,5.832456
1756866917.529,latency_s,5.739241
1756866917.532,latency_s,6.255913
1756866917.535,latency_s,6.158206
1756866917.539,latency_s,6.061271
1756866917.543,latency_s,5.964290
1756866917.544,latency_s,5.864000
1756866917.548,latency_s,5.766044
1756866917.551,latency_s,5.668010
1756866918.222,latency_s,6.849079
1756866918.222,latency_s,6.748324
1756866918.222,latency_s,6.646728
1756866918.222,latency_s,6.543941
1756866918.223,latency_s,6.441638
1756866918.223,latency_s,6.341299
1756866918.223,latency_s,6.845965
1756866918.223,latency_s,6.745737
1756866918.223,latency_s,6.644414
1756866918.223,latency_s,6.542997
1756866918.223,latency_s,6.440919
1756866918.223,latency_s,6.340603
1756866918.223,latency_s,6.846616
1756866918.223,latency_s,6.138122
1756866918.223,latency_s,6.239756
1756866918.223,latency_s,6.138365
1756866918.223,latency_s,6.037121
1756866918.223,latency_s,6.139379
1756866918.223,latency_s,6.210240
1756866918.223,latency_s,6.037583
1756866918.223,latency_s,6.109427
1756866918.223,latency_s,6.038011
1756866918.223,latency_s,6.009076
1756866918.223,latency_s,5.936632
1756866918.716,latency_s,6.500538
1756866918.717,latency_s,6.402186
1756866918.720,latency_s,6.303265
1756866918.723,latency_s,6.204439
1756866918.723,latency_s,6.739569
1756866918.724,latency_s,6.638888
1756866918.724,latency_s,6.537854
1756866918.724,latency_s,6.437169
1756866919.243,latency_s,6.855183
1756866919.246,latency_s,6.758240
1756866919.249,latency_s,7.164763
1756866919.253,latency_s,7.067549
1756866919.256,latency_s,6.969644
1756866919.258,latency_s,6.870675
1756866919.264,latency_s,6.775572
1756866919.265,latency_s,7.170004
1756866919.269,latency_s,7.073457
1756866919.271,latency_s,6.973080
1756866919.276,latency_s,6.877238
1756866919.278,latency_s,6.777536
1756866919.281,latency_s,7.094858
1756866919.284,latency_s,6.997338
1756866919.284,latency_s,6.897210
1756866919.284,latency_s,6.796614
1756866919.285,latency_s,6.695865
1756866919.285,latency_s,7.171016
1756866919.285,latency_s,7.069817
1756866919.285,latency_s,6.969757
1756866919.285,latency_s,6.867913
1756866919.286,latency_s,6.767461
1756866919.286,latency_s,6.665365
1756866919.286,latency_s,7.100430
1756866919.733,latency_s,7.446390
1756866919.737,latency_s,7.349641
1756866919.739,latency_s,7.250693
1756866919.743,latency_s,7.154678
1756866919.746,latency_s,7.530639
1756866919.751,latency_s,7.435071
1756866919.751,latency_s,7.333989
1756866919.751,latency_s,7.232632
1756866919.758,latency_s,7.137752
1756866919.762,latency_s,7.576028
1756866919.764,latency_s,7.477970
1756866919.768,latency_s,7.381448
1756866919.772,latency_s,7.284437
1756866919.774,latency_s,7.185874
1756866919.777,latency_s,7.561032
1756866919.781,latency_s,7.464319
1756866919.783,latency_s,7.365886
1756866919.787,latency_s,7.268574
1756866920.304,latency_s,7.684136
1756866920.304,latency_s,7.916838
1756866920.304,latency_s,7.816548
1756866920.305,latency_s,7.715881
1756866920.305,latency_s,7.614895
1756866920.305,latency_s,7.514641
1756866920.305,latency_s,7.904909
1756866920.305,latency_s,7.804156
1756866920.305,latency_s,7.703904
1756866920.305,latency_s,7.603769
1756866920.305,latency_s,7.503669
1756866920.305,latency_s,7.402929
1756866920.305,latency_s,7.908160
1756866920.305,latency_s,7.806426
1756866920.305,latency_s,7.705352
1756866920.305,latency_s,7.604391
1756866920.305,latency_s,7.503505
1756866920.305,latency_s,7.402741
1756866920.305,latency_s,7.817150
1756866920.305,latency_s,7.715976
1756866920.305,latency_s,7.615208
1756866920.305,latency_s,7.514958
1756866920.762,latency_s,7.871337
1756866920.765,latency_s,7.772778
1756866920.768,latency_s,8.179625
1756866920.772,latency_s,8.081556
1756866920.772,latency_s,8.183275
1756866920.772,latency_s,7.981122
1756866920.772,latency_s,7.880955
1756866920.772,latency_s,7.780248
1756866920.772,latency_s,8.082255
1756866920.772,latency_s,7.981887
1756866921.283,latency_s,8.191099
1756866921.286,latency_s,8.393909
1756866921.289,latency_s,8.296980
1756866921.292,latency_s,8.199102
1756866921.295,latency_s,8.706478
1756866921.298,latency_s,8.608598
1756866921.302,latency_s,8.510452
1756866921.305,latency_s,8.413167
1756866921.308,latency_s,8.316204
1756866921.312,latency_s,8.219385
1756866921.316,latency_s,8.799339
1756866921.317,latency_s,8.700180
1756866921.320,latency_s,8.602342
1756866921.321,latency_s,8.502142
1756866921.321,latency_s,8.401480
1756866921.321,latency_s,8.300620
1756866921.321,latency_s,8.802064
1756866921.321,latency_s,8.699982
1756866921.321,latency_s,8.598409
1756866921.321,latency_s,8.497495
1756866921.321,latency_s,8.396014
1756866921.321,latency_s,8.295935
1756866922.180,latency_s,9.559477
1756866922.183,latency_s,9.461608
1756866922.187,latency_s,9.363488
1756866922.189,latency_s,9.264590
1756866922.193,latency_s,9.167805
1756866922.193,latency_s,9.572160
1756866922.193,latency_s,9.471220
1756866922.193,latency_s,9.370018
1756866922.193,latency_s,9.268363
1756866922.193,latency_s,9.167835
1756866922.207,latency_s,9.617833
1756866922.209,latency_s,9.519001
1756866922.213,latency_s,9.422676
1756866922.216,latency_s,9.323934
1756866922.220,latency_s,9.228374
1756866922.222,latency_s,9.129497
1756866922.226,latency_s,9.637071
1756866922.228,latency_s,9.538103
1756866922.231,latency_s,9.440937
1756866922.235,latency_s,9.344806
1756866922.238,latency_s,9.246000
1756866922.241,latency_s,9.148472
1756866923.344,latency_s,10.150648
1756866923.344,latency_s,10.743429
1756866923.344,latency_s,10.643093
1756866923.344,latency_s,10.542681
1756866923.344,latency_s,10.442481
1756866923.344,latency_s,10.342054
1756866923.344,latency_s,10.241693
1756866923.345,latency_s,10.654875
1756866923.474,latency_s,10.683816
1756866923.474,latency_s,10.582672
1756866923.484,latency_s,10.491600
1756866923.488,latency_s,10.395202
1756866923.490,latency_s,10.297187
1756866923.494,latency_s,10.771554
1756866923.496,latency_s,10.673179
1756866923.499,latency_s,10.574752
1756866923.502,latency_s,10.477076
1756866923.506,latency_s,10.380305
1756866923.509,latency_s,10.282381
1756866924.675,latency_s,11.985035
1756866924.675,latency_s,11.885120
1756866924.675,latency_s,11.784531
1756866924.675,latency_s,11.683662
1756866924.675,latency_s,11.582632
1756866924.675,latency_s,11.481668
1756866924.675,latency_s,11.953940
1756866924.676,latency_s,11.852094
1756866924.676,latency_s,11.750951
1756866924.676,latency_s,11.650577
1756866924.676,latency_s,11.550217
1756866924.676,latency_s,11.449760
1756866924.676,latency_s,11.986293
1756866924.676,latency_s,11.886049
1756866924.676,latency_s,11.954546
1756866924.676,latency_s,11.785800
1756866924.676,latency_s,11.853467
1756866924.677,latency_s,11.685682
1756866924.677,latency_s,11.752490
1756866924.677,latency_s,11.585439
1756866924.677,latency_s,11.652361
1756866924.678,latency_s,11.484841
1756866924.678,latency_s,11.551668
1756866926.102,latency_s,12.876120
1756866926.105,latency_s,13.213118
1756866926.109,latency_s,13.116859
1756866926.112,latency_s,13.019790
1756866926.113,latency_s,12.919595
1756866926.113,latency_s,12.818823
1756866926.113,latency_s,12.718137
1756866926.113,latency_s,12.615996
1756866926.113,latency_s,13.110077
1756866927.226,latency_s,14.123345
1756866927.228,latency_s,14.024954
1756866927.232,latency_s,13.927888
1756866927.235,latency_s,13.830421
1756866927.238,latency_s,13.732734
1756866927.241,latency_s,14.238376
1756866927.245,latency_s,14.141471
1756866928.352,latency_s,15.148774
1756866928.352,latency_s,15.048801
1756866928.353,latency_s,14.948500
1756866928.353,latency_s,14.848047
1756866928.353,latency_s,15.259805
1756866928.353,latency_s,15.158774
1756866928.353,latency_s,15.058166
1756866928.353,latency_s,14.957851
1756866928.353,latency_s,14.856021
1756866928.353,latency_s,14.755000
1756866928.353,latency_s,15.160393
1756866928.353,latency_s,15.059291
1756866928.353,latency_s,14.958947
1756866928.353,latency_s,14.856347
1756866928.353,latency_s,14.755887
1756866928.353,latency_s,15.159913
1756866928.353,latency_s,15.059690
1756866928.353,latency_s,14.959354
1756866928.353,latency_s,14.858525
1756866928.353,latency_s,14.756117
1756866928.353,latency_s,14.654746
1756866928.353,latency_s,15.160603
1756866928.354,latency_s,15.059695
1756866928.354,latency_s,14.958928
1756866928.354,latency_s,14.857108
1756866929.840,latency_s,16.242815
1756866929.843,latency_s,16.144929
1756866929.847,latency_s,16.725394
1756866929.847,latency_s,16.625144
1756866929.847,latency_s,16.524750
1756866929.847,latency_s,16.423100
1756866929.847,latency_s,16.322951
1756866931.399,latency_s,17.774328
1756866931.404,latency_s,17.678396
1756866931.407,latency_s,18.281663
1756866931.410,latency_s,18.183747
1756866931.412,latency_s,18.085403
